tree
version=v4
num_class=1
num_tree_per_iteration=1
label_index=0
max_feature_idx=69
objective=binary sigmoid:1
feature_names=horse_win_rate horse_top3_rate horse_avg_finish horse_total_races horse_last_finish horse_last3_avg_finish horse_days_since_last horse_last3f_avg jockey_win_rate jockey_top3_rate jockey_races trainer_win_rate trainer_top3_rate trainer_races sire_win_rate sire_races horse_avg_c4_pos horse_avg_c4_gap horse_running_style venue_pace_avg bracket_bias distance_category_encoded track_condition_encoded track_surface_encoded bracket_number horse_weight age sex_encoded distance_m basis_weight field_size race_class prev_race_class class_change is_class_up is_class_down weight_trend horse_last3f_rank_avg horse_c4_leader_rate is_chitose_bred rest_days_optimal heavy_track_fit prev_finish_category distance_change distance_extend_flag surface_switch_flag basis_weight_light_flag horse_position_improvement_avg horse_front_runner_rate venue_expected_pace pace_style_match_score race_front_runner_count horse_c4_gap_avg post_style_conflict front_runner_competition course_corner_count course_start_to_corner_m course_final_straight_m course_slope_percent course_is_outer course_turn_direction straight_ratio is_long_straight style_straight_match front_slope_disadvantage closer_long_straight_advantage horse_pace_preference horse_avg_pace_lf pace_fit_score venue_surface_pace_trend
feature_infos=[0:1] [0:1] [0:18] [0:82] [0:18] [0:18] [0:365] [0:50] [0:0.66666666666666663] [0:1] [0:8965] [0:0.66666666666666663] [0:1] [0:5082] [0:1] [0:17669] [0:18] [0:30] [0:3] [33.32168843283582:35.945529231944974] [-2.1842105263157894:4.4824561403508767] [0:3] [0:3] [0:1] [1:8] [336:640] [2:12] [0:2] [0:3400] [48:64] [8:36] [0:7] [0:7] [-5:6] [0:1] [0:1] [-1:1] [0:18] [0:1] [0:1] none [0:1] [0:3] [-1800:2200] [0:1] [0:1] [0:1] [-5.5999999999999996:8.5] [0:1] [-2.1156097560975611:8.3052083333333329] [-4.1526041666666664:4.1526041666666664] [0:14] [0:22.142857142857142] [0:0.92806952662721898] [0:14] [0:6] [0:1000] [0:1000] [0:2.0299999999999998] [0:1] [0:1] [0:1] [0:1] [0:1] [0:2.0299999999999998] [0:1] [-11.500000000000004:5.6999999999999957] [-8.3999999999999968:3.1599999999999993] [-12.524614065180103:0] [-7.2145218417945687:1.3246140651801028]
tree_sizes=996 1018 1019 1029 1026 1019 1025 1029 1023 1025 1020 1034 1036 1025 1031 1019 1038 1026 1030 1007 1032 1025 1002 1021 1028 1009 1029 1035 1033 1026 1038 1040 1009 1034 1041 1031 1033 1031 1036 1025 1041 1019 1029 1041 1030 1029 1034 1019 1036 1043 1045 1040 1044 1028 1037 1038 1026 1037 1032 1044 1037 1042 1033 1033 1027 1038 1037 1040 1031 1026 1047 1033 1039 1043 1032 1046 1037 1035 1040 1041 1030 1037 1030 1039 1042 1031 1030 1035 1036 1052 1037 1041 1020 1037 1039 1038 1036 1034 1034 1029 1010 1031 1037 1020 1037 1011 1040 1026 1041 1038 1011 1036 1032 1034 1006 1023 1034 1050 1025 1037 1044 1043 1055 1032 1037 1034 1040 1057 1033 1042 1029 1040 1005 1042 1041 1035 1033 1047 1033 1037 1041 1040 1041 1003 1022 1050 1030 1031 1012 1025 1048 1037 1038 1010 1034 1031 1052 1032 1048 1045 1009 1039 1031 1030 1031 1039 1017 1046 1029 1009 1007 1034 1005 1036 1033 1028 1031 1048 1036 1045 1039 1027 1038 1049 1039 1021 1030 1031 1031 1041 1050 1036 1025 1019 1029 1034 1025 1044 1040 1037

Tree=0
num_leaves=8
num_cat=0
split_feature=5 8 42 42 9 17 43
split_gain=7189.68 3422.76 1336.09 648.635 569.311 455.365 154.505
threshold=6.5833333333333348 0.13098584089391571 1.0000000180025095e-35 1.0000000180025095e-35 0.4478256396064616 5.486476608187135 1.0000000180025095e-35
decision_type=2 2 2 2 2 2 2
left_child=1 2 -1 6 -3 -5 -2
right_child=3 4 -4 5 -6 -7 -8
leaf_value=-2.4961581508418034 -2.5053159872684665 -2.5222534871695932 -2.558808708588681 -2.5789713124850309 -2.4833346297473464 -2.5915631894860711 -2.5721869304895781
leaf_weight=312.39548921585083 109.43115949630737 1183.4728181362152 9296.6804355382919 5426.2487053871155 501.71404480934143 5044.8294460773468 38.353899121284485
leaf_count=4716 1652 17866 140345 81916 7574 76158 579
internal_value=-2.56644 -2.54979 -2.55673 -2.58416 -2.5104 -2.58506 -2.52288
internal_weight=21913.1 11294.3 9609.08 10618.9 1685.19 10471.1 147.785
internal_count=330806 170501 145061 160305 25440 158074 2231
is_linear=0
shrinkage=1


Tree=1
num_leaves=8
num_cat=0
split_feature=9 1 9 48 2 0 2
split_gain=5537.09 1993.85 1489.17 1125.53 812.369 421.25 248.381
threshold=0.25206645062154281 0.39791666666666675 0.43753940240160089 0.028991596638655467 5.0086206896551735 0.028778467908902695 4.430501930501932
decision_type=2 2 2 2 2 2 2
left_child=1 3 4 -1 -2 -3 -4
right_child=2 5 6 -5 -6 -7 -8
leaf_value=-0.022908626472073614 0.029501109259658383 0.040929526921931365 0.078837709074217832 -0.0055992471712367192 0.0035916182980929314 0.0092462611893778072 0.037471209700780224
leaf_weight=6138.6718057915568 3011.3978826701641 450.99515314400196 492.05908899009228 7567.9913533255458 1720.2598201707006 2323.2855405062437 211.06945110112429
leaf_count=93501 44808 6769 6976 114755 25971 34969 3057
internal_value=-1.71477e-06 -0.00866584 0.0262394 -0.0133635 0.0201141 0.0144935 0.0668994
internal_weight=21915.7 16480.9 5434.79 13706.7 4731.66 2774.28 703.129
internal_count=330806 249994 80812 208256 70779 41738 10033
is_linear=0
shrinkage=0.03


Tree=2
num_leaves=8
num_cat=0
split_feature=5 9 53 4 9 17 8
split_gain=6592.67 2691.64 1198.94 665.666 565.872 353.776 93.9742
threshold=6.5833333333333348 0.29386411543240715 1.0000000180025095e-35 4.5000000000000009 0.4478256396064616 5.4555335968379453 0.13682556320965159
decision_type=2 2 2 2 2 2 2
left_child=1 2 -1 6 -3 -5 -2
right_child=3 4 -4 5 -6 -7 -8
leaf_value=-0.017271772479580373 0.0042961888970676782 0.034442755532584454 0.012489586874597638 -0.013891266741744084 0.068402394923038942 -0.025561953398978286 0.039445143034273114
leaf_weight=1452.0200583636761 814.23141343891621 2116.8814895376563 7383.7662021368742 4823.6133892163634 575.33423839509487 4679.6905970573425 71.241059556603432
leaf_count=22048 12483 30474 110342 73734 7637 73019 1069
internal_value=-5.99729e-06 0.0156063 0.0075816 -0.0173381 0.0418467 -0.0196581 0.00743079
internal_weight=21916.8 11528 8835.79 10388.8 2692.22 9503.3 885.472
internal_count=330806 170501 132390 160305 38111 146753 13552
is_linear=0
shrinkage=0.03


Tree=3
num_leaves=8
num_cat=0
split_feature=5 8 48 66 66 3 45
split_gain=6115.07 2098.93 1263.91 843.697 655.685 400.783 302.343
threshold=5.8333333333333348 0.12463907068517517 0.02409988385598142 -1.0000000180025095e-35 1.0000000180025095e-35 7.5000000000000009 1.0000000180025095e-35
decision_type=2 2 2 2 2 2 2
left_child=1 2 -1 5 -5 -2 -3
right_child=3 6 -4 4 -6 -7 -8
leaf_value=-0.0058838597256756523 0.0026571173801980385 0.05182596298310075 0.018948491827849859 -0.029878991337536704 -0.0079034421425426826 -0.01306446072356153 0.020585687646692143
leaf_weight=2780.4263635501266 2380.572406347841 1497.2800060361624 5437.8569309040904 3918.5896810740232 1799.4063327684999 3726.7852984033525 366.66387294232845
leaf_count=41968 36625 20107 79895 62012 27587 57511 4941
internal_value=-7.14659e-05 0.0170853 0.0105377 -0.0147078 -0.0229921 -0.0069245 0.0458002
internal_weight=21907.6 10082.2 8218.28 11825.4 5718 6107.36 1863.94
internal_count=330646 146911 121863 183735 89599 94136 25048
is_linear=0
shrinkage=0.03


Tree=4
num_leaves=8
num_cat=0
split_feature=9 66 66 42 2 9 44
split_gain=4355.75 1444 1627.71 1190.11 1153.96 904.815 264.619
threshold=0.25206645062154281 -1.0000000180025095e-35 1.0000000180025095e-35 1.0000000180025095e-35 5.6696969696969708 0.40227195641805674 1.0000000180025095e-35
decision_type=2 2 2 2 2 2 2
left_child=1 4 -3 6 -1 -5 -2
right_child=3 2 -4 5 -6 -7 -8
leaf_value=0.011894516469467637 0.10585345995456097 -0.027607552980575829 0.0021877274417749152 0.012369006743966538 -0.0099294654316767431 0.040429332838831669 0.025172801713725951
leaf_weight=4074.1976796612144 178.30833157896996 4976.0494728274643 2458.5680801570415 4094.4815044179559 4679.4821685701609 1390.5136277154088 54.360534407198429
leaf_count=60508 2382 79809 37189 59484 72370 18175 729
internal_value=-7.50766e-05 -0.00802982 -0.0177475 0.0224186 0.000218718 0.0195294 0.0883081
internal_weight=21906 16188.3 7434.62 5717.66 8753.68 5485 232.669
internal_count=330646 249876 116998 80770 132878 77659 3111
is_linear=0
shrinkage=0.03


Tree=5
num_leaves=8
num_cat=0
split_feature=9 1 42 8 66 1 52
split_gain=4063.51 1461.95 1239.28 1069.88 863.164 335.033 325.122
threshold=0.23275536972400321 0.3304597701149426 1.0000000180025095e-35 0.13391166664874868 -1.0000000180025095e-35 0.6198686371100165 1.6440092165898619
decision_type=2 2 2 2 2 2 2
left_child=1 4 6 -4 -1 -3 -2
right_child=2 5 3 -5 -6 -7 -8
leaf_value=-0.0058692423574963522 0.13289646010105147 0.0031529617757645009 0.0075541595249119988 0.03272507216578989 -0.02284929947991984 0.02823484960249659 0.05681096166886624
leaf_weight=5127.5650624148548 71.998367760330439 3067.8238369300961 4905.304682996124 2209.1201190203428 5725.094692286104 566.29974419251084 229.41474089771509
leaf_count=78978 910 45810 72400 28707 92756 8155 2930
internal_value=-7.68343e-05 -0.00932555 0.0179724 0.0154002 -0.0148414 0.00711959 0.0771512
internal_weight=21902.6 14486.8 7415.84 7114.42 10852.7 3634.12 301.413
internal_count=330646 225699 104947 101107 171734 53965 3840
is_linear=0
shrinkage=0.03


Tree=6
num_leaves=8
num_cat=0
split_feature=4 9 48 5 42 66 8
split_gain=5786.8 1784.19 1190.07 935.669 438.865 313.266 193.413
threshold=5.5000000000000009 0.28670614864707084 0.02409988385598142 7.166666666666667 1.0000000180025095e-35 -1.0000000180025095e-35 0.13682556320965159
decision_type=2 2 2 2 2 2 2
left_child=1 2 -1 6 -3 -5 -2
right_child=3 4 -4 5 -6 -7 -8
leaf_value=-0.0079243401728167299 -0.0047432257048422412 0.086466849987246588 0.01703322426992563 -0.014135964555254059 0.033627479087529798 -0.026399259666623372 0.017424012797141872
leaf_weight=2579.7510491535068 3369.4575095884502 149.74081615358591 5115.0650669746101 3585.1996501795948 2651.549308784306 4093.280650280416 389.76763302087784
leaf_count=40333 50525 1704 74793 56465 34334 68044 4965
internal_value=5.84302e-05 0.0161442 0.00865459 -0.0146958 0.0366331 -0.020698 -0.00240086
internal_weight=21933.8 10496.1 7694.82 11437.7 2801.29 7678.48 3759.23
internal_count=331163 151164 115126 179999 36038 124509 55490
is_linear=0
shrinkage=0.03


Tree=7
num_leaves=8
num_cat=0
split_feature=4 17 42 5 6 42 9
split_gain=5439.65 1634.49 1175.55 910.384 450.529 287.439 181.058
threshold=5.5000000000000009 6.4944444444444454 1.0000000180025095e-35 7.166666666666667 5.5000000000000009 1.0000000180025095e-35 0.21827470482097081
decision_type=2 2 2 2 2 2 2
left_child=1 2 -1 6 -3 -5 -2
right_child=3 4 -4 5 -6 -7 -8
leaf_value=0.070516992980863807 -0.0084813857467577278 -0.024434536388822335 0.018392940595794181 0.029773100092065956 0.0050233015071899272 -0.021124500379066675 0.0046995100791437892
leaf_weight=405.77813232317567 2007.7603979632258 953.08472615852952 8378.4312050417066 95.586477413773537 901.37813783809543 7446.1285870634019 1743.4583849869668
leaf_count=5015 30744 14863 117954 1414 13332 123095 24746
internal_value=5.17285e-05 0.0154454 0.0208497 -0.0144425 -0.0100929 -0.0204482 -0.00233322
internal_weight=21931.6 10638.7 8784.21 11292.9 1854.46 7541.72 3751.22
internal_count=331163 151164 122969 179999 28195 124509 55490
is_linear=0
shrinkage=0.03


Tree=8
num_leaves=8
num_cat=0
split_feature=4 9 17 5 42 66 9
split_gain=5114.67 1571.52 899.759 885.284 464.651 317.043 174.606
threshold=5.5000000000000009 0.25206645062154281 6.4944444444444454 7.166666666666667 1.0000000180025095e-35 -1.0000000180025095e-35 0.3476739232622364
decision_type=2 2 2 2 2 2 2
left_child=1 2 -1 6 -3 -5 -2
right_child=3 4 -4 5 -6 -7 -8
leaf_value=0.011515404001888342 -0.0047076786609880497 0.071539124609694624 -0.015494774841197458 -0.013517449400441644 0.027063745299188958 -0.026066884458907313 0.014977048525862086
leaf_weight=5376.666033308953 3287.3437089733779 224.42333214730024 1391.4546996615827 3480.0521665923297 3784.9736457392573 3928.2789806202054 456.23278965055943
leaf_count=78000 49700 2327 22180 56465 48657 68044 5790
internal_value=4.55539e-05 0.0147839 0.00594177 -0.0141902 0.0296616 -0.020197 -0.0022679
internal_weight=21929.4 10777.5 6768.12 11151.9 4009.4 7408.33 3743.58
internal_count=331163 151164 100180 179999 50984 124509 55490
is_linear=0
shrinkage=0.03


Tree=9
num_leaves=8
num_cat=0
split_feature=4 4 5 5 66 66 1
split_gain=4866.6 1699.16 1169.96 1154.34 1075.97 397.582 261.842
threshold=4.5000000000000009 1.5000000000000002 6.8333333333333348 3.8333333333333335 1.0000000180025095e-35 -1.0000000180025095e-35 0.49390243902439029
decision_type=2 2 2 2 2 2 2
left_child=1 4 6 -3 -1 -4 -2
right_child=2 3 5 -5 -6 -7 -8
leaf_value=-0.0047446044968865514 -0.0034395350750831832 0.044862533074318145 -0.011992110913070467 0.015720759033639713 0.034061256376719834 -0.025236988580827641 0.014472734105253168
leaf_weight=3472.9075365401804 3378.2612370252609 2144.407462682575 4018.9837206527591 2892.297349575907 783.52289633080363 4254.2021194659173 932.75041572749615
leaf_count=49834 49389 27877 65429 40319 10204 74724 12719
internal_value=-6.34377e-05 0.0163928 -0.0122248 0.0281781 0.00240923 -0.0188248 0.00042747
internal_weight=21877.3 9293.14 12584.2 5036.7 4256.43 8273.19 4311.01
internal_count=330495 128234 202261 68196 60038 140153 62108
is_linear=0
shrinkage=0.03


Tree=10
num_leaves=8
num_cat=0
split_feature=5 17 8 4 48 5 8
split_gain=4578.05 1352.89 1030.37 822.346 508.972 190.879 139.275
threshold=5.5833333333333348 7.445195195195196 0.13098584089391571 4.5000000000000009 0.029857397504456332 1.1666666666666667 0.06646137750764107
decision_type=2 2 2 2 2 2 2
left_child=1 2 -1 6 -5 -3 -2
right_child=3 5 -4 4 -6 -7 -8
leaf_value=0.013003220016063771 -0.0013084274375289207 -0.026882913116381652 0.037715501146896396 -0.024380532264313321 -0.010548488396271176 0.002348889369260605 0.0162587636241051
leaf_weight=7277.8283392526209 843.08980674296618 710.09926039353013 1926.3857316970825 4002.9933155477047 6077.8246853388846 271.02064487710595 762.43884783610702
leaf_count=101336 12414 11543 21625 70638 98622 3898 10419
internal_value=-6.65495e-05 0.0146274 0.0182028 -0.0128816 -0.0160593 -0.0187458 0.00700263
internal_weight=21871.7 10185.3 9204.21 11686.3 10080.8 981.12 1605.53
internal_count=330495 138402 122961 192093 169260 15441 22833
is_linear=0
shrinkage=0.03


Tree=11
num_leaves=8
num_cat=0
split_feature=5 8 48 42 66 45 43
split_gain=4330.29 1362.92 941.064 578.106 563.093 227.32 158.858
threshold=6.5833333333333348 0.12463907068517517 0.02409988385598142 1.0000000180025095e-35 -1.0000000180025095e-35 1.0000000180025095e-35 1.0000000180025095e-35
decision_type=2 2 2 2 2 2 2
left_child=1 2 -1 6 -5 -3 -2
right_child=3 5 -4 4 -6 -7 -8
leaf_value=-0.0070262796231167022 0.058786288945136961 0.035950614966392451 0.012756212277337239 -0.009257262736512074 -0.024156502489927938 0.012309513732788453 -0.0088934008308216485
leaf_weight=3141.8325781337917 113.72494429722428 1987.1293800771236 6900.6215186715126 4765.0631265342236 4445.5517908893526 472.25261056423187 37.779356770217419
leaf_count=48046 1611 22024 94839 77859 80116 5423 577
internal_value=-6.88865e-05 0.0114787 0.00655779 -0.0154966 -0.0164674 0.0314817 0.0415896
internal_weight=21864 12501.8 10042.5 9362.12 9210.61 2459.38 151.504
internal_count=330495 170332 142885 160163 157975 27447 2188
is_linear=0
shrinkage=0.03


Tree=12
num_leaves=8
num_cat=0
split_feature=5 9 17 66 42 66 32
split_gain=4050.49 1284.15 593.555 528.634 513.633 422.699 257.837
threshold=6.8333333333333348 0.23485978240996713 5.9183333333333339 -1.0000000180025095e-35 1.0000000180025095e-35 1.0000000180025095e-35 2.5000000000000004
decision_type=2 2 2 2 2 2 2
left_child=1 2 -1 6 -3 -5 -2
right_child=3 4 -4 5 -6 -7 -8
leaf_value=0.0070106934274163524 0.0025718357011053849 0.057479039028207099 -0.012571029678309007 -0.029647978095094119 0.018542610546170304 -0.008606119480645831 -0.013318723349095346
leaf_weight=5311.5506234839559 1284.4651417993009 321.59557539224625 1881.3281759619713 3002.2829861305654 5656.9645439758897 1229.1822816170752 3137.3726956434548
leaf_count=75388 20923 3185 29810 57129 70685 20957 51991
internal_value=-4.15881e-05 0.0104284 0.00187133 -0.0159855 0.0206984 -0.0235742 -0.00868478
internal_weight=21824.7 13171.4 7192.88 8653.3 5978.56 4231.47 4421.84
internal_count=330068 179068 105198 151000 73870 78086 72914
is_linear=0
shrinkage=0.03


Tree=13
num_leaves=8
num_cat=0
split_feature=8 1 48 42 53 2 44
split_gain=2861.4 1255.72 820.619 656.866 614.942 203.264 182.326
threshold=0.081327523192002621 0.39791666666666675 0.02409988385598142 1.0000000180025095e-35 1.0000000180025095e-35 3.883484162895928 1.0000000180025095e-35
decision_type=2 2 2 2 2 2 2
left_child=1 2 -1 6 -5 -3 -2
right_child=3 5 -4 4 -6 -7 -8
leaf_value=-0.021068542654173735 0.067376196270102801 0.023828298941409858 -0.0051277696722088033 -0.013007687343475252 0.016674960146447582 0.0055492843680241058 0.012793911175116352
leaf_weight=4974.4749364629388 269.23495337739587 760.68597232922912 7040.4147554039955 694.55232276394963 5988.341539580375 2010.8866742625833 77.700408674776554
leaf_count=89247 2568 9996 110871 9857 77724 29013 792
internal_value=-4.40706e-05 -0.0075392 -0.0117412 0.0157025 0.0135692 0.0106324 0.055763
internal_weight=21816.3 14786.5 12014.9 7029.83 6682.89 2771.57 346.935
internal_count=330068 239127 200118 90941 87581 39009 3360
is_linear=0
shrinkage=0.03


Tree=14
num_leaves=8
num_cat=0
split_feature=8 17 2 2 66 53 8
split_gain=2675.09 1214.92 723.553 633.317 531.168 493.531 93.3413
threshold=0.081327523192002621 5.5917508417508426 5.8768939393939403 5.0086206896551735 -1.0000000180025095e-35 1.0000000180025095e-35 0.14581900504355802
decision_type=2 2 2 2 2 2 2
left_child=1 2 -1 5 -3 -2 -5
right_child=3 4 -4 6 -6 -7 -8
leaf_value=0.0063589150872898044 -0.0021862045475133274 -0.007516938564507393 -0.010782643017051771 -0.0012551794542148081 -0.026414755540011887 0.025146312694229105 0.012856620259280024
leaf_weight=5410.8928084596992 686.67936289682984 2338.6331409700215 3745.1304215081036 1761.6861507147551 3193.996091235429 4125.365501023829 546.10872889682651
leaf_count=79038 9355 37938 61775 25949 60376 48896 6741
internal_value=-4.51814e-05 -0.00736405 -0.00064481 0.015036 -0.0184569 0.0212291 0.00206585
internal_weight=21808.5 14688.7 9156.02 7119.84 5532.63 4812.04 2307.79
internal_count=330068 239127 140813 90941 98314 58251 32690
is_linear=0
shrinkage=0.03


Tree=15
num_leaves=8
num_cat=0
split_feature=4 4 4 66 17 42 66
split_gain=3874.69 1429.8 931.571 773.46 715.811 416.904 213.271
threshold=4.5000000000000009 1.5000000000000002 2.5000000000000004 1.0000000180025095e-35 5.9183333333333339 1.0000000180025095e-35 -0.04722222222222032
decision_type=2 2 2 2 2 2 2
left_child=1 3 -3 -1 5 -2 -6
right_child=4 2 -4 -5 6 -7 -8
leaf_value=-0.0048939622298148936 0.032819348235715168 0.041659330898223955 0.015289170575347292 0.026863304631801491 -0.013217310832756009 -0.0073737371547266161 -0.027510427858490238
leaf_weight=3514.2603186815977 233.71939517557621 1854.6524202860892 3510.7860563732684 853.28201702609658 1636.5397876575589 7863.4503251053393 2367.1562878862023
leaf_count=49844 2995 22783 45457 10186 27189 125485 46661
internal_value=0 0.0140839 0.0244515 0.00131346 -0.0113359 -0.00618294 -0.0217142
internal_weight=21833.8 9732.98 5365.44 4367.54 12100.9 8097.17 4003.7
internal_count=330600 128270 68240 60030 202330 128480 73850
is_linear=0
shrinkage=0.03


Tree=16
num_leaves=8
num_cat=0
split_feature=5 9 17 66 66 3 45
split_gain=3649.38 1022.31 769.245 486.779 393.242 303.336 189.685
threshold=6.8333333333333348 0.35897894756162479 7.445195195195196 -1.0000000180025095e-35 1.0000000180025095e-35 10.500000000000002 1.0000000180025095e-35
decision_type=2 2 2 2 2 2 2
left_child=1 2 -1 5 -5 -2 -3
right_child=3 6 -4 4 -6 -7 -8
leaf_value=0.0084082477262678711 -0.00089749341064890612 0.031686530981624626 -0.018491651556145284 -0.029303497985336158 -0.0086443613384616022 -0.016736171465764359 0.0093650240241789588
leaf_weight=10039.838507432491 2262.151875346899 1919.2344523333013 1051.0047711879015 2794.6330231614411 1205.7518137544394 2116.1531305611134 438.16732819005847
leaf_count=137146 37500 19482 17665 57205 20931 35955 4716
internal_value=-3.4421e-06 0.00967386 0.00584383 -0.0155433 -0.0231177 -0.00858365 0.0276044
internal_weight=21826.9 13448.2 11090.8 8378.69 4000.38 4378.31 2357.4
internal_count=330600 179009 154811 151591 78136 73455 24198
is_linear=0
shrinkage=0.03


Tree=17
num_leaves=8
num_cat=0
split_feature=9 48 9 1 1 66 9
split_gain=2459.54 933.413 716.876 441.399 390.448 237.95 177.77
threshold=0.21910395309368033 0.028991596638655467 0.35897894756162479 0.49390243902439029 0.49390243902439029 -1.0000000180025095e-35 0.4630795301155845
decision_type=2 2 2 2 2 2 2
left_child=1 5 3 -2 -3 -1 -4
right_child=2 4 6 -5 -6 -7 -8
leaf_value=-0.0089135367601228359 0.0019464525270517338 -0.005522781758026789 0.0191533615829261 0.019793913728904419 0.013692773485107383 -0.024445868062998307 0.036422067848946964
leaf_weight=1272.9577542729676 5447.4564314074814 6463.8820222467184 1959.0325787737966 1618.7449223995209 1109.196408495307 3166.402426674962 779.98380146175623
leaf_count=21194 79742 102989 21658 20309 14789 62410 7509
internal_value=-7.18608e-06 -0.00910998 0.0111345 0.00605883 -0.00268931 -0.0200274 0.0241611
internal_weight=21817.7 12012.4 9805.22 7066.2 7573.08 4439.36 2739.02
internal_count=330600 201382 129218 100051 117778 83604 29167
is_linear=0
shrinkage=0.03


Tree=18
num_leaves=8
num_cat=0
split_feature=4 42 53 5 52 48 42
split_gain=3393.25 910.041 1251.43 717.327 296.451 239.071 165.99
threshold=5.5000000000000009 1.0000000180025095e-35 1.0000000180025095e-35 7.8333333333333348 1.0000000180025095e-35 0.20638945233265724 1.0000000180025095e-35
decision_type=2 2 2 2 2 2 2
left_child=1 4 -3 6 -1 -5 -2
right_child=3 2 -4 5 -6 -7 -8
leaf_value=0.10025496064743271 0.028490766999764529 -0.016343086644239502 0.013303585824521538 -0.023085649078739775 0.038500108940379363 -0.0089969202461815511 -0.0045159526114414619
leaf_weight=85.918700207024813 136.05268801748753 1473.505676176399 9529.7036235034466 4305.5080789849162 439.32344246655703 1492.1391681656241 4330.3389433175325
leaf_count=878 1683 23586 121826 85100 4390 26246 66579
internal_value=1.25679e-05 0.0111843 0.00931963 -0.012526 0.0496218 -0.019486 -0.00345966
internal_weight=21792.5 11528.5 11003.2 10264 525.242 5797.65 4466.39
internal_count=330288 150680 145412 179608 5268 111346 68262
is_linear=0
shrinkage=0.03


Tree=19
num_leaves=8
num_cat=0
split_feature=4 17 5 42 42 5 17
split_gain=3198.58 928.492 697.171 676.818 224.584 183.263 158.156
threshold=5.5000000000000009 7.445195195195196 7.8333333333333348 1.0000000180025095e-35 1.0000000180025095e-35 1.1666666666666667 4.4099025974025983
decision_type=2 2 2 2 2 2 2
left_child=1 3 6 -1 -4 -3 -2
right_child=2 5 4 -5 -6 -7 -8
leaf_value=0.046180088933057625 0.0024501792878555985 -0.026352758357559299 0.029101774925615505 0.011608911986924195 -0.019963957503623137 0 -0.0088295115740169988
leaf_weight=534.86045641452074 2150.5016688741744 634.65935668721795 79.541042648255825 10079.752341024578 5618.5490626730025 382.97592252120376 2302.3710637316108
leaf_count=5144 31519 11409 1173 128277 110173 5850 36743
internal_value=9.37568e-06 0.0107503 -0.0122893 0.0133803 -0.0192383 -0.0165259 -0.00336519
internal_weight=21783.2 11632.2 10151 10614.6 5698.09 1017.64 4452.87
internal_count=330288 150680 179608 133421 111346 17259 68262
is_linear=0
shrinkage=0.03


Tree=20
num_leaves=8
num_cat=0
split_feature=5 45 9 48 42 48 5
split_gain=3023.19 852.99 743.109 495.523 350.798 204.608 124.67
threshold=6.5833333333333348 1.0000000180025095e-35 0.19845468312557868 0.20638945233265724 1.0000000180025095e-35 0.018524871355060039 9.8333333333333339
decision_type=2 2 2 2 2 2 2
left_child=1 2 -1 4 -2 -3 -5
right_child=3 5 -4 6 -6 -7 -8
leaf_value=0.0020430849142957039 0.037100405308404638 -0.01859909730385087 0.01874630357685703 0.0022211940079195371 -0.019325066365364886 -0.00051492404732353782 -0.01199645266864632
leaf_weight=3717.5355234481394 95.295326378196478 818.24438643082976 6817.2801685407758 1661.1743569038808 6024.2920583076775 1817.148360773921 822.75268370658159
leaf_count=53909 1307 12665 80753 27307 116889 22660 14798
internal_value=6.12752e-06 0.00904412 0.0128644 -0.0138159 -0.0184021 -0.00618842 -0.0024666
internal_weight=21773.7 13170.2 10534.8 8603.51 6119.59 2635.39 2483.93
internal_count=330288 169987 134662 160301 118196 35325 42105
is_linear=0
shrinkage=0.03


Tree=21
num_leaves=8
num_cat=0
split_feature=4 1 48 48 31 2 9
split_gain=2905.87 903.664 643.904 443.656 322.525 263.745 102.793
threshold=6.5000000000000009 0.49390243902439029 0.02409988385598142 0.029857397504456332 1.5000000000000002 5.949358974358975 0.2679087266555748
decision_type=2 2 2 2 2 2 2
left_child=1 2 -1 6 -3 -5 -2
right_child=3 4 -4 5 -6 -7 -8
leaf_value=-0.0063682002647219614 -0.024768683824138195 -0.00065298397065405246 0.009703593372067618 -0.00083126338499388839 0.026592726390182692 -0.014168585115315312 -0.0074654211239910716
leaf_weight=3370.095985699445 2740.2223465889692 448.98907022550702 6663.4564117901027 2336.2410503700376 2712.1967746838927 3156.1211453266442 371.72464881837368
leaf_count=51814 58969 4883 85870 35983 30238 57087 6046
internal_value=-0.000120933 0.0087188 0.00429591 -0.0136843 0.0226996 -0.00851769 -0.022746
internal_weight=21799 13194.7 10033.6 8604.31 3161.19 5492.36 3111.95
internal_count=330890 172805 137684 158085 35121 93070 65015
is_linear=0
shrinkage=0.03


Tree=22
num_leaves=8
num_cat=0
split_feature=4 17 8 48 42 8 52
split_gain=2753.93 811.42 581.972 532.974 307.328 238.417 170.48
threshold=5.5000000000000009 7.445195195195196 0.15011086692527423 0.029857397504456332 1.0000000180025095e-35 0.06646137750764107 4.8556547619047628
decision_type=2 2 2 2 2 2 2
left_child=1 2 -1 4 -2 -5 -3
right_child=3 6 -4 5 -6 -7 -8
leaf_value=0.0088697568123045131 0.051147986043854642 -0.02852126169451695 0.027508563245326276 -0.011646451745284343 -0.022399527505799908 0 -0.0036075903522140712
leaf_weight=9062.779118001461 46.612385768443346 496.51106126978993 1815.2755274288356 3697.6093955039978 3412.0367035754025 2747.984785169363 509.22154362872243
leaf_count=116668 630 9430 16814 65773 71525 42101 7949
internal_value=-0.00012078 0.00961018 0.0119996 -0.0118047 -0.0213099 -0.00667773 -0.0160763
internal_weight=21788 11883.8 10878.1 9904.24 3458.65 6445.59 1005.73
internal_count=330890 150861 133482 180029 72155 107874 17379
is_linear=0
shrinkage=0.03


Tree=23
num_leaves=8
num_cat=0
split_feature=5 8 48 66 45 66 3
split_gain=2659.9 815.479 495.577 412.53 383.145 306.807 247.722
threshold=7.166666666666667 0.077562787935568839 0.029857397504456332 -1.0000000180025095e-35 1.0000000180025095e-35 1.0000000180025095e-35 6.5000000000000009
decision_type=2 2 2 2 2 2 2
left_child=1 2 -1 6 -3 -5 -2
right_child=3 4 -4 5 -6 -7 -8
leaf_value=-0.010706273552845735 0.0028577357068876649 0.018174910064206861 0.0055594990096461292 -0.028946773653960072 0 -0.0089252770480537993 -0.013675179447570698
leaf_weight=2423.2927910089493 1191.4042426981032 5517.8466007038951 5504.1350838690996 2327.4807106368244 1286.9816330969334 1006.7895941995084 2516.7684286758304
leaf_count=41091 20692 61167 74425 54248 15246 18587 45434
internal_value=-0.000119803 0.00712518 0.000572342 -0.0152828 0.0147398 -0.0229506 -0.00834236
internal_weight=21774.7 14732.3 7927.43 7042.44 6804.83 3334.27 3708.17
internal_count=330890 191929 115516 138961 76413 72835 66126
is_linear=0
shrinkage=0.03


Tree=24
num_leaves=8
num_cat=0
split_feature=4 4 5 4 66 66 68
split_gain=2551.22 1133.99 720.974 665.517 539.395 283.236 194.181
threshold=4.5000000000000009 1.5000000000000002 7.8333333333333348 2.5000000000000004 1.0000000180025095e-35 -1.0000000180025095e-35 -2.0819994669236586
decision_type=2 2 2 2 2 2 2
left_child=1 4 6 -3 -1 -4 -2
right_child=2 3 5 -5 -6 -7 -8
leaf_value=-0.0057614522503711425 -0.011592817744701866 0.033175127226141139 -0.010647175626761872 0.011904212531747687 0.01973465853404005 -0.024364392444658906 0.00077008049304214869
leaf_weight=3617.4337287843227 1547.2600686922669 2063.3958614431322 2714.4735462851822 3766.013720318675 935.5202998034656 2796.1723996028304 4297.1400126181543
leaf_count=50151 24156 22771 50558 45388 10130 64213 63008
internal_value=-2.73676e-05 0.010714 -0.00985697 0.0194707 -0.00048698 -0.0176396 -0.00249463
internal_weight=21737.4 10382.4 11355 5829.41 4552.95 5510.65 5844.4
internal_count=330375 128440 201935 68159 60281 114771 87164
is_linear=0
shrinkage=0.03


Tree=25
num_leaves=8
num_cat=0
split_feature=4 9 68 5 48 48 66
split_gain=2408.93 739.291 434.942 411.979 378.664 185.989 155.012
threshold=6.5000000000000009 0.20089380820500338 -2.0819994669236586 9.1666666666666696 0.02409988385598142 0.20156250000000003 -1.0000000180025095e-35
decision_type=2 2 2 2 2 2 2
left_child=1 4 -3 5 -1 -2 -5
right_child=3 2 -4 6 -6 -7 -8
leaf_value=-0.013001091627318453 -0.01129902862846055 0 0.016758990811478563 -0.013523190272658449 0.0044247310783399191 0.0011751989862195712 -0.026508499157785904
leaf_weight=1658.0357085540891 3142.7846006192267 1772.8314098194242 6628.4128935933113 1568.5776935070753 3439.9653403162956 1614.1089448332787 1901.6953189745545
leaf_count=29165 56526 21688 75576 29967 46371 25414 45668
internal_value=-2.94977e-05 0.00776397 0.0132312 -0.012825 -0.00123226 -0.00705058 -0.0206929
internal_weight=21726.4 13499.2 8401.24 8227.17 5098 4756.89 3470.27
internal_count=330375 172800 97264 157575 75536 81940 75635
is_linear=0
shrinkage=0.03


Tree=26
num_leaves=8
num_cat=0
split_feature=5 17 42 42 66 66 63
split_gain=2262.04 726.88 620.777 386.453 395.722 204.016 142.413
threshold=7.166666666666667 7.445195195195196 1.0000000180025095e-35 1.0000000180025095e-35 -1.0000000180025095e-35 -0.04722222222222032 0.085559027777777796
decision_type=2 2 2 2 2 2 2
left_child=1 2 -1 6 -5 -3 -2
right_child=3 5 -4 4 -6 -7 -8
leaf_value=0.03636680945022789 0.1035182581879187 0.0011966233338178169 0.0069222265823032985 -0.0085048254484234118 -0.023251676867743508 -0.025534476871702242 0.019444762780231054
leaf_weight=675.01093585044146 19.095379244536161 378.43769659101963 13139.033557381481 3533.4267741255462 3107.5495537221432 753.71551195904613 109.15761178359389
leaf_count=6251 261 5760 165570 64636 72082 14312 1503
internal_value=-3.13247e-05 0.0064805 0.00838016 -0.0144166 -0.0154312 -0.0165541 0.0360523
internal_weight=21715.4 14946.2 13814 6769.23 6640.98 1132.15 128.253
internal_count=330375 191893 171821 138482 136718 20072 1764
is_linear=0
shrinkage=0.03


Tree=27
num_leaves=8
num_cat=0
split_feature=5 53 42 48 45 42 8
split_gain=2196.18 678.412 843.41 563.51 492.705 352.84 275.322
threshold=5.416666666666667 1.0000000180025095e-35 1.0000000180025095e-35 0.028991596638655467 1.0000000180025095e-35 1.0000000180025095e-35 0.06646137750764107
decision_type=2 2 2 2 2 2 2
left_child=1 2 -1 5 -3 -2 -5
right_child=3 4 -4 6 -6 -7 -8
leaf_value=0.074574971622392669 0.052911003707214022 0.015113225970390699 -0.015881376865491251 -0.010226518791367137 -0.0019038616935099025 -0.021271166909146714 0.0018380193653516049
leaf_weight=94.183495160192251 53.398669619113207 7919.6097142137587 1392.6543345041573 4065.4598252288997 1885.4812348484993 3405.0786962583661 2905.0680495090783
leaf_count=810 680 90549 22877 72822 22952 75653 44376
internal_value=-0.000196409 0.00896501 -0.00986037 -0.010124 0.0118324 -0.0200251 -0.00518783
internal_weight=21720.9 11291.9 1486.84 10429 9805.09 3458.48 6970.53
internal_count=330719 137188 23687 193531 113501 76333 117198
is_linear=0
shrinkage=0.03


Tree=28
num_leaves=8
num_cat=0
split_feature=5 17 66 66 45 3 66
split_gain=2069.98 637.864 548.118 693.559 537.107 371.641 202.29
threshold=5.416666666666667 7.445195195195196 -1.0000000180025095e-35 1.0000000180025095e-35 1.0000000180025095e-35 8.5000000000000018 -0.04722222222222032
decision_type=2 2 2 2 2 2 2
left_child=1 4 5 -4 -1 -2 -3
right_child=2 6 3 -5 -6 -7 -8
leaf_value=0.013941555638719884 0.0040812442602956986 0.00629671799151813 -0.027863005230899338 -0.0033314557930039851 -0.0033531151984942226 -0.01087967634773203 -0.025376667619307947
leaf_weight=8529.3800991028547 2748.3227445930243 249.18523585796356 2593.4952616244555 1743.8331371881068 1981.8039564602077 3249.3447000943124 610.3661846742034
leaf_count=97327 44657 3563 63196 29693 24399 55985 11899
internal_value=-0.00019263 0.00863374 -0.00991173 -0.018036 0.0106722 -0.00401142 -0.0161071
internal_weight=21705.7 11370.7 10335 4337.33 10511.2 5997.67 859.551
internal_count=330719 137188 193531 92889 121726 100642 15462
is_linear=0
shrinkage=0.03


Tree=29
num_leaves=8
num_cat=0
split_feature=4 4 4 48 9 8 37
split_gain=2119.34 947.16 595.47 513.425 454.511 263.281 154.846
threshold=4.5000000000000009 1.5000000000000002 2.5000000000000004 0.028991596638655467 0.40227195641805674 0.07417602356998497 4.8898989898989909
decision_type=2 2 2 2 2 2 2
left_child=1 4 -3 6 -1 -5 -2
right_child=3 2 -4 5 -6 -7 -8
leaf_value=-0.0044952964566793152 -0.0078222968765590088 0.029614511211583358 0.0099928018258570676 -0.0090766523979509649 0.024034743185382002 0.0027085930291113709 -0.022514558143638144
leaf_weight=4034.1907187215984 890.97710761800408 2188.652001272887 3893.247697584331 4864.3193670809269 568.70278753340244 2608.0058921352029 2643.7969810962677
leaf_count=55182 15733 22929 45564 86619 4939 36795 62958
internal_value=-0.000190113 0.00932102 0.0170872 -0.00943096 -0.000928529 -0.00495225 -0.0188529
internal_weight=21691.9 10684.8 6081.9 11007.1 4602.89 7472.33 3534.77
internal_count=330719 128614 68493 202105 60121 123414 78691
is_linear=0
shrinkage=0.03


Tree=30
num_leaves=8
num_cat=0
split_feature=5 68 8 66 66 17 1
split_gain=1965.32 712.6 485.272 318.415 291.158 241.702 211.248
threshold=7.5833333333333348 -2.0819994669236586 0.11765434437336987 -1.0000000180025095e-35 1.0000000180025095e-35 4.5842198581560289 1.0000000180025095e-35
decision_type=2 2 2 2 2 2 2
left_child=1 5 -3 6 -5 -1 -2
right_child=3 2 -4 4 -6 -7 -8
leaf_value=0.0012158848863033744 0.006348628662752551 0.0056712950933655625 0.019947841693666951 -0.028685739949563166 -0.0073107847917925897 -0.01399291706626901 -0.012319309954699527
leaf_weight=1977.3842590600252 688.07821357250214 9234.1405168995261 2801.7071169391274 1924.111110560596 840.15033327415586 1770.3143510855734 2487.2457591146231
leaf_count=24884 12621 124478 25849 52086 16792 27311 47066
internal_value=-8.16995e-05 0.00544978 0.00900897 -0.0147881 -0.0222466 -0.00595344 -0.00824213
internal_weight=21723.1 15783.5 12035.8 5939.59 2764.26 3747.7 3175.32
internal_count=331087 202522 150327 128565 68878 52195 59687
is_linear=0
shrinkage=0.03


Tree=31
num_leaves=8
num_cat=0
split_feature=5 17 42 53 66 66 3
split_gain=1866.39 660.795 466.664 362.87 312.77 289.424 210.159
threshold=7.5833333333333348 6.0513722730471509 1.0000000180025095e-35 0.024491121863526703 -1.0000000180025095e-35 1.0000000180025095e-35 8.5000000000000018
decision_type=2 2 2 2 2 2 2
left_child=1 2 -1 -3 6 -6 -2
right_child=4 3 -4 -5 5 -7 -8
leaf_value=0.032179042828185782 0.0010022069948411477 -0.026252848705589336 0.0068089283001215879 -0.0015650205518783272 -0.028583408633972671 -0.0071395419641049757 -0.014623902273826655
leaf_weight=687.37977162748575 1321.2311763651669 706.30984222143888 12243.735523954034 2212.2527980990708 1873.847163118422 834.69619002938271 1830.9660816937685
leaf_count=6037 24014 14001 150324 32160 52086 16792 35673
internal_value=-8.15922e-05 0.00526324 0.0081764 -0.00760509 -0.0145436 -0.0220335 -0.00805456
internal_weight=21710.4 15849.7 12931.1 2918.56 5860.74 2708.54 3152.2
internal_count=331087 202522 156361 46161 128565 68878 59687
is_linear=0
shrinkage=0.03


Tree=32
num_leaves=8
num_cat=0
split_feature=5 68 53 48 42 57 5
split_gain=1772.62 633.981 531.284 342.097 202.705 200.884 95.5151
threshold=7.166666666666667 -2.3510524143623583 1.0000000180025095e-35 0.14907407407407411 1.0000000180025095e-35 304.00000000000006 9.8333333333333339
decision_type=2 2 2 2 2 2 2
left_child=1 5 -3 4 -2 -1 -5
right_child=3 2 -4 6 -6 -7 -8
leaf_value=0.0037207969907255495 0.034068506121456045 -0.01068120344728153 0.010409773611045982 0 -0.01992093381086537 -0.012720782258871476 -0.011962924558793699
leaf_weight=1006.486522320658 58.065103285014629 1180.4070182815194 11234.791937138885 1510.6266130767763 3788.3512527942657 1936.4773192405701 982.78819592669606
leaf_count=13516 803 18973 132815 27316 90366 27229 20069
internal_value=-8.17828e-05 0.00542327 0.00839376 -0.0134256 -0.0190394 -0.0070705 -0.00470895
internal_weight=21698 15358.2 12415.2 6339.83 3846.42 2942.96 2493.41
internal_count=331087 192533 151788 138554 91169 40745 47385
is_linear=0
shrinkage=0.03


Tree=33
num_leaves=8
num_cat=0
split_feature=5 17 45 48 53 9 63
split_gain=1679.31 575.61 480.845 341.063 149.73 143.081 82.4401
threshold=7.166666666666667 7.445195195195196 1.0000000180025095e-35 0.24722222222222226 0.034183254109724691 0.2823364018142987 0.062005291005291008
decision_type=2 2 2 2 2 2 2
left_child=1 2 -1 5 -3 -2 -5
right_child=3 4 -4 6 -6 -7 -8
leaf_value=0.0094529052588752903 -0.019034315311465665 -0.02858545176423425 -0.0047680952107733163 0.02188416717340045 -0.005775676631564336 -0.00063089253473232122 -0.0033604563967442615
leaf_weight=11616.508584454656 4204.7476694509387 467.39567543566227 2610.4019889347255 120.53793823346496 608.32230038568377 429.51145701110363 1528.3207666501403
leaf_count=137498 100181 10196 33534 2195 9819 7858 28645
internal_value=-0.000126842 0.00523076 0.00683651 -0.0131835 -0.0158561 -0.0173506 -0.00139998
internal_weight=21585.7 15302.6 14226.9 6283.12 1075.72 4634.26 1648.86
internal_count=329926 191047 171032 138879 20015 108039 30840
is_linear=0
shrinkage=0.03


Tree=34
num_leaves=8
num_cat=0
split_feature=17 2 45 66 66 31 42
split_gain=1208.26 880.004 524.115 521.21 588.003 229.791 189.663
threshold=5.8907741251325563 5.6017241379310354 1.0000000180025095e-35 -1.0000000180025095e-35 1.0000000180025095e-35 2.5000000000000004 1.0000000180025095e-35
decision_type=2 2 2 2 2 2 2
left_child=1 2 -1 5 -5 -2 -3
right_child=3 6 -4 4 -6 -7 -8
leaf_value=0.012175360619748452 0.009058994564304014 0.026630165074432881 -0.0046535626624726158 -0.028466672710036518 0.0046033678742818385 -0.009534872585491112 -0.0067810360050590017
leaf_weight=8681.152962423861 949.86301547661424 151.59513872489333 2049.133307505399 2219.8048800900578 611.06219160184264 1587.5966157540679 5323.9163760952652
leaf_count=103115 14731 1788 27103 56658 9306 26460 90765
internal_value=-0.000125554 0.00395678 0.00895253 -0.0124582 -0.021301 -0.00253499 -0.00581614
internal_weight=21574.1 16205.8 10730.3 5368.33 2830.87 2537.46 5475.51
internal_count=329926 222771 130218 107155 65964 41191 92553
is_linear=0
shrinkage=0.03


Tree=35
num_leaves=8
num_cat=0
split_feature=4 9 5 26 4 16 66
split_gain=1684.21 518.72 319.488 271.499 239.228 169.857 153.013
threshold=6.5000000000000009 0.18830298226268036 9.1666666666666696 4.5000000000000009 1.5000000000000002 4.8918128654970774 -1.0000000180025095e-35
decision_type=2 2 2 2 2 2 2
left_child=1 4 5 -3 -1 -2 -4
right_child=2 3 6 -5 -6 -7 -8
leaf_value=-0.012008797843957749 0.0043608916995137659 0.012376193841183877 -0.011829586422877691 -0.00084764337332465757 0.002645814220456092 -0.0094824773024214815 -0.025514570900566434
leaf_weight=1523.8951546736062 1013.1178476884961 7826.2520243860781 1466.6434812396765 1684.7672032006085 2891.2926790099591 3576.4547428097576 1580.1394278109074
leaf_count=24231 15836 87520 30414 19230 41281 65738 45676
internal_value=-0.000123918 0.00607999 -0.0114462 0.0100251 -0.0023997 -0.00640564 -0.0189866
internal_weight=21562.6 13926.2 7636.36 9511.02 4415.19 4589.57 3046.78
internal_count=329926 172262 157664 106750 65512 81574 76090
is_linear=0
shrinkage=0.03


Tree=36
num_leaves=8
num_cat=0
split_feature=4 68 53 17 19 42 42
split_gain=1572.03 551.356 404.54 349.392 238.332 205.978 93.2474
threshold=6.5000000000000009 -2.0819994669236586 1.0000000180025095e-35 5.4555335968379453 34.496468946540887 1.0000000180025095e-35 1.0000000180025095e-35
decision_type=2 2 2 2 2 2 2
left_child=1 4 -3 5 -1 -2 -5
right_child=3 2 -4 6 -6 -7 -8
leaf_value=0.0071579149741235566 0.027555559645143737 -0.0087286889429447571 0.011088943604005167 0.025444112393504737 -0.010340888518891266 -0.0070324581126408724 -0.019687732956709367
leaf_weight=1008.1013860106468 154.7505823969841 1015.723932813853 9735.3226956091821 35.973016284406185 2239.3445018306375 4451.2995179407299 2930.4281679019332
leaf_count=13283 1903 16461 111346 505 31312 82368 73219
internal_value=-2.0979e-05 0.00593091 0.00920508 -0.0110322 -0.00487843 -0.00582226 -0.0190682
internal_weight=21570.9 13998.5 10751 7572.45 3247.45 4606.05 2966.4
internal_count=330397 172402 127807 157995 44595 84271 73724
is_linear=0
shrinkage=0.03


Tree=37
num_leaves=8
num_cat=0
split_feature=4 1 11 48 0 2 8
split_gain=1486.43 468.515 360.101 324.051 210.741 161.452 96.0527
threshold=6.5000000000000009 0.49390243902439029 0.065353161439391988 0.028991596638655467 0.028778467908902695 5.8768939393939403 0.088238745392548015
decision_type=2 2 2 2 2 2 2
left_child=1 2 -1 6 -3 -5 -2
right_child=3 4 -4 5 -6 -7 -8
leaf_value=-0.0040497870819971062 -0.022397769360140929 0.029808698714941607 0.0072161331861510247 -0.00030726288822314167 0.011393345037012189 -0.011145841902575518 -0.0054593189420862592
leaf_weight=4370.6239195689559 2051.6973232105374 706.3913589566946 6107.7705045901239 2203.6316277310252 2878.6485417485237 2867.3200024329126 374.73890450596809
leaf_count=61688 57669 6789 75563 34720 28362 58383 7223
internal_value=-2.18554e-05 0.00572489 0.00250875 -0.0108101 0.0150834 -0.0064585 -0.0198354
internal_weight=21560.8 14063.4 10478.4 7497.39 3585.04 5070.95 2426.44
internal_count=330397 172402 137251 157995 35151 93103 64892
is_linear=0
shrinkage=0.03


Tree=38
num_leaves=8
num_cat=0
split_feature=4 17 42 17 66 42 66
split_gain=1406.14 518.464 395.403 336.42 229.567 160.693 152.586
threshold=6.5000000000000009 6.8358974358974365 1.0000000180025095e-35 4.9921875000000009 -0.04722222222222032 1.0000000180025095e-35 -1.0000000180025095e-35
decision_type=2 2 2 2 2 2 2
left_child=1 2 -1 5 -3 -2 -5
right_child=3 4 -4 6 -6 -7 -8
leaf_value=0.029600158560187207 0.025804655364129202 0.0020590393621977886 0.0062245211158282448 -0.010782648714675064 -0.021422137690431289 -0.0057240922400890494 -0.023474831907806359
leaf_weight=687.17325069010258 145.55869787931442 658.61917030066252 11936.699729729444 1716.662359289825 842.6707416754216 3762.7928820159286 1799.7166558187455
leaf_count=5568 1758 9362 140173 34422 17299 69535 52280
internal_value=-2.29312e-05 0.00552841 0.0075153 -0.0105928 -0.0110885 -0.0044954 -0.0173283
internal_weight=21549.9 14125.2 12623.9 7424.73 1501.29 3908.35 3516.38
internal_count=330397 172402 145741 157995 26661 71293 86702
is_linear=0
shrinkage=0.03


Tree=39
num_leaves=8
num_cat=0
split_feature=4 4 4 5 66 48 66
split_gain=1417.73 790.911 512.389 483.944 421.814 256.147 161.947
threshold=4.5000000000000009 1.5000000000000002 2.5000000000000004 9.1666666666666696 0.14494949494949513 0.28759398496240607 -0.02500000000000013
decision_type=2 2 2 2 2 2 2
left_child=1 4 -3 5 -1 -2 -5
right_child=3 2 -4 6 -6 -7 -8
leaf_value=-0.0063715696998273806 -0.0067933787237950353 0.025593060389540335 0.0079112958499084479 -0.01071925927133068 0.015840359986414174 0.006258980615380624 -0.024714498257600935
leaf_weight=3729.6506115570664 5647.9216683637351 2341.5757251605392 4051.4802682250738 1514.4457661323249 963.16218817234039 1768.018998734653 1550.5370672307909
leaf_count=50603 96911 22871 45288 32224 9416 25886 47547
internal_value=7.23965e-05 0.00755383 0.0144166 -0.0078321 -0.00178158 -0.00366734 -0.0178573
internal_weight=21566.8 11085.9 6393.06 10480.9 4692.81 7415.94 3064.98
internal_count=330746 128178 68159 202568 60019 122797 79771
is_linear=0
shrinkage=0.03


Tree=40
num_leaves=8
num_cat=0
split_feature=5 45 66 66 42 3 6
split_gain=1301.12 518.532 389.215 442.129 387.466 275.064 138.58
threshold=6.5833333333333348 1.0000000180025095e-35 -1.0000000180025095e-35 1.0000000180025095e-35 1.0000000180025095e-35 11.500000000000002 5.5000000000000009
decision_type=2 2 2 2 2 2 2
left_child=1 4 5 -4 -1 -2 -3
right_child=2 6 3 -5 -6 -7 -8
leaf_value=0.031146689202059815 0.0022309631766590037 -0.016883289750705081 -0.02754468542431027 -0.0037974442455129425 0.0067220102682582781 -0.013261828959917029 -0.0020001864926202434
leaf_weight=615.46259488910437 2402.9227606654167 814.64539894834161 1866.2956285197288 1150.9578155502677 11056.038812123239 1790.322642032057 1859.6826516091824
leaf_count=4864 43927 12545 58300 22747 130129 35443 22791
internal_value=6.81098e-05 0.00529724 -0.0103196 -0.0185371 0.00803047 -0.00437022 -0.00659047
internal_weight=21556.3 14345.8 7210.5 3017.25 11671.5 4193.25 2674.33
internal_count=330746 170329 160417 81047 134993 79370 35336
is_linear=0
shrinkage=0.03


Tree=41
num_leaves=8
num_cat=0
split_feature=4 4 4 5 17 17 17
split_gain=1291.93 723.581 459.696 452.692 341.689 217.39 110.119
threshold=4.5000000000000009 1.5000000000000002 2.5000000000000004 9.1666666666666696 6.8358974358974365 3.1079192546583854 6.3133928571428575
decision_type=2 2 2 2 2 2 2
left_child=1 4 -3 5 -1 -2 -5
right_child=3 2 -4 6 -6 -7 -8
leaf_value=0.0016582414008764975 0.0062371257587288389 0.024065860866861782 0.007467780986512294 -0.01288065321142119 -0.020541705682293326 -0.0062580956602260708 -0.025102584673780081
leaf_weight=3959.8243398778141 1587.0959768928587 2397.139018792659 4089.9766509383917 1884.6109758820385 734.6305801384151 5799.9677227139473 1093.3023540750146
leaf_count=45369 22951 22871 45288 44689 14650 99846 35082
internal_value=6.37403e-05 0.00713903 0.0136288 -0.00756005 -0.00181481 -0.00355894 -0.0174325
internal_weight=21546.5 11181.6 6487.12 10365 4694.45 7387.06 2977.91
internal_count=330746 128178 68159 202568 60019 122797 79771
is_linear=0
shrinkage=0.03


Tree=42
num_leaves=8
num_cat=0
split_feature=4 4 4 5 17 68 16
split_gain=1223.15 635.826 424.714 420.275 338.606 225.506 133.772
threshold=4.5000000000000009 1.5000000000000002 2.5000000000000004 9.1666666666666696 6.7076149425287364 -2.0819994669236586 6.8615900383141772
decision_type=2 2 2 2 2 2 2
left_child=1 4 -3 5 -1 -2 -5
right_child=3 2 -4 6 -6 -7 -8
leaf_value=0.0020908017299883833 -0.012177280939058174 0.022903132446997678 0.0070580462086229064 -0.0085864393562284907 -0.019556476073396337 -0.00032612711463191058 -0.022009646011344811
leaf_weight=3901.3448452204466 1976.5837144106627 2436.2627244181931 4130.6470983028412 1113.0365558061749 774.42032874375582 5399.8945347126573 1818.3322411626577
leaf_count=44499 36413 22831 45491 25480 15438 86542 54278
internal_value=9.89535e-05 0.00694515 0.0129631 -0.00735915 -0.00149235 -0.00352002 -0.0169668
internal_weight=21550.5 11242.7 6566.91 10307.8 4675.77 7376.48 2931.37
internal_count=330972 128259 68322 202713 59937 122955 79758
is_linear=0
shrinkage=0.03


Tree=43
num_leaves=8
num_cat=0
split_feature=8 66 66 68 8 31 42
split_gain=1127.47 458.52 572.996 437.618 259.975 194.03 173.117
threshold=0.061388618998614461 -1.0000000180025095e-35 1.0000000180025095e-35 -2.0819994669236586 0.14581900504355802 2.5000000000000004 1.0000000180025095e-35
decision_type=2 2 2 2 2 2 2
left_child=1 5 -3 6 -5 -1 -2
right_child=3 2 -4 4 -6 -7 -8
leaf_value=0.0051571384722279151 0.028481907726377442 -0.02579151425048111 -0.00090811600976496189 0.0060847786824940698 0.017561283013632783 -0.006701612583478637 -0.006481006804701147
leaf_weight=1908.9575010798872 128.38187740370631 2206.6087380461395 1348.8763642348349 7508.6224393472075 2347.3555624056607 3506.4398865662515 2585.2844089958817
leaf_count=28388 1097 61792 21586 100186 20528 58551 38844
internal_value=9.3683e-05 -0.00802394 -0.0163911 0.00589523 0.00883473 -0.00250383 -0.00474449
internal_weight=21540.5 8970.88 3555.49 12569.6 9855.98 5415.4 2713.67
internal_count=330972 170317 83378 160655 120714 86939 39941
is_linear=0
shrinkage=0.03


Tree=44
num_leaves=8
num_cat=0
split_feature=4 4 9 4 66 66 68
split_gain=1130.78 578.721 403.926 382.415 380.323 247.878 149.373
threshold=4.5000000000000009 1.5000000000000002 0.20089380820500338 2.5000000000000004 0.21666666666666801 -1.0000000180025095e-35 -2.0819994669236586
decision_type=2 2 2 2 2 2 2
left_child=1 4 5 -3 -1 -2 -4
right_child=2 3 6 -5 -6 -7 -8
leaf_value=-0.0057687889341539109 -0.0074471212952004658 0.021624611512782971 -0.010101318606342403 0.0067022961753995325 0.01555365239105938 -0.020681304634337865 0.0021119034055288948
leaf_weight=3729.4200087450445 3192.9209902584553 2485.8131509311497 1186.7298578284681 4162.0635346770287 937.10856945440173 2161.6978926360607 3675.6471413560212
leaf_count=51003 60841 22831 22030 45491 8934 62034 57808
internal_value=8.92253e-05 0.00662508 -0.00713954 0.0123077 -0.00145559 -0.012821 -0.000857725
internal_weight=21531.4 11314.4 10217 6647.88 4666.53 5354.62 4862.38
internal_count=330972 128259 202713 68322 59937 122875 79838
is_linear=0
shrinkage=0.03


Tree=45
num_leaves=8
num_cat=0
split_feature=4 4 66 9 5 66 16
split_gain=1061.69 526.778 361.156 360.995 345.437 220.978 159.364
threshold=4.5000000000000009 1.5000000000000002 0.23999999999999883 0.18281804942765237 3.5833333333333335 -1.0000000180025095e-35 4.644009216589863
decision_type=2 2 2 2 2 2 2
left_child=1 2 -1 5 -3 -2 -5
right_child=3 4 -4 6 -6 -7 -8
leaf_value=-0.0057855168740125777 -0.0079962242697393052 0.019789428800266986 0.01491540045839238 0.0080633077308090162 0.0058784420846205235 -0.021717462617895571 -0.0046406061398523955
leaf_weight=3734.9130523614585 2635.7249146923423 2712.8432028368115 945.47715206071734 1093.0170114543289 4009.6567911766469 1805.9476923327893 4594.6286459993571
leaf_count=51217 51118 24315 8907 15999 44079 54078 81161
internal_value=-0.000135697 0.00613732 -0.0015731 -0.00720586 0.0115161 -0.0136136 -0.0021785
internal_weight=21532.2 11402.9 4680.39 10129.3 6722.5 4441.67 5687.65
internal_count=330874 128518 60124 202356 68394 105196 97160
is_linear=0
shrinkage=0.03


Tree=46
num_leaves=8
num_cat=0
split_feature=8 17 3 45 66 17 63
split_gain=942.553 433.768 339.932 402.105 287 168.948 40.3069
threshold=0.06646137750764107 5.6180340557275548 15.500000000000002 1.0000000180025095e-35 -1.0000000180025095e-35 2.1744565217391307 0.0899170008912656
decision_type=2 2 2 2 2 2 2
left_child=1 5 3 -2 -3 -1 -4
right_child=2 4 6 -5 -6 -7 -8
leaf_value=0.009825974715674311 0.010744679446543613 -0.0066876657223570099 0.009518151858128791 -0.0045217086214175304 -0.024440058812171039 -0.004329027258991567 -0.0081079326730877574
leaf_weight=866.63126911781728 8001.6719643697143 1633.2015369012952 117.47946585528553 1914.1189440339804 1687.8222040180117 5741.1662832517177 1555.4706173017621
leaf_count=12603 94470 30297 1529 26173 51647 93709 20446
internal_value=-0.000133074 -0.0069187 0.00567332 0.00778783 -0.0157601 -0.00245292 -0.00679187
internal_weight=21517.6 9928.82 11588.7 9915.79 3321.02 6607.8 1672.95
internal_count=330874 188256 142618 120643 81944 106312 21975
is_linear=0
shrinkage=0.03


Tree=47
num_leaves=8
num_cat=0
split_feature=4 4 17 4 17 5 2
split_gain=983.961 485.018 375.129 323.492 316.723 201.536 120.645
threshold=4.5000000000000009 1.5000000000000002 4.4956896551724146 2.5000000000000004 6.7076149425287364 9.5833333333333339 5.168699186991871
decision_type=2 2 2 2 2 2 2
left_child=1 4 6 -3 -1 -4 -2
right_child=2 3 5 -5 -6 -7 -8
leaf_value=0.0018302592802212547 0.0046299230845368855 0.019387242977401849 -0.0084860318266134702 0.0058372664825702943 -0.0194582112191167 -0.021194897572912968 -0.0050661465024461954
leaf_weight=3931.0920131541789 2072.0162240397185 2569.1776551678777 3745.1480534151196 4221.2624334320426 742.75802293047309 1636.0504690650851 2589.4912177305669
leaf_count=44664 29739 22911 72486 45483 15460 51975 48156
internal_value=-0.000130781 0.00586959 -0.006989 0.0109877 -0.0015508 -0.0123827 -0.000736664
internal_weight=21507 11464.3 10042.7 6790.44 4673.85 5381.2 4661.51
internal_count=330874 128518 202356 68394 60124 124461 77895
is_linear=0
shrinkage=0.03


Tree=48
num_leaves=8
num_cat=0
split_feature=5 45 42 53 42 63 4
split_gain=1001.04 430.937 381.363 330.175 275.936 154.426 141.864
threshold=5.416666666666667 1.0000000180025095e-35 1.0000000180025095e-35 1.0000000180025095e-35 1.0000000180025095e-35 0.033908441742081456 1.5000000000000002
decision_type=2 2 2 2 2 2 2
left_child=1 4 5 -4 -1 -2 -3
right_child=2 6 3 -5 -6 -7 -8
leaf_value=0.028485252112743952 0.10690414246646814 -0.01431224110138095 -0.025701482099428765 -0.0064871780744369702 0.0071215890195533548 0.0201950509518843 0.00077208009481959312
leaf_weight=577.22846936061978 16.289624009281397 1030.9368310123682 894.4517133962363 8134.3027401417494 9374.4310771673918 248.01099443808198 1200.1431327722967
leaf_count=4184 204 15450 31136 159196 104016 2880 13590
internal_value=4.85288e-05 0.00570863 -0.00736098 -0.00841382 0.00838347 0.027759 -0.00617425
internal_weight=21475.8 12182.7 9293.06 9028.75 9951.66 264.301 2231.08
internal_count=330656 137240 193416 190332 108200 3084 29040
is_linear=0
shrinkage=0.03


Tree=49
num_leaves=8
num_cat=0
split_feature=5 45 66 66 32 17 53
split_gain=943.588 403.173 396.836 560.007 295.973 282.636 135.506
threshold=5.416666666666667 1.0000000180025095e-35 -1.0000000180025095e-35 1.0000000180025095e-35 2.5000000000000004 9.1291666666666682 0.0051490647361688022
decision_type=2 2 2 2 2 2 2
left_child=1 5 4 -4 -2 -1 -3
right_child=2 6 3 -5 -6 -7 -8
leaf_value=0.0088644186520518784 0.00743461091450768 -0.023816408141857048 -0.026151384507823314 -0.0022107017854715127 -0.0070822938915655644 -0.024372384072874086 -0.0028709540935629245
leaf_weight=9784.3063606023788 1884.8932135850191 324.57063410431147 1898.1443598289043 1652.9141117651016 3795.2351489961147 229.74251988902688 1894.9667895697057
leaf_count=102749 31064 6412 62982 29659 69711 5451 22628
internal_value=4.66979e-05 0.00551382 -0.0071879 -0.0150518 -0.00224687 0.00808113 -0.00602098
internal_weight=21464.8 12233.6 9231.19 3551.06 5680.13 10014 2219.54
internal_count=330656 137240 193416 92641 100775 108200 29040
is_linear=0
shrinkage=0.03


Tree=50
num_leaves=8
num_cat=0
split_feature=5 66 66 45 32 17 52
split_gain=889.619 382.252 549.037 377.373 279.007 268.278 128.534
threshold=5.416666666666667 -1.0000000180025095e-35 1.0000000180025095e-35 1.0000000180025095e-35 2.5000000000000004 9.1291666666666682 1.0000000180025095e-35
decision_type=2 2 2 2 2 2 2
left_child=3 4 -3 5 -2 -1 -5
right_child=1 2 -4 6 -6 -7 -8
leaf_value=0.0085398373378454649 0.0071658031115274133 -0.026000537086588654 -0.0021487230067544984 -0.024110107901716686 -0.0069132271147124696 -0.024179727776075841 -0.0029388392259555845
leaf_weight=9850.6593546196818 1896.9327705353498 1852.6008281242102 1649.7666274346411 296.90016520395875 3771.8895491994917 224.74153848737478 1911.5848328918219
leaf_count=102749 31064 62982 29659 6169 69711 5451 22871
internal_value=4.25621e-05 -0.00702098 -0.01481 0.00532426 -0.002184 0.00778944 -0.00587372
internal_weight=21455.1 9171.19 3502.37 12283.9 5668.82 10075.4 2208.48
internal_count=330656 193416 92641 137240 100775 108200 29040
is_linear=0
shrinkage=0.03


Tree=51
num_leaves=8
num_cat=0
split_feature=9 68 26 66 66 31 42
split_gain=857.095 407.503 399.625 365.436 404.916 175.57 162.478
threshold=0.18281804942765237 -1.6273330730183504 4.5000000000000009 -1.0000000180025095e-35 1.0000000180025095e-35 2.5000000000000004 1.0000000180025095e-35
decision_type=2 2 2 2 2 2 2
left_child=3 6 -3 5 -5 -1 -2
right_child=1 2 -4 4 -6 -7 -8
leaf_value=0.0047087951195364077 0.022043368391153034 0.010935167879793657 -0.0036225016178018715 -0.025524405362881933 -0.0019368521632997977 -0.0074833104379117815 -0.0047047479280147401
leaf_weight=1651.7582012973726 209.17877839133143 7562.5384085401893 2174.2302518002689 1777.365025671199 1050.5937406644225 2934.7209354676306 4123.8388948626816
leaf_count=24625 1720 89361 29218 56670 17488 50578 61603
internal_value=-7.7794e-05 0.0042675 0.007675 -0.00833296 -0.0168122 -0.00307254 -0.0033688
internal_weight=21484.2 14069.8 9736.77 7414.44 2827.96 4586.48 4333.02
internal_count=331263 181902 118579 149361 74158 75203 63323
is_linear=0
shrinkage=0.03


Tree=52
num_leaves=8
num_cat=0
split_feature=8 66 66 68 3 3 57
split_gain=785.154 363.337 461.901 361.327 402.823 189.277 172.093
threshold=0.059476865025682495 -1.0000000180025095e-35 1.0000000180025095e-35 -1.6273330730183504 15.500000000000002 10.500000000000002 297.85000000000008
decision_type=2 2 2 2 2 2 2
left_child=1 5 -3 6 -5 -1 -2
right_child=3 2 -4 4 -6 -7 -8
leaf_value=0.0020784568750745218 0.0073347945421867906 -0.024911605610540687 -0.0012281996949649596 0.010443796161152321 -0.0065402295420239568 -0.0098322632557045486 -0.0067183259978207139
leaf_weight=3155.8801665194333 1052.2683967500925 1861.1031504068524 1244.0341516844928 7752.8133052568883 1489.4328062869608 1923.9330406300724 2994.3869973253459
leaf_count=48025 14705 59921 20285 90154 19806 34668 43699
internal_value=-7.71289e-05 -0.00738804 -0.0154693 0.00442015 0.00769495 -0.00242015 -0.00303728
internal_weight=21473.9 8184.95 3105.14 13288.9 9242.25 5079.81 4046.66
internal_count=331263 162899 80206 168364 109960 82693 58404
is_linear=0
shrinkage=0.03


Tree=53
num_leaves=8
num_cat=0
split_feature=4 68 3 42 57 52 63
split_gain=824.294 435.227 352.462 226.146 198.325 192.958 63.11
threshold=7.5000000000000009 -2.0563618741729339 15.500000000000002 1.0000000180025095e-35 297.85000000000008 1.0000000180025095e-35 0.033908441742081456
decision_type=2 2 2 2 2 2 2
left_child=1 4 -3 6 -1 -5 -2
right_child=3 2 -4 5 -6 -7 -8
leaf_value=0.0043797622376137279 0.088027811567684494 0.0082749332004747843 -0.0059600602831587236 -0.0266634275774012 -0.010566003774887197 -0.0088840145996778586 0.018036554344476124
leaf_weight=1172.2548890411854 9.475624315440653 10388.607729678974 1831.7849815245718 624.78182577714324 2445.2854347527027 4852.2232827544212 139.63478307053447
leaf_count=15845 118 120149 22748 26248 36270 108152 1733
internal_value=-7.66397e-05 0.00342332 0.00613224 -0.00993956 -0.00569866 -0.0109511 0.02578
internal_weight=21464 15837.9 12220.4 5626.12 3617.54 5477.01 149.11
internal_count=331263 195012 142897 136251 52115 134400 1851
is_linear=0
shrinkage=0.03


Tree=54
num_leaves=8
num_cat=0
split_feature=4 68 3 57 5 66 11
split_gain=833.672 389.333 389.54 217.421 212.718 114.994 103.834
threshold=7.5000000000000009 -2.0819994669236586 14.500000000000002 297.85000000000008 9.1666666666666696 -1.0000000180025095e-35 0.070299942749159544
decision_type=2 2 2 2 2 2 2
left_child=1 3 -3 -1 6 -6 -2
right_child=4 2 -4 -5 5 -7 -8
leaf_value=0.0050834539472775272 -0.010603835059519569 0.0082578272666275852 -0.0059490600545318816 -0.010642635340502906 -0.010489997277590517 -0.024100999458591281 5.662792125550939e-05
leaf_weight=1171.9423309080303 1600.6326172985137 10191.068280762061 2082.3239921964705 2378.3241444844753 1206.7703286446631 1118.9658676628023 1651.2421788945794
leaf_count=15779 33692 117161 25726 35813 28373 44123 29879
internal_value=-0.000206687 0.00330463 0.00583869 -0.00542629 -0.0101784 -0.0171148 -0.00517124
internal_weight=21401.3 15823.7 12273.4 3550.27 5577.61 2325.74 3251.87
internal_count=330546 194479 142887 51592 136067 72496 63571
is_linear=0
shrinkage=0.03


Tree=55
num_leaves=8
num_cat=0
split_feature=5 68 26 66 66 17 1
split_gain=795.462 375.053 364.959 244.641 214.334 199.837 187.936
threshold=7.8333333333333348 -2.0819994669236586 4.5000000000000009 -1.0000000180025095e-35 1.0000000180025095e-35 4.5425724637681171 1.0000000180025095e-35
decision_type=2 2 2 2 2 2 2
left_child=1 5 -3 6 -5 -1 -2
right_child=3 2 -4 4 -6 -7 -8
leaf_value=0.00071856644989203966 0.0089657900817393024 0.007603733999655542 -0.0048658368751260048 -0.027371558562781281 -0.0058065034529989042 -0.01309170810924495 -0.010049350635743791
leaf_weight=2043.3794495332986 607.78878131508827 10596.769819000736 2625.1541766431183 1202.4599833805114 654.83835750259459 1727.2152295652777 1931.4126875270158
leaf_count=25502 12072 122439 32671 50671 15290 29325 42576
internal_value=-0.000202281 0.00273683 0.00512025 -0.0115726 -0.0198526 -0.0055927 -0.0054538
internal_weight=21389 16992.5 13221.9 4396.5 1857.3 3770.59 2539.2
internal_count=330546 209937 155110 120609 65961 54827 54648
is_linear=0
shrinkage=0.03


Tree=56
num_leaves=8
num_cat=0
split_feature=9 66 66 2 45 49 41
split_gain=736.48 356.971 401.338 301.151 303.484 181.365 123.595
threshold=0.1922864839689615 -1.0000000180025095e-35 1.0000000180025095e-35 5.0086206896551735 1.0000000180025095e-35 -1.0000000180025095e-35 0.27922077922077926
decision_type=2 2 2 2 2 2 2
left_child=1 5 -3 4 -2 -1 -5
right_child=3 2 -4 6 -6 -7 -8
leaf_value=-0.015634784643016649 0.010049666400577561 -0.02469779677272662 -0.0021891835657703728 -0.0052266901455487805 -0.0042002004041635952 0 0.0055441044716205493
leaf_weight=789.61816454306245 7122.2788405939937 1772.9619651250541 1207.5058895684779 3284.3707760926336 1645.1315551418811 4212.5973443444818 1342.2619261294603
leaf_count=13180 74889 60012 19895 53236 21712 68794 18828
internal_value=-0.000198065 -0.00741238 -0.0156277 0.00409602 0.00736467 -0.00248872 -0.00207986
internal_weight=21376.7 7982.68 2980.47 13394 8767.41 5002.22 4626.63
internal_count=330546 161881 79907 168665 96601 81974 72064
is_linear=0
shrinkage=0.03


Tree=57
num_leaves=8
num_cat=0
split_feature=4 68 3 57 17 8 66
split_gain=709.583 363.035 294.472 220.529 213.947 114.17 79.918
threshold=7.5000000000000009 -2.0563618741729339 17.500000000000004 304.00000000000006 5.3013157894736844 0.085540426727849464 -1.0000000180025095e-35
decision_type=2 2 2 2 2 2 2
left_child=1 3 -3 -1 5 -2 -6
right_child=4 2 -4 -5 6 -7 -8
leaf_value=0.0051942049950953013 -0.0078325390958760756 0.0071912159327672531 -0.0073595065091935996 -0.010579418702531998 -0.010901850924670005 0.0048946186287254761 -0.022784331273323476
leaf_weight=1185.1958546433598 2488.9961594361812 10957.748282704502 1403.0266705248505 2384.1022099163383 1101.4998253080994 837.73025486059487 1052.4217724613845
leaf_count=15922 54702 124664 17913 36215 25024 13233 43427
internal_value=-0.000106235 0.00309317 0.00553003 -0.00531662 -0.00941639 -0.00459806 -0.0167887
internal_weight=21410.7 15930.1 12360.8 3569.3 5480.65 3326.73 2153.92
internal_count=331100 194714 142577 52137 136386 67935 68451
is_linear=0
shrinkage=0.03


Tree=58
num_leaves=8
num_cat=0
split_feature=9 42 48 5 4 48 43
split_gain=722.105 343.955 315.875 295.151 239.298 165.788 114.316
threshold=0.18830298226268036 1.0000000180025095e-35 0.018524871355060039 4.166666666666667 1.5000000000000002 0.22361111111111112 1.0000000180025095e-35
decision_type=2 2 2 2 2 2 2
left_child=1 6 -3 4 -2 -5 -1
right_child=3 2 -4 5 -6 -7 -8
leaf_value=0.040004955574743532 0.0019896530201875501 -0.01800635731681681 -0.00451280662296625 -0.0035887126699946019 0.013428851136337119 0.0061465599105314803 -0.0061918501304097078
leaf_weight=173.50664089620113 2934.2060061693192 2261.7276747301221 5123.8725766744465 4668.9720681700855 3810.3468388319016 2367.6729424577206 60.044183706864715
leaf_count=1940 31847 66851 87467 77105 33076 32121 693
internal_value=-0.000104589 -0.00751726 -0.00866657 0.00398833 0.00847074 -0.000298193 0.02787
internal_weight=21400.3 7619.15 7385.6 13781.2 6744.55 7036.65 233.551
internal_count=331100 156951 154318 174149 64923 109226 2633
is_linear=0
shrinkage=0.03


Tree=59
num_leaves=8
num_cat=0
split_feature=5 12 4 66 66 26 1
split_gain=695.622 356.573 256.183 211.485 227.502 169.902 163.97
threshold=7.5833333333333348 0.2601386574498204 1.5000000000000002 -1.0000000180025095e-35 1.0000000180025095e-35 4.5000000000000009 1.0000000180025095e-35
decision_type=2 2 2 2 2 2 2
left_child=1 2 -1 6 -5 -3 -2
right_child=3 5 -4 4 -6 -7 -8
leaf_value=-0.0071158632926502947 0.0081729057835373767 0.012655683430568622 0.0027081229612885139 -0.026241604401969779 -0.0046916559706682787 -0.0017276449798247578 -0.0089996550027943555
leaf_weight=3274.4051534868777 642.89740333333611 3730.2561589162797 8792.9079309683293 1168.8455661851913 728.34320438280702 906.83012156933546 2143.5664992369711
leaf_count=44732 12698 38173 109030 52188 16893 10128 47258
internal_value=-0.000102296 0.00275874 3.31351e-05 -0.0103175 -0.0180498 0.00982466 -0.00499779
internal_weight=21388.1 16704.4 12067.3 4683.65 1897.19 4637.09 2786.46
internal_count=331100 202063 153762 129037 69081 48301 59956
is_linear=0
shrinkage=0.03


Tree=60
num_leaves=8
num_cat=0
split_feature=4 4 66 12 26 66 68
split_gain=642.746 404.681 294.971 278.861 260.28 159.793 122.423
threshold=4.5000000000000009 1.5000000000000002 0.29999999999999793 0.20890043774117026 4.5000000000000009 -1.0000000180025095e-35 -2.0563618741729339
decision_type=2 2 2 2 2 2 2
left_child=1 2 -1 5 -3 -2 -5
right_child=3 4 -4 6 -6 -7 -8
leaf_value=-0.0058193417988645088 -0.0067379321257988812 0.012168956713434539 0.012776166569592165 -0.0088333602876031307 -0.0023453902994233534 -0.018466495995614233 0.0019160104666174889
leaf_weight=3766.1576449647546 2894.2584256753325 5643.5699886549264 957.39470978453755 1273.0744776912034 1370.3640911504626 1676.8195931129158 3731.0933250878006
leaf_count=51510 54829 53748 8531 27693 14307 54260 65238
internal_value=4.07116e-05 0.00474955 -0.00202175 -0.00572153 0.00932071 -0.0110755 -0.00080678
internal_weight=21312.7 11737.5 4723.55 9575.25 7013.93 4571.08 5004.17
internal_count=330116 128096 60041 202020 68055 109089 92931
is_linear=0
shrinkage=0.03


Tree=61
num_leaves=8
num_cat=0
split_feature=8 66 66 3 45 49 63
split_gain=621.011 355.205 510.603 227.238 274.545 220.824 48.256
threshold=0.06646137750764107 -1.0000000180025095e-35 1.0000000180025095e-35 15.500000000000002 1.0000000180025095e-35 -1.0000000180025095e-35 0.043683333333333345
decision_type=2 2 2 2 2 2 2
left_child=1 5 -3 4 -2 -1 -5
right_child=3 2 -4 6 -6 -7 -8
leaf_value=-0.014401338207131064 0.0085985890372188671 -0.023861670051895316 -0.0005624309055144251 0.02361758837830186 -0.0039983401331122803 0.0012390561510534912 -0.0066638817700089246
leaf_weight=963.12402427196503 8359.437655556947 1885.6127299591899 1547.952310461551 42.801261564716697 1899.4759040120989 5012.2398462221026 1592.6319293119013
leaf_count=16001 94321 65955 24898 591 26182 80804 21364
internal_value=3.79146e-05 -0.00571517 -0.0134 0.0045969 0.00625664 -0.00127679 -0.00574695
internal_weight=21303.3 9408.93 3433.57 11894.3 10258.9 5975.36 1635.43
internal_count=330116 187658 90853 142458 120503 96805 21955
is_linear=0
shrinkage=0.03


Tree=62
num_leaves=8
num_cat=0
split_feature=4 4 66 48 5 3 66
split_gain=596.395 371.057 270.59 266.384 243.131 189.974 106.939
threshold=4.5000000000000009 1.5000000000000002 0.29999999999999793 0.029857397504456332 3.5833333333333335 10.500000000000002 -1.0000000180025095e-35
decision_type=2 2 2 2 2 2 2
left_child=1 2 -1 6 -3 -5 -2
right_child=3 4 -4 5 -6 -7 -8
leaf_value=-0.0056344241404231296 -0.0061259005350555607 0.015496129502778472 0.012100273394502981 0.0017354897820088045 0.0041662867103816172 -0.0083308176032698654 -0.018737203110065895
leaf_weight=3741.5049913991243 1041.7232036273926 2938.4770611003041 969.31881378591061 4032.6761318594217 4134.0870187114924 2881.6516953259706 1555.9096087254584
leaf_count=51510 21438 24321 8531 69385 43734 53992 57205
internal_value=3.50804e-05 0.00454916 -0.00195721 -0.00554694 0.0088939 -0.00244978 -0.0137358
internal_weight=21295.3 11783.4 4710.82 9511.96 7072.56 6914.33 2597.63
internal_count=330116 128096 60041 202020 68055 123377 78643
is_linear=0
shrinkage=0.03


Tree=63
num_leaves=8
num_cat=0
split_feature=17 5 42 4 66 66 2
split_gain=566.964 502.999 294.735 222.902 212.926 65.8862 36.7284
threshold=7.6277173913043486 4.166666666666667 1.0000000180025095e-35 1.5000000000000002 -1.0000000180025095e-35 0.066666666666665861 6.202272727272728
decision_type=2 2 2 2 2 2 2
left_child=1 3 -3 -1 6 -6 -2
right_child=4 2 -4 -5 5 -7 -8
leaf_value=0.0011599768615389494 0.0053952508644692617 0.021611503073889957 -0.0038894558007845337 0.010925263400763852 -0.028082322127600114 0.0027054895555999889 -0.0099546700813520923
leaf_weight=3725.8763402160257 260.68635093048215 418.16848127543926 10760.521621225402 4898.2921537123621 914.69524884037673 60.551990378648043 284.27932671271265
leaf_count=42446 4244 4123 192020 43651 36884 1183 6154
internal_value=-7.76108e-05 0.00127529 -0.00291824 0.00671994 -0.0177064 -0.0260749 -0.00246604
internal_weight=21323.1 19802.9 11178.7 8624.17 1520.21 975.247 544.966
internal_count=330705 282240 196143 86097 48465 38067 10398
is_linear=0
shrinkage=0.03


Tree=64
num_leaves=8
num_cat=0
split_feature=5 48 4 4 66 8 54
split_gain=532.792 323.372 261.797 283.112 256.928 171.133 126.394
threshold=5.166666666666667 0.20638945233265724 1.5000000000000002 2.5000000000000004 0.21666666666666801 0.08885341337831619 2.5000000000000004
decision_type=2 2 2 2 2 2 2
left_child=2 5 4 -4 -1 -2 -3
right_child=1 6 3 -5 -6 -7 -8
leaf_value=-0.0054875024720470568 -0.012170850992584041 0.0085929248761089962 0.016635149222236408 0.0037784987453946804 0.012061135947348119 -9.5231143061635872e-05 -0.0031305756064119871
leaf_weight=3434.5140463709831 4753.946181062609 1495.064106144011 2191.8246130906045 5276.313580552116 954.06963328272104 1376.9980934560299 1828.4124120920897
leaf_count=47957 124792 24926 17211 55004 8224 21517 31074
internal_value=-7.5936e-05 -0.00539058 0.0041548 0.00757245 -0.00164259 -0.00947565 0.00212118
internal_weight=21311.1 9454.42 11856.7 7468.14 4388.58 6130.94 3323.48
internal_count=330705 202309 128396 72215 56181 146309 56000
is_linear=0
shrinkage=0.03


Tree=65
num_leaves=8
num_cat=0
split_feature=17 2 43 66 42 66 2
split_gain=533.055 460.029 268.187 187.808 170.882 65.3648 31.8106
threshold=7.7550000000000008 5.6017241379310354 1.0000000180025095e-35 -0.24999999999999925 1.0000000180025095e-35 0.066666666666665861 6.2522727272727279
decision_type=2 2 2 2 2 2 2
left_child=1 2 -1 6 -3 -5 -2
right_child=3 4 -4 5 -6 -7 -8
leaf_value=0.0073334382636501948 0.0050648349088124453 0.022046507604449383 -0.0017183425770759535 -0.027972167857710659 -0.0061882287725757894 0.0045150648131450019 -0.010034279750503588
leaf_weight=9002.705882887356 232.66549373045564 192.86449084803462 4353.8284018207341 858.19908847659826 6352.5110839093104 53.176447492092848 252.52573023550212
leaf_count=107780 3805 2084 51585 35738 123118 1034 5561
internal_value=-7.44125e-05 0.00118039 0.00437656 -0.0179608 -0.00532634 -0.0259641 -0.00263234
internal_weight=21298.5 19901.9 13356.5 1396.57 6545.38 911.376 485.191
internal_count=330705 284567 159365 46138 125202 36772 9366
is_linear=0
shrinkage=0.03


Tree=66
num_leaves=8
num_cat=0
split_feature=17 2 31 66 42 66 2
split_gain=538.61 474.701 278.781 199.578 197.514 56.1622 45.9143
threshold=7.6899038461538476 5.6696969696969708 1.0000000180025095e-35 -1.0000000180025095e-35 1.0000000180025095e-35 0.066666666666665861 6.0845238095238097
decision_type=2 2 2 2 2 2 2
left_child=1 2 -1 6 -3 -5 -2
right_child=3 4 -4 5 -6 -7 -8
leaf_value=-0.010680843105468093 0.0068440121290372236 0.024198993335938123 0.0056493825095919274 -0.028182219043361358 -0.0065173470058678988 0.0011761572839075155 -0.010984800423316227
leaf_weight=1008.9161028414965 235.26263657771051 188.48894409090281 12563.999544739723 850.47496289853007 6064.9141920125112 56.250956691801548 271.8093166667968
leaf_count=10189 3764 2019 151511 36565 119349 1087 6043
internal_value=-2.04135e-06 0.00127123 0.00442539 -0.0178626 -0.00555853 -0.0262657 -0.00255108
internal_weight=21240.1 19826.3 13572.9 1413.8 6253.4 906.726 507.072
internal_count=330527 283068 161700 47459 121368 37652 9807
is_linear=0
shrinkage=0.03


Tree=67
num_leaves=8
num_cat=0
split_feature=9 48 42 68 3 2 69
split_gain=522.542 289.825 357.786 231.416 293.389 154.988 88.2826
threshold=0.20089380820500338 0.027402402402402406 1.0000000180025095e-35 -2.4446926535050846 10.500000000000002 6.0068493150684938 1.0000000180025095e-35
decision_type=2 2 2 2 2 2 2
left_child=1 2 -1 6 -5 -3 -2
right_child=3 5 -4 4 -6 -7 -8
leaf_value=0.054764092645913628 -0.0022222999947651072 0.0018136317367821097 -0.016301755602570436 0.0085388408645681972 -0.0024463788843590369 -0.0079033347889674605 -0.017771084931680323
leaf_weight=60.16776404902339 1371.2123087923974 3548.4319329541177 2403.8499487815425 7892.9720011129975 3008.3433045782149 2512.0390747785568 435.83260896243155
leaf_count=733 20882 47938 74468 89545 37707 53302 5952
internal_value=-2.95223e-06 -0.00575158 -0.0144226 0.00384677 0.00549936 -0.00220237 -0.00606079
internal_weight=21232.8 8524.49 2464.02 12708.4 10901.3 6060.47 1807.04
internal_count=330527 176441 75201 154086 127252 101240 26834
is_linear=0
shrinkage=0.03


Tree=68
num_leaves=8
num_cat=0
split_feature=4 68 3 17 57 9 63
split_gain=515.315 324.687 282.347 178.493 143.284 84.0701 58.2446
threshold=8.5000000000000018 -2.0563618741729339 12.500000000000002 3.7239110707804 297.85000000000008 0.19456876152874111 0.081113100312588823
decision_type=2 2 2 2 2 2 2
left_child=1 4 -3 6 -1 -5 -2
right_child=3 2 -4 5 -6 -7 -8
leaf_value=0.0026993977860234994 0.014717029294336711 0.0068700321869210393 -0.0037250197975405609 -0.018011752678263725 -0.0095966909977578049 -0.0075703058505970661 -0.0028201172242592228
leaf_weight=1276.3599716406316 195.8874079361558 10324.566255598329 2883.5624940050766 1640.2920881202444 2497.4076298791915 1289.4931095754728 1116.5860733427107
leaf_count=18048 3713 119648 36744 58580 40758 30340 22696
internal_value=-3.8755e-06 0.00232877 0.0045496 -0.00935447 -0.00541603 -0.0134675 -8.84559e-05
internal_weight=21224.2 16981.9 13208.1 4242.26 3773.77 2929.79 1312.47
internal_count=330527 215198 156392 115329 58806 88920 26409
is_linear=0
shrinkage=0.03


Tree=69
num_leaves=8
num_cat=0
split_feature=9 42 48 52 9 43 3
split_gain=505.193 415.939 530.152 306.492 113.843 83.5775 58.4356
threshold=0.29157049002952934 1.0000000180025095e-35 0.02409988385598142 1.0000000180025095e-35 0.4630795301155845 225.00000000000003 6.5000000000000009
decision_type=2 2 2 2 2 2 2
left_child=1 3 -3 -1 5 -2 -6
right_child=4 2 -4 -5 6 -7 -8
leaf_value=0.076686147506142541 0.0073331747430792869 -0.01311605220974198 -0.00039207596945569766 0.012723758982311992 0.022681918577876679 -0.0046680197749549143 0.007661308154428133
leaf_weight=72.803428743034601 3813.9690343737602 4009.2546661756933 11146.821443971246 590.74111486598849 622.44932362996042 591.95429106242955 417.90705215372145
leaf_count=701 37908 105293 168179 5388 4473 5885 3132
internal_value=-2.42902e-05 -0.00274174 -0.00376712 0.0203973 0.00784776 0.0056969 0.0167998
internal_weight=21265.9 15819.6 15156.1 663.545 5446.28 4405.92 1040.36
internal_count=330959 279561 273472 6089 51398 43793 7605
is_linear=0
shrinkage=0.03


Tree=70
num_leaves=8
num_cat=0
split_feature=12 66 66 3 68 49 42
split_gain=494.608 288.656 465.235 255.729 261.364 178.185 58.4764
threshold=0.20712125761670355 -1.0000000180025095e-35 1.0000000180025095e-35 15.500000000000002 -2.4446926535050846 -0.39248401313515385 1.0000000180025095e-35
decision_type=2 2 2 2 2 2 2
left_child=1 5 -3 4 -2 -1 -5
right_child=3 2 -4 6 -6 -7 -8
leaf_value=-0.014937160154206859 -0.0051999550671604604 -0.023710031470227759 -0.00019153632585639969 0.01716762007313756 0.0075218855174973608 0.00063568650280143926 -0.0080272071520810576
leaf_weight=759.46813627518713 1716.6076677981764 1654.2377557344735 1406.5956926923245 80.456359036266804 9115.3417544970289 4836.2487830128521 1685.719011195004
leaf_count=11912 29067 56484 20274 716 114117 72425 25964
internal_value=-2.33871e-05 -0.00554663 -0.0129495 0.00376535 0.005496 -0.00147329 -0.00678344
internal_weight=21254.7 8656.55 3060.83 12598.1 10831.9 5595.72 1766.18
internal_count=330959 161095 76758 169864 143184 84337 26680
is_linear=0
shrinkage=0.03


Tree=71
num_leaves=8
num_cat=0
split_feature=17 42 26 52 66 66 1
split_gain=475.223 390.406 395.117 319.881 177.681 63.2901 39.4602
threshold=7.7550000000000008 1.0000000180025095e-35 5.5000000000000009 1.0000000180025095e-35 -0.16666666666666605 0.038749999999999493 1.0000000180025095e-35
decision_type=2 2 2 2 2 2 2
left_child=1 3 -3 -1 6 -6 -2
right_child=4 2 -4 -5 5 -7 -8
leaf_value=0.060909972564111334 0.0089293447036271033 0.0014611142927911222 -0.014136328221949247 0.012185695606618327 -0.027921601016300486 0.003881610643140008 -0.0089270017368131283
leaf_weight=138.30790179222822 163.7034970074892 17317.459160114639 1591.2947717858478 886.94790807366371 784.26918785274029 54.131412031129003 311.15259814076126
leaf_count=1018 3132 248222 28432 6998 35875 1052 6230
internal_value=-2.40815e-05 0.00112504 0.000140339 0.0191097 -0.0174731 -0.0257507 -0.00255469
internal_weight=21247.3 19934 18908.8 1025.26 1313.26 838.401 474.856
internal_count=330959 284670 276654 8016 46289 36927 9362
is_linear=0
shrinkage=0.03


Tree=72
num_leaves=8
num_cat=0
split_feature=12 48 42 54 26 45 26
split_gain=441.606 346.146 399.537 278.474 169.534 184.586 38.8288
threshold=0.2601386574498204 0.02409988385598142 1.0000000180025095e-35 1.5000000000000002 4.5000000000000009 1.0000000180025095e-35 5.5000000000000009
decision_type=2 2 2 2 2 2 2
left_child=1 2 -1 -3 5 -2 -6
right_child=4 3 -4 -5 6 -7 -8
leaf_value=0.032645810565332473 0.012991602504918322 0.0082787424944125148 -0.012010045937985924 -0.0025412824585578668 0.0012810417912690346 -0.0028831382788404051 -0.0099879205102497738
leaf_weight=183.15267932228744 3526.2023947993293 2824.2475103680044 3979.123891627416 8790.0575388353318 726.27813477441669 797.7217301344499 426.68122747633606
leaf_count=1526 38749 38560 100374 125209 9226 10834 6504
internal_value=-1.68595e-05 -0.00256915 -0.00998665 8.45047e-05 0.00731442 0.0100421 -0.00283671
internal_weight=21253.5 15776.6 4162.28 11614.3 5476.88 4323.92 1152.96
internal_count=330982 265669 101900 163769 65313 49583 15730
is_linear=0
shrinkage=0.03


Tree=73
num_leaves=8
num_cat=0
split_feature=4 45 3 42 66 23 43
split_gain=449.268 266.516 245.215 163.986 162.544 133.085 65.3935
threshold=7.5000000000000009 1.0000000180025095e-35 14.500000000000002 1.0000000180025095e-35 -1.0000000180025095e-35 1.0000000180025095e-35 -74.999999999999986
decision_type=2 2 2 2 2 2 2
left_child=1 2 -1 6 -5 -3 -2
right_child=3 5 -4 4 -6 -7 -8
leaf_value=0.0060159235065844136 -0.0074568213316025438 -0.010272695283091412 -0.0049999825357240875 -0.004497976917425664 -0.015781287890827066 0.0037668700543217084 0.032733944694549481
leaf_weight=11141.000608775765 44.78015885874629 1950.6855798335746 2160.3659682068974 3108.4437446128577 1855.0171650592238 867.10278881527483 118.32436515763402
leaf_count=127315 505 27439 27423 65605 68757 12531 1407
internal_value=-1.69567e-05 0.0024393 0.00421878 -0.0077524 -0.00874469 -0.00592147 0.0212706
internal_weight=21245.7 16119.2 13301.4 5126.57 4963.46 2817.79 163.105
internal_count=330982 194708 154738 136274 134362 39970 1912
is_linear=0
shrinkage=0.03


Tree=74
num_leaves=8
num_cat=0
split_feature=5 45 3 42 69 53 61
split_gain=432.967 321.478 275.391 155.456 109.418 104.36 57.8757
threshold=8.5833333333333339 1.0000000180025095e-35 13.500000000000002 1.5000000000000002 1.0000000180025095e-35 1.0000000180025095e-35 0.11576282051282052
decision_type=2 2 2 2 2 2 2
left_child=1 2 -1 6 -3 -5 -2
right_child=3 4 -4 5 -6 -7 -8
leaf_value=0.0056022441082179452 0.064740638372462758 -0.0014813770606855398 -0.0046674278118003162 -0.026658603991254547 -0.012702007143482963 -0.009679520934081769 0.0097625071144090275
leaf_weight=12045.72648304794 16.369770059362054 1649.4660040391609 2905.8455535201356 380.99240179546177 1521.2593385754153 2571.6267275232822 146.66503887064755
leaf_count=144514 289 25253 39012 23176 22269 73646 2823
internal_value=-1.73659e-05 0.00175523 0.00359942 -0.0103428 -0.0069047 -0.0119422 0.0175804
internal_weight=21238 18122.3 14951.6 3115.65 3170.73 2952.62 163.035
internal_count=330982 231048 183526 99934 47522 96822 3112
is_linear=0
shrinkage=0.03


Tree=75
num_leaves=8
num_cat=0
split_feature=12 66 66 45 26 49 28
split_gain=419.477 269.764 434.7 223.669 302.432 163.46 119.82
threshold=0.2065583202852346 -1.0000000180025095e-35 1.0000000180025095e-35 1.0000000180025095e-35 4.5000000000000009 -0.090879455230367681 1175.0000000000002
decision_type=2 2 2 2 2 2 2
left_child=1 5 -3 4 -2 -1 -5
right_child=3 2 -4 6 -6 -7 -8
leaf_value=-0.013973361017465056 0.0079757480695637588 -0.023361271915623261 -0.00021422500830268419 0.025120728087160416 -0.0044157084503344208 0.00087271514003912714 -0.0067718552735774873
leaf_weight=769.93528966791928 8275.734001679346 1548.6409451095387 1392.8350037578493 105.76740501448512 2241.8911305861548 4759.3334925323725 2103.1686394838616
leaf_count=12276 103189 55511 20083 1828 33225 71294 32852
internal_value=5.16337e-05 -0.00511519 -0.0124503 0.00349838 0.00532504 -0.00118905 -0.00515085
internal_weight=21197.3 8470.74 2941.48 12726.6 10517.6 5529.27 2208.94
internal_count=330258 159164 75594 171094 136414 83570 34680
is_linear=0
shrinkage=0.03


Tree=76
num_leaves=8
num_cat=0
split_feature=8 17 2 31 45 0 53
split_gain=437.082 275.262 199.204 157.114 145.391 28.8044 7.17852
threshold=0.077562787935568839 8.7886904761904781 6.8017857142857148 1.0000000180025095e-35 1.0000000180025095e-35 0.40588235294117653 0.12948214401339406
decision_type=2 2 2 2 2 2 2
left_child=1 2 -1 5 -5 -2 -3
right_child=3 6 -4 4 -6 -7 -8
leaf_value=-0.00049228236138968557 -0.011461192720581386 -0.028423710820975993 -0.009832879817469671 0.0078565794273018144 -0.0023574385796634192 0.0014081366786334289 -0.018542596500103255
leaf_weight=8558.221433869563 568.63272261992097 303.94538090005517 2709.2651196876541 7095.9749193750322 1505.50932870619 197.60336000844836 252.43934904877096
leaf_count=133183 5783 16556 69276 74183 19803 1563 9911
internal_value=4.85778e-05 -0.00378139 -0.00274958 0.00489177 0.00605804 -0.00803803 -0.0243059
internal_weight=21191.6 11823.9 11267.5 9367.72 8601.48 766.236 556.385
internal_count=330258 228926 202459 101332 93986 7346 26467
is_linear=0
shrinkage=0.03


Tree=77
num_leaves=8
num_cat=0
split_feature=9 66 66 31 9 31 54
split_gain=406.643 289.035 565.591 193.931 161.803 144.072 37.585
threshold=0.2315671348788278 -1.0000000180025095e-35 1.0000000180025095e-35 2.5000000000000004 0.43753940240160089 1.0000000180025095e-35 1.5000000000000002
decision_type=2 2 2 2 2 2 2
left_child=1 3 -3 -1 5 -2 -6
right_child=4 2 -4 -5 6 -7 -8
leaf_value=0.0059850265649224821 -0.010525520462325034 -0.021867956537105489 0.00064686311481791062 -0.0040386476183282109 0.021916051064016676 0.0040994578198429651 0.01057510516791073
leaf_weight=2770.5597032289952 649.9819353017956 1944.7334185531363 2054.5155847091228 4634.6408218573779 406.44642573967576 7744.9987468756735 979.25096932053566
leaf_count=39221 6723 74276 31799 78757 2939 89377 7166
internal_value=4.54017e-05 -0.00379865 -0.0102927 -0.000274767 0.00453649 0.00295081 0.0140331
internal_weight=21185.1 11404.4 3999.25 7405.2 9780.68 8394.98 1385.7
internal_count=330258 224053 106075 117978 106205 96100 10105
is_linear=0
shrinkage=0.03


Tree=78
num_leaves=8
num_cat=0
split_feature=17 2 45 48 66 66 1
split_gain=409.614 378.952 315.273 146.268 121.265 31.3076 29.5131
threshold=8.1698717948717974 5.0086206896551735 1.0000000180025095e-35 0.22361111111111112 -0.26000000000000006 0.71999999999999831 1.0000000180025095e-35
decision_type=2 2 2 2 2 2 2
left_child=1 2 -1 -3 6 -6 -2
right_child=4 3 -4 -5 5 -7 -8
leaf_value=0.0062994581432557345 0.0086218127739953569 -0.0074060810938394155 -0.0062352317459793676 0.00087548979183528855 -0.027625305288186096 0.0053189380826075229 -0.010232251058329873
leaf_weight=9808.517883005552 108.19646134972572 5209.1847387840971 2202.1159385526553 3007.4064649008214 646.02133185230196 20.775904720649123 201.71580405347049
leaf_count=108590 2107 102697 32215 48374 32349 404 4194
internal_value=-0.000321475 0.000592551 0.00399213 -0.00436526 -0.0192488 -0.0264329 -0.00333175
internal_weight=21203.9 20227.2 12010.6 8216.59 976.71 666.797 309.912
internal_count=330930 291876 140805 151071 39054 32753 6301
is_linear=0
shrinkage=0.03


Tree=79
num_leaves=8
num_cat=0
split_feature=17 2 45 48 66 66 1
split_gain=392.642 356.56 295.829 138.965 119.679 30.9326 27.9699
threshold=8.1698717948717974 5.0086206896551735 1.0000000180025095e-35 0.22361111111111112 -0.26000000000000006 0.71999999999999831 1.0000000180025095e-35
decision_type=2 2 2 2 2 2 2
left_child=1 2 -1 -3 6 -6 -2
right_child=4 3 -4 -5 5 -7 -8
leaf_value=0.0060817103694734845 0.0083134677458978536 -0.0072304599475561896 -0.0060797658234722617 0.00084863814103470819 -0.027517864515090577 0.0051710224130254523 -0.010021195194186773
leaf_weight=9854.3750932700932 109.01588188111782 5176.2673001438379 2190.9729196587577 3009.6106855105609 629.35881696734577 20.870650582015514 199.91808015108109
leaf_count=108590 2107 102697 32215 48374 32349 404 4194
internal_value=-0.000312891 0.000574031 0.00386054 -0.00425042 -0.0190197 -0.0262998 -0.00323526
internal_weight=21190.4 20231.2 12045.3 8185.88 959.163 650.229 308.934
internal_count=330930 291876 140805 151071 39054 32753 6301
is_linear=0
shrinkage=0.03


Tree=80
num_leaves=8
num_cat=0
split_feature=4 4 48 31 11 5 51
split_gain=376.527 290.949 199.247 184.721 177.371 133.329 85.6082
threshold=4.5000000000000009 1.5000000000000002 0.20638945233265724 1.5000000000000002 0.10015690483869248 9.1666666666666696 3.5000000000000004
decision_type=2 2 2 2 2 2 2
left_child=1 4 5 -3 -1 -2 -4
right_child=2 3 6 -5 -6 -7 -8
leaf_value=-0.0060245593585033274 -0.0055372274891692941 -0.013357485030529581 0.0056404739626335848 0.0080528742548029841 0.0073071083116360109 -0.016023449818270866 -0.0040372745746886755
leaf_weight=3514.2309445198625 4405.0743396272883 375.23004485294223 1719.759399138391 6931.1977405492216 1196.5034993309528 1474.2481818571687 1560.8337444094941
leaf_count=48365 85267 3199 28798 65152 11627 61813 26709
internal_value=-0.00030452 0.00318288 -0.0048888 0.00693263 -0.00261514 -0.00819334 0.00100949
internal_weight=21177.1 12017.2 9159.92 7306.43 4710.73 5879.32 3280.59
internal_count=330930 128343 202587 68351 59992 147080 55507
is_linear=0
shrinkage=0.03


Tree=81
num_leaves=8
num_cat=0
split_feature=68 3 53 57 68 42 26
split_gain=386.85 340.879 429.326 212.427 201.862 128.961 117.556
threshold=-2.3510524143623583 10.500000000000002 1.0000000180025095e-35 304.00000000000006 -5.3489475856376396 1.0000000180025095e-35 5.5000000000000009
decision_type=2 2 2 2 2 2 2
left_child=3 2 -2 4 -1 -5 -3
right_child=1 6 -4 5 -6 -7 -8
leaf_value=-0.018025994771433455 -0.011407247613674818 -0.0021870294097890565 0.0065395969172737612 0.016495196656260244 0.0069041823378745574 -0.015308913690117444 -0.013090886962713474
leaf_weight=390.0755742257461 1341.9284666990861 3869.049211983569 10783.165787664242 113.79163305833936 1117.1604719823226 2413.7262392574921 1163.9067531591281
leaf_count=11412 34300 55554 135959 1028 16415 55306 21144
internal_value=-0.000147269 0.00181441 0.00454205 -0.00850364 0.000354422 -0.0138118 -0.00473698
internal_weight=21192.8 17158.1 12125.1 4034.75 1507.24 2527.52 5032.96
internal_count=331118 246957 170259 84161 27827 56334 76698
is_linear=0
shrinkage=0.03


Tree=82
num_leaves=8
num_cat=0
split_feature=68 3 53 57 68 3 17
split_gain=367.746 330.567 374.016 215.578 204.697 113.197 81.7034
threshold=-2.0819994669236586 10.500000000000002 1.0000000180025095e-35 304.00000000000006 -5.3489475856376396 22.500000000000004 2.4104278074866312
decision_type=2 2 2 2 2 2 2
left_child=3 2 -2 4 -1 -3 -5
right_child=1 5 -4 6 -6 -7 -8
leaf_value=-0.017773415109949165 -0.010876052792142283 -0.0021316101554820503 0.0066320659416916729 0.00069943423917469695 0.0070261063611663345 -0.013330841137730457 -0.013787214986381708
leaf_weight=383.91539397276938 1221.0060795508325 3768.7273306585848 10304.200633429922 386.75148966908455 1291.7907807324082 1042.106213863939 2785.4725140500814
leaf_count=11412 31006 54340 127466 5363 18733 18836 63962
internal_value=-0.000144204 0.00200503 0.0047655 -0.00739961 0.00125485 -0.00458756 -0.0119944
internal_weight=21184 16336 11525.2 4847.93 1675.71 4810.83 3172.22
internal_count=331118 231648 158472 99470 30145 73176 69325
is_linear=0
shrinkage=0.03


Tree=83
num_leaves=8
num_cat=0
split_feature=9 42 66 54 68 53 3
split_gain=352.561 254.366 290.538 157.931 131.066 119.454 59.7975
threshold=0.22154975496254611 1.0000000180025095e-35 -1.0000000180025095e-35 2.5000000000000004 -2.5255164034021851 0.0051490647361688022 22.500000000000004
decision_type=2 2 2 2 2 2 2
left_child=1 5 -3 4 -2 -1 -5
right_child=3 2 -4 6 -6 -7 -8
leaf_value=0.06485442397065258 -0.0048140741564896682 -0.0013563333551634895 -0.012267983000291275 0.00062328624779862528 0.0087077150690074347 0.012899199079221475 -0.012658106476460859
leaf_weight=42.749469943344593 727.36134650278836 6382.7700298503041 3362.4510397342965 4961.7868720227852 5045.2774261087179 333.21779602020979 319.85339084453881
leaf_count=447 10496 105332 97666 54937 54228 3297 4715
internal_value=-0.000141255 -0.00418976 -0.00513484 0.0035576 0.00698568 0.0198167 -0.000175215
internal_weight=21175.5 10121.2 9745.22 11054.3 5772.64 375.967 5281.64
internal_count=331118 206742 202998 124376 64724 3744 59652
is_linear=0
shrinkage=0.03


Tree=84
num_leaves=8
num_cat=0
split_feature=12 66 66 30 49 68 3
split_gain=348.104 242.302 428.755 229.828 171.815 138.482 79.9198
threshold=0.21239303737292478 -1.0000000180025095e-35 1.0000000180025095e-35 27.000000000000004 -0.090879455230367681 -2.0563618741729339 14.500000000000002
decision_type=2 2 2 2 2 2 2
left_child=1 4 -3 6 -1 -5 -2
right_child=3 2 -4 5 -6 -7 -8
leaf_value=-0.013326710532397167 0.011354311572063696 -0.02220983699399097 0.00013443131519761512 -0.0069639407922101135 0.0013258836158883851 0.0026833083197026044 -0.000349933696035618
leaf_weight=830.71571144647896 3313.4233850464225 1540.8796767937019 1529.6738134007901 1684.1159861367196 5177.1291957069188 6428.7853435268626 605.80494343116879
leaf_count=13395 38436 58688 21986 29988 76835 82156 8933
internal_value=0.000212248 -0.00421691 -0.0110671 0.00356195 -0.000694587 0.000666542 0.00952408
internal_weight=21110.5 9078.4 3070.55 12032.1 6007.84 8112.9 3919.23
internal_count=330417 170904 80674 159513 90230 112144 47369
is_linear=0
shrinkage=0.03


Tree=85
num_leaves=8
num_cat=0
split_feature=42 53 2 52 29 16 44
split_gain=408.391 495.785 416.314 257.297 177.647 156.354 135.457
threshold=1.0000000180025095e-35 1.0000000180025095e-35 5.8768939393939403 1.0000000180025095e-35 58.750000000000007 5.2952069716775609 1.0000000180025095e-35
decision_type=2 2 2 2 2 2 2
left_child=3 5 -3 6 -5 -2 -1
right_child=1 2 -4 4 -6 -7 -8
leaf_value=0.065170723158686689 -0.0012011510120568262 0.0036795960350368756 -0.0061315559060206217 0.0095986963179753877 0.092122630678559261 -0.02178125263789623 -0.010051551829604011
leaf_weight=130.59039546921849 467.29994820151478 12733.190117906779 5597.6923675341532 900.35662731528282 19.541212853044271 1237.2313623102382 21.776710197329521
leaf_count=914 8293 147784 120686 6951 188 45433 168
internal_value=0.000204708 -0.000758292 0.000677806 0.018202 0.0119376 -0.0162118 0.0538701
internal_weight=21107.7 20035.4 18330.9 1072.26 919.898 1704.53 152.367
internal_count=330417 322196 268470 8221 7139 53726 1082
is_linear=0
shrinkage=0.03


Tree=86
num_leaves=8
num_cat=0
split_feature=42 53 2 53 63 17 32
split_gain=381.108 473.775 396.831 225.235 169.048 156.396 41.6094
threshold=1.0000000180025095e-35 1.0000000180025095e-35 5.0086206896551735 1.0000000180025095e-35 1.0000000180025095e-35 3.7785947712418304 1.5000000000000002
decision_type=2 2 2 2 2 2 2
left_child=3 5 -3 6 -5 -2 -1
right_child=1 2 -4 4 -6 -7 -8
leaf_value=0.032929157792928841 -0.002584136379977038 0.0045451967550697572 -0.0043492294956961009 0.081914809735190816 0.0090969532634234945 -0.022319255163124094 0.071169404955387761
leaf_weight=94.100295543670654 547.89110757317394 10330.929489012808 8005.9126128032804 25.18095289170742 902.26964659616351 1132.0687507595867 62.165380831807852
leaf_count=647 9971 114615 153855 233 6910 43755 431
internal_value=0.000198494 -0.000737183 0.000656833 0.0174876 0.0115992 -0.0159632 0.0504348
internal_weight=21100.5 20016.8 18336.8 1083.72 927.451 1679.96 156.266
internal_count=330417 322196 268470 8221 7143 53726 1078
is_linear=0
shrinkage=0.03


Tree=87
num_leaves=8
num_cat=0
split_feature=68 54 57 48 68 42 26
split_gain=344.301 297.208 209.682 190.747 189.336 130.587 110.546
threshold=-2.0819994669236586 2.5000000000000004 304.00000000000006 0.03509852216748769 -5.5804024246709085 1.0000000180025095e-35 5.5000000000000009
decision_type=2 2 2 2 2 2 2
left_child=2 3 4 -2 -1 -4 -3
right_child=1 6 5 -5 -6 -7 -8
leaf_value=-0.018564106492849189 -0.0012489426525708689 -0.00092820615215085788 0.01456992437240022 0.0088238437772733113 0.0064629252548688313 -0.013254681770825611 -0.012521187631314729
leaf_weight=336.02441163733602 2344.4016628162935 7183.78222431615 153.01763355731964 5930.6491795340553 1331.1177163897082 2934.9218993932009 824.02685132063925
leaf_count=10752 46657 98187 1313 70811 19286 67753 15346
internal_value=-9.80428e-05 0.00197189 -0.00719967 0.00596023 0.0013243 -0.0118255 -0.00213946
internal_weight=21037.9 16282.9 4755.08 8275.05 1667.14 3087.94 8007.81
internal_count=330105 231001 99104 117468 30038 69066 113533
is_linear=0
shrinkage=0.03


Tree=88
num_leaves=8
num_cat=0
split_feature=4 54 17 12 44 42 41
split_gain=316.429 206.417 147.635 144.815 95.4822 65.7911 63.2253
threshold=7.5000000000000009 2.5000000000000004 9.1291666666666682 0.20538180108995288 1.0000000180025095e-35 1.5000000000000002 0.32051282051282054
decision_type=2 2 2 2 2 2 2
left_child=1 2 -1 6 -3 -5 -2
right_child=3 4 -4 5 -6 -7 -8
leaf_value=0.0057647443932621984 -0.014856641427226588 0.00024809512504242118 -0.019787198976257268 0.013501498514471303 -0.0075407662546553289 -0.0033926384453113073 -0.0022797622379991762
leaf_weight=8318.3464945992455 1808.1580348284915 5745.4346791999415 202.33298476599157 220.70083513855934 1866.2131112860516 2396.6164917014539 473.27934223227203
leaf_count=96714 63756 68533 7252 3220 21435 58872 10323
internal_value=-9.615e-05 0.00192756 0.00513618 -0.00677406 -0.00165345 -0.00191072 -0.0122976
internal_weight=21031.1 16132.3 8520.68 4898.75 7611.65 2617.32 2281.44
internal_count=330105 193934 103966 136171 89968 62092 74079
is_linear=0
shrinkage=0.03


Tree=89
num_leaves=8
num_cat=0
split_feature=9 26 45 66 66 49 42
split_gain=303.826 190.57 210.581 186.056 284.084 132.653 62.6715
threshold=0.18281804942765237 5.5000000000000009 1.0000000180025095e-35 -1.0000000180025095e-35 1.0000000180025095e-35 -1.0000000180025095e-35 1.0000000180025095e-35
decision_type=2 2 2 2 2 2 2
left_child=3 2 -2 5 -5 -1 -3
right_child=1 6 -4 4 -6 -7 -8
leaf_value=-0.014348833574653745 0.0050303647167373542 0.024597001211933856 -0.004856684110012768 -0.022375911987228898 -0.00068806752704632954 0.0003184069552292583 -0.011657012566801028
leaf_weight=644.36436096392572 11067.634661262855 38.772189110517502 2337.2032487969846 1198.5156094133854 1007.9346958901733 3744.4298278521746 985.03959068935364
leaf_count=11878 129087 328 35048 56691 17418 63217 16438
internal_value=-9.41891e-05 0.00233966 0.00329863 -0.00543018 -0.0125333 -0.00182844 -0.0100837
internal_weight=21023.9 14428.6 13404.8 6595.24 2206.45 4388.79 1023.81
internal_count=330105 180901 164135 149204 74109 75095 16766
is_linear=0
shrinkage=0.03


Tree=90
num_leaves=8
num_cat=0
split_feature=12 54 1 48 48 43 0
split_gain=312.152 221.788 218.337 120.295 115.579 114.918 88.0543
threshold=0.20950063352871703 1.5000000000000002 0.29679679679679688 0.018524871355060039 0.049390243902439034 1.0000000180025095e-35 0.01941930618401207
decision_type=2 2 2 2 2 2 2
left_child=2 4 3 -1 -2 -3 -4
right_child=1 5 6 -5 -6 -7 -8
leaf_value=-0.014311478682105326 0.0015426411996927252 0.0027052725736460195 0.010371934707231498 -0.0048915217286950542 0.013555549924747466 -0.0046229734583742152 -0.0011244918410498526
leaf_weight=1866.4129208624363 1101.8401712523773 6358.2494419496506 800.05892907362431 3671.6381322797388 2190.7696399576962 2753.46577166114 2308.6470423704013
leaf_count=62615 18876 86073 8540 64449 24418 35241 30045
internal_value=-0.000142209 0.002903 -0.00452032 -0.00809248 0.00957127 0.00047956 0.00181724
internal_weight=21051.1 12404.3 8646.76 5538.05 3292.61 9111.72 3108.71
internal_count=330257 164608 165649 127064 43294 121314 38585
is_linear=0
shrinkage=0.03


Tree=91
num_leaves=8
num_cat=0
split_feature=5 54 48 45 66 66 63
split_gain=306.065 251.984 173.007 171.908 99.2994 86.893 47.238
threshold=9.1666666666666696 1.5000000000000002 0.03509852216748769 1.0000000180025095e-35 -1.0000000180025095e-35 1.0000000180025095e-35 0.10694722222222224
decision_type=2 2 2 2 2 2 2
left_child=1 2 -1 -3 6 -6 -2
right_child=4 3 -4 -5 5 -7 -8
leaf_value=-0.0013570761951907586 0.0091162104681747971 0.00045249850320255283 0.010429480586161121 -0.0086122525743190549 -0.02565444215151759 -0.0054906412127880113 -0.0075895133967301097
leaf_weight=1615.1853085104376 166.28989372588694 11419.719933262095 3557.7450823411345 2246.2944304980338 560.52840855810791 315.84651559405029 1161.8270029872656
leaf_count=29271 3645 144291 39616 35909 38707 8949 29869
internal_value=-0.000138456 0.00109583 0.00673413 -0.0010335 -0.0107057 -0.0185619 -0.00540398
internal_weight=21043.4 18838.9 5172.93 13666 2204.49 876.375 1328.12
internal_count=330257 249087 68887 180200 81170 47656 33514
is_linear=0
shrinkage=0.03


Tree=92
num_leaves=8
num_cat=0
split_feature=42 48 3 43 43 66 12
split_gain=322.572 377.403 352.417 259.072 441.965 172.278 8.38845
threshold=1.0000000180025095e-35 0.029857397504456332 10.500000000000002 1.0000000180025095e-35 -1.0000000180025095e-35 1.0000000180025095e-35 0.29807873252077249
decision_type=2 2 2 2 2 2 2
left_child=3 5 -3 4 -1 -2 -5
right_child=1 2 -4 6 -6 -7 -8
leaf_value=-0.0038036947865046108 -0.010741644774651197 0.004534115151099076 -0.0052985828927990565 -0.011698924688746599 0.04135715398078129 0.003995126914945202 0
leaf_weight=308.66505400277674 4100.8653020244092 10159.359905876219 4833.7460987865925 218.7893004398793 505.79794953390956 851.54915665462613 56.875772953033447
leaf_count=2267 109344 125481 75837 1785 3651 11504 388
internal_value=-0.000135304 -0.00100969 0.00135736 0.0157123 0.0242135 -0.00818808 -0.00906811
internal_weight=21035.6 19945.5 14993.1 1090.13 814.463 4952.41 275.665
internal_count=330257 322166 201318 8091 5918 120848 2173
is_linear=0
shrinkage=0.03


Tree=93
num_leaves=8
num_cat=0
split_feature=68 3 52 57 68 42 55
split_gain=300.729 276.672 227.828 186.505 153.694 138.113 41.0911
threshold=-2.0819994669236586 18.500000000000004 1.0000000180025095e-35 304.00000000000006 -5.3489475856376396 1.0000000180025095e-35 1.0000000180025095e-35
decision_type=2 2 2 2 2 2 2
left_child=3 2 -2 4 -1 -5 -3
right_child=1 6 -4 5 -6 -7 -8
leaf_value=-0.015733160589089197 -0.00936132801817912 0.015778073072472532 0.0044400017876663591 0.015638756049516037 0.0062716747199638026 -0.012584599335281017 -0.010107327014564071
leaf_weight=360.03507431223989 1161.5197227234021 50.068013399839401 13476.289403536357 158.07211757078767 1298.1598829422146 2869.3116184389219 1696.6841694386676
leaf_count=11448 31147 954 170250 1327 18679 67709 29583
internal_value=6.28318e-05 0.00198396 0.00333589 -0.00663073 0.00140683 -0.0110579 -0.00927107
internal_weight=21070.1 16384.6 14637.8 4685.58 1658.19 3027.38 1746.75
internal_count=331097 231934 201397 99163 30127 69036 30537
is_linear=0
shrinkage=0.03


Tree=94
num_leaves=8
num_cat=0
split_feature=17 2 45 63 66 66 1
split_gain=301.362 268.366 237.802 132.932 125.326 30.8448 23.2048
threshold=8.1698717948717974 5.8768939393939403 1.0000000180025095e-35 0.081113100312588823 -0.66666666666666485 0.71999999999999831 1.0000000180025095e-35
decision_type=2 2 2 2 2 2 2
left_child=1 2 -1 -3 6 -6 -2
right_child=4 3 -4 -5 5 -7 -8
leaf_value=0.0046789908825104901 0.010151374073042996 0.012372378042489788 -0.0054242347731570011 -0.0060687652921685327 -0.026675237519261114 0.0058308363331093472 -0.0072960429926466272
leaf_weight=12145.126841122285 102.5752676948905 369.92119068279862 2522.0499062230811 5169.4069964261726 553.94914166349918 21.157260118052363 181.08140141144395
leaf_count=136715 2002 6765 37709 110946 32604 417 3939
internal_value=6.00952e-05 0.000805948 0.00293433 -0.00481097 -0.0172885 -0.0252843 -0.000608408
internal_weight=21065.3 20206.5 14667.2 5539.33 858.763 575.106 283.657
internal_count=331097 292135 174424 117711 38962 33021 5941
is_linear=0
shrinkage=0.03


Tree=95
num_leaves=8
num_cat=0
split_feature=9 31 11 42 66 54 0
split_gain=314.348 195.772 189.903 168.051 176.483 60.1923 37.8885
threshold=0.17869601083486947 1.0000000180025095e-35 0.10015690483869248 1.0000000180025095e-35 -1.0000000180025095e-35 1.0000000180025095e-35 0.40588235294117653
decision_type=2 2 2 2 2 2 2
left_child=3 6 -3 5 -5 -1 -2
right_child=1 2 -4 4 -6 -7 -8
leaf_value=0.059823859213289109 -0.013177618780887627 0.0013853280529802781 0.0096107948271135935 -0.0029447653229130958 -0.013924877700189568 0.012211066387873984 0.00024047890372758254
leaf_weight=24.437367206439376 801.7615325525403 10442.321634848602 3343.8613905347884 4014.5678111948073 1980.6291290996596 221.22852040454745 230.2145335432142
leaf_count=234 9052 141088 35165 70469 71071 2165 1853
internal_value=5.74808e-05 0.00244034 0.00338972 -0.00558334 -0.00659584 0.0184052 -0.0101108
internal_weight=21059 14818.2 13786.2 6240.86 5995.2 245.666 1031.98
internal_count=331097 187158 176253 143939 141540 2399 10905
is_linear=0
shrinkage=0.03


Tree=96
num_leaves=8
num_cat=0
split_feature=17 68 53 57 43 42 43
split_gain=285.629 282.877 217.751 130.701 101.625 106.399 18.6978
threshold=1.9591666666666667 -2.3510524143623583 1.0000000180025095e-35 304.00000000000006 125.00000000000001 1.0000000180025095e-35 325.00000000000006
decision_type=2 2 2 2 2 2 2
left_child=4 3 -3 -2 5 -1 -6
right_child=1 2 -4 -5 6 -7 -8
leaf_value=0.038307749504867872 -0.0014919805616669106 -0.012601559831340883 0.0014661568827415443 -0.013443212251030732 0.0037110451092035599 0.012201793527895724 -0.0087851111325337374
leaf_weight=162.92620297521353 1357.0780655723065 1056.3313022507355 14684.063060674816 2169.3945125741884 291.08908593375236 1138.2151931440458 162.45875039882958
leaf_count=1026 26178 31788 198623 53641 3317 13854 1830
internal_value=-0.000142733 -0.00120336 0.00051266 -0.00887818 0.0114224 0.0156738 -0.000615735
internal_weight=21021.6 19266.9 15740.4 3526.47 1754.69 1301.14 453.548
internal_count=330257 310230 230411 79819 20027 14880 5147
is_linear=0
shrinkage=0.03


Tree=97
num_leaves=8
num_cat=0
split_feature=42 41 43 43 11 3 6
split_gain=268.745 305.676 264.243 394.282 238.617 186.743 10.3763
threshold=1.0000000180025095e-35 0.23611111111111113 1.0000000180025095e-35 -1.0000000180025095e-35 0.085600718942741891 9.5000000000000018 8.5000000000000018
decision_type=2 2 2 2 2 2 2
left_child=2 4 3 -1 -2 -3 -4
right_child=1 5 6 -5 -6 -7 -8
leaf_value=-0.0039951808347875968 -0.0064467035398774854 0.0088232404077738039 0.0030947029885195348 0.038444075638653451 0.0019806988299503787 -0.0013779643338236566 -0.012579938290116251
leaf_weight=307.15315208211541 8782.9413560759276 3683.3888938101009 32.276796478778124 523.06160927191377 4586.2636405453086 2847.1336997067556 251.78921062685549
leaf_count=2247 178336 41114 254 3644 61221 41450 1991
internal_value=-0.00013879 -0.00094731 0.0141597 0.0227052 -0.00354932 0.00436436 -0.0104648
internal_weight=21014 19899.7 1114.28 830.215 13369.2 6530.52 284.066
internal_count=330257 322121 8136 5891 239557 82564 2245
is_linear=0
shrinkage=0.03


Tree=98
num_leaves=8
num_cat=0
split_feature=17 9 66 9 43 42 43
split_gain=263.866 250.607 165.019 149.992 92.312 88.5332 17.7027
threshold=1.9591666666666667 0.18000190077931955 -1.0000000180025095e-35 0.40670537967665238 125.00000000000001 1.0000000180025095e-35 325.00000000000006
decision_type=2 2 2 2 2 2 2
left_child=4 2 -2 -3 5 -1 -6
right_child=1 3 -4 -5 6 -7 -8
leaf_value=0.035265852555389623 -0.0028012507456643019 -0.00029622529005083275 -0.013646758408695007 0.0083518263721080871 0.0036230758396004806 0.011736388274597033 -0.0085603505019710008
leaf_weight=168.41771292313933 3855.1245269477367 11344.328499257565 1896.949219873175 2137.7975806239992 291.70182192977518 1148.5782525828108 161.25867861323059
leaf_count=1026 67812 156379 69722 16317 3317 13854 1830
internal_value=-0.000135084 -0.00116036 -0.00640232 0.00107097 0.0109278 0.0149354 -0.000563934
internal_weight=21004.2 19234.2 5752.07 13482.1 1769.96 1317 452.961
internal_count=330257 310230 137534 172696 20027 14880 5147
is_linear=0
shrinkage=0.03


Tree=99
num_leaves=8
num_cat=0
split_feature=4 4 31 11 68 3 28
split_gain=271.574 221.792 199.374 160.722 136.902 123.864 115.17
threshold=4.5000000000000009 1.5000000000000002 1.5000000000000002 0.075922992408892637 -2.0819994669236586 15.500000000000002 1075.0000000000002
decision_type=2 2 2 2 2 2 2
left_child=1 3 -3 -1 6 -6 -2
right_child=4 2 -4 -5 5 -7 -8
leaf_value=-0.0082579794291222901 0.011769386858488344 -0.015256631011355775 0.0072459279172265943 0.0028829947941824874 0.00033311099461449988 -0.0096109797175377622 -0.012400109758032924
leaf_weight=2142.9046669201925 186.16940573230386 366.05562544800341 7066.7213417459279 2528.3013371238485 5189.3268658826128 1429.7387486994267 2087.1636965833604
leaf_count=33203 4603 3154 65262 26701 104199 30763 62627
internal_value=-2.45605e-05 0.00289506 0.00611609 -0.00221202 -0.00400815 -0.00180689 -0.0103598
internal_weight=20996.4 12104 7432.78 4671.21 8892.4 6619.07 2273.33
internal_count=330512 128320 68416 59904 202192 134962 67230
is_linear=0
shrinkage=0.03


Tree=100
num_leaves=8
num_cat=0
split_feature=12 41 22 22 30 0 43
split_gain=268.749 222.715 295.951 281.044 105.155 73.0082 52.2832
threshold=0.25454921733895247 0.11805555555555557 1.5000000000000002 1.5000000000000002 27.000000000000004 0.01941930618401207 275.00000000000006
decision_type=2 2 2 2 2 2 2
left_child=1 2 -1 -3 6 -6 -2
right_child=4 3 -4 -5 5 -7 -8
leaf_value=-0.003354287414692036 0.012475532086923955 -0.0007670232847549189 -0.021679730076376323 0.016428189624816229 0.0065651541096756324 -0.001422779858137202 0
leaf_weight=8264.7894206652418 1843.0214145043865 4504.1439195843413 876.12634382490069 1048.6185757201165 1915.4201846495271 2187.4243841515854 348.73869950231165
leaf_count=160992 19368 61083 20531 13732 25474 25510 3822
internal_value=-2.45009e-05 -0.00225064 -0.00513145 0.00247589 0.00515541 0.00228794 0.0104647
internal_weight=20988.3 14693.7 9140.92 5552.76 6294.6 4102.84 2191.76
internal_count=330512 256338 181523 74815 74174 50984 23190
is_linear=0
shrinkage=0.03


Tree=101
num_leaves=8
num_cat=0
split_feature=17 4 4 68 50 68 42
split_gain=264.191 254.911 248.282 148.705 20.8329 12.9157 10.4327
threshold=9.0060975609756113 3.5000000000000004 1.5000000000000002 -5.3489475856376396 -0.06836061814472276 -1.6126926234684857 1.0000000180025095e-35
decision_type=2 2 2 2 2 2 2
left_child=1 2 -1 -3 5 -2 -6
right_child=4 3 -4 -5 6 -7 -8
leaf_value=-0.0011815289730996042 -0.019324623187466708 -0.021873845137722305 0.0083920050361702067 -0.0020334861180158338 0.0066081682297951961 -0.0021698693011884358 -0.027385602256662585
leaf_weight=4480.8330315100029 103.33885285817087 347.93818172346801 5302.3213255163282 10358.833684300072 2.214136127382516 85.125118025578558 303.41091690212488
leaf_count=52236 5534 10252 45366 195181 39 2248 19656
internal_value=-2.44611e-05 0.00049642 0.00399962 -0.00269655 -0.0215944 -0.0122977 -0.0267472
internal_weight=20984 20489.9 9783.15 10706.8 494.089 188.464 305.625
internal_count=330512 303035 97602 205433 27477 7782 19695
is_linear=0
shrinkage=0.03


Tree=102
num_leaves=8
num_cat=0
split_feature=12 26 45 1 66 42 0
split_gain=259.521 201.955 232.632 154.607 99.9079 90.5464 44.7996
threshold=0.18237496526813007 5.5000000000000009 1.0000000180025095e-35 0.3304597701149426 -0.02500000000000013 1.0000000180025095e-35 0.045983086680761107
decision_type=2 2 2 2 2 2 2
left_child=3 2 -2 4 -1 -3 -5
right_child=1 5 -4 6 -6 -7 -8
leaf_value=-0.0054879138916625004 0.0044441285289168915 0.028885717511374455 -0.0054836991638424291 0.009779697075608813 -0.016032165774851413 -0.011808928526701472 -0.0014176358513505276
leaf_weight=2190.6133423931897 12218.722106121946 45.539046753197908 2559.308872085996 456.94230591505766 1324.6712673543952 1149.4102948689833 1024.1913848947734
leaf_count=39120 159714 385 43079 4944 48861 21302 13232
internal_value=-0.000110077 0.00175237 0.00271743 -0.00607792 -0.00950402 -0.0100692 0.00199756
internal_weight=20969.4 15973 14778 4996.42 3515.28 1194.95 1481.13
internal_count=330637 224480 202793 106157 87981 21687 18176
is_linear=0
shrinkage=0.03


Tree=103
num_leaves=8
num_cat=0
split_feature=42 53 2 43 43 17 67
split_gain=251.656 327.979 252.89 210.265 346.763 148.529 10.2779
threshold=1.0000000180025095e-35 1.0000000180025095e-35 5.8768939393939403 1.0000000180025095e-35 -1.0000000180025095e-35 3.7785947712418304 0.019756097560974517
decision_type=2 2 2 2 2 2 2
left_child=3 5 -3 4 -1 -2 -5
right_child=1 2 -4 6 -6 -7 -8
leaf_value=-0.0035159662946321383 -0.001164781836359981 0.0025114362757175965 -0.0052134892685638274 -0.012301456619713049 0.035740760439768038 -0.020906385007423939 0
leaf_weight=317.13779777288437 534.27801048383117 12874.493274866603 5412.3685732018203 193.88949034363031 532.9855169467628 1009.1224150802009 87.167431715875864
leaf_count=2313 10057 147494 120902 1587 3624 44017 643
internal_value=-0.000107494 -0.000898256 0.000219367 0.0136188 0.0210559 -0.0141564 -0.0085368
internal_weight=20961.4 19830.3 18286.9 1131.18 850.123 1543.4 281.057
internal_count=330637 322470 268396 8167 5937 54074 2230
is_linear=0
shrinkage=0.03


Tree=104
num_leaves=8
num_cat=0
split_feature=17 26 45 66 42 42 1
split_gain=245.421 246.9 269.561 146.924 114.388 50.958 26.6884
threshold=7.6277173913043486 5.5000000000000009 1.0000000180025095e-35 -1.0000000180025095e-35 1.0000000180025095e-35 1.5000000000000002 1.0000000180025095e-35
decision_type=2 2 2 2 2 2 2
left_child=1 2 -1 6 -3 -5 -2
right_child=3 4 -4 5 -6 -7 -8
leaf_value=0.0032946963221417436 0.0078031687307378644 0.028729370795676393 -0.0063178994991376037 0.01772169624598471 -0.012720673815679985 -0.024984077638246033 -0.0065311583557553605
leaf_weight=15160.431103732437 173.98319101147354 56.633654553443193 3165.8205063389614 20.344439256936312 1443.9745891690254 606.39572665141895 322.50131284631789
leaf_count=199973 3347 478 53638 512 28190 37607 6892
internal_value=-0.000105321 0.000664654 0.00162796 -0.0137192 -0.0110063 -0.0233261 -0.00130079
internal_weight=20950.1 19826.9 18326.3 1123.22 1500.61 626.74 496.485
internal_count=330637 282279 253611 48358 28668 38119 10239
is_linear=0
shrinkage=0.03


Tree=105
num_leaves=8
num_cat=0
split_feature=68 26 45 56 61 67 14
split_gain=243.838 231.279 212.049 60.7848 39.1123 26.251 10.6416
threshold=-4.9903328766168391 5.5000000000000009 1.0000000180025095e-35 1.0000000180025095e-35 0.12616666666666668 -1.8777777777777771 0.07143752462127996
decision_type=2 2 2 2 2 2 2
left_child=4 2 -2 -3 6 -6 -1
right_child=1 3 -4 -5 5 -7 -8
leaf_value=0 0.0027580279465753395 0.016934036446068959 -0.0057210782104519789 -0.012057170520850657 -0.025058547327583565 -0.011109646535551253 0.034152863838134699
leaf_weight=11.181339726317676 15571.432164553087 61.319705931004137 3190.1686038244516 1471.8516399865039 373.92582864640281 242.26066844770685 9.5868921303190273
leaf_count=277 222244 1176 60575 29323 8638 7740 197
internal_value=-0.000181868 0.000389504 0.00131033 -0.0107879 -0.0183884 -0.0198528 0.0169885
internal_weight=20931.7 20294.8 18761.6 1533.17 636.955 616.186 20.7682
internal_count=330170 313318 282819 30499 16852 16378 474
is_linear=0
shrinkage=0.03


Tree=106
num_leaves=8
num_cat=0
split_feature=54 48 42 1 31 49 11
split_gain=249.754 221.238 243.73 137.158 101.528 97.6133 77.4374
threshold=2.5000000000000004 0.20156250000000003 1.0000000180025095e-35 0.38138528138528144 1.5000000000000002 -0.39248401313515385 0.10091373451734446
decision_type=2 2 2 2 2 2 2
left_child=1 2 -1 6 -5 -3 -2
right_child=3 5 -4 4 -6 -7 -8
leaf_value=0.023151000444468314 -0.0079509558918492724 0.0020714568041564859 -0.0016092228842549861 -0.011072333317079032 0.0024799868417648687 0.012135070540816344 0.0013467253772449744
leaf_weight=373.56966081820428 5032.6129461904056 1349.9336795210838 6494.1019533202052 571.26354959793389 3604.4995777430013 2559.8331038551405 939.16828519105911
leaf_count=2666 101608 15280 123325 5991 37897 30530 12873
internal_value=-0.000176995 0.0029981 -0.000233423 -0.00355786 0.000593415 0.00869046 -0.00647377
internal_weight=20925 10777.4 6867.67 10147.5 4175.76 3909.77 5971.78
internal_count=330170 171801 125991 158369 43888 45810 114481
is_linear=0
shrinkage=0.03


Tree=107
num_leaves=8
num_cat=0
split_feature=17 43 42 8 53 61 42
split_gain=239.322 220.139 293.979 109.12 25.1319 12.0629 9.2574
threshold=8.7886904761904781 1.0000000180025095e-35 1.0000000180025095e-35 0.1546370609676683 0.12948214401339406 0.35101785714285721 1.5000000000000002
decision_type=2 2 2 2 2 2 2
left_child=1 2 -1 -3 6 -6 -2
right_child=4 3 -4 -5 5 -7 -8
leaf_value=0.01936864587110038 0.002015160214001133 -0.0060024402182660185 0.0013088088884616036 0.0051339947518436136 -0.014820790985956858 0.002856566087087948 -0.027777957962784993
leaf_weight=860.53565835393965 3.26851778384298 5312.1548383217305 13289.014266369864 917.78238414414227 252.58330198470503 28.96107666566968 252.21117970813066
leaf_count=5845 123 81850 205191 7068 10507 1043 18543
internal_value=-0.00017176 0.000347089 0.00241997 -0.00434461 -0.0198491 -0.0126702 -0.0270199
internal_weight=20916.5 20379.5 14149.5 6229.94 537.024 281.544 255.48
internal_count=330170 299954 211036 88918 30216 11550 18666
is_linear=0
shrinkage=0.03


Tree=108
num_leaves=8
num_cat=0
split_feature=4 54 69 17 43 12 63
split_gain=251.181 184.155 140.902 103.619 69.7466 48.5232 45.6412
threshold=9.5000000000000018 2.5000000000000004 1.0000000180025095e-35 3.6079192546583854 1.0000000180025095e-35 0.1809564649187291 0.0899170008912656
decision_type=2 2 2 2 2 2 2
left_child=1 2 -1 6 -3 -5 -2
right_child=3 4 -4 5 -6 -7 -8
leaf_value=0.0075227302967811058 0.012782103366725034 -1.2004636744954674e-05 8.1708786118033663e-05 -0.018163773227862428 -0.0060746639047894232 -0.0081802544705479908 -0.0031095890784947049
leaf_weight=5399.1937113613822 202.54931179340929 6099.5234937858768 4017.8778088930994 700.54186490597203 2383.2472924967296 1366.4446920240298 742.42216831725091
leaf_count=75625 3965 79898 48892 31759 30493 43402 16057
internal_value=0.000116011 0.00146954 0.00435923 -0.00788719 -0.0017285 -0.011643 0.000251314
internal_weight=20911.8 17899.8 9417.07 3011.96 8482.77 2066.99 944.971
internal_count=330091 234908 124517 95183 110391 75161 20022
is_linear=0
shrinkage=0.03


Tree=109
num_leaves=8
num_cat=0
split_feature=4 54 69 17 41 8 8
split_gain=237.866 172.768 131.313 99.3168 68.8965 40.2451 25.8921
threshold=9.5000000000000018 2.5000000000000004 1.0000000180025095e-35 3.6079192546583854 0.26136363636363641 0.050049558881747315 0.066868385395686097
decision_type=2 2 2 2 2 2 2
left_child=1 2 -1 6 -3 -5 -2
right_child=3 4 -4 5 -6 -7 -8
leaf_value=0.0072544691519395871 -0.0041834553923227984 -0.0036212467160930649 7.9255687194770407e-05 -0.016726932972988898 0.0020769540870392072 -0.0078274267953188717 0.005722277028747752
leaf_weight=5430.5806357250549 514.50669278949499 5600.5242053801194 4018.1209746506065 807.99006852274761 2871.0419340813532 1237.1228466448374 430.68973903357983
leaf_count=75625 12575 78489 48892 38752 31902 36409 7447
internal_value=0.000111586 0.00142344 0.00421434 -0.00770927 -0.0016794 -0.0114196 0.000241849
internal_weight=20910.6 17920.3 9448.7 2990.31 8471.57 2045.11 945.196
internal_count=330091 234908 124517 95183 110391 75161 20022
is_linear=0
shrinkage=0.03


Tree=110
num_leaves=8
num_cat=0
split_feature=68 30 66 66 42 61 63
split_gain=248.197 227.293 220.967 91.5991 51.4624 26.8308 9.82115
threshold=-4.9903328766168391 25.000000000000004 -1.0000000180025095e-35 0.92500000000000038 1.0000000180025095e-35 0.12616666666666668 0.14669319517930632
decision_type=2 2 2 2 2 2 2
left_child=4 3 -3 -2 6 -6 -1
right_child=1 2 -4 -5 5 -7 -8
leaf_value=0.028889987854141579 0.0043805273574232789 0.0014677191924990496 -0.0061015757087795842 0.015086558023256477 0.010290768323292289 -0.021678173044244919 0
leaf_weight=17.390252497047189 3816.8234146549366 10368.006240693852 5204.3388069882058 899.14748345129192 17.946541382931173 574.36320867808536 10.78757958486676
leaf_count=142 53594 139496 110886 9361 450 16054 108
internal_value=0.000107574 0.000685524 -0.00105734 0.00645462 -0.0185004 -0.0204808 0.0172291
internal_weight=20908.8 20288.3 15572.3 4715.97 620.488 592.31 28.1778
internal_count=330091 313337 250382 62955 16754 16504 250
is_linear=0
shrinkage=0.03


Tree=111
num_leaves=8
num_cat=0
split_feature=68 26 25 57 68 42 42
split_gain=229.065 196.411 193.435 173.05 148.179 118.245 54.197
threshold=-1.6273330730183504 5.5000000000000009 451.00000000000006 297.85000000000008 -5.1511648386810256 1.0000000180025095e-35 1.0000000180025095e-35
decision_type=2 2 2 2 2 2 2
left_child=3 2 -2 4 -1 -5 -3
right_child=1 6 -4 5 -6 -7 -8
leaf_value=-0.01470698475304125 -0.0032953024476848965 0.020469673565404623 0.0051082808793658178 0.011615506439951932 0.0064298407256785902 -0.009209316617906969 -0.011385914511434154
leaf_weight=358.40922995936126 3250.4265344049782 43.894629921764135 10030.681861405727 252.45715885050595 1636.5400720071048 4262.0738724158145 1080.0495851263404
leaf_count=11927 51675 350 126823 1942 22909 93347 21538
internal_value=-8.71009e-05 0.00201901 0.00304434 -0.00475957 0.00256016 -0.0080133 -0.00997695
internal_weight=20914.5 14405.1 13281.1 6509.48 1994.95 4514.53 1123.94
internal_count=330511 200386 178498 130125 34836 95289 21888
is_linear=0
shrinkage=0.03


Tree=112
num_leaves=8
num_cat=0
split_feature=17 54 68 48 66 1 42
split_gain=223.855 202.108 140.389 113.447 47.2234 15.6407 10.8449
threshold=9.1291666666666682 1.5000000000000002 -1.6273330730183504 0.049390243902439034 -0.1249999999999991 1.0000000180025095e-35 1.5000000000000002
decision_type=2 2 2 2 2 2 2
left_child=1 3 -3 -1 5 -2 -6
right_child=4 2 -4 -5 6 -7 -8
leaf_value=-0.00097276210037787914 0.009195230099711767 -0.0058554918781338261 0.00046373022434313308 0.0081955507432091134 0.001786889074199334 -0.012606639720336361 -0.027796011126993852
leaf_weight=1764.3617599499412 43.457470502704382 4526.4968002103269 10412.006157361902 3773.27317053359 5.0651153135113409 64.07703042216599 318.75668665859848
leaf_count=34704 930 82327 141051 45712 169 1502 24116
internal_value=-8.49259e-05 0.000363769 -0.00144635 0.00525993 -0.0213505 -0.0029791 -0.0270394
internal_weight=20907.5 20476.1 14938.5 5537.63 431.356 107.535 323.822
internal_count=330511 303794 223378 80416 26717 2432 24285
is_linear=0
shrinkage=0.03


Tree=113
num_leaves=8
num_cat=0
split_feature=17 43 42 12 50 42 61
split_gain=215.134 214.516 226.236 103.299 16.9184 11.2629 7.69976
threshold=9.1291666666666682 1.0000000180025095e-35 1.0000000180025095e-35 0.26726124191324646 -0.05439782041797659 1.5000000000000002 0.35101785714285721
decision_type=2 2 2 2 2 2 2
left_child=1 2 -1 -3 6 -6 -2
right_child=4 3 -4 -5 5 -7 -8
leaf_value=0.017209518978929649 -0.014131262245410173 -0.0065353731794423435 0.0014123873342448282 0.0023341840123963457 0.0040217391990476888 -0.027160624498614113 0.0031932123477908655
leaf_weight=865.88713764771819 145.60213971324265 4653.8060779143125 13397.353214621544 1562.9251194298267 4.4284721440635613 256.72424411959946 15.835980952251701
leaf_count=5791 6709 72960 208085 16958 137 19268 603
internal_value=-8.28737e-05 0.000352437 0.0023834 -0.00429096 -0.0211472 -0.0262281 -0.0118462
internal_weight=20902.6 20480 14263.2 6216.73 422.591 261.153 161.438
internal_count=330511 303794 213876 89918 26717 19405 7312
is_linear=0
shrinkage=0.03


Tree=114
num_leaves=8
num_cat=0
split_feature=68 26 17 42 42 61 63
split_gain=219.795 207.765 216.353 105.573 38.1073 16.444 5.98041
threshold=-5.1511648386810256 5.5000000000000009 8.7886904761904781 1.0000000180025095e-35 1.0000000180025095e-35 0.12616666666666668 0.13022522875816997
decision_type=2 2 2 2 2 2 2
left_child=4 2 -2 -3 6 -6 -1
right_child=1 3 -4 -5 5 -7 -8
leaf_value=0.023303856705183514 0.0018227975463078949 0.026811987115239268 -0.019409231987302929 -0.011927507608491506 0.003942106520197582 -0.021516534172072665 0
leaf_weight=13.922431848943235 18392.866753043141 60.238713745027781 436.79040435375646 1446.6574245584197 16.226755877491087 507.95386105636135 13.123099803924559
leaf_count=108 257815 480 26271 30105 429 15319 127
internal_value=-4.70019e-05 0.000457453 0.00132048 -0.0102358 -0.0186566 -0.0205286 0.0123578
internal_weight=20887.8 20336.6 18829.7 1506.9 551.226 524.181 27.0455
internal_count=330654 314671 284086 30585 15983 15748 235
is_linear=0
shrinkage=0.03


Tree=115
num_leaves=8
num_cat=0
split_feature=12 66 66 31 31 32 37
split_gain=221.784 172.46 572.479 191.648 138.613 83.5551 19.0263
threshold=0.2615531346045144 -1.0000000180025095e-35 1.0000000180025095e-35 2.5000000000000004 1.0000000180025095e-35 3.5000000000000004 2.4913793103448278
decision_type=2 2 2 2 2 2 2
left_child=1 3 -3 -1 6 -6 -2
right_child=4 2 -4 -5 5 -7 -8
leaf_value=0.0053800501139783337 0 -0.018682283585644409 0.0017123279429254049 -0.0029903978100354655 0.0090210440414228935 1.414669390314852e-05 -0.012464389767857392
leaf_weight=4096.8529467638582 151.23066946677864 2044.6233140188269 3111.4726363504305 6146.3279510177672 3668.2411605985835 1266.6993250790983 397.14624135941267
leaf_count=50954 1143 81549 40803 94795 42434 14604 4372
internal_value=-4.58305e-05 -0.00189506 -0.00636788 0.000349648 0.00512811 0.00672973 -0.00905312
internal_weight=20882.6 15399.3 5156.1 10243.2 5483.32 4934.94 548.377
internal_count=330654 268101 122352 145749 62553 57038 5515
is_linear=0
shrinkage=0.03


Tree=116
num_leaves=8
num_cat=0
split_feature=68 54 48 69 52 61 16
split_gain=209.316 197.169 160.669 97.7741 29.6001 20.128 16.0013
threshold=-5.1511648386810256 2.5000000000000004 0.049390243902439034 -4.1928333783977889 1.6440092165898619 0.12616666666666668 6.2390476190476205
decision_type=2 2 2 2 2 2 2
left_child=4 2 -2 -3 6 -6 -1
right_child=1 3 -4 -5 5 -7 -8
leaf_value=0.0058559946986633414 -0.0022044209406264876 0.0074140640567488042 0.0057737213319212196 -0.0035203264591310802 0.0048523606843513456 -0.023261884063010458 -0.015918452319762123
leaf_weight=60.828951282892376 3278.4352426966652 792.29123743250966 7280.1820915015414 8983.820281598717 17.064529994968325 415.50430234102532 47.409705686382949
leaf_count=1310 75105 11369 88906 139291 398 10903 3372
internal_value=-4.50812e-05 0.000442588 0.00328813 -0.00262163 -0.0183828 -0.0219043 -0.00316842
internal_weight=20875.5 20334.7 10558.6 9776.11 540.807 432.569 108.239
internal_count=330654 314671 164011 150660 15983 11301 4682
is_linear=0
shrinkage=0.03


Tree=117
num_leaves=8
num_cat=0
split_feature=11 31 37 66 66 49 44
split_gain=197.706 181.087 167.601 132.669 197.643 76.7896 29.0905
threshold=0.05556545145073824 1.0000000180025095e-35 4.4021276595744689 -1.0000000180025095e-35 1.0000000180025095e-35 -1.0000000180025095e-35 1.0000000180025095e-35
decision_type=2 2 2 2 2 2 2
left_child=3 6 -3 5 -5 -1 -2
right_child=1 2 -4 4 -6 -7 -8
leaf_value=-0.012609066295433038 -0.0063885726403214481 0.0063668984109757302 -0.00011329072398607531 -0.022617359928911823 -0.0014586001921022733 2.3602459640716149e-05 -0.017299994666570138
leaf_weight=499.2929044123739 676.23476239247248 6059.8177233701572 8744.5649485224858 811.827967856545 793.9342579934746 2967.1748813632876 365.37098310701549
leaf_count=8802 7602 66778 144774 40860 12224 45946 4055
internal_value=2.31786e-05 0.00167771 0.0025344 -0.00512451 -0.0122487 -0.00178556 -0.0103664
internal_weight=20918.2 15846 14804.4 5072.23 1605.76 3466.47 1041.61
internal_count=331041 223209 211552 107832 53084 54748 11657
is_linear=0
shrinkage=0.03


Tree=118
num_leaves=8
num_cat=0
split_feature=12 31 3 66 66 69 9
split_gain=205.976 174.829 158.471 114.528 199.863 68.9798 25.5176
threshold=0.18311322765677082 1.0000000180025095e-35 10.500000000000002 -1.0000000180025095e-35 1.0000000180025095e-35 1.0000000180025095e-35 0.34185249798424899
decision_type=2 2 2 2 2 2 2
left_child=3 6 -3 5 -5 -1 -2
right_child=1 2 -4 4 -6 -7 -8
leaf_value=0 -0.013699943494213477 0.0043713533254312398 -0.002627626949724357 -0.022594144902451901 -0.0011112916088148873 -0.010581120731841708 -0.0034139816865875168
leaf_weight=2690.1677353158593 669.97552034910768 10983.956408123486 3940.0915393666364 790.75350277591497 783.13675872795284 691.05558414012194 365.3351136893034
leaf_count=42116 8810 152392 59414 41135 12185 12098 2891
internal_value=2.09342e-05 0.00168431 0.00251727 -0.0053146 -0.0119991 -0.00216341 -0.0101907
internal_weight=20914.5 15959.4 14924 4955.11 1573.89 3381.22 1035.31
internal_count=331041 223507 211806 107534 53320 54214 11701
is_linear=0
shrinkage=0.03


Tree=119
num_leaves=8
num_cat=0
split_feature=68 30 66 69 67 16 56
split_gain=208.975 184.246 195.703 108.799 23.7367 17.8069 17.467
threshold=-4.9903328766168391 27.000000000000004 -1.0000000180025095e-35 1.0000000180025095e-35 -1.8777777777777771 4.5568475452196386 1.0000000180025095e-35
decision_type=2 2 2 2 2 2 2
left_child=4 3 -3 -2 6 -6 -1
right_child=1 2 -4 -5 5 -7 -8
leaf_value=0.013224953788358836 0.0086458004660386074 0.0010669158019522421 -0.0064961921000254684 0.00071547627352227801 0.0033831186548048328 -0.014171693934480083 -0.02370906910312523
leaf_weight=5.7332303877919903 3225.2908452609554 9504.1934305746108 4539.6860310449265 3059.2313388595358 61.339386250823736 168.58472909266129 347.10212729126215
leaf_count=109 47408 127718 101269 37880 1088 6828 8741
internal_value=1.87208e-05 0.000532778 -0.0013729 0.00480336 -0.017612 -0.00913297 -0.022681
internal_weight=20911.2 20328.4 14043.9 6284.52 582.759 229.924 352.835
internal_count=331041 314275 228987 85288 16766 7916 8850
is_linear=0
shrinkage=0.03


Tree=120
num_leaves=8
num_cat=0
split_feature=30 66 66 0 69 66 17
split_gain=205.253 180.754 507.433 235.125 84.5379 106.594 83.3952
threshold=25.000000000000004 -1.0000000180025095e-35 1.0000000180025095e-35 1.0000000180025095e-35 1.0000000180025095e-35 0.92500000000000038 4.9459064327485391
decision_type=2 2 2 2 2 2 2
left_child=4 3 -3 -2 6 -6 -1
right_child=1 2 -4 -5 5 -7 -8
leaf_value=0.013347856082396669 0.0053174799682874129 -0.017965784907042873 0.0011546939651086905 -0.0035632985386271714 -0.0026042108432047482 0.010799298713991785 0.0012664962241516486
leaf_weight=1609.8347976738587 5070.320131784305 2015.8350756745785 3249.1710435682908 5681.2584664709866 1721.1553695965558 765.14106856100261 781.45263970177621
leaf_count=19197 63558 78729 40191 82400 22798 7451 16721
internal_value=3.06277e-05 -0.0016061 -0.00615907 0.000616932 0.00541974 0.0014979 0.00944821
internal_weight=20894.2 16016.6 5265.01 10751.6 4877.58 2486.3 2391.29
internal_count=331045 264878 118920 145958 66167 30249 35918
is_linear=0
shrinkage=0.03


Tree=121
num_leaves=8
num_cat=0
split_feature=9 16 52 43 54 43 31
split_gain=220.938 172.666 162.935 99.0311 75.3445 55.2068 26.0397
threshold=0.25206645062154281 3.3397435897435903 1.0000000180025095e-35 225.00000000000003 3.5000000000000004 1.0000000180025095e-35 1.0000000180025095e-35
decision_type=2 2 2 2 2 2 2
left_child=1 5 -3 4 -2 -1 -5
right_child=3 2 -4 6 -6 -7 -8
leaf_value=0.012777170522952415 0.0070865010260364215 -0.016086972749339387 -0.0025146443405619045 -0.017570498093251199 4.9199470472768119e-05 -0.0014882532304118551 -0.0026960423919207498
leaf_weight=819.67686957493424 5144.4294437579811 859.09859414119273 10752.122476757504 119.05270420014858 1900.5280752405524 330.24216937273741 964.28012849856168
leaf_count=10654 50324 43824 191602 1143 19338 4287 9873
internal_value=2.9163e-05 -0.00242853 -0.00353308 0.00389784 0.00520219 0.00861369 -0.00448658
internal_weight=20889.4 12761.1 11611.2 8128.29 7044.96 1149.92 1083.33
internal_count=331045 250367 235426 80678 69662 14941 11016
is_linear=0
shrinkage=0.03


Tree=122
num_leaves=8
num_cat=0
split_feature=43 42 43 66 66 66 0
split_gain=211.115 242.105 285.107 217.156 134.787 221.213 128.469
threshold=1.0000000180025095e-35 1.0000000180025095e-35 -1.0000000180025095e-35 -1.0000000180025095e-35 1.0000000180025095e-35 -1.0000000180025095e-35 0.025978407557354928
decision_type=2 2 2 2 2 2 2
left_child=1 2 -1 -3 5 -2 -6
right_child=4 3 -4 -5 6 -7 -8
leaf_value=-0.0048744457314182695 -0.0044952026046725406 0.0038387382282089265 0.030143335198608512 -0.0040337796382691167 0.013546356634805478 -0.023314359621376703 -0.0035759863151277669
leaf_weight=324.75715665519238 3951.4602388869971 8817.5258391816169 557.85360431671143 4895.606220241636 615.8223615186289 656.22787977382541 1064.8371287351474
leaf_count=2283 52570 122178 3588 107477 6664 23541 12744
internal_value=2.73476e-05 0.00201143 0.0172022 0.00102123 -0.00456149 -0.00721731 0.00266611
internal_weight=20884.1 14595.7 882.611 13713.1 6288.35 4607.69 1680.66
internal_count=331045 235526 5871 229655 95519 76111 19408
is_linear=0
shrinkage=0.03


Tree=123
num_leaves=8
num_cat=0
split_feature=54 68 3 28 16 41 43
split_gain=206.356 136.329 137.184 116.844 95.7501 84.4005 39.5476
threshold=1.5000000000000002 -1.6273330730183504 12.500000000000002 1175.0000000000002 4.0128205128205137 0.19090909090909094 325.00000000000006
decision_type=2 2 2 2 2 2 2
left_child=4 3 -3 -2 6 -6 -1
right_child=1 2 -4 -5 5 -7 -8
leaf_value=0.015492207778685542 0.0075213021096051363 0.0019827767668969907 -0.0058376950962709334 -0.0078820219264957754 0.00032224621158883499 0.0090502741994114098 -0.0027673938341375806
leaf_weight=865.56797755043954 486.83142236340791 7820.9909488824196 2715.3389825229533 4108.9801970883273 3326.617836794816 1433.5475971992128 110.81964609399438
leaf_count=9169 9256 103716 43882 83264 63262 16641 1241
internal_value=-7.47943e-05 -0.00191586 -2.59281e-05 -0.0062244 0.00476341 0.00297636 0.0133245
internal_weight=20868.7 15132.1 10536.3 4595.81 5736.55 4760.17 976.388
internal_count=330431 240118 147598 92520 90313 79903 10410
is_linear=0
shrinkage=0.03


Tree=124
num_leaves=8
num_cat=0
split_feature=9 43 42 66 2 5 66
split_gain=204.259 186.989 224.196 81.4344 45.6484 33.6687 31.141
threshold=0.35897894756162479 1.0000000180025095e-35 1.0000000180025095e-35 1.0000000180025095e-35 3.3401360544217691 6.5833333333333348 0.54285714285714215
decision_type=2 2 2 2 2 2 2
left_child=1 2 -1 -3 6 -6 -2
right_child=4 3 -4 -5 5 -7 -8
leaf_value=0.017038025914126946 0.0069316034778361168 -0.0084521265352651993 -0.00043680268608761199 0.00031842201582736796 0.00099305313218446458 0.01184340511500172 0.015703406224680114
leaf_weight=695.97553382813931 1284.5840541524813 3827.5728032211773 11412.824037493672 1241.5907744234428 1529.952028375119 311.11300344206393 559.93549557775259
leaf_count=4949 9804 69811 210326 16186 11337 4615 3403
internal_value=-7.24586e-05 -0.00145205 0.000566784 -0.00628802 0.00632649 0.00290247 0.00967835
internal_weight=20863.5 17178 12108.8 5069.16 3685.58 1841.07 1844.52
internal_count=330431 301272 215275 85997 29159 15952 13207
is_linear=0
shrinkage=0.03


Tree=125
num_leaves=8
num_cat=0
split_feature=4 4 4 48 67 68 51
split_gain=199.892 189.708 142.726 123.951 103.332 98.1567 40.2013
threshold=4.5000000000000009 1.5000000000000002 2.5000000000000004 0.40312500000000007 -2.0102631578947361 -2.0563618741729339 4.5000000000000009
decision_type=2 2 2 2 2 2 2
left_child=1 4 -3 5 -1 -2 -5
right_child=3 2 -4 6 -6 -7 -8
leaf_value=-0.0096130421663068854 -0.011106461340250898 0.010497427959674701 0.0020118671075697379 0.0084354255540132501 0.00037890473652870429 -0.0030594074957201729 -0.0023887403348251996
leaf_weight=1276.1333083575591 1839.1882927268744 2944.6501552285627 4608.3153464719653 897.66829690802842 3355.0775472065434 5483.7465200596489 449.82774099428207
leaf_count=15151 61820 22759 45448 14078 44809 118648 7718
internal_value=-6.97096e-05 0.00240317 0.00533677 -0.0035545 -0.00236237 -0.00509894 0.00476003
internal_weight=20854.6 12184.2 7552.97 8670.43 4631.21 7322.93 1347.5
internal_count=330431 128167 68207 202264 59960 180468 21796
is_linear=0
shrinkage=0.03


Tree=126
num_leaves=8
num_cat=0
split_feature=4 31 45 17 42 8 44
split_gain=192.58 174.313 150.881 71.5915 50.6427 22.9954 22.5083
threshold=9.5000000000000018 1.0000000180025095e-35 1.0000000180025095e-35 3.5635080645161294 1.5000000000000002 0.066868385395686097 1.0000000180025095e-35
decision_type=2 2 2 2 2 2 2
left_child=1 6 -3 5 -5 -2 -1
right_child=3 2 -4 4 -6 -7 -8
leaf_value=-0.0074760011470803283 -0.0046555813161502898 0.0031061132452324509 -0.0044373615243757996 0.0081506125855093526 -0.011630932569409135 0.0048159142254697168 -0.017522124102608991
leaf_weight=660.02110912511125 493.13043800462037 14081.241354850587 2860.1323441723362 115.32860967190936 1869.2164724227041 423.124028891325 337.87621310073882
leaf_count=6870 12156 177043 47623 2115 73748 7305 3594
internal_value=-5.30196e-05 0.00110287 0.00182634 -0.00722191 -0.0104185 -0.000181576 -0.0110376
internal_weight=20840.1 17939.3 16941.4 2900.8 1984.55 916.254 997.897
internal_count=330454 235130 224666 95324 75863 19461 10464
is_linear=0
shrinkage=0.03


Tree=127
num_leaves=8
num_cat=0
split_feature=43 42 43 66 66 66 31
split_gain=182.359 184.407 258.025 208.935 119.271 216.293 120.789
threshold=1.0000000180025095e-35 1.0000000180025095e-35 -1.0000000180025095e-35 -1.0000000180025095e-35 1.0000000180025095e-35 -1.0000000180025095e-35 1.0000000180025095e-35
decision_type=2 2 2 2 2 2 2
left_child=1 2 -1 -3 5 -2 -6
right_child=4 3 -4 -5 6 -7 -8
leaf_value=-0.0063095870823110609 -0.0041955988685015433 0.0036627689855289786 0.026792234639948519 -0.0040639171869640981 -0.017145570683631945 -0.023043677939613507 0.0057267016450896933
leaf_weight=323.75760697387159 3904.2086421772838 8817.9804011099041 580.19089883938432 4886.9129631426185 236.42527886107564 637.90893139410764 1447.5949198137969
leaf_count=2263 52456 121828 3644 107339 2608 23569 16747
internal_value=-5.21496e-05 0.00177575 0.014868 0.000900533 -0.0043535 -0.0068849 0.00242105
internal_weight=20835 14608.8 903.949 13704.9 6226.14 4542.12 1684.02
internal_count=330454 235074 5907 229167 95380 76025 19355
is_linear=0
shrinkage=0.03


Tree=128
num_leaves=8
num_cat=0
split_feature=4 31 68 17 42 9 8
split_gain=182.058 162.038 144.993 68.0089 47.457 22.7264 21.6494
threshold=9.5000000000000018 1.0000000180025095e-35 -5.3489475856376396 3.5635080645161294 1.5000000000000002 0.31150148102177277 0.066868385395686097
decision_type=2 2 2 2 2 2 2
left_child=1 5 -3 6 -5 -1 -2
right_child=3 2 -4 4 -6 -7 -8
leaf_value=-0.014451962496390013 -0.0045572576924220922 -0.017372779620817874 0.0021671212552344726 0.0076586380731951198 -0.011386630963351099 -0.0046461883285376822 0.0046282628216309943
leaf_weight=596.35083752498031 491.35291348583996 343.12909974297509 16618.728019209579 116.61663248948753 1847.3472876376472 390.29146492108703 425.03602253552526
leaf_count=7398 12156 8634 216032 2115 73748 3066 7305
internal_value=-5.14499e-05 0.00106834 0.00176153 -0.00705018 -0.0101935 -0.0107068 -0.00019719
internal_weight=20828.9 17948.5 16961.9 2880.35 1963.96 986.642 916.389
internal_count=330454 235130 224666 95324 75863 10464 19461
is_linear=0
shrinkage=0.03


Tree=129
num_leaves=8
num_cat=0
split_feature=68 54 57 43 68 42 43
split_gain=194.124 168.592 165.299 133.414 81.6707 81.3869 47.5969
threshold=-2.0563618741729339 3.5000000000000004 304.00000000000006 225.00000000000003 -5.3489475856376396 1.0000000180025095e-35 1.0000000180025095e-35
decision_type=2 2 2 2 2 2 2
left_child=2 3 4 -2 -1 -4 -3
right_child=1 6 5 -5 -6 -7 -8
leaf_value=-0.012192135487693432 0.0045891492373565917 -0.0016526486659671187 0.0094984756061401391 -0.0048430234051452994 0.00508357521979218 -0.011253753630027464 -0.0088206665137162601
leaf_weight=293.96734490711242 10234.187084844802 3380.2224268033169 173.15620674006641 1541.4124936619774 1357.5258370777592 2681.1760635827668 1124.6478916150518
leaf_count=11353 142915 48815 1351 22007 19119 68265 15832
internal_value=-6.75708e-05 0.00145351 -0.005579 0.00334532 0.00192663 -0.00994895 -0.00346991
internal_weight=20786.3 16280.5 4505.83 11775.6 1651.49 2854.33 4504.87
internal_count=329657 229569 100088 164922 30472 69616 64647
is_linear=0
shrinkage=0.03


Tree=130
num_leaves=8
num_cat=0
split_feature=68 28 3 43 63 17 63
split_gain=183.425 177.051 162.279 130.665 78.2012 40.1421 33.2147
threshold=-2.3510524143623583 1175.0000000000002 20.500000000000004 1.0000000180025095e-35 0.16795705172020967 2.4511904761904768 0.033908441742081456
decision_type=2 2 2 2 2 2 2
left_child=1 5 3 -2 -3 -1 -4
right_child=2 4 6 -5 -6 -7 -8
leaf_value=0.024184188898439565 0.0038799532774426351 -0.00469393437915576 0.017619790856638243 -0.0020252417499563476 -0.014428555072104072 0.0046388069955460983 -0.0096992680883223985
leaf_weight=130.88292990904301 11006.155167147052 1777.0525690950453 34.622438753955066 4835.2612000079826 1331.6011168914847 380.8208994125016 1284.9922367935069
leaf_count=1656 154345 39656 568 66332 34555 8055 24490
internal_value=-6.6287e-05 -0.0062019 0.00122429 0.00207177 -0.00890917 0.00999793 -0.00885076
internal_weight=20781.4 3620.36 17161 15841.4 3108.65 511.704 1319.61
internal_count=329657 83922 245735 220677 74211 9711 25058
is_linear=0
shrinkage=0.03


Tree=131
num_leaves=8
num_cat=0
split_feature=30 68 0 17 43 11 66
split_gain=185.923 196.529 160.085 95.8298 87.2207 64.9968 34.1654
threshold=25.000000000000004 -1.6273330730183504 1.0000000180025095e-35 3.0513157894736849 225.00000000000003 0.066678683008892112 1.3133928571428579
decision_type=2 2 2 2 2 2 2
left_child=4 3 -3 -2 5 -1 -6
right_child=1 2 -4 -5 6 -7 -8
leaf_value=0.0013541934554794793 0.00070963045916055403 0.0042845501957065628 -0.0029561877193099995 -0.009021767499702623 -0.0069057831224540959 0.0093866394394398981 0.011629265599770483
leaf_weight=1390.5986055880785 1183.9917100984603 5364.7710785716772 5615.3830439811572 3705.0736589240842 648.18541511334479 2772.5496912291273 96.019689805805683
leaf_count=24396 16163 82648 75018 89664 9353 31365 1050
internal_value=-6.44674e-05 -0.00164704 0.000573697 -0.00664839 0.00503136 0.00673003 -0.00433255
internal_weight=20776.6 15869.2 10980.2 4889.07 4907.35 4163.15 744.205
internal_count=329657 263493 157666 105827 66164 55761 10403
is_linear=0
shrinkage=0.03


Tree=132
num_leaves=8
num_cat=0
split_feature=68 3 25 56 17 53 61
split_gain=173.911 183.145 194.929 44.8532 26.4173 30.9995 8.14128
threshold=-5.1511648386810256 17.500000000000004 451.00000000000006 1.0000000180025095e-35 4.2094298245614041 1.0000000180025095e-35 0.12616666666666668
decision_type=2 2 2 2 2 2 2
left_child=4 2 -2 -3 5 -1 -6
right_child=1 3 -4 -5 6 -7 -8
leaf_value=0.01577817206997285 -0.0042577742450796222 0.01715355966034458 0.0030487523024611703 -0.0084073451150660106 0 -0.01365003981676704 -0.024383084216185
leaf_weight=32.649889819324017 4305.7814754364081 56.776394046377391 13747.098987604957 2231.7647819290869 11.864850166719405 167.16125029418617 285.7955700638704
leaf_count=793 76526 909 196192 41316 352 3171 11631
internal_value=-0.000144305 0.000281958 0.0013004 -0.00769795 -0.0175825 -0.00813414 -0.0233884
internal_weight=20838.9 20341.4 18052.9 2288.54 497.472 199.811 297.66
internal_count=330890 314943 272718 42225 15947 3964 11983
is_linear=0
shrinkage=0.03


Tree=133
num_leaves=8
num_cat=0
split_feature=37 48 45 31 42 28 53
split_gain=170.839 157.035 130.204 141.484 107.601 73.1945 57.1484
threshold=4.7533783783783798 0.22361111111111112 1.0000000180025095e-35 1.0000000180025095e-35 1.0000000180025095e-35 1175.0000000000002 0.0017294116558822239
decision_type=2 2 2 2 2 2 2
left_child=2 4 3 -1 -2 -3 -4
right_child=1 5 6 -5 -6 -7 -8
leaf_value=-0.0088893395240410393 0.013165175343860231 0.014280136833128433 -0.020098178287134772 0.0057142538839293072 -0.0065916270952478314 0.00025780731257299199 -0.002697435563975531
leaf_weight=642.9687653882429 251.27750822715461 356.12067440524697 192.75746354926378 7092.719821870327 6043.4657101398334 4866.1237773448229 1388.1095579094253
leaf_count=6362 2109 5249 6483 79937 145867 65827 19056
internal_value=-0.000140454 -0.00258746 0.0028746 0.00448386 -0.00577885 0.00124399 -0.00493256
internal_weight=20833.5 11517 9316.56 7735.69 6294.74 5222.24 1580.87
internal_count=330890 219052 111838 86299 147976 71076 25539
is_linear=0
shrinkage=0.03


Tree=134
num_leaves=8
num_cat=0
split_feature=2 54 31 49 66 42 3
split_gain=174.857 157.515 101.428 88.4078 82.4175 106.972 86.5318
threshold=7.3766891891891904 1.5000000000000002 1.0000000180025095e-35 -0.39248401313515385 -1.0000000180025095e-35 1.5000000000000002 7.5000000000000009
decision_type=2 2 2 2 2 2 2
left_child=1 3 -3 -1 6 -6 -2
right_child=4 2 -4 -5 5 -7 -8
leaf_value=0.00045036264408444934 0.0038469861585083312 -0.010596884383162924 -0.00017193944663013158 0.0085192736942374201 0.028077242910973008 -0.019277461661434972 -0.010216830240780002
leaf_weight=2069.4752834900282 691.3039948195219 897.18024773243815 12492.362309495453 3070.3671697936952 39.985789457801729 680.70807398669422 884.120540747419
leaf_count=26088 13755 10554 176678 45075 862 36070 21808
internal_value=-0.000136621 0.000827385 -0.000880888 0.00529154 -0.00794003 -0.0163507 -0.00399597
internal_weight=20825.5 18529.4 13389.5 5139.84 2296.12 720.694 1575.42
internal_count=330890 258395 187232 71163 72495 36932 35563
is_linear=0
shrinkage=0.03


Tree=135
num_leaves=8
num_cat=0
split_feature=25 3 17 67 49 55 31
split_gain=164.948 177.348 129.818 100.341 78.1495 52.0263 38.2242
threshold=451.00000000000006 17.500000000000004 1.8384724857685011 0.44285714285714234 -0.090879455230367681 1.0000000180025095e-35 1.0000000180025095e-35
decision_type=2 2 2 2 2 2 2
left_child=3 2 -2 4 -1 -3 -5
right_child=1 5 -4 6 -6 -7 -8
leaf_value=-0.013602162321121773 0.011839357780218314 0.016279974462516507 0.0016673233930902965 -0.015410618018184972 -0.0041959939702660223 -0.0078916925173861657 0.0067440730572362103
leaf_weight=1151.2094354345463 1238.4860701123253 76.69227672368288 12868.736315873917 70.7204331420362 2722.5416367771104 1952.9748736382462 725.80836998857558
leaf_count=21782 12795 1383 193643 720 55028 36544 8889
internal_value=-6.03012e-05 0.00137251 0.00257059 -0.00502643 -0.00702847 -0.00689636 0.0045809
internal_weight=20807.2 16136.9 14107.2 4670.28 3873.75 2029.67 796.529
internal_count=330784 244365 206438 86419 76810 37927 9609
is_linear=0
shrinkage=0.03


Tree=136
num_leaves=8
num_cat=0
split_feature=45 26 25 28 9 42 42
split_gain=177.905 214.436 141.388 126.694 80.6526 52.3871 32.9897
threshold=1.0000000180025095e-35 5.5000000000000009 465.00000000000006 1175.0000000000002 0.33673590547594012 1.0000000180025095e-35 1.0000000180025095e-35
decision_type=2 2 2 2 2 2 2
left_child=1 2 -1 5 -5 -2 -3
right_child=3 6 -4 4 -6 -7 -8
leaf_value=-0.001319154777880261 0.04906922939342296 0.013136769462478794 0.0044245391285629805 -0.010176896889702539 0.0015778605418073556 0.0081018853964762647 -0.011486148465821926
leaf_weight=6387.1163310105912 30.360563706606627 43.567118085920811 9652.0161849805154 2595.9289153954014 640.80655171349645 204.15156990056857 1249.2021550796926
leaf_count=103420 222 339 130981 57615 6719 4647 26841
internal_value=-5.87768e-05 0.00117886 0.00213197 -0.00625696 -0.00782309 0.014695 -0.0105396
internal_weight=20803.1 17331.9 16039.1 3471.25 3236.74 234.512 1292.77
internal_count=330784 261581 234401 69203 64334 4869 27180
is_linear=0
shrinkage=0.03


Tree=137
num_leaves=8
num_cat=0
split_feature=12 45 3 28 66 66 49
split_gain=169.473 144.669 195.295 107.63 49.6716 81.2648 33.1673
threshold=0.15412928709626891 1.0000000180025095e-35 7.5000000000000009 1175.0000000000002 -1.0000000180025095e-35 1.0000000180025095e-35 -1.0000000180025095e-35
decision_type=2 2 2 2 2 2 2
left_child=4 2 -2 -3 6 -6 -1
right_child=1 3 -4 -5 5 -7 -8
leaf_value=-0.014230340074763663 0.0050271265893574134 0.016739658865559053 -0.0018613331232822641 -0.0065823882811084349 -0.02204029690188879 -0.0029068794234186012 -0.0025266511208901429
leaf_weight=257.0780612686649 8879.7824018686078 183.61402598302811 6325.0294017284177 2778.7244445132092 441.5328775960952 386.6515836790204 1544.7742698444054
leaf_count=5104 122186 3352 89753 51164 27003 6453 25769
internal_value=-5.66762e-05 0.000969968 0.00215602 -0.00508072 -0.00717083 -0.0132866 -0.00428104
internal_weight=20797.2 18167.2 15204.8 2962.34 2630.04 828.184 1801.85
internal_count=330784 266455 211939 54516 64329 33456 30873
is_linear=0
shrinkage=0.03


Tree=138
num_leaves=8
num_cat=0
split_feature=25 26 17 53 68 28 16
split_gain=186.057 201.038 122.312 93.6841 66.7208 49.6289 35.6738
threshold=455.00000000000006 5.5000000000000009 1.7923850574712648 0.0017294116558822239 -2.0316122945604742 1075.0000000000002 4.6715686274509816
decision_type=2 2 2 2 2 2 2
left_child=3 2 -2 6 -5 -3 -1
right_child=1 5 -4 4 -6 -7 -8
leaf_value=-0.0010866145014917369 0.012211169350932869 0.01101995070961238 0.0020040979360569969 -0.010150151576626959 -0.0014741153271238992 -0.010951505381719941 -0.020054125672149099
leaf_weight=124.67511914856732 1153.0597057957202 91.975303070154041 12786.303499569185 1009.2630032445304 3926.3037117854692 1235.7905509755947 447.30059401504695
leaf_count=2330 11811 1768 189940 21818 54980 26447 21651
internal_value=8.10845e-05 0.00179061 0.00285895 -0.00463879 -0.00327495 -0.00932637 -0.016121
internal_weight=20774.7 15267.1 13939.4 5507.54 4935.57 1327.77 571.976
internal_count=330745 229966 201751 100779 76798 28215 23981
is_linear=0
shrinkage=0.03


Tree=139
num_leaves=8
num_cat=0
split_feature=41 22 22 41 42 63 41
split_gain=185.226 408.984 374.297 197.238 157.192 55.9987 41.3792
threshold=0.23611111111111113 1.5000000000000002 1.5000000000000002 0.47222222222222227 1.0000000180025095e-35 0.072780328798185953 1.0000000180025095e-35
decision_type=2 2 2 2 2 2 2
left_child=2 5 4 -3 -1 -2 -4
right_child=1 3 6 -5 -6 -7 -8
leaf_value=0.013190966353003939 0.012686150453957783 0.0058590330191289368 -0.019429934510775626 0.029421300976465795 -0.0011717875223867492 -0.00017356491199718387 -0.0039507891351706096
leaf_weight=723.13131483830512 317.3570620296523 589.37146612256765 1111.5052025471814 732.572951215785 11708.553214942571 5388.3145382357761 201.60895376186818
leaf_count=4810 3575 7595 24892 7717 212247 66719 3190
internal_value=7.77405e-05 0.00404205 -0.00194337 0.0190459 -0.000324125 0.000536431 -0.0171456
internal_weight=20772.4 7027.62 13744.8 1321.94 12431.7 5705.67 1313.11
internal_count=330745 85606 245139 15312 217057 70294 28082
is_linear=0
shrinkage=0.03


Tree=140
num_leaves=8
num_cat=0
split_feature=12 57 9 66 66 3 49
split_gain=166.015 135.082 112.117 65.1973 127.27 57.8698 50.5657
threshold=0.17004720710837004 309.00000000000006 0.43753940240160089 -1.0000000180025095e-35 1.0000000180025095e-35 7.5000000000000009 -1.0000000180025095e-35
decision_type=2 2 2 2 2 2 2
left_child=3 5 -3 6 -5 -2 -1
right_child=1 2 -4 4 -6 -7 -8
leaf_value=-0.013347574239899537 0.0085893588891098882 -0.0012340693460256519 0.0085225450388914225 -0.021323760987520354 -0.0012702366992658337 0.0017908127664452095 -0.001171097129138697
leaf_weight=356.89964454155415 2653.8542825430632 11213.408872279804 1164.9327974664047 588.04196768719703 568.83637688029557 2028.7253732681274 2194.2836973676458
leaf_count=6908 41723 164152 7813 34937 9163 30575 35474
internal_value=7.4879e-05 0.00132992 -0.000305531 -0.0056694 -0.0115888 0.00566814 -0.00293252
internal_weight=20769 17060.9 12378.3 3708.06 1156.88 4682.58 2551.18
internal_count=330745 244263 171965 86482 44100 72298 42382
is_linear=0
shrinkage=0.03


Tree=141
num_leaves=8
num_cat=0
split_feature=54 43 43 17 52 47 25
split_gain=172.446 113.557 101.709 82.0165 105.445 59.1526 56.573
threshold=1.5000000000000002 1.0000000180025095e-35 -324.99999999999994 4.104714912280703 3.2236111111111119 0.057189542483660136 479.00000000000006
decision_type=2 2 2 2 2 2 2
left_child=3 2 -2 6 -5 -3 -1
right_child=1 5 -4 4 -6 -7 -8
leaf_value=0.0042329850675648277 -0.0065106296348750462 -0.0082200959774458553 0.0013392722332164881 -0.013546143780929937 0.0032011644708732031 -0.00065692261401194274 0.012998099798443812
leaf_weight=1526.4266894580796 1777.5696617863141 2871.7690680543892 8906.1711360905319 383.31272026058286 2587.8553894958459 1416.9841675339267 1238.5051458040252
leaf_count=17696 29835 47869 142518 17162 42096 19053 13160
internal_value=6.48419e-05 -0.00162528 2.23444e-05 0.00448968 0.000991213 -0.00574589 0.00820804
internal_weight=20708.6 14972.5 10683.7 5736.1 2971.17 4288.75 2764.93
internal_count=329389 239275 172353 90114 59258 66922 30856
is_linear=0
shrinkage=0.03


Tree=142
num_leaves=8
num_cat=0
split_feature=54 5 43 48 42 57 17
split_gain=161.962 111.802 108.354 100.654 90.3653 51.5328 39.5519
threshold=1.5000000000000002 9.5833333333333339 1.0000000180025095e-35 0.14434523809523811 1.0000000180025095e-35 411.60000000000008 2.9337719298245619
decision_type=2 2 2 2 2 2 2
left_child=3 2 -2 4 -1 -5 -3
right_child=1 6 -4 5 -6 -7 -8
leaf_value=0.019475908509368985 0.00092268802932862922 0.00093560144208143883 -0.0049532460401371277 0.011632058521253024 -0.00084252181390915323 0.0028876489365731203 -0.012503979978676999
leaf_weight=206.47835927456617 9706.4303505793214 226.48080428410321 3969.8645901754498 1742.0108105964027 2822.0653695594519 983.43294641701505 1050.6025949320756
leaf_count=1314 131339 5741 54468 19891 57778 11131 47727
internal_value=6.23747e-05 -0.00157908 -0.000777548 0.00434147 0.000542886 0.00852081 -0.010056
internal_weight=20707.4 14953.4 13676.3 5753.99 3028.54 2725.44 1277.08
internal_count=329389 239275 185807 90114 59092 31022 53468
is_linear=0
shrinkage=0.03


Tree=143
num_leaves=8
num_cat=0
split_feature=68 54 48 2 61 53 30
split_gain=158.757 157.478 144.303 54.23 24.6761 29.9907 4.32054
threshold=-5.5804024246709085 3.5000000000000004 0.021980676328502421 7.3766891891891904 0.12616666666666668 0.0033827102454553064 23.000000000000004
decision_type=2 2 2 2 2 2 2
left_child=4 2 -2 -3 6 -6 -1
right_child=1 3 -4 -5 5 -7 -8
leaf_value=0.026805448770771678 -0.0031610222641129727 -0.0027944442709454641 0.0037358765022714002 -0.01228221610912332 -0.0030587876872286333 -0.025326761692530182 0
leaf_weight=5.3609216236509365 3595.5802341476083 4951.5492470520549 11166.600527639966 614.57810264220461 80.841415036935359 282.07092319009826 7.3896196167916059
leaf_count=138 90009 68190 139332 18224 4330 8942 224
internal_value=6.04429e-05 0.000424113 0.00204942 -0.00386826 -0.0191295 -0.02072 0.0141542
internal_weight=20704 20328.3 14762.2 5566.13 375.663 362.912 12.7505
internal_count=329389 315755 229341 86414 13634 13272 362
is_linear=0
shrinkage=0.03


Tree=144
num_leaves=8
num_cat=0
split_feature=68 26 25 42 42 67 63
split_gain=163.5 168.36 174.68 69.9281 30.2349 16.7882 8.57567
threshold=-4.9903328766168391 5.5000000000000009 451.00000000000006 1.0000000180025095e-35 1.0000000180025095e-35 -2.0298648648648632 0.13022522875816997
decision_type=2 2 2 2 2 2 2
left_child=4 2 -2 -3 6 -6 -1
right_child=1 3 -4 -5 5 -7 -8
leaf_value=0.024710181403034961 -0.003912831898528586 0.02005900657810894 0.0029224925296442443 -0.010860523742499016 -0.022812609717642183 -0.010296024559434465 -0.0018523909499246118
leaf_weight=14.604437094181778 4374.218140381854 62.733577765524387 14430.578045159113 1356.9959297631867 294.05262530921027 214.94478499609977 11.217776590958236
leaf_count=107 79128 475 204080 30018 8413 8341 118
internal_value=0.000130852 0.00056993 0.00132711 -0.00936551 -0.0161579 -0.0178536 0.0118222
internal_weight=20759.3 20224.5 18804.8 1419.73 534.82 508.997 25.8222
internal_count=330680 313701 283208 30493 16979 16754 225
is_linear=0
shrinkage=0.03


Tree=145
num_leaves=8
num_cat=0
split_feature=11 66 66 49 43 30 68
split_gain=161.875 131.73 365.636 200.968 81.0241 75.7556 23.4382
threshold=0.082194006070478082 -1.0000000180025095e-35 1.0000000180025095e-35 -1.0000000180025095e-35 225.00000000000003 23.000000000000004 -2.8050492610837412
decision_type=2 2 2 2 2 2 2
left_child=1 3 -3 -1 5 -2 -6
right_child=4 2 -4 -5 6 -7 -8
leaf_value=-0.011058182581657109 0.010946501311683968 -0.017867666265408193 0.00089452486084348596 0.0019366057506020147 -0.016392384687510784 0.0030290899613889281 -0.0024632589503561053
leaf_weight=1249.1443308368325 1352.3521711155772 1552.5492174462415 2315.8540905676782 7332.0352775845677 122.74752727197483 5860.7305933623575 972.74214733298868
leaf_count=20510 13221 72515 31798 104274 2183 74598 11581
internal_value=0.000126197 -0.00203325 -0.00662562 2.91617e-05 0.00337202 0.00453252 -0.00417316
internal_weight=20758.2 12449.6 3868.4 8581.18 8308.57 7213.08 1095.49
internal_count=330680 229097 104313 124784 101583 87819 13764
is_linear=0
shrinkage=0.03


Tree=146
num_leaves=8
num_cat=0
split_feature=68 26 25 42 42 67 63
split_gain=154.744 160.086 163.982 66.1856 29.1433 16.7471 8.18605
threshold=-4.9903328766168391 5.5000000000000009 461.00000000000006 1.0000000180025095e-35 1.0000000180025095e-35 -2.0298648648648632 0.13022522875816997
decision_type=2 2 2 2 2 2 2
left_child=4 2 -2 -3 6 -6 -1
right_child=1 3 -4 -5 5 -7 -8
leaf_value=0.024009776967237356 -0.0025346074458966698 0.019253855644904977 0.0033337619156907777 -0.010658302197865675 -0.022575905204851747 -0.0099972167826330848 -0.0017985469529134754
leaf_weight=14.779265932738783 6569.5067085335031 63.50477546826005 12250.812348738313 1345.3487485074438 287.50607657944784 212.07530120527372 11.190712489187716
leaf_count=107 113246 475 169962 30018 8413 8341 118
internal_value=0.000121522 0.000545153 0.00128041 -0.00918302 -0.0158664 -0.0175665 0.0114878
internal_weight=20754.7 20229.2 18820.3 1408.85 525.551 499.581 25.97
internal_count=330680 313701 283208 30493 16979 16754 225
is_linear=0
shrinkage=0.03


Tree=147
num_leaves=8
num_cat=0
split_feature=11 4 4 31 37 28 8
split_gain=173.488 133.124 123.423 98.3464 98.9798 55.2286 27.6462
threshold=0.084307666993154562 8.5000000000000018 1.5000000000000002 1.0000000180025095e-35 4.37638888888889 1175.0000000000002 0.15921294957145352
decision_type=2 2 2 2 2 2 2
left_child=1 2 -1 6 -5 -3 -2
right_child=3 5 -4 4 -6 -7 -8
leaf_value=-0.0063002852450394645 -0.011065616407531478 0.0076490648109442177 0.0012590284742468605 0.0084255286679077741 0.0013019491696570067 -0.0095258686607022948 0.0022227065821641078
leaf_weight=2568.0101664680988 486.65776912961155 172.09757782099769 7914.8444904386997 3302.4887292650528 3820.8812537384219 2328.9981905887835 180.96317194588482
leaf_count=39572 5915 5959 107666 31523 55361 83137 1326
internal_value=3.81701e-05 -0.00208085 -0.000586334 0.00358021 0.00462075 -0.00829527 -0.00734017
internal_weight=20774.9 12984 10482.9 7790.99 7123.37 2501.1 667.621
internal_count=330459 236334 147238 94125 86884 89096 7241
is_linear=0
shrinkage=0.03


Tree=148
num_leaves=8
num_cat=0
split_feature=17 37 48 57 66 66 1
split_gain=171.368 170.001 128.543 107.098 37.6172 10.4744 7.32429
threshold=9.0060975609756113 4.5047169811320762 0.44636015325670503 309.00000000000006 -0.16666666666666605 0.066666666666665861 1.0000000180025095e-35
decision_type=2 2 2 2 2 2 2
left_child=1 3 -3 -1 6 -6 -2
right_child=4 2 -4 -5 5 -7 -8
leaf_value=0.0099018211850583245 0.0034580842144165966 -0.0033806791820900507 0.0046331828960907368 0.0018212772724152415 -0.02707236086096964 0 -0.010503542189802451
leaf_weight=1917.4143038173206 46.115660399198532 9707.3427612390369 2199.0027915220708 6566.0321624609642 256.80410575680435 8.2811546577140671 68.649505297653377
leaf_count=22615 1011 182149 27342 71042 24328 245 1727
internal_value=3.676e-05 0.000415317 -0.00189171 0.00366299 -0.0197911 -0.0259911 -0.00423177
internal_weight=20769.6 20389.8 11906.3 8483.45 379.85 265.085 114.765
internal_count=330459 303148 209491 93657 27311 24573 2738
is_linear=0
shrinkage=0.03


Tree=149
num_leaves=8
num_cat=0
split_feature=9 69 66 54 37 5 66
split_gain=167.753 140.624 215.501 142.076 36.6335 28.9681 25.0366
threshold=0.40670537967665238 1.0000000180025095e-35 0.038749999999999493 2.5000000000000004 2.3431372549019613 6.5833333333333348 0.71999999999999831
decision_type=2 2 2 2 2 2 2
left_child=1 3 -3 -1 6 -6 -2
right_child=4 2 -4 -5 5 -7 -8
leaf_value=0.0043641123961384413 0.0092365260313665067 -0.009413995503146446 0.0013154781319261349 -0.0022675253701982473 0.0036350757419947506 0.015623258127013614 0.022929183945271738
leaf_weight=5822.4484765622765 447.08211887255311 3588.646503389813 3145.3567042453215 5780.9540248862468 1578.6834904309362 209.21681198477745 193.78030269593
leaf_count=103452 3140 70469 37216 101547 10558 2992 1085
internal_value=3.52704e-05 -0.000942325 -0.0043918 0.00105284 0.00743997 0.00512777 0.0136616
internal_weight=20766.2 18337.4 6734 11603.4 2428.76 1787.9 640.862
internal_count=330459 312684 107685 204999 17775 13550 4225
is_linear=0
shrinkage=0.03


Tree=150
num_leaves=8
num_cat=0
split_feature=12 54 20 69 66 66 4
split_gain=155.268 117.79 72.4282 72.3708 69.1713 103.881 46.2346
threshold=0.17004720710837004 1.5000000000000002 0.16683212591018218 1.0000000180025095e-35 -1.0000000180025095e-35 1.0000000180025095e-35 8.5000000000000018
decision_type=2 2 2 2 2 2 2
left_child=4 3 -3 -2 6 -6 -1
right_child=1 2 -4 -5 5 -7 -8
leaf_value=-0.00077399370245394804 0.008340015783797141 0.00063460320827171159 -0.0050136730194255182 0.00080784825834336244 -0.021232540451552338 -0.0027792253053167781 -0.010535044047481507
leaf_weight=1970.5336400857195 2631.0372044784017 9822.2321347529069 2569.8336987276562 2086.5236408016644 553.70173638686538 568.3744052760303 565.7814989965409
leaf_count=26621 38623 141978 37585 26376 34812 9221 15779
internal_value=-0.000196756 0.000998634 -0.000531011 0.00503206 -0.00580567 -0.0120189 -0.00300327
internal_weight=20768 17109.6 12392.1 4717.56 3658.39 1122.08 2536.32
internal_count=330995 244562 179563 64999 86433 44033 42400
is_linear=0
shrinkage=0.03


Tree=151
num_leaves=8
num_cat=0
split_feature=41 22 22 41 11 31 41
split_gain=149.982 369.427 338.091 147.599 139.72 64.8483 45.6769
threshold=0.20714285714285716 1.5000000000000002 1.5000000000000002 0.47222222222222227 0.065021291407493145 1.0000000180025095e-35 0.087121212121212141
decision_type=2 2 2 2 2 2 2
left_child=1 4 5 -4 -1 -2 -3
right_child=2 6 3 -5 -6 -7 -8
leaf_value=-0.004709790283078088 -0.012871021302753883 -0.019719991934144893 0.0055716295824821873 0.025731729935634644 0.0019304676115491175 0.00093344325038734926 -0.002845476356256346
leaf_weight=4435.9868611029815 319.41284192260355 1090.9405831247568 608.69418751262128 745.88120567193255 7951.0566417132504 5426.7176139592193 183.14977324567735
leaf_count=103559 4037 25009 7815 7642 113292 66742 2899
internal_value=-0.000191608 -0.00203382 0.00333893 0.0167926 -0.000441187 0.000139916 -0.0173853
internal_weight=20761.8 13661.1 7100.71 1354.58 12387 5746.13 1274.09
internal_count=330995 244759 86236 15457 216851 70779 27908
is_linear=0
shrinkage=0.03


Tree=152
num_leaves=8
num_cat=0
split_feature=17 3 45 66 55 42 12
split_gain=148.59 155.909 155.811 43.0137 37.4678 11.7814 7.15748
threshold=9.0060975609756113 17.500000000000004 1.0000000180025095e-35 -0.16666666666666605 1.0000000180025095e-35 1.0000000180025095e-35 0.20020487890848745
decision_type=2 2 2 2 2 2 2
left_child=1 2 -1 6 -3 -5 -2
right_child=3 4 -4 5 -6 -7 -8
leaf_value=0.0023322878077208539 -0.0089452640294090374 0.010933254492543988 -0.0050989908751610958 0.0091798557535744379 -0.0081202988922182417 -0.0265499166293931 0.0050929237603953622
leaf_weight=15102.955780995544 69.219455953687429 88.918146912939847 3042.3687546737492 2.4744279235601416 2150.2052637110464 252.96126538375393 46.017996419221163
leaf_count=204579 1796 1504 56140 42 41266 24713 955
internal_value=-0.000186454 0.000153683 0.00108029 -0.0188843 -0.00730088 -0.0256886 -0.00261218
internal_weight=20755.1 20384.4 18145.3 370.673 2239.12 255.436 115.237
internal_count=330995 303489 260719 27506 42770 24755 2751
is_linear=0
shrinkage=0.03


Tree=153
num_leaves=8
num_cat=0
split_feature=54 17 28 41 22 68 66
split_gain=157.293 113.731 107.555 66.1456 182.847 53.6756 36.6934
threshold=2.5000000000000004 8.8786764705882373 1175.0000000000002 0.5634920634920636 1.5000000000000002 -5.1511648386810256 -0.16666666666666605
decision_type=2 2 2 2 2 2 2
left_child=1 2 -1 5 -5 -2 -3
right_child=3 6 -4 4 -6 -7 -8
leaf_value=0.021183563691460034 -0.019024238449478689 0 0.0024021139546004057 -0.001771041901221471 0.030109804372284801 -0.003273738072605096 -0.024146285797826288
leaf_weight=278.55284896213561 197.28132832073607 74.051399454474449 10389.396134046838 820.82577371224761 195.33202892541885 8605.7285681113135 182.40706483484246
leaf_count=4555 7264 1681 148834 9425 1879 139705 17244
internal_value=-4.61584e-05 0.0024256 0.00291065 -0.00280514 0.00438658 -0.00364753 -0.0170764
internal_weight=20743.6 10924.4 10667.9 9819.17 1016.16 8803.01 256.458
internal_count=330587 172314 153389 158273 11304 146969 18925
is_linear=0
shrinkage=0.03


Tree=154
num_leaves=8
num_cat=0
split_feature=30 68 0 69 66 69 32
split_gain=148.929 131.088 126.654 122.221 40.3186 40.6361 19.7316
threshold=21.000000000000004 -1.6273330730183504 1.0000000180025095e-35 -2.6652828322429651 1.5666666666666689 1.0000000180025095e-35 1.5000000000000002
decision_type=2 2 2 2 2 2 2
left_child=4 3 -3 -2 5 -1 -6
right_child=1 2 -4 -5 6 -7 -8
leaf_value=0.010484030314818395 0.001577332318953876 0.0038366609641042482 -0.0021219925316158851 -0.0077924488126203907 0.03265923928811295 0.0017955484948152464 0.011735474726559322
leaf_weight=909.02646668395028 1838.4509541271254 6172.8573975195177 6662.8668915219605 3825.3220759239048 71.761894173920155 1100.7370612444356 159.25875186175108
leaf_count=12498 39091 93520 87935 82222 589 13129 1603
internal_value=-4.50198e-05 -0.000934728 0.000736966 -0.00473645 0.0072459 0.00578633 0.0191705
internal_weight=20740.3 18499.5 12835.7 5663.77 2240.78 2009.76 231.021
internal_count=330587 302768 181455 121313 27819 25627 2192
is_linear=0
shrinkage=0.03


Tree=155
num_leaves=8
num_cat=0
split_feature=54 68 57 68 49 28 17
split_gain=147.314 97.2493 117.189 71.4034 62.8729 38.6269 21.5611
threshold=1.5000000000000002 -5.3489475856376396 304.00000000000006 -2.8050492610837412 -0.55051616596265418 1175.0000000000002 1.9591666666666667
decision_type=2 2 2 2 2 2 2
left_child=3 6 -3 5 -5 -1 -2
right_child=1 2 -4 4 -6 -7 -8
leaf_value=0.01607196886240311 0.0048790915920263666 0.0038247800982877437 -0.0026904706989127019 0.00052904813171275003 0.0075909170410733652 -0.007523479827815897 -0.021387234007125722
leaf_weight=62.731065162457526 23.548018520697951 3157.1549302847125 11478.895080689806 1746.7145640566014 3395.5302219560836 610.62905483157374 261.25822078646161
leaf_count=1153 418 49550 179948 23841 51235 14000 10442
internal_value=-4.2957e-05 -0.00162589 -0.00127809 0.00400075 0.00521247 -0.00509037 -0.0188582
internal_weight=20736.5 14920.9 14636.1 5815.6 5142.24 673.36 284.806
internal_count=330587 240358 229498 90229 75076 15153 10860
is_linear=0
shrinkage=0.03


Tree=156
num_leaves=8
num_cat=0
split_feature=12 3 45 66 66 1 68
split_gain=148.108 123.384 152.148 65.7802 98.9867 50.0679 36.2042
threshold=0.17105666526832106 10.500000000000002 1.0000000180025095e-35 -1.0000000180025095e-35 1.0000000180025095e-35 0.38138528138528144 -0.84553679407646098
decision_type=2 2 2 2 2 2 2
left_child=3 2 -2 6 -5 -3 -1
right_child=1 5 -4 4 -6 -7 -8
leaf_value=-0.0055971690367014682 0.0041139921852585875 -0.0064341745032185154 -0.004549239327001753 -0.020809999675440952 -0.0028102389513669206 -9.0552128007316318e-05 0.0017095140936973889
leaf_weight=1632.9078262969851 10277.228565701516 2202.5222181677818 2204.6372522611637 544.07508624880575 581.03001415170729 2332.2363340016454 945.17931421287358
leaf_count=28667 132952 42674 39797 35218 9370 27304 14555
internal_value=-0.000147303 0.00103184 0.00257541 -0.00558397 -0.0116477 -0.00319515 -0.00288542
internal_weight=20719.8 17016.6 12481.9 3703.19 1125.11 4534.76 2578.09
internal_count=330537 242727 172749 87810 44588 69978 43222
is_linear=0
shrinkage=0.03


Tree=157
num_leaves=8
num_cat=0
split_feature=11 1 68 0 0 30 68
split_gain=140.151 113.243 86.0711 73.4125 69.8397 45.4552 41.8033
threshold=0.089370205852050591 0.39791666666666675 -2.0819994669236586 0.023532668881506093 0.028778467908902695 23.000000000000004 -4.8311662099501742
decision_type=2 2 2 2 2 2 2
left_child=1 2 -1 6 -3 -5 -2
right_child=3 4 -4 5 -6 -7 -8
leaf_value=-0.0084363747112551606 -0.012097239599077421 0.0091931401124165941 -0.0019569033807582811 0.0069626165844132769 9.7544920516166479e-05 -0.0012078204089096206 0.0076077535672306818
leaf_weight=2488.8256656092126 92.466813722858205 987.65878811944276 7345.922022046987 776.52931878343225 3327.6280726166442 2802.3342584166676 2890.6526157190092
leaf_count=72569 2365 8246 136743 7316 36477 32596 34225
internal_value=-0.000143944 -0.00182855 -0.00360923 0.0034736 0.00220836 0.0005471 0.00694762
internal_weight=20712 14150 9834.75 6561.98 4315.29 3578.86 2983.12
internal_count=330537 254035 209312 76502 44723 39912 36590
is_linear=0
shrinkage=0.03


Tree=158
num_leaves=8
num_cat=0
split_feature=12 31 37 66 66 49 8
split_gain=136.767 140.389 127.182 63.0602 96.0546 35.8518 29.9872
threshold=0.17105666526832106 1.0000000180025095e-35 3.5045454545454553 -1.0000000180025095e-35 1.0000000180025095e-35 -1.0000000180025095e-35 0.17472456093822347
decision_type=2 2 2 2 2 2 2
left_child=3 6 -3 5 -5 -1 -2
right_child=1 2 -4 4 -6 -7 -8
leaf_value=-0.011725480116600039 -0.012050921212037678 0.0058486625884227438 -2.7086440986408456e-05 -0.020543192915710995 -0.002689575377796594 -0.0012945267386120173 0.0018560643040130111
leaf_weight=343.55167276598513 851.5349987577647 4658.6222057691775 11364.484881436918 531.51252917153761 578.89024263899773 2223.2753683049232 152.27363488636911
leaf_count=7068 10948 51329 179386 35218 9370 36154 1064
internal_value=-0.000139828 0.000989194 0.00167693 -0.0053863 -0.01137 -0.00274571 -0.00985333
internal_weight=20704.1 17026.9 16023.1 3677.23 1110.4 2566.83 1003.81
internal_count=330537 242727 230715 87810 44588 43222 12012
is_linear=0
shrinkage=0.03


Tree=159
num_leaves=8
num_cat=0
split_feature=43 42 43 53 66 66 0
split_gain=141.227 158.684 257.644 170.612 104.285 186.255 125.66
threshold=1.0000000180025095e-35 1.0000000180025095e-35 -74.999999999999986 1.0000000180025095e-35 1.0000000180025095e-35 -1.0000000180025095e-35 0.025978407557354928
decision_type=2 2 2 2 2 2 2
left_child=1 2 -1 -3 5 -2 -6
right_child=4 3 -4 -5 6 -7 -8
leaf_value=-0.0073164396596009026 -0.0037413783962302796 -0.010955066565183564 0.025272894974162442 0.0017920622395128662 0.012942240316771766 -0.021875392538462924 -0.0038164567006583605
leaf_weight=332.63661473244429 3845.4025974404067 1015.432511806488 601.51096278615296 12613.531637668842 643.55483163334429 587.80788764264435 1046.6426472300664
leaf_count=2289 52537 41743 3639 187081 6789 23610 12687
internal_value=4.97191e-05 0.00166132 0.0135953 0.000832061 -0.00376664 -0.00618802 0.0025308
internal_weight=20686.5 14563.1 934.148 13629 6123.41 4433.21 1690.2
internal_count=330375 234752 5928 228824 95623 76147 19476
is_linear=0
shrinkage=0.03


Tree=160
num_leaves=8
num_cat=0
split_feature=16 53 42 2 43 67 48
split_gain=135.576 135.563 230.22 150.335 71.9895 32.0668 6.58035
threshold=3.5751879699248126 1.0000000180025095e-35 1.0000000180025095e-35 4.6026315789473697 325.00000000000006 -2.1794736842105249 0.67204301075268824
decision_type=2 2 2 2 2 2 2
left_child=4 2 -2 -3 5 -1 -6
right_child=1 3 -4 -5 6 -7 -8
leaf_value=0.0028157886382120939 0.031754615647266927 0.0026575086961940098 -0.014493005230354607 -0.0029702037698793068 -0.01283808983772209 0.010891217021445115 0
leaf_weight=681.7579918242991 100.29727660864592 8598.6617795333732 1114.9492753695231 8477.435870925663 151.18598439637572 1495.1226409645751 61.238653132691979
leaf_count=7005 631 92210 50579 161060 1718 16477 695
internal_value=4.72806e-05 -0.000826833 -0.0104878 -0.000131154 0.0067644 0.00841564 -0.0095476
internal_weight=20680.6 18291.3 1215.25 17076.1 2389.31 2176.88 212.425
internal_count=330375 304480 51210 253270 25895 23482 2413
is_linear=0
shrinkage=0.03


Tree=161
num_leaves=8
num_cat=0
split_feature=45 3 25 57 1 23 42
split_gain=133.017 168.411 130.53 115.597 90.8476 81.8475 36.5906
threshold=1.0000000180025095e-35 7.5000000000000009 461.00000000000006 261.2000000000001 0.22128060263653485 1.0000000180025095e-35 1.0000000180025095e-35
decision_type=2 2 2 2 2 2 2
left_child=1 2 -1 6 -3 -5 -2
right_child=3 4 -4 5 -6 -7 -8
leaf_value=-0.0007718995133855636 0.044332157730382828 -0.0095721660532444609 0.006233178023745652 -0.010212601180514881 -0.00079199550573983346 -2.3588728568677477e-05 0.0094999211381955103
leaf_weight=3806.4168325110804 33.663601733744144 1299.3589171769563 6347.2192126119044 2096.4073223304003 5845.5989823164418 1098.1298481738195 147.75649651396088
leaf_count=66279 226 31992 86765 41847 76166 23870 3230
internal_value=4.55355e-05 0.00111325 0.00359915 -0.00539245 -0.00240689 -0.00674374 0.0174617
internal_weight=20674.6 17298.6 10153.6 3375.96 7144.96 3194.54 181.42
internal_count=330375 261202 153044 69173 108158 65717 3456
is_linear=0
shrinkage=0.03


Tree=162
num_leaves=8
num_cat=0
split_feature=41 22 22 42 41 31 41
split_gain=143.482 366.328 345.222 120.3 97.2061 50.3194 30.8788
threshold=0.23611111111111113 1.5000000000000002 1.5000000000000002 1.0000000180025095e-35 0.58571428571428574 1.0000000180025095e-35 0.087121212121212141
decision_type=2 2 2 2 2 2 2
left_child=2 5 3 -1 -3 -2 -4
right_child=1 4 6 -5 -6 -7 -8
leaf_value=0.011581871043782535 -0.011388982603107415 0.012383030866170186 -0.018611074191367032 -0.00090037954330711727 0.030789814230171204 0.00090813118335807391 -0.0047930009343419792
leaf_weight=733.86918761022389 311.81907660793513 1002.582763817627 1069.978844790021 11623.955254950095 367.47057420760393 5383.375618733 194.4860141351819
leaf_count=4778 4032 12029 24997 212661 3271 66029 3087
internal_value=0.000109445 0.00358125 -0.00168527 -0.000147457 0.0174795 0.00020966 -0.0165839
internal_weight=20687.5 7065.25 13622.3 12357.8 1370.05 5695.19 1264.46
internal_count=330884 85361 245523 217439 15300 70061 28084
is_linear=0
shrinkage=0.03


Tree=163
num_leaves=8
num_cat=0
split_feature=41 22 22 17 41 68 41
split_gain=134.88 339.723 330.02 116.652 87.8924 46.6483 29.9946
threshold=0.23611111111111113 1.5000000000000002 1.5000000000000002 5.486476608187135 0.58571428571428574 -2.5256431738717797 0.087121212121212141
decision_type=2 2 2 2 2 2 2
left_child=2 5 3 -1 -3 -2 -4
right_child=1 4 6 -5 -6 -7 -8
leaf_value=0.0015744504446035411 -0.0065000432106936653 0.011901654999542691 -0.018334067340745875 -0.005072875543207225 0.029274982071330492 0.0013122991250700527 -0.0046707198422599036
leaf_weight=9151.3836290733889 794.20586192514747 1011.8963780626655 1053.8817897459958 3202.4759940181393 375.0303950458765 4901.910225446336 193.73289960063994
leaf_count=123258 12502 12029 24997 94181 3271 57559 3087
internal_value=0.000105653 0.00346536 -0.00163795 -0.000142801 0.0167524 0.000202497 -0.0163113
internal_weight=20684.5 7083.04 13601.5 12353.9 1386.93 5696.12 1247.61
internal_count=330884 85361 245523 217439 15300 70061 28084
is_linear=0
shrinkage=0.03


Tree=164
num_leaves=8
num_cat=0
split_feature=8 31 37 41 22 22 37
split_gain=133.027 123.527 109.933 63.06 72.2325 51.6778 28.6604
threshold=0.043280917989558139 1.0000000180025095e-35 3.5045454545454553 0.13392857142857145 1.5000000000000002 1.5000000000000002 2.0161290322580649
decision_type=2 2 2 2 2 2 2
left_child=3 6 -3 5 -5 -1 -2
right_child=1 2 -4 4 -6 -7 -8
leaf_value=-0.0067101778400691552 0.00096612353265933119 0.0055987883119551184 0.00019749663674610256 -0.0035829237601836521 0.014282659333497568 -0.022104884539839619 -0.011449301118148847
leaf_weight=1950.5225223526359 193.04953720606863 4839.082154386444 11434.86903359415 976.59330039983615 251.92580691026524 222.83034648513421 813.22545548388734
leaf_count=61849 1689 52363 174733 17052 3951 8888 10359
internal_value=0.000101904 0.00117404 0.00181033 -0.00531146 5.07571e-05 -0.008377 -0.00898546
internal_weight=20682.1 17280.2 16274 3401.87 1228.52 2173.35 1006.27
internal_count=330884 239144 227096 91740 21003 70737 12048
is_linear=0
shrinkage=0.03


Tree=165
num_leaves=8
num_cat=0
split_feature=43 30 68 49 69 66 68
split_gain=138.671 141.168 123.393 39.5621 37.7747 81.7461 34.2076
threshold=225.00000000000003 25.000000000000004 -1.6273330730183504 -0.39248401313515385 -2.216647212943359 1.0000000180025095e-35 -2.8050492610837412
decision_type=2 2 2 2 2 2 2
left_child=1 3 -3 -1 6 -6 -2
right_child=4 2 -4 -5 5 -7 -8
leaf_value=0.0024587584730576461 -0.01208864994361971 -0.0048664158271316789 0.0013035783874851764 0.0083796065065402953 -0.01452680804225494 -0.0011012876222954865 0.0026161034771161875
leaf_weight=1910.9901714846492 182.79034611210227 4138.0901421494782 9826.0577757172287 2316.5680894653779 1014.79896871862 707.58469657320529 570.93879075208679
leaf_count=22422 4590 93594 140645 33503 19095 8085 8385
internal_value=1.76917e-05 0.000929198 -0.000519462 0.00573053 -0.00663114 -0.00908263 -0.000887558
internal_weight=20667.8 18191.7 13964.1 4227.56 2476.11 1722.38 753.729
internal_count=330319 290164 234239 55925 40155 27180 12975
is_linear=0
shrinkage=0.03


Tree=166
num_leaves=8
num_cat=0
split_feature=43 30 68 63 31 66 47
split_gain=131.21 132.252 116.511 44.4145 36.7548 54.1057 5.06622
threshold=225.00000000000003 25.000000000000004 -1.6273330730183504 0.033908441742081456 1.0000000180025095e-35 1.0000000180025095e-35 2.2034482758620695
decision_type=2 2 2 2 2 2 2
left_child=1 3 -3 -1 6 -6 -2
right_child=4 2 -4 -5 5 -7 -8
leaf_value=0.022485418818727967 -0.020552968774145329 -0.0047397021965922539 0.0012632277997419955 0.0049389343588155206 -0.0081325772934864871 0.0022150307741499653 0
leaf_weight=133.03468664549291 173.37865726929158 4121.6454269126989 9835.7382537482772 4112.4347370432224 1678.0558125006501 603.84211348649114 7.7046966934576622
leaf_count=2061 2251 93594 140645 53864 30746 7066 92
internal_value=1.65965e-05 0.000900794 -0.000504067 0.00553574 -0.00647025 -0.00535615 -0.0195046
internal_weight=20665.8 18202.9 13957.4 4245.47 2462.98 2281.9 181.083
internal_count=330319 290164 234239 55925 40155 37812 2343
is_linear=0
shrinkage=0.03


Tree=167
num_leaves=8
num_cat=0
split_feature=9 43 30 66 66 43 68
split_gain=127.818 113.699 95.7336 81.6882 72.7347 47.8072 33.2465
threshold=0.14482356809689337 225.00000000000003 25.000000000000004 -1.0000000180025095e-35 1.0000000180025095e-35 1.0000000180025095e-35 -2.8050492610837412
decision_type=2 2 2 2 2 2 2
left_child=3 2 -2 5 -5 -1 -3
right_child=1 6 -4 4 -6 -7 -8
leaf_value=0.00018830641695036617 0.0061430385028883342 -0.015683943335282301 0.00060117237731470105 -0.020255801559250514 -0.0034381140713344027 -0.009433771727475922 -0.0039696659719628755
leaf_weight=1753.5231327340007 3727.9720642922912 252.44815278821625 11484.379666292574 523.48396927653812 442.43927630782127 618.9004393350333 1860.4336413990241
leaf_count=31806 43453 5152 164917 39075 8725 11951 25240
internal_value=1.58759e-05 0.0010563 0.00196676 -0.00535027 -0.0127026 -0.00229854 -0.00544551
internal_weight=20663.6 17325.2 15212.4 3338.35 965.923 2372.42 2112.88
internal_count=330319 238762 208370 91557 47800 43757 30392
is_linear=0
shrinkage=0.03


Tree=168
num_leaves=8
num_cat=0
split_feature=57 9 26 48 31 17 3
split_gain=126.327 118.904 84.2229 70.3113 96.8756 52.7711 33.6867
threshold=309.00000000000006 0.40670537967665238 5.5000000000000009 0.018524871355060039 2.5000000000000004 2.8010416666666669 7.5000000000000009
decision_type=2 2 2 2 2 2 2
left_child=3 2 -2 5 -5 -1 -3
right_child=1 6 -4 4 -6 -7 -8
leaf_value=0.015750461996553437 -0.0019494387157785516 0.0078300508181444878 -0.011524613559951408 0.010307588778939725 0.0016369623959202951 -0.0048363618721632357 -0.00012841086781778269
leaf_weight=118.21289859805256 11646.686076625017 1370.066534332931 891.34662845823914 1998.2724779387936 2831.5715562333353 1112.7648297937121 700.34476718306541
leaf_count=1960 189807 9392 20977 25087 42107 36050 5400
internal_value=-2.18153e-05 -0.00153681 -0.00264165 0.0036132 0.00524986 -0.00273084 0.0051008
internal_weight=20669.3 14608.4 12538 6060.82 4829.84 1230.98 2070.41
internal_count=330780 225576 210784 105204 67194 38010 14792
is_linear=0
shrinkage=0.03


Tree=169
num_leaves=8
num_cat=0
split_feature=17 54 49 1 66 1 68
split_gain=124.243 127.273 93.0758 58.364 49.5387 9.28222 7.32584
threshold=9.1291666666666682 2.5000000000000004 -0.39248401313515385 0.38138528138528144 -0.1249999999999991 1.0000000180025095e-35 -0.12551640340218581
decision_type=2 2 2 2 2 2 2
left_child=1 2 -1 -3 5 -2 -6
right_child=4 3 -4 -5 6 -7 -8
leaf_value=-0.0010787010244379574 0.0098284936636787185 -0.0042455613825963063 0.0046926029143885984 0.00044499748994421951 -0.027164126215458485 -0.0079828437828843978 0
leaf_weight=3989.8145117899403 40.53899197280407 5507.8408790118992 6692.1293095014989 4153.4287962680683 213.91395696811378 57.062237289734185 9.8371091815642995
leaf_count=53735 909 105361 101113 44060 23582 1459 561
internal_value=-2.11958e-05 0.000268974 0.00252904 -0.00222057 -0.0183889 0 -0.0260257
internal_weight=20664.6 20343.2 10681.9 9661.27 321.352 97.6012 223.751
internal_count=330780 304269 154848 149421 26511 2368 24143
is_linear=0
shrinkage=0.03


Tree=170
num_leaves=8
num_cat=0
split_feature=17 3 45 3 50 41 8
split_gain=119.174 126.6 136.207 33.1817 19.1045 9.60164 6.0135
threshold=9.1291666666666682 15.500000000000002 1.0000000180025095e-35 29.500000000000004 -0.06836061814472276 0.13392857142857145 0.073246679336664774
decision_type=2 2 2 2 2 2 2
left_child=1 2 -1 -3 6 -6 -2
right_child=4 3 -4 -5 5 -7 -8
leaf_value=0.0024107266257045144 -0.0119464907375962 -0.0042162749431076552 -0.0046889319105830546 -0.013732543762329854 -0.025797894337053023 0.0035323213911080654 0
leaf_weight=14571.905770118581 94.276080765062943 2473.8612420982681 2907.9457396750804 392.41383873578161 179.5935308795888 3.8126837867312124 38.05506433127448
leaf_count=195884 6242 44110 54833 9442 19140 135 994
internal_value=-2.10156e-05 0.000260588 0.00122348 -0.00557211 -0.0181694 -0.0246329 -0.00798506
internal_weight=20661.9 20346.1 17479.9 2866.28 315.737 183.406 132.331
internal_count=330780 304269 250717 53552 26511 19275 7236
is_linear=0
shrinkage=0.03


Tree=171
num_leaves=8
num_cat=0
split_feature=30 16 52 43 66 49 32
split_gain=127.466 106.953 115.47 40.2954 28.2497 43.3753 37.5824
threshold=21.000000000000004 3.9459064327485387 1.5075757575757578 1.0000000180025095e-35 0.92500000000000038 -0.39248401313515385 1.5000000000000002
decision_type=2 2 2 2 2 2 2
left_child=4 3 -3 -2 5 -1 -6
right_child=1 2 -4 -5 6 -7 -8
leaf_value=-0.0004674957371036997 0.0067975680677168299 -0.011527249977027289 -0.0011792573831128689 -0.00099094756141364219 0.025577225633233013 0.0089438231399867202 0.0072724902131662255
leaf_weight=781.29179220017977 1979.3463341738097 1038.9874653657898 14485.809951929608 826.9659981969744 148.83292639069259 955.98700208682567 382.31701704394072
leaf_count=10014 21862 47843 222986 9534 1155 12895 3726
internal_value=-6.74471e-05 -0.000902504 -0.00188107 0.00447275 0.00662818 0.0046705 0.0127602
internal_weight=20599.5 18331.1 15524.8 2806.31 2268.43 1737.28 531.15
internal_count=330015 302225 270829 31396 27790 22909 4881
is_linear=0
shrinkage=0.03


Tree=172
num_leaves=8
num_cat=0
split_feature=26 25 43 67 28 30 2
split_gain=120.866 133.662 95.7122 59.1703 40.2381 12.5128 7.36769
threshold=5.5000000000000009 447.00000000000006 225.00000000000003 0.3853571428571429 1075.0000000000002 23.000000000000004 6.8017857142857148
decision_type=2 2 2 2 2 2 2
left_child=1 3 -3 -1 6 -6 -2
right_child=4 2 -4 -5 5 -7 -8
leaf_value=-0.0064749832588513355 0.015603061588770653 0.0026523676802377551 -0.0044809369054928079 0.0031364845480273836 -0.002577311173485032 -0.011375712067587638 0
leaf_weight=2950.5981715647504 56.605933366110548 13638.68134318688 1919.948057604488 699.06767135229893 203.87184038432315 1083.0611131982878 43.399788582697511
leaf_count=62518 893 198483 29350 8343 4242 25170 1016
internal_value=-6.52959e-05 0.000548752 0.00176517 -0.00460758 -0.00860559 -0.0100669 0.00892665
internal_weight=20595.2 19208.3 15558.6 3649.67 1386.94 1286.93 100.006
internal_count=330015 298694 227833 70861 31321 29412 1909
is_linear=0
shrinkage=0.03


Tree=173
num_leaves=8
num_cat=0
split_feature=17 4 52 43 7 63 47
split_gain=120.894 122.304 84.3184 50.2552 39.4729 35.5874 10.5719
threshold=2.7063894523326577 9.5000000000000018 2.2554347826086958 325.00000000000006 35.573798627002297 0.16359749601275922 -0.20526315789473681
decision_type=2 2 2 2 2 2 2
left_child=3 2 -2 5 -3 -1 -5
right_child=1 4 -4 6 -6 -7 -8
leaf_value=0.007148386028785478 -0.0086606764914441952 -8.3262861377714128e-05 0.00043931423030987247 0.0066820788578856568 -0.0098554139818392197 -3.6620545486183335e-05 -0.0075249263519414251
leaf_weight=2926.9322974523529 978.65582344727591 496.83023776602931 13312.490175336832 43.965590604580939 1737.715196950594 755.37102459464222 339.65040740836412
leaf_count=32053 30002 15113 169190 549 70502 8565 4041
internal_value=-6.36543e-05 -0.00120839 -0.000180368 0.00456272 -0.00772789 0.00565203 -0.00560007
internal_weight=20591.6 16525.7 14291.1 4065.92 2234.55 3682.3 383.616
internal_count=330015 284807 199192 45208 85615 40618 4590
is_linear=0
shrinkage=0.03


Tree=174
num_leaves=8
num_cat=0
split_feature=25 3 68 66 66 7 3
split_gain=115.697 142.007 105.238 69.5788 154.685 71.9869 43.7062
threshold=451.00000000000006 12.500000000000002 -3.0256008616090502 0.23999999999999883 -1.0000000180025095e-35 33.70454545454546 24.500000000000004
decision_type=2 2 2 2 2 2 2
left_child=3 2 -2 4 -1 -5 -3
right_child=1 6 -4 5 -6 -7 -8
leaf_value=-0.002460418996510005 -0.0057146449214380453 -0.002340605314199599 0.0036013749268669205 0.02156712516109488 -0.016807761862649501 -0.00068351310724124232 -0.0106416471524472
leaf_weight=2569.5629651620984 1197.485218296526 3019.4056282646488 11222.362664788729 147.68859611731023 924.18311877246015 869.33815793506801 716.15899338619784
leaf_count=36535 23478 48714 156022 1209 37943 10668 16116
internal_value=-3.47175e-05 0.00114718 0.00269397 -0.00428422 -0.00629997 0.00254928 -0.00396819
internal_weight=20666.2 16155.4 12419.8 4510.77 3493.75 1017.03 3735.56
internal_count=330685 244330 179500 86355 74478 11877 64830
is_linear=0
shrinkage=0.03


Tree=175
num_leaves=8
num_cat=0
split_feature=57 68 0 68 20 45 50
split_gain=116.101 130.861 75.8708 71.7016 71.0869 52.103 28.2082
threshold=309.00000000000006 -2.4091306724986326 1.0000000180025095e-35 -5.5804024246709085 0.08405442943815801 1.0000000180025095e-35 -1.0000000180025095e-35
decision_type=2 2 2 2 2 2 2
left_child=3 5 -3 6 -5 -2 -1
right_child=1 2 -4 4 -6 -7 -8
leaf_value=-0.021428073826961085 -0.0058970386480443867 0.0019277502811165387 -0.0026605845931274492 0.006478457128412613 -0.00048588978600045015 -0.017958881506246825 0
leaf_weight=132.31715957005508 1135.8437023281585 6151.0221684158314 6832.1752983015031 3867.4532431014813 1964.5138157992624 473.63762473547831 104.40880951005965
leaf_count=5864 30161 95537 87726 61582 32477 12154 5184
internal_value=-3.4538e-05 -0.00148907 -0.000479944 0.00344654 0.00411867 -0.00954696 -0.0124824
internal_weight=20661.4 14592.7 12983.2 6068.69 5831.97 1609.48 236.726
internal_count=330685 225578 183263 105107 94059 42315 11048
is_linear=0
shrinkage=0.03


Tree=176
num_leaves=8
num_cat=0
split_feature=43 17 4 9 49 47 48
split_gain=112.35 111.248 102.572 33.5682 31.739 28.4625 12.1778
threshold=325.00000000000006 1.9591666666666667 9.5000000000000018 0.47468456479943183 -1.0000000180025095e-35 1.0000000180025095e-35 0.14907407407407411
decision_type=2 2 2 2 2 2 2
left_child=1 4 -3 5 -1 -2 -5
right_child=3 2 -4 6 -6 -7 -8
leaf_value=0.0010853735138291131 -0.010370491548674357 0.00086022224870021321 -0.0060218060239250297 -0.00073040791587925306 0.010386630445101661 -0.0025024877030589959 0.01806296616889241
leaf_weight=478.40348483528942 1245.5058386626188 14651.560654059285 2242.8175967936404 44.203078201040626 1264.5968116354197 675.50140740722418 57.100929912179708
leaf_count=4856 23342 196576 82537 334 13379 9293 368
internal_value=-3.44565e-05 0.000690549 -4.95889e-05 -0.00674564 0.0078956 -0.0076642 0.00936737
internal_weight=20659.7 18637.4 16894.4 2022.31 1743 1921.01 101.304
internal_count=330685 297348 279113 33337 18235 32635 702
is_linear=0
shrinkage=0.03


Tree=177
num_leaves=8
num_cat=0
split_feature=25 26 45 66 66 63 1
split_gain=121.608 136.188 123.254 60.5679 223.454 55.3217 54.1524
threshold=457.00000000000006 4.5000000000000009 1.0000000180025095e-35 1.0000000180025095e-35 -1.0000000180025095e-35 0.033908441742081456 1.0000000180025095e-35
decision_type=2 2 2 2 2 2 2
left_child=3 2 -2 4 -1 -3 -5
right_child=1 5 -4 6 -6 -7 -8
leaf_value=-0.0020730081838116034 0.0043296632225248736 0.014664029803490231 -0.0039814270063157449 0.0092069182513066627 -0.019236209552660519 -0.0048060158052096709 -0.0025233223663920961
leaf_weight=3379.4471637457609 9630.726241330849 130.23540336918086 1911.9736515679397 516.29657933767885 856.39448507456109 3138.1198433958925 1084.8195353047922
leaf_count=47692 126754 2102 35313 5104 42012 57899 13628
internal_value=-3.2054e-05 0.0014089 0.00294406 -0.00370191 -0.00558284 -0.00398148 0.00122007
internal_weight=20648 14811.1 11542.7 5836.96 4235.84 3268.36 1601.12
internal_count=330504 222068 162067 108436 89704 60001 18732
is_linear=0
shrinkage=0.03


Tree=178
num_leaves=8
num_cat=0
split_feature=45 3 17 28 69 1 63
split_gain=112.856 132.942 97.9139 85.9826 82.0608 72.5652 14.8109
threshold=1.0000000180025095e-35 6.5000000000000009 9.365151515151517 1175.0000000000002 -2.216647212943359 0.35067567567567576 0.24157104841936777
decision_type=2 2 2 2 2 2 2
left_child=1 2 -1 6 -5 -3 -2
right_child=3 5 -4 4 -6 -7 -8
leaf_value=0.0038231798652701488 0.014950589252856389 -0.0051820575564162467 -0.018688050233933624 0.0026081230249956171 -0.0091187893946014422 0.00055433102291543596 -0.0032682777825328137
leaf_weight=9093.4789288069587 205.97141089732759 3429.8409572655801 171.14983617840335 676.05144257796928 2385.9587207622826 4641.7000567242503 38.201444477541372
leaf_count=124232 3824 70129 16881 15372 48679 50323 1064
internal_value=-3.16718e-05 0.00093301 0.00338775 -0.00511099 -0.00650027 -0.00187379 0.0117306
internal_weight=20642.4 17336.2 9264.63 3306.18 3062.01 8071.54 244.173
internal_count=330504 261565 141113 68939 64051 120452 4888
is_linear=0
shrinkage=0.03


Tree=179
num_leaves=8
num_cat=0
split_feature=54 9 44 41 42 66 69
split_gain=119.024 88.7754 73.3955 61.2468 71.7366 42.8644 37.4456
threshold=1.5000000000000002 0.14742643947760695 1.0000000180025095e-35 0.11805555555555557 1.0000000180025095e-35 -1.0000000180025095e-35 -2.216647212943359
decision_type=2 2 2 2 2 2 2
left_child=3 5 -3 4 -1 -2 -5
right_child=1 2 -4 6 -6 -7 -8
leaf_value=0.016254107232395048 -0.004228494542683689 0.00091095268927188677 -0.0044677602998170916 0.013044676100152338 0.0002728609582750718 -0.013373795013123508 0.0043290915190952383
leaf_weight=267.81554268300533 1884.4669498410076 9276.4521463597193 3018.8007230833173 789.77985490718856 3639.377369156573 634.81746918824501 1125.5606578350998
leaf_count=1614 36138 129342 42349 8483 68079 32287 12212
internal_value=-3.10198e-05 -0.00146368 -0.000403622 0.00359684 0.00141066 -0.00659054 0.00799439
internal_weight=20637.1 14814.5 12295.3 5822.53 3907.19 2519.28 1915.34
internal_count=330504 240116 171691 90388 69693 68425 20695
is_linear=0
shrinkage=0.03


Tree=180
num_leaves=8
num_cat=0
split_feature=43 43 41 66 0 66 61
split_gain=124.226 117.257 101.884 44.2733 61.7946 55.3592 33.7235
threshold=375.00000000000006 -324.99999999999994 0.30384615384615393 1.0000000180025095e-35 0.036038961038961044 -1.0000000180025095e-35 0.17782500000000004
decision_type=2 2 2 2 2 2 2
left_child=1 6 -3 5 -5 -2 -1
right_child=3 2 -4 4 -6 -7 -8
leaf_value=0.0021276429915223476 -0.0074590895695960877 0.000170412145645042 0.0053352730162663335 0.010604420517169394 -0.0078714458604809707 -0.024932992470701965 -0.0068683456680942922
leaf_weight=439.6951630085241 1134.4035568777472 11172.442184331128 4985.1238008118235 259.89067260362208 415.9047663519159 195.95700099109672 2033.9882741060574
leaf_count=6045 16428 198296 58023 2767 5147 8998 34968
internal_value=6.6205e-05 0.000834938 0.00177066 -0.00701263 -0.000608284 -0.010184 -0.00523194
internal_weight=20637.4 18631.2 16157.6 2006.16 675.795 1330.36 2473.68
internal_count=330672 297332 256319 33340 7914 25426 41013
is_linear=0
shrinkage=0.03


Tree=181
num_leaves=8
num_cat=0
split_feature=41 22 22 41 12 49 41
split_gain=110.935 312.67 306.508 111.643 94.0074 49.2986 47.4655
threshold=0.20714285714285716 1.5000000000000002 1.5000000000000002 0.47222222222222227 0.25454921733895247 -0.84885210051259186 1.0000000180025095e-35
decision_type=2 2 2 2 2 2 2
left_child=1 4 5 -4 -1 -2 -3
right_child=2 6 3 -5 -6 -7 -8
leaf_value=-0.0019061126020369391 -0.0065580801168272631 -0.01857286471618225 0.0056587178415572151 0.022851292251064189 0.0037212256579452156 0.0011616370605048666 -0.0014427684632956686
leaf_weight=8312.2114522594493 873.24263687245548 1025.6181039081421 620.21967796701938 807.65507924836129 3930.0367479398847 4883.8070253739133 184.04268018901348
leaf_count=169595 10366 24997 7810 7727 46903 60274 3000
internal_value=6.36056e-05 -0.00153933 0.00307619 0.015492 -9.14803e-05 0 -0.0160574
internal_weight=20636.8 13451.9 7184.92 1427.87 12242.2 5757.05 1209.66
internal_count=330672 244495 86177 15537 216498 70640 27997
is_linear=0
shrinkage=0.03


Tree=182
num_leaves=8
num_cat=0
split_feature=43 43 42 67 67 69 0
split_gain=117.299 110.191 100.296 36.292 29.9866 32.2382 31.3478
threshold=375.00000000000006 -324.99999999999994 1.0000000180025095e-35 1.027272727272728 1.0000000180025095e-35 -0.66659635563014341 0.041960093896713617
decision_type=2 2 2 2 2 2 2
left_child=1 3 -3 -1 5 -2 -6
right_child=4 2 -4 -5 6 -7 -8
leaf_value=-0.006107521512636673 -0.0049956397554238039 0.010734944211360982 0.0010845317932410372 0.0078902794749930102 0.0075540017696089931 -0.014490017252112386 -0.0064208007621841933
leaf_weight=2292.6844460570719 779.77990819350816 1034.4474635552615 15143.031050713966 170.07077019521967 223.70000131917186 610.61479723919183 379.79100760817528
leaf_count=39320 13801 6693 249626 1693 2884 12016 4639
internal_value=6.1113e-05 0.000805843 0.0017103 -0.00509038 -0.00684072 -0.00926673 -0.00107326
internal_weight=20634.1 18640.2 16177.5 2462.76 1993.89 1390.39 603.491
internal_count=330672 297332 256319 41013 33340 25817 7523
is_linear=0
shrinkage=0.03


Tree=183
num_leaves=8
num_cat=0
split_feature=30 68 52 17 41 49 49
split_gain=129.508 88.1759 75.7318 66.7827 67.1027 45.8707 45.6145
threshold=31.000000000000004 -1.6273330730183504 1.0000000180025095e-35 3.2546296296296302 0.30384615384615393 -1.0000000180025095e-35 2.6458807048201032
decision_type=2 2 2 2 2 2 2
left_child=3 6 -3 5 -5 -1 -2
right_child=1 2 -4 4 -6 -7 -8
leaf_value=0.00084991173980874851 -0.010067457177451937 -0.013564819453293462 -0.00015633033923244814 -0.001310341365740814 0.0048255667032604107 0.0080763743647320578 -0.00097043161062774228
leaf_weight=1276.0239989981055 1815.0777018447407 399.01453934866004 6413.6901932819746 5522.3237842880189 2250.5980564560741 2214.0154405906796 714.8413249864243
leaf_count=13277 40929 15508 86434 103875 27360 24306 18826
internal_value=-0.000142825 -0.00275748 -0.000964228 0.00201831 0.000456659 0.00546499 -0.00753954
internal_weight=20605.6 9342.62 6812.7 11263 7772.92 3490.04 2529.92
internal_count=330515 161697 101942 168818 131235 37583 59755
is_linear=0
shrinkage=0.03


Tree=184
num_leaves=8
num_cat=0
split_feature=30 68 0 63 66 69 16
split_gain=122.049 83.7657 73.9244 72.0407 66.9776 49.402 46.699
threshold=31.000000000000004 -1.6273330730183504 1.0000000180025095e-35 0.14000568181818185 0.71999999999999831 -2.216647212943359 9.3858560794044674
decision_type=2 2 2 2 2 2 2
left_child=3 5 -3 6 -5 -2 -1
right_child=1 2 -4 4 -6 -7 -8
leaf_value=0.0057287109294863522 -0.0027556103739086535 0.0020948833766354295 -0.0041471734848260054 -0.0012078652439335123 0.0063102127401422929 -0.011315685714126836 -0.012368694100923392
leaf_weight=3955.4371128554922 1175.9793986403383 3487.5282140248455 3319.8516477500089 5902.6637645242736 1295.7662566276267 1338.3619259218685 125.03692994057201
leaf_count=51350 31982 56329 45613 95036 13759 27773 8673
internal_value=-0.00013906 -0.00268237 -0.000936868 0.0019552 0.000136386 -0.0073612 0.00513767
internal_weight=20600.6 9321.72 6807.38 11278.9 7198.43 2514.34 4080.47
internal_count=330515 161697 101942 168818 108795 59755 60023
is_linear=0
shrinkage=0.03


Tree=185
num_leaves=8
num_cat=0
split_feature=30 66 66 1 3 41 63
split_gain=114.95 74.3719 241.1 75.4783 72.9799 62.9994 16.1207
threshold=31.000000000000004 -1.0000000180025095e-35 1.0000000180025095e-35 1.0000000180025095e-35 22.500000000000004 0.11805555555555557 0.1113496486313824
decision_type=2 2 2 2 2 2 2
left_child=4 3 -3 -2 5 -1 -6
right_child=1 2 -4 -5 6 -7 -8
leaf_value=0.00067548678342356516 0.0047446875571149237 -0.017716770091958184 0 -0.0027067634114588852 0.0009099284531014567 0.005450055476151597 -0.010401493200130871
leaf_weight=6645.228573304601 1646.6293242918327 1089.926773854997 1886.3803452234715 4678.5472971610725 126.95976890437305 4021.8832064326853 500.1009451916907
leaf_count=110156 21597 50900 23492 65708 2144 45341 11177
internal_value=-0.000135441 -0.00260843 -0.0065188 -0.000750499 0.00189351 0.00248581 -0.00797982
internal_weight=20595.7 9301.48 2976.31 6325.18 11294.2 10667.1 627.061
internal_count=330515 161697 74392 87305 168818 155497 13321
is_linear=0
shrinkage=0.03


Tree=186
num_leaves=8
num_cat=0
split_feature=25 54 28 66 66 7 1
split_gain=111.252 100.317 79.3857 68.384 128.507 57.8026 32.9836
threshold=451.00000000000006 3.5000000000000004 1350.0000000000002 0.19999999999999782 -0.02500000000000013 33.70454545454546 0.7958333333333335
decision_type=2 2 2 2 2 2 2
left_child=3 2 -2 4 -1 -5 -3
right_child=1 6 -4 5 -6 -7 -8
leaf_value=-0.0029371741326477481 0.0079540200423547092 -0.0033445262440307513 0.0014123610762801471 0.018990223724621291 -0.016521815075592822 -0.00053005482643132633 0.0077471967197264109
leaf_weight=2529.0087950807065 2032.8354311208241 4239.3999405123759 9599.1770161043387 153.72453715838492 840.57310392335057 921.73839322384447 246.7110696695745
leaf_count=36352 33497 68044 140942 1239 37361 11324 1826
internal_value=-6.18498e-05 0.00109272 0.00256626 -0.00426518 -0.00637212 0.00225181 -0.00270656
internal_weight=20563.2 16118.1 11632 4445.04 3369.58 1075.46 4486.11
internal_count=330585 244309 174439 86276 73713 12563 69870
is_linear=0
shrinkage=0.03


Tree=187
num_leaves=8
num_cat=0
split_feature=8 43 25 67 9 5 11
split_gain=108.521 113.612 92.2451 69.4099 17.1559 12.8077 10.1905
threshold=0.1560573494531946 1.0000000180025095e-35 461.00000000000006 0.25000000000000056 0.4630795301155845 6.416666666666667 0.11722469875452714
decision_type=2 2 2 2 2 2 2
left_child=1 2 -1 -3 6 -6 -2
right_child=4 3 -4 -5 5 -7 -8
leaf_value=-0.0029875189283727001 0.0019677699633774701 -0.0063979408742034375 0.0024113845068386365 0.0025375463972518936 0.0072716308196275996 0.020569037111249192 0.0078916517977622412
leaf_weight=4284.9709473936819 1251.4985843119211 4133.1532045935746 8438.4332674106117 945.78751841862686 1074.2527288272977 76.208844818174839 355.2119066817686
leaf_count=85282 10204 76133 136417 12481 6545 924 2599
internal_value=-6.00799e-05 -0.000922597 0.000585619 -0.00471544 0.00546797 0.00831556 0.00335368
internal_weight=20559.5 17802.3 12723.4 5078.94 2757.17 1150.46 1606.71
internal_count=330585 310313 221699 88614 20272 7469 12803
is_linear=0
shrinkage=0.03


Tree=188
num_leaves=8
num_cat=0
split_feature=8 69 66 54 9 13 5
split_gain=102.008 108.714 102.279 96.1161 15.9776 11.9982 11.7057
threshold=0.1560573494531946 0.46978468168524479 1.0000000180025095e-35 3.5000000000000004 0.4630795301155845 2135.5000000000005 6.416666666666667
decision_type=2 2 2 2 2 2 2
left_child=1 3 -3 -1 5 -2 -6
right_child=4 2 -4 -5 6 -7 -8
leaf_value=0.0018520667538862669 0.0040916563607029006 -0.01076229818386208 -0.00054936936836884884 -0.0035832900155275023 0.0070276188202348074 -0.0046533277064638306 0.019695940354871461
leaf_weight=10109.489150838926 1467.2789242248982 1743.767814328894 1822.3718420276418 4112.8037760471925 1078.3167286142707 142.66033359616995 77.402454606257379
leaf_count=180467 11661 36060 20875 72911 6545 1142 924
internal_value=-5.75979e-05 -0.000895681 -0.00557656 0.000273237 0.00529227 0.00324901 0.00803479
internal_weight=20554.1 17788.4 3566.14 14222.3 2765.66 1609.94 1155.72
internal_count=330585 310313 56935 253378 20272 12803 7469
is_linear=0
shrinkage=0.03


Tree=189
num_leaves=8
num_cat=0
split_feature=11 49 54 31 67 31 9
split_gain=113.279 87.8454 85.5447 77.5877 76.2645 72.0107 20.3334
threshold=0.092745294791939256 -0.84885210051259186 1.5000000000000002 1.0000000180025095e-35 -0.75067567567567639 2.5000000000000004 0.4159576837100179
decision_type=2 2 2 2 2 2 2
left_child=1 4 -3 6 -1 -5 -2
right_child=3 2 -4 5 -6 -7 -8
leaf_value=-0.019694362313309975 -0.010817751779804485 0.0035675034677989607 -0.0020504319068900992 0.009150143905611802 -0.0045071096065898483 0.0018085310943557482 0.0014632304227306303
leaf_weight=351.34923468483612 395.43326726462692 3331.8813297317829 9023.6343152476475 1924.0523208645172 2057.8286317987368 3309.7800235864706 155.18831350281835
leaf_count=7847 4846 58634 165414 23037 32578 36871 1098
internal_value=-0.000159828 -0.00155817 -0.000527346 0.00339213 -0.00679547 0.00453078 -0.00721245
internal_weight=20549.1 14764.7 12355.5 5784.45 2409.18 5233.83 550.622
internal_count=330325 264473 224048 65852 40425 59908 5944
is_linear=0
shrinkage=0.03


Tree=190
num_leaves=8
num_cat=0
split_feature=8 31 31 66 66 31 8
split_gain=111.225 98.3492 109.358 64.7229 80.2172 49.4009 26.4804
threshold=0.043280917989558139 1.0000000180025095e-35 2.5000000000000004 -1.0000000180025095e-35 1.0000000180025095e-35 2.5000000000000004 0.16794748757320735
decision_type=2 2 2 2 2 2 2
left_child=3 6 -3 5 -5 -1 -2
right_child=1 2 -4 4 -6 -7 -8
leaf_value=0.0028308366269752423 -0.010579335604666828 0.0043097884773993182 -0.00068263148238533161 -0.020316551681731611 -0.0026614808767790009 -0.0059862034856264642 0.0018404252006431671
leaf_weight=932.35488944407552 819.75153507292271 6707.1299423025921 9530.7342657439876 484.52183310966939 468.10100821219385 1427.2694488028064 173.92148017510772
leaf_count=14262 10812 100188 126400 38671 9125 29626 1241
internal_value=-0.00015536 0.000808308 0.00137466 -0.00518951 -0.0117944 -0.00246566 -0.00831707
internal_weight=20543.8 17231.5 16237.9 3312.25 952.623 2359.62 993.673
internal_count=330325 238641 226588 91684 47796 43888 12053
is_linear=0
shrinkage=0.03


Tree=191
num_leaves=8
num_cat=0
split_feature=11 41 22 22 0 66 31
split_gain=106.377 83.6158 228.995 150.146 68.4074 75.6988 30.0047
threshold=0.091760761554223982 0.13392857142857145 1.5000000000000002 1.5000000000000002 0.023532668881506093 0.32111111111111124 1.5000000000000002
decision_type=2 2 2 2 2 2 2
left_child=1 2 -1 -3 5 -2 -6
right_child=4 3 -4 -5 6 -7 -8
leaf_value=-0.0018887676919909239 0.0038400713566623598 -0.0011900889384742865 -0.019176746582981349 0.010740128316412929 -0.0068228578705112775 0.015667989384923538 0.0014390829168918805
leaf_weight=7978.9045570360031 2066.4048124628607 4634.7164856460877 752.43959516356699 1186.2946823546663 454.18976957723498 649.25846999790519 2815.9285835623741
leaf_count=164410 27165 62388 21047 14090 5063 5106 31056
internal_value=-0.000151397 -0.00154025 -0.00339902 0.00123292 0.00320857 0.00672456 0.00025543
internal_weight=20538.1 14552.4 8731.34 5821.01 5985.78 2715.66 3270.12
internal_count=330325 261935 185457 76478 68390 32271 36119
is_linear=0
shrinkage=0.03


Tree=192
num_leaves=8
num_cat=0
split_feature=68 57 68 67 67 17 61
split_gain=111.237 112.28 95.8932 48.1202 32.5061 19.1371 15.9851
threshold=-5.3489475856376396 309.00000000000006 -2.4446926535050846 0.46250000000000074 -1.0000000180025095e-35 1.9023809523809525 0.12616666666666668
decision_type=2 2 2 2 2 2 2
left_child=4 3 -3 -2 6 -6 -1
right_child=1 2 -4 -5 5 -7 -8
leaf_value=0.0054419637389141783 0.0028233374526941035 -0.0086637127065535974 -0.00041039224844587199 0.012405054110657857 0.027557017956149791 -0.0063738485703703912 -0.022280668984882162
leaf_weight=12.683635927038265 5314.7268727964256 1403.3505071997643 12957.356371818576 522.25616210326552 13.628273933194576 70.747251679655164 282.42172124423087
leaf_count=325 87109 38126 183944 6548 230 4584 9804
internal_value=-0.000104379 0.000195461 -0.00122592 0.00370594 -0.0160923 0 -0.0207184
internal_weight=20577.2 20197.7 14360.7 5836.98 379.481 84.3755 295.105
internal_count=330670 315727 222070 93657 14943 4814 10129
is_linear=0
shrinkage=0.03


Tree=193
num_leaves=8
num_cat=0
split_feature=68 69 68 7 67 17 61
split_gain=106.167 104.511 108.892 51.7567 31.6847 18.0515 15.6559
threshold=-5.3489475856376396 -5.6858807035754735 -2.4446926535050846 37.075431034482769 -1.0000000180025095e-35 1.9023809523809525 0.12616666666666668
decision_type=2 2 2 2 2 2 2
left_child=4 3 -3 -2 6 -6 -1
right_child=1 2 -4 -5 5 -7 -8
leaf_value=0.005306950647810043 0.021433997128111074 -0.0070351434438938 0.00043215508291517509 0.0055087054810208065 0.02654228332034075 -0.0062289119539914476 -0.022059269786168033
leaf_weight=12.742427971679716 240.14495685137808 1952.0963543294929 17133.370711797616 874.23322472441941 13.91156953666359 70.344156259205192 276.83367127855308
leaf_count=325 3219 46512 254243 11753 230 4584 9804
internal_value=-0.000101289 0.000189353 -0.000328542 0.00910137 -0.0158388 0 -0.0204799
internal_weight=20573.7 20199.8 19085.5 1114.38 373.832 84.2557 289.576
internal_count=330670 315727 300755 14972 14943 4814 10129
is_linear=0
shrinkage=0.03


Tree=194
num_leaves=8
num_cat=0
split_feature=68 69 45 7 67 17 28
split_gain=101.391 105.359 99.1031 38.5543 30.9677 18.4634 14.2367
threshold=-4.9903328766168391 -5.6858807035754735 1.0000000180025095e-35 37.028801843317986 -1.8777777777777771 1.9023809523809525 1075.0000000000002
decision_type=2 2 2 2 2 2 2
left_child=4 3 -3 -2 6 -6 -1
right_child=1 2 -4 -5 5 -7 -8
leaf_value=0.00055718867772620905 0.020813971121665761 0.000649951569311076 -0.0052548723298494679 0.0062921009774224799 0.017274585950297992 -0.0077993083251561663 -0.021945939290048719
leaf_weight=19.154069167096168 213.85311287082732 15988.513022770174 3038.0336479959078 856.62330007832497 24.822836771607399 167.57444684091024 261.49658117163926
leaf_count=732 2743 236302 63289 11337 375 7606 8286
internal_value=-9.79323e-05 0.000222409 -0.000289296 0.00936015 -0.0137556 -0.00375276 -0.0201122
internal_weight=20570.1 20097 19026.5 1070.48 473.048 192.397 280.651
internal_count=330670 313671 299591 14080 16999 7981 9018
is_linear=0
shrinkage=0.03


Tree=195
num_leaves=8
num_cat=0
split_feature=17 26 45 42 66 42 61
split_gain=103.048 110.621 102.642 54.1588 34.9604 7.7873 2.94276
threshold=9.1291666666666682 4.5000000000000009 1.0000000180025095e-35 1.0000000180025095e-35 -0.1249999999999991 1.0000000180025095e-35 0.32901875000000008
decision_type=2 2 2 2 2 2 2
left_child=1 2 -1 -3 6 -6 -2
right_child=4 3 -4 -5 5 -7 -8
leaf_value=0.0023134604263283713 -0.0045353890820567979 0.010885916698328332 -0.0040347760733860276 -0.005279792351262495 0.0031170231528931873 -0.025594460072421828 0.0076536299326853303
leaf_weight=13716.396917610662 81.200043988414109 188.73516657575965 2739.1919841906056 3592.4661117673386 2.0497595025226465 193.95917193545029 14.044935978017746
leaf_count=180455 2067 1404 52543 68798 36 24148 320
internal_value=-7.0065e-05 0.000182633 0.00125036 -0.00443582 -0.0176385 -0.0247764 -0.00154809
internal_weight=20528 20236.8 16455.6 3781.2 291.254 196.009 95.245
internal_count=329771 303200 232998 70202 26571 24184 2387
is_linear=0
shrinkage=0.03


Tree=196
num_leaves=8
num_cat=0
split_feature=68 28 69 26 69 67 63
split_gain=104.339 129.123 118.014 96.385 47.5255 43.8543 18.2075
threshold=-3.0801183073568574 1175.0000000000002 -5.6858807035754735 4.5000000000000009 -6.6168671261478798 -3.6630681818181814 0.21389444444444447
decision_type=2 2 2 2 2 2 2
left_child=1 6 5 -4 -3 -2 -1
right_child=2 4 3 -5 -6 -7 -8
leaf_value=0.011334595787318644 0.005616426394787352 0.0024100991890614151 0.0012202647490888224 -0.0043760914363921259 -0.013646008900235394 0.022845439169324262 -0.0010933730672296677
leaf_weight=293.39232116704807 303.35831130109727 180.25657100742683 14736.44888446806 3404.1165265629534 1193.5495951105841 267.19051723182201 144.11710866075009
leaf_count=5298 3647 4401 220611 62766 26235 3540 3273
internal_value=-6.81901e-05 -0.00693702 0.000593609 0.00016422 -0.0114729 0.0139696 0.0070713
internal_weight=20522.4 1811.32 18711.1 18140.6 1373.81 570.549 437.509
internal_count=329771 39207 290564 283377 30636 7187 8571
is_linear=0
shrinkage=0.03


Tree=197
num_leaves=8
num_cat=0
split_feature=43 42 43 53 67 32 9
split_gain=101 99.7907 228.937 98.9625 80.2694 53.7328 38.6526
threshold=1.0000000180025095e-35 1.0000000180025095e-35 -1.0000000180025095e-35 1.0000000180025095e-35 1.0000000180025095e-35 2.5000000000000004 0.25100142520796026
decision_type=2 2 2 2 2 2 2
left_child=1 2 -1 -3 6 -6 -2
right_child=4 3 -4 -5 5 -7 -8
leaf_value=-0.0090347529312592399 -0.0077062494388519436 -0.0087268696547759591 0.021486485159079322 0.0013167891450673443 0.0088489374138735789 -0.0023630598255605429 -0.001894538064660516
leaf_weight=335.02144067082554 2660.5360741929617 942.8474682001397 616.12538254261017 12661.813437944977 673.58848841814324 865.5337537957821 1763.2459805873223
leaf_count=2283 57472 41670 3599 186827 7763 11001 19156
internal_value=-6.58779e-05 0.00127682 0.0106509 0.000611167 -0.0033569 0.00249829 -0.00541487
internal_weight=20518.7 14555.8 951.147 13604.7 5962.9 1539.12 4423.78
internal_count=329771 234379 5882 228497 95392 18764 76628
is_linear=0
shrinkage=0.03


Tree=198
num_leaves=8
num_cat=0
split_feature=31 66 66 31 9 28 43
split_gain=105.935 111.965 398.468 227.616 30.4084 10.6989 10.5504
threshold=1.0000000180025095e-35 1.0000000180025095e-35 -1.0000000180025095e-35 2.5000000000000004 0.31150148102177277 1550.0000000000002 175.00000000000003
decision_type=2 2 2 2 2 2 2
left_child=4 2 -2 -3 6 -6 -1
right_child=1 3 -4 -5 5 -7 -8
leaf_value=-0.010028507050342082 0.0012076191083048096 0.014215223293857758 -0.012815357491877857 -5.8869559971477507e-05 0.0075463501460052602 -0.0049096836874692046 -0.019461909092453215
leaf_weight=425.66710457764566 12811.496604322456 1483.446301901713 2120.3080217847601 3059.7943536555395 65.634162629023194 356.21763683762401 210.25505453837104
leaf_count=6497 172560 14557 91968 37901 653 3002 3395
internal_value=-3.01697e-05 0.000468635 -0.000781234 0.00459258 -0.00925753 -0.00269516 -0.0134154
internal_weight=20532.8 19475 14931.8 4543.24 1057.77 421.852 635.922
internal_count=330533 316986 264528 52458 13547 3655 9892
is_linear=0
shrinkage=0.03


Tree=199
num_leaves=8
num_cat=0
split_feature=54 49 67 67 41 43 30
split_gain=101.797 88.3567 218.858 70.2833 47.0131 30.9279 6.8893
threshold=3.5000000000000004 -0.39248401313515385 -0.75067567567567639 -3.5166666666666657 0.5634920634920636 -474.99999999999994 31.000000000000004
decision_type=2 2 2 2 2 2 2
left_child=1 2 -1 -3 5 -2 -6
right_child=4 3 -4 -5 6 -7 -8
leaf_value=-0.016337607881761439 -0.013969575402058329 -0.003605841241825219 0.00068450845818145958 0.0039508918831993355 0.0076065754028424382 -0.0038806003758837045 0.00097210464979613932
leaf_weight=792.93756004213355 295.95530560496263 1259.0266021462157 4537.0044040353969 8421.2950041769072 278.97660811059177 4586.9555246296804 355.94924309104681
leaf_count=15403 5780 18246 61585 144938 3003 77415 4163
internal_value=-3.00316e-05 0.00124648 -0.00184395 0.00295741 -0.00351681 -0.00452417 0.00406449
internal_weight=20528.1 15010.3 5329.94 9680.32 5517.84 4882.91 634.926
internal_count=330533 240172 76988 163184 90361 83195 7166
is_linear=0
shrinkage=0.03


end of trees

feature_importances:
horse_pace_preference=173
prev_finish_category=101
horse_avg_c4_gap=82
horse_last_finish=77
pace_fit_score=77
distance_change=57
jockey_top3_rate=55
horse_last3_avg_finish=54
horse_front_runner_rate=48
horse_total_races=47
surface_switch_flag=42
jockey_win_rate=39
race_class=38
horse_top3_rate=31
front_runner_competition=31
heavy_track_fit=30
horse_avg_finish=29
post_style_conflict=29
age=26
style_straight_match=25
venue_expected_pace=24
trainer_top3_rate=22
venue_surface_pace_trend=22
course_final_straight_m=21
horse_avg_pace_lf=21
horse_win_rate=19
field_size=19
track_condition_encoded=17
distance_m=17
trainer_win_rate=16
horse_c4_gap_avg=15
horse_weight=14
straight_ratio=13
horse_avg_c4_pos=12
horse_last3f_rank_avg=10
prev_race_class=8
distance_extend_flag=7
horse_last3f_avg=5
horse_position_improvement_avg=4
pace_style_match_score=4
horse_days_since_last=3
course_corner_count=3
course_start_to_corner_m=3
bracket_bias=2
track_surface_encoded=2
race_front_runner_count=2
trainer_races=1
sire_win_rate=1
venue_pace_avg=1
basis_weight=1

parameters:
[boosting: gbdt]
[objective: binary]
[metric: auc]
[tree_learner: serial]
[device_type: cpu]
[data_sample_strategy: bagging]
[data: ]
[valid: ]
[num_iterations: 200]
[learning_rate: 0.03]
[num_leaves: 20]
[num_threads: 0]
[seed: 0]
[deterministic: 0]
[force_col_wise: 0]
[force_row_wise: 0]
[histogram_pool_size: -1]
[max_depth: 3]
[min_data_in_leaf: 100]
[min_sum_hessian_in_leaf: 0.001]
[bagging_fraction: 0.7]
[pos_bagging_fraction: 1]
[neg_bagging_fraction: 1]
[bagging_freq: 3]
[bagging_seed: 3]
[bagging_by_query: 0]
[feature_fraction: 0.7]
[feature_fraction_bynode: 1]
[feature_fraction_seed: 2]
[extra_trees: 0]
[extra_seed: 6]
[early_stopping_round: 0]
[early_stopping_min_delta: 0]
[first_metric_only: 0]
[max_delta_step: 0]
[lambda_l1: 3]
[lambda_l2: 5]
[linear_lambda: 0]
[min_gain_to_split: 0]
[drop_rate: 0.1]
[max_drop: 50]
[skip_drop: 0.5]
[xgboost_dart_mode: 0]
[uniform_drop: 0]
[drop_seed: 4]
[top_rate: 0.2]
[other_rate: 0.1]
[min_data_per_group: 100]
[max_cat_threshold: 32]
[cat_l2: 10]
[cat_smooth: 10]
[max_cat_to_onehot: 4]
[top_k: 20]
[monotone_constraints: ]
[monotone_constraints_method: basic]
[monotone_penalty: 0]
[feature_contri: ]
[forcedsplits_filename: ]
[refit_decay_rate: 0.9]
[cegb_tradeoff: 1]
[cegb_penalty_split: 0]
[cegb_penalty_feature_lazy: ]
[cegb_penalty_feature_coupled: ]
[path_smooth: 0]
[interaction_constraints: ]
[verbosity: -1]
[saved_feature_importance_type: 0]
[use_quantized_grad: 0]
[num_grad_quant_bins: 4]
[quant_train_renew_leaf: 0]
[stochastic_rounding: 1]
[linear_tree: 0]
[max_bin: 255]
[max_bin_by_feature: ]
[min_data_in_bin: 3]
[bin_construct_sample_cnt: 200000]
[data_random_seed: 1]
[is_enable_sparse: 1]
[enable_bundle: 1]
[use_missing: 1]
[zero_as_missing: 0]
[feature_pre_filter: 1]
[pre_partition: 0]
[two_round: 0]
[header: 0]
[label_column: ]
[weight_column: ]
[group_column: ]
[ignore_column: ]
[categorical_feature: ]
[forcedbins_filename: ]
[precise_float_parser: 0]
[parser_config_file: ]
[objective_seed: 5]
[num_class: 1]
[is_unbalance: 0]
[scale_pos_weight: 1]
[sigmoid: 1]
[boost_from_average: 1]
[reg_sqrt: 0]
[alpha: 0.9]
[fair_c: 1]
[poisson_max_delta_step: 0.7]
[tweedie_variance_power: 1.5]
[lambdarank_truncation_level: 30]
[lambdarank_norm: 1]
[label_gain: ]
[lambdarank_position_bias_regularization: 0]
[eval_at: ]
[multi_error_top_k: 1]
[auc_mu_weights: ]
[num_machines: 1]
[local_listen_port: 12400]
[time_out: 120]
[machine_list_filename: ]
[machines: ]
[gpu_platform_id: -1]
[gpu_device_id: -1]
[gpu_use_dp: 0]
[num_gpu: 1]

end of parameters

pandas_categorical:[]
