tree
version=v4
num_class=1
num_tree_per_iteration=1
label_index=0
max_feature_idx=65
objective=binary sigmoid:1
feature_names=horse_win_rate horse_top3_rate horse_avg_finish horse_total_races horse_last_finish horse_last3_avg_finish horse_days_since_last horse_last3f_avg jockey_win_rate jockey_top3_rate jockey_races trainer_win_rate trainer_top3_rate trainer_races sire_win_rate sire_races horse_avg_c4_pos horse_avg_c4_gap horse_running_style venue_pace_avg bracket_bias distance_category_encoded track_condition_encoded track_surface_encoded bracket_number horse_weight age sex_encoded distance_m basis_weight field_size race_class prev_race_class class_change is_class_up is_class_down weight_trend horse_last3f_rank_avg horse_c4_leader_rate is_chitose_bred rest_days_optimal heavy_track_fit prev_finish_category distance_change distance_extend_flag surface_switch_flag basis_weight_light_flag horse_position_improvement_avg horse_front_runner_rate venue_expected_pace pace_style_match_score race_front_runner_count horse_c4_gap_avg post_style_conflict front_runner_competition course_corner_count course_start_to_corner_m course_final_straight_m course_slope_percent course_is_outer course_turn_direction straight_ratio is_long_straight style_straight_match front_slope_disadvantage closer_long_straight_advantage
feature_infos=[0:1] [0:1] [0:18] [0:80] [0:18] [0:18] [0:365] [0:50] [0:0.66666666666666663] [0:0.83333333333333337] [0:9729] [0:0.66666666666666663] [0:1] [0:5601] [0:1] [0:18521] [0:18] [0:30] [0:3] [33.32005924672027:35.944817410549611] [-2.1842105263157894:4.4824561403508767] [0:3] [0:3] [0:1] [1:8] [330:640] [2:12] [0:2] [0:4250] [47:64] [8:36] [0:7] [0:7] [-5:6] [0:1] [0:1] [-1:1] [0:18] [0:1] [0:1] none [0:1] [0:3] [-3250:2850] [0:1] [0:1] [0:1] [-5.5999999999999996:8.5] [0:1] [-2.1328888888888886:8.3014218009478675] [-4.1507109004739338:4.1507109004739338] [0:15] [0:22.142857142857142] [0:0.95849358974358978] [0:15] [0:6] [0:1000] [0:1000] [0:2.0299999999999998] [0:1] [0:1] [0:1] [0:1] [0:1] [0:2.0299999999999998] [0:1]
tree_sizes=996 1023 1020 1020 1022 1029 1027 1016 1026 1015 1018 1028 1007 1018 1021 1029 1027 1024 1030 1005 1030 1033 1024 1031 1029 1034 1028 1025 1031 1028 1042 1032 1026 1038 1047 1032 1029 1027 1030 1026 1030 1036 1033 1030 1024 1036 1028 1035 1033 1023 1036 1028 1030 1032 1032 1028 1021 1028 1032 1034 1036 1041 1034 1034 1040 1041 1031 1027 1031 1034 1033 1043 1035 1035 1031 1036 1023 1034 1035 1028 1043 1036 1011 1034 1003 1025 1012 1026 1043 1028 1036 1039 1031 1037 1007 1035 1029 1018 1031 1041 1034 1035 1036 1014 1029 1025 1051 1044 1029 1021 1035 1039 1022 1021 1034 1047 1027 1039 1050 1039 1039 1009 1036 1043 1033 1044 1027 1035 1012 1034 1034 1045 1035 1043 1035 1027 1037 1044 1041 1041 1033 1013 1031 1038 1035 1035 1017 1039 1045 1040 1046 1030 1043 1006 1017 1029 1033 1026 1036 1035 1035 1016 1042 1012 1028 1042 1013 1041 1047 1015 1033 995 1043 1042 1026 1049 1004 1043 1036 1047 1037 1043 1041 1030 1026 1037 1030 1010 1016 1030 1035 1041 1028 1031 1034 1034 1037 1041 1029 1029

Tree=0
num_leaves=8
num_cat=0
split_feature=5 9 48 4 48 42 42
split_gain=8298.27 3647.09 1728.93 1180.84 540.77 507.513 149.593
threshold=5.8333333333333348 0.36030318915930004 0.02409988385598142 4.5000000000000009 0.022474747474747477 1.0000000180025095e-35 1.0000000180025095e-35
decision_type=2 2 2 2 2 2 2
left_child=1 2 -1 6 -5 -3 -2
right_child=3 5 -4 4 -6 -7 -8
leaf_value=-2.5643426153744056 -2.4939259044770847 -2.4240315710745715 -2.5372321894529017 -2.5849000666860893 -2.5720279936065173 -2.5015459139699208 -2.5508860457215969
leaf_weight=3191.8510687872767 38.41184663772583 80.624865598976612 6246.1263743564487 5052.2915158346295 7181.0813914760947 1492.8604146391153 1452.7813871577382
leaf_count=47863 576 1209 93663 75761 107683 22386 21785
internal_value=-2.55872 -2.53933 -2.54641 -2.57429 -2.57736 -2.4971 -2.54915
internal_weight=24736 11011.5 9437.98 13724.6 12233.4 1573.49 1491.19
internal_count=370926 165121 141526 205805 183444 23595 22361
is_linear=0
shrinkage=1


Tree=1
num_leaves=8
num_cat=0
split_feature=5 9 53 9 17 8 9
split_gain=7854.87 3438.46 1320.41 812.068 523.632 307.146 109.664
threshold=6.5833333333333348 0.29433152593250261 1.0000000180025095e-35 0.4448382871663113 5.6165158371040729 0.081605462117047445 0.2453010471620776
decision_type=2 2 2 2 2 2 2
left_child=1 2 -1 -3 5 -2 -6
right_child=4 3 -4 -5 6 -7 -8
leaf_value=-0.016984508557686982 -0.01533717660636578 0.036139487478403211 0.012443687576365306 0.07509042099335593 -0.026351669352075714 0.00078149294198702826 -0.012830644582152956
leaf_weight=1634.6041047647595 5084.5889188498259 2322.3875877186656 8362.8508925437927 621.31854980438948 4722.5663673654199 1331.332179300487 657.26960524916649
leaf_count=24659 77125 33866 124137 8868 72093 20168 10010
internal_value=-0.000104359 0.0160287 0.00761704 0.0445046 -0.0178109 -0.0119805 -0.0247299
internal_weight=24736.9 12941.2 9997.45 2943.71 11795.8 6415.92 5379.84
internal_count=370926 191530 148796 42734 179396 97293 82103
is_linear=0
shrinkage=0.03


Tree=2
num_leaves=8
num_cat=0
split_feature=4 9 1 9 9 17 1
split_gain=7358.8 2984.6 1175.98 906.465 840.732 364.962 252.727
threshold=5.5000000000000009 0.25510818045629807 0.3306010928961749 0.4448382871663113 0.23262957800623099 4.3699677938808383 0.49489795918367352
decision_type=2 2 2 2 2 2 2
left_child=1 2 -1 -3 5 -2 -6
right_child=4 3 -4 -5 6 -7 -8
leaf_value=-0.0020674727505373288 -0.011399171003080825 0.032293392384148578 0.022865355514027217 0.072630071289984346 -0.0059009552163974324 -0.023709005316770834 0.016186662447794833
leaf_weight=5036.3271691203117 3270.6594528928399 3359.3840633183718 2562.2990733981133 596.40866620093584 2620.7692244872451 6730.0775374770164 560.86211483180523
leaf_count=75199 49777 48385 37687 8019 39540 104118 8201
internal_value=-0.000107502 0.0173622 0.00633769 0.0384816 -0.0154274 -0.0196999 -0.00195979
internal_weight=24736.8 11554.4 7598.63 3955.79 13182.4 10000.7 3181.63
internal_count=370926 169290 112886 56404 201636 153895 47741
is_linear=0
shrinkage=0.03


Tree=3
num_leaves=8
num_cat=0
split_feature=9 1 42 8 48 2 45
split_gain=5515.82 1963.37 1619.22 1146.18 1006.07 524.775 408.773
threshold=0.25298269461601447 0.3306010928961749 1.0000000180025095e-35 0.14287228565371454 0.02409988385598142 4.6023255813953492 1.0000000180025095e-35
decision_type=2 2 2 2 2 2 2
left_child=1 4 6 -4 -1 -3 -2
right_child=2 5 3 -5 -6 -7 -8
leaf_value=-0.023139984535693797 0.11805079518825147 0.020995453403431681 0.011789495107099741 0.03958724187957078 -0.0066913867077236875 0.00042317201501315894 0.02503777513732227
leaf_weight=6239.8777829259634 195.55906237661839 1764.0439158678055 4180.7462090030313 1971.5941221788526 7268.2064341753721 3048.5255976133049 61.336595393717289
leaf_count=97657 2650 25619 60785 26816 110737 45720 845
internal_value=-5.48757e-05 -0.008439 0.0238848 0.0207372 -0.014302 0.00799657 0.0970886
internal_weight=24729.9 18320.7 6409.24 6152.34 13508.1 4812.57 256.896
internal_count=370829 279733 91096 87601 208394 71339 3495
is_linear=0
shrinkage=0.03


Tree=4
num_leaves=8
num_cat=0
split_feature=4 9 53 42 9 17 8
split_gain=6873.73 2521.4 1142.09 1014.42 731.5 332.483 206.965
threshold=5.5000000000000009 0.25298269461601447 1.0000000180025095e-35 1.0000000180025095e-35 0.22869596884005197 5.03529900332226 0.14105051323111661
decision_type=2 2 2 2 2 2 2
left_child=1 2 -1 -3 5 -2 -6
right_child=4 3 -4 -5 6 -7 -8
leaf_value=-0.019219601394959981 -0.013097330695268698 0.098653001521713371 0.011473043351245981 0.031555021463089965 -0.0065960304061492532 -0.024489524727436533 0.012985620045388835
leaf_weight=1315.9135752543807 4219.8545089662075 211.61115211993456 6235.267138838768 4019.6604973822832 2871.4080233536661 5276.2855913192034 577.46257944405079
leaf_count=20523 65408 2590 91580 54611 43339 84653 8125
internal_value=-5.72008e-05 0.0165146 0.00610327 0.0350444 -0.0151482 -0.0194461 -0.00327726
internal_weight=24727.5 11782.5 7551.18 4231.27 12945 9496.14 3448.87
internal_count=370829 169304 112103 57201 201525 150061 51464
is_linear=0
shrinkage=0.03


Tree=5
num_leaves=8
num_cat=0
split_feature=5 8 42 5 42 17 8
split_gain=6681.79 2096.22 1321.17 786.647 323.543 284.342 255.791
threshold=5.8333333333333348 0.12677346600674036 1.0000000180025095e-35 7.8333333333333348 1.0000000180025095e-35 5.4013888888888895 0.077686589937128112
decision_type=2 2 2 2 2 2 2
left_child=1 2 -1 6 -3 -5 -2
right_child=3 4 -4 5 -6 -7 -8
leaf_value=0.070079791900066551 -0.0095328453477229302 0.089529177066078144 0.0082323107985829251 -0.014486856703381661 0.039893718221069269 -0.025622731294804642 0.0057191357514593845
leaf_weight=317.40016594529152 3196.8641989901662 128.27252753823996 9191.7616489045322 4082.728397063911 2032.2791824266315 4354.2128669545054 1420.5845451615751
leaf_count=4377 49933 1376 133601 63896 25773 71077 20796
internal_value=-6.07496e-05 0.016427 0.0103419 -0.0148072 0.0430821 -0.0202564 -0.00481991
internal_weight=24724.1 11669.7 9509.16 13054.4 2160.55 8436.94 4617.45
internal_count=370829 165127 137978 205702 27149 134973 70729
is_linear=0
shrinkage=0.03


Tree=6
num_leaves=8
num_cat=0
split_feature=5 9 52 42 17 42 5
split_gain=6037.48 2004.65 902.552 760.845 547.601 363.596 96.7197
threshold=6.5833333333333348 0.23150517964374093 1.0000000180025095e-35 1.0000000180025095e-35 5.5915071770334936 1.0000000180025095e-35 9.4166666666666696
decision_type=2 2 2 2 2 2 2
left_child=1 2 -1 -3 5 -2 -6
right_child=4 3 -4 -5 6 -7 -8
leaf_value=-0.020723092949186752 0.040609030479108438 0.071213629739619769 0.0073356220911250051 0.023236834579192813 -0.019125477713445759 -0.011528213753771242 -0.027838997308049843
leaf_weight=1236.17552536726 117.31995673105121 311.89574610441923 6090.9415369704366 5968.727569039911 2273.1872852481902 6032.5137010589242 2719.5267194733024
leaf_count=19513 1772 3523 88794 79994 37068 94933 45697
internal_value=-0.000145004 0.013257 0.00257859 0.0256884 -0.0165188 -0.0104868 -0.0239128
internal_weight=24750.3 13607.7 7327.12 6280.62 11142.5 6149.83 4992.71
internal_count=371294 191824 108307 83517 179470 96705 82765
is_linear=0
shrinkage=0.03


Tree=7
num_leaves=8
num_cat=0
split_feature=4 8 48 1 9 48 8
split_gain=5805.13 1878.8 1113.92 723.553 642.067 403.58 163.761
threshold=5.5000000000000009 0.077686589937128112 0.018693221523410204 0.3306010928961749 0.42931374208426271 0.025978407557354928 0.12677346600674036
decision_type=2 2 2 2 2 2 2
left_child=1 2 -1 5 -3 -2 -5
right_child=3 4 -4 6 -6 -7 -8
leaf_value=-0.012541027601931761 -0.025543141121323155 0.023256325214760478 0.012905446950398188 -0.004760768845939357 0.051487239839627046 -0.012943458312024952 0.01536044643104623
leaf_weight=2343.9246181771159 4242.6299766823649 4441.4896195940673 4528.1528156287968 2789.0697029158473 877.38353452086449 5107.8728134818375 412.39316993579268
leaf_count=36188 71717 58641 64866 42775 10013 81565 5529
internal_value=-0.000145132 0.014593 0.00421028 -0.0144666 0.0279741 -0.0186806 -0.0021209
internal_weight=24742.9 12191 6872.08 12552 5318.87 9350.5 3201.46
internal_count=371294 169708 101054 201586 68654 153282 48304
is_linear=0
shrinkage=0.03


Tree=8
num_leaves=8
num_cat=0
split_feature=4 8 48 5 42 48 8
split_gain=5464.06 1700.12 1044.27 1028.27 572.979 303.006 210.119
threshold=5.5000000000000009 0.077686589937128112 0.018693221523410204 7.166666666666667 1.0000000180025095e-35 0.025978407557354928 0.083997821207247095
decision_type=2 2 2 2 2 2 2
left_child=1 2 -1 6 -3 -5 -2
right_child=3 4 -4 5 -6 -7 -8
leaf_value=-0.01229945218026212 -0.0065129480005625068 0.067800298455903241 0.012380541871126379 -0.026937033811471903 0.024144963796983783 -0.015236604711643809 0.0080776807037977322
leaf_weight=2318.7470462732017 2825.0036725364625 285.3960839509964 4577.9656953550875 3567.8201226592064 5157.1127547286451 4715.9778977446258 1286.4034496992826
leaf_count=36188 44145 2908 64866 62277 65746 77123 18041
internal_value=-0.000145364 0.0139804 0.00406693 -0.0142145 0.0265108 -0.0203 -0.00192161
internal_weight=24734.4 12339.2 6896.71 12395.2 5442.51 8283.8 4111.41
internal_count=371294 169708 101054 201586 68654 139400 62186
is_linear=0
shrinkage=0.03


Tree=9
num_leaves=8
num_cat=0
split_feature=4 4 4 17 9 48 9
split_gain=5383.33 2004.47 1270.18 1015.6 853.126 417.252 292.038
threshold=4.5000000000000009 1.5000000000000002 2.5000000000000004 6.3765243902439037 0.21848860129753886 0.022474747474747477 0.36030318915930004
decision_type=2 2 2 2 2 2 2
left_child=1 3 -3 -1 5 -2 -6
right_child=4 2 -4 -5 6 -7 -8
leaf_value=0.010066628272623375 -0.025575457704403271 0.047509408753029787 0.017803070509350698 -0.021033527695042308 -0.0054882808681533512 -0.012388811585397858 0.013663197033774438
leaf_weight=3554.872476413846 3609.9095379039645 1975.746311288327 3824.8539967052639 1280.9577748812735 4031.8832515738904 5529.9368349015713 864.8374332562089
leaf_count=47509 63855 25728 51506 19126 62055 89350 11404
internal_value=-5.27243e-06 0.0160848 0.0279691 0.00179673 -0.0122055 -0.017618 -0.00207698
internal_weight=24673 10636.4 5800.6 4835.83 14036.6 9139.85 4896.72
internal_count=370533 143869 77234 66635 226664 153205 73459
is_linear=0
shrinkage=0.03


Tree=10
num_leaves=8
num_cat=0
split_feature=4 4 4 17 1 48 2
split_gain=5049.22 1814.28 1104.12 964.434 892.243 485.706 339.314
threshold=4.5000000000000009 1.5000000000000002 2.5000000000000004 6.8013157894736844 0.3306010928961749 0.018693221523410204 4.6715686274509816
decision_type=2 2 2 2 2 2 2
left_child=1 3 -3 -1 5 -2 -6
right_child=4 2 -4 -5 6 -7 -8
leaf_value=0.0089088455105886116 -0.024223850715292341 0.044291631259981208 0.01701137288717568 -0.023234878589832936 0.01301908128619508 -0.01088756219733227 -0.0059702372349093296
leaf_weight=3767.6930213272572 4323.1788041479886 2054.8029673025012 3882.1099197082222 1075.2581201903522 1282.7605801410973 5815.4990613907576 2466.5008052065969
leaf_count=50119 76659 25728 51506 16516 17854 93832 38319
internal_value=-1.0068e-05 0.015388 0.0264977 0.00173696 -0.0119698 -0.0165922 0.000511422
internal_weight=24667.8 10779.9 5936.91 4842.95 13887.9 10138.7 3749.26
internal_count=370533 143869 77234 66635 226664 170491 56173
is_linear=0
shrinkage=0.03


Tree=11
num_leaves=8
num_cat=0
split_feature=5 8 17 48 45 8 42
split_gain=4910.4 1517.43 1094.65 568.851 271.326 268.24 234.022
threshold=6.5833333333333348 0.13807942594553477 7.4405882352941193 0.025978407557354928 1.0000000180025095e-35 0.084718835147141847 1.0000000180025095e-35
decision_type=2 2 2 2 2 2 2
left_child=1 2 -1 6 -3 -5 -2
right_child=3 4 -4 5 -6 -7 -8
leaf_value=0.010319186799720517 0.048179207337785225 0.039517501144730266 -0.019250356106535096 -0.012996239807399189 0.014801938296848484 0.0023496504665943942 -0.025100224280416861
leaf_weight=10580.663573898375 34.341723017394543 1762.4645819924772 1254.4901318959892 5225.2158865705132 544.1806248575449 1261.5217455513775 3998.5352671891451
leaf_count=146138 563 19437 19652 86755 6077 19011 72900
internal_value=-1.44694e-05 0.0115259 0.0071705 -0.0155351 0.0337702 -0.00999844 -0.024395
internal_weight=24661.4 14141.8 11835.2 10519.6 2306.65 6486.74 4032.88
internal_count=370533 191304 165790 179229 25514 105766 73463
is_linear=0
shrinkage=0.03


Tree=12
num_leaves=8
num_cat=0
split_feature=5 1 17 4 31 17 63
split_gain=4751.96 1405.24 910.011 447.016 400.732 304.154 63.0952
threshold=6.8333333333333348 0.49489795918367352 7.488095238095239 4.5000000000000009 1.5000000000000002 5.360788113695091 0.048841661578126069
decision_type=2 2 2 2 2 2 2
left_child=1 2 -1 6 -3 -5 -2
right_child=3 4 -4 5 -6 -7 -8
leaf_value=0.0084270887295797361 0.044770903735141476 0.0019790976419693657 -0.018305318818234606 -0.012702845657094357 0.030593600241474905 -0.023919835674350541 0.002292677400996266
leaf_weight=9878.925514433533 28.141260307282209 519.42522921413183 1289.9343454129994 4431.6365083456039 3198.1606942415237 4418.9696153216064 851.29952079430223
leaf_count=134488 392 6332 20374 74724 39847 81719 12176
internal_value=0 0.010658 0.0053248 -0.0162959 0.0266278 -0.0183238 0.00399912
internal_weight=24616.5 14886.4 11168.9 9730.05 3717.59 8850.61 879.441
internal_count=370052 201041 154862 169011 46179 156443 12568
is_linear=0
shrinkage=0.03


Tree=13
num_leaves=8
num_cat=0
split_feature=4 17 42 1 3 17 42
split_gain=4359.52 1301.79 1012.23 640.56 374.592 297.441 159.44
threshold=5.5000000000000009 6.8013157894736844 1.0000000180025095e-35 0.3306010928961749 1.0000000180025095e-35 4.3699677938808383 1.0000000180025095e-35
decision_type=2 2 2 2 2 2 2
left_child=1 2 -1 5 -3 -2 -5
right_child=3 4 -4 6 -6 -7 -8
leaf_value=0.057066172121996418 -0.0088355785633871999 -0.025228573807296751 0.013867625370633062 0.035758875598460776 0.0023172816378229295 -0.02110377076246794 -0.0028423723826662473
leaf_weight=509.21263870224357 2581.465221632272 905.70864128321409 10579.771686114371 94.222868695855141 855.42899423092604 6019.2865198217332 3064.0572278797626
leaf_count=5383 43041 14716 136458 1285 12219 109983 46967
internal_value=0 0.0120759 0.0158843 -0.0131973 -0.0118292 -0.0174393 -0.00160761
internal_weight=24609.2 12850.1 11089 11759 1761.14 8600.75 3158.28
internal_count=370052 168776 141841 201276 26935 153024 48252
is_linear=0
shrinkage=0.03


Tree=14
num_leaves=8
num_cat=0
split_feature=5 8 42 48 4 9 42
split_gain=4326.23 1320.05 955.411 483.175 275.73 261.555 187.16
threshold=6.8333333333333348 0.12677346600674036 1.0000000180025095e-35 0.02409988385598142 4.5000000000000009 0.46095005709607229 1.0000000180025095e-35
decision_type=2 2 2 2 2 2 2
left_child=1 2 -1 6 -5 -3 -2
right_child=3 5 -4 4 -6 -7 -8
leaf_value=0.048695024750682776 0.042944864551951768 0.022675009854606319 0.0040654500195557268 0.007060644821824686 -0.012874417465830087 0.04351554027198578 -0.025076963191064717
leaf_weight=443.68056220933795 31.460620582103729 2052.1063570380211 11837.62082098797 701.58695920184255 5127.3638162426651 770.26526537537575 3636.3196869343519
leaf_count=5139 504 22773 165502 9711 88506 7627 70290
internal_value=-3.89761e-07 0.00997077 0.00570425 -0.015865 -0.0104556 0.0284614 -0.0244113
internal_weight=24600.4 15103.7 12281.3 9496.73 5828.95 2822.37 3667.78
internal_count=370052 201041 170641 169011 98217 30400 70794
is_linear=0
shrinkage=0.03


Tree=15
num_leaves=8
num_cat=0
split_feature=5 8 48 48 45 4 42
split_gain=3856.73 1273.47 783.559 515.957 419.82 278.751 195.591
threshold=6.8333333333333348 0.081605462117047445 0.018693221523410204 0.02409988385598142 1.0000000180025095e-35 4.5000000000000009 1.0000000180025095e-35
decision_type=2 2 2 2 2 2 2
left_child=1 2 -1 6 -3 -5 -2
right_child=3 4 -4 5 -6 -7 -8
leaf_value=-0.011468067898087773 0.042527015798188711 0.023846567742614126 0.0078948623476537191 0.0080558493554805412 0.0056709691951359999 -0.011956220293249857 -0.024739571258139123
leaf_weight=2699.6558935791254 34.008002121001482 4878.7983153387904 6161.1951379962265 705.40007984638214 1516.6488642580807 5078.0949288830161 3560.2130828388035
leaf_count=42733 520 56673 84032 9709 18018 88632 70376
internal_value=5.07512e-05 0.00935996 0.00198222 -0.0150814 0.0195582 -0.00949499 -0.0240199
internal_weight=24634 15256.3 8860.85 9377.72 6395.45 5783.5 3594.22
internal_count=370693 201456 126765 169237 74691 98341 70896
is_linear=0
shrinkage=0.03


Tree=16
num_leaves=8
num_cat=0
split_feature=9 48 9 42 37 42 37
split_gain=2845.7 1269.3 674.556 615.936 473.53 445.114 222.986
threshold=0.23262957800623099 0.02409988385598142 0.36030318915930004 1.0000000180025095e-35 5.0102040816326534 1.0000000180025095e-35 3.5045454545454553
decision_type=2 2 2 2 2 2 2
left_child=1 3 5 -1 -3 -2 -4
right_child=2 4 6 -5 -6 -7 -8
leaf_value=0.060065299341572953 0.044062927781350771 0.0088842351429156349 0.035309219953831551 -0.020912672261449987 -0.0056813672153849751 0.0058591668528446741 0.018106875835843847
leaf_weight=80.647627700120211 283.50536984950304 2801.7057439871132 1157.9114603251219 5318.5032065995038 7045.5544703118503 6158.837733708322 1778.0163303315639
leaf_count=1135 2931 38838 11679 98744 112178 85086 20102
internal_value=4.6209e-05 -0.00794783 0.0130491 -0.019632 -0.00152568 0.00758721 0.0249705
internal_weight=24624.7 15246.4 9378.27 5399.15 9847.26 6442.34 2935.93
internal_count=370693 250895 119798 99879 151016 88017 31781
is_linear=0
shrinkage=0.03


Tree=17
num_leaves=8
num_cat=0
split_feature=4 1 17 5 31 48 42
split_gain=3579.37 1197.71 829.807 604.722 329.83 241.471 137.844
threshold=6.5000000000000009 0.49489795918367352 7.4405882352941193 7.5833333333333348 1.5000000000000002 0.16843971631205676 1.0000000180025095e-35
decision_type=2 2 2 2 2 2 2
left_child=1 2 -1 6 -3 -5 -2
right_child=3 4 -4 5 -6 -7 -8
leaf_value=0.0076454006632518511 0.030860782584213264 0.0016394075356557336 -0.01745162851363247 -0.023224305549630196 0.028699058492765658 -0.010578397994579497 -0.0046624072524210627
leaf_weight=10030.337584212422 95.88816599175334 479.15603004395962 1338.0674229003489 4471.97669044137 2938.2327998541296 2015.8248023726046 3246.1042597331107
leaf_count=132838 1238 5494 22102 88813 33756 35584 50868
internal_value=4.30922e-05 0.00937321 0.00467718 -0.0139796 0.0249392 -0.0193201 -0.00357171
internal_weight=24615.6 14785.8 11368.4 9829.79 3417.39 6487.8 3341.99
internal_count=370693 194190 154940 176503 39250 124397 52106
is_linear=0
shrinkage=0.03


Tree=18
num_leaves=8
num_cat=0
split_feature=4 17 52 42 17 42 1
split_gain=3578.14 1103.3 724.533 689.914 487.597 323.182 99.1256
threshold=6.5000000000000009 5.4803846153846161 4.4417420814479653 1.0000000180025095e-35 5.6165158371040729 1.0000000180025095e-35 0.23582887700534763
decision_type=2 2 2 2 2 2 2
left_child=1 3 -3 -1 5 -2 -6
right_child=4 2 -4 -5 6 -7 -8
leaf_value=0.047620479824556923 0.035358279285045147 -0.025399463470881529 0.0034475907099541544 0.012826694490151782 -0.024612124896489469 -0.0096080979319709062 -0.012181969650225844
leaf_weight=539.03869201987982 142.00154262036085 1017.7483072131872 3334.4149810597301 9992.2695237398148 3144.4603345617652 5646.9028093665838 765.71920710802078
leaf_count=5188 1975 16964 46170 125608 64892 96170 13249
internal_value=0.000145394 0.00938746 -0.00329901 0.0146379 -0.014025 -0.00845998 -0.0222196
internal_weight=24582.6 14883.5 4352.16 10531.3 9699.08 5788.9 3910.18
internal_count=370216 193930 63134 130796 176286 98145 78141
is_linear=0
shrinkage=0.03


Tree=19
num_leaves=8
num_cat=0
split_feature=5 8 48 5 48 4 42
split_gain=3507.43 1055.38 670.237 456.428 394.116 186.16 136.346
threshold=7.166666666666667 0.072670927499417795 0.018693221523410204 4.416666666666667 0.030536130536130541 6.5000000000000009 1.0000000180025095e-35
decision_type=2 2 2 2 2 2 2
left_child=1 2 -1 -3 6 -6 -2
right_child=4 3 -4 -5 5 -7 -8
leaf_value=-0.012475170538537887 0.034047383267905795 0.021093308933979656 0.0061740588376583139 0.0062655257105185755 0 -0.01375419204642632 -0.024870370461155849
leaf_weight=2477.4875459074974 30.333015039563179 5231.8436252586544 5747.4394606091082 2944.7673583626747 1136.6567277796566 3876.4418977126479 3130.2550894021988
leaf_count=41280 440 57971 78410 37604 17001 70897 66613
internal_value=0.000137915 0.00814192 0.000541493 0.0157712 -0.0159073 -0.0106273 -0.0242236
internal_weight=24575.2 16401.5 8224.93 8176.61 8173.69 5013.1 3160.59
internal_count=370216 215265 119690 95575 154951 87898 67053
is_linear=0
shrinkage=0.03


Tree=20
num_leaves=8
num_cat=0
split_feature=4 1 48 17 0 42 1
split_gain=3231.87 1024.44 762.584 474.969 272.871 219.807 208.523
threshold=6.5000000000000009 0.49489795918367352 0.033615819209039555 4.3699677938808383 0.028778467908902695 1.0000000180025095e-35 0.24283374283374287
decision_type=2 2 2 2 2 2 2
left_child=1 2 -1 5 -3 -2 -5
right_child=3 4 -4 6 -6 -7 -8
leaf_value=-0.0062342647245452161 0.036092809961376204 0.040075757133524924 0.0099962062830378645 -0.022359501061496253 0.018671573468047813 -0.0062720672598683639 -0.0096718329501767671
leaf_weight=3968.772184535861 108.37873697653413 674.40379456803203 7538.6200408712029 4241.8870030604303 2900.3419944383204 3470.2776137664914 1663.375193644315
leaf_count=59313 1450 7391 95214 87987 32012 58665 28184
internal_value=0.000131025 0.00876236 0.0043904 -0.0135832 0.0227851 -0.00491538 -0.0188121
internal_weight=24566.1 15082.1 11507.4 9483.92 3574.75 3578.66 5905.26
internal_count=370216 193930 154527 176286 39403 60115 116171
is_linear=0
shrinkage=0.03


Tree=21
num_leaves=8
num_cat=0
split_feature=9 17 9 42 41 42 26
split_gain=2338.37 977.871 615.447 429.791 367.883 344.939 171.21
threshold=0.22732171745371166 5.3114224137931041 0.40419887629565054 1.0000000180025095e-35 0.15476190476190479 1.0000000180025095e-35 4.5000000000000009
decision_type=2 2 2 2 2 2 2
left_child=1 5 3 -2 -3 -1 -4
right_child=2 4 6 -5 -6 -7 -8
leaf_value=0.032807676046641664 0.037839189948418235 -0.020801813215167907 0.029879637931061458 0.005736728516112297 -0.0022402962514791102 -0.0022448065571820698 0.0066780450324979796
leaf_weight=255.69270093366504 390.72077687084675 4775.6389160007238 1654.7149552367628 7904.6082922853529 1218.3964091092348 8034.4938599467278 362.67020991444588
leaf_count=3126 3635 93753 16241 106097 20233 123885 3816
internal_value=3.27175e-05 -0.00782206 0.0109197 0.00728152 -0.0170489 -0.00113372 0.02578
internal_weight=24596.9 14284.2 10312.7 8295.33 5994.04 8290.19 2017.39
internal_count=370786 240997 129789 109732 113986 127011 20057
is_linear=0
shrinkage=0.03


Tree=22
num_leaves=8
num_cat=0
split_feature=4 4 4 9 17 17 17
split_gain=2840.91 1285.95 802.238 651.899 623.206 277.285 221.208
threshold=4.5000000000000009 1.5000000000000002 2.5000000000000004 0.18278042129809816 6.3765243902439037 3.6550480769230771 4.3245370370370386
decision_type=2 2 2 2 2 2 2
left_child=1 4 -3 6 -1 -5 -2
right_child=3 2 -4 5 -6 -7 -8
leaf_value=0.0050616462778805991 -0.0087406326273116609 0.033389417463202203 0.011561555162765426 0.0058604578141233403 -0.019854991232468207 -0.0073251920208451142 -0.021013967742722836
leaf_weight=3963.6270967014134 2033.6352430358529 2370.2226560115814 4268.1720665208995 2047.0472501777112 1164.4204216338694 4736.8520658761263 4003.0033059678972
leaf_count=47465 34854 25837 51490 30435 19112 79146 82447
internal_value=3.00389e-05 0.0106759 0.019388 -0.00973387 -0.000592444 -0.00333177 -0.0169049
internal_weight=24587 11766.4 6638.39 12820.5 5128.05 6783.9 6036.64
internal_count=370786 143904 77327 226882 66577 109581 117301
is_linear=0
shrinkage=0.03


Tree=23
num_leaves=8
num_cat=0
split_feature=5 9 48 48 45 8 41
split_gain=2890.43 910.453 674.914 384.591 335.222 166.863 76.9497
threshold=7.166666666666667 0.27954355576581941 0.025978407557354928 0.025978407557354928 1.0000000180025095e-35 0.075619460826888626 0.23611111111111113
decision_type=2 2 2 2 2 2 2
left_child=1 2 -1 6 -3 -5 -2
right_child=3 4 -4 5 -6 -7 -8
leaf_value=-0.008988433354518207 -0.024985954181924629 0.021857435084004426 0.0070204967010824093 -0.012967145900625015 0.003555501793994009 -0.0001653228154612534 -0.0059314904523231661
leaf_weight=3313.7112966105342 2704.2460733577609 3927.9600047916174 8267.2888628914952 3719.1316234096885 1187.0785345360637 1234.558134265244 222.70691766217351
leaf_count=53966 61542 40657 108220 68931 12807 20041 4622
internal_value=2.59702e-05 0.00709767 0.00243014 -0.0149398 0.0176352 -0.00979821 -0.0235794
internal_weight=24576.7 16696 11581 7880.64 5115.04 4953.69 2926.95
internal_count=370786 215650 162186 155136 53464 88972 66164
is_linear=0
shrinkage=0.03


Tree=24
num_leaves=8
num_cat=0
split_feature=5 9 42 48 48 4 42
split_gain=2862.34 885.242 496.964 457.124 355.668 158.339 117.51
threshold=7.166666666666667 0.19860708020404702 1.0000000180025095e-35 1.0000000180025095e-35 0.025978407557354928 4.5000000000000009 1.0000000180025095e-35
decision_type=2 2 2 2 2 2 2
left_child=1 3 -3 -1 6 -6 -2
right_child=4 2 -4 -5 5 -7 -8
leaf_value=-0.014548157267189355 0.030974890797658521 0.039412019471621318 0.010541495284241191 0.0032349317207562909 0.0043955508392127165 -0.012161371970267327 -0.024228045970084464
leaf_weight=1871.2147428654134 29.642839938402176 565.4990764670074 10129.520216267556 4225.4646389111876 579.71362898871303 4317.6417303830385 2827.0540795102715
leaf_count=32815 422 4743 120960 57099 7686 81057 65563
internal_value=-6.36998e-05 0.00689405 0.0120941 -0.00221582 -0.0151373 -0.0101806 -0.0235707
internal_weight=24545.8 16791.7 10695 6096.68 7754.05 4897.36 2856.7
internal_count=370345 215617 125703 89914 154728 88743 65985
is_linear=0
shrinkage=0.03


Tree=25
num_leaves=8
num_cat=0
split_feature=5 53 42 5 48 48 42
split_gain=2714.88 856.755 1361.01 774.128 350.268 155.979 113.032
threshold=7.166666666666667 1.0000000180025095e-35 1.0000000180025095e-35 4.416666666666667 0.025978407557354928 0.33602150537634412 1.0000000180025095e-35
decision_type=2 2 2 2 2 2 2
left_child=1 2 -1 -3 6 -6 -2
right_child=4 3 -4 -5 5 -7 -8
leaf_value=0.085837232828175819 0.029505446629983435 0.015163122280069039 -0.017894678352228272 0.0013449824930318326 -0.013097827210006232 -0.00065441223017962649 -0.024033150720350286
leaf_weight=115.9339108504355 30.422332361340523 8379.3505138531327 1896.9703022390604 6489.3366375789046 3623.134082082659 1230.0524709969759 2765.4555308409035
leaf_count=1022 422 95186 30271 89138 67203 21540 65563
internal_value=-6.37172e-05 0.00665044 -0.0116777 0.00914082 -0.0148884 -0.00996646 -0.0233668
internal_weight=24530.7 16881.6 2012.9 14868.7 7649.06 4853.19 2795.88
internal_count=370345 215617 31293 184324 154728 88743 65985
is_linear=0
shrinkage=0.03


Tree=26
num_leaves=8
num_cat=0
split_feature=5 17 9 48 53 4 9
split_gain=2575.02 829.349 661.81 344.779 157.416 152.412 55.5652
threshold=7.166666666666667 7.488095238095239 0.36030318915930004 0.025978407557354928 0.052346234683191224 4.5000000000000009 0.27099412293614938
decision_type=2 2 2 2 2 2 2
left_child=1 2 -1 6 -3 -5 -2
right_child=3 4 -4 5 -6 -7 -8
leaf_value=0.0054301921438659551 -0.024533745269358476 -0.027638358285115933 0.02145365185333108 0.0045597914865565404 -0.0066189048676170677 -0.011731728259242694 -0.0087852502518516694
leaf_weight=12809.046225655824 2489.3346372358501 602.74959635734558 2838.4546816311777 577.33866934850812 718.48828852921724 4233.4762733206153 247.38963644206524
leaf_count=166596 61099 11546 26159 7686 11316 81057 4886
internal_value=-6.41348e-05 0.00641634 0.00834852 -0.0146404 -0.0163439 -0.00975521 -0.0231616
internal_weight=24516.3 16968.7 15647.5 7547.54 1321.24 4810.81 2736.72
internal_count=370345 215617 192755 154728 22862 88743 65985
is_linear=0
shrinkage=0.03


Tree=27
num_leaves=8
num_cat=0
split_feature=5 3 5 5 17 17 17
split_gain=2344.29 826.261 587.879 547.367 428.711 249.195 140.913
threshold=5.5833333333333348 1.0000000180025095e-35 9.1666666666666696 3.5833333333333335 6.7124060150375948 3.6550480769230771 5.9183333333333339
decision_type=2 2 2 2 2 2 2
left_child=1 4 5 -3 -1 -2 -4
right_child=2 3 6 -5 -6 -7 -8
leaf_value=0.0019861175126873361 0.0037570907082652674 0.020514023498310698 -0.013877805879631425 0.0063846046422768466 -0.023385099798747828 -0.008283349174648999 -0.025254711300489435
leaf_weight=2077.4111229628325 2168.3528589084744 4565.4917665831745 2326.5135958269238 5432.8779711686075 834.20039708912373 5301.7165450342 1807.7490063607693
leaf_count=25664 32799 48250 45997 65918 15168 92328 44711
internal_value=-3.4652e-05 0.00875565 -0.00982129 0.0128525 -0.00527971 -0.00477613 -0.0188987
internal_weight=24514.3 12910 11604.3 9998.37 2911.61 7470.07 4134.26
internal_count=370835 155000 215835 114168 40832 125127 90708
is_linear=0
shrinkage=0.03


Tree=28
num_leaves=8
num_cat=0
split_feature=4 4 5 5 11 48 48
split_gain=2269.83 1120.24 712.024 628.387 477.605 210.516 199.994
threshold=4.5000000000000009 1.5000000000000002 8.1666666666666696 3.8333333333333335 0.097012361279985096 0.26006441223832533 0.22361111111111112
decision_type=2 2 2 2 2 2 2
left_child=1 4 5 -3 -1 -2 -4
right_child=2 3 6 -5 -6 -7 -8
leaf_value=-0.0066696244505143765 -0.0060380513500796745 0.027135147543660216 -0.020908357050634676 0.0089107669276182588 0.014128292410160522 0.0055453487458483565 -0.0073644326440998106
leaf_weight=3877.1593187563121 5169.1321103572845 3091.6825853139162 3906.8629408068955 3845.8394551388919 1329.654200989753 1930.3670844398439 1350.4209463745356
leaf_count=51756 82742 31381 90943 45920 14691 27711 25691
internal_value=-3.61221e-05 0.00916896 -0.00909027 0.0170591 -0.00133277 -0.00287415 -0.0174568
internal_weight=24501.1 12144.3 12356.8 6937.52 5206.81 7099.5 5257.28
internal_count=370835 143748 227087 77301 66447 110453 116634
is_linear=0
shrinkage=0.03


Tree=29
num_leaves=8
num_cat=0
split_feature=4 4 48 4 9 8 42
split_gain=2137.04 1033.49 568.378 558.092 472.491 300.19 258.931
threshold=4.5000000000000009 1.5000000000000002 0.025978407557354928 2.5000000000000004 0.22869596884005197 0.062905901091175831 1.0000000180025095e-35
decision_type=2 2 2 2 2 2 2
left_child=1 4 6 -3 -1 -4 -2
right_child=2 3 5 -5 -6 -7 -8
leaf_value=-0.01045029248609315 0.037331587212687742 0.027533396619716693 -0.010104396579914795 0.0098956808873731494 0.0076143939733570552 0.0011970821825598602 -0.019561639279995515
leaf_weight=2569.2367573715746 67.879813648760319 2552.093674454838 4271.1041815653443 4478.0139825232327 2631.1023111902177 4159.2174979113042 3758.6528260298073
leaf_count=38295 846 25774 78058 51527 28152 62568 85615
internal_value=-3.74116e-05 0.00882916 -0.00889221 0.0163264 -0.00129467 -0.00452058 -0.0184815
internal_weight=24487.3 12230.4 12256.9 7030.11 5200.34 8430.32 3826.53
internal_count=370835 143748 227087 77301 66447 140626 86461
is_linear=0
shrinkage=0.03


Tree=30
num_leaves=8
num_cat=0
split_feature=8 48 42 52 42 45 3
split_gain=1595.21 635.188 597.725 716.771 410.719 312.554 225.495
threshold=0.061475787008958616 0.02409988385598142 1.0000000180025095e-35 1.0000000180025095e-35 1.0000000180025095e-35 1.0000000180025095e-35 10.500000000000002
decision_type=2 2 2 2 2 2 2
left_child=1 4 5 -4 -1 -2 -3
right_child=2 6 3 -5 -6 -7 -8
leaf_value=0.051797167998968115 0.045552836888859284 0.00099157906524385787 -0.01578892573636103 0.0075653350655677156 -0.020425738759735142 -0.0018146044144628209 -0.0099739087195479682
leaf_weight=66.986381959170103 511.62488053366542 4120.9977305866778 1305.9955001436174 11932.115408331156 3546.4573944620788 160.30171877145767 2837.7412800677121
leaf_count=841 4139 63386 21299 153289 79794 1543 46730
internal_value=-5.78263e-06 -0.00879104 0.00666565 0.00524945 -0.0189923 0.0341895 -0.00347112
internal_weight=24482.2 10572.2 13910 13238.1 3613.44 671.927 6958.74
internal_count=371021 190751 180270 174588 80635 5682 110116
is_linear=0
shrinkage=0.03


Tree=31
num_leaves=8
num_cat=0
split_feature=4 17 42 17 42 53 52
split_gain=2090.78 702.204 549.728 416.932 174.607 159.38 111.3
threshold=6.5000000000000009 7.488095238095239 1.0000000180025095e-35 5.1518445322793154 1.0000000180025095e-35 0.013034951159951182 3.4886304909560728
decision_type=2 2 2 2 2 2 2
left_child=1 2 -1 4 -2 -3 -5
right_child=3 5 -4 6 -6 -7 -8
leaf_value=0.033713907816055808 0.026048848392209483 -0.027024418732116206 0.0070099687489092255 -0.028583873097213247 -0.0068416457034674132 -0.0052459910702963904 -0.016205758971081931
leaf_weight=728.44309024512768 144.10853685811162 552.10443479195237 13787.622235320508 882.23763606697321 4623.7459328994155 696.24871532991529 3056.821574728936
leaf_count=6011 1803 11340 165646 24350 83166 11239 67466
internal_value=-7.15176e-06 0.00650556 0.00836737 -0.0118061 -0.00580243 -0.015019 -0.0190336
internal_weight=24471.3 15764.4 14516.1 8706.91 4767.85 1248.35 3939.06
internal_count=371021 194236 171657 176785 84969 22579 91816
is_linear=0
shrinkage=0.03


Tree=32
num_leaves=8
num_cat=0
split_feature=4 52 42 2 17 2 52
split_gain=1977.75 678.177 1047.59 520.609 405.979 169.678 111.423
threshold=6.5000000000000009 1.0000000180025095e-35 1.0000000180025095e-35 4.7533783783783798 5.1518445322793154 6.2952069716775609 3.4886304909560728
decision_type=2 2 2 2 2 2 2
left_child=1 2 -1 -3 5 -2 -6
right_child=4 3 -4 -5 6 -7 -8
leaf_value=0.070718919514860298 -0.00056881591998590405 0.013427509971500214 -0.016977986728346758 0.0016702460011353256 -0.028480985103023972 -0.012026056921374036 -0.015954352988025406
leaf_weight=126.74612817913294 2647.5912683345377 8163.806438613683 1723.7105427607894 5828.7542897053063 859.22784078493714 2095.6822445653379 3012.59478969872
leaf_count=985 44333 88894 28681 75676 24350 40636 67466
internal_value=-9.08058e-06 0.0062776 -0.0107483 0.00853867 -0.0115775 -0.00565716 -0.0187906
internal_weight=24458.1 15843 1850.46 13992.6 8615.1 4743.27 3871.82
internal_count=371021 194236 29666 164570 176785 84969 91816
is_linear=0
shrinkage=0.03


Tree=33
num_leaves=8
num_cat=0
split_feature=5 8 53 45 48 48 42
split_gain=1929.6 685.723 450.602 327.093 308.559 128.668 68.7551
threshold=7.5833333333333348 0.088092476723076199 1.0000000180025095e-35 1.0000000180025095e-35 0.04083333333333334 0.47434210526315795 1.0000000180025095e-35
decision_type=2 2 2 2 2 2 2
left_child=1 2 -1 -3 6 -6 -2
right_child=4 3 -4 -5 5 -7 -8
leaf_value=-0.016169607934796635 0.017105811050014057 0.016083814119687158 0.0026975897427307218 0.00059784658958356802 -0.010956032251116816 0.0043318641392300142 -0.022958511299400745
leaf_weight=1285.773404750973 33.19172976911068 5348.4571353793144 9683.0007904134691 1609.1219167001545 3447.9607150480151 566.52092431113124 2422.3611129522324
leaf_count=24467 465 53676 131106 17125 67650 10196 65402
internal_value=8.16209e-05 0.00515421 0.000471392 0.0125182 -0.0139521 -0.00877352 -0.0223467
internal_weight=24396.4 17926.4 10968.8 6957.58 6470.03 4014.48 2455.55
internal_count=370087 226374 155573 70801 143713 77846 65867
is_linear=0
shrinkage=0.03


Tree=34
num_leaves=8
num_cat=0
split_feature=5 45 42 52 52 12 42
split_gain=1830.91 662.248 685.814 251.492 217.497 179.189 74.1565
threshold=7.5833333333333348 1.0000000180025095e-35 1.0000000180025095e-35 1.0000000180025095e-35 1.0000000180025095e-35 0.22102142793855223 1.0000000180025095e-35
decision_type=2 2 2 2 2 2 2
left_child=1 2 -1 6 -3 -5 -2
right_child=3 4 -4 5 -6 -7 -8
leaf_value=0.038014177779615188 0.035196021274453725 -0.024682693810900189 0.0066917195519838133 -0.015347985622485079 -0.0028740137048519341 -0.0039671743742647914 -0.028374534936766064
leaf_weight=658.12767291814089 11.486872661858795 458.29402112588286 13009.117269046605 3337.6045418642461 3870.5323873795569 2030.7157663144171 1008.7443648613989
leaf_count=5211 143 8219 164690 73678 48254 40676 29216
internal_value=7.74452e-05 0.00497923 0.00821994 -0.0137095 -0.00522948 -0.0110673 -0.0274028
internal_weight=24384.6 17996.1 13667.2 6388.55 4328.83 5368.32 1020.23
internal_count=370087 226374 169901 143713 56473 114354 29359
is_linear=0
shrinkage=0.03


Tree=35
num_leaves=8
num_cat=0
split_feature=5 53 42 5 45 16 16
split_gain=1741.92 627.263 783.68 482.548 471.607 198.812 127.852
threshold=5.5833333333333348 1.0000000180025095e-35 1.0000000180025095e-35 9.1666666666666696 1.0000000180025095e-35 5.4721362229102182 6.8651515151515161
decision_type=2 2 2 2 2 2 2
left_child=1 2 -1 5 -3 -2 -5
right_child=3 4 -4 6 -6 -7 -8
leaf_value=0.059015465706977951 0.0033972296461952244 0.013215261378590826 -0.015937961040509624 -0.010381616704070017 -0.0008567524755808822 -0.007437254421512161 -0.021985515762301417
leaf_weight=131.42404360324144 2148.2351262643933 8872.6453421786427 1534.0498729087412 1450.3795949798077 2809.3965372629464 5146.8990467935801 2281.4619824346155
leaf_count=925 32450 96360 25583 29515 32162 92304 60788
internal_value=7.30854e-05 0.00736498 -0.0098105 -0.00874451 0.00982448 -0.0042343 -0.0175197
internal_weight=24374.5 13347.5 1665.47 11027 11682 7295.13 3731.84
internal_count=370087 155030 26508 215057 128522 124754 90303
is_linear=0
shrinkage=0.03


Tree=36
num_leaves=8
num_cat=0
split_feature=4 53 42 2 5 8 48
split_gain=1667.78 552.284 829.097 433.738 369.973 182.594 115.245
threshold=6.5000000000000009 1.0000000180025095e-35 1.0000000180025095e-35 5.0096153846153859 9.1666666666666696 0.08592508845759271 0.1731634182908546
decision_type=2 2 2 2 2 2 2
left_child=1 2 -1 -3 5 -2 -6
right_child=4 3 -4 -5 6 -7 -8
leaf_value=0.057695232620229103 -0.009441654385933999 0.011322887645297619 -0.016326305008993607 0.00042911894040142636 -0.022829694974019234 0.0033999505505123481 -0.010671991203848371
leaf_weight=143.08605173975229 3641.9162139035761 9095.0530939213932 1653.1219770312309 5179.5842953398824 2237.3372415825725 1355.9838301464915 1092.2205144017935
leaf_count=997 71933 96973 28503 67874 61578 20142 22641
internal_value=-0.000240972 0.00540106 -0.010236 0.0073779 -0.0111368 -0.00593968 -0.0188905
internal_weight=24398.3 16070.8 1796.21 14274.6 8327.46 4997.9 3329.56
internal_count=370641 194347 29500 164847 176294 92075 84219
is_linear=0
shrinkage=0.03


Tree=37
num_leaves=8
num_cat=0
split_feature=5 17 5 41 17 53 26
split_gain=1583.63 599.668 501.58 274.246 156.836 130.969 124.15
threshold=7.5833333333333348 7.488095238095239 4.416666666666667 0.23611111111111113 6.4777667984189735 0.031125368577291621 4.5000000000000009
decision_type=2 2 2 2 2 2 2
left_child=1 2 -1 4 -2 -3 -5
right_child=3 5 -4 6 -6 -7 -8
leaf_value=0.010161067763149271 -0.012735077746327733 -0.026821581761268941 -0.0002875230150298003 0.006742428844326534 -0.024326773276046806 -0.0072182892585596114 -0.011285824979497172
leaf_weight=9743.7641602382064 3169.7968097645789 530.354706723243 7151.5883530117571 744.97166542708874 1639.3298043627292 771.75102395564318 627.08236079290509
leaf_count=103992 68581 11792 98443 14866 47792 12544 12631
internal_value=-0.000235616 0.00421725 0.00573421 -0.0133523 -0.0167263 -0.0153437 -0.00144289
internal_weight=24378.6 18197.5 16895.4 6181.18 4809.13 1302.11 1372.05
internal_count=370641 226771 202435 143870 116373 24336 27497
is_linear=0
shrinkage=0.03


Tree=38
num_leaves=8
num_cat=0
split_feature=4 17 12 17 42 3 41
split_gain=1514.87 565.37 426.012 363.952 179.147 142.884 81.5198
threshold=6.5000000000000009 7.488095238095239 0.26211316934358503 5.8937969924812039 1.0000000180025095e-35 1.5000000000000002 0.087121212121212141
decision_type=2 2 2 2 2 2 2
left_child=1 2 -1 4 -2 -3 -5
right_child=3 5 -4 6 -6 -7 -8
leaf_value=0.0035835334878994438 0.024484329364686849 -0.023760527008200232 0.01499341560219722 -0.022542783484839082 -0.0073158361059748617 -0.002614835756543088 -0.0085392237416314996
leaf_weight=10941.403299722821 158.29110294952989 676.49928082153201 4044.6272145323455 2129.9965125508606 5402.0497369896621 517.93778988346457 491.12066324055195
leaf_count=130208 1985 13935 41582 59819 103747 8622 10743
internal_value=-0.000231047 0.00508446 0.00667296 -0.0107512 -0.0063732 -0.0147154 -0.0199745
internal_weight=24361.9 16180.5 14986 8181.46 5560.34 1194.44 2621.12
internal_count=370641 194347 171790 176294 105732 22557 70562
is_linear=0
shrinkage=0.03


Tree=39
num_leaves=8
num_cat=0
split_feature=5 9 9 4 16 41 8
split_gain=1442.68 572.401 322.644 270.2 262.035 180.753 65.6157
threshold=7.166666666666667 0.19380676662786758 0.4448382871663113 1.5000000000000002 5.4721362229102182 0.15476190476190479 0.068169798452726152
decision_type=2 2 2 2 2 2 2
left_child=1 3 -3 -1 6 -6 -2
right_child=4 2 -4 -5 5 -7 -8
leaf_value=-0.012962650240272296 -0.0061577678446992044 0.0065715866673266591 0.023098551960150742 0.0010350490150548375 -0.018495311220628575 -0.0048829824313722497 0.0061132972960623354
leaf_weight=1779.6707667559385 1037.1219248659909 10678.194554030895 1183.8262959346175 4040.972808022052 3836.2590758614242 1168.9596167765558 619.31934091262519
leaf_count=27671 20645 121126 9245 57568 99277 24534 10690
internal_value=-2.33591e-05 0.00445561 0.00823759 -0.00323677 -0.0119202 -0.0153422 -0.00151103
internal_weight=24344.3 17682.7 11862 5820.64 6661.66 5005.22 1656.44
internal_count=370756 215610 130371 85239 155146 123811 31335
is_linear=0
shrinkage=0.03


Tree=40
num_leaves=8
num_cat=0
split_feature=4 4 4 9 17 48 1
split_gain=1372.25 861.521 514.433 453.383 385.363 216.245 157.178
threshold=4.5000000000000009 1.5000000000000002 2.5000000000000004 0.19380676662786758 5.8133928571428575 0.030536130536130541 0.49489795918367352
decision_type=2 2 2 2 2 2 2
left_child=1 4 -3 5 -1 -2 -5
right_child=3 2 -4 6 -6 -7 -8
leaf_value=0.0023757501678431147 -0.021646282767743601 0.023659588358791898 0.0072655987112693566 -0.0040566486237971992 -0.015907300188676067 -0.0092352964656688737 0.0083711538425009727
leaf_weight=3918.7585093416274 1963.1026787385345 2750.2115865275264 4680.0197238437831 4791.3319517448545 1403.2942110709846 3699.7893639951944 1124.222517747432
leaf_count=42983 56934 25908 51438 84072 23513 71891 14017
internal_value=-2.40271e-05 0.00675977 0.0133576 -0.00750304 -0.00243855 -0.0135689 -0.00167453
internal_weight=24330.7 12752.3 7430.23 11578.4 5322.05 5662.89 5915.55
internal_count=370756 143842 77346 226914 66496 128825 98089
is_linear=0
shrinkage=0.03


Tree=41
num_leaves=8
num_cat=0
split_feature=9 45 2 17 2 52 41
split_gain=1255.56 460.521 533.577 421.34 213.2 149.561 138.552
threshold=0.19380676662786758 1.0000000180025095e-35 5.0096153846153859 6.4777667984189735 6.779132791327914 1.0000000180025095e-35 0.15476190476190479
decision_type=2 2 2 2 2 2 2
left_child=3 2 -2 4 -1 -3 -5
right_child=1 5 -4 6 -6 -7 -8
leaf_value=-0.0015383696706133766 0.013445154835806017 -0.024487788870274693 -0.00015446305920670009 -0.022586585628842446 -0.012815353728470855 -0.0020595773055117465 -0.001840489238602113
leaf_weight=5161.7858237046748 7091.7190311774611 288.66988980397582 4073.9111590329558 1987.1709037106484 2141.8177339658141 3219.8456091433764 351.34730655886233
leaf_count=78686 78119 5321 61224 54494 44314 41837 6761
internal_value=-2.50623e-05 0.00549646 0.00847727 -0.00843597 -0.00486422 -0.00396274 -0.0195186
internal_weight=24316.3 14674.1 11165.6 9642.12 7303.6 3508.52 2338.52
internal_count=370756 186501 139343 184255 123000 47158 61255
is_linear=0
shrinkage=0.03


Tree=42
num_leaves=8
num_cat=0
split_feature=5 12 53 26 48 3 42
split_gain=1310.45 515.648 432.864 256.564 248.518 142.308 89.5293
threshold=7.5833333333333348 0.25786313410195999 1.0000000180025095e-35 4.5000000000000009 0.02409988385598142 12.500000000000002 1.5000000000000002
decision_type=2 2 2 2 2 2 2
left_child=1 2 -1 -3 6 -6 -2
right_child=4 3 -4 -5 5 -7 -8
leaf_value=-0.015196724659585496 0.012820706856587937 0.015099976388600294 0.0025745774167032364 -0.0011940829775925227 -0.0030193388820164411 -0.014712803574349669 -0.022053999848875013
leaf_weight=1373.2961935345083 62.187065728008747 4241.8216684423387 11705.392326992005 1080.2203911654651 2307.9772413838655 1604.9194193668664 1948.0476805567741
leaf_count=25142 1326 45391 144123 12150 48053 33385 61532
internal_value=-3.84905e-05 0.00390883 0.000696571 0.0117778 -0.0123093 -0.00785117 -0.0209014
internal_weight=24323.9 18400.7 13078.7 5322.04 5923.13 3912.9 2010.23
internal_count=371102 226806 169265 57541 144296 81438 62858
is_linear=0
shrinkage=0.03


Tree=43
num_leaves=8
num_cat=0
split_feature=5 8 17 52 9 42 9
split_gain=1243.25 499.472 388.486 220.811 176.169 115.186 111.469
threshold=7.5833333333333348 0.13205409959510964 5.3114224137931041 1.0000000180025095e-35 0.20312629970054902 1.0000000180025095e-35 0.46095005709607229
decision_type=2 2 2 2 2 2 2
left_child=1 2 -1 5 -5 -2 -3
right_child=3 6 -4 4 -6 -7 -8
leaf_value=0.0045649900472954858 0.052834160950234112 0.01032847631442288 -0.0059611064649133785 -0.01394118082183648 -0.0022056167822418335 -0.027339149344774331 0.022140510458841609
leaf_weight=10426.636908322573 11.219015277922152 2451.7489034458995 4514.7642539981753 3113.1735988501459 1860.1196855679154 872.46697137877345 1062.0847131833434
leaf_count=126147 136 21909 70715 77004 37628 29528 8035
internal_value=-3.9036e-05 0.00377936 0.00137742 -0.012079 -0.00957653 -0.0259285 0.0139507
internal_weight=24312.2 18455.2 14941.4 5856.98 4973.29 883.686 3513.83
internal_count=371102 226806 196862 144296 114632 29664 29944
is_linear=0
shrinkage=0.03


Tree=44
num_leaves=8
num_cat=0
split_feature=4 4 5 4 17 48 42
split_gain=1189.09 799.723 481.822 409.546 363.722 199.159 102.749
threshold=4.5000000000000009 1.5000000000000002 9.1666666666666696 2.5000000000000004 6.3765243902439037 0.26006441223832533 1.5000000000000002
decision_type=2 2 2 2 2 2 2
left_child=1 4 5 -3 -1 -2 -4
right_child=2 3 6 -5 -6 -7 -8
leaf_value=0.0011166798093930068 -0.0061244562696503597 0.021554954587887577 0.010335058940568726 0.0070554055217020746 -0.018759838793292745 0.0042873140238557858 -0.017943423749251317
leaf_weight=4328.1110672317445 5894.887149464339 2814.5688987523317 112.91721903346479 4732.6782094538212 1017.75048712641 2282.9207105487585 3113.7286232579499
leaf_count=47415 104678 25808 2392 51418 19089 33920 86382
internal_value=-3.87848e-05 0.00619812 -0.00709732 0.0124853 -0.00266461 -0.00320606 -0.0169115
internal_weight=24297.6 12893.1 11404.5 7547.25 5345.86 8177.81 3226.65
internal_count=371102 143730 227372 77226 66504 138598 88774
is_linear=0
shrinkage=0.03


Tree=45
num_leaves=8
num_cat=0
split_feature=4 42 53 17 42 53 37
split_gain=1136.3 421.341 690.181 319.407 166.552 160.719 79.2159
threshold=6.5000000000000009 1.0000000180025095e-35 1.0000000180025095e-35 5.9743421052631591 1.0000000180025095e-35 1.0000000180025095e-35 5.3766891891891904
decision_type=2 2 2 2 2 2 2
left_child=1 5 -3 4 -2 -1 -5
right_child=3 2 -4 6 -6 -7 -8
leaf_value=0.052696865523867535 0.023240506818719735 -0.015521864640916309 0.0052948586633303589 -0.00961373229588019 -0.0065601185151490105 0.018286428705908773 -0.022378513961974954
leaf_weight=152.49489559978247 168.27213676273823 1590.042840577662 14027.576120508835 645.13526412285864 5335.6445317342877 693.21446005254984 1682.4444097857922
leaf_count=993 2062 28472 159485 15450 106004 5341 53220
internal_value=-0.00017783 0.00429308 0.00316544 -0.00958477 -0.00561242 0.0248702 -0.0189073
internal_weight=24294.8 16463.3 15617.6 7831.5 5503.92 845.709 2327.58
internal_count=371027 194291 187957 176736 108066 6334 68670
is_linear=0
shrinkage=0.03


Tree=46
num_leaves=8
num_cat=0
split_feature=4 4 9 4 12 17 17
split_gain=1088.61 701.414 372.625 335.11 320.91 169.095 152.556
threshold=4.5000000000000009 1.5000000000000002 0.18278042129809816 2.5000000000000004 0.24563326222441309 3.2282196969696972 4.9010869565217403
decision_type=2 2 2 2 2 2 2
left_child=1 4 6 -3 -1 -4 -2
right_child=2 3 5 -5 -6 -7 -8
leaf_value=-0.0085603654735011379 -0.0076597624115908123 0.019645219064010223 0.0064362013537046956 0.0066442134839408149 0.0064489952730977743 -0.0049655617769667915 -0.018405963478191626
leaf_weight=3224.4115371163934 2344.8469508700073 2879.9482202045619 1529.9179381094873 4785.2881401702762 2115.7596648409963 4876.7809519581497 2520.1649383660406
leaf_count=44033 46110 25868 22249 51456 22490 87164 71657
internal_value=-0.000173549 0.00573579 -0.0069993 0.0115502 -0.00259639 -0.00222589 -0.0132582
internal_weight=24277.1 13005.4 11271.7 7665.24 5340.17 6406.7 4865.01
internal_count=371027 143847 227180 77324 66523 109413 117767
is_linear=0
shrinkage=0.03


Tree=47
num_leaves=8
num_cat=0
split_feature=5 45 2 48 48 63 41
split_gain=1034.1 531.937 461.845 206.15 201.039 93.8061 59.5321
threshold=8.1666666666666696 1.0000000180025095e-35 5.0096153846153859 1.0000000180025095e-35 0.033615819209039555 0.1092488600628931 0.23611111111111113
decision_type=2 2 2 2 2 2 2
left_child=1 2 -1 -3 6 -6 -2
right_child=4 3 -4 -5 5 -7 -8
leaf_value=0.0095593633143765538 -0.023028121602169924 -0.01731192230656687 -0.0013466968335073828 -0.0024593301902451721 0.003141178158937353 -0.010699185113241959 -0.00079350308711229024
leaf_weight=9532.152621505782 1521.3880556281656 1109.1458116862923 5493.0126995090395 3523.9703276511282 524.26430932432413 2430.3354922942817 126.11443351767957
leaf_count=108531 52916 19589 78555 42809 10758 54402 3467
internal_value=-0.000169766 0.00282395 0.00556713 -0.0060492 -0.0129664 -0.00821178 -0.0213881
internal_weight=24260.4 19658.3 15025.2 4633.12 4602.1 2954.6 1647.5
internal_count=371027 249484 187086 62398 121543 65160 56383
is_linear=0
shrinkage=0.03


Tree=48
num_leaves=8
num_cat=0
split_feature=5 8 42 53 63 9 42
split_gain=990.44 504.263 356.473 214.536 155.862 121.1 62.8965
threshold=7.8333333333333348 0.11960613238032358 1.0000000180025095e-35 1.0000000180025095e-35 0.1092488600628931 0.4448382871663113 1.0000000180025095e-35
decision_type=2 2 2 2 2 2 2
left_child=1 2 -1 6 -5 -3 -2
right_child=3 5 -4 4 -6 -7 -8
leaf_value=0.021716449469578143 0.032527383387680839 0.0088113852403580491 -0.00051891964190361518 0.0043883744683296992 -0.011520332190792747 0.020092426543257758 -0.027329631730457347
leaf_weight=674.40189005061984 10.749982450157402 2832.2521921377629 14365.381434869021 640.51077396795154 3685.3151291143149 1270.3021616637707 780.8865405227989
leaf_count=5713 129 25842 195611 13383 91870 9457 28886
internal_value=-0.000101193 0.00302972 0.000479045 -0.0118218 -0.00914165 0.0123465 -0.0262048
internal_weight=24259.8 19142.3 15039.8 5117.46 4325.83 4102.55 791.637
internal_count=370891 236623 201324 134268 105253 35299 29015
is_linear=0
shrinkage=0.03


Tree=49
num_leaves=8
num_cat=0
split_feature=4 17 9 48 9 42 3
split_gain=1008.31 437.587 369.92 249.433 142.687 109.497 40.1449
threshold=7.5000000000000009 8.9629120879120894 0.36030318915930004 0.02409988385598142 0.24330874165208766 1.5000000000000002 1.5000000000000002
decision_type=2 2 2 2 2 2 2
left_child=1 2 -1 5 -5 -2 -3
right_child=3 6 -4 4 -6 -7 -8
leaf_value=0.0022990814835041093 0.01440054545740551 -0.027501260842976778 0.013585379639406675 -0.0096768790164546946 0.0024519257732902723 -0.02095629936145944 -0.0093463396474520264
leaf_weight=14118.955586055294 75.962011381983757 393.97106318920851 3212.6338947508484 3249.3981456682086 1175.8929968215525 1831.5559373684227 185.08955336920917
leaf_count=179829 1446 9486 25796 70707 18832 60906 3889
internal_value=-9.86628e-05 0.00353579 0.00439965 -0.0103866 -0.00643456 -0.0194673 -0.021982
internal_weight=24243.5 17910.7 17331.6 6332.81 4425.29 1907.52 579.061
internal_count=370891 219000 205625 151891 89539 62352 13375
is_linear=0
shrinkage=0.03


Tree=50
num_leaves=8
num_cat=0
split_feature=9 5 1 45 48 41 32
split_gain=917.006 400.202 354.384 278.873 227.504 187.15 95.4003
threshold=0.18848980865349424 4.166666666666667 0.3306010928961749 1.0000000180025095e-35 0.02409988385598142 0.23611111111111113 3.5000000000000004
decision_type=2 2 2 2 2 2 2
left_child=2 3 4 -2 -1 -3 -4
right_child=1 5 6 -5 -6 -7 -8
leaf_value=-0.018796808710055565 0.012444917071152105 -0.0036443008924644861 0.0059921731859051471 -0.0011685029345386531 -0.007033373325629956 0.0061253512811300075 -0.0064682895311888103
leaf_weight=2441.8625510651618 5760.0255660712719 5307.1999057997018 1636.4761551171541 1753.7385085970163 3868.6782383192331 2635.9219390247017 824.4637604188174
leaf_count=70138 54190 86494 22322 18689 70145 36279 12634
internal_value=-9.69713e-05 0.00429556 -0.00784568 0.00925686 -0.0116108 -0.000389108 0.00177652
internal_weight=24228.4 15456.9 8771.48 7513.76 6310.54 7943.12 2460.94
internal_count=370891 195652 175239 72879 140283 122773 34956
is_linear=0
shrinkage=0.03


Tree=51
num_leaves=8
num_cat=0
split_feature=5 4 4 48 17 3 42
split_gain=923.421 533.138 475.886 333.3 303.107 255.274 175.251
threshold=5.416666666666667 1.5000000000000002 3.5000000000000004 0.028991596638655467 6.7124060150375948 12.500000000000002 1.0000000180025095e-35
decision_type=2 2 2 2 2 2 2
left_child=1 4 -3 6 -1 -5 -2
right_child=3 2 -4 5 -6 -7 -8
leaf_value=0.00034825340240410854 0.029305835464948755 0.016418133641658807 0.0024706778692119642 0.00082085372131466671 -0.019604857531396187 -0.010676434060865683 -0.016689502059326414
leaf_weight=4289.2125168330967 70.75390562042594 4352.4381607025862 4490.0003010816872 4576.5410475321114 808.62606358900666 2784.1483443714678 2861.8756753560156
leaf_count=46372 804 38795 52415 81095 16698 51177 84134
internal_value=-0.000131317 0.00489636 0.00935149 -0.00694813 -0.00281521 -0.00352002 -0.0155012
internal_weight=24233.6 13940.3 8842.44 10293.3 5097.84 7360.69 2932.63
internal_count=371490 154280 91210 217210 63070 132272 84938
is_linear=0
shrinkage=0.03


Tree=52
num_leaves=8
num_cat=0
split_feature=5 4 4 5 11 42 17
split_gain=870.942 497.454 438.567 318.002 309.917 185.336 103.083
threshold=5.416666666666667 1.5000000000000002 3.5000000000000004 9.5833333333333339 0.097012361279985096 1.0000000180025095e-35 6.4777667984189735
decision_type=2 2 2 2 2 2 2
left_child=1 4 -3 5 -1 -2 -5
right_child=3 2 -4 6 -6 -7 -8
leaf_value=-0.0073334419889014195 0.021994627445024586 0.015736037549221371 0.0023918835098789455 -0.011305783724355324 0.0091796113495900451 -0.0044375066251939599 -0.023918843006670173
leaf_weight=3676.9492926038802 240.99220335483551 4404.2728626914322 4498.8026370108128 1841.634144378826 1408.1861435472965 7244.5046719051898 901.95164597593248
leaf_count=49136 2693 38795 52415 46743 13934 133053 34721
internal_value=-0.000128473 0.00473217 0.00900835 -0.00678323 -0.00273841 -0.00356041 -0.015521
internal_weight=24217.3 13988.2 8903.08 10229.1 5085.14 7485.5 2743.59
internal_count=371490 154280 91210 217210 63070 135746 81464
is_linear=0
shrinkage=0.03


Tree=53
num_leaves=8
num_cat=0
split_feature=4 4 5 5 11 11 48
split_gain=825.874 570.568 367.05 309.348 308.247 180.392 95.5149
threshold=4.5000000000000009 1.5000000000000002 9.5833333333333339 3.5833333333333335 0.091484324908514145 0.070708763235572902 0.025978407557354928
decision_type=2 2 2 2 2 2 2
left_child=1 4 5 -3 -1 -2 -4
right_child=2 3 6 -5 -6 -7 -8
leaf_value=-0.0076328949168069544 -0.0077032084265327488 0.017169184228529154 -0.023403323434428185 0.0050544288942657688 0.0077245001414601505 0.0011061358720851925 -0.011340666204724436
leaf_weight=3619.5902888309211 4026.8995359577239 3232.1094970591366 1002.5094815045595 4669.8825875110924 1732.2884078044444 4314.6055964585394 1603.0505329556763
leaf_count=49131 77472 27443 40323 50082 17499 69879 39661
internal_value=-0.000125794 0.00490622 -0.00622585 0.0100288 -0.00264266 -0.0031379 -0.0160523
internal_weight=24200.9 13253.9 10947.1 7901.99 5351.88 8341.51 2605.56
internal_count=371490 144155 227335 77525 66630 147351 79984
is_linear=0
shrinkage=0.03


Tree=54
num_leaves=8
num_cat=0
split_feature=17 2 45 41 52 2 28
split_gain=798.451 646.705 524.076 145.591 132.079 56.4513 32.7635
threshold=7.488095238095239 5.6696969696969708 1.0000000180025095e-35 0.23611111111111113 5.4787137681159432 8.0079365079365097 2675.0000000000005
decision_type=2 2 2 2 2 2 2
left_child=1 2 -1 -3 6 -6 -2
right_child=4 3 -4 -5 5 -7 -8
leaf_value=0.008359150295254008 -0.028307392168076186 -0.0085549018433119864 -0.0049188409556569987 0.00066129430525877408 -0.0070687148078836257 -0.021048902498190279 0.0040517233602050708
leaf_weight=11364.836922258139 789.73824479244649 4987.4030370954424 3485.6700273379683 2206.228529214859 879.32669592835009 391.71102332696319 22.971613654866815
leaf_count=132350 27495 97284 45263 36326 18405 13043 614
internal_value=-1.86525e-05 0.00165698 0.00523591 -0.00571737 -0.0177499 -0.0115133 -0.0272635
internal_weight=24127.9 22044.1 14850.5 7193.63 2083.75 1271.04 812.71
internal_count=370780 311223 177613 133610 59557 31448 28109
is_linear=0
shrinkage=0.03


Tree=55
num_leaves=8
num_cat=0
split_feature=17 2 45 42 52 2 28
split_gain=763.21 608.045 489.852 209.657 131.181 55.1959 32.4228
threshold=7.488095238095239 5.6696969696969708 1.0000000180025095e-35 1.0000000180025095e-35 5.4787137681159432 8.0079365079365097 2675.0000000000005
decision_type=2 2 2 2 2 2 2
left_child=1 2 -1 -3 6 -6 -2
right_child=4 3 -4 -5 5 -7 -8
leaf_value=0.0080558068690347769 -0.028204832082190236 0.023675554227822502 -0.0047905688164804781 -0.0064782559349701365 -0.0069007967749724602 -0.020829852202233528 0.003939919180838523
leaf_weight=11438.048818891868 769.16086959838867 207.91443904489279 3471.977022042498 6950.0557114910334 873.90679542720318 384.12335317581892 23.055376263335347
leaf_count=132350 27495 2385 45263 131225 18405 13043 614
internal_value=-1.96719e-05 0.0016047 0.00505774 -0.00557391 -0.0175089 -0.0112907 -0.0271376
internal_weight=24118.2 22068 14910 7157.97 2050.25 1258.03 792.216
internal_count=370780 311223 177613 133610 59557 31448 28109
is_linear=0
shrinkage=0.03


Tree=56
num_leaves=8
num_cat=0
split_feature=5 45 11 48 48 12 41
split_gain=739.233 424.177 315.179 215.044 167.156 121.87 67.7815
threshold=7.5833333333333348 1.0000000180025095e-35 0.081175979379378468 0.030536130536130541 1.0000000180025095e-35 0.22102142793855223 0.23611111111111113
decision_type=2 2 2 2 2 2 2
left_child=1 2 -1 6 -3 -5 -2
right_child=3 4 -4 5 -6 -7 -8
leaf_value=0.0013626951736484131 -0.020636090578257396 -0.01620400951384228 0.010307786051249834 -0.010412194136720581 -0.0021984234581736233 0.00075959776627809901 0
leaf_weight=8272.0647613704205 1543.595369765535 1000.8720378112048 6237.2548645120114 2081.8292037770152 3328.5272415690124 1492.4785070605576 151.5651912111789
leaf_count=105159 59569 17718 64916 48704 39026 31388 4300
internal_value=-2.04755e-05 0.00275451 0.00521643 -0.00995153 -0.00547196 -0.00572764 -0.0187618
internal_weight=24108.2 18838.7 14509.3 5269.47 4329.4 3574.31 1695.16
internal_count=370780 226819 170075 143961 56744 80092 63869
is_linear=0
shrinkage=0.03


Tree=57
num_leaves=8
num_cat=0
split_feature=4 52 26 17 17 8 52
split_gain=725.173 376.32 353.191 306.777 225.113 127.539 63.2286
threshold=7.5000000000000009 1.0000000180025095e-35 4.5000000000000009 3.7788888888888894 5.9743421052631591 0.074777001923396258 4.901219512195123
decision_type=2 2 2 2 2 2 2
left_child=1 3 -3 -1 5 -2 -6
right_child=4 2 -4 -5 6 -7 -8
leaf_value=0.0058748948885874574 -0.008967360475165085 0.0066856176413638739 -0.004185403648472372 -0.01949504287703489 -0.027973226642726445 0.001908049881242992 -0.014485699741490351
leaf_weight=677.6062373816967 2871.1832554843277 12852.892195945606 3386.8255601730198 1134.9815188702196 455.31789334863424 1444.0848702788353 1291.064787492156
leaf_count=8491 66957 144880 41465 23679 20973 24490 40211
internal_value=-5.03664e-05 0.00296074 0.00441231 -0.00997132 -0.00902769 -0.00530913 -0.0181234
internal_weight=24114 18052.3 16239.7 1812.59 6061.65 4315.27 1746.38
internal_count=371146 218515 186345 32170 152631 91447 61184
is_linear=0
shrinkage=0.03


Tree=58
num_leaves=8
num_cat=0
split_feature=4 53 54 17 17 12 53
split_gain=686.565 359.36 345.85 291.168 218.609 116.209 60.3404
threshold=7.5000000000000009 1.0000000180025095e-35 2.5000000000000004 3.7788888888888894 5.9743421052631591 0.24142234721080302 0.027894158235252962
decision_type=2 2 2 2 2 2 2
left_child=1 3 -3 -1 5 -2 -6
right_child=4 2 -4 -5 6 -7 -8
leaf_value=0.0055727689348643774 -0.0087267266914058984 0.0085709922244217827 -0.00015766855271227392 -0.019246561308390996 -0.027630081924936753 0.0016275892423580803 -0.014308266361665749
leaf_weight=674.9617585670203 2829.2018301337957 8278.0069825798273 8022.0260357055813 1116.5338923279196 445.6142698302865 1465.2856356352568 1271.6118222139776
leaf_count=8440 63404 94839 91550 23686 21034 28043 40150
internal_value=-5.04109e-05 0.00286472 0.00427095 -0.00985608 -0.00883321 -0.0051751 -0.0178877
internal_weight=24103.2 18091.5 16300 1791.5 6011.71 4294.49 1717.23
internal_count=371146 218515 186389 32126 152631 91447 61184
is_linear=0
shrinkage=0.03


Tree=59
num_leaves=8
num_cat=0
split_feature=4 45 26 8 4 17 16
split_gain=649.936 351.521 365.86 213.817 188.562 134.985 64.5786
threshold=7.5000000000000009 1.0000000180025095e-35 4.5000000000000009 0.075206125996639853 1.5000000000000002 5.9183333333333339 4.7550000000000008
decision_type=2 2 2 2 2 2 2
left_child=1 2 -1 5 -3 -2 -5
right_child=3 4 -4 6 -6 -7 -8
leaf_value=0.0075232722001647339 -0.0085296022247720368 -0.013738779519234854 -0.0044559862588711713 0.010673898097497431 -0.00023371419489999287 -0.020166514661362274 -0.0029965490304545736
leaf_weight=11103.717181459069 2821.1735147666186 1417.7491102740169 2878.2307088468224 395.19436001218855 2730.2606495637447 1357.1269247718155 1389.9552075192332
leaf_count=128878 66465 19819 35085 6014 34733 52638 27514
internal_value=-5.03662e-05 0.002772 0.00505016 -0.00864109 -0.00488227 -0.0123504 8.83805e-07
internal_weight=24093.4 18130 13981.9 5963.45 4148.01 4178.3 1785.15
internal_count=371146 218515 163963 152631 54552 119103 33528
is_linear=0
shrinkage=0.03


Tree=60
num_leaves=8
num_cat=0
split_feature=9 48 45 2 42 2 53
split_gain=716.618 369.026 305.95 319.713 218.461 190.112 95.6202
threshold=0.20092438091756884 0.025978407557354928 1.0000000180025095e-35 4.2041666666666675 1.0000000180025095e-35 6.8017857142857148 0.0049461451247165356
decision_type=2 2 2 2 2 2 2
left_child=1 4 3 -2 -1 -3 -4
right_child=2 5 6 -5 -6 -7 -8
leaf_value=0.030865245533937991 0.011514936537283514 0.00057489947737651801 -0.020821136346278867 0.0012608099838170939 -0.016932096391040902 -0.010332399377041966 -0.0022786621589576143
leaf_weight=83.081966746598482 5686.6988158468157 4896.5269966032356 270.84066135063767 5315.2535516098142 2764.2163044158369 2023.095182415098 2984.1454434469342
leaf_count=871 57611 69478 5308 71702 82170 44517 38395
internal_value=-0.000105055 -0.00636693 0.00417915 0.00657197 -0.0154542 -0.00260624 -0.00387872
internal_weight=24023.9 9766.92 14256.9 11002 2847.3 6919.62 3254.99
internal_count=370052 197036 173016 129313 83041 113995 43703
is_linear=0
shrinkage=0.03


Tree=61
num_leaves=8
num_cat=0
split_feature=9 45 3 48 42 3 52
split_gain=679.623 317.182 412.989 293.598 158.437 148.447 107.217
threshold=0.18278042129809816 1.0000000180025095e-35 13.500000000000002 0.025978407557354928 1.0000000180025095e-35 10.500000000000002 1.0000000180025095e-35
decision_type=2 2 2 2 2 2 2
left_child=3 2 -2 4 -1 -5 -3
right_child=1 6 -4 5 -6 -7 -8
leaf_value=0.027604588182011339 0.0085877312973032076 -0.022543926893982213 -0.0047571639696638744 0.0004282182329037222 -0.017392991587922818 -0.0096197633589287998 -0.0028095126855948388
leaf_weight=66.770286187529564 9757.7894747555256 264.73911960422993 2641.7749010901898 3388.4769081864506 2333.4220230039209 2149.2055909577757 3407.96972483024
leaf_count=695 116980 5947 34983 54145 72235 39470 45597
internal_value=-0.000102912 0.00344022 0.00573652 -0.00728587 -0.016049 -0.00346038 -0.00428521
internal_weight=24010.1 16072.3 12399.6 7937.87 2400.19 5537.68 3672.71
internal_count=370052 203507 151963 166545 72930 93615 51544
is_linear=0
shrinkage=0.03


Tree=62
num_leaves=8
num_cat=0
split_feature=9 48 26 11 2 41 30
split_gain=642.05 343.588 274.057 233.018 180.345 149.707 74.6144
threshold=0.20092438091756884 0.025978407557354928 4.5000000000000009 0.099631963807839452 6.3366666666666669 0.15476190476190479 25.000000000000004
decision_type=2 2 2 2 2 2 2
left_child=1 5 3 -2 -3 -1 -4
right_child=2 4 6 -5 -6 -7 -8
leaf_value=-0.017691600800781134 0.0033742101897343037 0.0012009433962799636 0.0034893502790000574 0.012999854713516841 -0.008852396918277142 0.0027803129541125221 -0.0070075773220281785
leaf_weight=2411.6854069083929 8171.6876985337585 4366.5274140387774 827.91995913535357 3151.2275039646775 2523.2020972948521 360.83037904091179 2186.2027077395469
leaf_count=75482 101498 60087 10685 31564 53908 7559 29269
internal_value=-0.000101103 -0.00608018 0.00392285 0.00606558 -0.00247155 -0.0149947 -0.00409346
internal_weight=23999.3 9662.25 14337 11322.9 6889.73 2772.52 3014.12
internal_count=370052 197036 173016 133062 113995 83041 39954
is_linear=0
shrinkage=0.03


Tree=63
num_leaves=8
num_cat=0
split_feature=5 42 53 44 42 53 63
split_gain=597.763 345.971 552.35 215.789 150.033 139.715 24.9543
threshold=8.5833333333333339 1.0000000180025095e-35 1.0000000180025095e-35 1.0000000180025095e-35 1.5000000000000002 1.0000000180025095e-35 0.09661369676075561
decision_type=2 2 2 2 2 2 2
left_child=1 3 -3 -1 6 -6 -2
right_child=4 2 -4 -5 5 -7 -8
leaf_value=0.025530411337576539 0.038755706172172499 -0.015307355193379314 0.0025163348296520643 -0.0087465240385129414 -0.026850612681689413 -0.010054128290197641 0.0086554720915561958
leaf_weight=826.7046200633049 31.963076032698154 1711.4177131950855 17645.133857211098 199.15958148986101 535.63330680131912 2934.7020782083273 133.64657109975815
leaf_count=6233 615 34523 217441 1431 25808 81921 2830
internal_value=-0.000156597 0.00183927 0.000932251 0.0187785 -0.0113569 -0.0127074 0.015958
internal_weight=24018.4 20382.4 19356.6 1025.86 3635.95 3470.34 165.61
internal_count=370802 259628 251964 7664 111174 107729 3445
is_linear=0
shrinkage=0.03


Tree=64
num_leaves=8
num_cat=0
split_feature=9 26 52 17 52 29 44
split_gain=572.901 291.565 294.99 242.518 172.323 117.489 75.936
threshold=0.17600138312586447 4.5000000000000009 1.0000000180025095e-35 4.3245370370370386 2.5064102564102568 58.250000000000007 1.0000000180025095e-35
decision_type=2 2 2 2 2 2 2
left_child=3 2 -2 6 -5 -3 -1
right_child=1 5 -4 4 -6 -7 -8
leaf_value=0.001669995405264729 -0.008209475955050477 -0.0065002612027089289 0.0064870284264596919 -0.025532885992094214 -0.0091142757686149996 0.012082379670096934 -0.0093318027134398959
leaf_weight=2416.3482837174088 1362.3798525370657 3209.3926425054669 11818.063368493691 701.11815328896046 3437.2833299059421 330.83922412246466 729.17204907350242
leaf_count=38959 25687 45321 138699 28696 77385 4517 11538
internal_value=-0.000152699 0.00290239 0.00495858 -0.00717536 -0.0119451 -0.00472371 -0.000862559
internal_weight=24004.6 16720.7 13180.4 7283.92 4138.4 3540.23 3145.52
internal_count=370802 214224 164386 156578 106081 49838 50497
is_linear=0
shrinkage=0.03


Tree=65
num_leaves=8
num_cat=0
split_feature=8 30 1 42 41 32 11
split_gain=534.178 276.937 239.251 206.061 155.097 126.151 125.136
threshold=0.056743211798580433 25.000000000000004 0.23483455882352944 1.0000000180025095e-35 0.17424242424242428 3.5000000000000004 0.1009633514646652
decision_type=2 2 2 2 2 2 2
left_child=2 6 4 -3 -1 -4 -2
right_child=1 3 5 -5 -6 -7 -8
leaf_value=-0.013525268880522147 0.0062581505094088299 0.017888948507883636 0.0038298864533087475 -0.00024625340988121972 0.0003249787025110744 -0.0087287434082360064 0.017811859058695579
leaf_weight=3779.2336109317839 2962.8434996921569 588.05915695056319 2191.4729763846844 11316.505926387385 884.99971580505371 1065.1206380724907 1206.1500866357237
leaf_count=100905 37301 4215 32383 149904 16191 18225 11678
internal_value=-0.000149371 0.00298891 -0.00652703 0.000649163 -0.0108805 -0.000257103 0.0096397
internal_weight=23994.4 16073.6 7920.83 11904.6 4664.23 3256.59 4168.99
internal_count=370802 203098 167704 154119 117096 50608 48979
is_linear=0
shrinkage=0.03


Tree=66
num_leaves=8
num_cat=0
split_feature=17 54 48 26 53 5 63
split_gain=577.069 430.814 269.315 198.615 127.543 55.4232 35.6307
threshold=7.488095238095239 2.5000000000000004 0.22361111111111112 5.5000000000000009 0.027894158235252962 8.4166666666666696 0.056159065934065937
decision_type=2 2 2 2 2 2 2
left_child=1 2 -1 -3 6 -6 -2
right_child=4 3 -4 -5 5 -7 -8
leaf_value=0.0019807424158958232 0.002735385253418723 -0.0015416220727834601 0.011748179360992277 -0.014509166859904393 -0.0053490778694350828 -0.019473127884837755 -0.027946326084926573
leaf_weight=7320.43389781937 29.44430193118751 9666.6743116322905 3912.1262295506895 1193.6317987777293 817.56198228150606 378.22345430217683 649.69325450249016
leaf_count=109307 932 133811 47497 20447 15699 15689 27210
internal_value=-8.03776e-05 0.00127332 0.00539431 -0.00298116 -0.0160403 -0.00995391 -0.0264743
internal_weight=23967.8 22092.9 11232.6 10860.3 1874.92 1195.79 679.138
internal_count=370592 311062 156804 154258 59530 31388 28142
is_linear=0
shrinkage=0.03


Tree=67
num_leaves=8
num_cat=0
split_feature=17 2 45 63 52 5 63
split_gain=551.077 419.514 363.743 157.781 123.559 53.2886 36.0396
threshold=7.488095238095239 5.6696969696969708 1.0000000180025095e-35 0.11407703703703705 4.8404545454545458 8.4166666666666696 0.056159065934065937
decision_type=2 2 2 2 2 2 2
left_child=1 2 -1 -3 6 -6 -2
right_child=4 3 -4 -5 5 -7 -8
leaf_value=0.006568274483398872 0.003259183440467133 0.0040989352703010348 -0.0045240301878113438 -0.0071008926788960272 -0.0053711955622421995 -0.019292333557219932 -0.02784467037736026
leaf_weight=11692.669502055272 28.939506841823459 1405.047892684117 3430.2422704659402 5586.078632125631 819.6572846211493 372.70881782099605 626.14026768319309
leaf_count=132076 923 24268 45159 109559 15800 15734 27073
internal_value=-7.92418e-05 0.00123335 0.00404566 -0.00483581 -0.0158005 -0.00986021 -0.02632
internal_weight=23961.5 22114 15122.9 6991.13 1847.45 1192.37 655.08
internal_count=370592 311062 177235 133827 59530 31534 27996
is_linear=0
shrinkage=0.03


Tree=68
num_leaves=8
num_cat=0
split_feature=5 54 48 1 48 8 3
split_gain=518.749 335.978 364.948 161.474 117.824 49.9638 33.7362
threshold=9.1666666666666696 2.5000000000000004 0.04083333333333334 0.69337606837606847 0.20761494252873566 0.062905901091175831 4.5000000000000009
decision_type=2 2 2 2 2 2 2
left_child=1 2 -1 -3 5 -2 -6
right_child=4 3 -4 -5 6 -7 -8
leaf_value=-0.0030317194865092144 -0.020223209048847394 -0.0036143043631268849 0.0087546790854337898 0.0096999842125390819 0.0079234539811188897 -0.0092646325385882227 -0.0062739054674066435
leaf_weight=3401.2287097983062 1235.287650803104 9248.8627671543509 7664.2152852322906 891.71698324754834 180.88383284211159 609.50188446510583 719.5499136839062
leaf_count=58792 51606 125380 88170 7440 4215 18156 16833
internal_value=-7.81422e-05 0.00150755 0.00512398 -0.00243043 -0.0123403 -0.0166861 -0.00329446
internal_weight=23951.2 21206 11065.4 10140.6 2745.22 1844.79 900.434
internal_count=370592 279782 146962 132820 90810 69762 21048
is_linear=0
shrinkage=0.03


Tree=69
num_leaves=8
num_cat=0
split_feature=12 3 45 1 48 61 0
split_gain=502.761 289.071 300 288.009 187.877 107.663 79.7376
threshold=0.20412897851290907 15.500000000000002 1.0000000180025095e-35 0.39339826839826847 0.018693221523410204 0.10960795454545456 0.037386443046820407
decision_type=2 2 2 2 2 2 2
left_child=3 2 -2 4 -1 -3 -5
right_child=1 5 -4 6 -6 -7 -8
leaf_value=-0.015480114132985673 0.0076878785509392122 0.012429112499508482 -0.003231590379857774 0.015415975853269355 -0.004996221526974415 -0.0085429416729555733 0.0011029363170483298
leaf_weight=2301.5784907117486 9702.5144152427092 238.51627805829048 2937.0419135391712 461.2157363910228 4771.1886148098856 2090.8674759790301 1479.7713931072503
leaf_count=67230 124913 3129 43224 4575 79476 31026 17419
internal_value=-1.70788e-05 0.00334945 0.00514314 -0.00561654 -0.00842907 -0.00633494 0.00458111
internal_weight=23982.7 14968.9 12639.6 9013.75 7072.77 2329.38 1940.99
internal_count=370992 202292 168137 168700 146706 34155 21994
is_linear=0
shrinkage=0.03


Tree=70
num_leaves=8
num_cat=0
split_feature=4 17 43 9 48 16 26
split_gain=497.247 292.557 299.331 162.214 116.977 47.4398 35.6353
threshold=8.5000000000000018 8.9629120879120894 1.0000000180025095e-35 0.24765579984389088 0.20761494252873566 4.7550000000000008 3.5000000000000004
decision_type=2 2 2 2 2 2 2
left_child=1 2 -1 4 -2 -5 -3
right_child=3 6 -4 5 -6 -7 -8
leaf_value=0.0051697349713575487 -0.015968949033733144 -0.023994589417026316 -0.0031146442559494445 0.012496616929017261 -0.0044988416803027047 -0.0021402112839605486 -0.0027421897331653968
leaf_weight=13248.30449292995 2292.8639685316011 413.66199459228665 5558.8308046441525 254.68187591060996 1274.4660260211676 833.0728196054697 99.084499215707183
leaf_count=161561 80684 12701 65816 3774 27941 16284 2231
internal_value=-1.72402e-05 0.00210018 0.00271616 -0.00881724 -0.0119084 0.00124593 -0.0201277
internal_weight=23975 19319.9 18807.1 4655.08 3567.33 1087.75 512.746
internal_count=370992 242309 227377 128683 108625 20058 14932
is_linear=0
shrinkage=0.03


Tree=71
num_leaves=8
num_cat=0
split_feature=12 30 52 1 43 48 31
split_gain=473.168 317.421 256.059 203.115 132.189 81.9643 62.995
threshold=0.18203786174196715 25.000000000000004 1.0000000180025095e-35 0.21778656126482215 1.0000000180025095e-35 0.018693221523410204 3.5000000000000004
decision_type=2 2 2 2 2 2 2
left_child=3 4 -3 5 -2 -1 -5
right_child=1 2 -4 6 -6 -7 -8
leaf_value=-0.017810996759791444 0.012710128671388033 -0.012655439898139983 0.0013722825723272529 0.0029559938906937584 0.0017057446511004567 -0.008209222318927829 -0.0076518271423929619
leaf_weight=1395.9940810650587 3088.2307450855151 1287.9097979385406 12424.520330805331 1508.7074505314231 1471.7297684242949 2042.3989946786314 748.27966731414199
leaf_count=45246 39147 32082 167547 20486 18220 36847 11417
internal_value=-1.79935e-05 0.00233177 4.4066e-05 -0.00756794 0.00918393 -0.0121539 -0.000530266
internal_weight=23967.8 18272.4 13712.4 5695.38 4559.96 3438.39 2256.99
internal_count=370992 256996 199629 113996 57367 82093 31903
is_linear=0
shrinkage=0.03


Tree=72
num_leaves=8
num_cat=0
split_feature=4 4 31 52 2 45 42
split_gain=516.061 467.169 247.149 246.864 225.88 212.078 202.785
threshold=4.5000000000000009 1.5000000000000002 1.5000000000000002 1.0000000180025095e-35 5.505102040816328 1.0000000180025095e-35 1.0000000180025095e-35
decision_type=2 2 2 2 2 2 2
left_child=1 5 -3 6 -5 -1 -2
right_child=3 2 -4 4 -6 -7 -8
leaf_value=0.00043772494550259306 0.050444467230243921 -0.013595187681853669 0.0095865721655817738 0.001462407116276385 -0.0078008161026162127 -0.013181511036172149 -0.022969464836301801
leaf_weight=4016.8800349403173 29.919004566967487 429.93280261196196 7725.2347014807165 4283.6414566952735 5254.2901307009161 1372.9965452309698 861.46668488811702
leaf_count=47011 277 3675 73628 66195 124473 19776 36150
internal_value=-4.23681e-05 0.00381548 0.00834584 -0.00506078 -0.00363253 -0.00302391 -0.0201373
internal_weight=23974.4 13545 8155.17 10429.3 9537.93 5389.88 891.386
internal_count=371185 144090 77303 227095 190668 66787 36427
is_linear=0
shrinkage=0.03


Tree=73
num_leaves=8
num_cat=0
split_feature=4 4 11 4 11 41 42
split_gain=486.232 436.55 250.488 239.604 208.661 169.298 128.992
threshold=4.5000000000000009 1.5000000000000002 0.070708763235572902 2.5000000000000004 0.076306067440080741 0.11805555555555557 1.5000000000000002
decision_type=2 2 2 2 2 2 2
left_child=1 4 5 -3 -1 -2 -4
right_child=2 3 6 -5 -6 -7 -8
leaf_value=-0.0092844961364888044 -0.013375035233966997 0.014564027738166381 0.014182854863758714 0.0039792903516743189 0.0025388831536134406 -0.0017791889418979647 -0.0018115703155042609
leaf_weight=2497.8424088042229 3487.2889802027494 3137.9211073499173 497.16455629467964 5067.4697764851153 2878.6723249834031 1708.2314036227763 4688.0468870904297
leaf_count=36587 96548 25814 6446 51489 30200 33365 90736
internal_value=-4.19404e-05 0.00368974 -0.00493247 0.00804449 -0.00294087 -0.00958513 -0.000248479
internal_weight=23962.6 13581.9 10380.7 8205.39 5376.51 5195.52 5185.21
internal_count=371185 144090 227095 77303 66787 129913 97182
is_linear=0
shrinkage=0.03


Tree=74
num_leaves=8
num_cat=0
split_feature=4 4 48 31 45 42 51
split_gain=458.288 408.217 243.179 230.943 202.238 181.244 87.3018
threshold=4.5000000000000009 1.5000000000000002 0.26006441223832533 1.5000000000000002 1.0000000180025095e-35 1.5000000000000002 2.5000000000000004
decision_type=2 2 2 2 2 2 2
left_child=1 4 5 -3 -1 -2 -4
right_child=2 3 6 -5 -6 -7 -8
leaf_value=0.0005084801040443149 0.0085592965846953972 -0.01349647455013505 0.010855686274907017 0.0089418931506901091 -0.012862598718893526 -0.009066500164531208 -0.00067615802241177551
leaf_weight=4008.8382443897426 559.63871408626437 428.37989141233265 804.28340701013803 7823.7402894832194 1354.2618100848049 6828.9592175846919 2141.7962995972484
leaf_count=47011 8387 3675 13298 73628 19776 168965 36445
internal_value=-4.13883e-05 0.00356984 -0.00480706 0.00775872 -0.00285998 -0.0077144 0.00245461
internal_weight=23949.9 13615.2 10334.7 8252.12 5363.1 7388.6 2946.08
internal_count=371185 144090 227095 77303 66787 177352 49743
is_linear=0
shrinkage=0.03


Tree=75
num_leaves=8
num_cat=0
split_feature=4 43 42 42 52 52 45
split_gain=452.204 272.43 402.383 149.39 155.837 113.355 90.6416
threshold=8.5000000000000018 45.000000000000007 1.0000000180025095e-35 1.5000000000000002 1.0000000180025095e-35 1.0000000180025095e-35 1.0000000180025095e-35
decision_type=2 2 2 2 2 2 2
left_child=1 2 -1 6 -5 -3 -2
right_child=3 5 -4 4 -6 -7 -8
leaf_value=0.02493151001529224 0.024992782778566282 -0.018304929186259568 0.0029637395634562382 -0.025991352837895467 -0.0078348002911544472 -0.0023230001623493254 -0.010648593987551795
leaf_weight=793.72122902981937 179.94504195079207 430.80954026151448 12909.60912911687 483.0776596730575 3782.467688633129 5206.1787205301225 90.662451025098562
leaf_count=5654 2970 8816 167124 26074 97719 60092 1792
internal_value=-3.1003e-05 0.00196512 0.00425135 -0.00855427 -0.00994015 -0.00357552 0.0127486
internal_weight=23876.5 19340.3 13703.3 4536.15 4265.55 5636.99 270.607
internal_count=370241 241686 172778 128555 123793 68908 4762
is_linear=0
shrinkage=0.03


Tree=76
num_leaves=8
num_cat=0
split_feature=17 5 4 3 52 42 4
split_gain=440.777 377.572 286.883 195.719 67.7574 32.5227 27.3576
threshold=8.162878787878789 4.8333333333333348 1.5000000000000002 15.500000000000002 5.4787137681159432 1.5000000000000002 5.5000000000000009
decision_type=2 2 2 2 2 2 2
left_child=1 2 -1 -3 5 -2 -6
right_child=4 3 -4 -5 6 -7 -8
leaf_value=-0.0013120595513176588 0.02176985913101814 -0.00089303137289535887 0.0082664811757413685 -0.010423756170515405 -0.004476466103036124 -0.027353867964044019 -0.016861278688426476
leaf_weight=4537.656011980027 6.8768703565001479 8247.4015171732754 7336.7186433039606 2541.4543516561389 325.2843139115721 491.06258848682046 380.34390432015061
leaf_count=50428 176 159175 66843 48941 5587 23803 15288
internal_value=-3.09947e-05 0.000906408 0.00459956 -0.00315024 -0.0176875 -0.0262868 -0.0113504
internal_weight=23866.8 22663.2 11874.4 10788.9 1203.57 497.939 705.628
internal_count=370241 325387 117271 208116 44854 23979 20875
is_linear=0
shrinkage=0.03


Tree=77
num_leaves=8
num_cat=0
split_feature=8 41 22 42 30 3 45
split_gain=432.704 321.338 422.7 331.874 168.34 140.634 80.7645
threshold=0.08592508845759271 0.23611111111111113 1.5000000000000002 1.0000000180025095e-35 23.000000000000004 10.500000000000002 1.0000000180025095e-35
decision_type=2 2 2 2 2 2 2
left_child=1 3 -3 -1 6 -6 -2
right_child=4 2 -4 -5 5 -7 -8
leaf_value=0.022061344036518628 0.016839441101549821 -0.00088039896058069768 0.022674243804054705 -0.0072319462344951789 0.0055561343109500182 -0.0039189510213649761 0.0017170415770082111
leaf_weight=354.74133073352277 1381.8328509777784 3816.9945948980749 829.13214740715921 9796.5052885813639 5347.5482446392998 1898.6099736094475 431.72170973569155
leaf_count=3381 12356 55710 11754 206822 54629 20935 4654
internal_value=-3.12824e-05 -0.00319605 0.00332359 -0.00618906 0.00512677 0.00306011 0.0133036
internal_weight=23857.1 14797.4 4646.13 10151.2 9059.71 7246.16 1813.55
internal_count=370241 277667 67464 210203 92574 75564 17010
is_linear=0
shrinkage=0.03


Tree=78
num_leaves=8
num_cat=0
split_feature=9 30 1 26 45 48 32
split_gain=405.84 245.572 225.146 192.035 133.129 127.738 79.7532
threshold=0.18278042129809816 25.000000000000004 0.3306010928961749 5.5000000000000009 1.0000000180025095e-35 0.02409988385598142 3.5000000000000004
decision_type=2 2 2 2 2 2 2
left_child=2 4 5 -3 -2 -1 -4
right_child=1 3 6 -5 -6 -7 -8
leaf_value=-0.015654471665804085 0.011738726524386678 0.0015234278059184615 0.0058688964177369763 -0.012348847543691222 -0.0005014034543963003 -0.0057608981134797859 -0.0060225009047874187
leaf_weight=1830.0980001864955 3252.83157562837 11064.109643555246 1556.9021223606542 971.97623245883733 1040.970354763791 3427.6156736053526 741.71692378260195
leaf_count=67747 35503 140023 20818 14953 13504 66484 11722
internal_value=-5.88543e-05 0.00259731 -0.00580888 0.000391033 0.00875322 -0.00923334 0.00198798
internal_weight=23886.2 16329.9 7556.33 12036.1 4293.8 5257.71 2298.62
internal_count=370754 203983 166771 154976 49007 134231 32540
is_linear=0
shrinkage=0.03


Tree=79
num_leaves=8
num_cat=0
split_feature=17 26 43 29 52 5 42
split_gain=407.584 344.762 286.429 203.6 110.874 43.6256 38.5539
threshold=7.488095238095239 4.5000000000000009 1.0000000180025095e-35 58.250000000000007 4.8404545454545458 9.1666666666666696 1.5000000000000002
decision_type=2 2 2 2 2 2 2
left_child=1 2 -1 -3 6 -6 -2
right_child=4 3 -4 -5 5 -7 -8
leaf_value=0.0055423961858030012 0.020676097714229902 -0.0079338852661429062 -0.0028139226712505555 0.014500637799191552 -0.0050839003253399248 -0.019135075509116917 -0.026303863238865091
leaf_weight=12086.943561539985 10.518460953608153 4413.3522933768108 5294.5115621136501 389.61794687714428 856.95527504011989 270.02557201404124 555.5668255360797
leaf_count=165049 254 71264 69781 5355 18323 13206 27522
internal_value=-5.80134e-05 0.00102226 0.00299175 -0.00608209 -0.0142273 -0.00859973 -0.0250999
internal_weight=23877.5 22184.4 17381.5 4802.97 1693.07 1126.98 566.085
internal_count=370754 311449 234830 76619 59305 31529 27776
is_linear=0
shrinkage=0.03


Tree=80
num_leaves=8
num_cat=0
split_feature=12 54 45 48 1 41 0
split_gain=393.346 302.254 199.261 196.703 144.273 62.3943 48.0451
threshold=0.16659131993374124 1.5000000000000002 1.0000000180025095e-35 0.04819976771196284 0.29679679679679688 0.11805555555555557 0.032522474881015347
decision_type=2 2 2 2 2 2 2
left_child=4 3 -3 -2 5 -1 -6
right_child=1 2 -4 -5 6 -7 -8
leaf_value=-0.014514178335773977 -0.00029235805654019624 0.0013063184210882664 -0.0072085540165055632 0.011886171044294892 0.009845457538273818 -0.0041928340318516284 -0.0034769465163607977
leaf_weight=2226.7287874808535 1776.9455039165914 11287.849747925065 3159.9759053261951 3542.9672671929002 342.90151598863304 732.10511196404696 802.33360412158072
leaf_count=59531 34085 156773 50204 41867 3906 13343 11045
internal_value=-5.72161e-05 0.00169415 -0.000551646 0.00780497 -0.00850657 -0.0120021 0.000459205
internal_weight=23871.8 19767.7 14447.8 5319.91 4104.07 2958.83 1145.24
internal_count=370754 282929 206977 75952 87825 72874 14951
is_linear=0
shrinkage=0.03


Tree=81
num_leaves=8
num_cat=0
split_feature=8 17 42 3 45 1 57
split_gain=412.896 270.867 195.147 165.89 208.622 74.9624 68.6244
threshold=0.079374211290106036 7.488095238095239 1.0000000180025095e-35 10.500000000000002 1.0000000180025095e-35 0.12613636363636366 304.00000000000006
decision_type=2 2 2 2 2 2 2
left_child=1 2 -1 4 -2 -3 -5
right_child=3 5 -4 6 -6 -7 -8
leaf_value=0.016128958529625297 0.0094851261884643153 -0.020822610886968327 -0.002920148758320393 0.0066581837369748091 -0.0023233784625835141 -0.0027308828576692664 -0.0045142444928941592
leaf_weight=498.49074925296009 5821.538685515523 959.89748000912368 11869.990344912745 639.22812431491911 1734.2534614400938 279.38085373677313 2081.5708364248276
leaf_count=4752 57001 43980 207343 7503 20687 6821 23205
internal_value=-5.94258e-05 -0.00349042 -0.00213893 0.00447446 0.00676312 -0.0168437 -0.00184896
internal_weight=23884.4 13607.8 12368.5 10276.6 7555.79 1239.28 2720.8
internal_count=371292 262896 212095 108396 77688 50801 30708
is_linear=0
shrinkage=0.03


Tree=82
num_leaves=8
num_cat=0
split_feature=17 2 31 63 53 1 63
split_gain=393.874 355.821 228.841 123.356 70.1904 25.6307 12.871
threshold=8.162878787878789 5.7527777777777791 1.0000000180025095e-35 0.1310765107212476 0.11591672358369663 0.133974358974359 0.052478256510514583
decision_type=2 2 2 2 2 2 2
left_child=1 2 -1 -3 6 -6 -2
right_child=4 3 -4 -5 5 -7 -8
leaf_value=-0.0094804153859702148 0 0.0014997269762681987 0.0042793086415687112 -0.0074364162250051789 -0.01463382398306075 -0.0014464065404109375 -0.027066197541886727
leaf_weight=1166.1595567818731 19.249993602745235 1914.1642479058355 14742.73998145666 4916.0366825042292 440.20079862140119 213.39301304984838 461.8858462870121
leaf_count=11844 612 35011 176492 103192 15730 4500 23911
internal_value=-5.84175e-05 0.000800225 0.00326237 -0.00491963 -0.0172719 -0.0105086 -0.0260719
internal_weight=23873.8 22739.1 15908.9 6830.2 1134.73 653.594 481.136
internal_count=371292 326539 188336 138203 44753 20230 24523
is_linear=0
shrinkage=0.03


Tree=83
num_leaves=8
num_cat=0
split_feature=8 1 48 54 31 9 2
split_gain=382.949 265.744 201.385 149.465 136.561 96.0932 62.8493
threshold=0.082242044506523726 0.3816526610644258 0.028991596638655467 2.5000000000000004 1.5000000000000002 0.46095005709607229 4.2041666666666675
decision_type=2 2 2 2 2 2 2
left_child=1 2 -1 5 -3 -2 -5
right_child=3 4 -4 6 -6 -7 -8
leaf_value=-0.012087653726237036 0.0063496240150884538 -0.014668375275864511 -0.0029387929799226478 0.0038059105815429089 0.0052873297124741061 0.018670332306115901 -0.0032604692041904013
leaf_weight=3135.4403975382447 4604.9988418482244 331.86547708138824 7120.0014841835946 2408.1185371950269 3482.3146179858595 660.00816060788929 2123.9311225283891
leaf_count=100574 49437 4321 122926 21315 42255 4541 25923
internal_value=-5.78789e-05 -0.00323221 -0.00574921 0.00449094 0.00351052 0.00792744 0.000474493
internal_weight=23866.7 14069.6 10255.4 9797.06 3814.18 5265.01 4532.05
internal_count=371292 270076 223500 101216 46576 53978 47238
is_linear=0
shrinkage=0.03


Tree=84
num_leaves=8
num_cat=0
split_feature=5 11 41 31 52 2 61
split_gain=377.155 268.581 219.379 167.301 92.0338 54.5877 10.4006
threshold=9.1666666666666696 0.095507911029580381 0.21825396825396828 1.0000000180025095e-35 1.0000000180025095e-35 7.232051282051283 0.1125
decision_type=2 2 2 2 2 2 2
left_child=1 2 -1 -3 6 -6 -2
right_child=4 3 -4 -5 5 -7 -8
leaf_value=-0.0031846627776120212 0 -0.0078518681670301238 0.0042117200994931979 0.0089673914259871465 -0.0028778819551533424 -0.012683453287924314 -0.025643813159155864
leaf_weight=10388.92257027328 11.180051171220837 588.5917252805084 5519.2273491788656 4825.4535339875147 941.34052500221878 1201.607577579096 360.2062908988446
leaf_count=158242 582 5551 65433 51070 26206 40799 22702
internal_value=4.66955e-05 0.00134716 -0.000612364 0.00711671 -0.0109266 -0.00843475 -0.0247629
internal_weight=23836.5 21322.2 15908.1 5414.05 2514.33 2142.95 371.386
internal_count=370585 280296 223675 56621 90289 67005 23284
is_linear=0
shrinkage=0.03


Tree=85
num_leaves=8
num_cat=0
split_feature=11 3 1 30 5 42 43
split_gain=362.752 231.74 226.05 190.892 148.176 78.9883 51.7644
threshold=0.070708763235572902 15.500000000000002 0.39791666666666675 27.000000000000004 8.8333333333333339 1.0000000180025095e-35 195.00000000000003
decision_type=2 2 2 2 2 2 2
left_child=2 3 4 -2 -1 -3 -4
right_child=1 5 6 -5 -6 -7 -8
leaf_value=-0.0045226860136557351 0.010433222522343993 0.02012207781503789 0.0059759763085018413 0.0021860052677642318 -0.014791851789726076 -0.0076973130693064901 -0.0039267088473104936
leaf_weight=6419.375968339853 3838.7126408498734 90.3933728877455 1973.4823600482196 7491.6770385932177 1590.1480321474373 1817.2470915680751 609.91428034566343
leaf_count=105891 43944 741 21692 101494 62897 27297 6629
internal_value=4.41072e-05 0.00335823 -0.00408871 0.00499145 -0.00658063 -0.00628288 0.00360021
internal_weight=23831 13238 10592.9 11330.4 8009.52 1907.64 2583.4
internal_count=370585 173476 197109 145438 168788 28038 28321
is_linear=0
shrinkage=0.03


Tree=86
num_leaves=8
num_cat=0
split_feature=17 45 42 23 28 41 63
split_gain=348.994 325.552 393.357 127.064 37.0345 23.5543 5.39124
threshold=9.1348484848484865 1.0000000180025095e-35 1.0000000180025095e-35 1.0000000180025095e-35 2675.0000000000005 0.13392857142857145 0.07326000678426052
decision_type=2 2 2 2 2 2 2
left_child=1 2 -1 -3 5 -2 -6
right_child=4 3 -4 -5 6 -7 -8
leaf_value=0.021892617729449164 -0.024822514076117047 -0.009473250208920014 0.0015500288211814199 0.00022849145343727367 0.016717672722104254 0 -0.0018899994720163861
leaf_weight=896.95160388946533 576.14063756447285 3315.9357650466263 17067.822974897921 1887.4084353744984 13.812457279302178 36.726953790523112 29.366234537214041
leaf_count=6167 28184 52635 249316 32182 451 874 776
internal_value=4.2139e-05 0.000659031 0.00257652 -0.00594002 -0.0214473 -0.02335 0.0033116
internal_weight=23824.2 23168.1 17964.8 5203.34 656.046 612.868 43.1787
internal_count=370585 340300 255483 84817 30285 29058 1227
is_linear=0
shrinkage=0.03


Tree=87
num_leaves=8
num_cat=0
split_feature=4 4 4 41 22 22 12
split_gain=358.288 347.82 209.261 204.048 321.14 188.649 183.899
threshold=4.5000000000000009 1.5000000000000002 2.5000000000000004 0.21825396825396828 1.5000000000000002 1.5000000000000002 0.25131061824078277
decision_type=2 2 2 2 2 2 2
left_child=1 6 -3 5 -5 -2 -1
right_child=3 2 -4 4 -6 -7 -8
leaf_value=-0.0072807879674515151 -0.0054027372251038951 0.012929462981675023 0.003144322524911764 -0.0022927551673607742 0.023344219306802232 -0.0211942268853237 0.0041505664353812836
leaf_weight=3273.9961622040719 6264.5296170767397 3223.8184280283749 5131.0041533429176 2547.8835316086188 525.46767195034772 766.57649765256792 2049.0531273391098
leaf_count=46548 152280 25737 51209 44647 8921 20949 19987
internal_value=-4.44531e-05 0.00311616 0.00693629 -0.00433113 0.0020921 -0.00715106 -0.00286375
internal_weight=23782.3 13677.9 8354.82 10104.5 3073.35 7031.11 5323.05
internal_count=370278 143481 76946 226797 53568 173229 66535
is_linear=0
shrinkage=0.03


Tree=88
num_leaves=8
num_cat=0
split_feature=11 53 42 3 2 53 42
split_gain=343.928 241.257 299.246 200.328 174.791 164.925 94.6106
threshold=0.075253590217450872 1.0000000180025095e-35 1.0000000180025095e-35 8.5000000000000018 7.3366666666666669 1.0000000180025095e-35 1.0000000180025095e-35
decision_type=2 2 2 2 2 2 2
left_child=1 2 -1 5 -3 -2 -5
right_child=3 4 -4 6 -6 -7 -8
leaf_value=0.0460523436922066 -0.0048067822779657978 -0.00045843544057860169 -0.020518095229308374 0.017350623555374298 -0.010439206035602673 0.0081613833744716927 -0.002820447186858639
leaf_weight=58.991977546364069 1004.5100545687601 8912.4001202667132 1073.8412422854453 215.27391850575805 1920.3728991355747 6673.3145432658494 3912.3373370822519
leaf_count=424 21136 124963 39646 1595 54476 75341 52697
internal_value=-4.37906e-05 -0.00363108 -0.0167852 0.00358454 -0.00224007 0.00645099 -0.00172694
internal_weight=23771 11965.6 1132.83 11805.4 10832.8 7677.82 4127.61
internal_count=370278 219509 40070 150769 179439 96477 54292
is_linear=0
shrinkage=0.03


Tree=89
num_leaves=8
num_cat=0
split_feature=4 4 4 41 22 22 12
split_gain=331.833 324.38 192.72 191.989 296.045 183.042 169.712
threshold=4.5000000000000009 1.5000000000000002 2.5000000000000004 0.21825396825396828 1.5000000000000002 1.5000000000000002 0.26211316934358503
decision_type=2 2 2 2 2 2 2
left_child=1 6 -3 5 -5 -2 -1
right_child=3 2 -4 4 -6 -7 -8
leaf_value=-0.0064510609460181612 -0.0052249670843381403 0.01237645535689783 0.0030167435815521915 -0.0022219230370420081 0.022199086205801355 -0.020934014742383218 0.0050583674513993279
leaf_weight=3634.8861724594608 6224.0056208968163 3254.4460654426366 5144.9413541276008 2542.0091250734404 535.93767066299915 750.27065336145461 1675.1434174515307
leaf_count=50803 152280 25737 51209 44647 8921 20949 15732
internal_value=-4.30871e-05 0.0029884 0.00665919 -0.00418586 0.00203022 -0.00694158 -0.00280193
internal_weight=23761.6 13709.4 8399.39 10052.2 3077.95 6974.28 5310.03
internal_count=370278 143481 76946 226797 53568 173229 66535
is_linear=0
shrinkage=0.03


Tree=90
num_leaves=8
num_cat=0
split_feature=12 45 54 1 53 28 54
split_gain=330.282 222.309 214.068 194.433 124.302 91.192 53.7987
threshold=0.20412897851290907 1.0000000180025095e-35 2.5000000000000004 0.39339826839826847 1.0000000180025095e-35 1175.0000000000002 2.5000000000000004
decision_type=2 2 2 2 2 2 2
left_child=3 2 -2 4 -1 -3 -5
right_child=1 5 -4 6 -6 -7 -8
leaf_value=-0.018289016503966565 0.0084514324628161708 0.018826388852712671 0.00035313242313104201 0.0089878744102218702 -0.0057419849778307525 -0.0053550602249442117 -0.00089351860843755061
leaf_weight=817.76701332442462 5957.990411539562 140.48877917695791 5838.851359278895 859.6192917060107 5802.9337418451905 3211.0580381294712 1127.2787399329245
leaf_count=31953 75935 2259 75830 8927 114473 47984 12972
internal_value=-0.000150288 0.00251207 0.00445265 -0.00484491 -0.00731797 -0.00428808 0.00334825
internal_weight=23756 15148.4 11796.8 8607.6 6620.7 3351.55 1986.9
internal_count=370333 202008 151765 168325 146426 50243 21899
is_linear=0
shrinkage=0.03


Tree=91
num_leaves=8
num_cat=0
split_feature=12 45 42 41 42 28 51
split_gain=311.604 208.732 217.865 188.186 150.051 85.335 56.6884
threshold=0.20412897851290907 1.0000000180025095e-35 1.0000000180025095e-35 0.11805555555555557 1.0000000180025095e-35 1175.0000000000002 2.5000000000000004
decision_type=2 2 2 2 2 2 2
left_child=3 2 -2 4 -1 -3 -5
right_child=1 5 -4 6 -6 -7 -8
leaf_value=0.01853590906349635 0.020583646184005565 0.018006376029626427 0.0032745633142604678 0.0060502568435284194 -0.0090049942814221639 -0.0052174323072795631 -0.002166770694529033
leaf_weight=177.65565630607307 693.54048553109169 142.67356290761381 11142.6533831954 1261.9577075419948 5282.2058045007288 3197.2328855386004 1849.0634490577504
leaf_count=1561 4386 2259 147379 17996 121028 47984 27740
internal_value=-0.000146246 0.00243222 0.00430465 -0.00472109 -0.00807625 -0.00417302 0.00114187
internal_weight=23747 15176.1 11836.2 8570.88 5459.86 3339.91 3111.02
internal_count=370333 202008 151765 168325 122589 50243 45736
is_linear=0
shrinkage=0.03


Tree=92
num_leaves=8
num_cat=0
split_feature=17 54 45 48 28 52 43
split_gain=306.35 287.395 192.16 147.995 37.6377 17.1838 15.834
threshold=9.1348484848484865 1.5000000000000002 1.0000000180025095e-35 0.049390243902439034 2675.0000000000005 7.5270467836257318 -254.99999999999997
decision_type=2 2 2 2 2 2 2
left_child=1 3 -3 -1 5 -2 -6
right_child=4 2 -4 -5 6 -7 -8
leaf_value=-0.00075998768827446384 -0.028060075901873267 5.7227449770786647e-05 -0.007713003413585484 0.0090569840697955501 0.030320561991523037 -0.015804865139582347 -0.0047686639214727993
leaf_weight=2018.2064414052293 316.10890724509954 13179.202004846185 3646.955446543172 4266.0386518817395 10.520688355900345 266.48144980240613 32.21493711322546
leaf_count=38663 18869 188274 60968 52147 220 10177 1015
internal_value=-0.000141776 0.000417128 -0.00162336 0.00589182 -0.0207796 -0.0227898 0.00425532
internal_weight=23735.7 23110.4 16826.2 6284.25 625.326 582.59 42.7356
internal_count=370333 340052 249242 90810 30281 29046 1235
is_linear=0
shrinkage=0.03


Tree=93
num_leaves=8
num_cat=0
split_feature=5 48 43 16 41 3 52
split_gain=317.556 195.235 179.594 162.765 148.478 104.662 81.5347
threshold=5.5833333333333348 0.28759398496240607 45.000000000000007 4.0919661733615227 0.11805555555555557 14.500000000000002 1.0000000180025095e-35
decision_type=2 2 2 2 2 2 2
left_child=2 4 3 -1 -2 -3 -4
right_child=1 5 6 -5 -6 -7 -8
leaf_value=0.01298608522218795 -0.010129797424889503 0.0065480670388005343 -0.01613611139213687 0.0030968317558146643 -0.00058338821708560438 -0.0079138016273936854 -0.0011252878997153688
leaf_weight=1830.3597596231848 4545.8690736647695 1795.5233928523958 351.61360960640013 8451.2106495890766 2194.6546862004325 591.50648022070527 4032.6736777815968
leaf_count=16778 131981 30062 6976 92682 42434 11256 39059
internal_value=-2.85575e-05 -0.0044241 0.00270153 0.00487156 -0.00703765 0.00291774 -0.00236665
internal_weight=23793.4 9127.55 14665.9 10281.6 6740.52 2387.03 4384.29
internal_count=371228 215733 155495 109460 174415 41318 46035
is_linear=0
shrinkage=0.03


Tree=94
num_leaves=8
num_cat=0
split_feature=17 3 45 29 28 1 43
split_gain=307.024 326.657 373.207 115.381 51.6691 17.7233 16.1948
threshold=9.1348484848484865 14.500000000000002 1.0000000180025095e-35 59.500000000000007 2675.0000000000005 0.31311274509803927 -204.99999999999997
decision_type=2 2 2 2 2 2 2
left_child=1 2 -1 -3 5 -2 -6
right_child=4 3 -4 -5 6 -7 -8
leaf_value=0.0045388288514353944 -0.024406153416420905 -0.0083335073514718208 -0.0055214626045606407 0.0094194858832291669 0.031016370839742759 0 -0.0022742752484697318
leaf_weight=14532.629325925373 547.13768675737083 4000.4374450407922 4289.1807862622663 350.24487981665879 13.645262113772331 23.227826559916139 29.063529240898788
leaf_count=199365 28719 66250 70337 4889 282 451 935
internal_value=-2.8456e-05 0.000524239 0.00224062 -0.0068745 -0.0208996 -0.0233214 0.00861138
internal_weight=23785.6 23172.5 18821.8 4350.68 613.074 570.366 42.7088
internal_count=371228 340841 269702 71139 30387 29170 1217
is_linear=0
shrinkage=0.03


Tree=95
num_leaves=8
num_cat=0
split_feature=4 31 1 9 52 48 8
split_gain=300.336 219.332 238.867 116.191 79.0023 32.0398 26.3424
threshold=8.5000000000000018 1.0000000180025095e-35 0.56711711711711721 0.25046670887472927 1.0000000180025095e-35 0.40238095238095245 0.11960613238032358
decision_type=2 2 2 2 2 2 2
left_child=1 6 -3 4 -2 -5 -1
right_child=3 2 -4 5 -6 -7 -8
leaf_value=-0.014347745522536542 -0.02328384913821863 0.00083605196351516965 0.010107888625397205 -0.00078764952046780229 -0.008253406508612034 0.013107606848672416 -0.0043633127074245983
leaf_weight=765.15458782762289 360.60885845776647 15341.526460243389 2990.0466746129096 843.3444263106212 2908.8918650411069 174.16828387975693 396.0610134601593
leaf_count=8699 24289 207042 23891 16457 85397 2501 2952
internal_value=-2.80806e-05 0.00154962 0.00235563 -0.0072162 -0.00997169 0.00155526 -0.0110528
internal_weight=23779.8 19492.8 18331.6 4287.01 3269.5 1017.51 1161.22
internal_count=371228 242584 230933 128644 109686 18958 11651
is_linear=0
shrinkage=0.03


Tree=96
num_leaves=8
num_cat=0
split_feature=17 3 25 29 53 4 42
split_gain=283.839 281.629 256.922 138.773 105.581 37.5474 26.8937
threshold=7.6792857142857152 14.500000000000002 451.00000000000006 59.500000000000007 0.027894158235252962 9.5000000000000018 1.0000000180025095e-35
decision_type=2 2 2 2 2 2 2
left_child=1 2 -1 -3 6 -6 -2
right_child=4 3 -4 -5 5 -7 -8
leaf_value=-0.003913593865086629 0.027378369671020652 -0.0078111759608802522 0.004406432903891166 0.012364547382820019 -0.0035436021522203859 -0.018003935088362781 -0.026182925873146946
leaf_weight=4396.6600310886279 3.1082230173051348 3887.1125630401075 13749.956178453751 325.39974320121109 678.75065844226629 219.54181682225317 444.54707411583513
leaf_count=67362 39 63903 180516 4358 16126 11586 26397
internal_value=-4.3728e-05 0.000759129 0.00238513 -0.00621853 -0.013401 -0.00725742 -0.0253139
internal_weight=23705.1 22359.1 18146.6 4212.51 1345.95 898.292 447.655
internal_count=370287 316139 247878 68261 54148 27712 26436
is_linear=0
shrinkage=0.03


Tree=97
num_leaves=8
num_cat=0
split_feature=45 3 17 49 41 57 8
split_gain=290.225 312.234 253.833 151.953 105.318 73.7131 64.7422
threshold=1.0000000180025095e-35 14.500000000000002 8.162878787878789 -1.0000000180025095e-35 0.15476190476190479 304.00000000000006 0.15433024163794476
decision_type=2 2 2 2 2 2 2
left_child=1 2 -1 6 -5 -3 -2
right_child=3 5 -4 4 -6 -7 -8
leaf_value=0.0044688306807676333 -0.014757844552626126 0.00054253211710106775 -0.01432864074927765 -0.0066548650309760623 0.00441885537940868 -0.0090637921966144445 0
leaf_weight=14281.929542853497 1774.1552465511486 982.03964535146952 670.36198994889855 1872.3065692204982 1300.6082911817357 2508.2929663490504 309.70806554704905
leaf_count=189451 31942 15899 30605 40386 18430 40894 2680
internal_value=-4.31795e-05 0.00172566 0.00361555 -0.00626175 -0.00208751 -0.0063383 -0.0125542
internal_weight=23699.4 18442.6 14952.3 5256.78 3172.91 3490.33 2083.86
internal_count=370287 276849 220056 93438 58816 56793 34622
is_linear=0
shrinkage=0.03


Tree=98
num_leaves=8
num_cat=0
split_feature=12 54 26 48 41 22 22
split_gain=271.874 216.003 155.39 153.361 100.287 106.377 63.8685
threshold=0.17000303582270798 1.5000000000000002 5.5000000000000009 0.14434523809523811 0.15476190476190479 1.5000000000000002 1.5000000000000002
decision_type=2 2 2 2 2 2 2
left_child=4 3 -3 -2 6 -6 -1
right_child=1 2 -4 -5 5 -7 -8
leaf_value=-0.0085553511784436046 0.0017585187555563483 0.00051118014636151229 -0.010300416430440856 0.0119909251166717 -0.0042930427336814146 0.017090397494386633 -0.023536767564239672
leaf_weight=2547.9952732557431 2830.7409614222124 12848.948011111468 1313.3111527562141 2505.5522255003452 1101.0711862323806 253.14223219826818 292.60653374437243
leaf_count=63741 46692 179528 22860 27894 17422 3719 8431
internal_value=-4.26632e-05 0.00144446 -0.000488342 0.00658652 -0.0069701 -0.000181471 -0.0101688
internal_weight=23693.4 19498.6 14162.3 5336.29 4194.82 1354.21 2840.6
internal_count=370287 276974 202388 74586 93313 21141 72172
is_linear=0
shrinkage=0.03


Tree=99
num_leaves=8
num_cat=0
split_feature=53 42 2 31 63 43 16
split_gain=289.723 585.799 307.702 181.777 178.273 124.14 106.877
threshold=1.0000000180025095e-35 1.0000000180025095e-35 4.8583959899749383 1.0000000180025095e-35 0.12564125816993468 -1.0000000180025095e-35 4.7165178571428585
decision_type=2 2 2 2 2 2 2
left_child=1 5 3 -2 -4 -1 -3
right_child=2 6 4 -5 -6 -7 -8
leaf_value=-0.010185589117913096 -0.008360681846050785 -0.0028531053930913462 0.0039235027319202099 0.0052527728744386978 -0.0053320374145852095 0.048482909439424487 -0.020102789757101464
leaf_weight=35.412020795047283 953.33205102756619 435.17308349721134 2472.0601575532928 10644.849201800302 7577.0465820599347 161.74400861188769 1439.819183755666
leaf_count=235 9031 7271 38974 114537 146623 947 53043
internal_value=-0.000231753 -0.0109372 0.000791137 0.00412291 -0.00304542 0.0375087 -0.0161654
internal_weight=23719.4 2072.15 21647.3 11598.2 10049.1 197.156 1874.99
internal_count=370661 61496 309165 123568 185597 1182 60314
is_linear=0
shrinkage=0.03


Tree=100
num_leaves=8
num_cat=0
split_feature=53 3 18 12 63 18 28
split_gain=275.788 278.12 215.611 193.451 138.296 83.9185 41.3075
threshold=1.0000000180025095e-35 10.500000000000002 1.5000000000000002 0.18135071839691017 0.11135187009413018 1.0000000180025095e-35 2675.0000000000005
decision_type=2 2 2 2 2 2 2
left_child=2 3 5 -2 -3 -1 -4
right_child=1 4 6 -5 -6 -7 -8
leaf_value=0.012703821153396208 -0.0035180127720929478 0.0042180023377780982 -0.022080332656791313 0.0048734077469630432 -0.0063403807676091425 -0.0063798994749211151 0.019166719214281865
leaf_weight=269.57824972458184 3122.1483679302037 1385.7894139783457 932.93864393793046 11643.39012572635 5505.2153854938224 829.8085984075442 16.406666158698499
leaf_count=3490 58115 19974 41550 141929 89147 15894 562
internal_value=-0.000225725 0.000766589 -0.0107353 0.00309237 -0.00420251 -0.0015826 -0.0211765
internal_weight=23705.3 21656.5 2048.73 14765.5 6891 1099.39 949.345
internal_count=370661 309165 61496 200044 109121 19384 42112
is_linear=0
shrinkage=0.03


Tree=101
num_leaves=8
num_cat=0
split_feature=53 42 54 63 26 16 44
split_gain=262.003 547.493 267.637 132.782 132.465 100.82 95.2415
threshold=1.0000000180025095e-35 1.0000000180025095e-35 2.5000000000000004 0.150267032967033 5.5000000000000009 4.7165178571428585 1.0000000180025095e-35
decision_type=2 2 2 2 2 2 2
left_child=1 6 3 -2 -4 -3 -1
right_child=2 5 4 -5 -6 -7 -8
leaf_value=0.044487184576395708 0.0082930488393421938 -0.002839943059932092 -0.0014588636920491549 0.0014550210686513374 -0.012305703316107076 -0.019669970511396458 -0.0094873783374581269
leaf_weight=170.06211688369513 4129.2677114726976 434.96308400388807 9595.1800816319883 6808.8916462715715 1133.2339309640229 1393.2391735808924 30.33516588062048
leaf_count=986 52155 7271 135261 100018 21731 53043 196
internal_value=-0.000219496 -0.0105183 0.000742813 0.00404728 -0.00261819 -0.0157336 0.0358465
internal_weight=23695.2 2028.6 21666.6 10938.2 10728.4 1828.2 200.397
internal_count=370661 61496 309165 152173 156992 60314 1182
is_linear=0
shrinkage=0.03


Tree=102
num_leaves=8
num_cat=0
split_feature=16 53 42 2 44 42 54
split_gain=262.58 303.622 301.723 258.621 58.4201 78.0618 12.6062
threshold=3.2679487179487183 1.0000000180025095e-35 1.0000000180025095e-35 5.6696969696969708 1.0000000180025095e-35 1.0000000180025095e-35 2.5000000000000004
decision_type=2 2 2 2 2 2 2
left_child=4 2 -2 -3 5 -1 -6
right_child=1 3 -4 -5 6 -7 -8
leaf_value=0.033428296966842269 0.030772559311613729 0.0025700131762974687 -0.016614372066124893 -0.0046490787671775577 0.0056588020561728538 0.011017812864092758 -0.0040758158079766613
leaf_weight=160.35932467132807 125.12943161278963 13357.706232537515 1581.2766523743048 6702.1823663385585 263.80942748300731 1288.1182375214994 203.13048567250371
leaf_count=925 762 149210 56802 142383 2877 15465 2349
internal_value=5.68838e-05 -0.000877323 -0.0130072 0.000153009 0.0106945 0.0136672 0.00123498
internal_weight=23681.7 21766.3 1706.41 20059.9 1915.42 1448.48 466.94
internal_count=370773 349157 57564 291593 21616 16390 5226
is_linear=0
shrinkage=0.03


Tree=103
num_leaves=8
num_cat=0
split_feature=17 45 3 49 29 41 52
split_gain=252.548 238.585 312.616 108.382 42.2998 16.1086 7.11639
threshold=9.1348484848484865 1.0000000180025095e-35 10.500000000000002 -1.0000000180025095e-35 58.750000000000007 0.13392857142857145 8.6145104895104918
decision_type=2 2 2 2 2 2 2
left_child=1 2 -1 -3 5 -2 -6
right_child=4 3 -4 -5 6 -7 -8
leaf_value=0.0047878597818334489 -0.023772428611456502 -0.010627076234692886 -0.0037628089435710792 -0.001608966322560223 0.017705044312321307 0 -0.0020359959922950058
leaf_weight=12517.339942599647 476.44917157199234 2004.5778144486248 5539.9268808662891 3052.4110538614914 18.254796019755304 30.481571463868022 33.471514001488686
leaf_count=170316 28145 31749 85294 53008 602 804 855
internal_value=5.51429e-05 0.000542643 0.00215924 -0.00520847 -0.0197812 -0.0224312 0.00429077
internal_weight=23672.9 23114.3 18057.3 5056.99 558.657 506.931 51.7263
internal_count=370773 340367 255610 84757 30406 28949 1457
is_linear=0
shrinkage=0.03


Tree=104
num_leaves=8
num_cat=0
split_feature=4 25 26 53 17 12 26
split_gain=246.257 184.32 202.146 99.9602 96.6597 71.927 18.8387
threshold=9.5000000000000018 457.00000000000006 4.5000000000000009 0.0033333333333333275 1.9591666666666667 0.19654159584756872 5.5000000000000009
decision_type=2 2 2 2 2 2 2
left_child=1 3 -3 -1 6 -6 -2
right_child=4 2 -4 -5 5 -7 -8
leaf_value=-0.01434359951102269 0.013983994485756457 0.0050541751894706763 -0.003325921974991217 -0.0017921365377861539 -0.014722068134580293 -0.0051981477856408095 -0.0091828475405002375
leaf_weight=641.43993122596294 207.28173832595348 11148.65610333439 3357.0822009686381 5199.9427502723411 1198.4183150702156 1888.3776436327025 28.673973731696606
leaf_count=16609 4092 133760 47424 66836 48732 52672 648
internal_value=5.24069e-05 0.00129324 0.00310808 -0.00319689 -0.00750944 -0.00894265 0.0106631
internal_weight=23669.9 20347.1 14505.7 5841.38 3322.75 3086.8 235.956
internal_count=370773 264629 181184 83445 106144 101404 4740
is_linear=0
shrinkage=0.03


Tree=105
num_leaves=8
num_cat=0
split_feature=2 57 26 54 42 4 52
split_gain=254.087 218.944 227.397 106.304 68.6499 45.5855 19.4261
threshold=7.3366666666666669 309.00000000000006 5.5000000000000009 1.5000000000000002 1.5000000000000002 7.5000000000000009 3.9791304347826091
decision_type=2 2 2 2 2 2 2
left_child=1 3 -3 -1 6 -6 -2
right_child=4 2 -4 -5 5 -7 -8
leaf_value=0.012253620709167096 0.025613582305447066 5.3296024613538888e-05 -0.014461970939513959 0.0033180833671772395 -0.0051706524643960229 -0.013364575831445933 0.0017617593773491655
leaf_weight=1668.0205121715553 47.927265718579292 13771.250511792023 1039.1089132074267 4411.5733915609308 1141.9073660997674 1466.2548733493313 97.782260557636619
leaf_count=24565 753 181020 17728 65130 22544 56750 1944
internal_value=-0.000126719 0.000999259 -0.000963571 0.00579252 -0.00868696 -0.00982831 0.0107938
internal_weight=23643.8 20890 14810.4 6079.59 2753.87 2608.16 145.71
internal_count=370434 288443 198748 89695 81991 79294 2697
is_linear=0
shrinkage=0.03


Tree=106
num_leaves=8
num_cat=0
split_feature=43 42 43 53 8 45 48
split_gain=256.088 308.144 508.993 316.421 121.928 74.5024 17.7117
threshold=1.0000000180025095e-35 1.0000000180025095e-35 -1.0000000180025095e-35 1.0000000180025095e-35 0.15546779790567916 1.0000000180025095e-35 0.045983086680761107
decision_type=2 2 2 2 2 2 2
left_child=1 2 -1 -3 5 -2 -6
right_child=4 3 -4 -5 6 -7 -8
leaf_value=-0.0047337953483751498 -0.0047527384116934418 -0.012955225899082393 0.039086345904004637 0.0021555596403643007 -0.0022306942241714961 -0.01286768215148191 0.0074292944409265326
leaf_weight=444.11387238651514 4530.5921125859022 1358.2315436303616 500.05421239696443 14556.363443454728 205.98759694676846 1343.8385700234212 698.16576542146504
leaf_count=3590 68062 46720 3344 215514 1796 26290 5118
internal_value=-0.000122996 0.00185318 0.0184632 0.000856612 -0.00504888 -0.00663379 0.00512936
internal_weight=23637.3 16858.8 944.168 15914.6 6778.58 5874.43 904.153
internal_count=370434 269168 6934 262234 101266 94352 6914
is_linear=0
shrinkage=0.03


Tree=107
num_leaves=8
num_cat=0
split_feature=30 53 42 26 43 4 11
split_gain=265.658 202.137 332.005 193.635 139.672 86.1737 67.0975
threshold=27.000000000000004 1.0000000180025095e-35 1.0000000180025095e-35 5.5000000000000009 1.0000000180025095e-35 3.5000000000000004 0.098916478334458449
decision_type=2 2 2 2 2 2 2
left_child=4 2 -2 -3 5 -1 -6
right_child=1 3 -4 -5 6 -7 -8
leaf_value=0.011001342868786134 0.032716461420214761 -0.00022169517626519618 -0.017796996959311875 -0.012770797118265013 -0.0046810482227308521 0.0032494118293623776 0.0065918727188893833
leaf_weight=2669.0334063116461 123.15760131925344 13405.319409768097 1277.4877683436498 1202.9309981474653 1713.1644700989127 2588.1436226014048 647.8412756184116
leaf_count=25504 719 192633 47548 23596 25878 48158 6398
internal_value=-0.000120008 -0.00231804 -0.0131908 -0.00126524 0.00448563 0.00720883 -0.00154242
internal_weight=23627.1 16008.9 1400.65 14608.3 7618.18 5257.18 2361.01
internal_count=370434 264496 48267 216229 105938 73662 32276
is_linear=0
shrinkage=0.03


Tree=108
num_leaves=8
num_cat=0
split_feature=8 41 22 22 43 8 8
split_gain=258.236 232.537 364.96 325.476 96.3309 57.7463 22.9161
threshold=0.098230587209423695 0.17424242424242428 1.5000000000000002 1.5000000000000002 225.00000000000003 0.18125134062634066 0.15546779790567916
decision_type=2 2 2 2 2 2 2
left_child=1 3 -3 -1 5 -2 -6
right_child=4 2 -4 -5 6 -7 -8
leaf_value=-0.0028923988401666103 0.0045649211450409987 -0.00078586165738374748 0.01839833325479874 -0.020308100876713916 -0.0084938690006391929 0.011573142388749021 0.0010878575183715547
leaf_weight=9710.1913198428228 4646.2562576765195 4786.6336048515514 1089.8765839487314 1071.2165602012537 505.18793484289199 1409.8308106353506 372.92756052222103
leaf_count=197520 46263 68168 14589 25544 5372 9847 2881
internal_value=7.00886e-07 -0.00202052 0.00276942 -0.00463974 0.00486718 0.00621945 -0.00433957
internal_weight=23592.1 16657.9 5876.51 10781.4 6934.2 6056.09 878.115
internal_count=370184 305821 82757 223064 64363 56110 8253
is_linear=0
shrinkage=0.03


Tree=109
num_leaves=8
num_cat=0
split_feature=8 16 52 43 43 30 8
split_gain=242.631 210.524 248.152 90.2493 81.7878 65.5445 21.7865
threshold=0.098230587209423695 3.7801932367149762 0.82575757575757591 225.00000000000003 1.0000000180025095e-35 23.000000000000004 0.15546779790567916
decision_type=2 2 2 2 2 2 2
left_child=1 4 -3 5 -1 -2 -5
right_child=3 2 -4 6 -6 -7 -8
leaf_value=0.010420881923508568 0.012115839039750741 -0.01649992271471535 -0.0020981693319497038 -0.0082937508719117363 -0.0023562046153212655 0.0043745009846439557 0.0010549175460134292
leaf_weight=1547.6519243819639 1265.2933476641774 1170.3298184475861 13292.55418348033 502.02543548028916 618.46794292330742 4815.5494702411816 373.18725039996207
leaf_count=19764 10481 50638 227605 5372 7814 45629 2881
internal_value=0 -0.00196419 -0.00327507 0.00470647 0.00673431 0.00600873 -0.00422192
internal_weight=23585.1 16629 14462.9 6956.06 2166.12 6080.84 875.213
internal_count=370184 305821 278243 64363 27578 56110 8253
is_linear=0
shrinkage=0.03


Tree=110
num_leaves=8
num_cat=0
split_feature=45 42 52 43 52 43 28
split_gain=241.498 254.489 272.694 240.135 108.667 83.4753 17.8501
threshold=1.0000000180025095e-35 1.0000000180025095e-35 1.0000000180025095e-35 1.0000000180025095e-35 1.0000000180025095e-35 -1004.9999999999999 1075.0000000000002
decision_type=2 2 2 2 2 2 2
left_child=1 3 -3 -1 6 -6 -2
right_child=4 2 -4 -5 5 -7 -8
leaf_value=0.024789604274458154 0.0035974385335314756 -0.011872399467677524 0.0018970306755057729 -0.011016272337892152 0.0029079737973911157 -0.0066141134032703984 -0.023840352245080229
leaf_weight=737.24961103871465 15.537676172796635 1402.063761761412 16056.11558063142 211.00842258706689 1041.5904141739011 3797.2324498305097 316.98014804814011
leaf_count=4740 596 46403 224373 1456 16369 62993 13254
internal_value=0 0.00161278 0.000782973 0.0167116 -0.00572164 -0.00454495 -0.0222573
internal_weight=23577.8 18406.4 17458.2 948.258 5171.34 4838.82 332.518
internal_count=370184 276972 270776 6196 93212 79362 13850
is_linear=0
shrinkage=0.03


Tree=111
num_leaves=8
num_cat=0
split_feature=30 41 0 17 45 57 43
split_gain=229.445 217.397 205.732 161.538 85.1008 65.9225 53.3049
threshold=23.000000000000004 0.23611111111111113 1.0000000180025095e-35 6.2530487804878057 1.0000000180025095e-35 261.2000000000001 305.00000000000006
decision_type=2 2 2 2 2 2 2
left_child=4 3 -3 -2 6 -6 -1
right_child=1 2 -4 -5 5 -7 -8
leaf_value=0.010388439435557067 -0.0020701344616902294 0.0099460528009045444 -0.00098566226104193936 -0.010756537953489947 0.021475156021668232 -0.0038956347649926892 -0.0012797360221540488
leaf_weight=2688.6930632204749 10575.475711016916 2430.299090154469 4223.1817622901872 2365.2259177411906 97.452892728149891 881.85842465562746 388.73256958834827
leaf_count=32777 155536 27815 54498 80086 1647 13431 4718
internal_value=-5.1136e-05 -0.00139977 0.00299829 -0.00366828 0.00643437 -0.00118325 0.00888566
internal_weight=23650.9 19594.2 6653.48 12940.7 4056.74 979.311 3077.43
internal_count=370508 317935 82313 235622 52573 15078 37495
is_linear=0
shrinkage=0.03


Tree=112
num_leaves=8
num_cat=0
split_feature=3 41 42 0 61 32 5
split_gain=223.938 271.959 267.187 134.877 110.334 40.4317 33.034
threshold=19.500000000000004 0.10555555555555557 1.5000000000000002 0.051503094606542892 0.11121634615384617 2.5000000000000004 5.166666666666667
decision_type=2 2 2 2 2 2 2
left_child=1 2 -1 -3 5 -2 -6
right_child=4 3 -4 -5 6 -7 -8
leaf_value=0.0098827934101764683 0.015785181897991808 0.010275424565804893 -0.003093344574781322 0.0020749926865392247 -0.0063397685399537718 -0.0046524237164708897 -0.014743912446396381
leaf_weight=1609.2596961194649 189.5252372873947 3122.7107075052336 12260.288307391573 4360.0656608622521 728.7679269425571 145.1496839094907 1229.5606141155586
leaf_count=14804 2501 35665 226664 52366 8030 2183 28295
internal_value=-5.00394e-05 0.000903609 -0.00157824 0.00551379 -0.00895217 0.00671835 -0.0116864
internal_weight=23645.3 21352.3 13869.5 7482.78 2293 334.675 1958.33
internal_count=370508 329499 241468 88031 41009 4684 36325
is_linear=0
shrinkage=0.03


Tree=113
num_leaves=8
num_cat=0
split_feature=11 31 37 41 22 22 0
split_gain=222.451 189.044 170.474 152.277 155.189 126.655 33.7949
threshold=0.061889798632864083 1.0000000180025095e-35 4.252659574468086 0.11805555555555557 1.5000000000000002 1.5000000000000002 0.41421568627450983
decision_type=2 2 2 2 2 2 2
left_child=3 6 -3 5 -5 -1 -2
right_child=1 2 -4 4 -6 -7 -8
leaf_value=-0.0059998640186998574 -0.012623157551452076 0.0067512078663251682 0.00021884827407038081 -0.0022332669760929654 0.015748260163123074 -0.022873649978880608 0
leaf_weight=4232.3112773094326 880.76034764572978 5962.5874917707406 9121.5585619225167 2219.6318224268034 530.02996404282749 444.26408144738525 246.91520901024342
leaf_count=98277 10364 63010 143673 33253 7319 12537 2075
internal_value=-4.88589e-05 0.00191695 0.00280836 -0.00435082 0.00122251 -0.00764478 -0.00988714
internal_weight=23638.1 16211.8 15084.1 7426.24 2749.66 4676.58 1127.68
internal_count=370508 219122 206683 151386 40572 110814 12439
is_linear=0
shrinkage=0.03


Tree=114
num_leaves=8
num_cat=0
split_feature=25 26 11 29 53 42 31
split_gain=223.024 254.389 153.98 128.832 101.594 63.8282 54.2883
threshold=451.00000000000006 4.5000000000000009 0.1031009552986369 59.500000000000007 0.0017089018008135534 1.5000000000000002 1.0000000180025095e-35
decision_type=2 2 2 2 2 2 2
left_child=4 2 -2 -3 5 -1 -6
right_child=1 3 -4 -5 6 -7 -8
leaf_value=0.010112967220534426 0.0020345766206045974 -0.0063385868176047836 0.0098333370135860396 0.011018230995410805 -0.019264165089375607 -0.020317707552773217 -0.0030881148502854209
leaf_weight=62.806421516463161 11147.245729564689 3943.5850561647676 2877.3730912120081 418.47835252806544 193.06952825840563 538.96115655219182 4433.3941856985912
leaf_count=643 171176 68789 29073 6201 2202 23152 69618
internal_value=0.000114003 0.00167255 0.00364397 -0.00464213 -0.00534626 -0.0169362 -0.00380267
internal_weight=23614.9 18386.7 14024.6 4362.06 5228.23 601.768 4626.46
internal_count=370854 275239 200249 74990 95615 23795 71820
is_linear=0
shrinkage=0.03


Tree=115
num_leaves=8
num_cat=0
split_feature=45 42 43 52 23 56 4
split_gain=228.288 253.07 238.98 238.318 102.949 107.538 75.4428
threshold=1.0000000180025095e-35 1.0000000180025095e-35 1.0000000180025095e-35 1.0000000180025095e-35 1.0000000180025095e-35 1.0000000180025095e-35 5.5000000000000009
decision_type=2 2 2 2 2 2 2
left_child=1 2 -1 -3 5 -2 -6
right_child=4 3 -4 -5 6 -7 -8
leaf_value=0.024595710333081697 0.013438416138895154 -0.011067859640992507 -0.010985442757529237 0.0018763859479679411 0.0051170054359062252 -0.010010322132911141 -0.0070006019296372088
leaf_weight=748.69586916640401 179.21117583289742 1384.5840035984293 212.20992941968143 16101.234559299424 1112.8093024324626 3090.1213878262788 783.36456343857571
leaf_count=4711 3142 46646 1462 224426 13688 54820 21959
internal_value=0.00010994 0.00167482 0.0166285 0.000843402 -0.00545727 -0.00867892 5.82849e-05
internal_weight=23612.2 18446.7 960.906 17485.8 5165.51 3269.33 1896.17
internal_count=370854 277245 6173 271072 93609 57962 35647
is_linear=0
shrinkage=0.03


Tree=116
num_leaves=8
num_cat=0
split_feature=43 16 52 3 9 52 51
split_gain=219.916 207.956 215.122 67.356 44.4807 36.301 7.57922
threshold=205.00000000000003 4.0138888888888902 0.82575757575757591 14.500000000000002 0.46095005709607229 1.0000000180025095e-35 1.5000000000000002
decision_type=2 2 2 2 2 2 2
left_child=1 3 -3 -1 5 -2 -6
right_child=4 2 -4 -5 6 -7 -8
leaf_value=0.0097191006226243753 -0.022305095860388847 -0.011885698823241196 0.00080083732070036122 -0.002378785836431317 0.017576177016479528 -0.0077061583498979243 0.0020196009980992147
leaf_weight=2889.3507455457002 168.77700968878344 1294.5062100174837 16152.918925973587 467.95957086980343 43.048318635672331 2475.3488526428118 114.37488734442741
leaf_count=31085 6029 49812 239997 6820 297 36035 779
internal_value=0.000106104 0.001173 -0.000138415 0.00800504 -0.00777271 -0.00871234 0.00723785
internal_weight=23606.3 20804.7 17447.4 3357.31 2801.55 2644.13 157.423
internal_count=370854 327714 289809 37905 43140 42064 1076
is_linear=0
shrinkage=0.03


Tree=117
num_leaves=8
num_cat=0
split_feature=9 31 43 41 42 3 5
split_gain=230.774 180.089 136.895 127.585 104.339 74.787 33.336
threshold=0.18278042129809816 1.0000000180025095e-35 205.00000000000003 0.19090909090909094 1.0000000180025095e-35 11.500000000000002 1.4166666666666667
decision_type=2 2 2 2 2 2 2
left_child=3 6 -3 4 -1 -5 -2
right_child=1 2 -4 5 -6 -7 -8
leaf_value=0.016209295091278764 0.0017103855730227508 0.0038409811750189675 -0.0049153042602367155 0.0056488446263602155 -0.0082144017553170655 -0.0050879496858131264 -0.011742943626282875
leaf_weight=156.1220709644258 185.06532177887857 13519.308257374447 1810.7680480615236 1381.7659043483436 4579.7792602726258 998.41595303732902 960.58609834499657
leaf_count=1551 1517 168624 23006 19832 126792 18860 10799
internal_value=-9.46846e-06 0.00193668 0.00279957 -0.00452617 -0.00737403 0.00110612 -0.00949353
internal_weight=23591.8 16475.7 15330.1 7116.08 4735.9 2380.18 1145.65
internal_count=370981 203946 191630 167035 128343 38692 12316
is_linear=0
shrinkage=0.03


Tree=118
num_leaves=8
num_cat=0
split_feature=30 53 42 26 43 63 45
split_gain=226.707 179.914 360.337 176.814 98.8945 61.6375 49.9862
threshold=25.000000000000004 1.0000000180025095e-35 1.0000000180025095e-35 4.5000000000000009 1.0000000180025095e-35 0.12596778879015724 1.0000000180025095e-35
decision_type=2 2 2 2 2 2 2
left_child=4 2 -2 -3 5 -1 -6
right_child=1 3 -4 -5 6 -7 -8
leaf_value=0.013280366682603023 0.032445572798614319 0.00081788324350227698 -0.016917730494910539 -0.0068168935544311903 0.0020649320561403322 0.0051611490512150516 -0.0095925727969178153
leaf_weight=1258.1316637187265 142.54888595640659 12857.845910926349 1294.2656359858811 3456.6807497963309 1388.6480678250082 2760.7961139986292 427.66809175815433
leaf_count=17053 795 179098 51146 61580 17243 36947 7119
internal_value=-9.49469e-06 -0.00169973 -0.0118624 -0.000795832 0.00511399 0.00773859 -0.000649317
internal_weight=23586.6 17751.3 1436.81 16314.5 5835.24 4018.93 1816.32
internal_count=370981 292619 51941 240678 78362 54000 24362
is_linear=0
shrinkage=0.03


Tree=119
num_leaves=8
num_cat=0
split_feature=11 41 22 22 31 37 9
split_gain=222.189 173.497 214.757 188.636 159.789 143.503 33.6833
threshold=0.075253590217450872 0.13392857142857145 1.5000000000000002 1.5000000000000002 1.0000000180025095e-35 4.4027027027027037 0.41739609270254746
decision_type=2 2 2 2 2 2 2
left_child=1 2 -1 -3 6 -6 -2
right_child=4 3 -4 -5 5 -7 -8
leaf_value=-0.004153071625281674 -0.011756908020844588 -0.0013004702197543466 -0.021940653683660098 0.014380633793912433 0.0077621377062772256 0.00083773634173832639 0.0018855851101411739
leaf_weight=6509.1209351005964 755.22364280559123 3609.3747908817604 673.79970320267603 846.6539750713855 4824.3869542297907 6169.1080410340801 191.89113767258823
leaf_count=140268 8889 51032 17767 10986 48092 92579 1368
internal_value=-9.2419e-06 -0.00296205 -0.00584827 0.00167157 0.00286147 0.00388677 -0.00890294
internal_weight=23579.6 11638.9 7182.92 4456.03 11940.6 10993.5 947.115
internal_count=370981 220053 158035 62018 150928 140671 10257
is_linear=0
shrinkage=0.03


Tree=120
num_leaves=8
num_cat=0
split_feature=4 43 42 17 31 17 52
split_gain=221.616 179.155 168.129 87.8521 83.2326 55.9672 19.2394
threshold=9.5000000000000018 1.0000000180025095e-35 1.0000000180025095e-35 5.9743421052631591 1.0000000180025095e-35 1.9591666666666667 5.5842198581560289
decision_type=2 2 2 2 2 2 2
left_child=1 2 -1 5 -3 -2 -5
right_child=3 4 -4 6 -6 -7 -8
leaf_value=0.015464348890190979 0.0091767488804056999 -0.016490264396018382 0.0021221451772911017 -0.024960851136932017 -0.0022585238964386834 -0.0059067419206132081 -0.012854908358984734
leaf_weight=905.27481467090547 237.54517770931125 395.39124272856861 13617.903311987408 186.60428852913901 5444.2546574412845 2183.7546613449231 611.02304089441895
leaf_count=5864 4701 4193 183785 17817 71118 56369 27261
internal_value=1.70688e-05 0.00117768 0.00296504 -0.00728743 -0.00325081 -0.004374 -0.0159371
internal_weight=23581.8 20362.8 14523.2 3218.93 5839.65 2421.3 797.627
internal_count=371108 264960 189649 106148 75311 61070 45078
is_linear=0
shrinkage=0.03


Tree=121
num_leaves=8
num_cat=0
split_feature=30 41 22 22 43 8 12
split_gain=212.483 165.739 346.548 243.442 91.0777 54.802 17.8091
threshold=25.000000000000004 0.17424242424242428 1.5000000000000002 1.5000000000000002 205.00000000000003 0.18125134062634066 0.23832804328913282
decision_type=2 2 2 2 2 2 2
left_child=4 2 -2 -3 5 -1 -6
right_child=1 3 -4 -5 6 -7 -8
leaf_value=0.0054632281761497169 -0.0021111671552250131 -0.00064427503249752023 -0.020098769586500337 0.014029957086189997 -0.0086502518020646381 0.016570767949620209 0
leaf_weight=4600.5833891872317 10136.358045525849 5255.5590786179528 1063.0925094196573 1253.8392538651824 405.74166400451213 446.14136472251266 414.19801382301375
leaf_count=64046 187072 66957 24050 14648 6902 2836 4597
internal_value=1.56401e-05 -0.00161993 -0.00383486 0.00217706 0.00496521 0.0064784 -0.00422222
internal_weight=23575.5 17708.8 11199.5 6509.4 5866.66 5046.72 819.94
internal_count=371108 292727 211122 81605 78381 66882 11499
is_linear=0
shrinkage=0.03


Tree=122
num_leaves=8
num_cat=0
split_feature=9 54 49 41 22 22 3
split_gain=203.916 169.698 112.542 103.266 103.503 89.496 76.0844
threshold=0.16453526898636137 2.5000000000000004 -0.38904644268774718 0.17424242424242428 1.5000000000000002 1.5000000000000002 17.500000000000004
decision_type=2 2 2 2 2 2 2
left_child=3 2 -2 5 -5 -1 -3
right_child=1 6 -4 4 -6 -7 -8
leaf_value=-0.0063904004870152719 0.00022341161660562663 -0.00033933919581418997 0.0068847453838521396 -0.0028977441161730749 0.014997287284223657 -0.021849583488810921 -0.0083069753316492301
leaf_weight=3156.606959272176 3799.3170264754444 7363.1524100527167 5824.0233829249628 1422.7520099626854 359.6976315015927 381.62803330598399 1264.7872980507091
leaf_count=89883 45065 94093 79060 24062 5378 12904 20663
internal_value=1.45691e-05 0.00152511 0.00426566 -0.00514664 0.000694965 -0.00811168 -0.00152189
internal_weight=23572 18251.3 9623.34 5320.68 1782.45 3538.23 8627.94
internal_count=371108 238881 124125 132227 29440 102787 114756
is_linear=0
shrinkage=0.03


Tree=123
num_leaves=8
num_cat=0
split_feature=45 3 25 49 42 4 9
split_gain=208.545 220.742 212.912 100.812 88.1594 79.9529 60.7701
threshold=1.0000000180025095e-35 9.5000000000000018 451.00000000000006 -1.0000000180025095e-35 1.0000000180025095e-35 4.5000000000000009 0.33712304571244295
decision_type=2 2 2 2 2 2 2
left_child=1 2 -1 6 -3 -5 -2
right_child=3 4 -4 5 -6 -7 -8
leaf_value=-0.0028725281274599407 -0.013496202378395694 0.01365780815257971 0.0061707361830413776 0.0025561026165716767 -0.0038599202442307005 -0.0070087099430066972 -0.00085715862997322713
leaf_weight=3136.0014819940552 1527.6163631663658 263.48578969761729 9102.7093141069636 1651.8485518665984 5946.0577367986552 1479.2909527467564 461.77742296271026
leaf_count=55940 30075 1905 126174 20303 93331 38529 4358
internal_value=1.49523e-05 0.0015057 0.00384595 -0.00533457 -0.00309173 -0.00193802 -0.0106171
internal_weight=23568.8 18448.3 12238.7 5120.53 6209.54 3131.14 1989.39
internal_count=370615 277350 182114 93265 95236 58832 34433
is_linear=0
shrinkage=0.03


Tree=124
num_leaves=8
num_cat=0
split_feature=54 48 49 1 16 9 31
split_gain=205.891 190.23 155.64 101.044 83.4517 73.3802 72.8783
threshold=2.5000000000000004 0.022474747474747477 -0.38904644268774718 0.3816526610644258 4.644009216589863 0.15064062329000819 1.5000000000000002
decision_type=2 2 2 2 2 2 2
left_child=1 4 -3 5 -1 -2 -5
right_child=3 2 -4 6 -6 -7 -8
leaf_value=0.008811559290737939 -0.011107514819044323 -0.00026010376670673328 0.0078574711676100938 -0.0092371358990337351 -0.0053811309230251698 -0.0035490210677828157 0.0018836712137382389
leaf_weight=420.21956660784781 1534.0946479486302 3313.9731173506007 5819.0233707483858 604.14904055930674 2845.3045433210209 4967.6652927715331 4059.0253357859328
leaf_count=5830 43801 38521 74128 6686 75788 83239 42622
internal_value=1.36915e-05 0.00267809 0.00490357 -0.00293691 -0.00351657 -0.00535345 0.000415258
internal_weight=23563.5 12398.5 9133 11164.9 3265.52 6501.76 4663.17
internal_count=370615 194267 112649 176348 81618 127040 49308
is_linear=0
shrinkage=0.03


Tree=125
num_leaves=8
num_cat=0
split_feature=2 45 54 49 41 22 22
split_gain=199.551 184.969 146.692 105.19 85.0589 118.972 96.0274
threshold=6.3366666666666669 1.0000000180025095e-35 2.5000000000000004 -1.0000000180025095e-35 0.11805555555555557 1.5000000000000002 1.5000000000000002
decision_type=2 2 2 2 2 2 2
left_child=1 2 -1 -3 6 -6 -2
right_child=4 3 -4 -5 5 -7 -8
leaf_value=0.0058856019522602896 -0.0063193330801418731 -0.0099337570871708657 -0.00012258551427147272 -2.6786057276705637e-05 -0.0038306191391778649 0.015863708600574625 -0.023258482471917471
leaf_weight=7631.9718761253171 2949.1476358645596 1692.2932418161072 6962.7757598306052 2276.9155771913938 1368.0981953553855 340.45560612902045 338.13464441429824
leaf_count=95444 81595 26599 86145 36499 27246 6052 11035
internal_value=1.24662e-05 0.00144878 0.00301403 -0.00428051 -0.00530284 7.60938e-05 -0.00812173
internal_weight=23559.8 18564 14594.7 3969.21 4995.84 1708.55 3287.28
internal_count=370615 244687 181589 63098 125928 33298 92630
is_linear=0
shrinkage=0.03


Tree=126
num_leaves=8
num_cat=0
split_feature=17 37 48 31 28 50 6
split_gain=206.65 185.499 176.593 116.443 42.3542 19.9141 4.23057
threshold=9.1348484848484865 4.5049019607843146 0.28759398496240607 1.5000000000000002 2675.0000000000005 -0.79034457541313008 62.500000000000007
decision_type=2 2 2 2 2 2 2
left_child=1 3 -3 -1 5 -2 -6
right_child=4 2 -4 -5 6 -7 -8
leaf_value=-0.0014467223223737914 -0.0084745536840932414 -0.0042423851049251176 0.0029452000044184021 0.0058468635455795328 0.013992141714855385 -0.024995917484815861 -0.0014306091732857289
leaf_weight=2743.349021774251 111.27706548105925 8757.5062501165085 4722.4429638823494 6811.9464682112448 29.867599266115576 353.7539074360393 11.152186220511792
leaf_count=32884 4919 173027 62353 71925 860 24322 377
internal_value=0.000122014 0.000544308 -0.00171752 0.00374378 -0.0187418 -0.0213662 0.00814356
internal_weight=23541.3 23035.2 13479.9 9555.3 506.051 465.031 41.0198
internal_count=370667 340189 235380 104809 30478 29241 1237
is_linear=0
shrinkage=0.03


Tree=127
num_leaves=8
num_cat=0
split_feature=54 53 3 48 49 18 8
split_gain=199.691 143.167 151.871 132.348 95.6608 80.7354 46.782
threshold=1.5000000000000002 1.0000000180025095e-35 21.500000000000004 0.03509852216748769 -0.38904644268774718 1.5000000000000002 0.041671260565968399
decision_type=2 2 2 2 2 2 2
left_child=3 5 -3 6 -5 -2 -1
right_child=1 2 -4 4 -6 -7 -8
leaf_value=-0.011594366952678542 -0.0041401226160052429 -1.258466394268414e-05 -0.010381552253371753 0.0016653496633180422 0.010660611112196855 -0.02191922246003758 0.00022838137206091091
leaf_weight=361.82680611498654 491.19651441788301 14608.2970145531 1389.3207279127091 1724.7274612914771 2895.8294491302222 458.94333069398999 1607.8330660397187
leaf_count=15941 10181 205598 26777 19512 35621 25662 31375
internal_value=0.00011756 -0.00160167 -0.000921669 0.00455033 0.00732781 -0.0128919 -0.00192174
internal_weight=23538 16947.8 15997.6 6590.22 4620.56 950.14 1969.66
internal_count=370667 268218 232375 102449 55133 35843 47316
is_linear=0
shrinkage=0.03


Tree=128
num_leaves=8
num_cat=0
split_feature=17 43 42 9 26 41 5
split_gain=195.019 179.652 193.131 79.4629 41.8001 14.702 10.9834
threshold=9.1348484848484865 1.0000000180025095e-35 1.0000000180025095e-35 0.41739609270254746 3.5000000000000004 0.15476190476190479 5.8333333333333348
decision_type=2 2 2 2 2 2 2
left_child=1 2 -1 -3 5 -2 -6
right_child=4 3 -4 -5 6 -7 -8
leaf_value=0.014986533180491361 -0.024350169779630285 -0.0048055758040679965 0.0013608915933339253 0.0059699827305703407 0.008673078113154058 0 -0.0095654095842932756
leaf_weight=993.96451940946281 366.63776849629357 5877.9814643119462 15494.291297113057 676.56442911922932 45.835479080677032 18.994763708673418 62.517696029972285
leaf_count=6829 25675 90409 238083 4868 1002 473 3328
internal_value=0.000113067 0.000518561 0.00219204 -0.00367589 -0.0184372 -0.0230266 -0.00101395
internal_weight=23536.8 23042.8 16488.3 6554.55 493.986 385.633 108.353
internal_count=370667 340189 244912 95277 30478 26148 4330
is_linear=0
shrinkage=0.03


Tree=129
num_leaves=8
num_cat=0
split_feature=12 54 57 1 41 41 31
split_gain=182.012 172.921 164.042 68.686 59.8549 38.8283 25.7296
threshold=0.15465412928673952 3.5000000000000004 309.00000000000006 0.21103238866396765 0.58571428571428574 0.11805555555555557 2.5000000000000004
decision_type=2 2 2 2 2 2 2
left_child=3 2 -2 5 -3 -1 -5
right_child=1 4 -4 6 -6 -7 -8
leaf_value=-0.013453987328168547 0.0074975344584946313 -0.0047430365919534541 0.00051705046289021869 0.0056374927363477571 0.0049327771978281273 -0.0026083529358766093 -0.0043248732193531736
leaf_weight=1337.8476188960485 4242.1176294172183 5038.6479026041925 10688.348466994241 324.33685480849817 636.47908710874617 413.15619963407516 768.91609943332151
leaf_count=45509 65555 76333 150440 4052 7009 7945 12744
internal_value=-0.000168146 0.000810456 0.00250825 -0.00727832 -0.00363864 -0.0109609 -0.00127517
internal_weight=23449.8 20605.6 14930.5 2844.26 5675.13 1751 1093.25
internal_count=369587 299337 215995 70250 83342 53454 16796
is_linear=0
shrinkage=0.03


Tree=130
num_leaves=8
num_cat=0
split_feature=25 3 43 61 53 11 42
split_gain=178.999 213.943 165.038 93.0108 91.0042 59.5823 47.8885
threshold=451.00000000000006 17.500000000000004 45.000000000000007 0.11121634615384617 0.0017089018008135534 0.048953331264036233 1.5000000000000002
decision_type=2 2 2 2 2 2 2
left_child=4 2 -2 -3 6 -6 -1
right_child=1 3 -4 -5 5 -7 -8
leaf_value=0.0069388965651460523 0.0044894434523211979 0.0070832402202803176 -0.0022721554049857894 -0.0091437193179838491 -0.010664989162844788 -0.0019667835037808432 -0.019662547034078857
leaf_weight=61.382663900963962 11207.079251197167 361.37820361275226 4550.9118624706753 2197.7570254178718 887.28607017360628 3681.278041603975 497.17251136340201
leaf_count=633 164413 4966 64289 40556 19647 51955 23128
internal_value=-0.000163404 0.00121973 0.00253088 -0.00680785 -0.00511868 -0.0036856 -0.0165438
internal_weight=23444.2 18317.1 15758 2559.14 5127.12 4568.56 558.555
internal_count=369587 274224 228702 45522 95363 71602 23761
is_linear=0
shrinkage=0.03


Tree=131
num_leaves=8
num_cat=0
split_feature=45 26 2 42 49 48 1
split_gain=178.744 178.759 145.707 121.559 111.784 79.7633 44.3887
threshold=1.0000000180025095e-35 5.5000000000000009 7.0919661733615227 1.0000000180025095e-35 -1.0000000180025095e-35 1.0000000180025095e-35 0.30495169082125612
decision_type=2 2 2 2 2 2 2
left_child=1 2 -1 -3 6 -6 -2
right_child=4 3 -4 -5 5 -7 -8
leaf_value=0.0031887861794384739 -0.014168566194995886 0.028147889098150997 -0.0052318896543182003 -0.010270545558973228 -0.011571545660223974 0.00067647768161871566 -0.004411191527828413
leaf_weight=14684.451709986199 1258.5915595884435 72.056432422250509 2104.1078961575404 1514.4624809091911 581.67258283449337 2537.862987767905 684.39075126219541
leaf_count=185477 25699 535 60710 29873 19771 38908 8614
internal_value=-0.000159226 0.00121219 0.00212682 -0.00838616 -0.00515101 -0.00159336 -0.010798
internal_weight=23437.6 18375.1 16788.6 1586.52 5062.52 3119.54 1942.98
internal_count=369587 276595 246187 30408 92992 58679 34313
is_linear=0
shrinkage=0.03


Tree=132
num_leaves=8
num_cat=0
split_feature=54 8 53 48 9 57 37
split_gain=207.02 124.399 119.924 110.395 63.4459 48.1514 42.7577
threshold=1.5000000000000002 0.14287228565371454 1.0000000180025095e-35 0.20156250000000003 0.16656131474930844 411.60000000000008 3.6165158371040729
decision_type=2 2 2 2 2 2 2
left_child=3 2 -2 4 -1 -5 -3
right_child=1 6 -4 5 -6 -7 -8
leaf_value=-0.005156706252983677 -0.014103008123809706 0.0088706551443134881 -0.0021809939310536638 0.012667816530323828 0.0035527180577213519 0.0035271889016294617 0.00093775973711511832
leaf_weight=968.60633479384705 803.86640490172431 1071.1359406132251 13535.020963121671 1590.1280117426068 3247.1427378598601 822.36830257438123 1487.0446680155583
leaf_count=30566 34455 7301 213899 17553 45634 8938 12706
internal_value=-2.74221e-06 -0.00176919 -0.00286032 0.00448475 0.00152659 0.00960294 0.00430528
internal_weight=23525.3 16897.1 14338.9 6628.25 4215.75 2412.5 2558.18
internal_count=371052 268361 248354 102691 76200 26491 20007
is_linear=0
shrinkage=0.03


Tree=133
num_leaves=8
num_cat=0
split_feature=54 5 31 25 49 53 17
split_gain=194.449 122.22 117.176 79.1353 67.379 44.8841 27.4371
threshold=1.5000000000000002 10.16666666666667 1.0000000180025095e-35 451.00000000000006 -0.54737723214285694 0.0017089018008135534 6.4777667984189735
decision_type=2 2 2 2 2 2 2
left_child=3 2 -2 5 -5 -1 -3
right_child=1 6 -4 4 -6 -7 -8
leaf_value=-0.012822451314408257 -0.010784748261660291 -0.0085230328189258419 -0.00035544808884023569 0.00074553863701019081 0.0083844750402961889 0.00069586904840544675 -0.020262202117372705
leaf_weight=258.94345944561064 1034.6940358299762 809.35363381961361 14767.644007047173 1501.4813103708439 3587.2448663166724 1301.7204543156549 258.21212052553892
leaf_count=9506 11889 27013 209479 19304 54537 19344 19980
internal_value=-2.57754e-06 -0.00171899 -0.00104722 0.00433656 0.00615114 -0.00152338 -0.0115275
internal_weight=23519.3 16869.9 15802.3 6649.39 5088.73 1560.66 1067.57
internal_count=371052 268361 221368 102691 73841 28850 46993
is_linear=0
shrinkage=0.03


Tree=134
num_leaves=8
num_cat=0
split_feature=54 4 4 48 42 41 49
split_gain=182.662 117.337 163.476 103.456 127.551 82.0567 80.6848
threshold=1.5000000000000002 4.5000000000000009 1.5000000000000002 0.018693221523410204 1.0000000180025095e-35 0.32051282051282054 -0.38904644268774718
decision_type=2 2 2 2 2 2 2
left_child=3 2 -2 4 -1 -3 -5
right_child=1 5 -4 6 -6 -7 -8
leaf_value=0.022538747535309923 -0.0045854185303609253 -0.0066253715471060641 0.0034613444284993218 0.0013929637377686588 -0.0043114808038417088 0.00046449291776145721 0.0095082944051715634
leaf_weight=170.16396990418434 3606.8177198376507 5096.9949882589281 6112.1775863273069 1781.3607957214117 1695.8408573856577 2030.160828425549 3023.6252469131723
leaf_count=982 44132 133030 55853 20115 45032 35346 36562
internal_value=-3.19282e-06 -0.00167083 0.000465031 0.00419267 -0.00176117 -0.0045943 0.00652297
internal_weight=23517.1 16846.2 9719 6670.99 1866 7127.16 4804.99
internal_count=371052 268361 99985 102691 46014 168376 56677
is_linear=0
shrinkage=0.03


Tree=135
num_leaves=8
num_cat=0
split_feature=17 52 42 2 43 57 25
split_gain=184.023 200.002 196.112 179.844 66.2333 34.8756 9.02959
threshold=1.9591666666666667 1.4761363636363638 1.0000000180025095e-35 5.0096153846153859 305.00000000000006 411.60000000000008 513.00000000000011
decision_type=2 2 2 2 2 2 2
left_child=4 2 -2 -3 5 -1 -6
right_child=1 3 -4 -5 6 -7 -8
leaf_value=0.012740099807292632 0.022471491812291921 0.0024204833481323244 -0.014542469926471171 -0.0033369360235449724 -0.011496412002905845 0.0031251974651475478 0.0058047116731789377
leaf_weight=1363.9965073689818 135.39400044456124 11346.802391489036 1421.5560370581225 8562.908467059955 151.45156555529684 492.80073524080217 22.167563641443849
leaf_count=14891 764 121099 57610 169348 1775 5328 245
internal_value=-4.58918e-05 -0.000866933 -0.0112044 -5.14049e-05 0.00857119 0.0102519 -0.0086829
internal_weight=23497.1 21466.7 1556.95 19909.7 2030.42 1856.8 173.619
internal_count=371060 348821 58374 290447 22239 20219 2020
is_linear=0
shrinkage=0.03


Tree=136
num_leaves=8
num_cat=0
split_feature=17 52 3 16 44 23 25
split_gain=172.254 190.449 164.079 107.203 51.7957 29.4682 16.5465
threshold=1.9591666666666667 1.4761363636363638 8.5000000000000018 8.2479508196721323 1.0000000180025095e-35 1.0000000180025095e-35 505.00000000000006
decision_type=2 2 2 2 2 2 2
left_child=4 3 -3 -2 5 -1 -6
right_child=1 2 -4 -5 6 -7 -8
leaf_value=0.0063051670274256516 -0.0046760681470241735 0.0021630266237824248 -0.0033981254236649596 -0.021171546214026022 -0.0031645386526236788 0.014911483684604356 0.010451443400770932
leaf_weight=744.24255533143878 960.43924707639962 11969.696572026704 7935.8356946948916 579.36065349401906 383.74297620262951 818.95295771863312 95.833217094652355
leaf_count=8301 22034 164013 126434 36340 4423 8488 1027
internal_value=-4.44609e-05 -0.000841882 -4.98414e-05 -0.0109893 0.00826465 0.0109045 -0.000178175
internal_weight=23488.1 21445.3 19905.5 1539.8 2042.77 1563.2 479.576
internal_count=371060 348821 290447 58374 22239 16789 5450
is_linear=0
shrinkage=0.03


Tree=137
num_leaves=8
num_cat=0
split_feature=57 26 25 42 43 43 42
split_gain=173.644 165.982 150.47 92.5586 134.746 79.8394 37.8242
threshold=309.00000000000006 5.5000000000000009 465.00000000000006 1.0000000180025095e-35 -34.999999999999993 -1.0000000180025095e-35 1.0000000180025095e-35
decision_type=2 2 2 2 2 2 2
left_child=3 2 -2 5 -5 -1 -3
right_child=1 6 -4 4 -6 -7 -8
leaf_value=-0.00036518142148381092 -0.0046786709582985293 0.013845478866360469 0.0014591243614976641 0.0084093079009358238 -0.00022914192935442554 0.028499309055092355 -0.013836902306156706
leaf_weight=123.83873991854489 5876.7338317008689 39.174948718398809 9211.4581065899692 2589.9824004266411 4295.8387695336714 238.87267268635333 1107.156899753958
leaf_count=1002 98384 368 125392 43746 77222 1691 23255
internal_value=-4.33525e-05 -0.00177086 -0.000926294 0.00381189 0.00301074 0.0185285 -0.0127567
internal_weight=23483.1 16234.5 15088.2 7248.53 6885.82 362.711 1146.33
internal_count=371060 247399 223776 123661 120968 2693 23623
is_linear=0
shrinkage=0.03


Tree=138
num_leaves=8
num_cat=0
split_feature=43 30 16 47 0 63 47
split_gain=189.35 186.706 151.467 47.9102 63.2664 47.5496 45.6715
threshold=205.00000000000003 21.000000000000004 3.2679487179487183 1.0000000180025095e-35 0.029631255487269536 0.13713061594202899 -0.064583333333333312
decision_type=2 2 2 2 2 2 2
left_child=1 5 -3 6 -5 -1 -2
right_child=3 2 -4 4 -6 -7 -8
leaf_value=0.014397826172978263 -0.0011086042277791287 0.0087400336633331032 -0.00095721769684281675 0.0082616436546534815 -0.0076701200803387885 0.0053470665990492713 -0.013051443723830049
leaf_weight=895.93098349124193 387.21018420625478 1580.6123249186203 16869.72314511938 336.86324242595583 635.8425104431808 1386.8594323415309 1370.4347598273307
leaf_count=11107 6201 17347 282327 4542 8236 16816 24195
internal_value=-9.66346e-05 0.000878061 -0.000119449 -0.00751904 -0.00204661 0.00896228 -0.0104821
internal_weight=23463.5 20733.1 18450.3 2730.35 972.706 2282.79 1757.64
internal_count=370771 327597 299674 43174 12778 27923 30396
is_linear=0
shrinkage=0.03


Tree=139
num_leaves=8
num_cat=0
split_feature=12 43 30 1 47 0 5
split_gain=183.105 170.055 158.261 55.217 38.2569 33.542 27.9059
threshold=0.15465412928673952 205.00000000000003 21.000000000000004 0.29198717948717956 1.0000000180025095e-35 0.060915275200989494 9.1666666666666696
decision_type=2 2 2 2 2 2 2
left_child=3 2 -2 6 -3 -5 -1
right_child=1 4 -4 5 -6 -7 -8
leaf_value=-0.0079249693520505506 0.0096306491284595796 -0.0094169408566027023 0.00086552657796028535 0.0071968850727616327 -0.0014692536238320511 -0.0053565757451526095 -0.016904863454248995
leaf_weight=1593.0213114423677 2095.8530233185738 1541.3402020079084 16112.746030489448 303.46238265000284 890.43657446932048 496.39280247222632 426.11197589430958
leaf_count=34921 23636 24683 240975 3651 11121 7140 24644
internal_value=-9.38632e-05 0.000882304 0.00188172 -0.00726205 -0.00655268 -0.000466892 -0.0099016
internal_weight=23459.4 20640.4 18208.6 2818.99 2431.78 799.855 2019.13
internal_count=370771 300415 264611 70356 35804 10791 59565
is_linear=0
shrinkage=0.03


Tree=140
num_leaves=8
num_cat=0
split_feature=45 3 25 1 42 48 28
split_gain=183.813 196.822 152.349 99.3436 87.3308 60.5105 49.5513
threshold=1.0000000180025095e-35 10.500000000000002 451.00000000000006 0.23132664437012265 1.0000000180025095e-35 1.0000000180025095e-35 1175.0000000000002
decision_type=2 2 2 2 2 2 2
left_child=1 2 -1 5 -3 -2 -5
right_child=3 4 -4 6 -6 -7 -8
leaf_value=-0.0023165056996519652 -0.016359928896563566 0.014004172851953345 0.0051788030664251562 0.015468699443233785 -0.004314131648950871 -0.006192329053858847 -0.0017965751343754846
leaf_weight=3233.5427980790846 752.114850721322 238.39345718547702 9744.472292477265 155.29679109668359 5208.5096597666852 1959.4977784305811 2162.1534817544743
leaf_count=58192 28274 1706 133158 2102 84565 33032 29742
internal_value=-9.164e-05 0.00129221 0.0033042 -0.00517575 -0.00348378 -0.00907055 -0.000570032
internal_weight=23454 18424.9 12978 5029.06 5446.9 2711.61 2317.45
internal_count=370771 277621 191350 93150 86271 61306 31844
is_linear=0
shrinkage=0.03


Tree=141
num_leaves=8
num_cat=0
split_feature=17 43 3 9 29 50 5
split_gain=165.328 168.635 149.758 79.0827 23.0334 18.8741 7.26967
threshold=9.1348484848484865 1.0000000180025095e-35 8.5000000000000018 0.40946951620403954 57.750000000000007 -0.055234368067715818 5.166666666666667
decision_type=2 2 2 2 2 2 2
left_child=1 2 -1 -3 5 -2 -6
right_child=4 3 -4 -5 6 -7 -8
leaf_value=0.00409025491399574 -0.011201821376544189 -0.005134422267725247 -0.0017774567193869681 0.0049780016716894316 0.012288720744500714 -0.026174181268183647 -0.0079027194308665324
leaf_weight=10127.850675662048 169.39006880158558 5672.7055781604722 6350.1349942171946 780.30562488827854 21.273482925258577 234.55253836326301 36.23220675624907
leaf_count=145519 7814 89064 98858 5682 392 20574 1448
internal_value=-0.000145703 0.00021004 0.0018237 -0.00389477 -0.0178295 -0.0203294 0
internal_weight=23392.4 22931 16478 6453.01 461.448 403.943 57.5057
internal_count=369351 339123 244377 94746 30228 28388 1840
is_linear=0
shrinkage=0.03


Tree=142
num_leaves=8
num_cat=0
split_feature=5 43 54 8 41 3 37
split_gain=152.132 151.298 111.079 70.9058 22.6655 22.1072 14.8918
threshold=11.16666666666667 1.0000000180025095e-35 2.5000000000000004 0.15710078151074744 0.17424242424242428 7.5000000000000009 5.0102040816326534
decision_type=2 2 2 2 2 2 2
left_child=1 2 -1 -3 6 -6 -2
right_child=4 3 -4 -5 5 -7 -8
leaf_value=0.0042699559872550596 0.0061683728910807206 -0.0048669873055824228 -0.0006890936984609166 0.0043641218559082968 0.01183454039214347 -0.0094254694737692518 -0.016232698157261746
leaf_weight=8361.7025065687485 19.464296752586961 5470.6107514230534 7853.0541810649447 853.34346232935786 54.181492825038731 149.66960689984262 624.04363645194098
leaf_count=119294 1257 85050 116350 6318 1480 4556 35046
internal_value=-0.000141974 0.000324556 0.00186319 -0.00360467 -0.0125858 -0.00319581 -0.015374
internal_weight=23386.1 22538.7 16214.8 6323.95 847.359 203.851 643.508
internal_count=369351 327012 235644 91368 42339 6036 36303
is_linear=0
shrinkage=0.03


Tree=143
num_leaves=8
num_cat=0
split_feature=8 31 31 41 22 22 63
split_gain=148.686 143.909 127.523 104.919 82.8416 80.0815 28.2407
threshold=0.048280921326514202 1.0000000180025095e-35 2.5000000000000004 0.19090909090909094 1.5000000000000002 1.5000000000000002 0.03287881944444445
decision_type=2 2 2 2 2 2 2
left_child=3 6 -3 5 -5 -1 -2
right_child=1 2 -4 4 -6 -7 -8
leaf_value=-0.0062829721843665901 0.019354960481789401 0.0048145367793880102 -0.00039366646687879597 -0.0020303390556404154 0.014595244443475718 -0.021906053528308999 -0.0097942897717598204
leaf_weight=2884.9471881906502 24.196321994997561 7247.8560814224184 10086.102225231007 1320.3240852383897 332.35829322878271 332.7778414869681 1151.1023260145448
leaf_count=84457 281 102924 129261 22423 4873 11943 13189
internal_value=-0.000137926 0.00108557 0.00177961 -0.00480244 0.00129275 -0.00795812 -0.00903848
internal_weight=23379.7 18509.3 17334 4870.41 1652.68 3217.73 1175.3
internal_count=369351 245655 232185 123696 27296 96400 13470
is_linear=0
shrinkage=0.03


Tree=144
num_leaves=8
num_cat=0
split_feature=30 53 42 0 11 28 2
split_gain=166.931 132.006 202.91 131.521 95.2297 80.0002 43.8327
threshold=29.000000000000004 0.0017089018008135534 1.0000000180025095e-35 1.0000000180025095e-35 0.096261310493014826 1350.0000000000002 2.2928571428571431
decision_type=2 2 2 2 2 2 2
left_child=4 2 -2 -3 5 -1 -6
right_child=1 3 -4 -5 6 -7 -8
leaf_value=0.0077169624307726337 0.025641230358765071 0.0018752227125614169 -0.016222314125639885 -0.0043167897703207314 0.01286042025335456 -0.00030375839641916453 0.0048102960777202533
leaf_weight=1370.0708505497314 110.0714980661869 6184.6090408689342 1012.6183545505628 6132.8392516551539 991.24966923613101 5916.8975196131505 1745.585936638061
leaf_count=23349 602 95179 43094 89320 8893 91844 18515
internal_value=7.1974e-05 -0.00210905 -0.0119426 -0.00120097 0.0030049 0.00119619 0.00777692
internal_weight=23463.9 13440.1 1122.69 12317.4 10023.8 7286.97 2736.84
internal_count=370796 228195 43696 184499 142601 115193 27408
is_linear=0
shrinkage=0.03


Tree=145
num_leaves=8
num_cat=0
split_feature=12 3 45 32 1 41 0
split_gain=153.838 123.456 127.464 70.8586 70.082 43.2381 43.2293
threshold=0.16659131993374124 17.500000000000004 1.0000000180025095e-35 3.5000000000000004 0.21778656126482215 0.11805555555555557 0.023532668881506093
decision_type=2 2 2 2 2 2 2
left_child=4 2 -2 -3 5 -1 -6
right_child=1 3 -4 -5 6 -7 -8
leaf_value=-0.011487549207209447 0.00331556671076453 0.0011270350830052853 -0.0029096618115591216 -0.0096191563949891562 0.0067471153593380972 -0.001414867202541675 -0.0040887169987640195
leaf_weight=1618.9701913138852 13768.567614072468 885.54018869809806 3751.4619726003148 1399.8826988022774 482.59333055047318 531.98591935448349 1020.808568991255
leaf_count=55361 181598 14752 62236 24343 5984 10039 16483
internal_value=6.97827e-05 0.00111744 0.00197701 -0.00542263 -0.00557737 -0.00904712 -0.000539904
internal_weight=23459.8 19805.5 17520 2285.42 3654.36 2150.96 1503.4
internal_count=370796 282929 243834 39095 87867 65400 22467
is_linear=0
shrinkage=0.03


Tree=146
num_leaves=8
num_cat=0
split_feature=9 57 9 1 20 41 0
split_gain=159.831 135.848 103.369 71.0711 65.5683 56.6062 52.8381
threshold=0.14741802543020574 309.00000000000006 0.40419887629565054 0.22318007662835251 0.021836986270280082 0.19090909090909094 0.028174603174603175
decision_type=2 2 2 2 2 2 2
left_child=3 4 -3 5 -2 -1 -5
right_child=1 2 -4 6 -6 -7 -8
leaf_value=-0.011377191933743912 0.0078269822562252074 -0.0016121776407625886 0.0053206552627856462 0.0082156412714306879 0.0013206603600489546 0 -0.0039095141895654217
leaf_weight=1779.4174492279999 3285.3396305404603 11438.236531618051 2322.2873829547316 434.83893809141591 2488.1330388346687 501.82054725848138 1206.278957806062
leaf_count=67789 48069 164878 16771 6155 36303 9688 21143
internal_value=6.69393e-05 0.00118072 -0.000434116 -0.00545143 0.00504216 -0.00887385 -0.000626901
internal_weight=23456.4 19534 13760.5 3922.36 5773.47 2281.24 1641.12
internal_count=370796 266021 181649 104775 84372 77477 27298
is_linear=0
shrinkage=0.03


Tree=147
num_leaves=8
num_cat=0
split_feature=45 3 25 1 0 57 48
split_gain=146.518 161.792 129.818 91.9481 58.6284 53.3737 48.7657
threshold=1.0000000180025095e-35 11.500000000000002 465.00000000000006 0.15849282296650721 0.028174603174603175 304.00000000000006 0.025978407557354928
decision_type=2 2 2 2 2 2 2
left_child=1 2 -1 6 -5 -3 -2
right_child=3 5 -4 4 -6 -7 -8
leaf_value=-0.00073375540233749296 -0.015827125075722197 0.0013950576317364864 0.0052030911817635955 0.0063801441081724085 -0.0035947052467705035 -0.0056195506641190723 -0.0061207294512082662
leaf_weight=5607.0979633736424 691.19242859724909 1331.5669603156857 8016.0663660066202 717.46174275223166 1966.6709560486488 3456.2978292633779 1621.3760000653565
leaf_count=93068 27136 21531 106465 9440 30228 56258 26423
internal_value=-0.000149979 0.00108276 0.00275359 -0.0047067 -0.00088808 -0.0036505 -0.00908855
internal_weight=23407.7 18411 13623.2 4996.7 2684.13 4787.86 2312.57
internal_count=370549 277322 199533 93227 39668 77789 53559
is_linear=0
shrinkage=0.03


Tree=148
num_leaves=8
num_cat=0
split_feature=30 17 26 45 37 49 50
split_gain=142.528 102.121 106.887 71.9624 84.6872 54.3712 12.0398
threshold=29.000000000000004 9.3779761904761916 5.5000000000000009 1.0000000180025095e-35 3.5732142857142866 -1.0000000180025095e-35 -0.45236478352170945
decision_type=2 2 2 2 2 2 2
left_child=3 2 -2 4 -1 -5 -3
right_child=1 6 -4 5 -6 -7 -8
leaf_value=0.0085352508224220813 -0.001064907706386742 -0.0092078058879339082 -0.011804046609554067 -0.0076671388309818332 0.0017728245750221413 0.0017840394413176227 -0.026383373180879799
leaf_weight=2453.5547389360145 12256.239301250782 81.43737457646057 893.40886435331777 937.82980611454695 5337.826436095871 1279.1142052910291 161.37809109780937
leaf_count=23555 189248 4053 19645 15165 81430 22350 15103
internal_value=-0.000146079 -0.00217336 -0.00180559 0.00255743 0.00391801 -0.00218183 -0.0212881
internal_weight=23400.8 13392.5 13149.6 10008.3 7791.38 2216.94 242.815
internal_count=370549 228049 208893 142500 104985 37515 19156
is_linear=0
shrinkage=0.03


Tree=149
num_leaves=8
num_cat=0
split_feature=11 54 28 43 5 5 9
split_gain=158.027 129.128 97.6921 62.6358 50.2209 36.9081 18.245
threshold=0.050140593417540055 2.5000000000000004 1250.0000000000002 1.0000000180025095e-35 9.5833333333333339 1.1666666666666667 0.21848860129753886
decision_type=2 2 2 2 2 2 2
left_child=4 2 -2 -3 5 -1 -6
right_child=1 3 -4 -5 6 -7 -8
leaf_value=-0.011711297862969141 0.010402442538910357 -0.00014402114680060727 0.0020469756641422429 -0.0057767001659065282 -0.017132537952133972 -0.0029229011339333318 -0.00026718238923188037
leaf_weight=518.97155848331749 1476.7344600199722 6887.7507751053199 8811.5385790122673 2406.211714473553 418.70789073524065 2794.659526778385 79.689243214670569
leaf_count=11525 22895 102233 121620 34920 25356 49060 2940
internal_value=-0.000142397 0.000941907 0.0032595 -0.00161433 -0.00572994 -0.00434201 -0.0146441
internal_weight=23394.3 19582.2 10288.3 9293.96 3812.03 3313.63 498.397
internal_count=370549 281668 144515 137153 88881 60585 28296
is_linear=0
shrinkage=0.03


Tree=150
num_leaves=8
num_cat=0
split_feature=54 48 49 41 41 20 49
split_gain=153.183 147.91 151.485 90.5528 52.2846 45.7852 20.7379
threshold=3.5000000000000004 1.0000000180025095e-35 -0.38904644268774718 0.087121212121212141 0.37980769230769235 -0.14098984211656382 -0.80211212900460704
decision_type=2 2 2 2 2 2 2
left_child=1 3 -3 -1 5 -2 -6
right_child=4 2 -4 -5 6 -7 -8
leaf_value=-0.00544140939715149 -0.0006766863572534971 -0.0013151706720248644 0.0054676152515598687 0.0062440989417679839 -0.0092363495828790658 -0.0074467915160957342 0.0016906459527093979
leaf_weight=3409.9547102362849 1275.5961001121905 4509.9047626266256 8525.2563138594851 712.26778706954792 168.0790109205991 3317.4432927889284 1525.3832724401727
leaf_count=96179 22032 53627 109951 10721 1968 57759 18831
internal_value=7.29001e-05 0.00154459 0.0031144 -0.00339538 -0.00392742 -0.00558893 0.000529136
internal_weight=23443.9 17157.4 13035.2 4122.22 6286.5 4593.04 1693.46
internal_count=371068 270478 163578 106900 100590 79791 20799
is_linear=0
shrinkage=0.03


Tree=151
num_leaves=8
num_cat=0
split_feature=57 26 8 17 31 52 56
split_gain=148.276 153.093 127.436 99.1992 67.5184 38.4258 20.7406
threshold=309.00000000000006 5.5000000000000009 0.17339721752126422 6.3765243902439037 2.5000000000000004 5.4104278074866317 791.50000000000011
decision_type=2 2 2 2 2 2 2
left_child=3 2 -2 4 -1 -5 -3
right_child=1 6 -4 5 -6 -7 -8
leaf_value=0.0085149358636924157 -0.0016375815778468443 -0.013009270528203991 0.0076798239662227586 -0.017378108957474339 0.002194064859803095 -0.0020825604210469848 0.0092664738766027911
leaf_weight=2817.4306333535351 13592.790843925904 1077.1921270303428 1456.4738359544426 178.85344788548537 3418.0702697201632 872.10700847767293 30.831261187326163
leaf_count=38877 213872 22821 9720 12502 49788 22723 765
internal_value=7.00024e-05 -0.00152826 -0.00072761 0.00362501 0.00506902 -0.00484076 -0.0122697
internal_weight=23443.7 16157.3 15049.3 7286.46 6235.5 1050.96 1108.02
internal_count=371068 247178 223592 123890 88665 35225 23586
is_linear=0
shrinkage=0.03


Tree=152
num_leaves=8
num_cat=0
split_feature=54 48 42 31 41 42 49
split_gain=143.7 137.771 151.031 143.233 49.6105 58.6581 19.5726
threshold=3.5000000000000004 1.0000000180025095e-35 1.0000000180025095e-35 2.5000000000000004 0.37980769230769235 1.5000000000000002 -0.80211212900460704
decision_type=2 2 2 2 2 2 2
left_child=1 2 -1 -3 5 -2 -6
right_child=4 3 -4 -5 6 -7 -8
leaf_value=0.01666603529313427 0.0046382516948425814 0.0063284807618239026 -0.0049533026930796073 2.4371838108519832e-05 -0.0090052870383453294 -0.0065787832586061039 0.0016458837444960509
leaf_weight=308.54013956896961 453.94277205411345 6150.7707153363153 3799.2699871894438 6917.6675067115575 166.73085205443203 4117.1639416103717 1526.8076853612438
leaf_count=1905 4397 71812 104995 91766 1968 75394 18831
internal_value=6.74628e-05 0.00148983 -0.00328929 0.00299962 -0.00381608 -0.00544134 0.000520855
internal_weight=23440.9 17176.2 4107.81 13068.4 6264.65 4571.11 1693.54
internal_count=371068 270478 106900 163578 100590 79791 20799
is_linear=0
shrinkage=0.03


Tree=153
num_leaves=8
num_cat=0
split_feature=30 17 43 11 63 7 28
split_gain=163.43 141.077 127.37 38.5857 39.7983 18.7335 16.7509
threshold=21.000000000000004 9.5138888888888911 1.0000000180025095e-35 0.08936674985069934 0.14199727475702656 34.400943396226424 2675.0000000000005
decision_type=2 2 2 2 2 2 2
left_child=3 2 -2 4 -1 -5 -3
right_child=1 6 -4 5 -6 -7 -8
leaf_value=0.0091407014562811181 0.0008867337101569259 -0.022196263600237291 -0.004430809230458934 0.01822971182093619 -9.4854849026585429e-05 0.008661986748743954 0
leaf_weight=740.50219290982932 14795.819410544122 303.17969847214408 5571.6112276162021 291.735066880472 918.03895644284785 758.94462154665962 26.955155954230577
leaf_count=10452 227734 23742 85179 2329 13379 7092 852
internal_value=1.70468e-05 -0.000886578 -0.000564219 0.00694252 0.0039896 0.0114776 -0.0202006
internal_weight=23406.8 20697.6 20367.4 2709.22 1658.54 1050.68 330.135
internal_count=370759 337507 312913 33252 23831 9421 24594
is_linear=0
shrinkage=0.03


Tree=154
num_leaves=8
num_cat=0
split_feature=12 1 49 3 33 45 42
split_gain=137.431 137.05 108.536 90.2349 54.7205 49.7393 19.5332
threshold=0.26211316934358503 0.39791666666666675 -0.38904644268774718 9.5000000000000018 1.0000000180025095e-35 1.0000000180025095e-35 1.0000000180025095e-35
decision_type=2 2 2 2 2 2 2
left_child=1 2 -1 5 -3 -2 -5
right_child=3 4 -4 6 -6 -7 -8
leaf_value=-0.0079266444815816843 0.0076361488597700604 0.0040200963066363464 -0.0014180904820070344 0.0103304892943872 -0.0042357333013008352 0 -0.002906835911432063
leaf_weight=3152.5674369016197 3603.5672486862168 4392.5839651934803 8748.1306502891239 99.762499060481787 850.29282313305885 962.64323365082964 1594.4487093985081
leaf_count=61644 35767 46163 184888 653 8202 12678 20764
internal_value=1.645e-05 -0.00136896 -0.00315241 0.0038227 0.00266125 0.00601983 -0.00204629
internal_weight=23404 17143.6 11900.7 6260.42 5242.88 4566.21 1694.21
internal_count=370759 300897 246532 69862 54365 48445 21417
is_linear=0
shrinkage=0.03


Tree=155
num_leaves=8
num_cat=0
split_feature=54 48 28 41 1 17 31
split_gain=144.398 125.01 102.021 91.6219 81.0503 69.4013 34.5785
threshold=2.5000000000000004 0.20156250000000003 1250.0000000000002 0.10555555555555557 0.69337606837606847 2.0059523809523814 1.5000000000000002
decision_type=2 2 2 2 2 2 2
left_child=1 3 -3 -1 5 -2 -6
right_child=4 2 -4 -5 6 -7 -8
leaf_value=-0.0022902785595988241 0.0045447608679660776 0.015471900445992087 0.003960355950341516 0.0047114204769330816 -0.0042396661485062494 -0.0041100241463098907 0.0088713026952154383
leaf_weight=5367.6974241191056 904.7183614782989 856.04381990153342 3812.1347761144862 2442.9067219356075 225.0072198882699 9046.1118238011841 744.10811257176101
leaf_count=112156 10894 9857 41999 30143 1897 158163 5650
internal_value=1.5464e-05 0.00222347 0.00610488 -8.72429e-05 -0.00249936 -0.00331221 0.0057287
internal_weight=23398.7 12478.8 4668.18 7810.6 10919.9 9950.83 969.115
internal_count=370759 194155 51856 142299 176604 169057 7547
is_linear=0
shrinkage=0.03


Tree=156
num_leaves=8
num_cat=0
split_feature=12 41 22 22 31 2 37
split_gain=154.67 132.628 291.231 184.912 110.341 79.1675 14.7604
threshold=0.254100178110574 0.10555555555555557 1.5000000000000002 1.5000000000000002 1.0000000180025095e-35 3.3401360544217691 2.4913793103448278
decision_type=2 2 2 2 2 2 2
left_child=1 2 -1 -3 6 -6 -2
right_child=4 3 -4 -5 5 -7 -8
leaf_value=-0.00249860218232196 -0.00039158420892347606 -0.0010590751226979191 -0.021000157208982233 0.011825906590397664 0.0081342053596457683 0.0015735121719107569 -0.010950062635159883
leaf_weight=8757.6859167837538 181.83262325823307 5115.6225508903153 836.93105342588387 1239.0485909068957 2991.7298650410958 3799.7797241038643 484.98106653150171
leaf_count=178543 1419 69556 22038 15163 30473 47938 5674
internal_value=-0.000232861 -0.00190396 -0.00413195 0.00144644 0.00332753 0.00448067 -0.00822919
internal_weight=23407.6 15949.3 9594.62 6354.67 7458.32 6791.51 666.814
internal_count=370804 285300 200581 84719 85504 78411 7093
is_linear=0
shrinkage=0.03


Tree=157
num_leaves=8
num_cat=0
split_feature=4 4 31 3 41 12 61
split_gain=151.47 334.344 125.924 102.334 132.628 100.916 23.4342
threshold=3.5000000000000004 1.5000000000000002 1.5000000000000002 23.500000000000004 0.07417582417582419 0.304113522136778 0.11576282051282052
decision_type=2 2 2 2 2 2 2
left_child=1 5 -3 4 -2 -1 -5
right_child=3 2 -4 6 -6 -7 -8
leaf_value=-0.0053449579729980146 -0.0042500044968415505 -0.011439893500674465 0.0079271249406305516 -0.0010854311180464413 0.0025973720676313564 0.0052587972792360049 -0.014614718367049124
leaf_weight=4260.3070934149437 7098.1289170610253 310.4342397544533 5909.8235875815153 154.87940074689686 3947.078615333885 984.09942943230271 733.91049124114215
leaf_count=58108 171006 2672 48904 2590 60416 8398 18710
internal_value=-0.000226598 0.00223133 0.00693771 -0.00259535 -0.00179484 -0.00333493 -0.0123771
internal_weight=23398.7 11464.7 6220.26 11934 11045.2 5244.41 888.79
internal_count=370804 118082 51576 252722 231422 66506 21300
is_linear=0
shrinkage=0.03


Tree=158
num_leaves=8
num_cat=0
split_feature=20 25 26 11 2 37 5
split_gain=146.662 109.874 96.1381 74.482 46.0932 44.3691 31.6744
threshold=0.058279424723470814 441.00000000000006 5.5000000000000009 0.08714848362008433 8.5055555555555582 3.1889880952380958 8.4166666666666696
decision_type=2 2 2 2 2 2 2
left_child=1 6 -3 4 -2 -5 -1
right_child=3 2 -4 5 -6 -7 -8
leaf_value=-0.0034825648607495962 -0.0046878924345285251 0.0033864564321526734 -0.0056720498084281536 0.0057756117517443941 -0.016222024431499792 -0.0020371882734560392 -0.014881535453754043
leaf_weight=1660.4180950075388 5201.2000990277156 11787.990633253474 1146.6581714348868 953.69100542878732 336.22925253608264 2042.0802623438649 258.36259654117748
leaf_count=24566 85973 173594 23135 8553 14666 26535 13782
internal_value=-0.000220582 0.00157587 0.00257458 -0.00335724 -0.00541848 0.00042547 -0.0050989
internal_weight=23386.6 14853.4 12934.6 8533.2 5537.43 2995.77 1918.78
internal_count=370804 235077 196729 135727 100639 35088 38348
is_linear=0
shrinkage=0.03


Tree=159
num_leaves=8
num_cat=0
split_feature=25 3 45 52 42 42 4
split_gain=146.828 133.634 114.164 79.347 77.7675 54.9948 52.2328
threshold=461.00000000000006 14.500000000000002 1.0000000180025095e-35 1.0000000180025095e-35 1.0000000180025095e-35 1.0000000180025095e-35 3.5000000000000004
decision_type=2 2 2 2 2 2 2
left_child=3 2 -2 4 -1 -3 -5
right_child=1 5 -4 6 -6 -7 -8
leaf_value=0.019652824495225107 0.0045715786695993263 0.013501988339383044 -0.0023962686393885504 0.00028036336930511671 -0.016248079745004047 -0.0047023670452031492 -0.0048884377384324123
leaf_weight=53.026412945240736 9804.6353177046403 150.01301654241979 2676.5047246061731 3310.3700879272074 625.47892186464742 3039.4818701981567 3675.8489237762988
leaf_count=287 130922 1262 45141 31739 30174 54739 76268
internal_value=0 0.00166543 0.0030698 -0.00340009 -0.0131874 -0.00379819 -0.00242792
internal_weight=23335.4 15670.6 12481.1 7664.72 678.505 3189.49 6986.22
internal_count=370532 232064 176063 138468 30461 56001 108007
is_linear=0
shrinkage=0.03


Tree=160
num_leaves=8
num_cat=0
split_feature=25 3 43 53 42 63 9
split_gain=138.373 125.636 105.537 79.0836 70.0274 52.576 48.9603
threshold=461.00000000000006 14.500000000000002 1.0000000180025095e-35 0.0017089018008135534 1.0000000180025095e-35 0.11135187009413018 0.16195035082825862
decision_type=2 2 2 2 2 2 2
left_child=3 2 -2 4 -1 -3 -5
right_child=1 5 -4 6 -6 -7 -8
leaf_value=0.017750905697302904 0.0047337895830095403 0.0030171577273120872 -0.0013191782098065702 -0.0068081002032426849 -0.015798378430161613 -0.0058933415372753178 -0.00088413403005637217
leaf_weight=54.707855217158794 8879.8321470958181 773.48000461887568 3628.8607764809858 1663.6487439442426 642.71515929116867 2405.3735815924592 5280.475465292111
leaf_count=297 125870 11363 50193 39564 30537 44638 68070
internal_value=0 0.00161343 0.00297076 -0.00330821 -0.0129309 -0.00369563 -0.00232021
internal_weight=23329.1 15687.5 12508.7 7641.55 697.423 3178.85 6944.12
internal_count=370532 232064 176063 138468 30834 56001 107634
is_linear=0
shrinkage=0.03


Tree=161
num_leaves=8
num_cat=0
split_feature=17 20 25 8 29 50 43
split_gain=137.378 130.632 98.1712 66.2265 26.4809 12.9461 8.86741
threshold=9.3779761904761916 0.058279424723470814 461.00000000000006 0.12933796593013983 57.750000000000007 -0.71515569441484428 -204.99999999999997
decision_type=2 2 2 2 2 2 2
left_child=1 2 -1 -3 5 -2 -6
right_child=4 3 -4 -5 6 -7 -8
leaf_value=-0.0015173214905362885 -0.0085277623012532718 -0.0040109998695409196 0.0037265580317306013 0.0026648453229249939 0.019949901214536058 -0.024831534612619961 -0.0051844156951676296
leaf_weight=4737.1494448210578 85.339931097347289 6718.8674521634821 9840.7718830392696 1648.8365050028078 11.820485604461281 239.10183452488855 42.850590524496511
leaf_count=78789 4321 112676 138367 12889 258 21726 1506
internal_value=0 0.000298173 0.00201643 -0.00268399 -0.0177925 -0.0210108 0
internal_weight=23324.7 22945.6 14577.9 8367.7 379.113 324.442 54.6711
internal_count=370532 342721 217156 125565 27811 26047 1764
is_linear=0
shrinkage=0.03


Tree=162
num_leaves=8
num_cat=0
split_feature=45 37 48 23 61 4 4
split_gain=132.541 135.544 100.091 77.0697 70.6863 68.573 56.0551
threshold=1.0000000180025095e-35 4.5049019607843146 0.45080645161290328 1.0000000180025095e-35 0.11121634615384617 1.5000000000000002 5.5000000000000009
decision_type=2 2 2 2 2 2 2
left_child=1 5 -3 4 -2 -1 -5
right_child=3 2 -4 6 -6 -7 -8
leaf_value=0.00068737118891843102 0.0075068961895672776 -0.0024042212796400973 0.0051224053743591487 0.0046917637938989091 -0.0086161393369336269 0.0064845966120605893 -0.0059203879437097389
leaf_weight=3096.803224622272 257.83557202480733 8726.7758057606407 1934.4509493578225 1121.3901355890557 2855.6959764962085 4649.0212493301369 736.79985238611698
leaf_count=36944 4555 169342 23112 13714 53380 47987 21882
internal_value=-1.10756e-05 0.00115919 -0.00102834 -0.00435871 -0.00724221 0.0041804 0.000430989
internal_weight=23378.8 18407.1 10661.2 4971.72 3113.53 7745.82 1858.19
internal_count=370916 277385 192454 93531 57935 84931 35596
is_linear=0
shrinkage=0.03


Tree=163
num_leaves=8
num_cat=0
split_feature=31 2 4 4 32 6 16
split_gain=130.198 139.556 123.543 38.972 28.8233 23.7831 10.1472
threshold=1.0000000180025095e-35 7.3366666666666669 1.5000000000000002 9.5000000000000018 1.0000000180025095e-35 47.500000000000007 8.8702664796633961
decision_type=2 2 2 2 2 2 2
left_child=4 2 -2 -3 5 -1 -6
right_child=1 3 -4 -5 6 -7 -8
leaf_value=-0.011140324409584434 -0.0028405801832949384 -0.0030508849172473794 0.0027234639143515543 -0.010853402862672234 -0.015912911677162484 0 -0.0017564038726950873
leaf_weight=310.91596630495042 4715.0632859980687 1531.0087102116086 14882.376610710286 972.26499660033733 501.14880881458521 392.58083000406623 67.581661317963153
leaf_count=4022 60956 37552 213436 43368 5747 4761 1074
internal_value=-1.06337e-05 0.000523606 0.0013798 -0.00613284 -0.00932745 -0.00501271 -0.0144175
internal_weight=23372.9 22100.7 19597.4 2503.27 1272.23 703.497 568.73
internal_count=370916 355312 274392 80920 15604 8783 6821
is_linear=0
shrinkage=0.03


Tree=164
num_leaves=8
num_cat=0
split_feature=45 37 48 43 57 57 54
split_gain=125.079 128.141 93.97 78.0597 77.3924 63.4845 25.1967
threshold=1.0000000180025095e-35 4.5049019607843146 0.45080645161290328 -1004.9999999999999 261.2000000000001 304.00000000000006 1.5000000000000002
decision_type=2 2 2 2 2 2 2
left_child=1 5 -3 6 -5 -1 -2
right_child=3 2 -4 4 -6 -7 -8
leaf_value=0.010216054912084506 0.010729938511401058 -0.0023443971912577269 0.0049375096481787204 0.010396353813315475 -0.0072680602297973884 0.0028339217861962931 6.6722721917493561e-05
leaf_weight=1266.1165954424068 272.52399325091392 8710.3502255738713 1942.1910729091614 229.2662918837741 3679.7192739713937 6499.4679481051862 771.39080095756799
leaf_count=14507 4065 169342 23112 3871 72657 70424 12938
internal_value=-1.13212e-05 0.0011231 -0.00100661 -0.00424487 -0.00619707 0.0040549 0.00297414
internal_weight=23371 18418.1 10652.5 4952.9 3908.99 7765.58 1043.91
internal_count=370916 277385 192454 93531 76528 84931 17003
is_linear=0
shrinkage=0.03


Tree=165
num_leaves=8
num_cat=0
split_feature=12 41 22 22 3 45 30
split_gain=135.742 116.758 310.859 154.091 78.2911 58.3493 21.1733
threshold=0.26211316934358503 0.11805555555555557 1.5000000000000002 1.5000000000000002 7.5000000000000009 1.0000000180025095e-35 23.000000000000004
decision_type=2 2 2 2 2 2 2
left_child=1 2 -1 -3 5 -2 -6
right_child=4 3 -4 -5 6 -7 -8
leaf_value=-0.0017600820313380533 0.0081749659781728077 -0.00052979457818790726 -0.020456806682381659 0.010794501009040719 0.0050061256749224349 -0.00049468190437969208 -0.0021727780387726841
leaf_weight=9369.1461604805663 3184.9474075292237 5466.4287184430286 872.31610361882485 1339.2944543575868 457.61972431931645 869.30537148285657 1780.8898773798719
leaf_count=188079 31354 73610 23150 16034 4641 11442 22150
internal_value=4.18378e-05 -0.00134435 -0.00337056 0.00169178 0.00380942 0.00629554 -0.000657189
internal_weight=23339.9 17047.2 10241.5 6805.72 6292.76 4054.25 2238.51
internal_count=370460 300873 211229 89644 69587 42796 26791
is_linear=0
shrinkage=0.03


Tree=166
num_leaves=8
num_cat=0
split_feature=57 12 26 17 54 2 4
split_gain=138.911 126.567 84.2666 77.4499 66.0346 53.5702 24.9545
threshold=309.00000000000006 0.26290855393674994 5.5000000000000009 6.3765243902439037 3.5000000000000004 3.1445993031358888 9.5000000000000018
decision_type=2 2 2 2 2 2 2
left_child=3 2 -2 4 -1 -3 -5
right_child=1 5 -4 6 -6 -7 -8
leaf_value=0.00674028755704146 -0.0025118656945039945 0.0059826612562390571 -0.012731861963983255 -0.0016144980967167327 0 -0.00040274742443561167 -0.013438144563435504
leaf_weight=4397.4806006182916 10589.915925556095 2231.8043208667077 781.50137237785384 820.44462062232196 1855.3937184340321 2455.6792207947001 203.50434856698848
leaf_count=59950 177993 20977 18646 20630 28732 29158 14374
internal_value=3.98473e-05 -0.0015143 -0.00322743 0.00348068 0.00473967 0.00262143 -0.00410573
internal_weight=23335.7 16058.9 11371.4 7276.82 6252.87 4687.48 1023.95
internal_count=370460 246774 196639 123686 88682 50135 35004
is_linear=0
shrinkage=0.03


Tree=167
num_leaves=8
num_cat=0
split_feature=54 52 31 48 16 3 16
split_gain=128.867 96.3331 85.864 69.5665 59.363 54.4195 51.5614
threshold=1.5000000000000002 1.0000000180025095e-35 1.0000000180025095e-35 0.022474747474747477 4.9871794871794881 17.500000000000004 4.505102040816328
decision_type=2 2 2 2 2 2 2
left_child=3 4 -3 6 -2 -5 -1
right_child=1 2 -4 5 -6 -7 -8
leaf_value=0.0094289146966989694 0.00084751107465184765 -0.0092996641048459228 -0.00024877802359052635 0.0065170993806008583 -0.016183503072319142 -0.0036840085622142651 -0.0037627896213982032
leaf_weight=316.66221277043223 248.77495690342039 1004.8121181000024 14771.016294859815 4364.5952782258391 607.28195820352994 512.47107015363872 1507.3793355301023
leaf_count=4041 4150 12541 219780 48606 31698 7745 41899
internal_value=3.78022e-05 -0.00137349 -0.000833724 0.00355242 -0.0111535 0.00542408 -0.00140393
internal_weight=23333 16631.9 15775.8 6701.11 856.057 4877.07 1824.04
internal_count=370460 268169 232321 102291 35848 56351 45940
is_linear=0
shrinkage=0.03


Tree=168
num_leaves=8
num_cat=0
split_feature=43 42 43 52 52 31 11
split_gain=138.238 136.919 397.139 156.433 57.2771 56.4755 7.89021
threshold=1.0000000180025095e-35 1.0000000180025095e-35 -1.0000000180025095e-35 1.0000000180025095e-35 1.0000000180025095e-35 1.0000000180025095e-35 0.11696763974708098
decision_type=2 2 2 2 2 2 2
left_child=1 2 -1 -3 6 -6 -2
right_child=4 3 -4 -5 5 -7 -8
leaf_value=-0.0082892990078337787 -0.016879740853724116 -0.0097716108050557946 0.028854945244262725 0.0016607065245018073 -0.013771808550620891 -0.0021322015848374348 -0.0013503653356440428
leaf_weight=464.7820486202836 318.41791763599031 1156.054261418758 567.36990802362561 14703.658553350717 401.4095247965306 5693.720241444651 47.555466555990279
leaf_count=3541 12950 46869 3407 215687 5079 82450 834
internal_value=8.4551e-05 0.00151584 0.0120826 0.000818886 -0.00364176 -0.00292417 -0.0151498
internal_weight=23353 16891.9 1032.15 15859.7 6461.1 6095.13 365.973
internal_count=370817 269504 6948 262556 101313 87529 13784
is_linear=0
shrinkage=0.03


Tree=169
num_leaves=8
num_cat=0
split_feature=43 30 17 47 47 7 3
split_gain=132.69 140.922 108.894 28.5198 40.9192 28.0567 27.8634
threshold=205.00000000000003 21.000000000000004 8.9629120879120894 1.0000000180025095e-35 -1.0000000180025095e-35 34.73377192982457 8.5000000000000018
decision_type=2 2 2 2 2 2 2
left_child=1 5 -3 4 -2 -1 -5
right_child=3 2 -4 6 -6 -7 -8
leaf_value=0.012625843948065176 0 0.00035078765175231669 -0.015613712789492085 0.0025897146776700862 -0.011150892351861825 0.0054045755128555818 -0.0074941044676206155
leaf_weight=762.95176930818707 382.16972212772816 17975.804492824245 387.93302588094957 520.13827062351629 1294.9853684415575 1576.6370810661465 448.02934845956042
leaf_count=8093 6275 271739 28015 6026 23999 19778 6892
internal_value=8.09867e-05 0.00089367 4.48048e-06 -0.00623512 -0.00861395 0.00781976 -0.00199872
internal_weight=23348.6 20703.3 18363.7 2645.32 1677.16 2339.59 968.168
internal_count=370817 327625 299754 43192 30274 27871 12918
is_linear=0
shrinkage=0.03


Tree=170
num_leaves=8
num_cat=0
split_feature=57 9 26 42 43 43 37
split_gain=129.002 124.271 94.6934 61.257 87.1949 59.087 42.7449
threshold=309.00000000000006 0.38121972679444094 5.5000000000000009 1.0000000180025095e-35 -34.999999999999993 -1.0000000180025095e-35 2.637626262626263
decision_type=2 2 2 2 2 2 2
left_child=3 2 -2 5 -5 -1 -3
right_child=1 6 -4 4 -6 -7 -8
leaf_value=-0.0012265211568084609 -0.0019371217926734987 0.0097492984656277655 -0.011804326647882397 0.0070073130964969461 6.46118729067988e-05 0.023304651413538557 0.0017183692614319273
leaf_weight=123.27936390135437 12246.395383121446 880.18232006393373 943.79071723809466 2638.7876593603287 4307.3005807099398 253.58803734742105 1954.0550355892628
leaf_count=974 203885 5783 22153 43793 77323 1725 15181
internal_value=7.82553e-05 -0.00142525 -0.00265417 0.00337931 0.0027182 0.0151334 0.00425688
internal_weight=23347.4 16024.4 13190.2 7322.96 6946.09 376.867 2834.24
internal_count=370817 247002 226038 123815 121116 2699 20964
is_linear=0
shrinkage=0.03


Tree=171
num_leaves=8
num_cat=0
split_feature=31 12 31 4 0 42 43
split_gain=121.231 139.163 99.5802 91.4462 28.4775 12.6843 11.4673
threshold=1.0000000180025095e-35 0.20464047626538584 2.5000000000000004 7.5000000000000009 0.44097222222222227 1.0000000180025095e-35 195.00000000000003
decision_type=2 2 2 2 2 2 2
left_child=4 3 -3 -2 5 -1 -6
right_child=1 2 -4 -5 6 -7 -8
leaf_value=0 -0.001002475345067172 0.0051233816479750857 0 -0.0085166485171057384 0.0051933174011892791 -0.012421352448607481 -0.0087410124308466199
leaf_weight=87.79868096485734 5893.6940514664166 5776.0614087716676 8417.1723346989602 1948.5626818786841 148.58126110211015 933.75891567394137 75.864106902852654
leaf_count=592 87384 81692 106728 78810 1208 12998 705
internal_value=-0.000195568 0.000316169 0.00209178 -0.00288523 -0.00928263 -0.0114006 3.32137e-06
internal_weight=23281.5 22035.5 14193.2 7842.26 1246 1021.56 224.445
internal_count=370117 354614 188420 166194 15503 13590 1913
is_linear=0
shrinkage=0.03


Tree=172
num_leaves=8
num_cat=0
split_feature=45 26 42 17 23 29 41
split_gain=135.517 112.469 98.1841 96.0821 89.4805 66.4264 54.476
threshold=1.0000000180025095e-35 5.5000000000000009 1.0000000180025095e-35 9.3779761904761916 1.0000000180025095e-35 58.750000000000007 0.23611111111111113
decision_type=2 2 2 2 2 2 2
left_child=1 3 -3 -1 5 -2 -6
right_child=4 2 -4 -5 6 -7 -8
leaf_value=0.0019729590248344681 -0.008928421624548058 0.024843052096523686 -0.0087487946662625337 -0.017021373367982328 -0.0037813568311976381 0.0087213947035129063 0.0065849445509517908
leaf_weight=16621.617427370744 2870.0188986680005 76.886829245835543 1414.3761550406925 237.35779318097048 1075.1345973315183 196.60452428646386 782.11015594610944
leaf_count=226842 54654 545 29922 19300 25252 3258 10344
internal_value=-0.000190194 0.000991807 -0.00687948 0.00169523 -0.00461007 -0.00775522 0.000541659
internal_weight=23274.1 18350.2 1491.26 16859 4923.87 3066.62 1857.24
internal_count=370117 276609 30467 246142 93508 57912 35596
is_linear=0
shrinkage=0.03


Tree=173
num_leaves=8
num_cat=0
split_feature=45 3 7 23 42 29 4
split_gain=127.911 117.534 119.991 85.0062 75.7509 63.0088 51.8228
threshold=1.0000000180025095e-35 15.500000000000002 37.750555555555557 1.0000000180025095e-35 1.0000000180025095e-35 58.750000000000007 4.5000000000000009
decision_type=2 2 2 2 2 2 2
left_child=1 2 -1 5 -3 -2 -5
right_child=3 4 -4 6 -6 -7 -8
leaf_value=0.0035264059118315159 -0.0087256593214604713 0.01738975911660199 -0.0025355349466227193 0.0053382696449274271 -0.0057322931094770978 0.0084083834139025131 -0.0046558726303884725
leaf_weight=11608.555764156627 2849.047939139884 127.29871190525591 3912.8340958759654 971.77973700873554 2712.6255816183984 197.97053961968049 886.07758360728621
leaf_count=155618 54654 951 69922 11392 50118 3258 24204
internal_value=-0.000184714 0.000961147 0.00199211 -0.00448916 -0.00463548 -0.00757099 0.000523695
internal_weight=23266.2 18361.3 15521.4 4904.88 2839.92 3047.02 1857.86
internal_count=370117 276609 225540 93508 51069 57912 35596
is_linear=0
shrinkage=0.03


Tree=174
num_leaves=8
num_cat=0
split_feature=17 30 20 43 61 52 52
split_gain=120.926 112.028 94.9146 43.2266 21.3457 14.9198 6.2265
threshold=9.1348484848484865 25.000000000000004 0.058279424723470814 1.0000000180025095e-35 0.12228750000000002 8.4023809523809536 7.8397435897435903
decision_type=2 2 2 2 2 2 2
left_child=1 3 -3 -1 6 -6 -2
right_child=4 2 -4 -5 5 -7 -8
leaf_value=0.0055007756398034718 0.013482180376730974 0.00067484252879052519 -0.0039870273436005896 -6.7735017746411316e-05 -0.025989855723586315 -0.011418085350192684 -0.0057900104084863411
leaf_weight=4101.6435719821602 16.49136911612004 10943.258880805224 6107.6137417908758 1760.7339394139126 168.43765682843514 172.21534061664715 45.631417538505048
leaf_count=50274 776 170141 96620 23300 19072 9205 1371
internal_value=-4.87616e-05 0.000235503 -0.000990439 0.00381433 -0.0162454 -0.0191553 0
internal_weight=23316 22913.3 17050.9 5862.38 402.776 340.653 62.1228
internal_count=370759 340335 266761 73574 30424 28277 2147
is_linear=0
shrinkage=0.03


Tree=175
num_leaves=8
num_cat=0
split_feature=54 43 16 48 12 23 31
split_gain=119.693 89.4645 79.4383 74.3848 46.0945 39.5887 30.2956
threshold=1.5000000000000002 1.0000000180025095e-35 3.2679487179487183 0.20156250000000003 0.26290855393674994 1.0000000180025095e-35 1.0000000180025095e-35
decision_type=2 2 2 2 2 2 2
left_child=3 2 -2 4 -1 -5 -3
right_child=1 6 -4 5 -6 -7 -8
leaf_value=-0.0010220902957515201 0.0078626235838750273 -0.013970615918101163 -0.00082875570783343426 0.0038218284287888662 0.006035182888036692 0.01153939609351512 -0.0043321576159349503
leaf_weight=3071.088153708959 1028.8495062105358 324.18215611111373 11160.401149895275 1356.0691619561985 1131.4746808744967 1151.1491851499304 4089.6707106323447
leaf_count=63089 11166 4275 186583 14523 12771 11864 66488
internal_value=-4.77928e-05 -0.00141812 -8.48449e-05 0.00332815 0.000861495 0.00741697 -0.00507544
internal_weight=23312.9 16603.1 12189.3 6709.78 4202.56 2507.22 4413.85
internal_count=370759 268512 197749 102247 75860 26387 70763
is_linear=0
shrinkage=0.03


Tree=176
num_leaves=8
num_cat=0
split_feature=17 54 3 49 28 41 63
split_gain=115.495 117.074 74.3728 56.9201 24.4335 16.059 5.16226
threshold=9.1348484848484865 1.5000000000000002 22.500000000000004 -0.23727540895682495 2675.0000000000005 0.27922077922077926 0.07326000678426052
decision_type=2 2 2 2 2 2 2
left_child=1 3 -3 -1 5 -2 -6
right_child=4 2 -4 -5 6 -7 -8
leaf_value=0 -0.020165601704216995 -0.00057554047635806772 -0.0086615183849811945 0.005765550948344445 0.017831162606484863 0.0023637900286133601 -0.00081007038002864232
leaf_weight=2446.269954724703 335.02322907024063 15251.930192262633 1096.0419436073862 4118.6673370178323 12.101155318319796 22.31697514699772 26.915200050920248
leaf_count=32338 28638 225897 23507 58593 465 563 758
internal_value=-4.63932e-05 0.000229144 -0.00112565 0.00361483 -0.0160035 -0.018497 0.00429567
internal_weight=23309.3 22912.9 16348 6564.94 396.357 357.34 39.0164
internal_count=370759 340335 249404 90931 30424 29201 1223
is_linear=0
shrinkage=0.03


Tree=177
num_leaves=8
num_cat=0
split_feature=45 3 48 29 23 13 1
split_gain=121.256 137.629 99.1809 85.0321 57.8434 47.4587 45.0259
threshold=1.0000000180025095e-35 10.500000000000002 0.022474747474747477 55.750000000000007 1.0000000180025095e-35 1914.5000000000002 0.40946348733233989
decision_type=2 2 2 2 2 2 2
left_child=1 2 -1 4 -2 -5 -3
right_child=3 6 -4 5 -6 -7 -8
leaf_value=-0.0013286416940704296 -0.010662862527587653 -0.0051521936978987286 0.004515551220636801 0.0029485517826573094 -0.0014263358098427661 -0.0077456711403908795 0.00039970004190869251
leaf_weight=3565.4544280697592 1809.0931561957113 3073.3508862515446 9551.857937081717 1622.414644879289 958.49571009818465 478.45742763392627 2244.1281429249793
leaf_count=88075 36029 61258 102904 29177 19928 8244 24897
internal_value=0.000150825 0.00126679 0.00292026 -0.00405336 -0.00750479 0.000457679 -0.00279405
internal_weight=23303.3 18434.8 13117.3 4868.46 2767.59 2100.87 5317.48
internal_count=370512 277134 190979 93378 55957 37421 86155
is_linear=0
shrinkage=0.03


Tree=178
num_leaves=8
num_cat=0
split_feature=45 26 7 29 42 49 13
split_gain=114.405 120.338 118.526 80.7753 78.2198 48.7745 44.8373
threshold=1.0000000180025095e-35 5.5000000000000009 37.750555555555557 55.750000000000007 1.0000000180025095e-35 1.1240823938992046 1914.5000000000002
decision_type=2 2 2 2 2 2 2
left_child=1 2 -1 5 -3 -2 -5
right_child=3 4 -4 6 -6 -7 -8
leaf_value=0.0033873636006874104 -0.010689195691998636 0.021285110692492663 -0.0023948903370832292 0.0028534321394013706 -0.0087221478253006988 -0.0024471638469087489 -0.0075629291625669065
leaf_weight=12760.313743947074 1614.1330288457684 76.58555887453258 4231.0769445751794 1626.3094969489612 1381.1190041727386 1136.4495800435543 475.4842980185058
leaf_count=171670 32252 532 75193 29177 29739 23705 8244
internal_value=0.000145576 0.0012275 0.00194193 -0.00394649 -0.00701671 -0.00732714 0.000441886
internal_weight=23301.5 18449.1 16991.4 4852.38 1457.7 2750.58 2101.79
internal_count=370512 277134 246863 93378 30271 55957 37421
is_linear=0
shrinkage=0.03


Tree=179
num_leaves=8
num_cat=0
split_feature=43 42 43 52 8 31 47
split_gain=111.062 111.854 375.03 162.264 59.8423 40.2071 8.97974
threshold=1.0000000180025095e-35 1.0000000180025095e-35 -1.0000000180025095e-35 1.0000000180025095e-35 0.042874519423288231 1.0000000180025095e-35 1.0000000180025095e-35
decision_type=2 2 2 2 2 2 2
left_child=1 2 -1 -3 6 -6 -2
right_child=4 3 -4 -5 5 -7 -8
leaf_value=-0.0091681673434092469 -0.012300072641073261 -0.010103953759605523 0.026972291720156322 0.0016379034079966558 -0.011438357715261895 -0.0012905845603342274 -0.004803471604765624
leaf_weight=456.2176100788638 656.28753334493376 1135.1345990083646 577.2928017731756 14724.363221810199 376.52864389959723 5120.5734112851787 253.92836664523929
leaf_count=3503 19472 46773 3394 215660 4700 71819 5191
internal_value=0.000140567 0.00141985 0.010965 0.000788894 -0.00321673 -0.00201179 -0.0103447
internal_weight=23300.3 16893 1033.51 15859.5 6407.32 5497.1 910.216
internal_count=370512 269330 6897 262433 101182 76519 24663
is_linear=0
shrinkage=0.03


Tree=180
num_leaves=8
num_cat=0
split_feature=25 32 7 53 33 11 42
split_gain=128.197 100.715 96.5416 61.2014 58.2174 38.7704 37.3021
threshold=451.00000000000006 3.5000000000000004 37.772902097902104 0.0033333333333333275 -1.0000000180025095e-35 0.048953331264036233 1.5000000000000002
decision_type=2 2 2 2 2 2 2
left_child=3 2 -2 6 -3 -5 -1
right_child=1 4 -4 5 -6 -7 -8
leaf_value=0.0058395277377390935 0.0040825143381765369 0.0096819709680631538 -0.0015228764079022522 -0.0088607636862443086 -0.0035771636835119649 -0.0016488555107458762 -0.017380049677419646
leaf_weight=63.764919817447662 10017.578028422315 312.98450401052833 3788.2701702802442 834.83451800979674 4181.1239012731239 3629.0807475675829 431.0349861739669
leaf_count=647 140479 4515 67741 19650 62444 51765 23425
internal_value=0.000101639 0.00126495 0.00253791 -0.00417034 -0.00262402 -0.00302616 -0.0141792
internal_weight=23258.7 18300 13805.8 4958.72 4494.11 4463.92 494.8
internal_count=370666 275179 208220 95487 66959 71415 24072
is_linear=0
shrinkage=0.03


Tree=181
num_leaves=8
num_cat=0
split_feature=43 17 52 47 49 0 47
split_gain=116.232 105.607 115.287 50.8117 34.0962 30.9669 26.5206
threshold=225.00000000000003 2.0645833333333337 1.8897569444444446 1.0000000180025095e-35 -1.0000000180025095e-35 0.025978407557354928 -0.075498575498575485
decision_type=2 2 2 2 2 2 2
left_child=1 4 -3 6 -1 -5 -2
right_child=3 2 -4 5 -6 -7 -8
leaf_value=0.0008906773159800648 -0.001638792831615199 -0.0081967307636334249 0.00079137778247671603 0.0068434610585239846 0.0094354568472996593 -0.0043669177546344796 -0.011126484239955086
leaf_weight=608.00858688354492 366.30492729321122 1383.2992673793342 17104.574710282963 339.38523319736123 1568.3646033285186 614.34954512212425 1273.7384472277481
leaf_count=6187 6080 53427 251451 4568 16691 8272 23990
internal_value=9.79156e-05 0.00085354 0.000111969 -0.00587746 0.00709709 -0.00026896 -0.00907353
internal_weight=23258 20664.2 18487.9 2593.78 2176.37 953.735 1640.04
internal_count=370666 327756 304878 42910 22878 12840 30070
is_linear=0
shrinkage=0.03


Tree=182
num_leaves=8
num_cat=0
split_feature=43 17 52 47 49 47 3
split_gain=109.874 98.8541 109.167 48.4322 31.6423 25.3638 23.9756
threshold=225.00000000000003 2.0645833333333337 1.8897569444444446 1.0000000180025095e-35 -1.0000000180025095e-35 -0.075498575498575485 15.500000000000002
decision_type=2 2 2 2 2 2 2
left_child=1 4 -3 5 -1 -2 -5
right_child=3 2 -4 6 -6 -7 -8
leaf_value=0.0008636550109883661 -0.0015923874913878996 -0.0080060834131943735 0.00076717172820813982 0.0019513625005448444 0.0090925750813610432 -0.010891025328322514 -0.010056990053907497
leaf_weight=608.37201559916139 365.823520491831 1374.0141188444104 17114.933397567831 773.78336855815724 1578.7101423218846 1262.5180325200781 179.65356254717335
leaf_count=6187 6080 53427 251451 9495 16691 23990 3345
internal_value=9.46032e-05 0.000827482 0.000108329 -0.00573008 0.00685182 -0.00886836 -0.000258098
internal_weight=23257.8 20676 18488.9 2581.78 2187.08 1628.34 953.437
internal_count=370666 327756 304878 42910 22878 30070 12840
is_linear=0
shrinkage=0.03


Tree=183
num_leaves=8
num_cat=0
split_feature=31 31 48 1 0 44 8
split_gain=132.983 106.418 240.917 124.815 30.3798 15.3079 13.0841
threshold=1.0000000180025095e-35 2.5000000000000004 1.0000000180025095e-35 0.39339826839826847 0.44097222222222227 1.0000000180025095e-35 0.11960613238032358
decision_type=2 2 2 2 2 2 2
left_child=4 2 -2 -3 6 -6 -1
right_child=1 3 -4 -5 5 -7 -8
leaf_value=-0.014220256026727104 -0.0043123639408399091 -0.0042448058138236924 0.0060386753628878138 0.0017256782469950995 0.0054978126344407329 -0.01062779446182144 -0.0059295290002555883
leaf_weight=711.12353352690116 2921.064826753689 6583.3129137258511 6511.2205092851073 6010.8719086186029 155.4381727296859 74.041528197005391 297.14566879719496
leaf_count=10963 91345 127015 76451 60064 1261 711 2661
internal_value=-0.000123622 0.000411068 0.00282296 -0.00138855 -0.00967454 0 -0.011907
internal_weight=23264.2 22026.5 9432.29 12594.2 1237.75 229.48 1008.27
internal_count=370471 354875 167796 187079 15596 1972 13624
is_linear=0
shrinkage=0.03


Tree=184
num_leaves=8
num_cat=0
split_feature=31 54 48 41 0 44 32
split_gain=126.211 103.421 99.8992 62.5658 29.0768 14.5006 12.8887
threshold=1.0000000180025095e-35 2.5000000000000004 1.0000000180025095e-35 0.84523809523809534 0.44097222222222227 1.0000000180025095e-35 1.5000000000000002
decision_type=2 2 2 2 2 2 2
left_child=4 2 -2 -3 6 -6 -1
right_child=1 3 -4 -5 5 -7 -8
leaf_value=-0.0083352271156385063 -0.00249610801705129 -0.00229855439368309 0.0038431413626842312 0.010720526324435667 0.0053196917867725079 -0.010403798792218057 -0.015989312881629043
leaf_weight=584.43740930408239 2948.5264533134177 9682.937737478409 9060.7610656581819 337.01304446998984 155.98245537281036 73.482804160565138 414.50290708104149
leaf_count=8029 79777 162932 108818 3348 1261 711 5595
internal_value=-0.000120529 0.000398334 0.00227884 -0.00184656 -0.00946226 0 -0.0116647
internal_weight=23257.6 22029.2 12009.3 10020 1228.41 229.465 998.94
internal_count=370471 354875 188595 166280 15596 1972 13624
is_linear=0
shrinkage=0.03


Tree=185
num_leaves=8
num_cat=0
split_feature=54 48 42 3 41 16 13
split_gain=110.606 83.7486 113.252 83.9604 60.0978 55.6801 19.5903
threshold=2.5000000000000004 1.0000000180025095e-35 1.0000000180025095e-35 7.5000000000000009 0.5634920634920636 2.6525862068965522 2196.5000000000005
decision_type=2 2 2 2 2 2 2
left_child=1 2 -1 -3 5 -2 -6
right_child=4 3 -4 -5 6 -7 -8
leaf_value=0.016527868424075068 0.0077162439220800618 0.0054473072160045582 -0.0042822247255012618 -0.00033154997159987677 0.0061980109474683402 -0.0036101446014073224 -0.0030909429894296291
leaf_weight=250.84052340872586 398.52360622538254 5782.6811889521778 2790.4777687815949 3668.0458665760234 895.72315084841102 9220.537446227856 246.64983163960278
leaf_count=1478 4509 62798 79725 50141 9892 159201 2727
internal_value=-0.000117371 0.00179859 -0.002512 0.00319589 -0.00234962 -0.00312777 0.00410926
internal_weight=23253.5 12492 3041.32 9450.73 10761.4 9619.06 1142.37
internal_count=370471 194142 81203 112939 176329 163710 12619
is_linear=0
shrinkage=0.03


Tree=186
num_leaves=8
num_cat=0
split_feature=5 57 9 7 9 7 48
split_gain=113.478 105.101 78.9887 53.9933 28.0329 18.3883 15.6338
threshold=10.583333333333334 309.00000000000006 0.38601706461998514 36.100961538461547 0.14843912422037425 36.380384615384621 0.3816526610644258
decision_type=2 2 2 2 2 2 2
left_child=1 3 -3 -1 6 -6 -2
right_child=4 2 -4 -5 5 -7 -8
leaf_value=0.0065651357555318365 -0.01824810843602406 -0.0018656906922918282 0.0037817271572115813 0.0011827000994548045 0.0008402694330933801 -0.0089716704739655519 -0.0018644183689383333
leaf_weight=3071.5684749700595 341.61438964423724 12560.693955427269 2697.6169269024394 3804.0524956509471 252.02354072546586 443.43204826000147 78.06610285397619
leaf_count=44508 25537 191793 19462 57996 9720 19357 2331
internal_value=4.74229e-05 0.000522605 -0.000860438 0.00360332 -0.00926418 -0.00530685 -0.0154703
internal_weight=23249.1 22133.9 15258.3 6875.62 1115.14 695.456 419.68
internal_count=370704 313759 211255 102504 56945 29077 27868
is_linear=0
shrinkage=0.03


Tree=187
num_leaves=8
num_cat=0
split_feature=5 57 31 7 42 41 43
split_gain=107.819 98.6577 76.4182 50.3392 26.528 24.6052 7.17511
threshold=10.583333333333334 309.00000000000006 1.0000000180025095e-35 36.100961538461547 1.5000000000000002 0.17424242424242428 -1.0000000180025095e-35
decision_type=2 2 2 2 2 2 2
left_child=1 3 -3 -1 6 -6 -2
right_child=4 2 -4 -5 5 -7 -8
leaf_value=0.0063363924936033367 0 -0.0089721295331549045 -0.00027413964612025898 0.0011461977930876614 -0.012914409717706432 -0.0019788830465742838 0.018711424044245098
leaf_weight=3086.9203304680996 25.541974601801485 968.18356219120324 14277.792315377155 3807.5471727077384 778.13547894195653 272.13722730986774 29.774937332607806
leaf_count=44508 640 11618 199637 57996 47253 8416 636
internal_value=4.55744e-05 0.000506856 -0.00083516 0.003486 -0.00907166 -0.010189 0.00973625
internal_weight=23246 22140.4 15246 6894.47 1105.59 1050.27 55.3169
internal_count=370704 313759 211255 102504 56945 55669 1276
is_linear=0
shrinkage=0.03


Tree=188
num_leaves=8
num_cat=0
split_feature=20 57 26 2 43 43 9
split_gain=109.812 86.3046 67.1521 51.3751 39.7085 34.1286 8.37115
threshold=0.058279424723470814 309.00000000000006 5.5000000000000009 7.6711711711711716 -34.999999999999993 55.000000000000007 0.28604755036669305
decision_type=2 2 2 2 2 2 2
left_child=1 4 -3 5 -1 -2 -5
right_child=3 2 -4 6 -6 -7 -8
leaf_value=0.0087146996393976436 -0.00069363364270300901 0.00072031626675308699 -0.0092717166622748055 -0.011551778325710742 0.0028134789414473315 -0.005138411695180446 0
leaf_weight=1699.801647878252 5556.8772318381816 9694.7606724575162 640.43501033075154 629.23384686163627 2770.6669061675202 2189.3871977832168 64.275038698222488
leaf_count=27288 78593 145078 14850 24054 47705 31937 1199
internal_value=4.3721e-05 0.00160416 8.8258e-05 -0.00268239 0.00508463 -0.00196401 -0.0105061
internal_weight=23245.4 14805.7 10335.2 8439.77 4470.47 7746.26 693.509
internal_count=370704 234921 159928 135783 74993 110530 25253
is_linear=0
shrinkage=0.03


Tree=189
num_leaves=8
num_cat=0
split_feature=25 3 4 32 53 42 4
split_gain=112.052 106.018 112.631 56.2274 52.0023 42.7236 34.2823
threshold=451.00000000000006 18.500000000000004 1.5000000000000002 3.5000000000000004 0.0033333333333333275 1.5000000000000002 3.5000000000000004
decision_type=2 2 2 2 2 2 2
left_child=4 2 -2 -3 5 -1 -6
right_child=1 3 -4 -5 6 -7 -8
leaf_value=0.0084104113911685555 -0.0025240516003123504 0.00060724457653610266 0.0033272482723395486 -0.0092540225518410804 -0.00016841772966535887 -0.016947288357468095 -0.0054806060330578965
leaf_weight=61.547010803595185 3876.7604404729791 858.33055196283385 12304.679224905325 1253.8388323169202 2130.9484812030569 414.71936620259658 2322.142451534979
leaf_count=615 45899 16004 188057 24977 20821 23491 50563
internal_value=4.1857e-06 0.00108995 0.00191948 -0.00521218 -0.00400403 -0.01343 -0.00296178
internal_weight=23223 18293.6 16181.4 2112.17 4929.36 476.266 4453.09
internal_count=370427 274937 233956 40981 95490 24106 71384
is_linear=0
shrinkage=0.03


Tree=190
num_leaves=8
num_cat=0
split_feature=12 49 20 0 1 53 37
split_gain=109.773 114.838 77.8173 55.0871 53.6826 30.5128 25.3117
threshold=0.26013044155463971 -0.38904644268774718 0.058279424723470814 0.01941930618401207 0.37066905615292717 0.28217354110021137 3.7543103448275867
decision_type=2 2 2 2 2 2 2
left_child=1 4 -3 5 -1 -2 -5
right_child=3 2 -4 6 -6 -7 -8
leaf_value=-0.0078386043359512485 0.004540264369289628 0.0019513630386199226 -0.003071138514963853 0.004540199185440439 -0.00075300685606480527 0.011872911557036786 -0.00087365718576748897
leaf_weight=2896.6015062956139 2305.4547497758176 7950.0761583226267 4256.5589623269625 1106.8798098228872 1485.7894909661263 691.79109655506909 2527.212072619237
leaf_count=59393 26589 142577 78897 8731 15780 7815 30645
internal_value=3.32429e-06 -0.00129695 0.000192063 0.0032682 -0.00546044 0.00627964 0.000754548
internal_weight=23220.4 16589 12206.6 6631.34 4382.39 2997.25 3634.09
internal_count=370427 296647 221474 73780 75173 34404 39376
is_linear=0
shrinkage=0.03


Tree=191
num_leaves=8
num_cat=0
split_feature=25 26 43 29 53 12 13
split_gain=105.187 98.3351 83.8864 64.7799 49.8368 38.3993 26.2295
threshold=451.00000000000006 5.5000000000000009 1.0000000180025095e-35 58.250000000000007 0.0017089018008135534 0.17312840444644867 2708.5000000000005
decision_type=2 2 2 2 2 2 2
left_child=4 2 -2 -3 6 -6 -1
right_child=1 3 -4 -5 5 -7 -8
leaf_value=-0.015946028457795199 0.0030680737520666422 -0.0088495650237756969 -0.0016706831449067527 0.0062023894086209157 -0.0082347558266454464 -0.0014051644418100033 0.0056418359382686941
leaf_weight=403.03065390256234 12039.907562324312 1325.9352167183533 4633.2497096010484 307.95989785110578 953.56515798764303 3504.9900931837037 48.634567844681442
leaf_count=22408 173019 30312 67280 4326 22625 48992 1465
internal_value=2.97069e-06 0.00105278 0.00174573 -0.00594736 -0.00388986 -0.00289358 -0.0133881
internal_weight=23217.3 18307.1 16673.2 1633.9 4910.22 4458.56 451.665
internal_count=370427 274937 240299 34638 95490 71617 23873
is_linear=0
shrinkage=0.03


Tree=192
num_leaves=8
num_cat=0
split_feature=30 4 4 43 30 7 12
split_gain=119.27 86.6529 163.704 46.8207 42.9082 41.2922 14.6386
threshold=27.000000000000004 1.5000000000000002 2.5000000000000004 225.00000000000003 19.000000000000004 37.57247474747475 0.24300805451326185
decision_type=2 2 2 2 2 2 2
left_child=3 5 -3 4 -1 -2 -5
right_child=1 2 -4 6 -6 -7 -8
leaf_value=0.0087071183608431503 -0.0045234592367932721 0.0067953185966781442 -0.0020371662468271763 -0.0063213073456906835 0.0027180771708054164 -0.014778465661161012 0.00074362200347836071
leaf_weight=1373.7078415052965 2773.1400601137429 2326.168722435832 9919.9677141853608 534.07758274208754 5402.093312560115 415.35111314058304 475.93886468466371
leaf_count=15647 40530 17881 201728 9854 75324 4389 5412
internal_value=1.74252e-05 -0.00150565 -0.00034999 0.00304736 0.00395108 -0.00590856 -0.00291625
internal_weight=23220.4 15434.6 12246.1 7785.82 6775.8 3188.49 1010.02
internal_count=370765 264528 219609 106237 90971 44919 15266
is_linear=0
shrinkage=0.03


Tree=193
num_leaves=8
num_cat=0
split_feature=45 2 57 1 1 0 53
split_gain=109.23 106.321 71.5728 69.5999 64.7882 47.9002 39.796
threshold=1.0000000180025095e-35 3.8473193473193477 304.00000000000006 0.23132664437012265 0.19625350140056025 0.059411764705882358 0.016264949307228747
decision_type=2 2 2 2 2 2 2
left_child=1 2 -1 6 -3 -5 -2
right_child=3 4 -4 5 -6 -7 -8
leaf_value=0.010464436528901 -0.017216113056166552 -0.005236937563113748 0.0024875278350442957 0.006454487743714322 0.00037962278232464027 -0.0030096484582541974 -0.005857171869397779
leaf_weight=1208.790910997428 328.17701101722196 2368.2982681544963 6544.4528716483619 681.66361972037703 8254.4541890306864 1600.8556314972229 2229.8063350655138
leaf_count=16536 15349 66913 82337 8507 111500 23500 46123
internal_value=1.65187e-05 0.00107667 0.00374873 -0.00398651 -0.000865972 -0.000135955 -0.00738033
internal_weight=23216.5 18376 7753.24 4840.5 10622.8 2282.52 2557.98
internal_count=370765 277286 98873 93479 178413 32007 61472
is_linear=0
shrinkage=0.03


Tree=194
num_leaves=8
num_cat=0
split_feature=30 41 42 31 11 1 3
split_gain=111.856 83.0496 98.8295 76.6587 44.7857 43.016 27.3796
threshold=27.000000000000004 0.23611111111111113 1.5000000000000002 2.5000000000000004 0.10020901096458125 0.36451048951048953 14.500000000000002
decision_type=2 2 2 2 2 2 2
left_child=4 2 -2 -3 5 -1 -6
right_child=1 3 -4 -5 6 -7 -8
leaf_value=-0.00026347837240596749 0.0055761873077449856 0.005987837443558003 -0.0041314493992111231 -0.0012888859502803323 0.0080931817338901896 0.0051460458594652951 -0.0026573147771372556
leaf_weight=3802.9058729899116 1044.1167416828685 2103.0796133931726 8889.8017822511028 3373.3266973234713 1771.7815886670724 2000.4040217855945 226.20325816329569
leaf_count=68288 9970 22584 187096 44878 15550 19608 2791
internal_value=1.56028e-05 -0.00146217 -0.00309977 0.00149206 0.00294532 0.00158852 0.00682753
internal_weight=23211.6 15410.3 9933.92 5476.41 7801.29 5803.31 1997.98
internal_count=370765 264528 197066 67462 106237 87896 18341
is_linear=0
shrinkage=0.03


Tree=195
num_leaves=8
num_cat=0
split_feature=17 43 30 47 61 41 43
split_gain=96.4803 97.0764 90.055 37.8438 32.2201 16.6338 12.1305
threshold=9.2573529411764728 205.00000000000003 19.000000000000004 1.0000000180025095e-35 0.10960795454545456 0.15476190476190479 -204.99999999999997
decision_type=2 2 2 2 2 2 2
left_child=1 2 -1 -3 6 -6 -2
right_child=4 3 -4 -5 5 -7 -8
leaf_value=0.0083776701024659804 0.024733276262154082 -0.0080807527817423237 0.00042658720026970287 -0.00037248380505728847 -0.021468127600272498 0.0013194458549214928 -0.0028879117646291963
leaf_weight=1373.2612399377394 13.500396967865525 1586.4366978572216 18954.330353885191 936.15419398713857 273.18014727742411 23.349969634786248 44.217055866029114
leaf_count=14837 277 27658 285854 12532 26377 671 1633
internal_value=3.07933e-05 0.00027713 0.000970089 -0.00526215 -0.0153909 -0.0193831 0.00359455
internal_weight=23204.4 22850.2 20327.6 2522.59 354.248 296.53 57.7175
internal_count=369839 340881 300691 40190 28958 27048 1910
is_linear=0
shrinkage=0.03


Tree=196
num_leaves=8
num_cat=0
split_feature=45 2 43 28 4 20 8
split_gain=104.598 90.2515 87.5737 78.7999 73.2788 50.5305 23.5656
threshold=1.0000000180025095e-35 5.0096153846153859 -1004.9999999999999 1175.0000000000002 1.5000000000000002 -0.57449833362431846 0.045046722075761547
decision_type=2 2 2 2 2 2 2
left_child=1 4 6 -4 -1 -3 -2
right_child=2 5 3 -5 -6 -7 -8
leaf_value=-0.00078674256089861509 -0.0056441428866691006 0.019814690832105002 0.008544774706471572 -0.007299004453533234 0.0044029292625556151 -0.0018615064302169985 0.0059094088572702805
leaf_weight=3557.8189460360445 183.12861096370034 92.543571908958256 298.1222956343554 3488.8437279446516 7654.8484446303919 7073.9756219519768 853.29315478587523
leaf_count=40824 4635 1801 5321 70921 91577 142491 12269
internal_value=2.95894e-05 0.00106548 -0.00389598 -0.00601837 0.00274859 -0.00155543 0.00376426
internal_weight=23202.6 18379.2 4823.39 3786.97 11212.7 7166.52 1036.42
internal_count=369839 276693 93146 76242 132401 144292 16904
is_linear=0
shrinkage=0.03


Tree=197
num_leaves=8
num_cat=0
split_feature=45 37 4 17 1 31 49
split_gain=98.6515 100.852 78.9756 73.6504 71.0964 44.0825 35.3185
threshold=1.0000000180025095e-35 3.5045454545454553 1.5000000000000002 1.9591666666666667 0.15849282296650721 2.5000000000000004 1.2145470471143631
decision_type=2 2 2 2 2 2 2
left_child=1 2 -1 -3 6 -6 -2
right_child=4 3 -4 -5 5 -7 -8
leaf_value=0.00093640171162660932 -0.010514263317586425 0.0062116594067911342 0.0083464898207206324 -0.0011346505733016248 0.0055837456858486793 -0.0029459839507280177 -0.0022519885520739429
leaf_weight=2698.7512192940339 1448.9375459016301 1364.5267749419436 2540.8888784109149 11786.727938369382 763.49080519005656 1859.9285020553507 735.20403857575729
leaf_count=33280 34028 14387 23443 205583 9807 29646 19665
internal_value=2.85117e-05 0.00103276 0.00455151 -0.000363512 -0.00379154 -0.000423445 -0.00778571
internal_weight=23198.5 18390.9 5239.64 13151.3 4807.56 2623.42 2184.14
internal_count=369839 276693 56723 219970 93146 39453 53693
is_linear=0
shrinkage=0.03


Tree=198
num_leaves=8
num_cat=0
split_feature=20 57 28 37 42 48 11
split_gain=102.697 82.5146 69.2575 60.9464 41.0864 35.7007 32.4188
threshold=0.058279424723470814 309.00000000000006 1175.0000000000002 4.7161172161172171 1.0000000180025095e-35 0.54006410256410264 0.11475632210490737
decision_type=2 2 2 2 2 2 2
left_child=1 4 -3 6 -1 -5 -2
right_child=3 2 -4 5 -6 -7 -8
leaf_value=0.016712777788969235 -0.0011643868602234475 0.029673154959894407 -0.00020977189556435136 -0.0060220130965369864 0.0041267070283734254 0.0020338507420548119 0.0060793121890780925
leaf_weight=248.96216865815222 3187.627468601102 65.280149217462167 10229.666111710016 3989.1618312161881 4257.2803380715195 544.54404891468585 667.90318733965978
leaf_count=1746 40481 1647 158077 82817 73553 6677 5602
internal_value=-2.2409e-05 0.00147655 0 -0.00267706 0.00485977 -0.00503342 7.33928e-05
internal_weight=23190.4 14801.2 10294.9 8389.24 4506.24 4533.71 3855.53
internal_count=370600 235023 159724 135577 75299 89494 46083
is_linear=0
shrinkage=0.03


Tree=199
num_leaves=8
num_cat=0
split_feature=48 12 49 0 26 43 48
split_gain=99.5826 102.682 94.5047 43.6538 16.9204 12.0622 7.16217
threshold=0.67204301075268824 0.31580171358629133 -0.38904644268774718 0.054299754299754303 4.5000000000000009 25.000000000000004 0.87867647058823539
decision_type=2 2 2 2 2 2 2
left_child=1 2 -1 -3 5 -2 -6
right_child=4 3 -4 -5 6 -7 -8
leaf_value=-0.0044382879716560551 0.015027547520613305 0.0094477208508205283 0.00015533998199450914 0.0015964475257947426 -0.001785449509173663 0.0053022690434901178 0.016978703983523316
leaf_weight=5616.880411101738 465.18684674613178 1177.3844538687263 14118.604985908139 1460.7407478038222 126.90911031514406 205.97661640495062 15.922348368912933
leaf_count=89290 4355 12084 246337 14342 1857 2120 215
internal_value=-2.12404e-05 -0.000401131 -0.00114828 0.00514573 0.0102493 0.0122373 0.000201022
internal_weight=23187.6 22373.6 19735.5 2638.13 813.995 671.163 142.831
internal_count=370600 362053 335627 26426 8547 6475 2072
is_linear=0
shrinkage=0.03


end of trees

feature_importances:
prev_finish_category=115
horse_last_finish=98
horse_avg_c4_gap=86
horse_front_runner_rate=84
horse_last3_avg_finish=65
jockey_top3_rate=61
distance_change=59
surface_switch_flag=57
heavy_track_fit=55
horse_total_races=49
horse_c4_gap_avg=49
jockey_win_rate=47
post_style_conflict=44
horse_top3_rate=43
race_class=39
horse_avg_finish=35
age=32
front_runner_competition=32
trainer_top3_rate=31
trainer_win_rate=25
track_condition_encoded=25
field_size=23
venue_expected_pace=22
course_final_straight_m=20
horse_win_rate=19
horse_avg_c4_pos=19
style_straight_match=19
horse_weight=18
distance_m=18
horse_last3f_rank_avg=17
basis_weight=13
horse_position_improvement_avg=11
horse_last3f_avg=9
bracket_bias=9
prev_race_class=9
track_surface_encoded=8
straight_ratio=8
distance_extend_flag=7
trainer_races=4
pace_style_match_score=4
horse_running_style=3
race_front_runner_count=3
horse_days_since_last=2
class_change=2
course_start_to_corner_m=2

parameters:
[boosting: gbdt]
[objective: binary]
[metric: auc]
[tree_learner: serial]
[device_type: cpu]
[data_sample_strategy: bagging]
[data: ]
[valid: ]
[num_iterations: 200]
[learning_rate: 0.03]
[num_leaves: 20]
[num_threads: 0]
[seed: 0]
[deterministic: 0]
[force_col_wise: 0]
[force_row_wise: 0]
[histogram_pool_size: -1]
[max_depth: 3]
[min_data_in_leaf: 100]
[min_sum_hessian_in_leaf: 0.001]
[bagging_fraction: 0.7]
[pos_bagging_fraction: 1]
[neg_bagging_fraction: 1]
[bagging_freq: 3]
[bagging_seed: 3]
[bagging_by_query: 0]
[feature_fraction: 0.7]
[feature_fraction_bynode: 1]
[feature_fraction_seed: 2]
[extra_trees: 0]
[extra_seed: 6]
[early_stopping_round: 0]
[early_stopping_min_delta: 0]
[first_metric_only: 0]
[max_delta_step: 0]
[lambda_l1: 3]
[lambda_l2: 5]
[linear_lambda: 0]
[min_gain_to_split: 0]
[drop_rate: 0.1]
[max_drop: 50]
[skip_drop: 0.5]
[xgboost_dart_mode: 0]
[uniform_drop: 0]
[drop_seed: 4]
[top_rate: 0.2]
[other_rate: 0.1]
[min_data_per_group: 100]
[max_cat_threshold: 32]
[cat_l2: 10]
[cat_smooth: 10]
[max_cat_to_onehot: 4]
[top_k: 20]
[monotone_constraints: ]
[monotone_constraints_method: basic]
[monotone_penalty: 0]
[feature_contri: ]
[forcedsplits_filename: ]
[refit_decay_rate: 0.9]
[cegb_tradeoff: 1]
[cegb_penalty_split: 0]
[cegb_penalty_feature_lazy: ]
[cegb_penalty_feature_coupled: ]
[path_smooth: 0]
[interaction_constraints: ]
[verbosity: -1]
[saved_feature_importance_type: 0]
[use_quantized_grad: 0]
[num_grad_quant_bins: 4]
[quant_train_renew_leaf: 0]
[stochastic_rounding: 1]
[linear_tree: 0]
[max_bin: 255]
[max_bin_by_feature: ]
[min_data_in_bin: 3]
[bin_construct_sample_cnt: 200000]
[data_random_seed: 1]
[is_enable_sparse: 1]
[enable_bundle: 1]
[use_missing: 1]
[zero_as_missing: 0]
[feature_pre_filter: 1]
[pre_partition: 0]
[two_round: 0]
[header: 0]
[label_column: ]
[weight_column: ]
[group_column: ]
[ignore_column: ]
[categorical_feature: ]
[forcedbins_filename: ]
[precise_float_parser: 0]
[parser_config_file: ]
[objective_seed: 5]
[num_class: 1]
[is_unbalance: 0]
[scale_pos_weight: 1]
[sigmoid: 1]
[boost_from_average: 1]
[reg_sqrt: 0]
[alpha: 0.9]
[fair_c: 1]
[poisson_max_delta_step: 0.7]
[tweedie_variance_power: 1.5]
[lambdarank_truncation_level: 30]
[lambdarank_norm: 1]
[label_gain: ]
[lambdarank_position_bias_regularization: 0]
[eval_at: ]
[multi_error_top_k: 1]
[auc_mu_weights: ]
[num_machines: 1]
[local_listen_port: 12400]
[time_out: 120]
[machine_list_filename: ]
[machines: ]
[gpu_platform_id: -1]
[gpu_device_id: -1]
[gpu_use_dp: 0]
[num_gpu: 1]

end of parameters

pandas_categorical:[]
