race_id,year,top1_pop,top2_pop,top3_pop,top1_odds,top2_odds,top3_odds,tansho_hit,tansho_odds,fukusho_hit,fukusho_odds,wide_hit,wide_odds,umaren_hit,umaren_odds,umatan_hit,umatan_odds,sanrenpuku_hit,sanrenpuku_odds,sanrentan_hit,sanrentan_odds,top1_pop_group,odds_band
202401010101,2024,3.0,1.0,2.0,7.9,1.2,5.9,False,0.0,True,2.6333333333333333,True,3.033333333333333,False,0.0,False,0.0,False,0.0,False,0.0,3-5人気,5-10倍
202401010102,2024,3.0,2.0,6.0,5.7,3.9,9.4,False,0.0,False,0.0,False,0.0,False,0.0,False,0.0,False,0.0,False,0.0,3-5人気,5-10倍
202401010103,2024,2.0,5.0,3.0,3.6,9.7,6.8,True,3.6,True,1.2,False,0.0,False,0.0,False,0.0,False,0.0,False,0.0,1-2人気,2-5倍
202401010104,2024,4.0,3.0,1.0,5.0,4.8,4.3,True,5.0,True,1.6666666666666667,False,0.0,False,0.0,False,0.0,False,0.0,False,0.0,3-5人気,2-5倍
202401010105,2024,2.0,1.0,3.0,5.3,3.0,5.3,False,0.0,False,0.0,False,0.0,False,0.0,False,0.0,False,0.0,False,0.0,1-2人気,5-10倍
202401010106,2024,5.0,3.0,6.0,10.4,6.8,10.9,False,0.0,False,0.0,False,0.0,False,0.0,False,0.0,False,0.0,False,0.0,3-5人気,10-20倍
202401010107,2024,3.0,5.0,6.0,4.8,9.1,17.4,False,0.0,True,1.5999999999999999,False,0.0,False,0.0,False,0.0,False,0.0,False,0.0,3-5人気,2-5倍
202401010108,2024,3.0,2.0,6.0,3.7,3.5,18.8,False,0.0,True,1.2333333333333334,True,2.4,False,0.0,False,0.0,False,0.0,False,0.0,3-5人気,2-5倍
202401010109,2024,6.0,5.0,3.0,17.1,7.8,5.0,True,17.1,True,5.7,False,0.0,False,0.0,False,0.0,False,0.0,False,0.0,6-10人気,10-20倍
202401010110,2024,3.0,5.0,4.0,4.4,9.5,5.4,False,0.0,False,0.0,False,0.0,False,0.0,False,0.0,False,0.0,False,0.0,3-5人気,2-5倍
202401010111,2024,1.0,2.0,12.0,4.5,5.0,49.3,True,4.5,True,1.5,False,0.0,False,0.0,False,0.0,False,0.0,False,0.0,1-2人気,2-5倍
202401010112,2024,3.0,5.0,2.0,5.3,7.8,4.2,False,0.0,False,0.0,False,0.0,False,0.0,False,0.0,False,0.0,False,0.0,3-5人気,5-10倍
202401010201,2024,5.0,3.0,2.0,19.6,7.0,2.4,False,0.0,False,0.0,False,0.0,False,0.0,False,0.0,False,0.0,False,0.0,3-5人気,10-20倍
202401010202,2024,1.0,7.0,3.0,3.2,14.7,6.0,False,0.0,True,1.0666666666666667,False,0.0,False,0.0,False,0.0,False,0.0,False,0.0,1-2人気,2-5倍
202401010203,2024,5.0,2.0,1.0,15.8,4.4,2.7,False,0.0,False,0.0,False,0.0,False,0.0,False,0.0,False,0.0,False,0.0,3-5人気,10-20倍
202401010204,2024,4.0,5.0,2.0,5.5,7.0,4.2,False,0.0,False,0.0,False,0.0,False,0.0,False,0.0,False,0.0,False,0.0,3-5人気,5-10倍
202401010205,2024,4.0,2.0,5.0,6.7,5.7,7.7,False,0.0,False,0.0,False,0.0,False,0.0,False,0.0,False,0.0,False,0.0,3-5人気,5-10倍
202401010206,2024,5.0,9.0,2.0,7.4,26.8,4.5,False,0.0,False,0.0,False,0.0,False,0.0,False,0.0,False,0.0,False,0.0,3-5人気,5-10倍
202401010207,2024,7.0,1.0,5.0,32.5,3.0,9.6,False,0.0,False,0.0,False,0.0,False,0.0,False,0.0,False,0.0,False,0.0,6-10人気,20-50倍
202401010208,2024,6.0,2.0,4.0,11.8,4.0,7.2,False,0.0,False,0.0,False,0.0,False,0.0,False,0.0,False,0.0,False,0.0,6-10人気,10-20倍
202401010209,2024,5.0,11.0,1.0,27.1,138.0,2.3,False,0.0,False,0.0,False,0.0,False,0.0,False,0.0,False,0.0,False,0.0,3-5人気,20-50倍
202401010210,2024,3.0,2.0,5.0,5.2,4.0,14.6,False,0.0,False,0.0,False,0.0,False,0.0,False,0.0,False,0.0,False,0.0,3-5人気,5-10倍
202401010211,2024,5.0,2.0,1.0,7.2,3.8,3.4,False,0.0,False,0.0,False,0.0,False,0.0,False,0.0,False,0.0,False,0.0,3-5人気,5-10倍
202401010212,2024,2.0,5.0,11.0,5.5,6.6,32.0,False,0.0,False,0.0,False,0.0,False,0.0,False,0.0,False,0.0,False,0.0,1-2人気,5-10倍
202401010301,2024,2.0,1.0,5.0,6.7,1.2,16.1,False,0.0,True,2.2333333333333334,False,0.0,False,0.0,False,0.0,False,0.0,False,0.0,1-2人気,5-10倍
202401010302,2024,6.0,4.0,3.0,21.0,7.3,5.3,False,0.0,False,0.0,False,0.0,False,0.0,False,0.0,False,0.0,False,0.0,6-10人気,20-50倍
202401010303,2024,1.0,3.0,2.0,3.2,5.9,5.4,True,3.2,True,1.0666666666666667,False,0.0,False,0.0,False,0.0,False,0.0,False,0.0,1-2人気,2-5倍
202401010304,2024,2.0,11.0,13.0,2.9,53.1,105.6,False,0.0,True,0.9666666666666667,False,0.0,False,0.0,False,0.0,False,0.0,False,0.0,1-2人気,2-5倍
202401010305,2024,1.0,5.0,4.0,3.2,16.5,6.1,True,3.2,True,1.0666666666666667,False,0.0,False,0.0,False,0.0,False,0.0,False,0.0,1-2人気,2-5倍
202401010306,2024,1.0,6.0,10.0,2.9,14.8,160.7,False,0.0,True,0.9666666666666667,False,0.0,False,0.0,False,0.0,False,0.0,False,0.0,1-2人気,2-5倍
202401010307,2024,2.0,3.0,6.0,3.3,4.2,15.0,False,0.0,True,1.0999999999999999,False,0.0,False,0.0,False,0.0,False,0.0,False,0.0,1-2人気,2-5倍
202401010308,2024,1.0,3.0,9.0,2.0,8.4,28.3,True,2.0,True,0.6666666666666666,True,3.466666666666667,False,0.0,False,0.0,False,0.0,False,0.0,1-2人気,1-2倍
202401010309,2024,4.0,1.0,2.0,5.2,2.0,4.3,False,0.0,False,0.0,False,0.0,False,0.0,False,0.0,False,0.0,False,0.0,3-5人気,5-10倍
202401010310,2024,3.0,2.0,4.0,7.7,4.3,9.8,False,0.0,True,2.566666666666667,False,0.0,False,0.0,False,0.0,False,0.0,False,0.0,3-5人気,5-10倍
202401010311,2024,4.0,2.0,3.0,7.5,4.6,6.3,False,0.0,False,0.0,False,0.0,False,0.0,False,0.0,False,0.0,False,0.0,3-5人気,5-10倍
202401010312,2024,5.0,3.0,12.0,11.1,4.1,93.0,False,0.0,False,0.0,False,0.0,False,0.0,False,0.0,False,0.0,False,0.0,3-5人気,10-20倍
202401010401,2024,7.0,2.0,1.0,22.0,3.8,2.4,False,0.0,True,7.333333333333333,False,0.0,False,0.0,False,0.0,False,0.0,False,0.0,6-10人気,20-50倍
202401010402,2024,2.0,10.0,6.0,4.4,27.7,10.7,False,0.0,True,1.4666666666666668,False,0.0,False,0.0,False,0.0,False,0.0,False,0.0,1-2人気,2-5倍
202401010403,2024,2.0,6.0,1.0,3.8,17.1,2.6,False,0.0,True,1.2666666666666666,False,0.0,False,0.0,False,0.0,False,0.0,False,0.0,1-2人気,2-5倍
202401010404,2024,2.0,7.0,6.0,5.1,14.4,12.1,False,0.0,False,0.0,False,0.0,False,0.0,False,0.0,False,0.0,False,0.0,1-2人気,5-10倍
202401010405,2024,2.0,4.0,5.0,3.1,8.1,9.3,False,0.0,True,1.0333333333333334,False,0.0,False,0.0,False,0.0,False,0.0,False,0.0,1-2人気,2-5倍
202401010406,2024,4.0,3.0,6.0,7.3,5.4,13.7,False,0.0,True,2.433333333333333,False,0.0,False,0.0,False,0.0,False,0.0,False,0.0,3-5人気,5-10倍
202401010407,2024,6.0,1.0,5.0,15.4,1.8,12.8,False,0.0,True,5.133333333333334,False,0.0,False,0.0,False,0.0,False,0.0,False,0.0,6-10人気,10-20倍
202401010408,2024,6.0,5.0,12.0,18.9,15.2,78.6,False,0.0,True,6.3,False,0.0,False,0.0,False,0.0,False,0.0,False,0.0,6-10人気,10-20倍
202401010409,2024,6.0,1.0,4.0,27.5,1.5,12.8,False,0.0,False,0.0,False,0.0,False,0.0,False,0.0,False,0.0,False,0.0,6-10人気,20-50倍
202401010410,2024,3.0,1.0,2.0,4.3,3.2,3.4,False,0.0,False,0.0,False,0.0,False,0.0,False,0.0,False,0.0,False,0.0,3-5人気,2-5倍
202401010411,2024,1.0,7.0,11.0,3.9,13.3,94.3,False,0.0,False,0.0,False,0.0,False,0.0,False,0.0,False,0.0,False,0.0,1-2人気,2-5倍
202401010412,2024,3.0,4.0,10.0,7.9,12.0,88.7,False,0.0,False,0.0,False,0.0,False,0.0,False,0.0,False,0.0,False,0.0,3-5人気,5-10倍
202401010501,2024,3.0,7.0,5.0,7.3,16.7,8.3,False,0.0,True,2.433333333333333,False,0.0,False,0.0,False,0.0,False,0.0,False,0.0,3-5人気,5-10倍
202401010502,2024,10.0,7.0,4.0,69.1,34.3,9.5,False,0.0,False,0.0,False,0.0,False,0.0,False,0.0,False,0.0,False,0.0,6-10人気,50倍以上
202401010503,2024,1.0,2.0,6.0,3.0,3.9,27.5,True,3.0,True,1.0,True,2.3000000000000003,True,1.17,True,2.34,False,0.0,False,0.0,1-2人気,2-5倍
202401010504,2024,3.0,1.0,8.0,5.0,4.2,27.8,False,0.0,False,0.0,False,0.0,False,0.0,False,0.0,False,0.0,False,0.0,3-5人気,2-5倍
202401010505,2024,2.0,1.0,3.0,5.8,1.8,6.2,False,0.0,False,0.0,False,0.0,False,0.0,False,0.0,False,0.0,False,0.0,1-2人気,5-10倍
202401010506,2024,1.0,7.0,12.0,1.9,23.4,73.7,False,0.0,True,0.6333333333333333,False,0.0,False,0.0,False,0.0,False,0.0,False,0.0,1-2人気,1-2倍
202401010507,2024,2.0,8.0,11.0,6.5,31.0,205.4,False,0.0,True,2.1666666666666665,False,0.0,False,0.0,False,0.0,False,0.0,False,0.0,1-2人気,5-10倍
202401010508,2024,6.0,4.0,3.0,23.0,10.2,4.1,False,0.0,False,0.0,False,0.0,False,0.0,False,0.0,False,0.0,False,0.0,6-10人気,20-50倍
202401010509,2024,1.0,9.0,8.0,1.9,23.2,18.6,False,0.0,True,0.6333333333333333,False,0.0,False,0.0,False,0.0,False,0.0,False,0.0,1-2人気,1-2倍
202401010510,2024,5.0,1.0,3.0,8.9,3.2,7.0,False,0.0,False,0.0,False,0.0,False,0.0,False,0.0,False,0.0,False,0.0,3-5人気,5-10倍
202401010511,2024,5.0,1.0,2.0,7.7,3.9,5.0,False,0.0,False,0.0,False,0.0,False,0.0,False,0.0,False,0.0,False,0.0,3-5人気,5-10倍
202401010512,2024,10.0,1.0,2.0,44.7,2.6,2.8,False,0.0,False,0.0,False,0.0,False,0.0,False,0.0,False,0.0,False,0.0,6-10人気,20-50倍
202401010601,2024,1.0,3.0,5.0,1.1,13.5,26.6,True,1.1,True,0.3666666666666667,False,0.0,False,0.0,False,0.0,False,0.0,False,0.0,1-2人気,1-2倍
202401010602,2024,3.0,2.0,1.0,7.2,4.8,2.0,True,7.2,True,2.4,False,0.0,False,0.0,False,0.0,False,0.0,False,0.0,3-5人気,5-10倍
202401010603,2024,11.0,9.0,6.0,34.9,23.5,15.5,False,0.0,False,0.0,False,0.0,False,0.0,False,0.0,False,0.0,False,0.0,11人気以下,20-50倍
202401010604,2024,5.0,3.0,2.0,15.4,5.7,3.2,False,0.0,False,0.0,False,0.0,False,0.0,False,0.0,False,0.0,False,0.0,3-5人気,10-20倍
202401010605,2024,1.0,2.0,3.0,1.6,3.9,4.3,False,0.0,True,0.5333333333333333,True,1.8333333333333333,True,0.624,False,0.0,False,0.0,False,0.0,1-2人気,1-2倍
202401010606,2024,2.0,1.0,11.0,4.7,3.5,51.7,False,0.0,False,0.0,False,0.0,False,0.0,False,0.0,False,0.0,False,0.0,1-2人気,2-5倍
202401010607,2024,3.0,7.0,6.0,7.2,17.1,10.3,False,0.0,False,0.0,False,0.0,False,0.0,False,0.0,False,0.0,False,0.0,3-5人気,5-10倍
202401010608,2024,3.0,4.0,1.0,6.0,8.4,2.4,False,0.0,True,2.0,False,0.0,False,0.0,False,0.0,False,0.0,False,0.0,3-5人気,5-10倍
202401010609,2024,1.0,2.0,8.0,4.6,5.9,12.9,True,4.6,True,1.5333333333333332,False,0.0,False,0.0,False,0.0,False,0.0,False,0.0,1-2人気,2-5倍
202401010610,2024,1.0,10.0,7.0,4.7,27.4,13.7,False,0.0,False,0.0,False,0.0,False,0.0,False,0.0,False,0.0,False,0.0,1-2人気,2-5倍
202401010611,2024,4.0,3.0,5.0,7.4,5.1,9.8,False,0.0,False,0.0,False,0.0,False,0.0,False,0.0,False,0.0,False,0.0,3-5人気,5-10倍
202401010612,2024,1.0,5.0,9.0,3.7,11.6,27.8,False,0.0,False,0.0,False,0.0,False,0.0,False,0.0,False,0.0,False,0.0,1-2人気,2-5倍
202401020101,2024,2.0,3.0,1.0,6.4,8.5,1.3,False,0.0,False,0.0,False,0.0,False,0.0,False,0.0,False,0.0,False,0.0,1-2人気,5-10倍
202401020102,2024,5.0,2.0,7.0,10.7,2.7,28.5,False,0.0,False,0.0,False,0.0,False,0.0,False,0.0,False,0.0,False,0.0,3-5人気,10-20倍
202401020103,2024,1.0,11.0,2.0,3.7,161.3,4.1,False,0.0,False,0.0,False,0.0,False,0.0,False,0.0,False,0.0,False,0.0,1-2人気,2-5倍
202401020104,2024,1.0,4.0,8.0,3.3,5.6,36.8,True,3.3,True,1.0999999999999999,True,2.9666666666666663,False,0.0,False,0.0,False,0.0,False,0.0,1-2人気,2-5倍
202401020105,2024,1.0,5.0,2.0,3.2,7.9,3.2,False,0.0,True,1.0666666666666667,False,0.0,False,0.0,False,0.0,False,0.0,False,0.0,1-2人気,2-5倍
202401020106,2024,2.0,7.0,1.0,3.3,31.4,2.1,False,0.0,False,0.0,False,0.0,False,0.0,False,0.0,False,0.0,False,0.0,1-2人気,2-5倍
202401020107,2024,1.0,2.0,3.0,3.0,3.2,5.0,True,3.0,True,1.0,False,0.0,False,0.0,False,0.0,False,0.0,False,0.0,1-2人気,2-5倍
202401020108,2024,2.0,5.0,6.0,4.5,8.1,12.3,False,0.0,False,0.0,False,0.0,False,0.0,False,0.0,False,0.0,False,0.0,1-2人気,2-5倍
202401020109,2024,1.0,2.0,3.0,2.2,5.0,5.4,False,0.0,True,0.7333333333333334,False,0.0,False,0.0,False,0.0,False,0.0,False,0.0,1-2人気,2-5倍
202401020110,2024,7.0,4.0,3.0,11.6,6.7,4.8,False,0.0,True,3.8666666666666667,False,0.0,False,0.0,False,0.0,False,0.0,False,0.0,6-10人気,10-20倍
202401020111,2024,2.0,8.0,3.0,6.5,23.9,10.5,True,6.5,True,2.1666666666666665,False,0.0,False,0.0,False,0.0,False,0.0,False,0.0,1-2人気,5-10倍
202401020112,2024,6.0,4.0,5.0,14.2,9.4,13.3,False,0.0,False,0.0,False,0.0,False,0.0,False,0.0,False,0.0,False,0.0,6-10人気,10-20倍
202401020201,2024,1.0,4.0,5.0,1.3,9.4,13.1,True,1.3,True,0.43333333333333335,False,0.0,False,0.0,False,0.0,False,0.0,False,0.0,1-2人気,1-2倍
202401020202,2024,7.0,5.0,4.0,13.0,10.8,10.3,False,0.0,False,0.0,False,0.0,False,0.0,False,0.0,False,0.0,False,0.0,6-10人気,10-20倍
202401020203,2024,3.0,1.0,4.0,4.2,2.9,6.3,False,0.0,True,1.4000000000000001,False,0.0,False,0.0,False,0.0,False,0.0,False,0.0,3-5人気,2-5倍
202401020204,2024,4.0,7.0,1.0,7.5,16.2,2.9,False,0.0,True,2.5,False,0.0,False,0.0,False,0.0,False,0.0,False,0.0,3-5人気,5-10倍
202401020205,2024,3.0,1.0,7.0,4.3,2.2,35.1,False,0.0,False,0.0,False,0.0,False,0.0,False,0.0,False,0.0,False,0.0,3-5人気,2-5倍
202401020206,2024,1.0,2.0,4.0,3.4,3.7,8.2,True,3.4,True,1.1333333333333333,True,2.3666666666666667,False,0.0,False,0.0,False,0.0,False,0.0,1-2人気,2-5倍
202401020207,2024,1.0,6.0,7.0,2.8,21.3,22.7,False,0.0,False,0.0,False,0.0,False,0.0,False,0.0,False,0.0,False,0.0,1-2人気,2-5倍
202401020208,2024,2.0,3.0,1.0,2.6,3.6,2.0,True,2.6,True,0.8666666666666667,True,2.066666666666667,True,0.9360000000000002,True,1.8720000000000003,False,0.0,False,0.0,1-2人気,2-5倍
202401020209,2024,5.0,2.0,4.0,10.5,5.8,8.9,False,0.0,False,0.0,False,0.0,False,0.0,False,0.0,False,0.0,False,0.0,3-5人気,10-20倍
202401020210,2024,6.0,7.0,3.0,13.0,16.1,5.7,False,0.0,False,0.0,False,0.0,False,0.0,False,0.0,False,0.0,False,0.0,6-10人気,10-20倍
202401020211,2024,9.0,5.0,10.0,26.6,12.2,27.3,False,0.0,False,0.0,False,0.0,False,0.0,False,0.0,False,0.0,False,0.0,6-10人気,20-50倍
202401020212,2024,4.0,7.0,10.0,5.2,18.6,104.9,False,0.0,False,0.0,False,0.0,False,0.0,False,0.0,False,0.0,False,0.0,3-5人気,5-10倍
202401020301,2024,1.0,4.0,2.0,1.7,10.5,3.2,False,0.0,False,0.0,False,0.0,False,0.0,False,0.0,False,0.0,False,0.0,1-2人気,1-2倍
202401020302,2024,2.0,1.0,3.0,3.4,2.8,4.0,False,0.0,True,1.1333333333333333,True,2.0666666666666664,False,0.0,False,0.0,True,1.2693333333333332,False,0.0,1-2人気,2-5倍
202401020303,2024,12.0,5.0,1.0,166.6,9.8,2.7,False,0.0,False,0.0,False,0.0,False,0.0,False,0.0,False,0.0,False,0.0,11人気以下,50倍以上
202401020304,2024,1.0,10.0,2.0,3.1,50.3,3.1,False,0.0,True,1.0333333333333334,False,0.0,False,0.0,False,0.0,False,0.0,False,0.0,1-2人気,2-5倍
202401020305,2024,4.0,5.0,2.0,13.1,14.5,2.8,False,0.0,True,4.366666666666666,False,0.0,False,0.0,False,0.0,False,0.0,False,0.0,3-5人気,10-20倍
202401020306,2024,9.0,4.0,7.0,43.6,8.4,19.4,False,0.0,False,0.0,False,0.0,False,0.0,False,0.0,False,0.0,False,0.0,6-10人気,20-50倍
202401020307,2024,1.0,3.0,9.0,1.9,9.3,38.7,True,1.9,True,0.6333333333333333,False,0.0,False,0.0,False,0.0,False,0.0,False,0.0,1-2人気,1-2倍
202401020308,2024,3.0,2.0,4.0,4.2,4.2,9.1,False,0.0,False,0.0,False,0.0,False,0.0,False,0.0,False,0.0,False,0.0,3-5人気,2-5倍
202401020309,2024,1.0,2.0,10.0,3.1,3.6,55.1,True,3.1,True,1.0333333333333334,False,0.0,False,0.0,False,0.0,False,0.0,False,0.0,1-2人気,2-5倍
202401020310,2024,1.0,8.0,3.0,2.9,39.5,3.8,True,2.9,True,0.9666666666666667,False,0.0,False,0.0,False,0.0,False,0.0,False,0.0,1-2人気,2-5倍
202401020311,2024,7.0,3.0,5.0,19.6,5.7,13.0,False,0.0,False,0.0,False,0.0,False,0.0,False,0.0,False,0.0,False,0.0,6-10人気,10-20倍
202401020312,2024,2.0,3.0,5.0,2.6,7.5,10.1,False,0.0,True,0.8666666666666667,False,0.0,False,0.0,False,0.0,False,0.0,False,0.0,1-2人気,2-5倍
202401020401,2024,1.0,2.0,3.0,1.8,4.8,6.1,True,1.8,True,0.6,False,0.0,False,0.0,False,0.0,False,0.0,False,0.0,1-2人気,1-2倍
202401020402,2024,8.0,6.0,2.0,23.5,19.6,2.8,False,0.0,False,0.0,False,0.0,False,0.0,False,0.0,False,0.0,False,0.0,6-10人気,20-50倍
202401020403,2024,4.0,1.0,5.0,6.6,3.9,6.8,False,0.0,False,0.0,False,0.0,False,0.0,False,0.0,False,0.0,False,0.0,3-5人気,5-10倍
202401020404,2024,10.0,8.0,1.0,23.2,19.6,3.4,False,0.0,False,0.0,False,0.0,False,0.0,False,0.0,False,0.0,False,0.0,6-10人気,20-50倍
202401020405,2024,2.0,4.0,1.0,4.0,6.6,2.3,False,0.0,False,0.0,False,0.0,False,0.0,False,0.0,False,0.0,False,0.0,1-2人気,2-5倍
202401020406,2024,4.0,3.0,9.0,9.1,6.5,23.9,False,0.0,False,0.0,False,0.0,False,0.0,False,0.0,False,0.0,False,0.0,3-5人気,5-10倍
202401020407,2024,3.0,2.0,4.0,5.7,2.8,9.0,True,5.7,True,1.9000000000000001,False,0.0,False,0.0,False,0.0,False,0.0,False,0.0,3-5人気,5-10倍
202401020408,2024,2.0,1.0,3.0,2.9,1.6,5.1,True,2.9,True,0.9666666666666667,True,1.5,True,0.46399999999999997,True,0.9279999999999999,False,0.0,False,0.0,1-2人気,2-5倍
202401020409,2024,4.0,11.0,7.0,9.6,54.7,12.5,False,0.0,False,0.0,False,0.0,False,0.0,False,0.0,False,0.0,False,0.0,3-5人気,5-10倍
202401020410,2024,1.0,11.0,3.0,2.8,58.4,4.9,True,2.8,True,0.9333333333333332,False,0.0,False,0.0,False,0.0,False,0.0,False,0.0,1-2人気,2-5倍
202401020411,2024,1.0,6.0,2.0,1.3,20.0,7.6,False,0.0,False,0.0,False,0.0,False,0.0,False,0.0,False,0.0,False,0.0,1-2人気,1-2倍
202401020412,2024,3.0,2.0,1.0,4.3,4.0,2.9,True,4.3,True,1.4333333333333333,True,2.766666666666667,False,0.0,False,0.0,True,1.6626666666666665,False,0.0,3-5人気,2-5倍
202401020501,2024,1.0,5.0,2.0,1.2,22.4,3.3,False,0.0,True,0.39999999999999997,False,0.0,False,0.0,False,0.0,False,0.0,False,0.0,1-2人気,1-2倍
202401020502,2024,1.0,2.0,3.0,2.2,2.6,5.5,False,0.0,True,0.7333333333333334,False,0.0,False,0.0,False,0.0,False,0.0,False,0.0,1-2人気,2-5倍
202401020503,2024,1.0,10.0,5.0,3.1,33.9,14.1,False,0.0,False,0.0,False,0.0,False,0.0,False,0.0,False,0.0,False,0.0,1-2人気,2-5倍
202401020504,2024,1.0,6.0,8.0,2.7,26.2,68.4,False,0.0,True,0.9,True,9.633333333333333,False,0.0,False,0.0,False,0.0,False,0.0,1-2人気,2-5倍
202401020505,2024,1.0,2.0,3.0,1.4,5.1,5.9,False,0.0,False,0.0,False,0.0,False,0.0,False,0.0,False,0.0,False,0.0,1-2人気,1-2倍
202401020506,2024,1.0,2.0,7.0,3.7,4.1,15.2,False,0.0,True,1.2333333333333334,False,0.0,False,0.0,False,0.0,False,0.0,False,0.0,1-2人気,2-5倍
202401020507,2024,2.0,3.0,5.0,3.4,6.2,10.0,False,0.0,False,0.0,False,0.0,False,0.0,False,0.0,False,0.0,False,0.0,1-2人気,2-5倍
202401020508,2024,1.0,5.0,10.0,1.7,15.5,172.0,True,1.7,True,0.5666666666666667,False,0.0,False,0.0,False,0.0,False,0.0,False,0.0,1-2人気,1-2倍
202401020509,2024,3.0,2.0,11.0,5.6,4.2,229.9,False,0.0,False,0.0,False,0.0,False,0.0,False,0.0,False,0.0,False,0.0,3-5人気,5-10倍
202401020510,2024,2.0,1.0,7.0,5.3,2.2,13.9,True,5.3,True,1.7666666666666666,True,2.5,True,1.166,True,2.332,False,0.0,False,0.0,1-2人気,5-10倍
202401020511,2024,2.0,4.0,11.0,4.9,10.2,33.6,False,0.0,False,0.0,False,0.0,False,0.0,False,0.0,False,0.0,False,0.0,1-2人気,2-5倍
202401020512,2024,5.0,1.0,2.0,7.5,1.9,5.4,False,0.0,False,0.0,False,0.0,False,0.0,False,0.0,False,0.0,False,0.0,3-5人気,5-10倍
202401020601,2024,2.0,1.0,3.0,3.3,1.7,5.0,False,0.0,False,0.0,False,0.0,False,0.0,False,0.0,False,0.0,False,0.0,1-2人気,2-5倍
202401020602,2024,1.0,6.0,3.0,2.2,13.7,6.2,False,0.0,True,0.7333333333333334,True,5.3,False,0.0,False,0.0,False,0.0,False,0.0,1-2人気,2-5倍
202401020603,2024,1.0,3.0,9.0,2.9,6.1,20.0,False,0.0,False,0.0,False,0.0,False,0.0,False,0.0,False,0.0,False,0.0,1-2人気,2-5倍
202401020604,2024,1.0,2.0,6.0,2.6,3.4,28.7,False,0.0,True,0.8666666666666667,True,2.0,False,0.0,False,0.0,False,0.0,False,0.0,1-2人気,2-5倍
202401020605,2024,2.0,1.0,4.0,5.5,1.5,7.6,False,0.0,False,0.0,False,0.0,False,0.0,False,0.0,False,0.0,False,0.0,1-2人気,5-10倍
202401020606,2024,1.0,3.0,4.0,2.3,4.5,6.6,False,0.0,False,0.0,False,0.0,False,0.0,False,0.0,False,0.0,False,0.0,1-2人気,2-5倍
202401020607,2024,2.0,1.0,6.0,4.8,2.2,16.7,True,4.8,True,1.5999999999999999,False,0.0,False,0.0,False,0.0,False,0.0,False,0.0,1-2人気,2-5倍
202401020608,2024,2.0,9.0,3.0,3.9,27.6,4.8,False,0.0,True,1.3,False,0.0,False,0.0,False,0.0,False,0.0,False,0.0,1-2人気,2-5倍
202401020609,2024,2.0,5.0,3.0,3.9,18.4,4.5,False,0.0,False,0.0,False,0.0,False,0.0,False,0.0,False,0.0,False,0.0,1-2人気,2-5倍
202401020610,2024,2.0,5.0,1.0,5.0,6.5,3.2,False,0.0,False,0.0,False,0.0,False,0.0,False,0.0,False,0.0,False,0.0,1-2人気,2-5倍
202401020611,2024,2.0,3.0,6.0,4.3,8.8,14.7,True,4.3,True,1.4333333333333333,False,0.0,False,0.0,False,0.0,False,0.0,False,0.0,1-2人気,2-5倍
202401020612,2024,6.0,4.0,5.0,10.6,7.1,7.9,False,0.0,False,0.0,False,0.0,False,0.0,False,0.0,False,0.0,False,0.0,6-10人気,10-20倍
202401020701,2024,2.0,1.0,7.0,6.1,1.6,25.0,False,0.0,True,2.033333333333333,False,0.0,False,0.0,False,0.0,False,0.0,False,0.0,1-2人気,5-10倍
202401020702,2024,2.0,1.0,3.0,5.6,2.3,6.9,False,0.0,True,1.8666666666666665,True,2.6333333333333333,False,0.0,False,0.0,True,2.9624,False,0.0,1-2人気,5-10倍
202401020703,2024,1.0,9.0,4.0,4.0,39.5,7.2,False,0.0,False,0.0,False,0.0,False,0.0,False,0.0,False,0.0,False,0.0,1-2人気,2-5倍
202401020704,2024,1.0,2.0,4.0,3.3,3.4,6.3,False,0.0,True,1.0999999999999999,False,0.0,False,0.0,False,0.0,False,0.0,False,0.0,1-2人気,2-5倍
202401020705,2024,6.0,4.0,2.0,15.9,6.6,6.3,False,0.0,False,0.0,False,0.0,False,0.0,False,0.0,False,0.0,False,0.0,6-10人気,10-20倍
202401020706,2024,7.0,1.0,2.0,15.3,4.1,4.2,False,0.0,False,0.0,False,0.0,False,0.0,False,0.0,False,0.0,False,0.0,6-10人気,10-20倍
202401020707,2024,3.0,6.0,4.0,3.7,22.2,16.7,False,0.0,False,0.0,False,0.0,False,0.0,False,0.0,False,0.0,False,0.0,3-5人気,2-5倍
202401020708,2024,4.0,2.0,7.0,5.6,4.4,28.5,False,0.0,False,0.0,False,0.0,False,0.0,False,0.0,False,0.0,False,0.0,3-5人気,5-10倍
202401020709,2024,2.0,1.0,11.0,4.9,4.6,18.3,False,0.0,False,0.0,False,0.0,False,0.0,False,0.0,False,0.0,False,0.0,1-2人気,2-5倍
202401020710,2024,3.0,7.0,2.0,5.5,18.6,5.3,False,0.0,False,0.0,False,0.0,False,0.0,False,0.0,False,0.0,False,0.0,3-5人気,5-10倍
202401020711,2024,6.0,2.0,7.0,23.4,3.5,23.7,False,0.0,True,7.8,False,0.0,False,0.0,False,0.0,False,0.0,False,0.0,6-10人気,20-50倍
202401020712,2024,3.0,1.0,12.0,8.3,3.1,45.5,True,8.3,True,2.766666666666667,False,0.0,False,0.0,False,0.0,False,0.0,False,0.0,3-5人気,5-10倍
202401020801,2024,4.0,1.0,7.0,9.7,1.4,32.1,False,0.0,False,0.0,False,0.0,False,0.0,False,0.0,False,0.0,False,0.0,3-5人気,5-10倍
202401020802,2024,1.0,4.0,3.0,2.3,6.6,5.1,False,0.0,False,0.0,False,0.0,False,0.0,False,0.0,False,0.0,False,0.0,1-2人気,2-5倍
202401020803,2024,8.0,1.0,6.0,28.3,3.9,12.4,False,0.0,False,0.0,False,0.0,False,0.0,False,0.0,False,0.0,False,0.0,6-10人気,20-50倍
202401020804,2024,2.0,1.0,9.0,4.5,2.6,21.2,False,0.0,False,0.0,False,0.0,False,0.0,False,0.0,False,0.0,False,0.0,1-2人気,2-5倍
202401020805,2024,3.0,4.0,1.0,4.5,10.4,3.5,False,0.0,False,0.0,False,0.0,False,0.0,False,0.0,False,0.0,False,0.0,3-5人気,2-5倍
202401020806,2024,8.0,2.0,6.0,13.5,4.7,9.7,False,0.0,False,0.0,False,0.0,False,0.0,False,0.0,False,0.0,False,0.0,6-10人気,10-20倍
202401020807,2024,2.0,6.0,5.0,4.2,27.8,10.7,False,0.0,True,1.4000000000000001,True,10.666666666666666,False,0.0,False,0.0,False,0.0,False,0.0,1-2人気,2-5倍
202401020808,2024,5.0,14.0,2.0,12.4,410.6,3.1,False,0.0,False,0.0,False,0.0,False,0.0,False,0.0,False,0.0,False,0.0,3-5人気,10-20倍
202401020809,2024,5.0,3.0,2.0,14.6,6.5,2.8,False,0.0,False,0.0,False,0.0,False,0.0,False,0.0,False,0.0,False,0.0,3-5人気,10-20倍
202401020810,2024,8.0,7.0,1.0,30.2,14.7,2.9,False,0.0,False,0.0,False,0.0,False,0.0,False,0.0,False,0.0,False,0.0,6-10人気,20-50倍
202401020811,2024,1.0,4.0,2.0,3.7,7.9,4.1,False,0.0,True,1.2333333333333334,False,0.0,False,0.0,False,0.0,False,0.0,False,0.0,1-2人気,2-5倍
202401020812,2024,2.0,1.0,4.0,4.4,2.5,6.6,False,0.0,False,0.0,False,0.0,False,0.0,False,0.0,False,0.0,False,0.0,1-2人気,2-5倍
202402010101,2024,1.0,4.0,7.0,1.7,16.3,29.6,True,1.7,True,0.5666666666666667,True,6.0,False,0.0,False,0.0,False,0.0,False,0.0,1-2人気,1-2倍
202402010102,2024,1.0,4.0,3.0,1.6,13.6,7.3,True,1.6,True,0.5333333333333333,True,5.066666666666666,False,0.0,False,0.0,False,0.0,False,0.0,1-2人気,1-2倍
202402010103,2024,3.0,10.0,1.0,10.8,57.2,1.4,False,0.0,False,0.0,False,0.0,False,0.0,False,0.0,False,0.0,False,0.0,3-5人気,10-20倍
202402010104,2024,9.0,2.0,12.0,21.3,4.4,120.3,False,0.0,False,0.0,False,0.0,False,0.0,False,0.0,False,0.0,False,0.0,6-10人気,20-50倍
202402010105,2024,5.0,11.0,6.0,7.5,63.3,11.5,False,0.0,False,0.0,False,0.0,False,0.0,False,0.0,False,0.0,False,0.0,3-5人気,5-10倍
202402010106,2024,1.0,4.0,2.0,3.7,6.5,3.9,False,0.0,True,1.2333333333333334,False,0.0,False,0.0,False,0.0,False,0.0,False,0.0,1-2人気,2-5倍
202402010107,2024,1.0,5.0,4.0,1.9,12.3,11.7,False,0.0,False,0.0,False,0.0,False,0.0,False,0.0,False,0.0,False,0.0,1-2人気,1-2倍
202402010108,2024,6.0,3.0,10.0,16.4,5.8,52.4,False,0.0,True,5.466666666666666,True,7.3999999999999995,True,9.511999999999999,False,0.0,False,0.0,False,0.0,6-10人気,10-20倍
202402010109,2024,7.0,8.0,6.0,18.7,20.5,18.7,False,0.0,False,0.0,False,0.0,False,0.0,False,0.0,False,0.0,False,0.0,6-10人気,10-20倍
202402010110,2024,3.0,8.0,2.0,5.8,22.5,4.5,False,0.0,False,0.0,False,0.0,False,0.0,False,0.0,False,0.0,False,0.0,3-5人気,5-10倍
202402010111,2024,1.0,9.0,7.0,1.9,19.1,15.0,False,0.0,False,0.0,False,0.0,False,0.0,False,0.0,False,0.0,False,0.0,1-2人気,1-2倍
202402010112,2024,5.0,13.0,8.0,9.1,135.2,19.2,False,0.0,False,0.0,False,0.0,False,0.0,False,0.0,False,0.0,False,0.0,3-5人気,5-10倍
202402010201,2024,1.0,5.0,14.0,1.8,12.8,120.9,True,1.8,True,0.6,False,0.0,False,0.0,False,0.0,False,0.0,False,0.0,1-2人気,1-2倍
202402010202,2024,3.0,2.0,11.0,4.4,4.3,79.2,False,0.0,False,0.0,False,0.0,False,0.0,False,0.0,False,0.0,False,0.0,3-5人気,2-5倍
202402010203,2024,1.0,5.0,2.0,3.1,5.3,4.2,True,3.1,True,1.0333333333333334,False,0.0,False,0.0,False,0.0,False,0.0,False,0.0,1-2人気,2-5倍
202402010204,2024,2.0,6.0,3.0,4.1,17.6,6.1,False,0.0,False,0.0,False,0.0,False,0.0,False,0.0,False,0.0,False,0.0,1-2人気,2-5倍
202402010205,2024,4.0,8.0,3.0,8.2,18.6,5.4,False,0.0,False,0.0,False,0.0,False,0.0,False,0.0,False,0.0,False,0.0,3-5人気,5-10倍
202402010206,2024,1.0,2.0,3.0,1.9,4.6,5.4,False,0.0,True,0.6333333333333333,True,2.1666666666666665,False,0.0,False,0.0,True,1.5732,False,0.0,1-2人気,1-2倍
202402010207,2024,2.0,3.0,7.0,3.7,3.8,25.2,False,0.0,True,1.2333333333333334,False,0.0,False,0.0,False,0.0,False,0.0,False,0.0,1-2人気,2-5倍
202402010208,2024,2.0,8.0,12.0,3.6,38.1,120.1,False,0.0,False,0.0,False,0.0,False,0.0,False,0.0,False,0.0,False,0.0,1-2人気,2-5倍
202402010209,2024,4.0,8.0,6.0,5.4,28.0,20.1,False,0.0,False,0.0,False,0.0,False,0.0,False,0.0,False,0.0,False,0.0,3-5人気,5-10倍
202402010210,2024,10.0,2.0,3.0,32.6,4.6,5.6,False,0.0,False,0.0,False,0.0,False,0.0,False,0.0,False,0.0,False,0.0,6-10人気,20-50倍
202402010211,2024,2.0,7.0,8.0,3.6,24.3,29.2,True,3.6,True,1.2,False,0.0,False,0.0,False,0.0,False,0.0,False,0.0,1-2人気,2-5倍
202402010212,2024,3.0,5.0,6.0,5.9,9.0,11.2,False,0.0,False,0.0,False,0.0,False,0.0,False,0.0,False,0.0,False,0.0,3-5人気,5-10倍
202402010301,2024,3.0,1.0,5.0,4.9,3.9,10.1,False,0.0,False,0.0,False,0.0,False,0.0,False,0.0,False,0.0,False,0.0,3-5人気,2-5倍
202402010302,2024,2.0,9.0,4.0,5.1,65.4,12.7,False,0.0,False,0.0,False,0.0,False,0.0,False,0.0,False,0.0,False,0.0,1-2人気,5-10倍
202402010303,2024,3.0,1.0,9.0,5.3,3.0,51.5,False,0.0,False,0.0,False,0.0,False,0.0,False,0.0,False,0.0,False,0.0,3-5人気,5-10倍
202402010304,2024,9.0,1.0,5.0,19.6,3.0,13.1,False,0.0,False,0.0,False,0.0,False,0.0,False,0.0,False,0.0,False,0.0,6-10人気,10-20倍
202402010305,2024,2.0,3.0,1.0,3.2,4.1,2.6,True,3.2,True,1.0666666666666667,True,2.433333333333333,True,1.3119999999999998,True,2.6239999999999997,True,1.1370666666666667,True,3.4112,1-2人気,2-5倍
202402010306,2024,2.0,4.0,5.0,2.8,8.4,14.8,True,2.8,True,0.9333333333333332,True,3.733333333333333,True,2.352,True,4.704,False,0.0,False,0.0,1-2人気,2-5倍
202402010307,2024,1.0,7.0,2.0,2.4,24.4,2.9,True,2.4,True,0.7999999999999999,False,0.0,False,0.0,False,0.0,False,0.0,False,0.0,1-2人気,2-5倍
202402010308,2024,2.0,3.0,1.0,3.2,3.6,3.1,False,0.0,True,1.0666666666666667,True,2.266666666666667,True,1.1520000000000001,False,0.0,True,1.1904000000000001,False,0.0,1-2人気,2-5倍
202402010309,2024,1.0,5.0,7.0,1.5,15.8,73.9,False,0.0,True,0.5,False,0.0,False,0.0,False,0.0,False,0.0,False,0.0,1-2人気,1-2倍
202402010310,2024,5.0,2.0,9.0,10.9,3.5,26.9,False,0.0,False,0.0,False,0.0,False,0.0,False,0.0,False,0.0,False,0.0,3-5人気,10-20倍
202402010311,2024,1.0,5.0,3.0,3.5,9.8,4.8,False,0.0,False,0.0,False,0.0,False,0.0,False,0.0,False,0.0,False,0.0,1-2人気,2-5倍
202402010312,2024,1.0,3.0,8.0,3.7,4.8,24.4,False,0.0,False,0.0,False,0.0,False,0.0,False,0.0,False,0.0,False,0.0,1-2人気,2-5倍
202402010401,2024,2.0,1.0,9.0,4.3,3.1,55.9,False,0.0,False,0.0,False,0.0,False,0.0,False,0.0,False,0.0,False,0.0,1-2人気,2-5倍
202402010402,2024,2.0,6.0,8.0,4.9,13.6,25.8,False,0.0,False,0.0,False,0.0,False,0.0,False,0.0,False,0.0,False,0.0,1-2人気,2-5倍
202402010403,2024,3.0,1.0,11.0,6.0,1.8,91.6,False,0.0,True,2.0,False,0.0,False,0.0,False,0.0,False,0.0,False,0.0,3-5人気,5-10倍
202402010404,2024,5.0,1.0,3.0,7.0,3.3,6.0,False,0.0,False,0.0,False,0.0,False,0.0,False,0.0,False,0.0,False,0.0,3-5人気,5-10倍
202402010405,2024,3.0,2.0,6.0,3.6,3.6,36.7,False,0.0,False,0.0,False,0.0,False,0.0,False,0.0,False,0.0,False,0.0,3-5人気,2-5倍
202402010406,2024,1.0,2.0,7.0,2.5,5.0,20.5,False,0.0,True,0.8333333333333334,True,2.5,True,1.25,False,0.0,False,0.0,False,0.0,1-2人気,2-5倍
202402010407,2024,5.0,1.0,3.0,11.8,3.2,5.7,False,0.0,False,0.0,False,0.0,False,0.0,False,0.0,False,0.0,False,0.0,3-5人気,10-20倍
202402010408,2024,4.0,13.0,5.0,7.5,65.3,19.4,False,0.0,False,0.0,False,0.0,False,0.0,False,0.0,False,0.0,False,0.0,3-5人気,5-10倍
202402010409,2024,3.0,7.0,1.0,6.7,23.3,2.0,False,0.0,True,2.2333333333333334,False,0.0,False,0.0,False,0.0,False,0.0,False,0.0,3-5人気,5-10倍
202402010410,2024,3.0,4.0,7.0,5.7,6.1,22.8,False,0.0,False,0.0,False,0.0,False,0.0,False,0.0,False,0.0,False,0.0,3-5人気,5-10倍
202402010411,2024,1.0,10.0,5.0,3.9,21.6,10.7,False,0.0,False,0.0,False,0.0,False,0.0,False,0.0,False,0.0,False,0.0,1-2人気,2-5倍
202402010412,2024,2.0,3.0,5.0,4.6,6.4,12.4,False,0.0,False,0.0,False,0.0,False,0.0,False,0.0,False,0.0,False,0.0,1-2人気,2-5倍
202402010501,2024,5.0,1.0,3.0,11.1,2.8,3.8,False,0.0,False,0.0,False,0.0,False,0.0,False,0.0,False,0.0,False,0.0,3-5人気,10-20倍
202402010502,2024,3.0,4.0,1.0,4.1,12.9,2.7,False,0.0,True,1.3666666666666665,False,0.0,False,0.0,False,0.0,False,0.0,False,0.0,3-5人気,2-5倍
202402010503,2024,3.0,8.0,7.0,5.7,14.8,13.8,True,5.7,True,1.9000000000000001,False,0.0,False,0.0,False,0.0,False,0.0,False,0.0,3-5人気,5-10倍
202402010504,2024,1.0,2.0,4.0,2.4,5.2,6.9,False,0.0,False,0.0,False,0.0,False,0.0,False,0.0,False,0.0,False,0.0,1-2人気,2-5倍
202402010505,2024,3.0,2.0,1.0,4.8,4.8,1.7,False,0.0,False,0.0,False,0.0,False,0.0,False,0.0,False,0.0,False,0.0,3-5人気,2-5倍
202402010506,2024,1.0,4.0,3.0,3.3,7.6,5.7,False,0.0,False,0.0,False,0.0,False,0.0,False,0.0,False,0.0,False,0.0,1-2人気,2-5倍
202402010507,2024,3.0,5.0,7.0,4.8,8.5,63.6,False,0.0,True,1.5999999999999999,True,4.433333333333334,False,0.0,False,0.0,False,0.0,False,0.0,3-5人気,2-5倍
202402010508,2024,3.0,4.0,8.0,6.2,6.9,55.2,False,0.0,True,2.066666666666667,False,0.0,False,0.0,False,0.0,False,0.0,False,0.0,3-5人気,5-10倍
202402010509,2024,4.0,3.0,2.0,7.1,4.5,4.3,False,0.0,False,0.0,False,0.0,False,0.0,False,0.0,False,0.0,False,0.0,3-5人気,5-10倍
202402010510,2024,1.0,2.0,4.0,1.5,4.7,11.5,False,0.0,False,0.0,False,0.0,False,0.0,False,0.0,False,0.0,False,0.0,1-2人気,1-2倍
202402010511,2024,6.0,2.0,1.0,13.5,3.8,2.9,False,0.0,False,0.0,False,0.0,False,0.0,False,0.0,False,0.0,False,0.0,6-10人気,10-20倍
202402010512,2024,1.0,3.0,6.0,2.0,9.1,21.5,False,0.0,True,0.6666666666666666,True,3.6999999999999997,False,0.0,False,0.0,False,0.0,False,0.0,1-2人気,1-2倍
202402010601,2024,3.0,4.0,8.0,8.8,14.7,44.0,False,0.0,False,0.0,False,0.0,False,0.0,False,0.0,False,0.0,False,0.0,3-5人気,5-10倍
202402010602,2024,3.0,5.0,4.0,7.2,29.1,27.0,False,0.0,False,0.0,False,0.0,False,0.0,False,0.0,False,0.0,False,0.0,3-5人気,5-10倍
202402010603,2024,8.0,2.0,7.0,44.5,4.0,34.3,False,0.0,False,0.0,False,0.0,False,0.0,False,0.0,False,0.0,False,0.0,6-10人気,20-50倍
202402010604,2024,1.0,8.0,10.0,1.9,18.4,42.9,False,0.0,True,0.6333333333333333,True,6.766666666666666,True,3.4959999999999996,False,0.0,False,0.0,False,0.0,1-2人気,1-2倍
202402010605,2024,1.0,4.0,5.0,1.2,12.8,22.6,True,1.2,True,0.39999999999999997,False,0.0,False,0.0,False,0.0,False,0.0,False,0.0,1-2人気,1-2倍
202402010606,2024,3.0,4.0,7.0,3.7,7.6,62.5,True,3.7,True,1.2333333333333334,False,0.0,False,0.0,False,0.0,False,0.0,False,0.0,3-5人気,2-5倍
202402010607,2024,7.0,1.0,8.0,25.4,1.6,28.9,False,0.0,False,0.0,False,0.0,False,0.0,False,0.0,False,0.0,False,0.0,6-10人気,20-50倍
202402010608,2024,2.0,5.0,1.0,3.3,11.7,2.7,False,0.0,True,1.0999999999999999,False,0.0,False,0.0,False,0.0,False,0.0,False,0.0,1-2人気,2-5倍
202402010609,2024,2.0,3.0,4.0,3.1,4.9,10.5,False,0.0,True,1.0333333333333334,False,0.0,False,0.0,False,0.0,False,0.0,False,0.0,1-2人気,2-5倍
202402010610,2024,10.0,4.0,5.0,24.8,6.1,8.0,False,0.0,True,8.266666666666667,True,10.299999999999999,False,0.0,False,0.0,False,0.0,False,0.0,6-10人気,20-50倍
202402010611,2024,1.0,8.0,4.0,3.0,20.5,8.3,False,0.0,True,1.0,True,7.833333333333333,False,0.0,False,0.0,False,0.0,False,0.0,1-2人気,2-5倍
202402010612,2024,3.0,7.0,2.0,3.8,28.3,2.7,False,0.0,False,0.0,False,0.0,False,0.0,False,0.0,False,0.0,False,0.0,3-5人気,2-5倍
202402010701,2024,2.0,1.0,3.0,2.1,1.5,8.2,False,0.0,True,0.7000000000000001,True,1.2,True,0.31500000000000006,False,0.0,True,0.8610000000000001,False,0.0,1-2人気,2-5倍
202402010702,2024,5.0,1.0,3.0,7.8,1.9,5.8,False,0.0,True,2.6,False,0.0,False,0.0,False,0.0,False,0.0,False,0.0,3-5人気,5-10倍
202402010703,2024,6.0,1.0,3.0,13.4,3.1,5.1,False,0.0,False,0.0,False,0.0,False,0.0,False,0.0,False,0.0,False,0.0,6-10人気,10-20倍
202402010704,2024,3.0,2.0,9.0,5.5,5.4,74.6,True,5.5,True,1.8333333333333333,True,3.6333333333333333,True,2.97,True,5.94,False,0.0,False,0.0,3-5人気,5-10倍
202402010705,2024,3.0,2.0,1.0,4.5,3.4,2.3,False,0.0,True,1.5,True,2.6333333333333333,False,0.0,False,0.0,False,0.0,False,0.0,3-5人気,2-5倍
202402010706,2024,1.0,5.0,4.0,2.7,8.7,7.0,False,0.0,True,0.9,False,0.0,False,0.0,False,0.0,False,0.0,False,0.0,1-2人気,2-5倍
202402010707,2024,5.0,1.0,8.0,12.7,2.5,18.2,False,0.0,False,0.0,False,0.0,False,0.0,False,0.0,False,0.0,False,0.0,3-5人気,10-20倍
202402010708,2024,9.0,2.0,3.0,34.3,3.0,6.9,False,0.0,False,0.0,False,0.0,False,0.0,False,0.0,False,0.0,False,0.0,6-10人気,20-50倍
202402010709,2024,4.0,2.0,1.0,8.4,4.7,1.5,False,0.0,False,0.0,False,0.0,False,0.0,False,0.0,False,0.0,False,0.0,3-5人気,5-10倍
202402010710,2024,6.0,3.0,8.0,12.3,6.6,26.4,False,0.0,False,0.0,False,0.0,False,0.0,False,0.0,False,0.0,False,0.0,6-10人気,10-20倍
202402010711,2024,5.0,9.0,2.0,10.8,21.6,4.9,True,10.8,True,3.6,False,0.0,False,0.0,False,0.0,False,0.0,False,0.0,3-5人気,10-20倍
202402010712,2024,5.0,11.0,8.0,8.1,62.9,29.6,False,0.0,False,0.0,False,0.0,False,0.0,False,0.0,False,0.0,False,0.0,3-5人気,5-10倍
202402010801,2024,2.0,1.0,3.0,3.1,1.7,3.3,True,3.1,True,1.0333333333333334,True,1.5999999999999999,True,0.5269999999999999,True,1.0539999999999998,False,0.0,False,0.0,1-2人気,2-5倍
202402010802,2024,4.0,12.0,8.0,6.1,113.3,26.5,False,0.0,False,0.0,False,0.0,False,0.0,False,0.0,False,0.0,False,0.0,3-5人気,5-10倍
202402010803,2024,4.0,1.0,8.0,8.3,3.5,15.3,True,8.3,True,2.766666666666667,False,0.0,False,0.0,False,0.0,False,0.0,False,0.0,3-5人気,5-10倍
202402010804,2024,4.0,8.0,2.0,7.1,37.4,4.7,True,7.1,True,2.3666666666666667,False,0.0,False,0.0,False,0.0,False,0.0,False,0.0,3-5人気,5-10倍
202402010805,2024,3.0,1.0,7.0,5.3,2.5,23.1,False,0.0,False,0.0,False,0.0,False,0.0,False,0.0,False,0.0,False,0.0,3-5人気,5-10倍
202402010806,2024,1.0,3.0,7.0,1.9,5.8,17.6,True,1.9,True,0.6333333333333333,False,0.0,False,0.0,False,0.0,False,0.0,False,0.0,1-2人気,1-2倍
202402010807,2024,3.0,6.0,7.0,5.4,16.9,34.0,False,0.0,False,0.0,False,0.0,False,0.0,False,0.0,False,0.0,False,0.0,3-5人気,5-10倍
202402010808,2024,5.0,9.0,3.0,9.6,29.9,5.1,False,0.0,False,0.0,False,0.0,False,0.0,False,0.0,False,0.0,False,0.0,3-5人気,5-10倍
202402010809,2024,7.0,3.0,2.0,32.8,4.0,3.9,False,0.0,False,0.0,False,0.0,False,0.0,False,0.0,False,0.0,False,0.0,6-10人気,20-50倍
202402010810,2024,5.0,7.0,9.0,9.8,11.2,15.3,False,0.0,False,0.0,False,0.0,False,0.0,False,0.0,False,0.0,False,0.0,3-5人気,5-10倍
202402010811,2024,1.0,2.0,9.0,3.7,4.0,21.0,False,0.0,True,1.2333333333333334,True,2.566666666666667,True,1.48,False,0.0,False,0.0,False,0.0,1-2人気,2-5倍
202402010812,2024,2.0,5.0,1.0,4.7,14.1,1.5,False,0.0,True,1.5666666666666667,False,0.0,False,0.0,False,0.0,False,0.0,False,0.0,1-2人気,2-5倍
202402010901,2024,1.0,6.0,4.0,2.4,25.9,5.9,True,2.4,True,0.7999999999999999,False,0.0,False,0.0,False,0.0,False,0.0,False,0.0,1-2人気,2-5倍
202402010902,2024,4.0,8.0,2.0,8.3,29.6,4.0,False,0.0,False,0.0,False,0.0,False,0.0,False,0.0,False,0.0,False,0.0,3-5人気,5-10倍
202402010903,2024,10.0,12.0,1.0,33.0,41.0,1.8,False,0.0,False,0.0,False,0.0,False,0.0,False,0.0,False,0.0,False,0.0,6-10人気,20-50倍
202402010904,2024,6.0,3.0,4.0,18.7,5.6,18.0,False,0.0,True,6.233333333333333,True,8.1,False,0.0,False,0.0,False,0.0,False,0.0,6-10人気,10-20倍
202402010905,2024,2.0,1.0,3.0,4.8,3.1,5.1,False,0.0,False,0.0,False,0.0,False,0.0,False,0.0,False,0.0,False,0.0,1-2人気,2-5倍
202402010906,2024,2.0,1.0,3.0,3.8,1.9,4.9,True,3.8,True,1.2666666666666666,True,1.8999999999999997,False,0.0,False,0.0,True,1.1792666666666667,False,0.0,1-2人気,2-5倍
202402010907,2024,3.0,7.0,9.0,7.9,40.0,56.3,False,0.0,False,0.0,False,0.0,False,0.0,False,0.0,False,0.0,False,0.0,3-5人気,5-10倍
202402010908,2024,1.0,4.0,3.0,1.8,7.9,6.3,True,1.8,True,0.6,False,0.0,False,0.0,False,0.0,False,0.0,False,0.0,1-2人気,1-2倍
202402010909,2024,4.0,5.0,3.0,7.0,7.1,4.6,True,7.0,True,2.3333333333333335,False,0.0,False,0.0,False,0.0,False,0.0,False,0.0,3-5人気,5-10倍
202402010910,2024,2.0,7.0,3.0,4.2,19.8,5.3,False,0.0,False,0.0,False,0.0,False,0.0,False,0.0,False,0.0,False,0.0,1-2人気,2-5倍
202402010911,2024,1.0,5.0,2.0,4.2,7.1,4.3,False,0.0,True,1.4000000000000001,True,3.766666666666667,True,2.982,False,0.0,True,4.2741999999999996,False,0.0,1-2人気,2-5倍
202402010912,2024,3.0,1.0,2.0,6.7,1.9,3.5,False,0.0,True,2.2333333333333334,True,2.8666666666666667,False,0.0,False,0.0,False,0.0,False,0.0,3-5人気,5-10倍
202402011001,2024,1.0,7.0,9.0,2.0,28.1,47.1,True,2.0,True,0.6666666666666666,True,10.033333333333333,False,0.0,False,0.0,False,0.0,False,0.0,1-2人気,1-2倍
202402011002,2024,6.0,4.0,1.0,22.1,10.8,2.0,False,0.0,False,0.0,False,0.0,False,0.0,False,0.0,False,0.0,False,0.0,6-10人気,20-50倍
202402011003,2024,2.0,8.0,10.0,3.8,61.4,67.2,False,0.0,True,1.2666666666666666,False,0.0,False,0.0,False,0.0,False,0.0,False,0.0,1-2人気,2-5倍
202402011004,2024,5.0,1.0,3.0,10.6,2.3,7.3,False,0.0,False,0.0,False,0.0,False,0.0,False,0.0,False,0.0,False,0.0,3-5人気,10-20倍
202402011005,2024,3.0,5.0,2.0,5.7,9.5,4.3,False,0.0,True,1.9000000000000001,False,0.0,False,0.0,False,0.0,False,0.0,False,0.0,3-5人気,5-10倍
202402011006,2024,1.0,3.0,12.0,3.2,4.7,92.8,False,0.0,True,1.0666666666666667,True,2.6333333333333333,False,0.0,False,0.0,False,0.0,False,0.0,1-2人気,2-5倍
202402011007,2024,1.0,4.0,7.0,2.0,9.9,26.7,True,2.0,True,0.6666666666666666,False,0.0,False,0.0,False,0.0,False,0.0,False,0.0,1-2人気,1-2倍
202402011008,2024,2.0,4.0,1.0,3.7,6.8,2.2,False,0.0,False,0.0,False,0.0,False,0.0,False,0.0,False,0.0,False,0.0,1-2人気,2-5倍
202402011009,2024,7.0,3.0,4.0,19.4,6.0,8.0,False,0.0,False,0.0,False,0.0,False,0.0,False,0.0,False,0.0,False,0.0,6-10人気,10-20倍
202402011010,2024,4.0,2.0,3.0,9.4,6.2,6.6,False,0.0,False,0.0,False,0.0,False,0.0,False,0.0,False,0.0,False,0.0,3-5人気,5-10倍
202402011011,2024,3.0,2.0,4.0,7.8,4.1,8.1,False,0.0,True,2.6,False,0.0,False,0.0,False,0.0,False,0.0,False,0.0,3-5人気,5-10倍
202402011012,2024,2.0,1.0,4.0,3.8,2.7,7.1,False,0.0,False,0.0,False,0.0,False,0.0,False,0.0,False,0.0,False,0.0,1-2人気,2-5倍
202402011101,2024,2.0,6.0,1.0,4.0,19.8,1.5,True,4.0,True,1.3333333333333333,False,0.0,False,0.0,False,0.0,False,0.0,False,0.0,1-2人気,2-5倍
202402011102,2024,5.0,4.0,11.0,8.6,7.1,73.6,False,0.0,False,0.0,False,0.0,False,0.0,False,0.0,False,0.0,False,0.0,3-5人気,5-10倍
202402011103,2024,12.0,11.0,2.0,103.7,51.5,3.3,False,0.0,False,0.0,False,0.0,False,0.0,False,0.0,False,0.0,False,0.0,11人気以下,50倍以上
202402011104,2024,7.0,2.0,8.0,13.2,3.8,33.0,False,0.0,True,4.3999999999999995,False,0.0,False,0.0,False,0.0,False,0.0,False,0.0,6-10人気,10-20倍
202402011105,2024,1.0,2.0,8.0,2.8,3.0,35.0,True,2.8,True,0.9333333333333332,False,0.0,False,0.0,False,0.0,False,0.0,False,0.0,1-2人気,2-5倍
202402011106,2024,4.0,5.0,11.0,8.7,9.2,132.8,False,0.0,False,0.0,False,0.0,False,0.0,False,0.0,False,0.0,False,0.0,3-5人気,5-10倍
202402011107,2024,5.0,6.0,8.0,7.5,8.9,17.0,False,0.0,False,0.0,False,0.0,False,0.0,False,0.0,False,0.0,False,0.0,3-5人気,5-10倍
202402011108,2024,7.0,3.0,2.0,14.9,7.3,4.1,False,0.0,False,0.0,False,0.0,False,0.0,False,0.0,False,0.0,False,0.0,6-10人気,10-20倍
202402011109,2024,4.0,5.0,9.0,7.9,8.0,48.4,False,0.0,True,2.6333333333333333,True,5.3,False,0.0,False,0.0,False,0.0,False,0.0,3-5人気,5-10倍
202402011110,2024,5.0,3.0,2.0,9.3,6.1,3.6,False,0.0,False,0.0,False,0.0,False,0.0,False,0.0,False,0.0,False,0.0,3-5人気,5-10倍
202402011111,2024,7.0,6.0,5.0,9.7,9.5,8.9,False,0.0,False,0.0,False,0.0,False,0.0,False,0.0,False,0.0,False,0.0,6-10人気,5-10倍
202402011112,2024,3.0,8.0,7.0,5.7,14.2,11.1,False,0.0,True,1.9000000000000001,False,0.0,False,0.0,False,0.0,False,0.0,False,0.0,3-5人気,5-10倍
202402011201,2024,1.0,5.0,4.0,2.1,8.0,6.8,True,2.1,True,0.7000000000000001,True,3.3666666666666667,True,1.6800000000000002,True,3.3600000000000003,True,3.808,True,11.424,1-2人気,2-5倍
202402011202,2024,1.0,2.0,4.0,2.4,3.4,6.9,False,0.0,True,0.7999999999999999,False,0.0,False,0.0,False,0.0,False,0.0,False,0.0,1-2人気,2-5倍
202402011203,2024,4.0,1.0,16.0,9.3,2.1,261.7,False,0.0,False,0.0,False,0.0,False,0.0,False,0.0,False,0.0,False,0.0,3-5人気,5-10倍
202402011204,2024,8.0,3.0,1.0,19.3,4.9,3.6,False,0.0,False,0.0,False,0.0,False,0.0,False,0.0,False,0.0,False,0.0,6-10人気,10-20倍
202402011205,2024,3.0,2.0,1.0,5.1,4.7,1.7,False,0.0,False,0.0,False,0.0,False,0.0,False,0.0,False,0.0,False,0.0,3-5人気,5-10倍
202402011206,2024,1.0,3.0,6.0,1.7,7.2,25.4,False,0.0,True,0.5666666666666667,True,2.966666666666667,True,1.224,False,0.0,False,0.0,False,0.0,1-2人気,1-2倍
202402011207,2024,3.0,10.0,5.0,6.5,60.5,12.6,False,0.0,False,0.0,False,0.0,False,0.0,False,0.0,False,0.0,False,0.0,3-5人気,5-10倍
202402011208,2024,2.0,10.0,8.0,4.1,29.8,19.2,False,0.0,False,0.0,False,0.0,False,0.0,False,0.0,False,0.0,False,0.0,1-2人気,2-5倍
202402011209,2024,6.0,7.0,4.0,18.5,30.3,10.0,False,0.0,False,0.0,False,0.0,False,0.0,False,0.0,False,0.0,False,0.0,6-10人気,10-20倍
202402011210,2024,5.0,1.0,11.0,9.1,3.7,38.1,True,9.1,True,3.033333333333333,True,4.266666666666667,True,3.367,True,6.734,False,0.0,False,0.0,3-5人気,5-10倍
202402011211,2024,5.0,3.0,1.0,9.6,7.2,4.5,False,0.0,False,0.0,False,0.0,False,0.0,False,0.0,False,0.0,False,0.0,3-5人気,5-10倍
202402011212,2024,1.0,3.0,6.0,2.6,5.9,17.7,False,0.0,False,0.0,False,0.0,False,0.0,False,0.0,False,0.0,False,0.0,1-2人気,2-5倍
202403010101,2024,6.0,2.0,12.0,7.6,5.4,161.8,False,0.0,False,0.0,False,0.0,False,0.0,False,0.0,False,0.0,False,0.0,6-10人気,5-10倍
202403010102,2024,4.0,1.0,13.0,11.0,1.6,288.9,False,0.0,False,0.0,False,0.0,False,0.0,False,0.0,False,0.0,False,0.0,3-5人気,10-20倍
202403010103,2024,1.0,2.0,13.0,1.9,6.2,181.4,False,0.0,False,0.0,False,0.0,False,0.0,False,0.0,False,0.0,False,0.0,1-2人気,1-2倍
202403010104,2024,2.0,1.0,8.0,5.8,1.6,22.1,False,0.0,False,0.0,False,0.0,False,0.0,False,0.0,False,0.0,False,0.0,1-2人気,5-10倍
202403010105,2024,6.0,3.0,8.0,10.5,5.9,17.9,False,0.0,False,0.0,False,0.0,False,0.0,False,0.0,False,0.0,False,0.0,6-10人気,10-20倍
202403010106,2024,3.0,1.0,9.0,5.4,2.5,27.4,False,0.0,True,1.8,True,2.6333333333333333,False,0.0,False,0.0,False,0.0,False,0.0,3-5人気,5-10倍
202403010107,2024,4.0,8.0,6.0,6.7,24.5,13.3,False,0.0,False,0.0,False,0.0,False,0.0,False,0.0,False,0.0,False,0.0,3-5人気,5-10倍
202403010108,2024,3.0,8.0,1.0,8.4,14.7,2.5,False,0.0,True,2.8000000000000003,False,0.0,False,0.0,False,0.0,False,0.0,False,0.0,3-5人気,5-10倍
202403010109,2024,5.0,4.0,3.0,17.2,14.0,7.3,False,0.0,False,0.0,False,0.0,False,0.0,False,0.0,False,0.0,False,0.0,3-5人気,10-20倍
202403010110,2024,1.0,2.0,6.0,2.1,7.3,12.1,True,2.1,True,0.7000000000000001,False,0.0,False,0.0,False,0.0,False,0.0,False,0.0,1-2人気,2-5倍
202403010111,2024,4.0,1.0,2.0,6.5,2.7,4.5,False,0.0,False,0.0,False,0.0,False,0.0,False,0.0,False,0.0,False,0.0,3-5人気,5-10倍
202403010112,2024,1.0,3.0,6.0,4.1,4.2,13.4,False,0.0,False,0.0,False,0.0,False,0.0,False,0.0,False,0.0,False,0.0,1-2人気,2-5倍
202403010201,2024,2.0,11.0,13.0,3.4,153.6,159.4,False,0.0,False,0.0,False,0.0,False,0.0,False,0.0,False,0.0,False,0.0,1-2人気,2-5倍
202403010202,2024,2.0,8.0,9.0,3.1,43.5,55.9,False,0.0,True,1.0333333333333334,False,0.0,False,0.0,False,0.0,False,0.0,False,0.0,1-2人気,2-5倍
202403010203,2024,2.0,5.0,1.0,3.8,13.1,3.5,False,0.0,False,0.0,False,0.0,False,0.0,False,0.0,False,0.0,False,0.0,1-2人気,2-5倍
202403010204,2024,1.0,2.0,4.0,2.6,3.2,12.3,False,0.0,True,0.8666666666666667,True,1.9333333333333336,True,0.8320000000000001,False,0.0,False,0.0,False,0.0,1-2人気,2-5倍
202403010205,2024,1.0,9.0,12.0,2.5,40.0,108.0,False,0.0,False,0.0,False,0.0,False,0.0,False,0.0,False,0.0,False,0.0,1-2人気,2-5倍
202403010206,2024,8.0,14.0,12.0,30.5,109.8,94.2,False,0.0,False,0.0,False,0.0,False,0.0,False,0.0,False,0.0,False,0.0,6-10人気,20-50倍
202403010207,2024,2.0,7.0,5.0,4.1,20.2,10.2,False,0.0,False,0.0,False,0.0,False,0.0,False,0.0,False,0.0,False,0.0,1-2人気,2-5倍
202403010208,2024,1.0,8.0,2.0,4.1,15.1,6.7,False,0.0,False,0.0,False,0.0,False,0.0,False,0.0,False,0.0,False,0.0,1-2人気,2-5倍
202403010209,2024,5.0,4.0,1.0,7.7,6.7,4.0,False,0.0,False,0.0,False,0.0,False,0.0,False,0.0,False,0.0,False,0.0,3-5人気,5-10倍
202403010210,2024,2.0,1.0,3.0,5.2,3.6,5.4,False,0.0,False,0.0,False,0.0,False,0.0,False,0.0,False,0.0,False,0.0,1-2人気,5-10倍
202403010211,2024,1.0,2.0,3.0,1.5,5.2,10.2,True,1.5,True,0.5,False,0.0,False,0.0,False,0.0,False,0.0,False,0.0,1-2人気,1-2倍
202403010212,2024,3.0,5.0,4.0,4.7,9.7,7.7,False,0.0,False,0.0,False,0.0,False,0.0,False,0.0,False,0.0,False,0.0,3-5人気,2-5倍
202403010301,2024,3.0,1.0,8.0,7.3,2.2,25.4,False,0.0,False,0.0,False,0.0,False,0.0,False,0.0,False,0.0,False,0.0,3-5人気,5-10倍
202403010302,2024,2.0,8.0,14.0,3.0,39.2,171.1,False,0.0,True,1.0,False,0.0,False,0.0,False,0.0,False,0.0,False,0.0,1-2人気,2-5倍
202403010303,2024,2.0,10.0,1.0,5.8,149.4,1.3,False,0.0,True,1.9333333333333333,False,0.0,False,0.0,False,0.0,False,0.0,False,0.0,1-2人気,5-10倍
202403010304,2024,3.0,7.0,12.0,7.6,36.6,193.5,False,0.0,False,0.0,False,0.0,False,0.0,False,0.0,False,0.0,False,0.0,3-5人気,5-10倍
202403010305,2024,1.0,6.0,16.0,1.5,36.6,415.9,True,1.5,True,0.5,False,0.0,False,0.0,False,0.0,False,0.0,False,0.0,1-2人気,1-2倍
202403010306,2024,1.0,5.0,11.0,3.4,6.7,105.7,False,0.0,True,1.1333333333333333,False,0.0,False,0.0,False,0.0,False,0.0,False,0.0,1-2人気,2-5倍
202403010307,2024,6.0,5.0,3.0,9.0,8.9,5.8,False,0.0,True,3.0,False,0.0,False,0.0,False,0.0,False,0.0,False,0.0,6-10人気,5-10倍
202403010308,2024,1.0,3.0,2.0,2.5,8.1,5.1,False,0.0,False,0.0,False,0.0,False,0.0,False,0.0,False,0.0,False,0.0,1-2人気,2-5倍
202403010309,2024,4.0,1.0,6.0,7.1,4.4,10.7,False,0.0,True,2.3666666666666667,False,0.0,False,0.0,False,0.0,False,0.0,False,0.0,3-5人気,5-10倍
202403010310,2024,5.0,2.0,3.0,8.7,5.4,5.4,False,0.0,False,0.0,False,0.0,False,0.0,False,0.0,False,0.0,False,0.0,3-5人気,5-10倍
202403010311,2024,9.0,6.0,4.0,20.5,16.8,8.9,False,0.0,False,0.0,False,0.0,False,0.0,False,0.0,False,0.0,False,0.0,6-10人気,20-50倍
202403010312,2024,5.0,2.0,6.0,11.0,4.1,11.7,False,0.0,False,0.0,False,0.0,False,0.0,False,0.0,False,0.0,False,0.0,3-5人気,10-20倍
202403010401,2024,9.0,6.0,11.0,66.1,13.4,79.7,False,0.0,False,0.0,False,0.0,False,0.0,False,0.0,False,0.0,False,0.0,6-10人気,50倍以上
202403010402,2024,1.0,12.0,8.0,1.8,107.6,30.8,False,0.0,False,0.0,False,0.0,False,0.0,False,0.0,False,0.0,False,0.0,1-2人気,1-2倍
202403010403,2024,7.0,2.0,12.0,20.7,4.6,169.8,False,0.0,False,0.0,False,0.0,False,0.0,False,0.0,False,0.0,False,0.0,6-10人気,20-50倍
202403010404,2024,1.0,3.0,2.0,2.6,4.7,3.5,False,0.0,True,0.8666666666666667,False,0.0,False,0.0,False,0.0,False,0.0,False,0.0,1-2人気,2-5倍
202403010405,2024,1.0,3.0,2.0,1.7,5.5,3.4,False,0.0,True,0.5666666666666667,True,2.4,False,0.0,False,0.0,False,0.0,False,0.0,1-2人気,1-2倍
202403010406,2024,1.0,2.0,9.0,2.8,3.6,41.8,True,2.8,True,0.9333333333333332,True,2.1333333333333333,True,1.008,True,2.016,False,0.0,False,0.0,1-2人気,2-5倍
202403010407,2024,2.0,8.0,7.0,5.6,26.3,26.1,True,5.6,True,1.8666666666666665,False,0.0,False,0.0,False,0.0,False,0.0,False,0.0,1-2人気,5-10倍
202403010408,2024,2.0,1.0,10.0,3.9,2.1,140.6,False,0.0,False,0.0,False,0.0,False,0.0,False,0.0,False,0.0,False,0.0,1-2人気,2-5倍
202403010409,2024,1.0,2.0,4.0,2.4,3.6,12.0,True,2.4,True,0.7999999999999999,False,0.0,False,0.0,False,0.0,False,0.0,False,0.0,1-2人気,2-5倍
202403010410,2024,8.0,2.0,5.0,15.4,5.8,8.8,False,0.0,False,0.0,False,0.0,False,0.0,False,0.0,False,0.0,False,0.0,6-10人気,10-20倍
202403010411,2024,3.0,2.0,8.0,7.0,5.0,15.1,False,0.0,False,0.0,False,0.0,False,0.0,False,0.0,False,0.0,False,0.0,3-5人気,5-10倍
202403010412,2024,1.0,2.0,3.0,2.7,4.2,5.6,False,0.0,False,0.0,False,0.0,False,0.0,False,0.0,False,0.0,False,0.0,1-2人気,2-5倍
202403010501,2024,5.0,10.0,1.0,12.6,141.3,2.5,False,0.0,False,0.0,False,0.0,False,0.0,False,0.0,False,0.0,False,0.0,3-5人気,10-20倍
202403010502,2024,1.0,12.0,5.0,1.7,183.3,20.2,False,0.0,True,0.5666666666666667,False,0.0,False,0.0,False,0.0,False,0.0,False,0.0,1-2人気,1-2倍
202403010503,2024,3.0,4.0,6.0,5.8,8.3,18.8,False,0.0,False,0.0,False,0.0,False,0.0,False,0.0,False,0.0,False,0.0,3-5人気,5-10倍
202403010504,2024,1.0,5.0,4.0,3.1,7.1,5.4,True,3.1,True,1.0333333333333334,False,0.0,False,0.0,False,0.0,False,0.0,False,0.0,1-2人気,2-5倍
202403010505,2024,1.0,2.0,9.0,2.2,3.1,45.8,False,0.0,False,0.0,False,0.0,False,0.0,False,0.0,False,0.0,False,0.0,1-2人気,2-5倍
202403010506,2024,2.0,3.0,1.0,2.7,6.4,2.1,False,0.0,True,0.9,False,0.0,False,0.0,False,0.0,False,0.0,False,0.0,1-2人気,2-5倍
202403010507,2024,1.0,10.0,7.0,1.5,103.0,23.8,True,1.5,True,0.5,True,34.833333333333336,False,0.0,False,0.0,False,0.0,False,0.0,1-2人気,1-2倍
202403010508,2024,1.0,2.0,6.0,3.7,4.4,10.0,False,0.0,False,0.0,False,0.0,False,0.0,False,0.0,False,0.0,False,0.0,1-2人気,2-5倍
202403010509,2024,6.0,1.0,2.0,16.4,2.1,4.5,False,0.0,False,0.0,False,0.0,False,0.0,False,0.0,False,0.0,False,0.0,6-10人気,10-20倍
202403010510,2024,2.0,6.0,3.0,4.2,14.9,6.2,False,0.0,False,0.0,False,0.0,False,0.0,False,0.0,False,0.0,False,0.0,1-2人気,2-5倍
202403010511,2024,6.0,1.0,8.0,8.2,4.4,14.9,False,0.0,False,0.0,False,0.0,False,0.0,False,0.0,False,0.0,False,0.0,6-10人気,5-10倍
202403010512,2024,1.0,2.0,6.0,2.5,4.1,19.3,False,0.0,True,0.8333333333333334,True,2.1999999999999997,False,0.0,False,0.0,False,0.0,False,0.0,1-2人気,2-5倍
202403010601,2024,3.0,5.0,4.0,6.2,8.2,6.3,True,6.2,True,2.066666666666667,True,4.8,False,0.0,False,0.0,False,0.0,False,0.0,3-5人気,5-10倍
202403010602,2024,9.0,6.0,15.0,44.9,19.2,479.5,False,0.0,False,0.0,False,0.0,False,0.0,False,0.0,False,0.0,False,0.0,6-10人気,20-50倍
202403010603,2024,2.0,9.0,4.0,4.3,34.9,5.9,False,0.0,False,0.0,False,0.0,False,0.0,False,0.0,False,0.0,False,0.0,1-2人気,2-5倍
202403010604,2024,3.0,10.0,1.0,6.6,51.4,2.8,False,0.0,False,0.0,False,0.0,False,0.0,False,0.0,False,0.0,False,0.0,3-5人気,5-10倍
202403010605,2024,7.0,5.0,10.0,22.7,17.0,32.3,False,0.0,False,0.0,False,0.0,False,0.0,False,0.0,False,0.0,False,0.0,6-10人気,20-50倍
202403010606,2024,4.0,7.0,6.0,6.7,13.9,9.0,False,0.0,False,0.0,False,0.0,False,0.0,False,0.0,False,0.0,False,0.0,3-5人気,5-10倍
202403010607,2024,2.0,1.0,7.0,5.5,1.7,26.0,False,0.0,True,1.8333333333333333,True,2.4,False,0.0,False,0.0,False,0.0,False,0.0,1-2人気,5-10倍
202403010608,2024,2.0,7.0,1.0,4.3,23.0,2.9,False,0.0,True,1.4333333333333333,False,0.0,False,0.0,False,0.0,False,0.0,False,0.0,1-2人気,2-5倍
202403010609,2024,4.0,9.0,1.0,7.7,27.1,2.6,False,0.0,False,0.0,False,0.0,False,0.0,False,0.0,False,0.0,False,0.0,3-5人気,5-10倍
202403010610,2024,1.0,6.0,5.0,2.6,14.4,9.2,False,0.0,True,0.8666666666666667,False,0.0,False,0.0,False,0.0,False,0.0,False,0.0,1-2人気,2-5倍
202403010611,2024,3.0,9.0,6.0,7.3,15.6,13.9,False,0.0,True,2.433333333333333,True,7.633333333333333,True,11.388,False,0.0,False,0.0,False,0.0,3-5人気,5-10倍
202403010612,2024,2.0,4.0,1.0,3.7,5.8,3.3,False,0.0,True,1.2333333333333334,False,0.0,False,0.0,False,0.0,False,0.0,False,0.0,1-2人気,2-5倍
202403020101,2024,1.0,5.0,7.0,1.6,15.6,23.2,True,1.6,True,0.5333333333333333,False,0.0,False,0.0,False,0.0,False,0.0,False,0.0,1-2人気,1-2倍
202403020102,2024,2.0,3.0,5.0,3.7,5.2,6.6,False,0.0,False,0.0,False,0.0,False,0.0,False,0.0,False,0.0,False,0.0,1-2人気,2-5倍
202403020103,2024,1.0,5.0,8.0,4.4,8.2,11.8,False,0.0,True,1.4666666666666668,False,0.0,False,0.0,False,0.0,False,0.0,False,0.0,1-2人気,2-5倍
202403020104,2024,1.0,2.0,4.0,2.6,3.1,10.0,False,0.0,True,0.8666666666666667,True,1.9000000000000001,False,0.0,False,0.0,False,0.0,False,0.0,1-2人気,2-5倍
202403020105,2024,4.0,2.0,5.0,5.2,3.9,11.8,False,0.0,True,1.7333333333333334,True,3.033333333333333,False,0.0,False,0.0,False,0.0,False,0.0,3-5人気,5-10倍
202403020106,2024,3.0,2.0,5.0,8.0,3.1,9.0,False,0.0,False,0.0,False,0.0,False,0.0,False,0.0,False,0.0,False,0.0,3-5人気,5-10倍
202403020107,2024,1.0,4.0,8.0,1.8,14.4,46.8,False,0.0,True,0.6,False,0.0,False,0.0,False,0.0,False,0.0,False,0.0,1-2人気,1-2倍
202403020108,2024,3.0,9.0,5.0,5.5,30.0,9.2,False,0.0,False,0.0,False,0.0,False,0.0,False,0.0,False,0.0,False,0.0,3-5人気,5-10倍
202403020109,2024,3.0,7.0,8.0,3.8,55.3,133.9,True,3.8,True,1.2666666666666666,False,0.0,False,0.0,False,0.0,False,0.0,False,0.0,3-5人気,2-5倍
202403020110,2024,1.0,11.0,5.0,3.6,35.7,9.3,True,3.6,True,1.2,False,0.0,False,0.0,False,0.0,False,0.0,False,0.0,1-2人気,2-5倍
202403020111,2024,1.0,3.0,2.0,3.3,4.5,3.9,False,0.0,False,0.0,False,0.0,False,0.0,False,0.0,False,0.0,False,0.0,1-2人気,2-5倍
202403020112,2024,1.0,5.0,6.0,3.2,8.8,11.1,False,0.0,False,0.0,False,0.0,False,0.0,False,0.0,False,0.0,False,0.0,1-2人気,2-5倍
202403020201,2024,2.0,1.0,4.0,3.8,1.7,8.2,False,0.0,False,0.0,False,0.0,False,0.0,False,0.0,False,0.0,False,0.0,1-2人気,2-5倍
202403020202,2024,9.0,2.0,3.0,83.1,4.1,4.5,False,0.0,False,0.0,False,0.0,False,0.0,False,0.0,False,0.0,False,0.0,6-10人気,50倍以上
202403020203,2024,5.0,9.0,2.0,10.4,46.4,4.1,False,0.0,False,0.0,False,0.0,False,0.0,False,0.0,False,0.0,False,0.0,3-5人気,10-20倍
202403020204,2024,1.0,7.0,3.0,1.4,41.7,9.7,False,0.0,True,0.4666666666666666,False,0.0,False,0.0,False,0.0,False,0.0,False,0.0,1-2人気,1-2倍
202403020205,2024,4.0,2.0,3.0,7.0,4.5,5.2,False,0.0,False,0.0,False,0.0,False,0.0,False,0.0,False,0.0,False,0.0,3-5人気,5-10倍
202403020206,2024,1.0,4.0,2.0,2.6,7.1,3.3,False,0.0,True,0.8666666666666667,False,0.0,False,0.0,False,0.0,False,0.0,False,0.0,1-2人気,2-5倍
202403020207,2024,5.0,1.0,3.0,9.7,1.9,7.5,False,0.0,False,0.0,False,0.0,False,0.0,False,0.0,False,0.0,False,0.0,3-5人気,5-10倍
202403020208,2024,5.0,1.0,9.0,6.2,2.9,39.8,False,0.0,True,2.066666666666667,False,0.0,False,0.0,False,0.0,False,0.0,False,0.0,3-5人気,5-10倍
202403020209,2024,2.0,1.0,4.0,3.2,2.8,5.5,False,0.0,False,0.0,False,0.0,False,0.0,False,0.0,False,0.0,False,0.0,1-2人気,2-5倍
202403020210,2024,2.0,3.0,6.0,3.9,4.9,14.3,True,3.9,True,1.3,False,0.0,False,0.0,False,0.0,False,0.0,False,0.0,1-2人気,2-5倍
202403020211,2024,8.0,5.0,2.0,13.3,7.7,5.6,False,0.0,False,0.0,False,0.0,False,0.0,False,0.0,False,0.0,False,0.0,6-10人気,10-20倍
202403020212,2024,1.0,13.0,3.0,4.0,86.2,5.7,False,0.0,False,0.0,False,0.0,False,0.0,False,0.0,False,0.0,False,0.0,1-2人気,2-5倍
202403020301,2024,1.0,3.0,7.0,1.6,4.3,59.9,True,1.6,True,0.5333333333333333,True,1.9666666666666668,True,0.688,True,1.376,False,0.0,False,0.0,1-2人気,1-2倍
202403020302,2024,4.0,2.0,3.0,6.1,3.5,3.7,False,0.0,False,0.0,False,0.0,False,0.0,False,0.0,False,0.0,False,0.0,3-5人気,5-10倍
202403020303,2024,2.0,6.0,1.0,4.6,12.3,3.4,False,0.0,True,1.5333333333333332,False,0.0,False,0.0,False,0.0,False,0.0,False,0.0,1-2人気,2-5倍
202403020304,2024,5.0,2.0,8.0,10.8,4.3,17.0,True,10.8,True,3.6,False,0.0,False,0.0,False,0.0,False,0.0,False,0.0,3-5人気,10-20倍
202403020305,2024,6.0,3.0,8.0,9.6,5.7,11.1,True,9.6,True,3.1999999999999997,False,0.0,False,0.0,False,0.0,False,0.0,False,0.0,6-10人気,5-10倍
202403020306,2024,3.0,1.0,2.0,5.9,1.7,4.8,False,0.0,False,0.0,False,0.0,False,0.0,False,0.0,False,0.0,False,0.0,3-5人気,5-10倍
202403020307,2024,4.0,8.0,2.0,6.1,61.2,4.1,False,0.0,True,2.033333333333333,False,0.0,False,0.0,False,0.0,False,0.0,False,0.0,3-5人気,5-10倍
202403020308,2024,6.0,4.0,2.0,20.7,9.6,3.5,False,0.0,False,0.0,False,0.0,False,0.0,False,0.0,False,0.0,False,0.0,6-10人気,20-50倍
202403020309,2024,5.0,2.0,4.0,11.6,4.6,7.1,False,0.0,False,0.0,False,0.0,False,0.0,False,0.0,False,0.0,False,0.0,3-5人気,10-20倍
202403020310,2024,3.0,4.0,2.0,7.1,8.5,6.0,False,0.0,False,0.0,False,0.0,False,0.0,False,0.0,False,0.0,False,0.0,3-5人気,5-10倍
202403020311,2024,1.0,8.0,9.0,3.4,12.5,21.0,False,0.0,False,0.0,False,0.0,False,0.0,False,0.0,False,0.0,False,0.0,1-2人気,2-5倍
202403020312,2024,4.0,8.0,10.0,5.6,22.2,63.1,False,0.0,True,1.8666666666666665,False,0.0,False,0.0,False,0.0,False,0.0,False,0.0,3-5人気,5-10倍
202403020401,2024,2.0,4.0,5.0,4.9,20.6,26.6,False,0.0,False,0.0,False,0.0,False,0.0,False,0.0,False,0.0,False,0.0,1-2人気,2-5倍
202403020402,2024,1.0,4.0,2.0,1.7,13.4,5.0,True,1.7,True,0.5666666666666667,False,0.0,False,0.0,False,0.0,False,0.0,False,0.0,1-2人気,1-2倍
202403020403,2024,1.0,3.0,5.0,1.9,8.2,17.5,False,0.0,True,0.6333333333333333,False,0.0,False,0.0,False,0.0,False,0.0,False,0.0,1-2人気,1-2倍
202403020404,2024,1.0,2.0,5.0,2.6,4.6,7.5,False,0.0,True,0.8666666666666667,False,0.0,False,0.0,False,0.0,False,0.0,False,0.0,1-2人気,2-5倍
202403020405,2024,3.0,4.0,6.0,5.6,6.6,8.1,True,5.6,True,1.8666666666666665,False,0.0,False,0.0,False,0.0,False,0.0,False,0.0,3-5人気,5-10倍
202403020406,2024,1.0,5.0,9.0,3.0,7.0,58.7,False,0.0,False,0.0,False,0.0,False,0.0,False,0.0,False,0.0,False,0.0,1-2人気,2-5倍
202403020407,2024,1.0,10.0,3.0,1.5,46.4,10.9,False,0.0,False,0.0,False,0.0,False,0.0,False,0.0,False,0.0,False,0.0,1-2人気,1-2倍
202403020408,2024,2.0,5.0,12.0,6.7,8.4,53.3,False,0.0,False,0.0,False,0.0,False,0.0,False,0.0,False,0.0,False,0.0,1-2人気,5-10倍
202403020409,2024,2.0,3.0,4.0,4.5,4.8,7.8,False,0.0,True,1.5,True,3.1,False,0.0,False,0.0,False,0.0,False,0.0,1-2人気,2-5倍
202403020410,2024,1.0,2.0,3.0,1.6,3.8,6.3,True,1.6,True,0.5333333333333333,True,1.8,False,0.0,False,0.0,False,0.0,False,0.0,1-2人気,1-2倍
202403020411,2024,2.0,4.0,1.0,4.3,7.3,3.8,True,4.3,True,1.4333333333333333,False,0.0,False,0.0,False,0.0,False,0.0,False,0.0,1-2人気,2-5倍
202403020412,2024,1.0,7.0,4.0,4.5,16.6,6.2,False,0.0,True,1.5,False,0.0,False,0.0,False,0.0,False,0.0,False,0.0,1-2人気,2-5倍
202403020501,2024,1.0,4.0,5.0,1.9,7.9,19.0,False,0.0,False,0.0,False,0.0,False,0.0,False,0.0,False,0.0,False,0.0,1-2人気,1-2倍
202403020502,2024,6.0,4.0,7.0,17.8,5.9,18.6,False,0.0,False,0.0,False,0.0,False,0.0,False,0.0,False,0.0,False,0.0,6-10人気,10-20倍
202403020503,2024,7.0,2.0,4.0,19.2,5.6,10.2,False,0.0,True,6.3999999999999995,False,0.0,False,0.0,False,0.0,False,0.0,False,0.0,6-10人気,10-20倍
202403020504,2024,3.0,2.0,1.0,5.4,3.2,2.0,True,5.4,True,1.8,False,0.0,False,0.0,False,0.0,False,0.0,False,0.0,3-5人気,5-10倍
202403020505,2024,1.0,2.0,4.0,1.5,6.0,9.9,False,0.0,False,0.0,False,0.0,False,0.0,False,0.0,False,0.0,False,0.0,1-2人気,1-2倍
202403020506,2024,1.0,3.0,4.0,3.0,4.0,6.7,False,0.0,True,1.0,False,0.0,False,0.0,False,0.0,False,0.0,False,0.0,1-2人気,2-5倍
202403020507,2024,5.0,3.0,16.0,15.8,6.5,109.4,False,0.0,False,0.0,False,0.0,False,0.0,False,0.0,False,0.0,False,0.0,3-5人気,10-20倍
202403020508,2024,1.0,9.0,4.0,2.1,52.0,7.2,False,0.0,True,0.7000000000000001,False,0.0,False,0.0,False,0.0,False,0.0,False,0.0,1-2人気,2-5倍
202403020509,2024,1.0,2.0,4.0,4.1,4.8,7.2,True,4.1,True,1.3666666666666665,True,2.9666666666666663,True,1.9679999999999995,True,3.935999999999999,False,0.0,False,0.0,1-2人気,2-5倍
202403020510,2024,5.0,2.0,3.0,11.2,4.0,4.9,False,0.0,True,3.733333333333333,False,0.0,False,0.0,False,0.0,False,0.0,False,0.0,3-5人気,10-20倍
202403020511,2024,1.0,4.0,2.0,1.9,7.5,5.1,True,1.9,True,0.6333333333333333,False,0.0,False,0.0,False,0.0,False,0.0,False,0.0,1-2人気,1-2倍
202403020512,2024,1.0,7.0,3.0,2.9,23.6,4.9,False,0.0,False,0.0,False,0.0,False,0.0,False,0.0,False,0.0,False,0.0,1-2人気,2-5倍
202403020601,2024,4.0,1.0,2.0,15.6,1.7,2.2,False,0.0,False,0.0,False,0.0,False,0.0,False,0.0,False,0.0,False,0.0,3-5人気,10-20倍
202403020602,2024,1.0,3.0,2.0,1.9,3.9,2.8,False,0.0,True,0.6333333333333333,True,1.9333333333333333,True,0.7409999999999999,False,0.0,False,0.0,False,0.0,1-2人気,1-2倍
202403020603,2024,3.0,8.0,15.0,5.8,15.9,219.9,False,0.0,False,0.0,False,0.0,False,0.0,False,0.0,False,0.0,False,0.0,3-5人気,5-10倍
202403020604,2024,3.0,2.0,11.0,3.9,3.8,109.2,False,0.0,False,0.0,False,0.0,False,0.0,False,0.0,False,0.0,False,0.0,3-5人気,2-5倍
202403020605,2024,7.0,9.0,1.0,19.3,39.9,2.5,False,0.0,False,0.0,False,0.0,False,0.0,False,0.0,False,0.0,False,0.0,6-10人気,10-20倍
202403020606,2024,1.0,2.0,3.0,2.0,3.4,5.5,True,2.0,True,0.6666666666666666,False,0.0,False,0.0,False,0.0,False,0.0,False,0.0,1-2人気,1-2倍
202403020607,2024,10.0,5.0,4.0,32.3,10.3,8.1,False,0.0,False,0.0,False,0.0,False,0.0,False,0.0,False,0.0,False,0.0,6-10人気,20-50倍
202403020608,2024,8.0,3.0,5.0,16.5,6.2,7.1,False,0.0,True,5.5,False,0.0,False,0.0,False,0.0,False,0.0,False,0.0,6-10人気,10-20倍
202403020609,2024,4.0,7.0,2.0,6.7,31.6,3.9,False,0.0,False,0.0,False,0.0,False,0.0,False,0.0,False,0.0,False,0.0,3-5人気,5-10倍
202403020610,2024,1.0,4.0,8.0,2.5,10.0,20.9,False,0.0,True,0.8333333333333334,True,4.166666666666667,False,0.0,False,0.0,True,17.416666666666668,False,0.0,1-2人気,2-5倍
202403020611,2024,1.0,3.0,8.0,1.6,9.7,30.1,False,0.0,True,0.5333333333333333,False,0.0,False,0.0,False,0.0,False,0.0,False,0.0,1-2人気,1-2倍
202403020612,2024,1.0,2.0,10.0,1.5,5.3,72.1,True,1.5,True,0.5,True,2.2666666666666666,True,0.7949999999999999,True,1.5899999999999999,False,0.0,False,0.0,1-2人気,1-2倍
202403020701,2024,3.0,5.0,4.0,5.2,12.6,5.3,False,0.0,True,1.7333333333333334,False,0.0,False,0.0,False,0.0,False,0.0,False,0.0,3-5人気,5-10倍
202403020702,2024,1.0,2.0,3.0,1.7,5.6,6.9,False,0.0,True,0.5666666666666667,False,0.0,False,0.0,False,0.0,False,0.0,False,0.0,1-2人気,1-2倍
202403020703,2024,2.0,3.0,1.0,3.7,6.5,2.8,True,3.7,True,1.2333333333333334,False,0.0,False,0.0,False,0.0,False,0.0,False,0.0,1-2人気,2-5倍
202403020704,2024,4.0,9.0,5.0,11.2,37.9,13.0,False,0.0,False,0.0,False,0.0,False,0.0,False,0.0,False,0.0,False,0.0,3-5人気,10-20倍
202403020705,2024,2.0,6.0,1.0,3.2,28.1,1.7,False,0.0,True,1.0666666666666667,False,0.0,False,0.0,False,0.0,False,0.0,False,0.0,1-2人気,2-5倍
202403020706,2024,2.0,3.0,7.0,3.5,3.8,27.6,False,0.0,False,0.0,False,0.0,False,0.0,False,0.0,False,0.0,False,0.0,1-2人気,2-5倍
202403020707,2024,5.0,14.0,3.0,7.9,126.5,5.2,True,7.9,True,2.6333333333333333,False,0.0,False,0.0,False,0.0,False,0.0,False,0.0,3-5人気,5-10倍
202403020708,2024,6.0,1.0,7.0,15.4,1.6,18.1,False,0.0,False,0.0,False,0.0,False,0.0,False,0.0,False,0.0,False,0.0,6-10人気,10-20倍
202403020709,2024,3.0,2.0,1.0,4.6,4.5,2.1,False,0.0,True,1.5333333333333332,True,3.033333333333333,False,0.0,False,0.0,True,1.449,False,0.0,3-5人気,2-5倍
202403020710,2024,2.0,1.0,5.0,3.9,2.6,14.1,False,0.0,False,0.0,False,0.0,False,0.0,False,0.0,False,0.0,False,0.0,1-2人気,2-5倍
202403020711,2024,3.0,2.0,1.0,6.9,3.9,2.0,False,0.0,False,0.0,False,0.0,False,0.0,False,0.0,False,0.0,False,0.0,3-5人気,5-10倍
202403020712,2024,4.0,8.0,9.0,5.6,30.3,38.8,False,0.0,False,0.0,False,0.0,False,0.0,False,0.0,False,0.0,False,0.0,3-5人気,5-10倍
202403020801,2024,2.0,1.0,11.0,3.3,2.0,52.8,True,3.3,True,1.0999999999999999,False,0.0,False,0.0,False,0.0,False,0.0,False,0.0,1-2人気,2-5倍
202403020802,2024,2.0,1.0,6.0,4.7,3.5,9.4,False,0.0,False,0.0,False,0.0,False,0.0,False,0.0,False,0.0,False,0.0,1-2人気,2-5倍
202403020803,2024,2.0,1.0,3.0,3.6,1.8,7.2,False,0.0,False,0.0,False,0.0,False,0.0,False,0.0,False,0.0,False,0.0,1-2人気,2-5倍
202403020804,2024,1.0,11.0,16.0,2.0,64.6,296.9,False,0.0,True,0.6666666666666666,False,0.0,False,0.0,False,0.0,False,0.0,False,0.0,1-2人気,1-2倍
202403020805,2024,1.0,9.0,2.0,1.6,54.1,5.5,True,1.6,True,0.5333333333333333,False,0.0,False,0.0,False,0.0,False,0.0,False,0.0,1-2人気,1-2倍
202403020806,2024,1.0,9.0,3.0,2.5,58.3,5.4,False,0.0,True,0.8333333333333334,False,0.0,False,0.0,False,0.0,False,0.0,False,0.0,1-2人気,2-5倍
202403020807,2024,1.0,3.0,4.0,2.9,4.7,8.0,False,0.0,True,0.9666666666666667,False,0.0,False,0.0,False,0.0,False,0.0,False,0.0,1-2人気,2-5倍
202403020808,2024,1.0,2.0,7.0,2.0,5.7,16.7,True,2.0,True,0.6666666666666666,False,0.0,False,0.0,False,0.0,False,0.0,False,0.0,1-2人気,1-2倍
202403020809,2024,4.0,2.0,1.0,6.8,4.2,2.7,True,6.8,True,2.2666666666666666,False,0.0,False,0.0,False,0.0,False,0.0,False,0.0,3-5人気,5-10倍
202403020810,2024,1.0,2.0,4.0,3.0,3.2,8.8,False,0.0,False,0.0,False,0.0,False,0.0,False,0.0,False,0.0,False,0.0,1-2人気,2-5倍
202403020811,2024,3.0,4.0,2.0,5.1,9.5,4.6,False,0.0,True,1.7,False,0.0,False,0.0,False,0.0,False,0.0,False,0.0,3-5人気,5-10倍
202403020812,2024,4.0,2.0,9.0,7.0,5.4,72.7,False,0.0,False,0.0,False,0.0,False,0.0,False,0.0,False,0.0,False,0.0,3-5人気,5-10倍
202403030101,2024,2.0,3.0,9.0,6.0,6.5,47.2,False,0.0,True,2.0,True,4.166666666666667,False,0.0,False,0.0,False,0.0,False,0.0,1-2人気,5-10倍
202403030102,2024,2.0,1.0,6.0,4.7,3.5,11.1,False,0.0,False,0.0,False,0.0,False,0.0,False,0.0,False,0.0,False,0.0,1-2人気,2-5倍
202403030103,2024,3.0,6.0,5.0,5.3,7.4,7.3,False,0.0,False,0.0,False,0.0,False,0.0,False,0.0,False,0.0,False,0.0,3-5人気,5-10倍
202403030104,2024,11.0,14.0,5.0,27.0,195.6,8.9,False,0.0,False,0.0,False,0.0,False,0.0,False,0.0,False,0.0,False,0.0,11人気以下,20-50倍
202403030105,2024,2.0,3.0,1.0,4.5,5.2,3.2,False,0.0,False,0.0,False,0.0,False,0.0,False,0.0,False,0.0,False,0.0,1-2人気,2-5倍
202403030106,2024,8.0,10.0,4.0,47.9,81.1,9.0,False,0.0,True,15.966666666666667,False,0.0,False,0.0,False,0.0,False,0.0,False,0.0,6-10人気,20-50倍
202403030107,2024,4.0,6.0,11.0,6.9,14.3,37.0,False,0.0,False,0.0,False,0.0,False,0.0,False,0.0,False,0.0,False,0.0,3-5人気,5-10倍
202403030108,2024,2.0,3.0,6.0,4.5,6.9,12.4,False,0.0,False,0.0,False,0.0,False,0.0,False,0.0,False,0.0,False,0.0,1-2人気,2-5倍
202403030109,2024,7.0,2.0,11.0,20.1,3.4,46.5,False,0.0,False,0.0,False,0.0,False,0.0,False,0.0,False,0.0,False,0.0,6-10人気,20-50倍
202403030110,2024,2.0,4.0,6.0,4.9,6.5,11.9,False,0.0,False,0.0,False,0.0,False,0.0,False,0.0,False,0.0,False,0.0,1-2人気,2-5倍
202403030111,2024,1.0,4.0,8.0,3.7,5.9,20.3,True,3.7,True,1.2333333333333334,False,0.0,False,0.0,False,0.0,False,0.0,False,0.0,1-2人気,2-5倍
202403030112,2024,4.0,2.0,1.0,8.1,4.1,2.6,False,0.0,False,0.0,False,0.0,False,0.0,False,0.0,False,0.0,False,0.0,3-5人気,5-10倍
202403030201,2024,4.0,1.0,3.0,10.4,2.1,8.7,False,0.0,False,0.0,False,0.0,False,0.0,False,0.0,False,0.0,False,0.0,3-5人気,10-20倍
202403030202,2024,3.0,2.0,5.0,5.3,4.4,10.2,True,5.3,True,1.7666666666666666,True,3.233333333333333,False,0.0,False,0.0,False,0.0,False,0.0,3-5人気,5-10倍
202403030203,2024,4.0,6.0,10.0,6.3,13.4,30.9,False,0.0,False,0.0,False,0.0,False,0.0,False,0.0,False,0.0,False,0.0,3-5人気,5-10倍
202403030204,2024,4.0,5.0,1.0,8.6,15.6,1.3,False,0.0,False,0.0,False,0.0,False,0.0,False,0.0,False,0.0,False,0.0,3-5人気,5-10倍
202403030205,2024,2.0,6.0,3.0,2.6,20.8,4.1,False,0.0,False,0.0,False,0.0,False,0.0,False,0.0,False,0.0,False,0.0,1-2人気,2-5倍
202403030206,2024,4.0,1.0,11.0,8.3,2.3,64.1,False,0.0,False,0.0,False,0.0,False,0.0,False,0.0,False,0.0,False,0.0,3-5人気,5-10倍
202403030207,2024,1.0,2.0,9.0,4.2,5.5,17.1,False,0.0,False,0.0,False,0.0,False,0.0,False,0.0,False,0.0,False,0.0,1-2人気,2-5倍
202403030208,2024,1.0,11.0,5.0,2.8,41.4,12.0,False,0.0,False,0.0,False,0.0,False,0.0,False,0.0,False,0.0,False,0.0,1-2人気,2-5倍
202403030209,2024,6.0,11.0,3.0,12.5,37.1,6.0,False,0.0,False,0.0,False,0.0,False,0.0,False,0.0,False,0.0,False,0.0,6-10人気,10-20倍
202403030210,2024,1.0,10.0,3.0,3.3,43.7,5.2,False,0.0,False,0.0,False,0.0,False,0.0,False,0.0,False,0.0,False,0.0,1-2人気,2-5倍
202403030211,2024,2.0,5.0,3.0,3.8,14.2,7.4,True,3.8,True,1.2666666666666666,True,6.0,False,0.0,False,0.0,True,13.310133333333333,False,0.0,1-2人気,2-5倍
202403030212,2024,6.0,4.0,3.0,17.1,16.5,13.5,False,0.0,True,5.7,False,0.0,False,0.0,False,0.0,False,0.0,False,0.0,6-10人気,10-20倍
202403030301,2024,1.0,2.0,5.0,2.7,3.0,9.9,False,0.0,False,0.0,False,0.0,False,0.0,False,0.0,False,0.0,False,0.0,1-2人気,2-5倍
202403030302,2024,5.0,3.0,2.0,15.5,7.0,2.9,False,0.0,False,0.0,False,0.0,False,0.0,False,0.0,False,0.0,False,0.0,3-5人気,10-20倍
202403030303,2024,1.0,5.0,4.0,3.0,9.4,7.5,True,3.0,True,1.0,False,0.0,False,0.0,False,0.0,False,0.0,False,0.0,1-2人気,2-5倍
202403030304,2024,5.0,2.0,4.0,6.2,4.2,5.3,False,0.0,False,0.0,False,0.0,False,0.0,False,0.0,False,0.0,False,0.0,3-5人気,5-10倍
202403030305,2024,9.0,1.0,4.0,14.2,4.0,8.9,False,0.0,False,0.0,False,0.0,False,0.0,False,0.0,False,0.0,False,0.0,6-10人気,10-20倍
202403030306,2024,1.0,6.0,4.0,5.4,9.1,6.8,False,0.0,False,0.0,False,0.0,False,0.0,False,0.0,False,0.0,False,0.0,1-2人気,5-10倍
202403030307,2024,8.0,6.0,5.0,21.5,13.2,10.5,False,0.0,False,0.0,False,0.0,False,0.0,False,0.0,False,0.0,False,0.0,6-10人気,20-50倍
202403030308,2024,7.0,2.0,9.0,12.7,4.2,37.0,False,0.0,False,0.0,False,0.0,False,0.0,False,0.0,False,0.0,False,0.0,6-10人気,10-20倍
202403030309,2024,4.0,3.0,11.0,9.5,7.0,100.7,False,0.0,False,0.0,False,0.0,False,0.0,False,0.0,False,0.0,False,0.0,3-5人気,5-10倍
202403030310,2024,10.0,11.0,9.0,20.2,20.2,17.4,False,0.0,False,0.0,False,0.0,False,0.0,False,0.0,False,0.0,False,0.0,6-10人気,20-50倍
202403030311,2024,2.0,1.0,10.0,5.0,4.3,46.1,False,0.0,True,1.6666666666666667,True,3.1,False,0.0,False,0.0,False,0.0,False,0.0,1-2人気,2-5倍
202403030312,2024,7.0,1.0,5.0,18.5,3.9,7.8,False,0.0,False,0.0,False,0.0,False,0.0,False,0.0,False,0.0,False,0.0,6-10人気,10-20倍
202403030401,2024,1.0,2.0,4.0,3.8,4.9,6.8,False,0.0,False,0.0,False,0.0,False,0.0,False,0.0,False,0.0,False,0.0,1-2人気,2-5倍
202403030402,2024,4.0,3.0,1.0,8.8,7.4,1.7,False,0.0,False,0.0,False,0.0,False,0.0,False,0.0,False,0.0,False,0.0,3-5人気,5-10倍
202403030403,2024,1.0,5.0,9.0,2.9,10.5,54.0,True,2.9,True,0.9666666666666667,False,0.0,False,0.0,False,0.0,False,0.0,False,0.0,1-2人気,2-5倍
202403030404,2024,1.0,4.0,3.0,2.5,9.5,6.3,False,0.0,True,0.8333333333333334,False,0.0,False,0.0,False,0.0,False,0.0,False,0.0,1-2人気,2-5倍
202403030405,2024,1.0,2.0,5.0,1.6,3.9,26.6,True,1.6,True,0.5333333333333333,True,1.8333333333333333,True,0.624,True,1.248,False,0.0,False,0.0,1-2人気,1-2倍
202403030406,2024,2.0,4.0,3.0,4.5,8.5,6.8,False,0.0,False,0.0,False,0.0,False,0.0,False,0.0,False,0.0,False,0.0,1-2人気,2-5倍
202403030407,2024,1.0,9.0,13.0,2.8,25.8,78.0,False,0.0,False,0.0,False,0.0,False,0.0,False,0.0,False,0.0,False,0.0,1-2人気,2-5倍
202403030408,2024,1.0,3.0,5.0,3.4,4.3,12.0,False,0.0,True,1.1333333333333333,False,0.0,False,0.0,False,0.0,False,0.0,False,0.0,1-2人気,2-5倍
202403030409,2024,2.0,3.0,1.0,4.2,5.8,3.6,False,0.0,False,0.0,False,0.0,False,0.0,False,0.0,False,0.0,False,0.0,1-2人気,2-5倍
202403030410,2024,6.0,12.0,10.0,10.6,24.9,18.2,False,0.0,False,0.0,False,0.0,False,0.0,False,0.0,False,0.0,False,0.0,6-10人気,10-20倍
202403030411,2024,2.0,6.0,3.0,5.0,11.2,7.0,False,0.0,False,0.0,False,0.0,False,0.0,False,0.0,False,0.0,False,0.0,1-2人気,2-5倍
202403030412,2024,2.0,6.0,3.0,7.5,15.3,8.1,False,0.0,False,0.0,False,0.0,False,0.0,False,0.0,False,0.0,False,0.0,1-2人気,5-10倍
202403030501,2024,5.0,7.0,2.0,8.6,14.5,4.9,False,0.0,True,2.8666666666666667,False,0.0,False,0.0,False,0.0,False,0.0,False,0.0,3-5人気,5-10倍
202403030502,2024,4.0,2.0,1.0,7.1,3.9,3.0,False,0.0,False,0.0,False,0.0,False,0.0,False,0.0,False,0.0,False,0.0,3-5人気,5-10倍
202403030503,2024,4.0,6.0,2.0,9.2,18.1,2.9,False,0.0,True,3.0666666666666664,False,0.0,False,0.0,False,0.0,False,0.0,False,0.0,3-5人気,5-10倍
202403030504,2024,1.0,4.0,7.0,3.0,7.7,13.9,False,0.0,True,1.0,False,0.0,False,0.0,False,0.0,False,0.0,False,0.0,1-2人気,2-5倍
202403030505,2024,4.0,7.0,1.0,9.6,12.4,2.9,False,0.0,False,0.0,False,0.0,False,0.0,False,0.0,False,0.0,False,0.0,3-5人気,5-10倍
202403030506,2024,11.0,3.0,4.0,35.1,7.3,7.5,False,0.0,False,0.0,False,0.0,False,0.0,False,0.0,False,0.0,False,0.0,11人気以下,20-50倍
202403030507,2024,10.0,1.0,2.0,29.4,3.1,5.0,True,29.4,True,9.799999999999999,False,0.0,False,0.0,False,0.0,False,0.0,False,0.0,6-10人気,20-50倍
202403030508,2024,3.0,2.0,5.0,5.6,4.9,7.9,False,0.0,True,1.8666666666666665,False,0.0,False,0.0,False,0.0,False,0.0,False,0.0,3-5人気,5-10倍
202403030509,2024,3.0,5.0,1.0,7.0,7.7,3.8,True,7.0,True,2.3333333333333335,False,0.0,False,0.0,False,0.0,False,0.0,False,0.0,3-5人気,5-10倍
202403030510,2024,2.0,9.0,1.0,3.8,24.9,2.6,False,0.0,False,0.0,False,0.0,False,0.0,False,0.0,False,0.0,False,0.0,1-2人気,2-5倍
202403030511,2024,2.0,6.0,3.0,7.1,9.9,7.3,False,0.0,True,2.3666666666666667,False,0.0,False,0.0,False,0.0,False,0.0,False,0.0,1-2人気,5-10倍
202403030512,2024,11.0,3.0,6.0,33.7,6.3,15.2,False,0.0,False,0.0,False,0.0,False,0.0,False,0.0,False,0.0,False,0.0,11人気以下,20-50倍
202403030601,2024,2.0,1.0,5.0,3.4,2.8,15.5,True,3.4,True,1.1333333333333333,False,0.0,False,0.0,False,0.0,False,0.0,False,0.0,1-2人気,2-5倍
202403030602,2024,7.0,11.0,1.0,18.7,50.5,3.2,False,0.0,False,0.0,False,0.0,False,0.0,False,0.0,False,0.0,False,0.0,6-10人気,10-20倍
202403030603,2024,3.0,4.0,11.0,5.0,8.5,29.7,True,5.0,True,1.6666666666666667,False,0.0,False,0.0,False,0.0,False,0.0,False,0.0,3-5人気,2-5倍
202403030604,2024,1.0,2.0,5.0,1.5,5.3,15.2,False,0.0,False,0.0,False,0.0,False,0.0,False,0.0,False,0.0,False,0.0,1-2人気,1-2倍
202403030605,2024,1.0,2.0,3.0,4.1,5.4,6.0,True,4.1,True,1.3666666666666665,True,3.1666666666666665,False,0.0,False,0.0,False,0.0,False,0.0,1-2人気,2-5倍
202403030606,2024,3.0,1.0,2.0,5.0,4.0,4.4,True,5.0,True,1.6666666666666667,False,0.0,False,0.0,False,0.0,False,0.0,False,0.0,3-5人気,2-5倍
202403030607,2024,10.0,5.0,8.0,38.9,10.8,19.0,False,0.0,False,0.0,False,0.0,False,0.0,False,0.0,False,0.0,False,0.0,6-10人気,20-50倍
202403030608,2024,8.0,1.0,7.0,21.4,3.0,18.0,False,0.0,False,0.0,False,0.0,False,0.0,False,0.0,False,0.0,False,0.0,6-10人気,20-50倍
202403030609,2024,1.0,4.0,3.0,2.9,8.2,6.8,True,2.9,True,0.9666666666666667,False,0.0,False,0.0,False,0.0,False,0.0,False,0.0,1-2人気,2-5倍
202403030610,2024,5.0,6.0,1.0,9.1,12.2,3.6,False,0.0,False,0.0,False,0.0,False,0.0,False,0.0,False,0.0,False,0.0,3-5人気,5-10倍
202403030611,2024,1.0,7.0,4.0,4.1,15.2,6.8,True,4.1,True,1.3666666666666665,True,6.433333333333333,False,0.0,False,0.0,False,0.0,False,0.0,1-2人気,2-5倍
202403030612,2024,6.0,5.0,10.0,15.0,8.8,34.2,False,0.0,False,0.0,False,0.0,False,0.0,False,0.0,False,0.0,False,0.0,6-10人気,10-20倍
202404010101,2024,5.0,3.0,4.0,8.2,7.0,8.1,False,0.0,False,0.0,False,0.0,False,0.0,False,0.0,False,0.0,False,0.0,3-5人気,5-10倍
202404010102,2024,5.0,4.0,1.0,10.6,7.6,2.9,False,0.0,True,3.533333333333333,False,0.0,False,0.0,False,0.0,False,0.0,False,0.0,3-5人気,10-20倍
202404010103,2024,1.0,7.0,2.0,2.1,22.2,3.4,False,0.0,True,0.7000000000000001,False,0.0,False,0.0,False,0.0,False,0.0,False,0.0,1-2人気,2-5倍
202404010104,2024,6.0,3.0,1.0,14.4,5.6,2.5,True,14.4,True,4.8,False,0.0,False,0.0,False,0.0,False,0.0,False,0.0,6-10人気,10-20倍
202404010105,2024,10.0,4.0,2.0,131.2,17.9,4.7,False,0.0,False,0.0,False,0.0,False,0.0,False,0.0,False,0.0,False,0.0,6-10人気,50倍以上
202404010106,2024,7.0,6.0,2.0,16.2,15.0,4.5,False,0.0,False,0.0,False,0.0,False,0.0,False,0.0,False,0.0,False,0.0,6-10人気,10-20倍
202404010107,2024,3.0,2.0,7.0,4.5,4.5,44.5,False,0.0,True,1.5,True,3.0,False,0.0,False,0.0,False,0.0,False,0.0,3-5人気,2-5倍
202404010108,2024,1.0,5.0,2.0,3.6,6.7,3.7,False,0.0,False,0.0,False,0.0,False,0.0,False,0.0,False,0.0,False,0.0,1-2人気,2-5倍
202404010109,2024,3.0,2.0,5.0,4.4,3.4,16.1,True,4.4,True,1.4666666666666668,False,0.0,False,0.0,False,0.0,False,0.0,False,0.0,3-5人気,2-5倍
202404010110,2024,5.0,7.0,3.0,7.1,13.8,5.1,False,0.0,False,0.0,False,0.0,False,0.0,False,0.0,False,0.0,False,0.0,3-5人気,5-10倍
202404010111,2024,1.0,4.0,3.0,3.9,6.2,6.0,True,3.9,True,1.3,True,3.3666666666666667,False,0.0,False,0.0,False,0.0,False,0.0,1-2人気,2-5倍
202404010112,2024,1.0,2.0,6.0,3.8,4.1,9.0,False,0.0,True,1.2666666666666666,True,2.6333333333333333,True,1.5579999999999998,False,0.0,False,0.0,False,0.0,1-2人気,2-5倍
202404010201,2024,4.0,12.0,11.0,5.8,45.5,42.0,False,0.0,False,0.0,False,0.0,False,0.0,False,0.0,False,0.0,False,0.0,3-5人気,5-10倍
202404010202,2024,1.0,2.0,11.0,1.8,3.3,122.8,True,1.8,True,0.6,True,1.7,False,0.0,False,0.0,False,0.0,False,0.0,1-2人気,1-2倍
202404010203,2024,5.0,2.0,10.0,8.8,3.1,76.0,False,0.0,False,0.0,False,0.0,False,0.0,False,0.0,False,0.0,False,0.0,3-5人気,5-10倍
202404010204,2024,1.0,3.0,2.0,2.7,5.4,4.2,True,2.7,True,0.9,True,2.7000000000000006,True,1.4580000000000002,True,2.9160000000000004,False,0.0,False,0.0,1-2人気,2-5倍
202404010205,2024,3.0,4.0,8.0,3.5,9.9,27.5,False,0.0,False,0.0,False,0.0,False,0.0,False,0.0,False,0.0,False,0.0,3-5人気,2-5倍
202404010206,2024,1.0,3.0,2.0,2.5,3.6,2.7,False,0.0,True,0.8333333333333334,False,0.0,False,0.0,False,0.0,False,0.0,False,0.0,1-2人気,2-5倍
202404010207,2024,1.0,2.0,6.0,4.1,4.5,11.2,False,0.0,False,0.0,False,0.0,False,0.0,False,0.0,False,0.0,False,0.0,1-2人気,2-5倍
202404010208,2024,1.0,6.0,2.0,2.3,17.6,3.4,False,0.0,False,0.0,False,0.0,False,0.0,False,0.0,False,0.0,False,0.0,1-2人気,2-5倍
202404010209,2024,3.0,1.0,9.0,6.5,2.3,35.7,False,0.0,False,0.0,False,0.0,False,0.0,False,0.0,False,0.0,False,0.0,3-5人気,5-10倍
202404010210,2024,1.0,7.0,2.0,4.8,15.0,5.1,False,0.0,False,0.0,False,0.0,False,0.0,False,0.0,False,0.0,False,0.0,1-2人気,2-5倍
202404010211,2024,1.0,7.0,9.0,4.2,13.7,19.1,False,0.0,True,1.4000000000000001,False,0.0,False,0.0,False,0.0,False,0.0,False,0.0,1-2人気,2-5倍
202404010212,2024,2.0,1.0,7.0,3.9,1.6,35.4,False,0.0,False,0.0,False,0.0,False,0.0,False,0.0,False,0.0,False,0.0,1-2人気,2-5倍
202404010301,2024,1.0,3.0,6.0,1.8,9.1,16.2,False,0.0,True,0.6,False,0.0,False,0.0,False,0.0,False,0.0,False,0.0,1-2人気,1-2倍
202404010302,2024,1.0,5.0,3.0,2.7,15.5,3.7,True,2.7,True,0.9,False,0.0,False,0.0,False,0.0,False,0.0,False,0.0,1-2人気,2-5倍
202404010303,2024,4.0,1.0,5.0,9.5,1.5,10.0,False,0.0,True,3.1666666666666665,False,0.0,False,0.0,False,0.0,False,0.0,False,0.0,3-5人気,5-10倍
202404010304,2024,1.0,2.0,4.0,1.5,4.7,11.0,False,0.0,True,0.5,True,2.066666666666667,False,0.0,False,0.0,False,0.0,False,0.0,1-2人気,1-2倍
202404010305,2024,3.0,10.0,15.0,5.8,40.3,212.8,False,0.0,False,0.0,False,0.0,False,0.0,False,0.0,False,0.0,False,0.0,3-5人気,5-10倍
202404010306,2024,5.0,9.0,1.0,8.0,92.9,2.7,False,0.0,False,0.0,False,0.0,False,0.0,False,0.0,False,0.0,False,0.0,3-5人気,5-10倍
202404010307,2024,1.0,7.0,6.0,4.2,8.8,8.8,False,0.0,True,1.4000000000000001,False,0.0,False,0.0,False,0.0,False,0.0,False,0.0,1-2人気,2-5倍
202404010308,2024,1.0,3.0,7.0,1.8,6.1,18.9,False,0.0,True,0.6,False,0.0,False,0.0,False,0.0,False,0.0,False,0.0,1-2人気,1-2倍
202404010309,2024,12.0,4.0,8.0,34.3,10.0,24.4,False,0.0,False,0.0,False,0.0,False,0.0,False,0.0,False,0.0,False,0.0,11人気以下,20-50倍
202404010310,2024,3.0,9.0,7.0,6.3,24.2,10.9,False,0.0,False,0.0,False,0.0,False,0.0,False,0.0,False,0.0,False,0.0,3-5人気,5-10倍
202404010311,2024,4.0,1.0,2.0,8.9,3.4,5.1,False,0.0,False,0.0,False,0.0,False,0.0,False,0.0,False,0.0,False,0.0,3-5人気,5-10倍
202404010312,2024,4.0,1.0,10.0,6.2,5.7,29.9,False,0.0,False,0.0,False,0.0,False,0.0,False,0.0,False,0.0,False,0.0,3-5人気,5-10倍
202404010401,2024,2.0,7.0,5.0,4.0,19.9,13.6,False,0.0,False,0.0,False,0.0,False,0.0,False,0.0,False,0.0,False,0.0,1-2人気,2-5倍
202404010402,2024,1.0,2.0,6.0,2.6,3.5,36.5,True,2.6,True,0.8666666666666667,False,0.0,False,0.0,False,0.0,False,0.0,False,0.0,1-2人気,2-5倍
202404010403,2024,3.0,4.0,10.0,4.7,6.9,43.7,False,0.0,False,0.0,False,0.0,False,0.0,False,0.0,False,0.0,False,0.0,3-5人気,2-5倍
202404010404,2024,1.0,2.0,8.0,3.4,4.0,24.6,False,0.0,True,1.1333333333333333,False,0.0,False,0.0,False,0.0,False,0.0,False,0.0,1-2人気,2-5倍
202404010405,2024,2.0,10.0,5.0,4.2,50.0,7.4,False,0.0,False,0.0,False,0.0,False,0.0,False,0.0,False,0.0,False,0.0,1-2人気,2-5倍
202404010406,2024,1.0,2.0,3.0,1.6,6.5,7.3,False,0.0,True,0.5333333333333333,False,0.0,False,0.0,False,0.0,False,0.0,False,0.0,1-2人気,1-2倍
202404010407,2024,3.0,4.0,1.0,5.2,7.6,3.3,False,0.0,True,1.7333333333333334,True,4.266666666666667,False,0.0,False,0.0,True,4.347199999999999,False,0.0,3-5人気,5-10倍
202404010408,2024,2.0,4.0,9.0,4.0,10.6,35.0,False,0.0,True,1.3333333333333333,False,0.0,False,0.0,False,0.0,False,0.0,False,0.0,1-2人気,2-5倍
202404010409,2024,2.0,1.0,3.0,4.6,4.0,4.8,False,0.0,False,0.0,False,0.0,False,0.0,False,0.0,False,0.0,False,0.0,1-2人気,2-5倍
202404010410,2024,3.0,7.0,1.0,5.8,15.6,3.9,False,0.0,False,0.0,False,0.0,False,0.0,False,0.0,False,0.0,False,0.0,3-5人気,5-10倍
202404010411,2024,1.0,6.0,7.0,3.4,10.8,15.9,False,0.0,False,0.0,False,0.0,False,0.0,False,0.0,False,0.0,False,0.0,1-2人気,2-5倍
202404010412,2024,2.0,3.0,1.0,4.3,4.5,3.8,False,0.0,True,1.4333333333333333,True,2.9333333333333336,True,1.9349999999999998,False,0.0,False,0.0,False,0.0,1-2人気,2-5倍
202404010501,2024,6.0,3.0,12.0,24.7,3.9,96.8,False,0.0,False,0.0,False,0.0,False,0.0,False,0.0,False,0.0,False,0.0,6-10人気,20-50倍
202404010502,2024,2.0,5.0,1.0,10.0,16.7,1.3,False,0.0,False,0.0,False,0.0,False,0.0,False,0.0,False,0.0,False,0.0,1-2人気,5-10倍
202404010503,2024,8.0,9.0,6.0,35.3,37.7,14.7,False,0.0,False,0.0,False,0.0,False,0.0,False,0.0,False,0.0,False,0.0,6-10人気,20-50倍
202404010504,2024,3.0,5.0,7.0,5.0,6.6,12.0,False,0.0,False,0.0,False,0.0,False,0.0,False,0.0,False,0.0,False,0.0,3-5人気,2-5倍
202404010505,2024,11.0,4.0,7.0,144.0,8.4,20.3,False,0.0,False,0.0,False,0.0,False,0.0,False,0.0,False,0.0,False,0.0,11人気以下,50倍以上
202404010506,2024,4.0,2.0,8.0,6.9,4.1,29.3,False,0.0,True,2.3000000000000003,False,0.0,False,0.0,False,0.0,False,0.0,False,0.0,3-5人気,5-10倍
202404010507,2024,2.0,4.0,1.0,4.5,7.8,1.8,False,0.0,True,1.5,False,0.0,False,0.0,False,0.0,False,0.0,False,0.0,1-2人気,2-5倍
202404010508,2024,1.0,4.0,6.0,2.0,8.2,20.0,False,0.0,True,0.6666666666666666,False,0.0,False,0.0,False,0.0,False,0.0,False,0.0,1-2人気,1-2倍
202404010509,2024,9.0,3.0,4.0,41.3,4.2,8.8,False,0.0,False,0.0,False,0.0,False,0.0,False,0.0,False,0.0,False,0.0,6-10人気,20-50倍
202404010510,2024,1.0,5.0,4.0,2.0,12.1,6.2,False,0.0,True,0.6666666666666666,False,0.0,False,0.0,False,0.0,False,0.0,False,0.0,1-2人気,1-2倍
202404010511,2024,1.0,8.0,2.0,3.1,11.7,3.6,True,3.1,True,1.0333333333333334,False,0.0,False,0.0,False,0.0,False,0.0,False,0.0,1-2人気,2-5倍
202404010512,2024,1.0,7.0,4.0,2.1,19.6,9.7,False,0.0,False,0.0,False,0.0,False,0.0,False,0.0,False,0.0,False,0.0,1-2人気,2-5倍
202404010601,2024,4.0,1.0,7.0,7.5,2.1,35.8,False,0.0,True,2.5,True,3.1999999999999997,False,0.0,False,0.0,False,0.0,False,0.0,3-5人気,5-10倍
202404010602,2024,4.0,12.0,3.0,8.7,140.9,4.8,False,0.0,True,2.9,True,49.86666666666667,False,0.0,False,0.0,True,196.13279999999997,False,0.0,3-5人気,5-10倍
202404010603,2024,1.0,7.0,12.0,1.9,39.4,164.4,False,0.0,True,0.6333333333333333,False,0.0,False,0.0,False,0.0,False,0.0,False,0.0,1-2人気,1-2倍
202404010604,2024,2.0,5.0,3.0,3.5,9.3,5.3,False,0.0,False,0.0,False,0.0,False,0.0,False,0.0,False,0.0,False,0.0,1-2人気,2-5倍
202404010605,2024,3.0,1.0,8.0,5.1,2.0,35.7,False,0.0,True,1.7,False,0.0,False,0.0,False,0.0,False,0.0,False,0.0,3-5人気,5-10倍
202404010606,2024,1.0,3.0,2.0,2.4,5.5,3.5,False,0.0,True,0.7999999999999999,False,0.0,False,0.0,False,0.0,False,0.0,False,0.0,1-2人気,2-5倍
202404010607,2024,3.0,10.0,1.0,4.5,60.6,3.5,False,0.0,True,1.5,False,0.0,False,0.0,False,0.0,False,0.0,False,0.0,3-5人気,2-5倍
202404010608,2024,1.0,2.0,8.0,2.3,4.4,22.8,False,0.0,True,0.7666666666666666,True,2.2333333333333334,False,0.0,False,0.0,False,0.0,False,0.0,1-2人気,2-5倍
202404010609,2024,2.0,5.0,3.0,4.4,10.1,6.8,False,0.0,False,0.0,False,0.0,False,0.0,False,0.0,False,0.0,False,0.0,1-2人気,2-5倍
202404010610,2024,4.0,2.0,1.0,7.7,4.9,3.2,False,0.0,True,2.566666666666667,False,0.0,False,0.0,False,0.0,False,0.0,False,0.0,3-5人気,5-10倍
202404010611,2024,2.0,1.0,6.0,4.6,2.8,16.5,False,0.0,False,0.0,False,0.0,False,0.0,False,0.0,False,0.0,False,0.0,1-2人気,2-5倍
202404010612,2024,2.0,1.0,9.0,5.0,2.5,26.5,False,0.0,True,1.6666666666666667,False,0.0,False,0.0,False,0.0,False,0.0,False,0.0,1-2人気,2-5倍
202404010701,2024,1.0,2.0,3.0,3.7,3.7,7.3,False,0.0,True,1.2333333333333334,False,0.0,False,0.0,False,0.0,False,0.0,False,0.0,1-2人気,2-5倍
202404010702,2024,5.0,2.0,8.0,12.8,3.3,26.9,False,0.0,False,0.0,False,0.0,False,0.0,False,0.0,False,0.0,False,0.0,3-5人気,10-20倍
202404010703,2024,10.0,6.0,3.0,95.2,23.3,7.5,False,0.0,False,0.0,False,0.0,False,0.0,False,0.0,False,0.0,False,0.0,6-10人気,50倍以上
202404010704,2024,4.0,1.0,3.0,11.1,2.0,8.2,False,0.0,False,0.0,False,0.0,False,0.0,False,0.0,False,0.0,False,0.0,3-5人気,10-20倍
202404010705,2024,6.0,5.0,3.0,10.9,10.7,7.6,True,10.9,True,3.6333333333333333,False,0.0,False,0.0,False,0.0,False,0.0,False,0.0,6-10人気,10-20倍
202404010706,2024,8.0,6.0,13.0,30.1,11.0,79.8,False,0.0,False,0.0,False,0.0,False,0.0,False,0.0,False,0.0,False,0.0,6-10人気,20-50倍
202404010707,2024,3.0,5.0,11.0,5.3,16.2,80.9,False,0.0,False,0.0,False,0.0,False,0.0,False,0.0,False,0.0,False,0.0,3-5人気,5-10倍
202404010708,2024,1.0,3.0,2.0,2.9,6.7,4.2,True,2.9,True,0.9666666666666667,False,0.0,False,0.0,False,0.0,False,0.0,False,0.0,1-2人気,2-5倍
202404010709,2024,8.0,10.0,3.0,13.2,23.0,5.7,False,0.0,False,0.0,False,0.0,False,0.0,False,0.0,False,0.0,False,0.0,6-10人気,10-20倍
202404010710,2024,3.0,7.0,4.0,4.4,12.8,6.5,True,4.4,True,1.4666666666666668,False,0.0,False,0.0,False,0.0,False,0.0,False,0.0,3-5人気,2-5倍
202404010711,2024,4.0,1.0,5.0,7.7,4.5,8.2,True,7.7,True,2.566666666666667,False,0.0,False,0.0,False,0.0,False,0.0,False,0.0,3-5人気,5-10倍
202404010712,2024,5.0,2.0,6.0,13.1,4.2,19.5,False,0.0,False,0.0,False,0.0,False,0.0,False,0.0,False,0.0,False,0.0,3-5人気,10-20倍
202404010801,2024,2.0,5.0,7.0,3.9,11.2,16.3,False,0.0,False,0.0,False,0.0,False,0.0,False,0.0,False,0.0,False,0.0,1-2人気,2-5倍
202404010802,2024,14.0,6.0,4.0,146.9,9.4,5.8,False,0.0,False,0.0,False,0.0,False,0.0,False,0.0,False,0.0,False,0.0,11人気以下,50倍以上
202404010803,2024,3.0,2.0,15.0,5.9,4.1,298.4,False,0.0,False,0.0,False,0.0,False,0.0,False,0.0,False,0.0,False,0.0,3-5人気,5-10倍
202404010804,2024,2.0,4.0,1.0,6.5,9.2,2.0,False,0.0,False,0.0,False,0.0,False,0.0,False,0.0,False,0.0,False,0.0,1-2人気,5-10倍
202404010805,2024,8.0,2.0,1.0,19.4,5.4,3.8,False,0.0,False,0.0,False,0.0,False,0.0,False,0.0,False,0.0,False,0.0,6-10人気,10-20倍
202404010806,2024,1.0,5.0,12.0,3.1,11.1,102.2,True,3.1,True,1.0333333333333334,False,0.0,False,0.0,False,0.0,False,0.0,False,0.0,1-2人気,2-5倍
202404010807,2024,7.0,3.0,10.0,12.6,6.1,22.9,False,0.0,True,4.2,False,0.0,False,0.0,False,0.0,False,0.0,False,0.0,6-10人気,10-20倍
202404010808,2024,5.0,13.0,1.0,10.2,38.6,2.9,False,0.0,False,0.0,False,0.0,False,0.0,False,0.0,False,0.0,False,0.0,3-5人気,10-20倍
202404010809,2024,2.0,11.0,4.0,4.1,53.6,8.8,False,0.0,True,1.3666666666666665,False,0.0,False,0.0,False,0.0,False,0.0,False,0.0,1-2人気,2-5倍
202404010810,2024,1.0,3.0,9.0,2.1,11.2,28.2,True,2.1,True,0.7000000000000001,False,0.0,False,0.0,False,0.0,False,0.0,False,0.0,1-2人気,2-5倍
202404010811,2024,9.0,2.0,1.0,18.2,4.5,4.2,False,0.0,False,0.0,False,0.0,False,0.0,False,0.0,False,0.0,False,0.0,6-10人気,10-20倍
202404010812,2024,3.0,4.0,2.0,6.6,12.5,3.3,False,0.0,True,2.1999999999999997,False,0.0,False,0.0,False,0.0,False,0.0,False,0.0,3-5人気,5-10倍
202404020101,2024,1.0,2.0,5.0,1.1,15.2,51.3,True,1.1,True,0.3666666666666667,False,0.0,False,0.0,False,0.0,False,0.0,False,0.0,1-2人気,1-2倍
202404020102,2024,2.0,5.0,1.0,4.4,10.8,2.5,False,0.0,False,0.0,False,0.0,False,0.0,False,0.0,False,0.0,False,0.0,1-2人気,2-5倍
202404020103,2024,1.0,2.0,3.0,3.4,3.5,4.6,False,0.0,False,0.0,False,0.0,False,0.0,False,0.0,False,0.0,False,0.0,1-2人気,2-5倍
202404020104,2024,3.0,1.0,4.0,7.0,2.3,11.1,True,7.0,True,2.3333333333333335,False,0.0,False,0.0,False,0.0,False,0.0,False,0.0,3-5人気,5-10倍
202404020105,2024,2.0,5.0,3.0,4.5,9.4,5.1,False,0.0,False,0.0,False,0.0,False,0.0,False,0.0,False,0.0,False,0.0,1-2人気,2-5倍
202404020106,2024,5.0,2.0,4.0,8.4,4.4,7.9,False,0.0,False,0.0,False,0.0,False,0.0,False,0.0,False,0.0,False,0.0,3-5人気,5-10倍
202404020107,2024,1.0,3.0,7.0,2.5,5.4,19.9,False,0.0,False,0.0,False,0.0,False,0.0,False,0.0,False,0.0,False,0.0,1-2人気,2-5倍
202404020108,2024,6.0,7.0,2.0,20.4,20.6,4.5,False,0.0,False,0.0,False,0.0,False,0.0,False,0.0,False,0.0,False,0.0,6-10人気,20-50倍
202404020109,2024,4.0,1.0,2.0,6.7,3.1,3.9,False,0.0,True,2.2333333333333334,True,3.266666666666667,False,0.0,False,0.0,True,2.7001,False,0.0,3-5人気,5-10倍
202404020110,2024,1.0,8.0,9.0,1.6,40.5,41.2,False,0.0,False,0.0,False,0.0,False,0.0,False,0.0,False,0.0,False,0.0,1-2人気,1-2倍
202404020111,2024,18.0,6.0,7.0,256.3,11.7,13.3,False,0.0,False,0.0,False,0.0,False,0.0,False,0.0,False,0.0,False,0.0,11人気以下,50倍以上
202404020112,2024,1.0,3.0,5.0,3.5,6.7,8.0,False,0.0,True,1.1666666666666667,True,3.4,True,2.3449999999999998,False,0.0,False,0.0,False,0.0,1-2人気,2-5倍
202404020201,2024,3.0,1.0,6.0,6.2,1.6,23.2,False,0.0,False,0.0,False,0.0,False,0.0,False,0.0,False,0.0,False,0.0,3-5人気,5-10倍
202404020202,2024,3.0,2.0,7.0,3.2,2.8,31.2,True,3.2,True,1.0666666666666667,False,0.0,False,0.0,False,0.0,False,0.0,False,0.0,3-5人気,2-5倍
202404020203,2024,2.0,4.0,3.0,3.6,6.9,6.6,False,0.0,True,1.2,False,0.0,False,0.0,False,0.0,False,0.0,False,0.0,1-2人気,2-5倍
202404020204,2024,1.0,4.0,3.0,2.1,7.9,6.4,False,0.0,True,0.7000000000000001,False,0.0,False,0.0,False,0.0,False,0.0,False,0.0,1-2人気,2-5倍
202404020205,2024,1.0,7.0,10.0,2.3,24.8,49.7,False,0.0,False,0.0,False,0.0,False,0.0,False,0.0,False,0.0,False,0.0,1-2人気,2-5倍
202404020206,2024,1.0,4.0,2.0,3.0,8.1,4.2,False,0.0,True,1.0,True,3.6999999999999997,False,0.0,False,0.0,False,0.0,False,0.0,1-2人気,2-5倍
202404020207,2024,2.0,4.0,1.0,6.5,7.8,3.0,False,0.0,True,2.1666666666666665,False,0.0,False,0.0,False,0.0,False,0.0,False,0.0,1-2人気,5-10倍
202404020208,2024,5.0,4.0,2.0,7.8,6.9,3.9,False,0.0,False,0.0,False,0.0,False,0.0,False,0.0,False,0.0,False,0.0,3-5人気,5-10倍
202404020209,2024,6.0,2.0,1.0,20.7,4.8,2.2,False,0.0,False,0.0,False,0.0,False,0.0,False,0.0,False,0.0,False,0.0,6-10人気,20-50倍
202404020210,2024,1.0,2.0,3.0,1.7,3.0,8.4,False,0.0,True,0.5666666666666667,True,1.5666666666666667,True,0.51,False,0.0,False,0.0,False,0.0,1-2人気,1-2倍
202404020211,2024,13.0,3.0,1.0,61.2,5.1,3.4,False,0.0,False,0.0,False,0.0,False,0.0,False,0.0,False,0.0,False,0.0,11人気以下,50倍以上
202404020212,2024,5.0,11.0,4.0,8.9,56.7,7.6,True,8.9,True,2.966666666666667,False,0.0,False,0.0,False,0.0,False,0.0,False,0.0,3-5人気,5-10倍
202404020301,2024,3.0,2.0,1.0,3.8,2.5,2.0,False,0.0,True,1.2666666666666666,True,2.1,False,0.0,False,0.0,True,0.6333333333333333,False,0.0,3-5人気,2-5倍
202404020302,2024,1.0,2.0,5.0,1.1,9.3,60.7,True,1.1,True,0.3666666666666667,False,0.0,False,0.0,False,0.0,False,0.0,False,0.0,1-2人気,1-2倍
202404020303,2024,2.0,10.0,3.0,2.8,44.9,4.9,False,0.0,True,0.9333333333333332,False,0.0,False,0.0,False,0.0,False,0.0,False,0.0,1-2人気,2-5倍
202404020304,2024,1.0,2.0,3.0,2.2,3.0,5.2,False,0.0,True,0.7333333333333334,False,0.0,False,0.0,False,0.0,False,0.0,False,0.0,1-2人気,2-5倍
202404020305,2024,1.0,11.0,5.0,2.2,81.0,10.8,False,0.0,True,0.7333333333333334,False,0.0,False,0.0,False,0.0,False,0.0,False,0.0,1-2人気,2-5倍
202404020306,2024,1.0,2.0,3.0,3.3,3.3,7.0,False,0.0,False,0.0,False,0.0,False,0.0,False,0.0,False,0.0,False,0.0,1-2人気,2-5倍
202404020307,2024,2.0,4.0,9.0,3.9,10.1,27.0,False,0.0,False,0.0,False,0.0,False,0.0,False,0.0,False,0.0,False,0.0,1-2人気,2-5倍
202404020308,2024,15.0,9.0,2.0,155.7,38.4,3.2,False,0.0,False,0.0,False,0.0,False,0.0,False,0.0,False,0.0,False,0.0,11人気以下,50倍以上
202404020309,2024,1.0,2.0,6.0,1.9,4.8,15.7,False,0.0,False,0.0,False,0.0,False,0.0,False,0.0,False,0.0,False,0.0,1-2人気,1-2倍
202404020310,2024,1.0,2.0,4.0,2.8,3.7,6.6,False,0.0,True,0.9333333333333332,True,2.1666666666666665,False,0.0,False,0.0,False,0.0,False,0.0,1-2人気,2-5倍
202404020311,2024,3.0,1.0,6.0,4.2,1.9,33.9,False,0.0,True,1.4000000000000001,False,0.0,False,0.0,False,0.0,False,0.0,False,0.0,3-5人気,2-5倍
202404020312,2024,1.0,5.0,8.0,2.1,12.6,21.2,True,2.1,True,0.7000000000000001,False,0.0,False,0.0,False,0.0,False,0.0,False,0.0,1-2人気,2-5倍
202404020401,2024,1.0,3.0,4.0,2.5,4.8,6.8,False,0.0,True,0.8333333333333334,False,0.0,False,0.0,False,0.0,False,0.0,False,0.0,1-2人気,2-5倍
202404020402,2024,1.0,5.0,6.0,1.7,16.8,24.3,False,0.0,False,0.0,False,0.0,False,0.0,False,0.0,False,0.0,False,0.0,1-2人気,1-2倍
202404020403,2024,1.0,2.0,4.0,1.3,3.9,15.7,True,1.3,True,0.43333333333333335,True,1.7333333333333334,True,0.507,True,1.014,False,0.0,False,0.0,1-2人気,1-2倍
202404020404,2024,2.0,4.0,10.0,4.2,5.3,107.6,False,0.0,False,0.0,False,0.0,False,0.0,False,0.0,False,0.0,False,0.0,1-2人気,2-5倍
202404020405,2024,11.0,1.0,5.0,48.9,3.2,14.0,False,0.0,False,0.0,False,0.0,False,0.0,False,0.0,False,0.0,False,0.0,11人気以下,20-50倍
202404020406,2024,7.0,12.0,4.0,17.6,43.2,9.9,False,0.0,False,0.0,False,0.0,False,0.0,False,0.0,False,0.0,False,0.0,6-10人気,10-20倍
202404020407,2024,1.0,7.0,10.0,2.2,22.0,48.8,True,2.2,True,0.7333333333333334,False,0.0,False,0.0,False,0.0,False,0.0,False,0.0,1-2人気,2-5倍
202404020408,2024,2.0,1.0,4.0,3.8,1.7,11.0,False,0.0,True,1.2666666666666666,True,1.8333333333333333,False,0.0,False,0.0,False,0.0,False,0.0,1-2人気,2-5倍
202404020409,2024,8.0,1.0,15.0,24.2,2.7,106.5,False,0.0,False,0.0,False,0.0,False,0.0,False,0.0,False,0.0,False,0.0,6-10人気,20-50倍
202404020410,2024,11.0,3.0,9.0,50.0,3.7,33.5,False,0.0,False,0.0,False,0.0,False,0.0,False,0.0,False,0.0,False,0.0,11人気以下,20-50倍
202404020411,2024,1.0,5.0,3.0,1.9,16.5,5.9,True,1.9,True,0.6333333333333333,False,0.0,False,0.0,False,0.0,False,0.0,False,0.0,1-2人気,1-2倍
202404020412,2024,2.0,1.0,6.0,3.8,2.9,25.0,False,0.0,False,0.0,False,0.0,False,0.0,False,0.0,False,0.0,False,0.0,1-2人気,2-5倍
202404030101,2024,1.0,3.0,11.0,1.1,11.2,242.8,True,1.1,True,0.3666666666666667,True,4.1,False,0.0,False,0.0,False,0.0,False,0.0,1-2人気,1-2倍
202404030102,2024,2.0,3.0,1.0,2.7,11.4,1.7,True,2.7,True,0.9,True,4.7,True,3.0780000000000003,True,6.156000000000001,False,0.0,False,0.0,1-2人気,2-5倍
202404030103,2024,7.0,1.0,3.0,49.3,2.0,5.9,False,0.0,True,16.433333333333334,False,0.0,False,0.0,False,0.0,False,0.0,False,0.0,6-10人気,20-50倍
202404030104,2024,3.0,2.0,6.0,6.3,4.2,18.8,False,0.0,False,0.0,False,0.0,False,0.0,False,0.0,False,0.0,False,0.0,3-5人気,5-10倍
202404030105,2024,1.0,2.0,5.0,1.8,3.4,19.7,False,0.0,True,0.6,True,1.7333333333333334,True,0.612,False,0.0,False,0.0,False,0.0,1-2人気,1-2倍
202404030106,2024,1.0,2.0,3.0,1.7,5.1,7.7,True,1.7,True,0.5666666666666667,False,0.0,False,0.0,False,0.0,False,0.0,False,0.0,1-2人気,1-2倍
202404030107,2024,1.0,16.0,4.0,1.9,322.3,8.9,True,1.9,True,0.6333333333333333,False,0.0,False,0.0,False,0.0,False,0.0,False,0.0,1-2人気,1-2倍
202404030108,2024,4.0,8.0,9.0,11.7,83.2,91.5,True,11.7,True,3.9,False,0.0,False,0.0,False,0.0,False,0.0,False,0.0,3-5人気,10-20倍
202404030109,2024,9.0,8.0,6.0,17.7,13.8,13.0,False,0.0,True,5.8999999999999995,False,0.0,False,0.0,False,0.0,False,0.0,False,0.0,6-10人気,10-20倍
202404030110,2024,3.0,2.0,1.0,8.1,3.8,1.8,False,0.0,False,0.0,False,0.0,False,0.0,False,0.0,False,0.0,False,0.0,3-5人気,5-10倍
202404030111,2024,2.0,3.0,6.0,5.0,6.3,9.6,False,0.0,False,0.0,False,0.0,False,0.0,False,0.0,False,0.0,False,0.0,1-2人気,2-5倍
202404030112,2024,4.0,3.0,1.0,6.3,5.6,4.1,False,0.0,False,0.0,False,0.0,False,0.0,False,0.0,False,0.0,False,0.0,3-5人気,5-10倍
202404030201,2024,1.0,2.0,3.0,2.8,2.9,4.1,True,2.8,True,0.9333333333333332,True,1.8999999999999997,True,0.8119999999999999,True,1.6239999999999999,False,0.0,False,0.0,1-2人気,2-5倍
202404030202,2024,10.0,8.0,3.0,27.3,17.0,7.1,False,0.0,False,0.0,False,0.0,False,0.0,False,0.0,False,0.0,False,0.0,6-10人気,20-50倍
202404030203,2024,2.0,3.0,6.0,5.3,5.6,13.1,False,0.0,True,1.7666666666666666,True,3.633333333333333,False,0.0,False,0.0,False,0.0,False,0.0,1-2人気,5-10倍
202404030204,2024,3.0,2.0,1.0,7.7,2.5,2.5,False,0.0,False,0.0,False,0.0,False,0.0,False,0.0,False,0.0,False,0.0,3-5人気,5-10倍
202404030205,2024,1.0,2.0,5.0,1.6,4.9,20.7,True,1.6,True,0.5333333333333333,False,0.0,False,0.0,False,0.0,False,0.0,False,0.0,1-2人気,1-2倍
202404030206,2024,1.0,3.0,5.0,2.3,8.1,14.0,False,0.0,False,0.0,False,0.0,False,0.0,False,0.0,False,0.0,False,0.0,1-2人気,2-5倍
202404030207,2024,9.0,4.0,3.0,82.5,15.6,4.1,False,0.0,False,0.0,False,0.0,False,0.0,False,0.0,False,0.0,False,0.0,6-10人気,50倍以上
202404030208,2024,5.0,4.0,2.0,9.6,6.9,4.5,False,0.0,False,0.0,False,0.0,False,0.0,False,0.0,False,0.0,False,0.0,3-5人気,5-10倍
202404030209,2024,4.0,3.0,7.0,10.1,5.7,19.6,False,0.0,False,0.0,False,0.0,False,0.0,False,0.0,False,0.0,False,0.0,3-5人気,10-20倍
202404030210,2024,7.0,3.0,8.0,16.1,6.6,16.3,False,0.0,False,0.0,False,0.0,False,0.0,False,0.0,False,0.0,False,0.0,6-10人気,10-20倍
202404030211,2024,8.0,1.0,3.0,14.7,3.7,6.6,False,0.0,True,4.8999999999999995,True,6.133333333333333,False,0.0,False,0.0,True,11.9658,False,0.0,6-10人気,10-20倍
202404030212,2024,2.0,9.0,3.0,3.8,43.3,4.2,True,3.8,True,1.2666666666666666,False,0.0,False,0.0,False,0.0,False,0.0,False,0.0,1-2人気,2-5倍
202404030301,2024,10.0,2.0,1.0,38.8,3.7,3.3,False,0.0,False,0.0,False,0.0,False,0.0,False,0.0,False,0.0,False,0.0,6-10人気,20-50倍
202404030302,2024,1.0,7.0,2.0,1.6,31.9,4.2,True,1.6,True,0.5333333333333333,True,11.166666666666666,True,5.104,True,10.208,False,0.0,False,0.0,1-2人気,1-2倍
202404030303,2024,1.0,7.0,2.0,2.5,17.3,3.2,False,0.0,True,0.8333333333333334,False,0.0,False,0.0,False,0.0,False,0.0,False,0.0,1-2人気,2-5倍
202404030304,2024,8.0,2.0,9.0,29.1,3.9,73.7,False,0.0,False,0.0,False,0.0,False,0.0,False,0.0,False,0.0,False,0.0,6-10人気,20-50倍
202404030305,2024,1.0,2.0,3.0,1.4,3.9,10.9,True,1.4,True,0.4666666666666666,False,0.0,False,0.0,False,0.0,False,0.0,False,0.0,1-2人気,1-2倍
202404030306,2024,1.0,5.0,4.0,1.3,28.5,26.0,True,1.3,True,0.43333333333333335,False,0.0,False,0.0,False,0.0,False,0.0,False,0.0,1-2人気,1-2倍
202404030307,2024,3.0,1.0,2.0,4.6,2.0,4.2,False,0.0,True,1.5333333333333332,True,2.1999999999999997,True,0.9199999999999999,False,0.0,False,0.0,False,0.0,3-5人気,2-5倍
202404030308,2024,1.0,2.0,7.0,1.4,3.6,47.4,True,1.4,True,0.4666666666666666,True,1.6666666666666667,True,0.504,True,1.008,False,0.0,False,0.0,1-2人気,1-2倍
202404030309,2024,2.0,1.0,3.0,5.0,1.8,6.0,False,0.0,False,0.0,False,0.0,False,0.0,False,0.0,False,0.0,False,0.0,1-2人気,2-5倍
202404030310,2024,1.0,5.0,4.0,2.4,7.9,7.8,False,0.0,False,0.0,False,0.0,False,0.0,False,0.0,False,0.0,False,0.0,1-2人気,2-5倍
202404030311,2024,4.0,6.0,2.0,12.4,24.4,3.5,False,0.0,False,0.0,False,0.0,False,0.0,False,0.0,False,0.0,False,0.0,3-5人気,10-20倍
202404030312,2024,7.0,9.0,4.0,24.7,50.5,6.4,False,0.0,False,0.0,False,0.0,False,0.0,False,0.0,False,0.0,False,0.0,6-10人気,20-50倍
202404030401,2024,1.0,7.0,4.0,1.6,113.3,16.7,False,0.0,False,0.0,False,0.0,False,0.0,False,0.0,False,0.0,False,0.0,1-2人気,1-2倍
202404030402,2024,2.0,5.0,4.0,2.1,39.2,12.8,True,2.1,True,0.7000000000000001,False,0.0,False,0.0,False,0.0,False,0.0,False,0.0,1-2人気,2-5倍
202404030403,2024,1.0,3.0,5.0,2.5,4.3,14.6,False,0.0,False,0.0,False,0.0,False,0.0,False,0.0,False,0.0,False,0.0,1-2人気,2-5倍
202404030404,2024,1.0,4.0,6.0,1.5,12.5,18.7,True,1.5,True,0.5,False,0.0,False,0.0,False,0.0,False,0.0,False,0.0,1-2人気,1-2倍
202404030405,2024,1.0,2.0,5.0,1.3,3.0,24.5,False,0.0,True,0.43333333333333335,False,0.0,False,0.0,False,0.0,False,0.0,False,0.0,1-2人気,1-2倍
202404030406,2024,6.0,4.0,1.0,16.8,9.9,1.8,False,0.0,False,0.0,False,0.0,False,0.0,False,0.0,False,0.0,False,0.0,6-10人気,10-20倍
202404030407,2024,2.0,4.0,1.0,4.3,6.4,2.7,False,0.0,False,0.0,False,0.0,False,0.0,False,0.0,False,0.0,False,0.0,1-2人気,2-5倍
202404030408,2024,11.0,10.0,7.0,188.3,54.3,26.6,False,0.0,False,0.0,False,0.0,False,0.0,False,0.0,False,0.0,False,0.0,11人気以下,50倍以上
202404030409,2024,4.0,12.0,2.0,9.3,41.4,5.9,False,0.0,False,0.0,False,0.0,False,0.0,False,0.0,False,0.0,False,0.0,3-5人気,5-10倍
202404030410,2024,1.0,8.0,6.0,2.4,77.4,38.5,False,0.0,True,0.7999999999999999,False,0.0,False,0.0,False,0.0,False,0.0,False,0.0,1-2人気,2-5倍
202404030411,2024,1.0,5.0,3.0,1.6,18.8,6.0,False,0.0,False,0.0,False,0.0,False,0.0,False,0.0,False,0.0,False,0.0,1-2人気,1-2倍
202404030412,2024,7.0,6.0,5.0,24.2,13.2,12.7,False,0.0,True,8.066666666666666,False,0.0,False,0.0,False,0.0,False,0.0,False,0.0,6-10人気,20-50倍
202404030501,2024,1.0,4.0,2.0,1.7,8.9,3.7,False,0.0,False,0.0,False,0.0,False,0.0,False,0.0,False,0.0,False,0.0,1-2人気,1-2倍
202404030502,2024,5.0,7.0,1.0,9.8,19.3,2.2,False,0.0,False,0.0,False,0.0,False,0.0,False,0.0,False,0.0,False,0.0,3-5人気,5-10倍
202404030503,2024,3.0,12.0,6.0,6.6,56.5,16.1,False,0.0,True,2.1999999999999997,False,0.0,False,0.0,False,0.0,False,0.0,False,0.0,3-5人気,5-10倍
202404030504,2024,1.0,2.0,3.0,3.6,5.7,7.1,True,3.6,True,1.2,False,0.0,False,0.0,False,0.0,False,0.0,False,0.0,1-2人気,2-5倍
202404030505,2024,1.0,2.0,3.0,1.7,6.3,7.4,False,0.0,False,0.0,False,0.0,False,0.0,False,0.0,False,0.0,False,0.0,1-2人気,1-2倍
202404030506,2024,1.0,6.0,3.0,2.8,15.0,6.6,True,2.8,True,0.9333333333333332,False,0.0,False,0.0,False,0.0,False,0.0,False,0.0,1-2人気,2-5倍
202404030507,2024,1.0,5.0,3.0,2.1,10.7,5.2,True,2.1,True,0.7000000000000001,True,4.266666666666667,False,0.0,False,0.0,True,3.8947999999999996,False,0.0,1-2人気,2-5倍
202404030508,2024,1.0,9.0,7.0,4.6,16.7,15.4,False,0.0,False,0.0,False,0.0,False,0.0,False,0.0,False,0.0,False,0.0,1-2人気,2-5倍
202404030509,2024,2.0,1.0,3.0,2.3,1.9,10.8,False,0.0,True,0.7666666666666666,True,1.3999999999999997,False,0.0,False,0.0,True,1.5732,False,0.0,1-2人気,2-5倍
202404030510,2024,4.0,3.0,10.0,8.6,6.3,44.8,False,0.0,False,0.0,False,0.0,False,0.0,False,0.0,False,0.0,False,0.0,3-5人気,5-10倍
202404030511,2024,4.0,8.0,12.0,5.6,14.7,80.3,False,0.0,False,0.0,False,0.0,False,0.0,False,0.0,False,0.0,False,0.0,3-5人気,5-10倍
202404030512,2024,9.0,6.0,2.0,20.3,13.5,5.5,False,0.0,True,6.766666666666667,False,0.0,False,0.0,False,0.0,False,0.0,False,0.0,6-10人気,20-50倍
202404030601,2024,2.0,1.0,3.0,2.2,2.2,6.7,True,2.2,True,0.7333333333333334,True,1.4666666666666668,True,0.4840000000000001,True,0.9680000000000002,True,1.0809333333333335,True,3.2428000000000003,1-2人気,2-5倍
202404030602,2024,1.0,11.0,5.0,2.2,72.2,16.3,False,0.0,False,0.0,False,0.0,False,0.0,False,0.0,False,0.0,False,0.0,1-2人気,2-5倍
202404030603,2024,5.0,1.0,8.0,8.0,2.4,27.0,False,0.0,False,0.0,False,0.0,False,0.0,False,0.0,False,0.0,False,0.0,3-5人気,5-10倍
202404030604,2024,10.0,3.0,8.0,95.8,4.3,50.8,False,0.0,False,0.0,False,0.0,False,0.0,False,0.0,False,0.0,False,0.0,6-10人気,50倍以上
202404030605,2024,5.0,2.0,3.0,13.5,2.7,6.9,False,0.0,True,4.5,True,5.3999999999999995,True,3.6450000000000005,False,0.0,False,0.0,False,0.0,3-5人気,10-20倍
202404030606,2024,6.0,2.0,1.0,27.8,4.8,1.7,False,0.0,False,0.0,False,0.0,False,0.0,False,0.0,False,0.0,False,0.0,6-10人気,20-50倍
202404030607,2024,13.0,2.0,1.0,119.5,6.4,1.8,False,0.0,False,0.0,False,0.0,False,0.0,False,0.0,False,0.0,False,0.0,11人気以下,50倍以上
202404030608,2024,2.0,7.0,3.0,4.2,19.8,7.6,False,0.0,False,0.0,False,0.0,False,0.0,False,0.0,False,0.0,False,0.0,1-2人気,2-5倍
202404030609,2024,9.0,2.0,8.0,23.3,5.1,22.8,False,0.0,False,0.0,False,0.0,False,0.0,False,0.0,False,0.0,False,0.0,6-10人気,20-50倍
202404030610,2024,1.0,3.0,4.0,2.6,6.6,7.5,False,0.0,True,0.8666666666666667,False,0.0,False,0.0,False,0.0,False,0.0,False,0.0,1-2人気,2-5倍
202404030611,2024,3.0,6.0,2.0,4.7,11.7,4.5,False,0.0,False,0.0,False,0.0,False,0.0,False,0.0,False,0.0,False,0.0,3-5人気,2-5倍
202404030701,2024,3.0,1.0,2.0,6.1,2.3,3.1,False,0.0,True,2.033333333333333,True,2.7999999999999994,False,0.0,False,0.0,True,1.4497666666666664,False,0.0,3-5人気,5-10倍
202404030702,2024,3.0,1.0,2.0,4.9,2.2,3.2,True,4.9,True,1.6333333333333335,True,2.3666666666666667,True,1.078,True,2.156,False,0.0,False,0.0,3-5人気,2-5倍
202404030703,2024,3.0,1.0,2.0,4.7,2.3,3.0,False,0.0,False,0.0,False,0.0,False,0.0,False,0.0,False,0.0,False,0.0,3-5人気,2-5倍
202404030704,2024,4.0,1.0,6.0,8.1,2.6,12.8,False,0.0,False,0.0,False,0.0,False,0.0,False,0.0,False,0.0,False,0.0,3-5人気,5-10倍
202404030705,2024,4.0,1.0,2.0,9.5,1.4,4.4,False,0.0,False,0.0,False,0.0,False,0.0,False,0.0,False,0.0,False,0.0,3-5人気,5-10倍
202404030706,2024,2.0,7.0,3.0,4.1,16.5,5.1,False,0.0,True,1.3666666666666665,False,0.0,False,0.0,False,0.0,False,0.0,False,0.0,1-2人気,2-5倍
202404030707,2024,5.0,1.0,10.0,12.9,2.9,69.9,False,0.0,False,0.0,False,0.0,False,0.0,False,0.0,False,0.0,False,0.0,3-5人気,10-20倍
202404030708,2024,5.0,4.0,10.0,13.4,12.1,62.9,False,0.0,False,0.0,False,0.0,False,0.0,False,0.0,False,0.0,False,0.0,3-5人気,10-20倍
202404030709,2024,3.0,4.0,2.0,7.3,11.8,4.5,False,0.0,False,0.0,False,0.0,False,0.0,False,0.0,False,0.0,False,0.0,3-5人気,5-10倍
202404030710,2024,3.0,1.0,2.0,7.4,2.1,7.4,False,0.0,False,0.0,False,0.0,False,0.0,False,0.0,False,0.0,False,0.0,3-5人気,5-10倍
202404030711,2024,4.0,1.0,3.0,5.8,3.1,5.3,False,0.0,False,0.0,False,0.0,False,0.0,False,0.0,False,0.0,False,0.0,3-5人気,5-10倍
202404030712,2024,2.0,1.0,3.0,3.8,3.1,4.2,False,0.0,True,1.2666666666666666,False,0.0,False,0.0,False,0.0,False,0.0,False,0.0,1-2人気,2-5倍
202404030801,2024,1.0,2.0,4.0,2.5,3.2,6.9,False,0.0,True,0.8333333333333334,False,0.0,False,0.0,False,0.0,False,0.0,False,0.0,1-2人気,2-5倍
202404030802,2024,1.0,2.0,4.0,2.0,3.5,7.5,True,2.0,True,0.6666666666666666,False,0.0,False,0.0,False,0.0,False,0.0,False,0.0,1-2人気,1-2倍
202404030803,2024,11.0,13.0,5.0,76.9,154.0,17.9,False,0.0,False,0.0,False,0.0,False,0.0,False,0.0,False,0.0,False,0.0,11人気以下,50倍以上
202404030804,2024,3.0,1.0,4.0,5.7,4.3,6.7,False,0.0,True,1.9000000000000001,False,0.0,False,0.0,False,0.0,False,0.0,False,0.0,3-5人気,5-10倍
202404030805,2024,1.0,3.0,2.0,1.5,4.8,3.6,False,0.0,True,0.5,True,2.1,True,0.72,False,0.0,False,0.0,False,0.0,1-2人気,1-2倍
202404030806,2024,1.0,2.0,3.0,1.6,4.5,7.9,True,1.6,True,0.5333333333333333,True,2.033333333333333,False,0.0,False,0.0,False,0.0,False,0.0,1-2人気,1-2倍
202404030807,2024,7.0,1.0,6.0,25.6,1.8,20.9,False,0.0,False,0.0,False,0.0,False,0.0,False,0.0,False,0.0,False,0.0,6-10人気,20-50倍
202404030808,2024,1.0,2.0,3.0,1.2,7.2,12.2,False,0.0,True,0.39999999999999997,False,0.0,False,0.0,False,0.0,False,0.0,False,0.0,1-2人気,1-2倍
202404030809,2024,3.0,2.0,4.0,5.0,3.0,18.1,False,0.0,True,1.6666666666666667,True,2.6666666666666665,False,0.0,False,0.0,False,0.0,False,0.0,3-5人気,2-5倍
202404030810,2024,2.0,3.0,1.0,3.0,6.7,2.3,False,0.0,True,1.0,False,0.0,False,0.0,False,0.0,False,0.0,False,0.0,1-2人気,2-5倍
202404030811,2024,4.0,2.0,6.0,5.8,4.2,19.8,False,0.0,False,0.0,False,0.0,False,0.0,False,0.0,False,0.0,False,0.0,3-5人気,5-10倍
202404030812,2024,5.0,9.0,8.0,10.7,44.1,28.4,False,0.0,False,0.0,False,0.0,False,0.0,False,0.0,False,0.0,False,0.0,3-5人気,10-20倍
202404040101,2024,3.0,1.0,11.0,7.3,2.0,80.0,False,0.0,True,2.433333333333333,True,3.1,False,0.0,False,0.0,False,0.0,False,0.0,3-5人気,5-10倍
202404040102,2024,1.0,4.0,3.0,2.4,5.6,5.3,False,0.0,True,0.7999999999999999,False,0.0,False,0.0,False,0.0,False,0.0,False,0.0,1-2人気,2-5倍
202404040103,2024,3.0,8.0,4.0,7.2,30.3,13.5,False,0.0,False,0.0,False,0.0,False,0.0,False,0.0,False,0.0,False,0.0,3-5人気,5-10倍
202404040104,2024,1.0,2.0,3.0,2.1,3.1,6.1,True,2.1,True,0.7000000000000001,True,1.7333333333333334,True,0.651,True,1.302,False,0.0,False,0.0,1-2人気,2-5倍
202404040105,2024,12.0,13.0,1.0,39.9,46.9,2.5,False,0.0,False,0.0,False,0.0,False,0.0,False,0.0,False,0.0,False,0.0,11人気以下,20-50倍
202404040106,2024,4.0,3.0,1.0,5.6,4.5,3.1,False,0.0,True,1.8666666666666665,True,3.3666666666666667,False,0.0,False,0.0,False,0.0,False,0.0,3-5人気,5-10倍
202404040107,2024,3.0,5.0,2.0,6.3,7.2,4.1,True,6.3,True,2.1,True,4.5,True,4.536,True,9.072,False,0.0,False,0.0,3-5人気,5-10倍
202404040108,2024,4.0,5.0,6.0,7.5,8.1,8.4,False,0.0,False,0.0,False,0.0,False,0.0,False,0.0,False,0.0,False,0.0,3-5人気,5-10倍
202404040109,2024,2.0,12.0,3.0,3.3,61.0,7.1,False,0.0,False,0.0,False,0.0,False,0.0,False,0.0,False,0.0,False,0.0,1-2人気,2-5倍
202404040110,2024,1.0,2.0,7.0,3.5,3.5,27.6,False,0.0,False,0.0,False,0.0,False,0.0,False,0.0,False,0.0,False,0.0,1-2人気,2-5倍
202404040111,2024,3.0,4.0,9.0,6.0,6.5,17.4,False,0.0,False,0.0,False,0.0,False,0.0,False,0.0,False,0.0,False,0.0,3-5人気,5-10倍
202404040112,2024,3.0,6.0,4.0,6.2,10.8,7.1,True,6.2,True,2.066666666666667,False,0.0,False,0.0,False,0.0,False,0.0,False,0.0,3-5人気,5-10倍
202404040201,2024,2.0,9.0,1.0,2.9,35.0,2.9,False,0.0,True,0.9666666666666667,False,0.0,False,0.0,False,0.0,False,0.0,False,0.0,1-2人気,2-5倍
202404040202,2024,2.0,1.0,4.0,3.3,3.0,6.0,False,0.0,False,0.0,False,0.0,False,0.0,False,0.0,False,0.0,False,0.0,1-2人気,2-5倍
202404040203,2024,10.0,5.0,11.0,40.4,11.5,65.0,False,0.0,True,13.466666666666667,False,0.0,False,0.0,False,0.0,False,0.0,False,0.0,6-10人気,20-50倍
202404040204,2024,4.0,1.0,5.0,6.0,2.3,8.8,False,0.0,False,0.0,False,0.0,False,0.0,False,0.0,False,0.0,False,0.0,3-5人気,5-10倍
202404040205,2024,9.0,8.0,1.0,33.8,28.9,1.9,False,0.0,False,0.0,False,0.0,False,0.0,False,0.0,False,0.0,False,0.0,6-10人気,20-50倍
202404040206,2024,2.0,1.0,4.0,3.2,2.7,8.2,False,0.0,True,1.0666666666666667,True,1.9666666666666668,True,0.8640000000000001,False,0.0,False,0.0,False,0.0,1-2人気,2-5倍
202404040207,2024,4.0,1.0,2.0,9.1,2.7,3.3,False,0.0,False,0.0,False,0.0,False,0.0,False,0.0,False,0.0,False,0.0,3-5人気,5-10倍
202404040208,2024,2.0,10.0,4.0,6.7,36.6,10.9,False,0.0,False,0.0,False,0.0,False,0.0,False,0.0,False,0.0,False,0.0,1-2人気,5-10倍
202404040209,2024,6.0,1.0,2.0,14.6,3.3,4.3,False,0.0,False,0.0,False,0.0,False,0.0,False,0.0,False,0.0,False,0.0,6-10人気,10-20倍
202404040210,2024,2.0,4.0,1.0,2.9,7.9,2.3,False,0.0,True,0.9666666666666667,True,3.6,False,0.0,False,0.0,False,0.0,False,0.0,1-2人気,2-5倍
202404040211,2024,3.0,2.0,10.0,7.8,6.2,27.0,False,0.0,False,0.0,False,0.0,False,0.0,False,0.0,False,0.0,False,0.0,3-5人気,5-10倍
202404040212,2024,1.0,5.0,12.0,3.9,8.0,97.6,False,0.0,True,1.3,False,0.0,False,0.0,False,0.0,False,0.0,False,0.0,1-2人気,2-5倍
202404040301,2024,2.0,1.0,4.0,3.3,3.2,10.6,True,3.3,True,1.0999999999999999,True,2.1666666666666665,True,1.056,True,2.112,False,0.0,False,0.0,1-2人気,2-5倍
202404040302,2024,1.0,2.0,3.0,1.8,2.7,9.2,False,0.0,False,0.0,False,0.0,False,0.0,False,0.0,False,0.0,False,0.0,1-2人気,1-2倍
202404040303,2024,3.0,6.0,10.0,4.5,19.2,58.8,False,0.0,False,0.0,False,0.0,False,0.0,False,0.0,False,0.0,False,0.0,3-5人気,2-5倍
202404040304,2024,5.0,6.0,9.0,13.1,26.4,79.0,False,0.0,True,4.366666666666666,False,0.0,False,0.0,False,0.0,False,0.0,False,0.0,3-5人気,10-20倍
202404040305,2024,4.0,12.0,3.0,6.0,46.4,5.4,False,0.0,False,0.0,False,0.0,False,0.0,False,0.0,False,0.0,False,0.0,3-5人気,5-10倍
202404040306,2024,1.0,2.0,3.0,3.7,3.8,4.6,True,3.7,True,1.2333333333333334,True,2.5,False,0.0,False,0.0,True,2.155866666666667,False,0.0,1-2人気,2-5倍
202404040307,2024,1.0,2.0,3.0,1.9,3.3,5.7,False,0.0,True,0.6333333333333333,True,1.7333333333333332,True,0.627,False,0.0,False,0.0,False,0.0,1-2人気,1-2倍
202404040308,2024,5.0,7.0,1.0,8.4,11.8,4.0,True,8.4,True,2.8000000000000003,False,0.0,False,0.0,False,0.0,False,0.0,False,0.0,3-5人気,5-10倍
202404040309,2024,1.0,4.0,3.0,3.4,8.1,6.0,False,0.0,True,1.1333333333333333,True,3.8333333333333335,False,0.0,False,0.0,True,5.508,False,0.0,1-2人気,2-5倍
202404040310,2024,2.0,3.0,7.0,3.8,4.4,19.5,False,0.0,False,0.0,False,0.0,False,0.0,False,0.0,False,0.0,False,0.0,1-2人気,2-5倍
202404040311,2024,1.0,7.0,12.0,4.0,15.2,67.2,False,0.0,True,1.3333333333333333,False,0.0,False,0.0,False,0.0,False,0.0,False,0.0,1-2人気,2-5倍
202404040312,2024,4.0,5.0,6.0,7.5,9.8,10.3,True,7.5,True,2.5,False,0.0,False,0.0,False,0.0,False,0.0,False,0.0,3-5人気,5-10倍
202404040401,2024,1.0,3.0,6.0,3.5,6.5,7.8,False,0.0,False,0.0,False,0.0,False,0.0,False,0.0,False,0.0,False,0.0,1-2人気,2-5倍
202404040402,2024,2.0,1.0,7.0,5.1,2.6,21.1,False,0.0,False,0.0,False,0.0,False,0.0,False,0.0,False,0.0,False,0.0,1-2人気,5-10倍
202404040403,2024,3.0,1.0,9.0,6.0,2.8,25.6,False,0.0,False,0.0,False,0.0,False,0.0,False,0.0,False,0.0,False,0.0,3-5人気,5-10倍
202404040404,2024,5.0,6.0,3.0,9.5,10.0,7.0,False,0.0,False,0.0,False,0.0,False,0.0,False,0.0,False,0.0,False,0.0,3-5人気,5-10倍
202404040405,2024,3.0,1.0,15.0,6.0,4.0,94.5,False,0.0,True,2.0,True,3.3333333333333335,False,0.0,False,0.0,False,0.0,False,0.0,3-5人気,5-10倍
202404040406,2024,1.0,4.0,5.0,2.5,7.2,16.5,False,0.0,False,0.0,False,0.0,False,0.0,False,0.0,False,0.0,False,0.0,1-2人気,2-5倍
202404040407,2024,5.0,8.0,3.0,8.8,34.4,4.4,False,0.0,False,0.0,False,0.0,False,0.0,False,0.0,False,0.0,False,0.0,3-5人気,5-10倍
202404040408,2024,2.0,3.0,4.0,3.8,3.9,7.3,False,0.0,False,0.0,False,0.0,False,0.0,False,0.0,False,0.0,False,0.0,1-2人気,2-5倍
202404040409,2024,13.0,15.0,10.0,44.0,68.4,26.3,False,0.0,False,0.0,False,0.0,False,0.0,False,0.0,False,0.0,False,0.0,11人気以下,20-50倍
202404040410,2024,3.0,2.0,1.0,5.6,5.4,1.8,False,0.0,True,1.8666666666666665,True,3.6666666666666665,True,3.024,False,0.0,False,0.0,False,0.0,3-5人気,5-10倍
202404040411,2024,2.0,1.0,8.0,4.3,2.8,20.0,False,0.0,False,0.0,False,0.0,False,0.0,False,0.0,False,0.0,False,0.0,1-2人気,2-5倍
202404040412,2024,11.0,3.0,4.0,23.1,7.5,9.3,True,23.1,True,7.7,False,0.0,False,0.0,False,0.0,False,0.0,False,0.0,11人気以下,20-50倍
202404040501,2024,1.0,4.0,2.0,2.5,6.9,3.1,False,0.0,False,0.0,False,0.0,False,0.0,False,0.0,False,0.0,False,0.0,1-2人気,2-5倍
202404040502,2024,2.0,1.0,3.0,2.9,2.7,4.7,False,0.0,False,0.0,False,0.0,False,0.0,False,0.0,False,0.0,False,0.0,1-2人気,2-5倍
202404040503,2024,1.0,3.0,5.0,1.3,8.8,17.5,True,1.3,True,0.43333333333333335,False,0.0,False,0.0,False,0.0,False,0.0,False,0.0,1-2人気,1-2倍
202404040504,2024,6.0,1.0,7.0,12.9,1.9,16.4,False,0.0,False,0.0,False,0.0,False,0.0,False,0.0,False,0.0,False,0.0,6-10人気,10-20倍
202404040505,2024,1.0,4.0,8.0,1.8,9.7,27.9,False,0.0,True,0.6,False,0.0,False,0.0,False,0.0,False,0.0,False,0.0,1-2人気,1-2倍
202404040506,2024,2.0,3.0,7.0,3.7,5.1,53.3,False,0.0,True,1.2333333333333334,True,2.9333333333333336,True,1.887,False,0.0,False,0.0,False,0.0,1-2人気,2-5倍
202404040507,2024,3.0,1.0,4.0,6.0,2.0,11.7,False,0.0,False,0.0,False,0.0,False,0.0,False,0.0,False,0.0,False,0.0,3-5人気,5-10倍
202404040508,2024,2.0,6.0,9.0,5.1,10.2,33.9,False,0.0,False,0.0,False,0.0,False,0.0,False,0.0,False,0.0,False,0.0,1-2人気,5-10倍
202404040509,2024,1.0,8.0,3.0,3.5,19.9,4.8,False,0.0,False,0.0,False,0.0,False,0.0,False,0.0,False,0.0,False,0.0,1-2人気,2-5倍
202404040510,2024,7.0,9.0,6.0,14.7,28.3,14.1,False,0.0,True,4.8999999999999995,False,0.0,False,0.0,False,0.0,False,0.0,False,0.0,6-10人気,10-20倍
202404040511,2024,7.0,2.0,9.0,12.7,6.4,15.1,False,0.0,False,0.0,False,0.0,False,0.0,False,0.0,False,0.0,False,0.0,6-10人気,10-20倍
202404040512,2024,3.0,6.0,4.0,4.8,9.9,6.8,False,0.0,True,1.5999999999999999,True,4.8999999999999995,False,0.0,False,0.0,False,0.0,False,0.0,3-5人気,2-5倍
202404040601,2024,3.0,4.0,5.0,5.6,7.4,14.9,True,5.6,True,1.8666666666666665,True,4.333333333333333,False,0.0,False,0.0,False,0.0,False,0.0,3-5人気,5-10倍
202404040602,2024,2.0,1.0,4.0,2.6,2.2,9.4,False,0.0,False,0.0,False,0.0,False,0.0,False,0.0,False,0.0,False,0.0,1-2人気,2-5倍
202404040603,2024,2.0,4.0,1.0,4.3,10.6,1.4,True,4.3,True,1.4333333333333333,True,4.966666666666666,False,0.0,False,0.0,True,2.1270666666666664,False,0.0,1-2人気,2-5倍
202404040604,2024,2.0,4.0,1.0,3.3,5.5,3.2,False,0.0,False,0.0,False,0.0,False,0.0,False,0.0,False,0.0,False,0.0,1-2人気,2-5倍
202404040605,2024,6.0,3.0,8.0,23.5,5.2,23.8,False,0.0,False,0.0,False,0.0,False,0.0,False,0.0,False,0.0,False,0.0,6-10人気,20-50倍
202404040606,2024,7.0,1.0,4.0,34.5,2.3,6.6,False,0.0,False,0.0,False,0.0,False,0.0,False,0.0,False,0.0,False,0.0,6-10人気,20-50倍
202404040607,2024,4.0,5.0,6.0,6.6,10.2,17.2,False,0.0,False,0.0,False,0.0,False,0.0,False,0.0,False,0.0,False,0.0,3-5人気,5-10倍
202404040608,2024,4.0,3.0,6.0,6.6,6.4,11.3,True,6.6,True,2.1999999999999997,True,4.333333333333333,False,0.0,False,0.0,False,0.0,False,0.0,3-5人気,5-10倍
202404040609,2024,9.0,4.0,3.0,25.8,6.9,5.7,False,0.0,False,0.0,False,0.0,False,0.0,False,0.0,False,0.0,False,0.0,6-10人気,20-50倍
202404040610,2024,5.0,9.0,11.0,6.6,32.3,57.7,False,0.0,True,2.1999999999999997,False,0.0,False,0.0,False,0.0,False,0.0,False,0.0,3-5人気,5-10倍
202404040611,2024,3.0,7.0,1.0,7.5,16.4,2.3,False,0.0,True,2.5,False,0.0,False,0.0,False,0.0,False,0.0,False,0.0,3-5人気,5-10倍
202404040612,2024,4.0,10.0,3.0,8.6,58.9,4.0,False,0.0,True,2.8666666666666667,False,0.0,False,0.0,False,0.0,False,0.0,False,0.0,3-5人気,5-10倍
202404040701,2024,2.0,7.0,13.0,5.4,14.9,107.7,False,0.0,True,1.8,True,6.766666666666667,False,0.0,False,0.0,False,0.0,False,0.0,1-2人気,5-10倍
202404040702,2024,9.0,1.0,3.0,19.6,2.2,7.6,False,0.0,False,0.0,False,0.0,False,0.0,False,0.0,False,0.0,False,0.0,6-10人気,10-20倍
202404040703,2024,8.0,9.0,7.0,30.4,30.7,20.5,False,0.0,False,0.0,False,0.0,False,0.0,False,0.0,False,0.0,False,0.0,6-10人気,20-50倍
202404040704,2024,1.0,2.0,3.0,1.2,5.8,6.6,True,1.2,True,0.39999999999999997,True,2.3333333333333335,True,0.696,True,1.392,False,0.0,False,0.0,1-2人気,1-2倍
202404040705,2024,2.0,5.0,4.0,4.4,9.5,6.9,True,4.4,True,1.4666666666666668,False,0.0,False,0.0,False,0.0,False,0.0,False,0.0,1-2人気,2-5倍
202404040706,2024,8.0,6.0,5.0,26.7,13.7,9.5,False,0.0,False,0.0,False,0.0,False,0.0,False,0.0,False,0.0,False,0.0,6-10人気,20-50倍
202404040707,2024,2.0,4.0,5.0,5.3,18.2,24.4,False,0.0,False,0.0,False,0.0,False,0.0,False,0.0,False,0.0,False,0.0,1-2人気,5-10倍
202404040708,2024,2.0,10.0,3.0,5.3,40.2,5.6,False,0.0,True,1.7666666666666666,False,0.0,False,0.0,False,0.0,False,0.0,False,0.0,1-2人気,5-10倍
202404040709,2024,3.0,2.0,12.0,6.8,3.3,58.9,False,0.0,False,0.0,False,0.0,False,0.0,False,0.0,False,0.0,False,0.0,3-5人気,5-10倍
202404040710,2024,11.0,6.0,9.0,41.9,10.9,26.8,False,0.0,False,0.0,False,0.0,False,0.0,False,0.0,False,0.0,False,0.0,11人気以下,20-50倍
202404040711,2024,3.0,10.0,6.0,6.1,104.4,16.0,False,0.0,True,2.033333333333333,False,0.0,False,0.0,False,0.0,False,0.0,False,0.0,3-5人気,5-10倍
202404040712,2024,6.0,9.0,8.0,12.3,48.1,45.9,False,0.0,False,0.0,False,0.0,False,0.0,False,0.0,False,0.0,False,0.0,6-10人気,10-20倍
202404040801,2024,5.0,11.0,3.0,6.8,45.2,6.1,True,6.8,True,2.2666666666666666,False,0.0,False,0.0,False,0.0,False,0.0,False,0.0,3-5人気,5-10倍
202404040802,2024,5.0,4.0,1.0,6.0,5.7,3.5,False,0.0,False,0.0,False,0.0,False,0.0,False,0.0,False,0.0,False,0.0,3-5人気,5-10倍
202404040803,2024,5.0,4.0,3.0,9.0,8.5,7.7,True,9.0,True,3.0,False,0.0,False,0.0,False,0.0,False,0.0,False,0.0,3-5人気,5-10倍
202404040804,2024,2.0,1.0,3.0,4.2,2.8,5.3,False,0.0,True,1.4000000000000001,False,0.0,False,0.0,False,0.0,False,0.0,False,0.0,1-2人気,2-5倍
202404040805,2024,2.0,6.0,1.0,3.0,19.8,1.9,True,3.0,True,1.0,False,0.0,False,0.0,False,0.0,False,0.0,False,0.0,1-2人気,2-5倍
202404040806,2024,2.0,1.0,4.0,3.7,2.4,7.5,False,0.0,True,1.2333333333333334,False,0.0,False,0.0,False,0.0,False,0.0,False,0.0,1-2人気,2-5倍
202404040807,2024,8.0,3.0,6.0,20.6,7.3,13.8,False,0.0,False,0.0,False,0.0,False,0.0,False,0.0,False,0.0,False,0.0,6-10人気,20-50倍
202404040808,2024,2.0,5.0,4.0,4.0,14.7,7.1,False,0.0,True,1.3333333333333333,False,0.0,False,0.0,False,0.0,False,0.0,False,0.0,1-2人気,2-5倍
202404040809,2024,3.0,1.0,12.0,6.7,2.5,57.9,False,0.0,True,2.2333333333333334,True,3.0666666666666664,False,0.0,False,0.0,False,0.0,False,0.0,3-5人気,5-10倍
202404040810,2024,4.0,2.0,3.0,10.4,4.4,5.5,False,0.0,False,0.0,False,0.0,False,0.0,False,0.0,False,0.0,False,0.0,3-5人気,10-20倍
202404040811,2024,7.0,1.0,4.0,16.3,3.9,5.7,False,0.0,False,0.0,False,0.0,False,0.0,False,0.0,False,0.0,False,0.0,6-10人気,10-20倍
202404040812,2024,3.0,2.0,6.0,6.5,4.3,7.7,True,6.5,True,2.1666666666666665,False,0.0,False,0.0,False,0.0,False,0.0,False,0.0,3-5人気,5-10倍
202405010101,2024,1.0,2.0,9.0,1.4,3.2,152.6,True,1.4,True,0.4666666666666666,False,0.0,False,0.0,False,0.0,False,0.0,False,0.0,1-2人気,1-2倍
202405010102,2024,6.0,3.0,2.0,17.0,8.7,6.3,False,0.0,False,0.0,False,0.0,False,0.0,False,0.0,False,0.0,False,0.0,6-10人気,10-20倍
202405010103,2024,3.0,2.0,1.0,5.5,3.8,2.1,False,0.0,False,0.0,False,0.0,False,0.0,False,0.0,False,0.0,False,0.0,3-5人気,5-10倍
202405010104,2024,1.0,6.0,2.0,2.0,26.1,4.1,False,0.0,True,0.6666666666666666,False,0.0,False,0.0,False,0.0,False,0.0,False,0.0,1-2人気,1-2倍
202405010105,2024,2.0,4.0,1.0,3.5,7.7,3.3,False,0.0,False,0.0,False,0.0,False,0.0,False,0.0,False,0.0,False,0.0,1-2人気,2-5倍
202405010106,2024,6.0,4.0,3.0,16.5,8.3,5.1,False,0.0,True,5.5,True,8.266666666666667,True,13.695000000000002,False,0.0,True,23.2815,False,0.0,6-10人気,10-20倍
202405010107,2024,2.0,1.0,10.0,4.0,3.9,31.2,False,0.0,True,1.3333333333333333,True,2.6333333333333333,True,1.56,False,0.0,False,0.0,False,0.0,1-2人気,2-5倍
202405010108,2024,1.0,5.0,4.0,2.7,8.2,8.0,False,0.0,True,0.9,False,0.0,False,0.0,False,0.0,False,0.0,False,0.0,1-2人気,2-5倍
202405010109,2024,1.0,3.0,5.0,2.9,4.8,17.5,False,0.0,False,0.0,False,0.0,False,0.0,False,0.0,False,0.0,False,0.0,1-2人気,2-5倍
202405010110,2024,2.0,6.0,5.0,3.4,17.7,10.6,True,3.4,True,1.1333333333333333,False,0.0,False,0.0,False,0.0,False,0.0,False,0.0,1-2人気,2-5倍
202405010111,2024,1.0,2.0,9.0,1.4,3.5,64.3,True,1.4,True,0.4666666666666666,True,1.6333333333333335,True,0.48999999999999994,True,0.9799999999999999,True,10.50233333333333,True,31.506999999999994,1-2人気,1-2倍
202405010112,2024,1.0,12.0,3.0,2.1,69.0,6.3,False,0.0,True,0.7000000000000001,False,0.0,False,0.0,False,0.0,False,0.0,False,0.0,1-2人気,2-5倍
202405010201,2024,7.0,12.0,4.0,25.1,188.3,7.5,False,0.0,True,8.366666666666667,False,0.0,False,0.0,False,0.0,False,0.0,False,0.0,6-10人気,20-50倍
202405010202,2024,9.0,3.0,7.0,29.3,6.5,18.3,False,0.0,False,0.0,False,0.0,False,0.0,False,0.0,False,0.0,False,0.0,6-10人気,20-50倍
202405010203,2024,1.0,2.0,4.0,3.4,3.7,6.4,False,0.0,False,0.0,False,0.0,False,0.0,False,0.0,False,0.0,False,0.0,1-2人気,2-5倍
202405010204,2024,1.0,5.0,2.0,1.7,13.0,5.3,False,0.0,False,0.0,False,0.0,False,0.0,False,0.0,False,0.0,False,0.0,1-2人気,1-2倍
202405010205,2024,1.0,6.0,3.0,2.1,17.8,5.6,False,0.0,False,0.0,False,0.0,False,0.0,False,0.0,False,0.0,False,0.0,1-2人気,2-5倍
202405010206,2024,5.0,3.0,9.0,6.7,4.7,46.0,False,0.0,True,2.2333333333333334,True,3.8000000000000003,True,3.149,False,0.0,False,0.0,False,0.0,3-5人気,5-10倍
202405010207,2024,2.0,3.0,1.0,4.3,5.4,3.2,False,0.0,False,0.0,False,0.0,False,0.0,False,0.0,False,0.0,False,0.0,1-2人気,2-5倍
202405010208,2024,2.0,5.0,1.0,3.9,17.8,2.3,False,0.0,True,1.3,False,0.0,False,0.0,False,0.0,False,0.0,False,0.0,1-2人気,2-5倍
202405010209,2024,2.0,1.0,8.0,3.7,1.9,456.1,False,0.0,True,1.2333333333333334,False,0.0,False,0.0,False,0.0,False,0.0,False,0.0,1-2人気,2-5倍
202405010210,2024,1.0,2.0,3.0,2.3,4.0,6.9,True,2.3,True,0.7666666666666666,False,0.0,False,0.0,False,0.0,False,0.0,False,0.0,1-2人気,2-5倍
202405010211,2024,1.0,2.0,5.0,2.5,3.9,12.6,True,2.5,True,0.8333333333333334,True,2.1333333333333333,False,0.0,False,0.0,False,0.0,False,0.0,1-2人気,2-5倍
202405010212,2024,2.0,6.0,7.0,4.3,11.5,16.4,False,0.0,True,1.4333333333333333,False,0.0,False,0.0,False,0.0,False,0.0,False,0.0,1-2人気,2-5倍
202405010301,2024,4.0,2.0,3.0,6.5,3.7,4.7,False,0.0,True,2.1666666666666665,False,0.0,False,0.0,False,0.0,False,0.0,False,0.0,3-5人気,5-10倍
202405010302,2024,1.0,7.0,3.0,2.2,67.6,5.1,False,0.0,False,0.0,False,0.0,False,0.0,False,0.0,False,0.0,False,0.0,1-2人気,2-5倍
202405010303,2024,2.0,1.0,10.0,4.1,1.7,70.5,False,0.0,True,1.3666666666666665,True,1.9333333333333333,False,0.0,False,0.0,False,0.0,False,0.0,1-2人気,2-5倍
202405010304,2024,4.0,2.0,6.0,11.4,2.9,17.5,False,0.0,False,0.0,False,0.0,False,0.0,False,0.0,False,0.0,False,0.0,3-5人気,10-20倍
202405010305,2024,2.0,1.0,3.0,2.9,1.9,8.1,True,2.9,True,0.9666666666666667,True,1.5999999999999999,False,0.0,False,0.0,False,0.0,False,0.0,1-2人気,2-5倍
202405010306,2024,6.0,1.0,2.0,19.1,1.6,6.2,False,0.0,False,0.0,False,0.0,False,0.0,False,0.0,False,0.0,False,0.0,6-10人気,10-20倍
202405010307,2024,1.0,2.0,3.0,1.1,7.8,15.4,True,1.1,True,0.3666666666666667,True,2.966666666666667,False,0.0,False,0.0,False,0.0,False,0.0,1-2人気,1-2倍
202405010308,2024,1.0,2.0,6.0,2.8,3.6,14.5,False,0.0,False,0.0,False,0.0,False,0.0,False,0.0,False,0.0,False,0.0,1-2人気,2-5倍
202405010309,2024,1.0,3.0,5.0,2.0,4.0,11.8,False,0.0,True,0.6666666666666666,True,2.0,False,0.0,False,0.0,False,0.0,False,0.0,1-2人気,1-2倍
202405010310,2024,1.0,2.0,6.0,2.2,2.9,23.4,False,0.0,True,0.7333333333333334,True,1.7,True,0.638,False,0.0,False,0.0,False,0.0,1-2人気,2-5倍
202405010311,2024,1.0,3.0,4.0,1.3,6.9,20.4,False,0.0,False,0.0,False,0.0,False,0.0,False,0.0,False,0.0,False,0.0,1-2人気,1-2倍
202405010312,2024,2.0,1.0,5.0,2.8,2.5,12.7,False,0.0,True,0.9333333333333332,True,1.7666666666666666,True,0.7,False,0.0,False,0.0,False,0.0,1-2人気,2-5倍
202405010401,2024,8.0,3.0,1.0,61.5,4.5,2.2,False,0.0,False,0.0,False,0.0,False,0.0,False,0.0,False,0.0,False,0.0,6-10人気,50倍以上
202405010402,2024,2.0,5.0,1.0,5.1,15.8,1.6,False,0.0,False,0.0,False,0.0,False,0.0,False,0.0,False,0.0,False,0.0,1-2人気,5-10倍
202405010403,2024,1.0,4.0,11.0,3.2,7.2,39.1,True,3.2,True,1.0666666666666667,False,0.0,False,0.0,False,0.0,False,0.0,False,0.0,1-2人気,2-5倍
202405010404,2024,2.0,6.0,3.0,4.1,10.3,6.3,False,0.0,True,1.3666666666666665,False,0.0,False,0.0,False,0.0,False,0.0,False,0.0,1-2人気,2-5倍
202405010405,2024,1.0,5.0,7.0,2.8,12.8,28.3,False,0.0,False,0.0,False,0.0,False,0.0,False,0.0,False,0.0,False,0.0,1-2人気,2-5倍
202405010406,2024,3.0,6.0,2.0,5.5,38.0,3.1,False,0.0,False,0.0,False,0.0,False,0.0,False,0.0,False,0.0,False,0.0,3-5人気,5-10倍
202405010407,2024,1.0,2.0,3.0,1.3,3.3,10.5,True,1.3,True,0.43333333333333335,True,1.5333333333333332,False,0.0,False,0.0,True,1.5015,False,0.0,1-2人気,1-2倍
202405010408,2024,3.0,2.0,4.0,6.4,4.4,6.9,False,0.0,False,0.0,False,0.0,False,0.0,False,0.0,False,0.0,False,0.0,3-5人気,5-10倍
202405010409,2024,6.0,7.0,9.0,15.9,23.2,86.9,False,0.0,False,0.0,False,0.0,False,0.0,False,0.0,False,0.0,False,0.0,6-10人気,10-20倍
202405010410,2024,1.0,2.0,6.0,1.5,5.7,20.6,True,1.5,True,0.5,True,2.4,False,0.0,False,0.0,False,0.0,False,0.0,1-2人気,1-2倍
202405010411,2024,10.0,3.0,6.0,41.0,6.4,22.9,False,0.0,False,0.0,False,0.0,False,0.0,False,0.0,False,0.0,False,0.0,6-10人気,20-50倍
202405010412,2024,2.0,1.0,5.0,4.1,2.8,10.1,False,0.0,False,0.0,False,0.0,False,0.0,False,0.0,False,0.0,False,0.0,1-2人気,2-5倍
202405010501,2024,7.0,1.0,2.0,15.9,3.4,3.8,False,0.0,False,0.0,False,0.0,False,0.0,False,0.0,False,0.0,False,0.0,6-10人気,10-20倍
202405010502,2024,1.0,5.0,9.0,1.9,16.6,58.5,False,0.0,True,0.6333333333333333,True,6.166666666666667,False,0.0,False,0.0,False,0.0,False,0.0,1-2人気,1-2倍
202405010503,2024,3.0,1.0,2.0,6.5,1.7,4.6,False,0.0,True,2.1666666666666665,False,0.0,False,0.0,False,0.0,False,0.0,False,0.0,3-5人気,5-10倍
202405010504,2024,2.0,5.0,1.0,3.0,13.4,2.7,False,0.0,False,0.0,False,0.0,False,0.0,False,0.0,False,0.0,False,0.0,1-2人気,2-5倍
202405010505,2024,1.0,5.0,3.0,2.2,9.5,5.6,False,0.0,False,0.0,False,0.0,False,0.0,False,0.0,False,0.0,False,0.0,1-2人気,2-5倍
202405010506,2024,1.0,9.0,5.0,2.8,71.1,10.1,False,0.0,True,0.9333333333333332,False,0.0,False,0.0,False,0.0,False,0.0,False,0.0,1-2人気,2-5倍
202405010507,2024,4.0,1.0,2.0,9.1,1.7,4.9,False,0.0,True,3.033333333333333,True,3.5999999999999996,False,0.0,False,0.0,True,2.5267666666666666,False,0.0,3-5人気,5-10倍
202405010508,2024,9.0,2.0,8.0,27.5,3.6,22.8,False,0.0,False,0.0,False,0.0,False,0.0,False,0.0,False,0.0,False,0.0,6-10人気,20-50倍
202405010509,2024,2.0,6.0,8.0,3.0,16.2,23.4,False,0.0,False,0.0,False,0.0,False,0.0,False,0.0,False,0.0,False,0.0,1-2人気,2-5倍
202405010510,2024,1.0,2.0,5.0,2.0,3.3,14.2,False,0.0,False,0.0,False,0.0,False,0.0,False,0.0,False,0.0,False,0.0,1-2人気,1-2倍
202405010511,2024,2.0,1.0,9.0,4.1,3.1,41.0,False,0.0,False,0.0,False,0.0,False,0.0,False,0.0,False,0.0,False,0.0,1-2人気,2-5倍
202405010512,2024,2.0,4.0,13.0,3.2,6.5,113.3,False,0.0,False,0.0,False,0.0,False,0.0,False,0.0,False,0.0,False,0.0,1-2人気,2-5倍
202405010601,2024,3.0,1.0,5.0,4.6,1.9,18.9,False,0.0,False,0.0,False,0.0,False,0.0,False,0.0,False,0.0,False,0.0,3-5人気,2-5倍
202405010602,2024,3.0,2.0,7.0,5.7,4.6,23.6,False,0.0,False,0.0,False,0.0,False,0.0,False,0.0,False,0.0,False,0.0,3-5人気,5-10倍
202405010603,2024,13.0,9.0,4.0,256.4,56.1,9.1,False,0.0,False,0.0,False,0.0,False,0.0,False,0.0,False,0.0,False,0.0,11人気以下,50倍以上
202405010604,2024,2.0,3.0,7.0,3.3,5.3,22.7,False,0.0,True,1.0999999999999999,False,0.0,False,0.0,False,0.0,False,0.0,False,0.0,1-2人気,2-5倍
202405010605,2024,1.0,2.0,8.0,1.9,2.1,51.6,True,1.9,True,0.6333333333333333,True,1.3333333333333333,False,0.0,False,0.0,False,0.0,False,0.0,1-2人気,1-2倍
202405010606,2024,2.0,1.0,3.0,3.2,1.5,9.4,False,0.0,True,1.0666666666666667,True,1.5666666666666667,True,0.4800000000000001,False,0.0,True,1.5040000000000004,False,0.0,1-2人気,2-5倍
202405010607,2024,6.0,4.0,3.0,15.6,8.6,5.2,False,0.0,False,0.0,False,0.0,False,0.0,False,0.0,False,0.0,False,0.0,6-10人気,10-20倍
202405010608,2024,1.0,3.0,2.0,1.6,4.1,3.4,False,0.0,True,0.5333333333333333,True,1.8999999999999997,False,0.0,False,0.0,False,0.0,False,0.0,1-2人気,1-2倍
202405010609,2024,3.0,1.0,2.0,8.3,1.7,5.2,False,0.0,False,0.0,False,0.0,False,0.0,False,0.0,False,0.0,False,0.0,3-5人気,5-10倍
202405010610,2024,2.0,8.0,1.0,4.9,14.9,2.2,False,0.0,False,0.0,False,0.0,False,0.0,False,0.0,False,0.0,False,0.0,1-2人気,2-5倍
202405010611,2024,1.0,7.0,4.0,2.5,29.5,6.6,False,0.0,True,0.8333333333333334,False,0.0,False,0.0,False,0.0,False,0.0,False,0.0,1-2人気,2-5倍
202405010612,2024,1.0,4.0,2.0,2.0,6.9,3.6,True,2.0,True,0.6666666666666666,False,0.0,False,0.0,False,0.0,False,0.0,False,0.0,1-2人気,1-2倍
202405010701,2024,4.0,5.0,12.0,8.3,9.0,159.5,False,0.0,False,0.0,False,0.0,False,0.0,False,0.0,False,0.0,False,0.0,3-5人気,5-10倍
202405010702,2024,10.0,1.0,4.0,28.1,1.7,10.9,False,0.0,False,0.0,False,0.0,False,0.0,False,0.0,False,0.0,False,0.0,6-10人気,20-50倍
202405010703,2024,1.0,15.0,2.0,1.8,324.9,3.8,True,1.8,True,0.6,False,0.0,False,0.0,False,0.0,False,0.0,False,0.0,1-2人気,1-2倍
202405010704,2024,1.0,2.0,9.0,4.1,4.6,17.3,False,0.0,False,0.0,False,0.0,False,0.0,False,0.0,False,0.0,False,0.0,1-2人気,2-5倍
202405010705,2024,2.0,1.0,17.0,2.7,2.2,301.8,False,0.0,False,0.0,False,0.0,False,0.0,False,0.0,False,0.0,False,0.0,1-2人気,2-5倍
202405010706,2024,2.0,7.0,1.0,5.1,45.0,1.3,False,0.0,True,1.7,False,0.0,False,0.0,False,0.0,False,0.0,False,0.0,1-2人気,5-10倍
202405010707,2024,3.0,1.0,2.0,6.0,2.1,5.6,False,0.0,False,0.0,False,0.0,False,0.0,False,0.0,False,0.0,False,0.0,3-5人気,5-10倍
202405010708,2024,1.0,3.0,4.0,1.4,7.2,10.1,True,1.4,True,0.4666666666666666,False,0.0,False,0.0,False,0.0,False,0.0,False,0.0,1-2人気,1-2倍
202405010709,2024,1.0,5.0,3.0,2.0,12.2,5.9,True,2.0,True,0.6666666666666666,False,0.0,False,0.0,False,0.0,False,0.0,False,0.0,1-2人気,1-2倍
202405010710,2024,3.0,1.0,2.0,5.7,1.8,4.0,False,0.0,True,1.9000000000000001,True,2.5,True,1.026,False,0.0,False,0.0,False,0.0,3-5人気,5-10倍
202405010711,2024,1.0,3.0,4.0,2.6,5.0,6.8,False,0.0,True,0.8666666666666667,True,2.533333333333333,False,0.0,False,0.0,False,0.0,False,0.0,1-2人気,2-5倍
202405010712,2024,5.0,1.0,4.0,8.8,3.3,7.3,True,8.8,True,2.9333333333333336,False,0.0,False,0.0,False,0.0,False,0.0,False,0.0,3-5人気,5-10倍
202405010801,2024,2.0,4.0,1.0,2.5,12.6,2.2,True,2.5,True,0.8333333333333334,True,5.033333333333333,False,0.0,False,0.0,True,2.3100000000000005,False,0.0,1-2人気,2-5倍
202405010802,2024,4.0,2.0,1.0,6.6,3.7,2.7,False,0.0,False,0.0,False,0.0,False,0.0,False,0.0,False,0.0,False,0.0,3-5人気,5-10倍
202405010803,2024,1.0,2.0,5.0,2.7,5.0,11.1,True,2.7,True,0.9,False,0.0,False,0.0,False,0.0,False,0.0,False,0.0,1-2人気,2-5倍
202405010804,2024,1.0,4.0,10.0,2.7,14.6,136.7,True,2.7,True,0.9,True,5.766666666666667,False,0.0,False,0.0,False,0.0,False,0.0,1-2人気,2-5倍
202405010805,2024,3.0,10.0,2.0,4.0,49.2,3.6,True,4.0,True,1.3333333333333333,True,17.733333333333334,False,0.0,False,0.0,True,23.616,False,0.0,3-5人気,2-5倍
202405010806,2024,1.0,2.0,6.0,1.8,5.3,14.4,False,0.0,False,0.0,False,0.0,False,0.0,False,0.0,False,0.0,False,0.0,1-2人気,1-2倍
202405010807,2024,1.0,3.0,4.0,1.8,6.7,7.1,False,0.0,True,0.6,False,0.0,False,0.0,False,0.0,False,0.0,False,0.0,1-2人気,1-2倍
202405010808,2024,1.0,4.0,6.0,1.8,7.4,18.8,True,1.8,True,0.6,False,0.0,False,0.0,False,0.0,False,0.0,False,0.0,1-2人気,1-2倍
202405010809,2024,6.0,2.0,3.0,17.0,3.4,6.7,False,0.0,False,0.0,False,0.0,False,0.0,False,0.0,False,0.0,False,0.0,6-10人気,10-20倍
202405010810,2024,1.0,2.0,3.0,2.6,2.6,6.9,False,0.0,True,0.8666666666666667,True,1.7333333333333334,False,0.0,False,0.0,True,1.5548000000000002,False,0.0,1-2人気,2-5倍
202405010811,2024,1.0,10.0,4.0,3.2,36.0,9.4,False,0.0,False,0.0,False,0.0,False,0.0,False,0.0,False,0.0,False,0.0,1-2人気,2-5倍
202405010812,2024,7.0,11.0,5.0,17.4,41.3,9.0,False,0.0,False,0.0,False,0.0,False,0.0,False,0.0,False,0.0,False,0.0,6-10人気,10-20倍
202405020101,2024,10.0,15.0,1.0,42.7,192.2,3.0,False,0.0,False,0.0,False,0.0,False,0.0,False,0.0,False,0.0,False,0.0,6-10人気,20-50倍
202405020102,2024,2.0,3.0,16.0,3.4,5.6,313.0,True,3.4,True,1.1333333333333333,False,0.0,False,0.0,False,0.0,False,0.0,False,0.0,1-2人気,2-5倍
202405020103,2024,5.0,2.0,6.0,14.6,2.6,21.2,False,0.0,False,0.0,False,0.0,False,0.0,False,0.0,False,0.0,False,0.0,3-5人気,10-20倍
202405020104,2024,4.0,1.0,6.0,9.9,1.9,11.4,False,0.0,False,0.0,False,0.0,False,0.0,False,0.0,False,0.0,False,0.0,3-5人気,5-10倍
202405020105,2024,1.0,3.0,6.0,2.8,7.5,14.9,True,2.8,True,0.9333333333333332,False,0.0,False,0.0,False,0.0,False,0.0,False,0.0,1-2人気,2-5倍
202405020106,2024,7.0,1.0,5.0,27.3,3.2,8.6,False,0.0,False,0.0,False,0.0,False,0.0,False,0.0,False,0.0,False,0.0,6-10人気,20-50倍
202405020107,2024,1.0,6.0,3.0,3.4,12.4,4.8,False,0.0,False,0.0,False,0.0,False,0.0,False,0.0,False,0.0,False,0.0,1-2人気,2-5倍
202405020108,2024,1.0,5.0,4.0,2.1,12.2,6.5,False,0.0,True,0.7000000000000001,False,0.0,False,0.0,False,0.0,False,0.0,False,0.0,1-2人気,2-5倍
202405020109,2024,5.0,1.0,3.0,8.2,3.4,6.5,False,0.0,False,0.0,False,0.0,False,0.0,False,0.0,False,0.0,False,0.0,3-5人気,5-10倍
202405020110,2024,4.0,1.0,2.0,10.0,2.1,7.1,False,0.0,False,0.0,False,0.0,False,0.0,False,0.0,False,0.0,False,0.0,3-5人気,5-10倍
202405020111,2024,2.0,1.0,4.0,3.2,2.5,6.1,False,0.0,False,0.0,False,0.0,False,0.0,False,0.0,False,0.0,False,0.0,1-2人気,2-5倍
202405020112,2024,6.0,3.0,2.0,12.6,4.9,4.8,False,0.0,False,0.0,False,0.0,False,0.0,False,0.0,False,0.0,False,0.0,6-10人気,10-20倍
202405020201,2024,7.0,2.0,3.0,10.8,5.1,5.3,False,0.0,False,0.0,False,0.0,False,0.0,False,0.0,False,0.0,False,0.0,6-10人気,10-20倍
202405020202,2024,12.0,4.0,6.0,132.1,8.8,17.7,False,0.0,False,0.0,False,0.0,False,0.0,False,0.0,False,0.0,False,0.0,11人気以下,50倍以上
202405020203,2024,1.0,4.0,3.0,1.5,13.2,8.8,True,1.5,True,0.5,False,0.0,False,0.0,False,0.0,False,0.0,False,0.0,1-2人気,1-2倍
202405020204,2024,2.0,8.0,3.0,3.3,51.0,4.5,False,0.0,False,0.0,False,0.0,False,0.0,False,0.0,False,0.0,False,0.0,1-2人気,2-5倍
202405020205,2024,4.0,1.0,2.0,10.6,2.6,3.0,False,0.0,True,3.533333333333333,True,4.3999999999999995,True,2.756,False,0.0,False,0.0,False,0.0,3-5人気,10-20倍
202405020206,2024,6.0,11.0,1.0,24.7,53.2,2.3,False,0.0,False,0.0,False,0.0,False,0.0,False,0.0,False,0.0,False,0.0,6-10人気,20-50倍
202405020207,2024,1.0,4.0,3.0,3.1,6.4,4.1,False,0.0,False,0.0,False,0.0,False,0.0,False,0.0,False,0.0,False,0.0,1-2人気,2-5倍
202405020208,2024,1.0,7.0,3.0,1.7,16.4,8.8,False,0.0,True,0.5666666666666667,False,0.0,False,0.0,False,0.0,False,0.0,False,0.0,1-2人気,1-2倍
202405020209,2024,1.0,4.0,2.0,1.5,9.3,4.9,True,1.5,True,0.5,True,3.6,True,1.395,True,2.79,True,2.2785,True,6.835500000000001,1-2人気,1-2倍
202405020210,2024,2.0,1.0,3.0,3.1,2.8,5.4,False,0.0,False,0.0,False,0.0,False,0.0,False,0.0,False,0.0,False,0.0,1-2人気,2-5倍
202405020211,2024,2.0,5.0,4.0,4.0,8.9,8.9,True,4.0,True,1.3333333333333333,False,0.0,False,0.0,False,0.0,False,0.0,False,0.0,1-2人気,2-5倍
202405020212,2024,3.0,4.0,1.0,8.0,10.6,1.4,False,0.0,False,0.0,False,0.0,False,0.0,False,0.0,False,0.0,False,0.0,3-5人気,5-10倍
202405020301,2024,1.0,4.0,14.0,1.3,16.4,227.5,True,1.3,True,0.43333333333333335,False,0.0,False,0.0,False,0.0,False,0.0,False,0.0,1-2人気,1-2倍
202405020302,2024,1.0,4.0,3.0,1.1,21.2,15.2,True,1.1,True,0.3666666666666667,True,7.433333333333334,True,2.332,True,4.664,False,0.0,False,0.0,1-2人気,1-2倍
202405020303,2024,1.0,2.0,5.0,3.3,3.5,7.0,False,0.0,False,0.0,False,0.0,False,0.0,False,0.0,False,0.0,False,0.0,1-2人気,2-5倍
202405020304,2024,2.0,3.0,1.0,2.4,5.5,2.4,True,2.4,True,0.7999999999999999,False,0.0,False,0.0,False,0.0,False,0.0,False,0.0,1-2人気,2-5倍
202405020305,2024,2.0,3.0,1.0,4.1,4.6,1.8,False,0.0,False,0.0,False,0.0,False,0.0,False,0.0,False,0.0,False,0.0,1-2人気,2-5倍
202405020306,2024,2.0,1.0,6.0,3.3,1.5,39.7,False,0.0,False,0.0,False,0.0,False,0.0,False,0.0,False,0.0,False,0.0,1-2人気,2-5倍
202405020307,2024,3.0,4.0,6.0,4.3,5.9,13.3,True,4.3,True,1.4333333333333333,False,0.0,False,0.0,False,0.0,False,0.0,False,0.0,3-5人気,2-5倍
202405020308,2024,2.0,3.0,4.0,3.8,4.5,9.8,False,0.0,True,1.2666666666666666,False,0.0,False,0.0,False,0.0,False,0.0,False,0.0,1-2人気,2-5倍
202405020309,2024,2.0,1.0,4.0,3.2,2.7,10.8,False,0.0,True,1.0666666666666667,True,1.9666666666666668,False,0.0,False,0.0,False,0.0,False,0.0,1-2人気,2-5倍
202405020310,2024,4.0,3.0,9.0,6.4,5.2,48.7,False,0.0,True,2.1333333333333333,False,0.0,False,0.0,False,0.0,False,0.0,False,0.0,3-5人気,5-10倍
202405020311,2024,4.0,2.0,5.0,7.7,4.5,8.4,False,0.0,True,2.566666666666667,True,4.066666666666666,False,0.0,False,0.0,False,0.0,False,0.0,3-5人気,5-10倍
202405020312,2024,1.0,4.0,5.0,2.0,6.6,12.4,False,0.0,False,0.0,False,0.0,False,0.0,False,0.0,False,0.0,False,0.0,1-2人気,1-2倍
202405020401,2024,5.0,9.0,6.0,7.9,51.9,8.1,False,0.0,False,0.0,False,0.0,False,0.0,False,0.0,False,0.0,False,0.0,3-5人気,5-10倍
202405020402,2024,1.0,3.0,5.0,1.6,7.1,18.8,False,0.0,True,0.5333333333333333,True,2.9,False,0.0,False,0.0,False,0.0,False,0.0,1-2人気,1-2倍
202405020403,2024,10.0,12.0,4.0,79.3,109.0,6.6,False,0.0,False,0.0,False,0.0,False,0.0,False,0.0,False,0.0,False,0.0,6-10人気,50倍以上
202405020404,2024,1.0,5.0,16.0,3.4,9.0,218.6,False,0.0,True,1.1333333333333333,False,0.0,False,0.0,False,0.0,False,0.0,False,0.0,1-2人気,2-5倍
202405020405,2024,1.0,12.0,2.0,2.5,122.4,3.4,False,0.0,False,0.0,False,0.0,False,0.0,False,0.0,False,0.0,False,0.0,1-2人気,2-5倍
202405020406,2024,3.0,2.0,1.0,5.3,5.1,3.1,False,0.0,True,1.7666666666666666,False,0.0,False,0.0,False,0.0,False,0.0,False,0.0,3-5人気,5-10倍
202405020407,2024,3.0,2.0,4.0,4.9,2.6,6.4,False,0.0,False,0.0,False,0.0,False,0.0,False,0.0,False,0.0,False,0.0,3-5人気,2-5倍
202405020408,2024,6.0,3.0,1.0,17.5,5.7,2.1,False,0.0,False,0.0,False,0.0,False,0.0,False,0.0,False,0.0,False,0.0,6-10人気,10-20倍
202405020409,2024,1.0,2.0,4.0,2.4,3.0,7.5,False,0.0,True,0.7999999999999999,True,1.8,False,0.0,False,0.0,True,1.7999999999999998,False,0.0,1-2人気,2-5倍
202405020410,2024,3.0,2.0,1.0,6.7,4.8,3.2,False,0.0,False,0.0,False,0.0,False,0.0,False,0.0,False,0.0,False,0.0,3-5人気,5-10倍
202405020411,2024,3.0,6.0,11.0,4.9,7.2,95.1,False,0.0,True,1.6333333333333335,True,4.033333333333334,True,3.528,False,0.0,False,0.0,False,0.0,3-5人気,2-5倍
202405020412,2024,2.0,1.0,3.0,4.9,4.6,5.2,False,0.0,False,0.0,False,0.0,False,0.0,False,0.0,False,0.0,False,0.0,1-2人気,2-5倍
202405020501,2024,11.0,1.0,7.0,106.4,2.9,20.5,False,0.0,False,0.0,False,0.0,False,0.0,False,0.0,False,0.0,False,0.0,11人気以下,50倍以上
202405020502,2024,1.0,2.0,3.0,2.2,5.0,5.0,False,0.0,False,0.0,False,0.0,False,0.0,False,0.0,False,0.0,False,0.0,1-2人気,2-5倍
202405020503,2024,1.0,7.0,5.0,1.7,21.8,15.0,False,0.0,True,0.5666666666666667,False,0.0,False,0.0,False,0.0,False,0.0,False,0.0,1-2人気,1-2倍
202405020504,2024,3.0,8.0,1.0,7.4,49.6,2.2,True,7.4,True,2.466666666666667,False,0.0,False,0.0,False,0.0,False,0.0,False,0.0,3-5人気,5-10倍
202405020505,2024,1.0,2.0,6.0,1.8,2.7,36.7,True,1.8,True,0.6,False,0.0,False,0.0,False,0.0,False,0.0,False,0.0,1-2人気,1-2倍
202405020506,2024,4.0,2.0,3.0,10.0,3.0,6.1,False,0.0,False,0.0,False,0.0,False,0.0,False,0.0,False,0.0,False,0.0,3-5人気,5-10倍
202405020507,2024,1.0,5.0,12.0,3.7,15.8,56.4,False,0.0,False,0.0,False,0.0,False,0.0,False,0.0,False,0.0,False,0.0,1-2人気,2-5倍
202405020508,2024,1.0,3.0,4.0,2.3,5.9,8.2,True,2.3,True,0.7666666666666666,False,0.0,False,0.0,False,0.0,False,0.0,False,0.0,1-2人気,2-5倍
202405020509,2024,1.0,2.0,7.0,2.3,4.1,53.4,True,2.3,True,0.7666666666666666,False,0.0,False,0.0,False,0.0,False,0.0,False,0.0,1-2人気,2-5倍
202405020510,2024,1.0,2.0,7.0,1.6,4.2,28.9,True,1.6,True,0.5333333333333333,True,1.9333333333333336,True,0.672,True,1.344,False,0.0,False,0.0,1-2人気,1-2倍
202405020511,2024,4.0,1.0,6.0,6.2,2.3,19.0,False,0.0,True,2.066666666666667,True,2.8333333333333335,True,1.426,False,0.0,False,0.0,False,0.0,3-5人気,5-10倍
202405020512,2024,2.0,3.0,1.0,4.5,4.5,2.0,True,4.5,True,1.5,True,3.0,True,2.025,True,4.05,False,0.0,False,0.0,1-2人気,2-5倍
202405020601,2024,2.0,1.0,3.0,3.4,2.2,4.6,False,0.0,True,1.1333333333333333,False,0.0,False,0.0,False,0.0,False,0.0,False,0.0,1-2人気,2-5倍
202405020602,2024,1.0,7.0,2.0,2.3,56.0,2.4,False,0.0,True,0.7666666666666666,False,0.0,False,0.0,False,0.0,False,0.0,False,0.0,1-2人気,2-5倍
202405020603,2024,7.0,4.0,2.0,31.4,6.5,3.6,False,0.0,False,0.0,False,0.0,False,0.0,False,0.0,False,0.0,False,0.0,6-10人気,20-50倍
202405020604,2024,1.0,4.0,2.0,2.4,7.3,4.8,True,2.4,True,0.7999999999999999,False,0.0,False,0.0,False,0.0,False,0.0,False,0.0,1-2人気,2-5倍
202405020605,2024,1.0,8.0,15.0,2.4,16.4,303.1,True,2.4,True,0.7999999999999999,False,0.0,False,0.0,False,0.0,False,0.0,False,0.0,1-2人気,2-5倍
202405020606,2024,13.0,3.0,2.0,135.1,4.1,3.5,False,0.0,False,0.0,False,0.0,False,0.0,False,0.0,False,0.0,False,0.0,11人気以下,50倍以上
202405020607,2024,3.0,1.0,2.0,4.9,2.0,4.1,False,0.0,False,0.0,False,0.0,False,0.0,False,0.0,False,0.0,False,0.0,3-5人気,2-5倍
202405020608,2024,2.0,1.0,5.0,3.4,2.2,9.9,False,0.0,False,0.0,False,0.0,False,0.0,False,0.0,False,0.0,False,0.0,1-2人気,2-5倍
202405020609,2024,1.0,7.0,3.0,2.1,16.7,5.7,False,0.0,True,0.7000000000000001,False,0.0,False,0.0,False,0.0,False,0.0,False,0.0,1-2人気,2-5倍
202405020610,2024,5.0,2.0,1.0,14.0,4.4,3.4,False,0.0,False,0.0,False,0.0,False,0.0,False,0.0,False,0.0,False,0.0,3-5人気,10-20倍
202405020611,2024,2.0,1.0,11.0,2.9,2.9,54.3,True,2.9,True,0.9666666666666667,True,1.9333333333333333,True,0.841,True,1.682,False,0.0,False,0.0,1-2人気,2-5倍
202405020612,2024,1.0,3.0,2.0,3.1,6.9,5.1,False,0.0,False,0.0,False,0.0,False,0.0,False,0.0,False,0.0,False,0.0,1-2人気,2-5倍
202405020701,2024,8.0,3.0,1.0,55.0,7.5,1.7,False,0.0,False,0.0,False,0.0,False,0.0,False,0.0,False,0.0,False,0.0,6-10人気,50倍以上
202405020702,2024,1.0,4.0,5.0,1.7,9.5,9.5,True,1.7,True,0.5666666666666667,False,0.0,False,0.0,False,0.0,False,0.0,False,0.0,1-2人気,1-2倍
202405020703,2024,5.0,9.0,1.0,14.9,39.3,1.6,False,0.0,True,4.966666666666667,False,0.0,False,0.0,False,0.0,False,0.0,False,0.0,3-5人気,10-20倍
202405020704,2024,2.0,1.0,3.0,4.1,2.7,4.3,False,0.0,False,0.0,False,0.0,False,0.0,False,0.0,False,0.0,False,0.0,1-2人気,2-5倍
202405020705,2024,6.0,7.0,3.0,12.5,36.9,5.2,False,0.0,False,0.0,False,0.0,False,0.0,False,0.0,False,0.0,False,0.0,6-10人気,10-20倍
202405020706,2024,2.0,7.0,6.0,4.3,39.0,22.3,False,0.0,False,0.0,False,0.0,False,0.0,False,0.0,False,0.0,False,0.0,1-2人気,2-5倍
202405020707,2024,1.0,2.0,3.0,2.1,4.4,6.5,False,0.0,False,0.0,False,0.0,False,0.0,False,0.0,False,0.0,False,0.0,1-2人気,2-5倍
202405020708,2024,2.0,3.0,4.0,2.6,5.0,7.1,False,0.0,True,0.8666666666666667,False,0.0,False,0.0,False,0.0,False,0.0,False,0.0,1-2人気,2-5倍
202405020709,2024,3.0,1.0,4.0,5.3,2.7,13.9,True,5.3,True,1.7666666666666666,False,0.0,False,0.0,False,0.0,False,0.0,False,0.0,3-5人気,5-10倍
202405020710,2024,1.0,4.0,6.0,2.0,5.9,41.7,False,0.0,False,0.0,False,0.0,False,0.0,False,0.0,False,0.0,False,0.0,1-2人気,1-2倍
202405020711,2024,4.0,10.0,3.0,6.4,48.4,4.2,False,0.0,False,0.0,False,0.0,False,0.0,False,0.0,False,0.0,False,0.0,3-5人気,5-10倍
202405020712,2024,7.0,2.0,3.0,13.7,3.4,7.8,False,0.0,False,0.0,False,0.0,False,0.0,False,0.0,False,0.0,False,0.0,6-10人気,10-20倍
202405020801,2024,3.0,2.0,11.0,5.4,5.0,148.6,False,0.0,True,1.8,False,0.0,False,0.0,False,0.0,False,0.0,False,0.0,3-5人気,5-10倍
202405020802,2024,3.0,1.0,2.0,4.8,2.2,3.9,True,4.8,True,1.5999999999999999,True,2.3333333333333335,True,1.056,True,2.112,False,0.0,False,0.0,3-5人気,2-5倍
202405020803,2024,2.0,5.0,12.0,3.3,14.1,194.4,False,0.0,True,1.0999999999999999,False,0.0,False,0.0,False,0.0,False,0.0,False,0.0,1-2人気,2-5倍
202405020804,2024,2.0,9.0,1.0,2.8,77.8,1.6,True,2.8,True,0.9333333333333332,False,0.0,False,0.0,False,0.0,False,0.0,False,0.0,1-2人気,2-5倍
202405020805,2024,1.0,3.0,2.0,1.3,7.9,4.8,False,0.0,True,0.43333333333333335,True,3.066666666666667,True,1.0270000000000001,False,0.0,True,1.6432000000000002,False,0.0,1-2人気,1-2倍
202405020806,2024,5.0,2.0,9.0,8.2,4.0,26.3,False,0.0,False,0.0,False,0.0,False,0.0,False,0.0,False,0.0,False,0.0,3-5人気,5-10倍
202405020807,2024,2.0,3.0,4.0,5.2,7.6,9.6,True,5.2,True,1.7333333333333334,False,0.0,False,0.0,False,0.0,False,0.0,False,0.0,1-2人気,5-10倍
202405020808,2024,2.0,3.0,1.0,2.6,5.4,2.1,True,2.6,True,0.8666666666666667,False,0.0,False,0.0,False,0.0,False,0.0,False,0.0,1-2人気,2-5倍
202405020809,2024,1.0,3.0,2.0,1.7,5.1,4.7,True,1.7,True,0.5666666666666667,True,2.2666666666666666,True,0.867,True,1.734,False,0.0,False,0.0,1-2人気,1-2倍
202405020810,2024,2.0,1.0,3.0,5.7,3.9,6.2,False,0.0,True,1.9000000000000001,False,0.0,False,0.0,False,0.0,False,0.0,False,0.0,1-2人気,5-10倍
202405020811,2024,3.0,2.0,6.0,9.4,2.5,19.3,False,0.0,False,0.0,False,0.0,False,0.0,False,0.0,False,0.0,False,0.0,3-5人気,5-10倍
202405020812,2024,2.0,4.0,3.0,5.8,6.0,5.9,False,0.0,False,0.0,False,0.0,False,0.0,False,0.0,False,0.0,False,0.0,1-2人気,5-10倍
202405020901,2024,3.0,14.0,15.0,5.7,68.2,130.5,True,5.7,True,1.9000000000000001,True,24.633333333333336,True,38.874,True,77.748,False,0.0,False,0.0,3-5人気,5-10倍
202405020902,2024,3.0,1.0,10.0,7.8,1.9,76.5,True,7.8,True,2.6,True,3.233333333333333,False,0.0,False,0.0,False,0.0,False,0.0,3-5人気,5-10倍
202405020903,2024,5.0,9.0,2.0,13.0,58.8,3.2,False,0.0,False,0.0,False,0.0,False,0.0,False,0.0,False,0.0,False,0.0,3-5人気,10-20倍
202405020904,2024,3.0,1.0,2.0,3.9,2.4,3.0,False,0.0,False,0.0,False,0.0,False,0.0,False,0.0,False,0.0,False,0.0,3-5人気,2-5倍
202405020905,2024,1.0,4.0,2.0,1.7,14.2,5.2,True,1.7,True,0.5666666666666667,False,0.0,False,0.0,False,0.0,False,0.0,False,0.0,1-2人気,1-2倍
202405020906,2024,1.0,2.0,6.0,1.1,11.7,64.7,True,1.1,True,0.3666666666666667,False,0.0,False,0.0,False,0.0,False,0.0,False,0.0,1-2人気,1-2倍
202405020907,2024,1.0,2.0,5.0,2.6,3.0,7.9,False,0.0,False,0.0,False,0.0,False,0.0,False,0.0,False,0.0,False,0.0,1-2人気,2-5倍
202405020908,2024,2.0,5.0,6.0,4.3,14.0,14.4,False,0.0,False,0.0,False,0.0,False,0.0,False,0.0,False,0.0,False,0.0,1-2人気,2-5倍
202405020909,2024,1.0,4.0,2.0,1.6,8.9,7.1,True,1.6,True,0.5333333333333333,True,3.5,True,1.4240000000000002,True,2.8480000000000003,False,0.0,False,0.0,1-2人気,1-2倍
202405020910,2024,1.0,5.0,3.0,2.1,8.9,7.7,False,0.0,True,0.7000000000000001,False,0.0,False,0.0,False,0.0,False,0.0,False,0.0,1-2人気,2-5倍
202405020911,2024,7.0,2.0,4.0,20.3,5.2,7.6,False,0.0,False,0.0,False,0.0,False,0.0,False,0.0,False,0.0,False,0.0,6-10人気,20-50倍
202405020912,2024,3.0,6.0,12.0,7.9,10.1,63.3,False,0.0,True,2.6333333333333333,False,0.0,False,0.0,False,0.0,False,0.0,False,0.0,3-5人気,5-10倍
202405021001,2024,2.0,6.0,3.0,3.8,22.9,10.7,False,0.0,False,0.0,False,0.0,False,0.0,False,0.0,False,0.0,False,0.0,1-2人気,2-5倍
202405021002,2024,3.0,2.0,6.0,5.5,4.4,9.7,True,5.5,True,1.8333333333333333,False,0.0,False,0.0,False,0.0,False,0.0,False,0.0,3-5人気,5-10倍
202405021003,2024,10.0,1.0,7.0,142.7,1.9,22.1,False,0.0,False,0.0,False,0.0,False,0.0,False,0.0,False,0.0,False,0.0,6-10人気,50倍以上
202405021004,2024,1.0,3.0,2.0,1.7,5.0,3.6,True,1.7,True,0.5666666666666667,False,0.0,False,0.0,False,0.0,False,0.0,False,0.0,1-2人気,1-2倍
202405021005,2024,5.0,1.0,2.0,9.3,1.9,6.1,False,0.0,False,0.0,False,0.0,False,0.0,False,0.0,False,0.0,False,0.0,3-5人気,5-10倍
202405021006,2024,4.0,7.0,8.0,13.7,21.3,24.8,False,0.0,False,0.0,False,0.0,False,0.0,False,0.0,False,0.0,False,0.0,3-5人気,10-20倍
202405021007,2024,3.0,1.0,2.0,5.0,1.9,3.4,False,0.0,False,0.0,False,0.0,False,0.0,False,0.0,False,0.0,False,0.0,3-5人気,2-5倍
202405021008,2024,1.0,3.0,2.0,2.2,3.8,3.3,True,2.2,True,0.7333333333333334,True,2.0,True,0.836,True,1.672,False,0.0,False,0.0,1-2人気,2-5倍
202405021009,2024,1.0,8.0,2.0,1.7,23.2,4.8,True,1.7,True,0.5666666666666667,False,0.0,False,0.0,False,0.0,False,0.0,False,0.0,1-2人気,1-2倍
202405021010,2024,2.0,1.0,11.0,3.6,2.4,59.3,True,3.6,True,1.2,True,2.0,True,0.8640000000000001,True,1.7280000000000002,False,0.0,False,0.0,1-2人気,2-5倍
202405021011,2024,2.0,5.0,10.0,4.6,11.5,56.6,True,4.6,True,1.5333333333333332,False,0.0,False,0.0,False,0.0,False,0.0,False,0.0,1-2人気,2-5倍
202405021012,2024,1.0,5.0,8.0,3.6,13.4,17.0,True,3.6,True,1.2,False,0.0,False,0.0,False,0.0,False,0.0,False,0.0,1-2人気,2-5倍
202405021101,2024,6.0,1.0,4.0,27.5,1.6,15.4,False,0.0,False,0.0,False,0.0,False,0.0,False,0.0,False,0.0,False,0.0,6-10人気,20-50倍
202405021102,2024,4.0,3.0,1.0,13.6,13.4,1.2,False,0.0,False,0.0,False,0.0,False,0.0,False,0.0,False,0.0,False,0.0,3-5人気,10-20倍
202405021103,2024,2.0,3.0,10.0,3.4,6.7,60.8,False,0.0,False,0.0,False,0.0,False,0.0,False,0.0,False,0.0,False,0.0,1-2人気,2-5倍
202405021104,2024,1.0,4.0,2.0,1.9,7.5,3.1,True,1.9,True,0.6333333333333333,False,0.0,False,0.0,False,0.0,False,0.0,False,0.0,1-2人気,1-2倍
202405021105,2024,2.0,1.0,4.0,3.2,1.5,13.7,False,0.0,True,1.0666666666666667,True,1.5666666666666667,False,0.0,False,0.0,False,0.0,False,0.0,1-2人気,2-5倍
202405021106,2024,3.0,1.0,2.0,4.0,3.3,3.3,True,4.0,True,1.3333333333333333,False,0.0,False,0.0,False,0.0,False,0.0,False,0.0,3-5人気,2-5倍
202405021107,2024,4.0,3.0,10.0,10.3,8.3,90.4,False,0.0,True,3.4333333333333336,True,6.2,False,0.0,False,0.0,False,0.0,False,0.0,3-5人気,10-20倍
202405021108,2024,4.0,5.0,2.0,7.3,10.0,4.5,True,7.3,True,2.433333333333333,False,0.0,False,0.0,False,0.0,False,0.0,False,0.0,3-5人気,5-10倍
202405021109,2024,1.0,6.0,7.0,3.1,10.1,11.0,False,0.0,True,1.0333333333333334,True,4.3999999999999995,False,0.0,False,0.0,False,0.0,False,0.0,1-2人気,2-5倍
202405021110,2024,2.0,3.0,5.0,2.9,3.6,20.0,True,2.9,True,0.9666666666666667,False,0.0,False,0.0,False,0.0,False,0.0,False,0.0,1-2人気,2-5倍
202405021111,2024,2.0,1.0,3.0,3.5,1.7,12.4,True,3.5,True,1.1666666666666667,True,1.7333333333333334,True,0.595,True,1.19,False,0.0,False,0.0,1-2人気,2-5倍
202405021112,2024,7.0,1.0,2.0,17.7,2.9,3.3,False,0.0,False,0.0,False,0.0,False,0.0,False,0.0,False,0.0,False,0.0,6-10人気,10-20倍
202405021201,2024,1.0,2.0,3.0,1.5,5.0,7.8,True,1.5,True,0.5,False,0.0,False,0.0,False,0.0,False,0.0,False,0.0,1-2人気,1-2倍
202405021202,2024,2.0,8.0,3.0,4.1,38.8,4.5,False,0.0,False,0.0,False,0.0,False,0.0,False,0.0,False,0.0,False,0.0,1-2人気,2-5倍
202405021203,2024,1.0,8.0,11.0,1.6,41.5,131.3,True,1.6,True,0.5333333333333333,False,0.0,False,0.0,False,0.0,False,0.0,False,0.0,1-2人気,1-2倍
202405021204,2024,1.0,4.0,2.0,2.8,6.7,4.9,True,2.8,True,0.9333333333333332,False,0.0,False,0.0,False,0.0,False,0.0,False,0.0,1-2人気,2-5倍
202405021205,2024,2.0,13.0,16.0,5.2,51.0,97.9,False,0.0,False,0.0,False,0.0,False,0.0,False,0.0,False,0.0,False,0.0,1-2人気,5-10倍
202405021206,2024,3.0,2.0,4.0,3.7,2.9,6.4,False,0.0,False,0.0,False,0.0,False,0.0,False,0.0,False,0.0,False,0.0,3-5人気,2-5倍
202405021207,2024,5.0,2.0,6.0,11.0,3.9,12.5,False,0.0,True,3.6666666666666665,True,4.966666666666667,False,0.0,False,0.0,False,0.0,False,0.0,3-5人気,10-20倍
202405021208,2024,3.0,8.0,7.0,7.4,18.4,16.4,False,0.0,False,0.0,False,0.0,False,0.0,False,0.0,False,0.0,False,0.0,3-5人気,5-10倍
202405021209,2024,1.0,3.0,2.0,2.0,5.5,3.0,True,2.0,True,0.6666666666666666,False,0.0,False,0.0,False,0.0,False,0.0,False,0.0,1-2人気,1-2倍
202405021210,2024,3.0,1.0,2.0,7.2,1.9,4.6,False,0.0,False,0.0,False,0.0,False,0.0,False,0.0,False,0.0,False,0.0,3-5人気,5-10倍
202405021211,2024,6.0,3.0,5.0,14.3,8.3,12.7,False,0.0,False,0.0,False,0.0,False,0.0,False,0.0,False,0.0,False,0.0,6-10人気,10-20倍
202405021212,2024,2.0,3.0,5.0,3.8,5.3,9.6,False,0.0,True,1.2666666666666666,False,0.0,False,0.0,False,0.0,False,0.0,False,0.0,1-2人気,2-5倍
202405030101,2024,5.0,2.0,4.0,7.5,3.5,6.4,False,0.0,False,0.0,False,0.0,False,0.0,False,0.0,False,0.0,False,0.0,3-5人気,5-10倍
202405030102,2024,5.0,2.0,1.0,6.3,4.5,3.6,False,0.0,False,0.0,False,0.0,False,0.0,False,0.0,False,0.0,False,0.0,3-5人気,5-10倍
202405030103,2024,2.0,6.0,3.0,5.3,12.6,6.8,False,0.0,False,0.0,False,0.0,False,0.0,False,0.0,False,0.0,False,0.0,1-2人気,5-10倍
202405030104,2024,4.0,3.0,13.0,8.3,6.3,171.4,False,0.0,True,2.766666666666667,True,4.866666666666667,False,0.0,False,0.0,False,0.0,False,0.0,3-5人気,5-10倍
202405030105,2024,2.0,1.0,4.0,2.4,1.8,13.1,True,2.4,True,0.7999999999999999,False,0.0,False,0.0,False,0.0,False,0.0,False,0.0,1-2人気,2-5倍
202405030106,2024,1.0,4.0,3.0,1.4,12.2,9.7,False,0.0,False,0.0,False,0.0,False,0.0,False,0.0,False,0.0,False,0.0,1-2人気,1-2倍
202405030107,2024,2.0,1.0,3.0,4.0,3.0,5.2,False,0.0,True,1.3333333333333333,True,2.3333333333333335,False,0.0,False,0.0,False,0.0,False,0.0,1-2人気,2-5倍
202405030108,2024,1.0,2.0,8.0,2.8,3.0,27.2,False,0.0,True,0.9333333333333332,True,1.9333333333333333,True,0.8399999999999999,False,0.0,False,0.0,False,0.0,1-2人気,2-5倍
202405030109,2024,5.0,9.0,1.0,28.8,61.0,2.2,False,0.0,True,9.6,False,0.0,False,0.0,False,0.0,False,0.0,False,0.0,3-5人気,20-50倍
202405030110,2024,2.0,1.0,3.0,2.1,1.9,16.0,True,2.1,True,0.7000000000000001,True,1.3333333333333333,False,0.0,False,0.0,False,0.0,False,0.0,1-2人気,2-5倍
202405030111,2024,2.0,3.0,5.0,3.5,7.4,8.6,False,0.0,False,0.0,False,0.0,False,0.0,False,0.0,False,0.0,False,0.0,1-2人気,2-5倍
202405030112,2024,2.0,8.0,3.0,4.3,28.4,4.4,False,0.0,False,0.0,False,0.0,False,0.0,False,0.0,False,0.0,False,0.0,1-2人気,2-5倍
202405030201,2024,2.0,1.0,4.0,3.4,2.1,7.9,True,3.4,True,1.1333333333333333,True,1.8333333333333333,True,0.714,True,1.428,True,1.8801999999999999,True,5.6406,1-2人気,2-5倍
202405030202,2024,7.0,1.0,4.0,23.4,2.6,12.6,False,0.0,True,7.8,False,0.0,False,0.0,False,0.0,False,0.0,False,0.0,6-10人気,20-50倍
202405030203,2024,5.0,3.0,2.0,19.2,5.2,2.8,False,0.0,False,0.0,False,0.0,False,0.0,False,0.0,False,0.0,False,0.0,3-5人気,10-20倍
202405030204,2024,1.0,3.0,6.0,1.4,8.3,17.4,True,1.4,True,0.4666666666666666,False,0.0,False,0.0,False,0.0,False,0.0,False,0.0,1-2人気,1-2倍
202405030205,2024,3.0,4.0,1.0,4.8,6.3,2.5,False,0.0,True,1.5999999999999999,False,0.0,False,0.0,False,0.0,False,0.0,False,0.0,3-5人気,2-5倍
202405030206,2024,1.0,2.0,3.0,1.9,2.2,8.0,False,0.0,True,0.6333333333333333,True,1.3666666666666665,True,0.418,False,0.0,False,0.0,False,0.0,1-2人気,1-2倍
202405030207,2024,3.0,2.0,1.0,5.4,3.4,1.7,True,5.4,True,1.8,False,0.0,False,0.0,False,0.0,False,0.0,False,0.0,3-5人気,5-10倍
202405030208,2024,5.0,3.0,2.0,7.6,5.3,4.7,False,0.0,False,0.0,False,0.0,False,0.0,False,0.0,False,0.0,False,0.0,3-5人気,5-10倍
202405030209,2024,6.0,1.0,3.0,12.4,3.1,3.9,False,0.0,False,0.0,False,0.0,False,0.0,False,0.0,False,0.0,False,0.0,6-10人気,10-20倍
202405030210,2024,2.0,3.0,1.0,6.1,6.1,3.4,False,0.0,False,0.0,False,0.0,False,0.0,False,0.0,False,0.0,False,0.0,1-2人気,5-10倍
202405030211,2024,3.0,15.0,6.0,6.1,71.1,15.4,False,0.0,False,0.0,False,0.0,False,0.0,False,0.0,False,0.0,False,0.0,3-5人気,5-10倍
202405030212,2024,7.0,6.0,11.0,15.4,10.2,41.0,False,0.0,False,0.0,False,0.0,False,0.0,False,0.0,False,0.0,False,0.0,6-10人気,10-20倍
202405030301,2024,3.0,6.0,1.0,5.6,16.8,1.9,False,0.0,False,0.0,False,0.0,False,0.0,False,0.0,False,0.0,False,0.0,3-5人気,5-10倍
202405030302,2024,3.0,1.0,2.0,3.7,2.9,3.4,True,3.7,True,1.2333333333333334,True,2.1999999999999997,False,0.0,False,0.0,False,0.0,False,0.0,3-5人気,2-5倍
202405030303,2024,1.0,7.0,3.0,1.6,54.1,9.3,False,0.0,True,0.5333333333333333,False,0.0,False,0.0,False,0.0,False,0.0,False,0.0,1-2人気,1-2倍
202405030304,2024,3.0,2.0,7.0,11.3,5.2,46.9,False,0.0,True,3.766666666666667,True,5.5,False,0.0,False,0.0,False,0.0,False,0.0,3-5人気,10-20倍
202405030305,2024,1.0,5.0,2.0,1.6,24.5,3.5,False,0.0,False,0.0,False,0.0,False,0.0,False,0.0,False,0.0,False,0.0,1-2人気,1-2倍
202405030306,2024,1.0,5.0,9.0,1.8,24.4,50.8,True,1.8,True,0.6,False,0.0,False,0.0,False,0.0,False,0.0,False,0.0,1-2人気,1-2倍
202405030307,2024,3.0,4.0,7.0,4.2,4.4,33.8,True,4.2,True,1.4000000000000001,True,2.866666666666667,True,1.8480000000000003,True,3.6960000000000006,False,0.0,False,0.0,3-5人気,2-5倍
202405030308,2024,2.0,4.0,8.0,3.7,6.3,36.8,False,0.0,True,1.2333333333333334,False,0.0,False,0.0,False,0.0,False,0.0,False,0.0,1-2人気,2-5倍
202405030309,2024,1.0,5.0,2.0,1.9,12.9,3.1,True,1.9,True,0.6333333333333333,False,0.0,False,0.0,False,0.0,False,0.0,False,0.0,1-2人気,1-2倍
202405030310,2024,3.0,9.0,13.0,7.2,56.7,147.1,False,0.0,True,2.4,False,0.0,False,0.0,False,0.0,False,0.0,False,0.0,3-5人気,5-10倍
202405030311,2024,3.0,6.0,2.0,8.0,12.5,2.8,False,0.0,True,2.6666666666666665,True,6.833333333333333,False,0.0,False,0.0,True,9.333333333333334,False,0.0,3-5人気,5-10倍
202405030312,2024,2.0,1.0,3.0,4.8,2.3,5.6,False,0.0,False,0.0,False,0.0,False,0.0,False,0.0,False,0.0,False,0.0,1-2人気,2-5倍
202405030401,2024,1.0,9.0,5.0,3.0,39.1,12.8,False,0.0,True,1.0,False,0.0,False,0.0,False,0.0,False,0.0,False,0.0,1-2人気,2-5倍
202405030402,2024,9.0,3.0,1.0,79.5,11.3,1.4,False,0.0,False,0.0,False,0.0,False,0.0,False,0.0,False,0.0,False,0.0,6-10人気,50倍以上
202405030403,2024,3.0,2.0,1.0,16.2,8.1,1.1,False,0.0,False,0.0,False,0.0,False,0.0,False,0.0,False,0.0,False,0.0,3-5人気,10-20倍
202405030404,2024,3.0,2.0,4.0,4.2,3.1,10.9,False,0.0,False,0.0,False,0.0,False,0.0,False,0.0,False,0.0,False,0.0,3-5人気,2-5倍
202405030405,2024,1.0,5.0,3.0,1.7,28.8,6.1,False,0.0,True,0.5666666666666667,False,0.0,False,0.0,False,0.0,False,0.0,False,0.0,1-2人気,1-2倍
202405030406,2024,1.0,2.0,6.0,1.3,5.4,25.8,True,1.3,True,0.43333333333333335,False,0.0,False,0.0,False,0.0,False,0.0,False,0.0,1-2人気,1-2倍
202405030407,2024,3.0,8.0,12.0,6.8,62.1,261.6,False,0.0,False,0.0,False,0.0,False,0.0,False,0.0,False,0.0,False,0.0,3-5人気,5-10倍
202405030408,2024,2.0,1.0,4.0,2.4,1.9,16.0,True,2.4,True,0.7999999999999999,True,1.4333333333333333,True,0.45599999999999996,True,0.9119999999999999,True,2.432,True,7.295999999999999,1-2人気,2-5倍
202405030409,2024,2.0,6.0,5.0,4.2,13.7,7.5,False,0.0,True,1.4000000000000001,True,5.966666666666666,False,0.0,False,0.0,False,0.0,False,0.0,1-2人気,2-5倍
202405030410,2024,4.0,2.0,11.0,12.4,3.9,55.7,False,0.0,False,0.0,False,0.0,False,0.0,False,0.0,False,0.0,False,0.0,3-5人気,10-20倍
202405030411,2024,1.0,6.0,13.0,3.6,10.5,50.7,True,3.6,True,1.2,False,0.0,False,0.0,False,0.0,False,0.0,False,0.0,1-2人気,2-5倍
202405030412,2024,3.0,5.0,10.0,5.0,13.6,43.7,False,0.0,True,1.6666666666666667,False,0.0,False,0.0,False,0.0,False,0.0,False,0.0,3-5人気,2-5倍
202405030501,2024,9.0,1.0,5.0,105.8,1.4,22.4,False,0.0,False,0.0,False,0.0,False,0.0,False,0.0,False,0.0,False,0.0,6-10人気,50倍以上
202405030502,2024,3.0,1.0,4.0,6.5,3.0,7.9,False,0.0,False,0.0,False,0.0,False,0.0,False,0.0,False,0.0,False,0.0,3-5人気,5-10倍
202405030503,2024,2.0,1.0,15.0,4.0,3.0,231.2,False,0.0,False,0.0,False,0.0,False,0.0,False,0.0,False,0.0,False,0.0,1-2人気,2-5倍
202405030504,2024,1.0,15.0,2.0,1.5,364.9,8.4,False,0.0,True,0.5,False,0.0,False,0.0,False,0.0,False,0.0,False,0.0,1-2人気,1-2倍
202405030505,2024,1.0,2.0,6.0,2.0,3.4,22.5,False,0.0,True,0.6666666666666666,False,0.0,False,0.0,False,0.0,False,0.0,False,0.0,1-2人気,1-2倍
202405030506,2024,1.0,3.0,4.0,2.9,5.5,6.2,False,0.0,False,0.0,False,0.0,False,0.0,False,0.0,False,0.0,False,0.0,1-2人気,2-5倍
202405030507,2024,5.0,14.0,4.0,7.5,203.6,6.1,False,0.0,True,2.5,False,0.0,False,0.0,False,0.0,False,0.0,False,0.0,3-5人気,5-10倍
202405030508,2024,3.0,6.0,2.0,5.0,20.3,3.0,False,0.0,True,1.6666666666666667,False,0.0,False,0.0,False,0.0,False,0.0,False,0.0,3-5人気,2-5倍
202405030509,2024,3.0,1.0,2.0,6.0,2.0,2.9,False,0.0,True,2.0,True,2.6666666666666665,False,0.0,False,0.0,True,1.16,False,0.0,3-5人気,5-10倍
202405030510,2024,1.0,2.0,12.0,1.8,2.7,94.0,True,1.8,True,0.6,True,1.5,False,0.0,False,0.0,False,0.0,False,0.0,1-2人気,1-2倍
202405030511,2024,1.0,2.0,6.0,2.6,3.9,13.6,False,0.0,True,0.8666666666666667,False,0.0,False,0.0,False,0.0,False,0.0,False,0.0,1-2人気,2-5倍
202405030512,2024,1.0,6.0,3.0,1.7,40.6,4.8,True,1.7,True,0.5666666666666667,False,0.0,False,0.0,False,0.0,False,0.0,False,0.0,1-2人気,1-2倍
202405030601,2024,2.0,8.0,6.0,5.4,32.3,23.9,False,0.0,False,0.0,False,0.0,False,0.0,False,0.0,False,0.0,False,0.0,1-2人気,5-10倍
202405030602,2024,2.0,12.0,7.0,2.8,194.1,64.1,False,0.0,True,0.9333333333333332,False,0.0,False,0.0,False,0.0,False,0.0,False,0.0,1-2人気,2-5倍
202405030603,2024,2.0,4.0,1.0,4.2,18.3,1.6,True,4.2,True,1.4000000000000001,False,0.0,False,0.0,False,0.0,False,0.0,False,0.0,1-2人気,2-5倍
202405030604,2024,1.0,7.0,4.0,3.5,23.0,6.1,False,0.0,True,1.1666666666666667,False,0.0,False,0.0,False,0.0,False,0.0,False,0.0,1-2人気,2-5倍
202405030605,2024,1.0,2.0,4.0,1.6,3.4,15.3,True,1.6,True,0.5333333333333333,True,1.6666666666666667,True,0.544,True,1.088,False,0.0,False,0.0,1-2人気,1-2倍
202405030606,2024,1.0,7.0,2.0,2.9,17.9,3.0,False,0.0,False,0.0,False,0.0,False,0.0,False,0.0,False,0.0,False,0.0,1-2人気,2-5倍
202405030607,2024,8.0,5.0,2.0,31.3,11.1,4.1,False,0.0,False,0.0,False,0.0,False,0.0,False,0.0,False,0.0,False,0.0,6-10人気,20-50倍
202405030608,2024,1.0,7.0,5.0,1.5,86.8,28.1,True,1.5,True,0.5,False,0.0,False,0.0,False,0.0,False,0.0,False,0.0,1-2人気,1-2倍
202405030609,2024,5.0,6.0,2.0,20.5,23.4,5.1,False,0.0,True,6.833333333333333,False,0.0,False,0.0,False,0.0,False,0.0,False,0.0,3-5人気,20-50倍
202405030610,2024,1.0,10.0,6.0,1.9,66.3,34.5,False,0.0,False,0.0,False,0.0,False,0.0,False,0.0,False,0.0,False,0.0,1-2人気,1-2倍
202405030611,2024,1.0,5.0,11.0,2.3,14.3,106.5,False,0.0,False,0.0,False,0.0,False,0.0,False,0.0,False,0.0,False,0.0,1-2人気,2-5倍
202405030612,2024,2.0,7.0,4.0,2.9,27.1,10.8,False,0.0,False,0.0,False,0.0,False,0.0,False,0.0,False,0.0,False,0.0,1-2人気,2-5倍
202405030701,2024,3.0,1.0,5.0,14.2,1.1,25.0,False,0.0,False,0.0,False,0.0,False,0.0,False,0.0,False,0.0,False,0.0,3-5人気,10-20倍
202405030702,2024,13.0,6.0,10.0,65.3,21.5,40.1,False,0.0,True,21.766666666666666,False,0.0,False,0.0,False,0.0,False,0.0,False,0.0,11人気以下,50倍以上
202405030703,2024,8.0,3.0,11.0,16.2,7.2,54.3,False,0.0,False,0.0,False,0.0,False,0.0,False,0.0,False,0.0,False,0.0,6-10人気,10-20倍
202405030704,2024,1.0,3.0,4.0,2.7,4.1,7.2,False,0.0,True,0.9,False,0.0,False,0.0,False,0.0,False,0.0,False,0.0,1-2人気,2-5倍
202405030705,2024,1.0,2.0,4.0,1.8,3.9,10.3,False,0.0,False,0.0,False,0.0,False,0.0,False,0.0,False,0.0,False,0.0,1-2人気,1-2倍
202405030706,2024,1.0,2.0,5.0,1.6,2.9,21.9,True,1.6,True,0.5333333333333333,True,1.5,True,0.46399999999999997,True,0.9279999999999999,False,0.0,False,0.0,1-2人気,1-2倍
202405030707,2024,1.0,4.0,5.0,3.1,5.4,15.1,False,0.0,True,1.0333333333333334,False,0.0,False,0.0,False,0.0,False,0.0,False,0.0,1-2人気,2-5倍
202405030708,2024,3.0,10.0,6.0,4.6,48.3,16.8,False,0.0,False,0.0,False,0.0,False,0.0,False,0.0,False,0.0,False,0.0,3-5人気,2-5倍
202405030709,2024,2.0,7.0,3.0,3.3,25.2,5.4,False,0.0,False,0.0,False,0.0,False,0.0,False,0.0,False,0.0,False,0.0,1-2人気,2-5倍
202405030710,2024,3.0,6.0,5.0,14.8,42.5,33.9,False,0.0,False,0.0,False,0.0,False,0.0,False,0.0,False,0.0,False,0.0,3-5人気,10-20倍
202405030711,2024,2.0,6.0,4.0,3.3,20.6,8.8,False,0.0,False,0.0,False,0.0,False,0.0,False,0.0,False,0.0,False,0.0,1-2人気,2-5倍
202405030712,2024,5.0,4.0,2.0,10.5,7.2,3.7,False,0.0,False,0.0,False,0.0,False,0.0,False,0.0,False,0.0,False,0.0,3-5人気,10-20倍
202405030801,2024,3.0,5.0,1.0,5.2,17.8,1.7,False,0.0,False,0.0,False,0.0,False,0.0,False,0.0,False,0.0,False,0.0,3-5人気,5-10倍
202405030802,2024,3.0,1.0,10.0,4.3,2.5,122.3,True,4.3,True,1.4333333333333333,True,2.2666666666666666,False,0.0,False,0.0,False,0.0,False,0.0,3-5人気,2-5倍
202405030803,2024,2.0,1.0,6.0,5.1,1.7,19.8,False,0.0,False,0.0,False,0.0,False,0.0,False,0.0,False,0.0,False,0.0,1-2人気,5-10倍
202405030804,2024,7.0,3.0,2.0,11.7,5.3,5.3,False,0.0,True,3.9,True,5.666666666666667,True,6.200999999999999,False,0.0,False,0.0,False,0.0,6-10人気,10-20倍
202405030805,2024,3.0,2.0,4.0,5.5,3.7,6.0,False,0.0,False,0.0,False,0.0,False,0.0,False,0.0,False,0.0,False,0.0,3-5人気,5-10倍
202405030806,2024,1.0,3.0,4.0,2.7,6.9,9.6,False,0.0,False,0.0,False,0.0,False,0.0,False,0.0,False,0.0,False,0.0,1-2人気,2-5倍
202405030807,2024,7.0,3.0,4.0,27.0,6.1,7.8,False,0.0,False,0.0,False,0.0,False,0.0,False,0.0,False,0.0,False,0.0,6-10人気,20-50倍
202405030808,2024,9.0,5.0,10.0,47.3,29.2,57.0,False,0.0,False,0.0,False,0.0,False,0.0,False,0.0,False,0.0,False,0.0,6-10人気,20-50倍
202405030809,2024,4.0,1.0,5.0,7.4,2.4,16.3,True,7.4,True,2.466666666666667,False,0.0,False,0.0,False,0.0,False,0.0,False,0.0,3-5人気,5-10倍
202405030810,2024,3.0,7.0,4.0,5.3,16.7,6.0,False,0.0,False,0.0,False,0.0,False,0.0,False,0.0,False,0.0,False,0.0,3-5人気,5-10倍
202405030811,2024,1.0,5.0,11.0,2.7,11.4,37.4,False,0.0,False,0.0,False,0.0,False,0.0,False,0.0,False,0.0,False,0.0,1-2人気,2-5倍
202405030812,2024,5.0,3.0,13.0,11.7,6.0,72.9,True,11.7,True,3.9,True,5.8999999999999995,True,7.019999999999999,True,14.039999999999997,False,0.0,False,0.0,3-5人気,10-20倍
202405040101,2024,1.0,3.0,4.0,1.5,5.6,14.8,False,0.0,True,0.5,False,0.0,False,0.0,False,0.0,False,0.0,False,0.0,1-2人気,1-2倍
202405040102,2024,4.0,1.0,2.0,6.2,1.9,4.1,False,0.0,False,0.0,False,0.0,False,0.0,False,0.0,False,0.0,False,0.0,3-5人気,5-10倍
202405040103,2024,1.0,2.0,3.0,1.7,4.1,4.4,False,0.0,True,0.5666666666666667,True,1.9333333333333333,True,0.6969999999999998,False,0.0,False,0.0,False,0.0,1-2人気,1-2倍
202405040104,2024,2.0,1.0,3.0,3.5,3.5,5.4,False,0.0,False,0.0,False,0.0,False,0.0,False,0.0,False,0.0,False,0.0,1-2人気,2-5倍
202405040105,2024,2.0,7.0,6.0,3.3,22.1,21.4,False,0.0,True,1.0999999999999999,False,0.0,False,0.0,False,0.0,False,0.0,False,0.0,1-2人気,2-5倍
202405040106,2024,2.0,1.0,8.0,4.1,3.2,52.6,False,0.0,True,1.3666666666666665,False,0.0,False,0.0,False,0.0,False,0.0,False,0.0,1-2人気,2-5倍
202405040107,2024,1.0,3.0,5.0,2.7,5.4,19.2,False,0.0,True,0.9,False,0.0,False,0.0,False,0.0,False,0.0,False,0.0,1-2人気,2-5倍
202405040108,2024,2.0,1.0,4.0,2.6,2.4,9.0,False,0.0,False,0.0,False,0.0,False,0.0,False,0.0,False,0.0,False,0.0,1-2人気,2-5倍
202405040109,2024,1.0,5.0,3.0,1.6,19.6,6.0,False,0.0,True,0.5333333333333333,False,0.0,False,0.0,False,0.0,False,0.0,False,0.0,1-2人気,1-2倍
202405040110,2024,2.0,3.0,5.0,5.8,6.7,11.7,False,0.0,False,0.0,False,0.0,False,0.0,False,0.0,False,0.0,False,0.0,1-2人気,5-10倍
202405040111,2024,1.0,5.0,4.0,1.5,13.8,12.9,False,0.0,False,0.0,False,0.0,False,0.0,False,0.0,False,0.0,False,0.0,1-2人気,1-2倍
202405040112,2024,4.0,3.0,5.0,6.2,5.7,8.1,False,0.0,False,0.0,False,0.0,False,0.0,False,0.0,False,0.0,False,0.0,3-5人気,5-10倍
202405040201,2024,1.0,4.0,3.0,1.4,16.4,9.9,True,1.4,True,0.4666666666666666,False,0.0,False,0.0,False,0.0,False,0.0,False,0.0,1-2人気,1-2倍
202405040202,2024,1.0,2.0,4.0,1.1,5.1,28.8,True,1.1,True,0.3666666666666667,True,2.0666666666666664,True,0.561,True,1.122,False,0.0,False,0.0,1-2人気,1-2倍
202405040203,2024,4.0,5.0,10.0,5.4,14.9,73.9,False,0.0,False,0.0,False,0.0,False,0.0,False,0.0,False,0.0,False,0.0,3-5人気,5-10倍
202405040204,2024,1.0,3.0,4.0,2.6,8.0,8.2,False,0.0,True,0.8666666666666667,False,0.0,False,0.0,False,0.0,False,0.0,False,0.0,1-2人気,2-5倍
202405040205,2024,1.0,4.0,3.0,2.0,14.3,4.2,True,2.0,True,0.6666666666666666,False,0.0,False,0.0,False,0.0,False,0.0,False,0.0,1-2人気,1-2倍
202405040206,2024,6.0,4.0,3.0,34.1,10.6,9.5,False,0.0,True,11.366666666666667,False,0.0,False,0.0,False,0.0,False,0.0,False,0.0,6-10人気,20-50倍
202405040207,2024,4.0,1.0,7.0,14.2,2.1,17.6,False,0.0,False,0.0,False,0.0,False,0.0,False,0.0,False,0.0,False,0.0,3-5人気,10-20倍
202405040208,2024,1.0,3.0,2.0,1.9,7.5,4.6,True,1.9,True,0.6333333333333333,False,0.0,False,0.0,False,0.0,False,0.0,False,0.0,1-2人気,1-2倍
202405040209,2024,2.0,1.0,5.0,3.8,2.9,7.7,False,0.0,False,0.0,False,0.0,False,0.0,False,0.0,False,0.0,False,0.0,1-2人気,2-5倍
202405040210,2024,5.0,11.0,4.0,8.1,46.6,6.0,False,0.0,False,0.0,False,0.0,False,0.0,False,0.0,False,0.0,False,0.0,3-5人気,5-10倍
202405040211,2024,2.0,9.0,5.0,3.7,30.8,8.3,False,0.0,False,0.0,False,0.0,False,0.0,False,0.0,False,0.0,False,0.0,1-2人気,2-5倍
202405040212,2024,1.0,7.0,2.0,1.8,49.3,3.5,True,1.8,True,0.6,False,0.0,False,0.0,False,0.0,False,0.0,False,0.0,1-2人気,1-2倍
202405040301,2024,3.0,4.0,2.0,5.5,7.9,4.3,True,5.5,True,1.8333333333333333,True,4.466666666666667,False,0.0,False,0.0,False,0.0,False,0.0,3-5人気,5-10倍
202405040302,2024,1.0,12.0,6.0,3.7,60.7,16.5,False,0.0,True,1.2333333333333334,False,0.0,False,0.0,False,0.0,False,0.0,False,0.0,1-2人気,2-5倍
202405040303,2024,4.0,1.0,2.0,7.8,1.8,4.0,False,0.0,True,2.6,True,3.1999999999999997,False,0.0,False,0.0,True,1.8719999999999999,False,0.0,3-5人気,5-10倍
202405040304,2024,3.0,2.0,1.0,5.4,4.1,2.1,True,5.4,True,1.8,False,0.0,False,0.0,False,0.0,False,0.0,False,0.0,3-5人気,5-10倍
202405040305,2024,8.0,5.0,6.0,19.0,8.7,10.1,False,0.0,False,0.0,False,0.0,False,0.0,False,0.0,False,0.0,False,0.0,6-10人気,10-20倍
202405040306,2024,1.0,4.0,6.0,2.9,7.2,8.1,False,0.0,False,0.0,False,0.0,False,0.0,False,0.0,False,0.0,False,0.0,1-2人気,2-5倍
202405040307,2024,5.0,2.0,7.0,8.9,3.5,20.1,False,0.0,False,0.0,False,0.0,False,0.0,False,0.0,False,0.0,False,0.0,3-5人気,5-10倍
202405040308,2024,4.0,14.0,6.0,10.6,62.1,13.5,False,0.0,False,0.0,False,0.0,False,0.0,False,0.0,False,0.0,False,0.0,3-5人気,10-20倍
202405040309,2024,5.0,6.0,2.0,8.2,18.0,6.5,False,0.0,False,0.0,False,0.0,False,0.0,False,0.0,False,0.0,False,0.0,3-5人気,5-10倍
202405040310,2024,1.0,5.0,9.0,3.3,8.3,24.4,False,0.0,False,0.0,False,0.0,False,0.0,False,0.0,False,0.0,False,0.0,1-2人気,2-5倍
202405040311,2024,3.0,8.0,1.0,6.8,24.6,4.4,False,0.0,False,0.0,False,0.0,False,0.0,False,0.0,False,0.0,False,0.0,3-5人気,5-10倍
202405040312,2024,3.0,2.0,4.0,5.1,4.0,6.8,False,0.0,False,0.0,False,0.0,False,0.0,False,0.0,False,0.0,False,0.0,3-5人気,5-10倍
202405040401,2024,1.0,2.0,3.0,2.4,3.0,5.1,False,0.0,True,0.7999999999999999,False,0.0,False,0.0,False,0.0,False,0.0,False,0.0,1-2人気,2-5倍
202405040402,2024,1.0,4.0,3.0,2.1,9.9,6.2,False,0.0,False,0.0,False,0.0,False,0.0,False,0.0,False,0.0,False,0.0,1-2人気,2-5倍
202405040403,2024,2.0,1.0,6.0,2.7,1.8,29.8,False,0.0,False,0.0,False,0.0,False,0.0,False,0.0,False,0.0,False,0.0,1-2人気,2-5倍
202405040404,2024,9.0,5.0,4.0,28.5,9.5,8.4,False,0.0,False,0.0,False,0.0,False,0.0,False,0.0,False,0.0,False,0.0,6-10人気,20-50倍
202405040405,2024,1.0,3.0,6.0,1.4,13.0,19.8,True,1.4,True,0.4666666666666666,False,0.0,False,0.0,False,0.0,False,0.0,False,0.0,1-2人気,1-2倍
202405040406,2024,2.0,1.0,7.0,5.0,2.1,25.9,True,5.0,True,1.6666666666666667,True,2.3666666666666667,True,1.05,True,2.1,True,9.065,True,27.195,1-2人気,2-5倍
202405040407,2024,2.0,3.0,4.0,3.6,4.7,6.5,False,0.0,True,1.2,True,2.766666666666667,False,0.0,False,0.0,False,0.0,False,0.0,1-2人気,2-5倍
202405040408,2024,2.0,6.0,4.0,4.0,19.1,14.4,False,0.0,False,0.0,False,0.0,False,0.0,False,0.0,False,0.0,False,0.0,1-2人気,2-5倍
202405040409,2024,1.0,2.0,4.0,1.4,4.8,11.0,True,1.4,True,0.4666666666666666,False,0.0,False,0.0,False,0.0,False,0.0,False,0.0,1-2人気,1-2倍
202405040410,2024,3.0,1.0,5.0,5.9,2.1,12.8,False,0.0,True,1.9666666666666668,True,2.6666666666666665,True,1.239,False,0.0,False,0.0,False,0.0,3-5人気,5-10倍
202405040411,2024,2.0,10.0,6.0,3.6,37.2,19.2,True,3.6,True,1.2,True,13.600000000000001,True,13.392000000000001,True,26.784000000000002,False,0.0,False,0.0,1-2人気,2-5倍
202405040412,2024,5.0,1.0,8.0,9.3,2.5,41.4,False,0.0,False,0.0,False,0.0,False,0.0,False,0.0,False,0.0,False,0.0,3-5人気,5-10倍
202405040501,2024,1.0,5.0,3.0,3.2,14.6,4.4,False,0.0,True,1.0666666666666667,False,0.0,False,0.0,False,0.0,False,0.0,False,0.0,1-2人気,2-5倍
202405040502,2024,2.0,4.0,1.0,4.2,5.9,1.9,False,0.0,True,1.4000000000000001,True,3.366666666666667,True,2.478,False,0.0,True,1.5694000000000001,False,0.0,1-2人気,2-5倍
202405040503,2024,2.0,1.0,5.0,2.4,1.9,11.5,False,0.0,False,0.0,False,0.0,False,0.0,False,0.0,False,0.0,False,0.0,1-2人気,2-5倍
202405040504,2024,1.0,2.0,6.0,2.6,4.4,17.7,True,2.6,True,0.8666666666666667,False,0.0,False,0.0,False,0.0,False,0.0,False,0.0,1-2人気,2-5倍
202405040505,2024,1.0,4.0,2.0,1.3,16.8,4.9,True,1.3,True,0.43333333333333335,False,0.0,False,0.0,False,0.0,False,0.0,False,0.0,1-2人気,1-2倍
202405040506,2024,2.0,3.0,7.0,3.0,4.6,29.8,False,0.0,False,0.0,False,0.0,False,0.0,False,0.0,False,0.0,False,0.0,1-2人気,2-5倍
202405040507,2024,1.0,7.0,4.0,2.6,15.1,9.4,False,0.0,True,0.8666666666666667,False,0.0,False,0.0,False,0.0,False,0.0,False,0.0,1-2人気,2-5倍
202405040508,2024,3.0,1.0,16.0,3.8,2.4,146.1,False,0.0,False,0.0,False,0.0,False,0.0,False,0.0,False,0.0,False,0.0,3-5人気,2-5倍
202405040509,2024,2.0,3.0,5.0,2.6,4.9,29.2,False,0.0,True,0.8666666666666667,True,2.5,False,0.0,False,0.0,False,0.0,False,0.0,1-2人気,2-5倍
202405040510,2024,1.0,3.0,6.0,2.4,6.1,14.8,False,0.0,False,0.0,False,0.0,False,0.0,False,0.0,False,0.0,False,0.0,1-2人気,2-5倍
202405040511,2024,4.0,6.0,8.0,7.2,18.9,26.5,True,7.2,True,2.4,False,0.0,False,0.0,False,0.0,False,0.0,False,0.0,3-5人気,5-10倍
202405040512,2024,6.0,1.0,3.0,16.3,1.9,6.2,False,0.0,False,0.0,False,0.0,False,0.0,False,0.0,False,0.0,False,0.0,6-10人気,10-20倍
202405040601,2024,3.0,1.0,2.0,4.4,2.6,3.9,False,0.0,True,1.4666666666666668,False,0.0,False,0.0,False,0.0,False,0.0,False,0.0,3-5人気,2-5倍
202405040602,2024,1.0,2.0,3.0,1.5,4.9,5.0,False,0.0,True,0.5,True,2.1333333333333333,False,0.0,False,0.0,True,1.225,False,0.0,1-2人気,1-2倍
202405040603,2024,2.0,1.0,3.0,3.1,2.3,4.5,False,0.0,True,1.0333333333333334,True,1.8,True,0.713,False,0.0,False,0.0,False,0.0,1-2人気,2-5倍
202405040604,2024,3.0,5.0,7.0,6.6,11.8,35.2,False,0.0,True,2.1999999999999997,False,0.0,False,0.0,False,0.0,False,0.0,False,0.0,3-5人気,5-10倍
202405040605,2024,1.0,6.0,9.0,4.4,7.6,30.2,False,0.0,True,1.4666666666666668,False,0.0,False,0.0,False,0.0,False,0.0,False,0.0,1-2人気,2-5倍
202405040606,2024,1.0,2.0,3.0,1.3,5.3,5.5,False,0.0,True,0.43333333333333335,True,2.1999999999999997,False,0.0,False,0.0,True,1.2631666666666665,False,0.0,1-2人気,1-2倍
202405040607,2024,1.0,11.0,7.0,2.6,59.2,14.6,False,0.0,True,0.8666666666666667,False,0.0,False,0.0,False,0.0,False,0.0,False,0.0,1-2人気,2-5倍
202405040608,2024,5.0,1.0,8.0,9.6,1.8,21.9,False,0.0,True,3.1999999999999997,True,3.8000000000000003,True,1.7280000000000002,False,0.0,False,0.0,False,0.0,3-5人気,5-10倍
202405040609,2024,5.0,6.0,4.0,14.6,17.6,7.9,False,0.0,False,0.0,False,0.0,False,0.0,False,0.0,False,0.0,False,0.0,3-5人気,10-20倍
202405040610,2024,3.0,1.0,5.0,5.5,2.6,15.4,False,0.0,False,0.0,False,0.0,False,0.0,False,0.0,False,0.0,False,0.0,3-5人気,5-10倍
202405040611,2024,3.0,2.0,1.0,6.0,5.9,2.4,False,0.0,False,0.0,False,0.0,False,0.0,False,0.0,False,0.0,False,0.0,3-5人気,5-10倍
202405040612,2024,1.0,4.0,2.0,2.2,5.9,5.1,True,2.2,True,0.7333333333333334,False,0.0,False,0.0,False,0.0,False,0.0,False,0.0,1-2人気,2-5倍
202405040701,2024,2.0,3.0,5.0,2.8,5.6,10.6,True,2.8,True,0.9333333333333332,False,0.0,False,0.0,False,0.0,False,0.0,False,0.0,1-2人気,2-5倍
202405040702,2024,2.0,1.0,3.0,3.5,1.5,5.0,True,3.5,True,1.1666666666666667,False,0.0,False,0.0,False,0.0,False,0.0,False,0.0,1-2人気,2-5倍
202405040703,2024,2.0,4.0,1.0,2.8,7.6,2.3,False,0.0,True,0.9333333333333332,True,3.4666666666666663,False,0.0,False,0.0,False,0.0,False,0.0,1-2人気,2-5倍
202405040704,2024,1.0,2.0,4.0,2.7,3.2,7.1,False,0.0,True,0.9,True,1.9666666666666668,False,0.0,False,0.0,True,2.0448,False,0.0,1-2人気,2-5倍
202405040705,2024,1.0,2.0,3.0,1.4,6.2,6.2,False,0.0,False,0.0,False,0.0,False,0.0,False,0.0,False,0.0,False,0.0,1-2人気,1-2倍
202405040706,2024,1.0,2.0,5.0,1.7,3.9,16.8,True,1.7,True,0.5666666666666667,True,1.8666666666666665,True,0.663,True,1.326,False,0.0,False,0.0,1-2人気,1-2倍
202405040707,2024,3.0,2.0,5.0,11.6,2.3,23.1,True,11.6,True,3.8666666666666667,False,0.0,False,0.0,False,0.0,False,0.0,False,0.0,3-5人気,10-20倍
202405040708,2024,4.0,3.0,2.0,6.3,5.9,2.8,False,0.0,False,0.0,False,0.0,False,0.0,False,0.0,False,0.0,False,0.0,3-5人気,5-10倍
202405040709,2024,5.0,4.0,6.0,13.1,12.3,27.9,False,0.0,True,4.366666666666666,False,0.0,False,0.0,False,0.0,False,0.0,False,0.0,3-5人気,10-20倍
202405040710,2024,2.0,3.0,6.0,4.0,4.1,19.8,False,0.0,False,0.0,False,0.0,False,0.0,False,0.0,False,0.0,False,0.0,1-2人気,2-5倍
202405040711,2024,1.0,6.0,3.0,3.1,13.4,4.7,False,0.0,False,0.0,False,0.0,False,0.0,False,0.0,False,0.0,False,0.0,1-2人気,2-5倍
202405040712,2024,3.0,1.0,5.0,3.9,2.5,12.7,False,0.0,False,0.0,False,0.0,False,0.0,False,0.0,False,0.0,False,0.0,3-5人気,2-5倍
202405040801,2024,1.0,2.0,7.0,1.5,4.3,22.9,True,1.5,True,0.5,True,1.9333333333333333,True,0.6449999999999999,True,1.2899999999999998,False,0.0,False,0.0,1-2人気,1-2倍
202405040802,2024,3.0,1.0,4.0,4.6,1.8,6.2,False,0.0,True,1.5333333333333332,True,2.1333333333333333,True,0.828,False,0.0,False,0.0,False,0.0,3-5人気,2-5倍
202405040803,2024,1.0,4.0,2.0,1.7,7.8,4.2,False,0.0,True,0.5666666666666667,True,3.1666666666666665,True,1.326,False,0.0,False,0.0,False,0.0,1-2人気,1-2倍
202405040804,2024,1.0,4.0,11.0,1.8,8.0,114.1,False,0.0,True,0.6,False,0.0,False,0.0,False,0.0,False,0.0,False,0.0,1-2人気,1-2倍
202405040805,2024,3.0,1.0,2.0,4.5,2.4,3.3,False,0.0,False,0.0,False,0.0,False,0.0,False,0.0,False,0.0,False,0.0,3-5人気,2-5倍
202405040806,2024,8.0,3.0,13.0,15.2,7.3,61.9,False,0.0,False,0.0,False,0.0,False,0.0,False,0.0,False,0.0,False,0.0,6-10人気,10-20倍
202405040807,2024,2.0,5.0,7.0,2.7,20.6,47.3,False,0.0,False,0.0,False,0.0,False,0.0,False,0.0,False,0.0,False,0.0,1-2人気,2-5倍
202405040808,2024,3.0,5.0,6.0,4.3,18.8,36.6,False,0.0,True,1.4333333333333333,False,0.0,False,0.0,False,0.0,False,0.0,False,0.0,3-5人気,2-5倍
202405040809,2024,2.0,4.0,1.0,4.6,5.6,2.1,False,0.0,False,0.0,False,0.0,False,0.0,False,0.0,False,0.0,False,0.0,1-2人気,2-5倍
202405040810,2024,5.0,1.0,4.0,12.7,2.6,6.9,False,0.0,True,4.233333333333333,False,0.0,False,0.0,False,0.0,False,0.0,False,0.0,3-5人気,10-20倍
202405040811,2024,3.0,1.0,4.0,4.7,2.3,13.3,False,0.0,False,0.0,False,0.0,False,0.0,False,0.0,False,0.0,False,0.0,3-5人気,2-5倍
202405040812,2024,4.0,2.0,3.0,7.8,4.3,6.5,True,7.8,True,2.6,False,0.0,False,0.0,False,0.0,False,0.0,False,0.0,3-5人気,5-10倍
202405050101,2024,4.0,1.0,3.0,7.4,1.9,6.6,False,0.0,False,0.0,False,0.0,False,0.0,False,0.0,False,0.0,False,0.0,3-5人気,5-10倍
202405050102,2024,1.0,3.0,4.0,1.7,7.1,10.2,False,0.0,True,0.5666666666666667,False,0.0,False,0.0,False,0.0,False,0.0,False,0.0,1-2人気,1-2倍
202405050103,2024,4.0,2.0,1.0,7.3,3.4,2.4,False,0.0,True,2.433333333333333,False,0.0,False,0.0,False,0.0,False,0.0,False,0.0,3-5人気,5-10倍
202405050104,2024,1.0,2.0,5.0,1.7,2.3,23.3,True,1.7,True,0.5666666666666667,True,1.3333333333333333,False,0.0,False,0.0,False,0.0,False,0.0,1-2人気,1-2倍
202405050105,2024,1.0,8.0,4.0,1.7,45.3,8.7,True,1.7,True,0.5666666666666667,False,0.0,False,0.0,False,0.0,False,0.0,False,0.0,1-2人気,1-2倍
202405050106,2024,2.0,1.0,3.0,3.5,3.2,6.1,False,0.0,True,1.1666666666666667,False,0.0,False,0.0,False,0.0,False,0.0,False,0.0,1-2人気,2-5倍
202405050107,2024,2.0,6.0,3.0,3.7,15.8,5.2,False,0.0,False,0.0,False,0.0,False,0.0,False,0.0,False,0.0,False,0.0,1-2人気,2-5倍
202405050108,2024,4.0,3.0,5.0,9.2,7.2,11.8,False,0.0,False,0.0,False,0.0,False,0.0,False,0.0,False,0.0,False,0.0,3-5人気,5-10倍
202405050109,2024,5.0,4.0,9.0,11.7,7.1,25.8,False,0.0,False,0.0,False,0.0,False,0.0,False,0.0,False,0.0,False,0.0,3-5人気,10-20倍
202405050110,2024,2.0,6.0,5.0,3.4,15.5,8.3,True,3.4,True,1.1333333333333333,False,0.0,False,0.0,False,0.0,False,0.0,False,0.0,1-2人気,2-5倍
202405050111,2024,5.0,3.0,4.0,7.8,7.2,7.6,False,0.0,True,2.6,False,0.0,False,0.0,False,0.0,False,0.0,False,0.0,3-5人気,5-10倍
202405050112,2024,1.0,2.0,5.0,1.4,4.6,11.3,True,1.4,True,0.4666666666666666,False,0.0,False,0.0,False,0.0,False,0.0,False,0.0,1-2人気,1-2倍
202405050201,2024,5.0,2.0,6.0,10.5,3.3,13.6,False,0.0,False,0.0,False,0.0,False,0.0,False,0.0,False,0.0,False,0.0,3-5人気,10-20倍
202405050202,2024,3.0,1.0,10.0,6.4,3.5,23.4,False,0.0,False,0.0,False,0.0,False,0.0,False,0.0,False,0.0,False,0.0,3-5人気,5-10倍
202405050203,2024,1.0,2.0,3.0,1.9,3.5,3.6,False,0.0,True,0.6333333333333333,False,0.0,False,0.0,False,0.0,False,0.0,False,0.0,1-2人気,1-2倍
202405050204,2024,1.0,2.0,6.0,3.5,3.8,18.1,True,3.5,True,1.1666666666666667,False,0.0,False,0.0,False,0.0,False,0.0,False,0.0,1-2人気,2-5倍
202405050205,2024,1.0,2.0,4.0,1.7,4.2,7.7,True,1.7,True,0.5666666666666667,False,0.0,False,0.0,False,0.0,False,0.0,False,0.0,1-2人気,1-2倍
202405050206,2024,1.0,2.0,9.0,3.1,3.8,51.2,False,0.0,False,0.0,False,0.0,False,0.0,False,0.0,False,0.0,False,0.0,1-2人気,2-5倍
202405050207,2024,4.0,1.0,5.0,6.5,4.0,8.5,False,0.0,False,0.0,False,0.0,False,0.0,False,0.0,False,0.0,False,0.0,3-5人気,5-10倍
202405050208,2024,2.0,4.0,10.0,3.1,15.6,33.5,True,3.1,True,1.0333333333333334,False,0.0,False,0.0,False,0.0,False,0.0,False,0.0,1-2人気,2-5倍
202405050209,2024,1.0,2.0,4.0,2.3,3.2,6.8,False,0.0,True,0.7666666666666666,False,0.0,False,0.0,False,0.0,False,0.0,False,0.0,1-2人気,2-5倍
202405050210,2024,1.0,3.0,6.0,2.2,5.8,18.9,False,0.0,False,0.0,False,0.0,False,0.0,False,0.0,False,0.0,False,0.0,1-2人気,2-5倍
202405050211,2024,1.0,2.0,6.0,3.4,4.1,16.0,False,0.0,True,1.1333333333333333,False,0.0,False,0.0,False,0.0,False,0.0,False,0.0,1-2人気,2-5倍
202405050212,2024,2.0,10.0,1.0,4.3,64.6,2.4,False,0.0,True,1.4333333333333333,False,0.0,False,0.0,False,0.0,False,0.0,False,0.0,1-2人気,2-5倍
202405050301,2024,1.0,2.0,3.0,2.6,2.6,10.8,False,0.0,True,0.8666666666666667,True,1.7333333333333334,True,0.676,False,0.0,False,0.0,False,0.0,1-2人気,2-5倍
202405050302,2024,1.0,4.0,3.0,2.0,8.0,4.4,False,0.0,True,0.6666666666666666,True,3.3333333333333335,True,1.6,False,0.0,True,2.3466666666666667,False,0.0,1-2人気,1-2倍
202405050303,2024,1.0,5.0,2.0,2.0,10.6,2.7,False,0.0,True,0.6666666666666666,False,0.0,False,0.0,False,0.0,False,0.0,False,0.0,1-2人気,1-2倍
202405050304,2024,1.0,2.0,3.0,2.4,2.9,6.6,True,2.4,True,0.7999999999999999,False,0.0,False,0.0,False,0.0,False,0.0,False,0.0,1-2人気,2-5倍
202405050305,2024,1.0,2.0,5.0,1.9,3.6,30.4,True,1.9,True,0.6333333333333333,True,1.8333333333333333,False,0.0,False,0.0,True,6.9312,False,0.0,1-2人気,1-2倍
202405050306,2024,1.0,4.0,5.0,1.6,10.6,20.9,False,0.0,False,0.0,False,0.0,False,0.0,False,0.0,False,0.0,False,0.0,1-2人気,1-2倍
202405050307,2024,1.0,3.0,10.0,1.7,8.4,83.9,False,0.0,False,0.0,False,0.0,False,0.0,False,0.0,False,0.0,False,0.0,1-2人気,1-2倍
202405050308,2024,4.0,8.0,6.0,5.6,46.9,24.1,False,0.0,False,0.0,False,0.0,False,0.0,False,0.0,False,0.0,False,0.0,3-5人気,5-10倍
202405050309,2024,4.0,3.0,7.0,12.4,6.9,30.8,False,0.0,False,0.0,False,0.0,False,0.0,False,0.0,False,0.0,False,0.0,3-5人気,10-20倍
202405050310,2024,1.0,2.0,8.0,3.4,3.8,32.4,False,0.0,False,0.0,False,0.0,False,0.0,False,0.0,False,0.0,False,0.0,1-2人気,2-5倍
202405050311,2024,1.0,2.0,11.0,1.7,4.9,58.2,True,1.7,True,0.5666666666666667,False,0.0,False,0.0,False,0.0,False,0.0,False,0.0,1-2人気,1-2倍
202405050312,2024,4.0,5.0,1.0,5.2,7.3,3.0,False,0.0,False,0.0,False,0.0,False,0.0,False,0.0,False,0.0,False,0.0,3-5人気,5-10倍
202405050401,2024,2.0,3.0,6.0,3.4,4.3,14.0,False,0.0,False,0.0,False,0.0,False,0.0,False,0.0,False,0.0,False,0.0,1-2人気,2-5倍
202405050402,2024,2.0,1.0,3.0,2.5,2.2,4.2,False,0.0,True,0.8333333333333334,True,1.5666666666666667,False,0.0,False,0.0,True,0.77,False,0.0,1-2人気,2-5倍
202405050403,2024,4.0,1.0,2.0,5.4,2.3,4.3,False,0.0,True,1.8,False,0.0,False,0.0,False,0.0,False,0.0,False,0.0,3-5人気,5-10倍
202405050404,2024,4.0,7.0,10.0,7.2,14.1,20.3,False,0.0,False,0.0,False,0.0,False,0.0,False,0.0,False,0.0,False,0.0,3-5人気,5-10倍
202405050405,2024,4.0,1.0,5.0,11.9,2.7,12.3,False,0.0,False,0.0,False,0.0,False,0.0,False,0.0,False,0.0,False,0.0,3-5人気,10-20倍
202405050406,2024,1.0,4.0,2.0,2.3,12.8,3.3,False,0.0,False,0.0,False,0.0,False,0.0,False,0.0,False,0.0,False,0.0,1-2人気,2-5倍
202405050407,2024,5.0,2.0,10.0,12.5,2.8,85.1,False,0.0,False,0.0,False,0.0,False,0.0,False,0.0,False,0.0,False,0.0,3-5人気,10-20倍
202405050408,2024,5.0,2.0,1.0,22.5,2.8,2.0,False,0.0,False,0.0,False,0.0,False,0.0,False,0.0,False,0.0,False,0.0,3-5人気,20-50倍
202405050409,2024,1.0,11.0,5.0,3.4,53.6,12.2,True,3.4,True,1.1333333333333333,False,0.0,False,0.0,False,0.0,False,0.0,False,0.0,1-2人気,2-5倍
202405050410,2024,5.0,4.0,3.0,9.5,8.5,4.4,False,0.0,False,0.0,False,0.0,False,0.0,False,0.0,False,0.0,False,0.0,3-5人気,5-10倍
202405050411,2024,1.0,4.0,10.0,5.2,7.3,22.4,False,0.0,False,0.0,False,0.0,False,0.0,False,0.0,False,0.0,False,0.0,1-2人気,5-10倍
202405050412,2024,2.0,1.0,4.0,5.2,2.1,8.1,False,0.0,False,0.0,False,0.0,False,0.0,False,0.0,False,0.0,False,0.0,1-2人気,5-10倍
202405050501,2024,8.0,3.0,5.0,16.9,5.5,8.5,False,0.0,True,5.633333333333333,False,0.0,False,0.0,False,0.0,False,0.0,False,0.0,6-10人気,10-20倍
202405050502,2024,1.0,2.0,3.0,2.5,3.7,5.5,False,0.0,True,0.8333333333333334,True,2.066666666666667,True,0.925,False,0.0,False,0.0,False,0.0,1-2人気,2-5倍
202405050503,2024,1.0,4.0,3.0,1.8,8.6,5.9,True,1.8,True,0.6,True,3.466666666666667,False,0.0,False,0.0,False,0.0,False,0.0,1-2人気,1-2倍
202405050504,2024,1.0,3.0,2.0,2.7,5.9,3.5,True,2.7,True,0.9,False,0.0,False,0.0,False,0.0,False,0.0,False,0.0,1-2人気,2-5倍
202405050505,2024,1.0,7.0,2.0,1.2,47.4,7.7,True,1.2,True,0.39999999999999997,False,0.0,False,0.0,False,0.0,False,0.0,False,0.0,1-2人気,1-2倍
202405050506,2024,5.0,1.0,4.0,18.2,1.7,11.8,False,0.0,True,6.066666666666666,True,6.633333333333333,False,0.0,False,0.0,False,0.0,False,0.0,3-5人気,10-20倍
202405050507,2024,1.0,9.0,7.0,3.2,27.8,13.6,True,3.2,True,1.0666666666666667,False,0.0,False,0.0,False,0.0,False,0.0,False,0.0,1-2人気,2-5倍
202405050508,2024,6.0,2.0,9.0,16.3,4.2,21.3,False,0.0,False,0.0,False,0.0,False,0.0,False,0.0,False,0.0,False,0.0,6-10人気,10-20倍
202405050509,2024,1.0,6.0,2.0,2.3,31.7,2.3,False,0.0,True,0.7666666666666666,False,0.0,False,0.0,False,0.0,False,0.0,False,0.0,1-2人気,2-5倍
202405050510,2024,8.0,4.0,6.0,32.2,6.4,13.5,False,0.0,False,0.0,False,0.0,False,0.0,False,0.0,False,0.0,False,0.0,6-10人気,20-50倍
202405050511,2024,2.0,3.0,5.0,2.7,5.7,16.5,False,0.0,True,0.9,True,2.8000000000000003,False,0.0,False,0.0,False,0.0,False,0.0,1-2人気,2-5倍
202405050512,2024,6.0,1.0,9.0,10.2,2.8,20.5,False,0.0,False,0.0,False,0.0,False,0.0,False,0.0,False,0.0,False,0.0,6-10人気,10-20倍
202405050601,2024,1.0,6.0,2.0,1.5,27.0,5.5,False,0.0,True,0.5,True,9.5,False,0.0,False,0.0,False,0.0,False,0.0,1-2人気,1-2倍
202405050602,2024,1.0,4.0,5.0,3.1,5.3,14.8,False,0.0,False,0.0,False,0.0,False,0.0,False,0.0,False,0.0,False,0.0,1-2人気,2-5倍
202405050603,2024,3.0,1.0,2.0,5.1,3.0,3.7,False,0.0,False,0.0,False,0.0,False,0.0,False,0.0,False,0.0,False,0.0,3-5人気,5-10倍
202405050604,2024,4.0,1.0,7.0,10.8,2.2,21.8,True,10.8,True,3.6,False,0.0,False,0.0,False,0.0,False,0.0,False,0.0,3-5人気,10-20倍
202405050605,2024,1.0,5.0,3.0,1.8,10.7,4.6,False,0.0,True,0.6,True,4.166666666666667,False,0.0,False,0.0,True,2.9532,False,0.0,1-2人気,1-2倍
202405050606,2024,1.0,13.0,8.0,3.9,72.4,23.5,False,0.0,True,1.3,False,0.0,False,0.0,False,0.0,False,0.0,False,0.0,1-2人気,2-5倍
202405050607,2024,3.0,8.0,11.0,6.9,14.3,29.1,False,0.0,False,0.0,False,0.0,False,0.0,False,0.0,False,0.0,False,0.0,3-5人気,5-10倍
202405050608,2024,4.0,1.0,3.0,7.7,2.4,5.2,False,0.0,False,0.0,False,0.0,False,0.0,False,0.0,False,0.0,False,0.0,3-5人気,5-10倍
202405050609,2024,6.0,3.0,9.0,23.5,8.0,51.0,True,23.5,True,7.833333333333333,False,0.0,False,0.0,False,0.0,False,0.0,False,0.0,6-10人気,20-50倍
202405050610,2024,6.0,1.0,4.0,14.3,2.0,8.9,False,0.0,False,0.0,False,0.0,False,0.0,False,0.0,False,0.0,False,0.0,6-10人気,10-20倍
202405050611,2024,4.0,1.0,8.0,6.5,2.9,23.7,False,0.0,True,2.1666666666666665,True,3.1333333333333333,True,1.8849999999999998,False,0.0,False,0.0,False,0.0,3-5人気,5-10倍
202405050612,2024,2.0,8.0,1.0,4.0,21.1,3.7,False,0.0,False,0.0,False,0.0,False,0.0,False,0.0,False,0.0,False,0.0,1-2人気,2-5倍
202405050701,2024,2.0,1.0,3.0,2.9,1.3,20.3,False,0.0,True,0.9666666666666667,True,1.4000000000000001,True,0.377,False,0.0,False,0.0,False,0.0,1-2人気,2-5倍
202405050702,2024,1.0,4.0,2.0,1.9,7.9,4.5,False,0.0,True,0.6333333333333333,True,3.266666666666667,True,1.501,False,0.0,True,2.2515,False,0.0,1-2人気,1-2倍
202405050703,2024,1.0,2.0,7.0,2.0,3.6,14.2,False,0.0,True,0.6666666666666666,True,1.8666666666666665,True,0.72,False,0.0,True,3.408,False,0.0,1-2人気,1-2倍
202405050704,2024,1.0,9.0,10.0,1.8,30.2,53.9,True,1.8,True,0.6,True,10.666666666666666,True,5.436,True,10.872,False,0.0,False,0.0,1-2人気,1-2倍
202405050705,2024,3.0,1.0,2.0,5.1,3.1,4.7,False,0.0,False,0.0,False,0.0,False,0.0,False,0.0,False,0.0,False,0.0,3-5人気,5-10倍
202405050706,2024,1.0,11.0,2.0,2.2,38.0,3.8,False,0.0,False,0.0,False,0.0,False,0.0,False,0.0,False,0.0,False,0.0,1-2人気,2-5倍
202405050707,2024,11.0,10.0,9.0,60.3,56.8,32.7,False,0.0,False,0.0,False,0.0,False,0.0,False,0.0,False,0.0,False,0.0,11人気以下,50倍以上
202405050708,2024,9.0,5.0,4.0,52.3,13.4,10.4,False,0.0,False,0.0,False,0.0,False,0.0,False,0.0,False,0.0,False,0.0,6-10人気,50倍以上
202405050709,2024,3.0,4.0,8.0,6.2,7.4,51.0,False,0.0,True,2.066666666666667,False,0.0,False,0.0,False,0.0,False,0.0,False,0.0,3-5人気,5-10倍
202405050710,2024,6.0,1.0,9.0,12.6,3.0,26.2,False,0.0,False,0.0,False,0.0,False,0.0,False,0.0,False,0.0,False,0.0,6-10人気,10-20倍
202405050711,2024,1.0,6.0,14.0,2.8,14.7,82.4,False,0.0,True,0.9333333333333332,False,0.0,False,0.0,False,0.0,False,0.0,False,0.0,1-2人気,2-5倍
202405050712,2024,2.0,1.0,7.0,3.5,2.3,38.0,False,0.0,True,1.1666666666666667,True,1.9333333333333333,False,0.0,False,0.0,True,10.196666666666665,False,0.0,1-2人気,2-5倍
202405050801,2024,1.0,2.0,3.0,2.8,2.9,4.9,True,2.8,True,0.9333333333333332,True,1.8999999999999997,True,0.8119999999999999,True,1.6239999999999999,False,0.0,False,0.0,1-2人気,2-5倍
202405050802,2024,1.0,2.0,3.0,2.0,2.5,10.3,True,2.0,True,0.6666666666666666,True,1.5,True,0.5,True,1.0,False,0.0,False,0.0,1-2人気,1-2倍
202405050803,2024,1.0,3.0,5.0,4.4,5.9,6.0,False,0.0,False,0.0,False,0.0,False,0.0,False,0.0,False,0.0,False,0.0,1-2人気,2-5倍
202405050804,2024,1.0,2.0,5.0,2.5,2.8,23.0,True,2.5,True,0.8333333333333334,True,1.7666666666666666,True,0.7,True,1.4,False,0.0,False,0.0,1-2人気,2-5倍
202405050805,2024,2.0,1.0,8.0,2.7,1.9,40.0,True,2.7,True,0.9,False,0.0,False,0.0,False,0.0,False,0.0,False,0.0,1-2人気,2-5倍
202405050806,2024,1.0,2.0,5.0,3.0,4.8,7.5,False,0.0,True,1.0,True,2.6,False,0.0,False,0.0,False,0.0,False,0.0,1-2人気,2-5倍
202405050807,2024,2.0,1.0,6.0,4.1,2.5,14.5,False,0.0,True,1.3666666666666665,True,2.1999999999999997,False,0.0,False,0.0,False,0.0,False,0.0,1-2人気,2-5倍
202405050808,2024,1.0,6.0,2.0,2.8,18.4,3.7,True,2.8,True,0.9333333333333332,False,0.0,False,0.0,False,0.0,False,0.0,False,0.0,1-2人気,2-5倍
202405050809,2024,2.0,9.0,1.0,3.9,79.6,1.7,False,0.0,False,0.0,False,0.0,False,0.0,False,0.0,False,0.0,False,0.0,1-2人気,2-5倍
202405050810,2024,9.0,1.0,14.0,34.5,4.1,193.6,False,0.0,False,0.0,False,0.0,False,0.0,False,0.0,False,0.0,False,0.0,6-10人気,20-50倍
202405050811,2024,1.0,3.0,8.0,2.6,7.2,17.5,False,0.0,False,0.0,False,0.0,False,0.0,False,0.0,False,0.0,False,0.0,1-2人気,2-5倍
202405050812,2024,5.0,1.0,3.0,12.7,2.3,6.2,False,0.0,False,0.0,False,0.0,False,0.0,False,0.0,False,0.0,False,0.0,3-5人気,10-20倍
202406010101,2024,1.0,6.0,9.0,3.3,15.3,50.9,False,0.0,False,0.0,False,0.0,False,0.0,False,0.0,False,0.0,False,0.0,1-2人気,2-5倍
202406010102,2024,4.0,2.0,5.0,10.8,3.0,14.7,False,0.0,False,0.0,False,0.0,False,0.0,False,0.0,False,0.0,False,0.0,3-5人気,10-20倍
202406010103,2024,6.0,11.0,5.0,16.3,62.0,11.2,False,0.0,False,0.0,False,0.0,False,0.0,False,0.0,False,0.0,False,0.0,6-10人気,10-20倍
202406010104,2024,2.0,4.0,10.0,3.7,8.7,43.4,False,0.0,False,0.0,False,0.0,False,0.0,False,0.0,False,0.0,False,0.0,1-2人気,2-5倍
202406010105,2024,3.0,1.0,2.0,4.4,2.8,4.2,False,0.0,True,1.4666666666666668,True,2.4,False,0.0,False,0.0,False,0.0,False,0.0,3-5人気,2-5倍
202406010106,2024,1.0,2.0,5.0,3.0,3.1,9.2,True,3.0,True,1.0,False,0.0,False,0.0,False,0.0,False,0.0,False,0.0,1-2人気,2-5倍
202406010107,2024,3.0,1.0,7.0,4.8,2.7,24.5,True,4.8,True,1.5999999999999999,True,2.5,True,1.296,True,2.592,False,0.0,False,0.0,3-5人気,2-5倍
202406010108,2024,1.0,2.0,7.0,3.4,4.8,13.7,False,0.0,False,0.0,False,0.0,False,0.0,False,0.0,False,0.0,False,0.0,1-2人気,2-5倍
202406010109,2024,1.0,2.0,3.0,1.5,5.6,6.7,False,0.0,False,0.0,False,0.0,False,0.0,False,0.0,False,0.0,False,0.0,1-2人気,1-2倍
202406010110,2024,2.0,3.0,1.0,3.8,4.9,3.6,True,3.8,True,1.2666666666666666,False,0.0,False,0.0,False,0.0,False,0.0,False,0.0,1-2人気,2-5倍
202406010111,2024,6.0,5.0,4.0,11.1,7.8,7.3,False,0.0,True,3.6999999999999997,True,6.3,False,0.0,False,0.0,False,0.0,False,0.0,6-10人気,10-20倍
202406010112,2024,2.0,1.0,3.0,3.9,2.8,5.6,False,0.0,True,1.3,False,0.0,False,0.0,False,0.0,False,0.0,False,0.0,1-2人気,2-5倍
202406010201,2024,2.0,4.0,3.0,4.4,5.5,4.6,False,0.0,True,1.4666666666666668,False,0.0,False,0.0,False,0.0,False,0.0,False,0.0,1-2人気,2-5倍
202406010202,2024,4.0,8.0,1.0,13.2,42.5,1.4,False,0.0,True,4.3999999999999995,False,0.0,False,0.0,False,0.0,False,0.0,False,0.0,3-5人気,10-20倍
202406010203,2024,1.0,2.0,4.0,1.2,8.0,16.1,False,0.0,False,0.0,False,0.0,False,0.0,False,0.0,False,0.0,False,0.0,1-2人気,1-2倍
202406010204,2024,1.0,2.0,7.0,1.8,3.9,33.8,False,0.0,True,0.6,False,0.0,False,0.0,False,0.0,False,0.0,False,0.0,1-2人気,1-2倍
202406010205,2024,4.0,2.0,9.0,5.4,3.6,28.0,False,0.0,False,0.0,False,0.0,False,0.0,False,0.0,False,0.0,False,0.0,3-5人気,5-10倍
202406010206,2024,1.0,3.0,4.0,2.4,9.2,10.2,True,2.4,True,0.7999999999999999,True,3.8666666666666667,False,0.0,False,0.0,False,0.0,False,0.0,1-2人気,2-5倍
202406010207,2024,2.0,12.0,10.0,4.2,56.8,39.4,False,0.0,False,0.0,False,0.0,False,0.0,False,0.0,False,0.0,False,0.0,1-2人気,2-5倍
202406010208,2024,14.0,3.0,4.0,91.8,4.5,8.5,False,0.0,False,0.0,False,0.0,False,0.0,False,0.0,False,0.0,False,0.0,11人気以下,50倍以上
202406010209,2024,2.0,5.0,13.0,5.2,9.6,73.9,True,5.2,True,1.7333333333333334,False,0.0,False,0.0,False,0.0,False,0.0,False,0.0,1-2人気,5-10倍
202406010210,2024,7.0,2.0,3.0,14.9,4.3,5.7,False,0.0,False,0.0,False,0.0,False,0.0,False,0.0,False,0.0,False,0.0,6-10人気,10-20倍
202406010211,2024,10.0,6.0,13.0,43.3,14.0,99.8,False,0.0,False,0.0,False,0.0,False,0.0,False,0.0,False,0.0,False,0.0,6-10人気,20-50倍
202406010212,2024,1.0,2.0,7.0,1.8,6.6,22.0,True,1.8,True,0.6,False,0.0,False,0.0,False,0.0,False,0.0,False,0.0,1-2人気,1-2倍
202406010301,2024,1.0,5.0,9.0,3.7,9.7,28.4,True,3.7,True,1.2333333333333334,False,0.0,False,0.0,False,0.0,False,0.0,False,0.0,1-2人気,2-5倍
202406010302,2024,4.0,5.0,6.0,5.8,6.4,6.6,False,0.0,True,1.9333333333333333,True,4.066666666666666,True,3.7119999999999997,False,0.0,False,0.0,False,0.0,3-5人気,5-10倍
202406010303,2024,5.0,1.0,2.0,11.9,2.6,4.0,True,11.9,True,3.966666666666667,False,0.0,False,0.0,False,0.0,False,0.0,False,0.0,3-5人気,10-20倍
202406010304,2024,9.0,3.0,4.0,31.8,5.3,7.3,False,0.0,False,0.0,False,0.0,False,0.0,False,0.0,False,0.0,False,0.0,6-10人気,20-50倍
202406010305,2024,10.0,3.0,8.0,46.1,5.1,32.9,False,0.0,True,15.366666666666667,True,17.066666666666666,True,23.511,False,0.0,False,0.0,False,0.0,6-10人気,20-50倍
202406010306,2024,4.0,7.0,8.0,6.6,14.8,21.2,False,0.0,False,0.0,False,0.0,False,0.0,False,0.0,False,0.0,False,0.0,3-5人気,5-10倍
202406010307,2024,2.0,3.0,7.0,4.1,12.7,18.5,False,0.0,False,0.0,False,0.0,False,0.0,False,0.0,False,0.0,False,0.0,1-2人気,2-5倍
202406010308,2024,1.0,7.0,3.0,2.6,23.1,5.8,False,0.0,True,0.8666666666666667,False,0.0,False,0.0,False,0.0,False,0.0,False,0.0,1-2人気,2-5倍
202406010309,2024,1.0,10.0,3.0,3.9,46.6,4.9,True,3.9,True,1.3,False,0.0,False,0.0,False,0.0,False,0.0,False,0.0,1-2人気,2-5倍
202406010310,2024,3.0,1.0,2.0,6.5,2.4,5.0,False,0.0,False,0.0,False,0.0,False,0.0,False,0.0,False,0.0,False,0.0,3-5人気,5-10倍
202406010311,2024,1.0,4.0,2.0,4.0,8.2,4.8,False,0.0,False,0.0,False,0.0,False,0.0,False,0.0,False,0.0,False,0.0,1-2人気,2-5倍
202406010312,2024,1.0,2.0,8.0,3.6,4.2,13.8,False,0.0,True,1.2,False,0.0,False,0.0,False,0.0,False,0.0,False,0.0,1-2人気,2-5倍
202406010401,2024,1.0,4.0,13.0,3.0,7.0,178.5,True,3.0,True,1.0,False,0.0,False,0.0,False,0.0,False,0.0,False,0.0,1-2人気,2-5倍
202406010402,2024,1.0,12.0,2.0,1.1,159.5,10.8,True,1.1,True,0.3666666666666667,False,0.0,False,0.0,False,0.0,False,0.0,False,0.0,1-2人気,1-2倍
202406010403,2024,1.0,6.0,14.0,2.5,12.3,471.9,False,0.0,False,0.0,False,0.0,False,0.0,False,0.0,False,0.0,False,0.0,1-2人気,2-5倍
202406010404,2024,1.0,6.0,3.0,2.9,13.3,7.2,False,0.0,True,0.9666666666666667,False,0.0,False,0.0,False,0.0,False,0.0,False,0.0,1-2人気,2-5倍
202406010405,2024,1.0,3.0,6.0,3.4,5.4,10.9,False,0.0,False,0.0,False,0.0,False,0.0,False,0.0,False,0.0,False,0.0,1-2人気,2-5倍
202406010406,2024,6.0,2.0,1.0,22.9,2.4,1.9,False,0.0,True,7.633333333333333,False,0.0,False,0.0,False,0.0,False,0.0,False,0.0,6-10人気,20-50倍
202406010407,2024,2.0,1.0,6.0,5.0,4.3,7.4,False,0.0,False,0.0,False,0.0,False,0.0,False,0.0,False,0.0,False,0.0,1-2人気,2-5倍
202406010408,2024,6.0,1.0,2.0,12.5,2.2,5.3,False,0.0,False,0.0,False,0.0,False,0.0,False,0.0,False,0.0,False,0.0,6-10人気,10-20倍
202406010409,2024,6.0,1.0,7.0,12.4,2.4,38.2,False,0.0,True,4.133333333333334,False,0.0,False,0.0,False,0.0,False,0.0,False,0.0,6-10人気,10-20倍
202406010410,2024,1.0,3.0,2.0,2.5,7.3,3.3,True,2.5,True,0.8333333333333334,False,0.0,False,0.0,False,0.0,False,0.0,False,0.0,1-2人気,2-5倍
202406010411,2024,1.0,3.0,2.0,2.3,4.9,4.8,False,0.0,False,0.0,False,0.0,False,0.0,False,0.0,False,0.0,False,0.0,1-2人気,2-5倍
202406010412,2024,4.0,2.0,1.0,7.0,4.0,3.0,True,7.0,True,2.3333333333333335,False,0.0,False,0.0,False,0.0,False,0.0,False,0.0,3-5人気,5-10倍
202406010501,2024,7.0,1.0,8.0,43.1,2.4,48.4,False,0.0,False,0.0,False,0.0,False,0.0,False,0.0,False,0.0,False,0.0,6-10人気,20-50倍
202406010502,2024,2.0,3.0,1.0,5.3,5.8,2.2,False,0.0,False,0.0,False,0.0,False,0.0,False,0.0,False,0.0,False,0.0,1-2人気,5-10倍
202406010503,2024,1.0,8.0,3.0,1.9,54.5,4.6,False,0.0,True,0.6333333333333333,False,0.0,False,0.0,False,0.0,False,0.0,False,0.0,1-2人気,1-2倍
202406010504,2024,2.0,4.0,8.0,4.7,8.1,31.9,False,0.0,False,0.0,False,0.0,False,0.0,False,0.0,False,0.0,False,0.0,1-2人気,2-5倍
202406010505,2024,1.0,4.0,9.0,1.7,9.7,50.6,True,1.7,True,0.5666666666666667,True,3.7999999999999994,True,1.6489999999999998,True,3.2979999999999996,False,0.0,False,0.0,1-2人気,1-2倍
202406010506,2024,2.0,7.0,6.0,3.8,20.9,16.0,True,3.8,True,1.2666666666666666,False,0.0,False,0.0,False,0.0,False,0.0,False,0.0,1-2人気,2-5倍
202406010507,2024,1.0,4.0,7.0,2.3,10.1,18.9,False,0.0,False,0.0,False,0.0,False,0.0,False,0.0,False,0.0,False,0.0,1-2人気,2-5倍
202406010508,2024,1.0,2.0,10.0,1.4,5.6,117.5,True,1.4,True,0.4666666666666666,True,2.3333333333333335,True,0.7839999999999999,True,1.5679999999999998,False,0.0,False,0.0,1-2人気,1-2倍
202406010509,2024,2.0,1.0,7.0,4.8,4.2,14.1,False,0.0,False,0.0,False,0.0,False,0.0,False,0.0,False,0.0,False,0.0,1-2人気,2-5倍
202406010510,2024,1.0,5.0,4.0,3.8,7.2,6.4,False,0.0,True,1.2666666666666666,False,0.0,False,0.0,False,0.0,False,0.0,False,0.0,1-2人気,2-5倍
202406010511,2024,2.0,1.0,9.0,3.0,2.8,47.0,False,0.0,True,1.0,False,0.0,False,0.0,False,0.0,False,0.0,False,0.0,1-2人気,2-5倍
202406010512,2024,1.0,6.0,2.0,3.1,14.6,3.2,False,0.0,False,0.0,False,0.0,False,0.0,False,0.0,False,0.0,False,0.0,1-2人気,2-5倍
202406010601,2024,2.0,5.0,10.0,5.3,17.1,61.3,False,0.0,True,1.7666666666666666,False,0.0,False,0.0,False,0.0,False,0.0,False,0.0,1-2人気,5-10倍
202406010602,2024,1.0,6.0,2.0,1.8,19.1,3.9,True,1.8,True,0.6,False,0.0,False,0.0,False,0.0,False,0.0,False,0.0,1-2人気,1-2倍
202406010603,2024,1.0,2.0,4.0,2.3,4.8,7.4,False,0.0,True,0.7666666666666666,True,2.3666666666666667,True,1.1039999999999999,False,0.0,False,0.0,False,0.0,1-2人気,2-5倍
202406010604,2024,2.0,1.0,4.0,3.6,3.3,8.1,False,0.0,False,0.0,False,0.0,False,0.0,False,0.0,False,0.0,False,0.0,1-2人気,2-5倍
202406010605,2024,6.0,1.0,4.0,11.1,2.7,7.1,False,0.0,False,0.0,False,0.0,False,0.0,False,0.0,False,0.0,False,0.0,6-10人気,10-20倍
202406010606,2024,1.0,3.0,2.0,1.8,6.5,3.2,False,0.0,True,0.6,False,0.0,False,0.0,False,0.0,False,0.0,False,0.0,1-2人気,1-2倍
202406010607,2024,5.0,8.0,2.0,13.3,54.4,3.7,False,0.0,False,0.0,False,0.0,False,0.0,False,0.0,False,0.0,False,0.0,3-5人気,10-20倍
202406010608,2024,2.0,3.0,5.0,3.3,7.7,12.4,False,0.0,False,0.0,False,0.0,False,0.0,False,0.0,False,0.0,False,0.0,1-2人気,2-5倍
202406010609,2024,3.0,9.0,1.0,4.3,33.7,3.2,True,4.3,True,1.4333333333333333,True,12.666666666666666,False,0.0,False,0.0,True,15.457066666666666,False,0.0,3-5人気,2-5倍
202406010610,2024,1.0,2.0,3.0,2.0,4.1,5.0,True,2.0,True,0.6666666666666666,True,2.033333333333333,False,0.0,False,0.0,False,0.0,False,0.0,1-2人気,1-2倍
202406010611,2024,2.0,7.0,4.0,4.6,17.6,7.7,False,0.0,False,0.0,False,0.0,False,0.0,False,0.0,False,0.0,False,0.0,1-2人気,2-5倍
202406010612,2024,5.0,6.0,2.0,8.0,9.7,4.9,False,0.0,False,0.0,False,0.0,False,0.0,False,0.0,False,0.0,False,0.0,3-5人気,5-10倍
202406010701,2024,3.0,1.0,2.0,3.8,2.2,2.9,True,3.8,True,1.2666666666666666,True,2.0,False,0.0,False,0.0,True,0.8081333333333333,False,0.0,3-5人気,2-5倍
202406010702,2024,2.0,7.0,1.0,4.8,25.2,3.4,True,4.8,True,1.5999999999999999,False,0.0,False,0.0,False,0.0,False,0.0,False,0.0,1-2人気,2-5倍
202406010703,2024,2.0,4.0,6.0,4.0,7.6,21.4,False,0.0,False,0.0,False,0.0,False,0.0,False,0.0,False,0.0,False,0.0,1-2人気,2-5倍
202406010704,2024,1.0,2.0,6.0,3.3,3.8,13.8,True,3.3,True,1.0999999999999999,True,2.3666666666666667,True,1.254,True,2.508,False,0.0,False,0.0,1-2人気,2-5倍
202406010705,2024,2.0,3.0,8.0,3.3,9.3,24.1,False,0.0,False,0.0,False,0.0,False,0.0,False,0.0,False,0.0,False,0.0,1-2人気,2-5倍
202406010706,2024,1.0,5.0,2.0,4.1,9.6,4.3,False,0.0,False,0.0,False,0.0,False,0.0,False,0.0,False,0.0,False,0.0,1-2人気,2-5倍
202406010707,2024,2.0,4.0,1.0,4.7,7.4,4.4,False,0.0,False,0.0,False,0.0,False,0.0,False,0.0,False,0.0,False,0.0,1-2人気,2-5倍
202406010708,2024,1.0,2.0,6.0,2.9,4.1,13.0,False,0.0,False,0.0,False,0.0,False,0.0,False,0.0,False,0.0,False,0.0,1-2人気,2-5倍
202406010709,2024,1.0,2.0,8.0,1.7,4.8,39.8,False,0.0,False,0.0,False,0.0,False,0.0,False,0.0,False,0.0,False,0.0,1-2人気,1-2倍
202406010710,2024,2.0,1.0,3.0,4.6,3.0,5.4,False,0.0,False,0.0,False,0.0,False,0.0,False,0.0,False,0.0,False,0.0,1-2人気,2-5倍
202406010711,2024,3.0,5.0,2.0,6.5,7.6,4.4,True,6.5,True,2.1666666666666665,True,4.7,False,0.0,False,0.0,True,7.245333333333334,False,0.0,3-5人気,5-10倍
202406010712,2024,1.0,3.0,2.0,2.2,5.6,5.6,True,2.2,True,0.7333333333333334,False,0.0,False,0.0,False,0.0,False,0.0,False,0.0,1-2人気,2-5倍
202406020101,2024,3.0,4.0,7.0,6.3,7.2,32.9,False,0.0,False,0.0,False,0.0,False,0.0,False,0.0,False,0.0,False,0.0,3-5人気,5-10倍
202406020102,2024,3.0,5.0,1.0,4.6,10.3,2.7,False,0.0,False,0.0,False,0.0,False,0.0,False,0.0,False,0.0,False,0.0,3-5人気,2-5倍
202406020103,2024,3.0,4.0,11.0,4.8,7.0,96.6,False,0.0,False,0.0,False,0.0,False,0.0,False,0.0,False,0.0,False,0.0,3-5人気,2-5倍
202406020104,2024,1.0,10.0,14.0,3.7,62.3,178.2,False,0.0,True,1.2333333333333334,False,0.0,False,0.0,False,0.0,False,0.0,False,0.0,1-2人気,2-5倍
202406020105,2024,1.0,2.0,11.0,2.0,4.0,89.7,False,0.0,True,0.6666666666666666,False,0.0,False,0.0,False,0.0,False,0.0,False,0.0,1-2人気,1-2倍
202406020106,2024,2.0,1.0,4.0,11.7,1.3,12.6,False,0.0,False,0.0,False,0.0,False,0.0,False,0.0,False,0.0,False,0.0,1-2人気,10-20倍
202406020107,2024,1.0,2.0,5.0,1.8,4.7,8.8,False,0.0,True,0.6,True,2.1666666666666665,False,0.0,False,0.0,True,2.4816000000000003,False,0.0,1-2人気,1-2倍
202406020108,2024,1.0,5.0,9.0,1.9,13.1,35.4,True,1.9,True,0.6333333333333333,False,0.0,False,0.0,False,0.0,False,0.0,False,0.0,1-2人気,1-2倍
202406020109,2024,3.0,1.0,2.0,4.2,2.4,3.0,False,0.0,True,1.4000000000000001,False,0.0,False,0.0,False,0.0,False,0.0,False,0.0,3-5人気,2-5倍
202406020110,2024,5.0,2.0,1.0,8.5,3.8,3.7,True,8.5,True,2.8333333333333335,False,0.0,False,0.0,False,0.0,False,0.0,False,0.0,3-5人気,5-10倍
202406020111,2024,1.0,2.0,6.0,3.7,4.3,10.9,False,0.0,False,0.0,False,0.0,False,0.0,False,0.0,False,0.0,False,0.0,1-2人気,2-5倍
202406020112,2024,3.0,1.0,2.0,5.8,3.6,4.8,False,0.0,False,0.0,False,0.0,False,0.0,False,0.0,False,0.0,False,0.0,3-5人気,5-10倍
202406020201,2024,6.0,5.0,9.0,11.0,8.1,33.0,False,0.0,False,0.0,False,0.0,False,0.0,False,0.0,False,0.0,False,0.0,6-10人気,10-20倍
202406020202,2024,2.0,4.0,13.0,4.0,6.3,179.4,False,0.0,False,0.0,False,0.0,False,0.0,False,0.0,False,0.0,False,0.0,1-2人気,2-5倍
202406020203,2024,1.0,3.0,12.0,2.3,6.6,272.2,False,0.0,False,0.0,False,0.0,False,0.0,False,0.0,False,0.0,False,0.0,1-2人気,2-5倍
202406020204,2024,6.0,1.0,8.0,17.1,2.8,28.2,True,17.1,True,5.7,False,0.0,False,0.0,False,0.0,False,0.0,False,0.0,6-10人気,10-20倍
202406020205,2024,1.0,6.0,5.0,1.3,36.9,27.3,True,1.3,True,0.43333333333333335,False,0.0,False,0.0,False,0.0,False,0.0,False,0.0,1-2人気,1-2倍
202406020206,2024,2.0,5.0,10.0,4.1,10.4,53.9,False,0.0,False,0.0,False,0.0,False,0.0,False,0.0,False,0.0,False,0.0,1-2人気,2-5倍
202406020207,2024,1.0,2.0,3.0,3.3,3.7,3.8,False,0.0,True,1.0999999999999999,True,2.3333333333333335,False,0.0,False,0.0,False,0.0,False,0.0,1-2人気,2-5倍
202406020208,2024,2.0,6.0,4.0,4.6,17.9,8.6,False,0.0,True,1.5333333333333332,False,0.0,False,0.0,False,0.0,False,0.0,False,0.0,1-2人気,2-5倍
202406020209,2024,8.0,1.0,9.0,13.0,4.9,18.5,False,0.0,True,4.333333333333333,True,5.966666666666666,False,0.0,False,0.0,False,0.0,False,0.0,6-10人気,10-20倍
202406020210,2024,1.0,6.0,2.0,2.5,9.6,5.5,True,2.5,True,0.8333333333333334,False,0.0,False,0.0,False,0.0,False,0.0,False,0.0,1-2人気,2-5倍
202406020211,2024,2.0,7.0,11.0,3.5,16.1,35.7,False,0.0,False,0.0,False,0.0,False,0.0,False,0.0,False,0.0,False,0.0,1-2人気,2-5倍
202406020212,2024,1.0,3.0,2.0,1.7,7.0,6.1,True,1.7,True,0.5666666666666667,True,2.9,True,1.19,True,2.38,False,0.0,False,0.0,1-2人気,1-2倍
202406020301,2024,1.0,3.0,5.0,1.2,13.6,25.2,True,1.2,True,0.39999999999999997,False,0.0,False,0.0,False,0.0,False,0.0,False,0.0,1-2人気,1-2倍
202406020302,2024,1.0,3.0,6.0,1.8,8.0,25.1,False,0.0,True,0.6,True,3.266666666666667,False,0.0,False,0.0,False,0.0,False,0.0,1-2人気,1-2倍
202406020303,2024,1.0,9.0,16.0,1.7,63.1,335.7,True,1.7,True,0.5666666666666667,False,0.0,False,0.0,False,0.0,False,0.0,False,0.0,1-2人気,1-2倍
202406020304,2024,5.0,4.0,3.0,10.1,7.7,5.4,False,0.0,True,3.3666666666666667,False,0.0,False,0.0,False,0.0,False,0.0,False,0.0,3-5人気,10-20倍
202406020305,2024,4.0,1.0,6.0,8.0,2.4,27.3,False,0.0,True,2.6666666666666665,True,3.466666666666667,False,0.0,False,0.0,False,0.0,False,0.0,3-5人気,5-10倍
202406020306,2024,2.0,1.0,4.0,3.2,3.0,5.9,True,3.2,True,1.0666666666666667,False,0.0,False,0.0,False,0.0,False,0.0,False,0.0,1-2人気,2-5倍
202406020307,2024,2.0,3.0,1.0,5.1,7.6,1.6,False,0.0,False,0.0,False,0.0,False,0.0,False,0.0,False,0.0,False,0.0,1-2人気,5-10倍
202406020308,2024,3.0,2.0,5.0,6.7,4.9,13.0,False,0.0,False,0.0,False,0.0,False,0.0,False,0.0,False,0.0,False,0.0,3-5人気,5-10倍
202406020309,2024,4.0,5.0,3.0,5.3,5.8,5.0,False,0.0,False,0.0,False,0.0,False,0.0,False,0.0,False,0.0,False,0.0,3-5人気,5-10倍
202406020310,2024,1.0,2.0,3.0,1.7,5.2,9.3,True,1.7,True,0.5666666666666667,True,2.3000000000000003,True,0.884,True,1.768,False,0.0,False,0.0,1-2人気,1-2倍
202406020311,2024,8.0,1.0,3.0,17.7,3.3,8.7,False,0.0,False,0.0,False,0.0,False,0.0,False,0.0,False,0.0,False,0.0,6-10人気,10-20倍
202406020312,2024,1.0,3.0,2.0,1.7,8.0,6.1,True,1.7,True,0.5666666666666667,False,0.0,False,0.0,False,0.0,False,0.0,False,0.0,1-2人気,1-2倍
202406020401,2024,4.0,8.0,1.0,8.9,57.7,2.3,False,0.0,False,0.0,False,0.0,False,0.0,False,0.0,False,0.0,False,0.0,3-5人気,5-10倍
202406020402,2024,4.0,1.0,3.0,15.2,1.8,9.4,False,0.0,False,0.0,False,0.0,False,0.0,False,0.0,False,0.0,False,0.0,3-5人気,10-20倍
202406020403,2024,5.0,4.0,14.0,9.2,6.8,446.9,False,0.0,False,0.0,False,0.0,False,0.0,False,0.0,False,0.0,False,0.0,3-5人気,5-10倍
202406020404,2024,3.0,5.0,2.0,5.8,11.7,3.9,False,0.0,False,0.0,False,0.0,False,0.0,False,0.0,False,0.0,False,0.0,3-5人気,5-10倍
202406020405,2024,3.0,5.0,2.0,5.9,14.4,4.0,False,0.0,False,0.0,False,0.0,False,0.0,False,0.0,False,0.0,False,0.0,3-5人気,5-10倍
202406020406,2024,3.0,6.0,2.0,5.4,20.6,3.6,False,0.0,False,0.0,False,0.0,False,0.0,False,0.0,False,0.0,False,0.0,3-5人気,5-10倍
202406020407,2024,3.0,5.0,9.0,6.3,19.7,88.4,False,0.0,False,0.0,False,0.0,False,0.0,False,0.0,False,0.0,False,0.0,3-5人気,5-10倍
202406020408,2024,4.0,2.0,5.0,8.1,4.8,35.8,False,0.0,True,2.6999999999999997,True,4.3,False,0.0,False,0.0,False,0.0,False,0.0,3-5人気,5-10倍
202406020409,2024,3.0,7.0,6.0,5.5,19.7,11.6,False,0.0,True,1.8333333333333333,False,0.0,False,0.0,False,0.0,False,0.0,False,0.0,3-5人気,5-10倍
202406020410,2024,1.0,6.0,3.0,1.8,12.4,9.9,False,0.0,True,0.6,True,4.733333333333333,True,2.232,False,0.0,False,0.0,False,0.0,1-2人気,1-2倍
202406020411,2024,6.0,1.0,11.0,34.9,2.8,144.2,True,34.9,True,11.633333333333333,False,0.0,False,0.0,False,0.0,False,0.0,False,0.0,6-10人気,20-50倍
202406020412,2024,1.0,8.0,5.0,2.2,20.1,14.8,False,0.0,True,0.7333333333333334,False,0.0,False,0.0,False,0.0,False,0.0,False,0.0,1-2人気,2-5倍
202406020501,2024,1.0,9.0,6.0,3.5,16.9,12.7,False,0.0,False,0.0,False,0.0,False,0.0,False,0.0,False,0.0,False,0.0,1-2人気,2-5倍
202406020502,2024,2.0,6.0,8.0,2.9,24.3,127.7,False,0.0,False,0.0,False,0.0,False,0.0,False,0.0,False,0.0,False,0.0,1-2人気,2-5倍
202406020503,2024,8.0,1.0,5.0,54.5,1.3,21.9,False,0.0,False,0.0,False,0.0,False,0.0,False,0.0,False,0.0,False,0.0,6-10人気,50倍以上
202406020504,2024,5.0,12.0,3.0,18.2,278.8,5.0,False,0.0,False,0.0,False,0.0,False,0.0,False,0.0,False,0.0,False,0.0,3-5人気,10-20倍
202406020505,2024,7.0,3.0,1.0,19.8,7.6,1.9,False,0.0,False,0.0,False,0.0,False,0.0,False,0.0,False,0.0,False,0.0,6-10人気,10-20倍
202406020506,2024,8.0,11.0,10.0,37.7,226.6,99.0,False,0.0,False,0.0,False,0.0,False,0.0,False,0.0,False,0.0,False,0.0,6-10人気,20-50倍
202406020507,2024,5.0,3.0,6.0,13.5,10.3,16.1,False,0.0,False,0.0,False,0.0,False,0.0,False,0.0,False,0.0,False,0.0,3-5人気,10-20倍
202406020508,2024,4.0,3.0,8.0,7.8,5.8,18.8,False,0.0,False,0.0,False,0.0,False,0.0,False,0.0,False,0.0,False,0.0,3-5人気,5-10倍
202406020509,2024,1.0,2.0,7.0,2.8,4.9,10.4,True,2.8,True,0.9333333333333332,True,2.566666666666667,False,0.0,False,0.0,False,0.0,False,0.0,1-2人気,2-5倍
202406020510,2024,1.0,9.0,3.0,4.1,22.3,7.1,False,0.0,True,1.3666666666666665,False,0.0,False,0.0,False,0.0,False,0.0,False,0.0,1-2人気,2-5倍
202406020511,2024,1.0,3.0,4.0,4.3,7.0,7.5,False,0.0,False,0.0,False,0.0,False,0.0,False,0.0,False,0.0,False,0.0,1-2人気,2-5倍
202406020512,2024,1.0,2.0,3.0,1.9,6.5,6.8,True,1.9,True,0.6333333333333333,False,0.0,False,0.0,False,0.0,False,0.0,False,0.0,1-2人気,1-2倍
202406020601,2024,7.0,10.0,9.0,18.5,58.3,45.4,False,0.0,False,0.0,False,0.0,False,0.0,False,0.0,False,0.0,False,0.0,6-10人気,10-20倍
202406020602,2024,13.0,12.0,4.0,267.6,260.2,6.2,False,0.0,False,0.0,False,0.0,False,0.0,False,0.0,False,0.0,False,0.0,11人気以下,50倍以上
202406020603,2024,3.0,1.0,7.0,5.3,3.2,19.1,False,0.0,False,0.0,False,0.0,False,0.0,False,0.0,False,0.0,False,0.0,3-5人気,5-10倍
202406020604,2024,6.0,1.0,3.0,16.1,3.1,4.0,False,0.0,False,0.0,False,0.0,False,0.0,False,0.0,False,0.0,False,0.0,6-10人気,10-20倍
202406020605,2024,13.0,9.0,7.0,148.3,59.7,18.8,False,0.0,False,0.0,False,0.0,False,0.0,False,0.0,False,0.0,False,0.0,11人気以下,50倍以上
202406020606,2024,3.0,9.0,1.0,6.1,57.1,2.3,False,0.0,False,0.0,False,0.0,False,0.0,False,0.0,False,0.0,False,0.0,3-5人気,5-10倍
202406020607,2024,1.0,9.0,2.0,1.8,59.2,4.7,True,1.8,True,0.6,False,0.0,False,0.0,False,0.0,False,0.0,False,0.0,1-2人気,1-2倍
202406020608,2024,7.0,5.0,3.0,12.2,9.4,5.4,False,0.0,False,0.0,False,0.0,False,0.0,False,0.0,False,0.0,False,0.0,6-10人気,10-20倍
202406020609,2024,2.0,3.0,14.0,4.2,5.6,71.0,False,0.0,True,1.4000000000000001,True,3.266666666666667,False,0.0,False,0.0,False,0.0,False,0.0,1-2人気,2-5倍
202406020610,2024,2.0,1.0,3.0,4.5,2.5,6.7,True,4.5,True,1.5,True,2.3333333333333335,False,0.0,False,0.0,False,0.0,False,0.0,1-2人気,2-5倍
202406020611,2024,1.0,2.0,5.0,4.4,4.8,6.0,False,0.0,False,0.0,False,0.0,False,0.0,False,0.0,False,0.0,False,0.0,1-2人気,2-5倍
202406020612,2024,6.0,1.0,7.0,11.8,3.3,15.2,False,0.0,False,0.0,False,0.0,False,0.0,False,0.0,False,0.0,False,0.0,6-10人気,10-20倍
202406020701,2024,2.0,10.0,1.0,7.2,94.6,1.4,False,0.0,False,0.0,False,0.0,False,0.0,False,0.0,False,0.0,False,0.0,1-2人気,5-10倍
202406020702,2024,1.0,2.0,6.0,1.5,4.9,28.4,True,1.5,True,0.5,False,0.0,False,0.0,False,0.0,False,0.0,False,0.0,1-2人気,1-2倍
202406020703,2024,1.0,12.0,11.0,1.4,159.5,128.8,True,1.4,True,0.4666666666666666,False,0.0,False,0.0,False,0.0,False,0.0,False,0.0,1-2人気,1-2倍
202406020704,2024,2.0,1.0,3.0,3.0,3.0,3.4,True,3.0,True,1.0,True,2.0,False,0.0,False,0.0,True,1.02,False,0.0,1-2人気,2-5倍
202406020705,2024,1.0,9.0,12.0,1.6,81.4,160.3,True,1.6,True,0.5333333333333333,False,0.0,False,0.0,False,0.0,False,0.0,False,0.0,1-2人気,1-2倍
202406020706,2024,2.0,1.0,3.0,2.9,2.1,5.4,False,0.0,False,0.0,False,0.0,False,0.0,False,0.0,False,0.0,False,0.0,1-2人気,2-5倍
202406020707,2024,1.0,2.0,4.0,4.1,4.5,5.3,False,0.0,True,1.3666666666666665,False,0.0,False,0.0,False,0.0,False,0.0,False,0.0,1-2人気,2-5倍
202406020708,2024,6.0,5.0,2.0,13.2,11.8,4.5,False,0.0,False,0.0,False,0.0,False,0.0,False,0.0,False,0.0,False,0.0,6-10人気,10-20倍
202406020709,2024,4.0,1.0,5.0,8.5,1.8,28.2,False,0.0,True,2.8333333333333335,False,0.0,False,0.0,False,0.0,False,0.0,False,0.0,3-5人気,5-10倍
202406020710,2024,3.0,2.0,5.0,5.4,4.3,6.8,False,0.0,True,1.8,True,3.233333333333333,True,2.322,False,0.0,False,0.0,False,0.0,3-5人気,5-10倍
202406020711,2024,4.0,6.0,3.0,6.9,14.3,5.4,False,0.0,False,0.0,False,0.0,False,0.0,False,0.0,False,0.0,False,0.0,3-5人気,5-10倍
202406020712,2024,1.0,4.0,2.0,2.5,7.9,5.1,True,2.5,True,0.8333333333333334,False,0.0,False,0.0,False,0.0,False,0.0,False,0.0,1-2人気,2-5倍
202406020801,2024,2.0,6.0,4.0,5.7,18.1,8.9,True,5.7,True,1.9000000000000001,False,0.0,False,0.0,False,0.0,False,0.0,False,0.0,1-2人気,5-10倍
202406020802,2024,8.0,3.0,2.0,46.5,4.5,3.9,False,0.0,False,0.0,False,0.0,False,0.0,False,0.0,False,0.0,False,0.0,6-10人気,20-50倍
202406020803,2024,1.0,2.0,3.0,1.2,4.1,20.9,True,1.2,True,0.39999999999999997,True,1.7666666666666666,True,0.4919999999999999,True,0.9839999999999998,False,0.0,False,0.0,1-2人気,1-2倍
202406020804,2024,10.0,4.0,9.0,52.6,15.0,39.2,False,0.0,False,0.0,False,0.0,False,0.0,False,0.0,False,0.0,False,0.0,6-10人気,50倍以上
202406020805,2024,2.0,1.0,3.0,2.9,2.9,4.3,False,0.0,False,0.0,False,0.0,False,0.0,False,0.0,False,0.0,False,0.0,1-2人気,2-5倍
202406020806,2024,6.0,3.0,1.0,17.2,5.2,2.9,False,0.0,False,0.0,False,0.0,False,0.0,False,0.0,False,0.0,False,0.0,6-10人気,10-20倍
202406020807,2024,6.0,5.0,8.0,13.9,10.9,37.3,False,0.0,False,0.0,False,0.0,False,0.0,False,0.0,False,0.0,False,0.0,6-10人気,10-20倍
202406020808,2024,1.0,2.0,5.0,1.9,2.8,10.4,True,1.9,True,0.6333333333333333,True,1.5666666666666664,False,0.0,False,0.0,False,0.0,False,0.0,1-2人気,1-2倍
202406020809,2024,3.0,11.0,6.0,5.1,31.1,13.2,False,0.0,True,1.7,False,0.0,False,0.0,False,0.0,False,0.0,False,0.0,3-5人気,5-10倍
202406020810,2024,2.0,3.0,7.0,4.8,5.3,13.1,False,0.0,False,0.0,False,0.0,False,0.0,False,0.0,False,0.0,False,0.0,1-2人気,2-5倍
202406020811,2024,1.0,3.0,8.0,2.9,6.7,13.8,True,2.9,True,0.9666666666666667,False,0.0,False,0.0,False,0.0,False,0.0,False,0.0,1-2人気,2-5倍
202406020812,2024,2.0,3.0,4.0,5.9,8.6,10.1,False,0.0,True,1.9666666666666668,False,0.0,False,0.0,False,0.0,False,0.0,False,0.0,1-2人気,5-10倍
202406030101,2024,11.0,16.0,13.0,147.6,591.6,339.4,False,0.0,False,0.0,False,0.0,False,0.0,False,0.0,False,0.0,False,0.0,11人気以下,50倍以上
202406030102,2024,4.0,2.0,3.0,13.6,4.5,8.5,False,0.0,False,0.0,False,0.0,False,0.0,False,0.0,False,0.0,False,0.0,3-5人気,10-20倍
202406030103,2024,1.0,3.0,2.0,3.6,5.0,4.2,True,3.6,True,1.2,False,0.0,False,0.0,False,0.0,False,0.0,False,0.0,1-2人気,2-5倍
202406030104,2024,2.0,14.0,3.0,2.9,290.5,5.6,False,0.0,True,0.9666666666666667,False,0.0,False,0.0,False,0.0,False,0.0,False,0.0,1-2人気,2-5倍
202406030105,2024,1.0,3.0,6.0,1.5,9.0,15.8,True,1.5,True,0.5,True,3.5,True,1.35,True,2.7,False,0.0,False,0.0,1-2人気,1-2倍
202406030106,2024,5.0,3.0,1.0,17.4,5.2,1.8,False,0.0,True,5.8,False,0.0,False,0.0,False,0.0,False,0.0,False,0.0,3-5人気,10-20倍
202406030107,2024,7.0,3.0,1.0,17.1,7.1,2.0,False,0.0,False,0.0,False,0.0,False,0.0,False,0.0,False,0.0,False,0.0,6-10人気,10-20倍
202406030108,2024,1.0,3.0,5.0,3.0,3.8,9.1,False,0.0,True,1.0,False,0.0,False,0.0,False,0.0,False,0.0,False,0.0,1-2人気,2-5倍
202406030109,2024,5.0,2.0,3.0,10.0,4.6,5.4,False,0.0,False,0.0,False,0.0,False,0.0,False,0.0,False,0.0,False,0.0,3-5人気,5-10倍
202406030110,2024,1.0,5.0,2.0,2.3,9.5,4.8,False,0.0,False,0.0,False,0.0,False,0.0,False,0.0,False,0.0,False,0.0,1-2人気,2-5倍
202406030111,2024,2.0,1.0,3.0,5.0,2.3,5.1,False,0.0,True,1.6666666666666667,False,0.0,False,0.0,False,0.0,False,0.0,False,0.0,1-2人気,2-5倍
202406030112,2024,3.0,1.0,7.0,4.9,3.7,16.0,False,0.0,True,1.6333333333333335,True,2.866666666666667,False,0.0,False,0.0,False,0.0,False,0.0,3-5人気,2-5倍
202406030201,2024,7.0,9.0,3.0,18.3,26.8,7.8,False,0.0,False,0.0,False,0.0,False,0.0,False,0.0,False,0.0,False,0.0,6-10人気,10-20倍
202406030202,2024,2.0,8.0,1.0,4.6,43.8,2.6,False,0.0,True,1.5333333333333332,False,0.0,False,0.0,False,0.0,False,0.0,False,0.0,1-2人気,2-5倍
202406030203,2024,4.0,7.0,12.0,7.2,19.9,122.8,False,0.0,True,2.4,True,9.033333333333333,False,0.0,False,0.0,False,0.0,False,0.0,3-5人気,5-10倍
202406030204,2024,1.0,9.0,7.0,1.6,73.7,27.3,True,1.6,True,0.5333333333333333,False,0.0,False,0.0,False,0.0,False,0.0,False,0.0,1-2人気,1-2倍
202406030205,2024,2.0,12.0,9.0,4.7,64.8,32.4,False,0.0,True,1.5666666666666667,False,0.0,False,0.0,False,0.0,False,0.0,False,0.0,1-2人気,2-5倍
202406030206,2024,3.0,7.0,1.0,6.0,15.5,2.8,True,6.0,True,2.0,False,0.0,False,0.0,False,0.0,False,0.0,False,0.0,3-5人気,5-10倍
202406030207,2024,1.0,4.0,3.0,1.3,13.6,13.2,True,1.3,True,0.43333333333333335,False,0.0,False,0.0,False,0.0,False,0.0,False,0.0,1-2人気,1-2倍
202406030208,2024,2.0,1.0,3.0,2.5,2.3,5.9,False,0.0,True,0.8333333333333334,True,1.5999999999999999,False,0.0,False,0.0,True,1.1308333333333336,False,0.0,1-2人気,2-5倍
202406030209,2024,1.0,7.0,6.0,3.7,14.7,10.2,False,0.0,False,0.0,False,0.0,False,0.0,False,0.0,False,0.0,False,0.0,1-2人気,2-5倍
202406030210,2024,1.0,2.0,4.0,2.1,4.4,8.8,False,0.0,True,0.7000000000000001,True,2.1666666666666665,True,0.9240000000000002,False,0.0,False,0.0,False,0.0,1-2人気,2-5倍
202406030211,2024,1.0,3.0,4.0,2.8,7.2,7.5,False,0.0,False,0.0,False,0.0,False,0.0,False,0.0,False,0.0,False,0.0,1-2人気,2-5倍
202406030212,2024,2.0,1.0,3.0,3.7,3.0,5.3,True,3.7,True,1.2333333333333334,False,0.0,False,0.0,False,0.0,False,0.0,False,0.0,1-2人気,2-5倍
202406030301,2024,15.0,10.0,4.0,274.0,104.6,15.3,False,0.0,False,0.0,False,0.0,False,0.0,False,0.0,False,0.0,False,0.0,11人気以下,50倍以上
202406030302,2024,2.0,1.0,4.0,3.1,2.5,6.4,True,3.1,True,1.0333333333333334,True,1.8666666666666665,True,0.775,True,1.55,False,0.0,False,0.0,1-2人気,2-5倍
202406030303,2024,5.0,4.0,3.0,12.0,8.8,4.2,False,0.0,False,0.0,False,0.0,False,0.0,False,0.0,False,0.0,False,0.0,3-5人気,10-20倍
202406030304,2024,5.0,4.0,10.0,8.6,5.2,82.4,False,0.0,False,0.0,False,0.0,False,0.0,False,0.0,False,0.0,False,0.0,3-5人気,5-10倍
202406030305,2024,3.0,5.0,8.0,5.8,8.8,55.9,False,0.0,False,0.0,False,0.0,False,0.0,False,0.0,False,0.0,False,0.0,3-5人気,5-10倍
202406030306,2024,2.0,4.0,1.0,4.1,27.1,1.3,False,0.0,False,0.0,False,0.0,False,0.0,False,0.0,False,0.0,False,0.0,1-2人気,2-5倍
202406030307,2024,1.0,3.0,2.0,2.8,4.5,3.9,True,2.8,True,0.9333333333333332,True,2.433333333333333,True,1.26,True,2.52,False,0.0,False,0.0,1-2人気,2-5倍
202406030308,2024,2.0,3.0,4.0,3.9,4.9,5.0,True,3.9,True,1.3,True,2.9333333333333336,True,1.911,True,3.822,False,0.0,False,0.0,1-2人気,2-5倍
202406030309,2024,9.0,10.0,3.0,23.6,27.0,6.9,False,0.0,False,0.0,False,0.0,False,0.0,False,0.0,False,0.0,False,0.0,6-10人気,20-50倍
202406030310,2024,2.0,1.0,8.0,4.5,3.6,22.4,False,0.0,True,1.5,False,0.0,False,0.0,False,0.0,False,0.0,False,0.0,1-2人気,2-5倍
202406030311,2024,1.0,5.0,2.0,4.6,7.8,6.1,False,0.0,False,0.0,False,0.0,False,0.0,False,0.0,False,0.0,False,0.0,1-2人気,2-5倍
202406030312,2024,1.0,7.0,2.0,1.6,18.9,6.6,False,0.0,False,0.0,False,0.0,False,0.0,False,0.0,False,0.0,False,0.0,1-2人気,1-2倍
202406030401,2024,5.0,6.0,9.0,10.8,16.1,45.3,False,0.0,False,0.0,False,0.0,False,0.0,False,0.0,False,0.0,False,0.0,3-5人気,10-20倍
202406030402,2024,2.0,1.0,12.0,3.4,1.4,265.8,True,3.4,True,1.1333333333333333,True,1.5999999999999999,True,0.476,True,0.952,False,0.0,False,0.0,1-2人気,2-5倍
202406030403,2024,5.0,9.0,8.0,12.7,73.6,45.1,False,0.0,True,4.233333333333333,False,0.0,False,0.0,False,0.0,False,0.0,False,0.0,3-5人気,10-20倍
202406030404,2024,3.0,6.0,8.0,4.6,18.8,42.3,True,4.6,True,1.5333333333333332,False,0.0,False,0.0,False,0.0,False,0.0,False,0.0,3-5人気,2-5倍
202406030405,2024,1.0,3.0,2.0,2.0,5.7,5.0,False,0.0,True,0.6666666666666666,False,0.0,False,0.0,False,0.0,False,0.0,False,0.0,1-2人気,1-2倍
202406030406,2024,5.0,3.0,2.0,8.9,6.6,3.4,False,0.0,False,0.0,False,0.0,False,0.0,False,0.0,False,0.0,False,0.0,3-5人気,5-10倍
202406030407,2024,11.0,5.0,4.0,59.9,15.9,4.8,False,0.0,False,0.0,False,0.0,False,0.0,False,0.0,False,0.0,False,0.0,11人気以下,50倍以上
202406030408,2024,1.0,5.0,4.0,2.1,12.2,11.8,False,0.0,True,0.7000000000000001,False,0.0,False,0.0,False,0.0,False,0.0,False,0.0,1-2人気,2-5倍
202406030409,2024,3.0,2.0,4.0,4.0,3.3,9.0,False,0.0,True,1.3333333333333333,True,2.433333333333333,False,0.0,False,0.0,False,0.0,False,0.0,3-5人気,2-5倍
202406030410,2024,1.0,7.0,2.0,1.7,17.5,11.9,False,0.0,False,0.0,False,0.0,False,0.0,False,0.0,False,0.0,False,0.0,1-2人気,1-2倍
202406030411,2024,4.0,1.0,3.0,9.6,2.1,9.0,False,0.0,False,0.0,False,0.0,False,0.0,False,0.0,False,0.0,False,0.0,3-5人気,5-10倍
202406030412,2024,2.0,1.0,7.0,4.9,2.2,21.1,False,0.0,False,0.0,False,0.0,False,0.0,False,0.0,False,0.0,False,0.0,1-2人気,2-5倍
202406030501,2024,2.0,1.0,4.0,2.6,1.8,15.9,False,0.0,False,0.0,False,0.0,False,0.0,False,0.0,False,0.0,False,0.0,1-2人気,2-5倍
202406030502,2024,2.0,1.0,4.0,8.1,1.4,13.1,False,0.0,False,0.0,False,0.0,False,0.0,False,0.0,False,0.0,False,0.0,1-2人気,5-10倍
202406030503,2024,5.0,2.0,3.0,7.3,4.8,6.2,False,0.0,True,2.433333333333333,True,4.033333333333333,False,0.0,False,0.0,False,0.0,False,0.0,3-5人気,5-10倍
202406030504,2024,3.0,1.0,2.0,5.1,2.5,4.5,True,5.1,True,1.7,True,2.533333333333333,False,0.0,False,0.0,True,1.9125,False,0.0,3-5人気,5-10倍
202406030505,2024,2.0,1.0,6.0,4.2,1.5,18.3,True,4.2,True,1.4000000000000001,True,1.9000000000000001,True,0.6300000000000001,True,1.2600000000000002,False,0.0,False,0.0,1-2人気,2-5倍
202406030506,2024,2.0,5.0,13.0,5.6,12.9,252.5,False,0.0,False,0.0,False,0.0,False,0.0,False,0.0,False,0.0,False,0.0,1-2人気,5-10倍
202406030507,2024,1.0,3.0,4.0,2.2,3.9,8.2,True,2.2,True,0.7333333333333334,True,2.033333333333333,True,0.858,True,1.716,False,0.0,False,0.0,1-2人気,2-5倍
202406030508,2024,1.0,3.0,6.0,3.0,7.0,12.2,False,0.0,True,1.0,False,0.0,False,0.0,False,0.0,False,0.0,False,0.0,1-2人気,2-5倍
202406030509,2024,1.0,4.0,3.0,3.2,7.3,4.9,False,0.0,False,0.0,False,0.0,False,0.0,False,0.0,False,0.0,False,0.0,1-2人気,2-5倍
202406030510,2024,1.0,3.0,5.0,4.6,7.1,8.8,True,4.6,True,1.5333333333333332,False,0.0,False,0.0,False,0.0,False,0.0,False,0.0,1-2人気,2-5倍
202406030511,2024,2.0,6.0,3.0,4.1,22.9,4.7,False,0.0,False,0.0,False,0.0,False,0.0,False,0.0,False,0.0,False,0.0,1-2人気,2-5倍
202406030512,2024,5.0,1.0,4.0,10.1,3.4,5.4,False,0.0,True,3.3666666666666667,False,0.0,False,0.0,False,0.0,False,0.0,False,0.0,3-5人気,10-20倍
202406030601,2024,2.0,9.0,7.0,3.1,63.2,40.5,False,0.0,False,0.0,False,0.0,False,0.0,False,0.0,False,0.0,False,0.0,1-2人気,2-5倍
202406030602,2024,2.0,7.0,3.0,3.9,14.1,5.6,False,0.0,False,0.0,False,0.0,False,0.0,False,0.0,False,0.0,False,0.0,1-2人気,2-5倍
202406030603,2024,6.0,3.0,1.0,28.1,5.0,1.9,False,0.0,True,9.366666666666667,True,11.033333333333333,False,0.0,False,0.0,True,8.898333333333333,False,0.0,6-10人気,20-50倍
202406030604,2024,1.0,8.0,7.0,1.4,76.3,70.7,False,0.0,False,0.0,False,0.0,False,0.0,False,0.0,False,0.0,False,0.0,1-2人気,1-2倍
202406030605,2024,1.0,9.0,2.0,1.6,46.4,4.7,False,0.0,False,0.0,False,0.0,False,0.0,False,0.0,False,0.0,False,0.0,1-2人気,1-2倍
202406030606,2024,2.0,9.0,6.0,3.9,40.7,26.0,False,0.0,True,1.3,False,0.0,False,0.0,False,0.0,False,0.0,False,0.0,1-2人気,2-5倍
202406030607,2024,2.0,3.0,5.0,3.1,7.0,10.1,False,0.0,True,1.0333333333333334,False,0.0,False,0.0,False,0.0,False,0.0,False,0.0,1-2人気,2-5倍
202406030608,2024,5.0,3.0,2.0,9.9,3.8,3.6,False,0.0,True,3.3000000000000003,True,4.566666666666666,False,0.0,False,0.0,True,4.514399999999999,False,0.0,3-5人気,5-10倍
202406030609,2024,1.0,2.0,5.0,4.0,4.1,8.9,False,0.0,False,0.0,False,0.0,False,0.0,False,0.0,False,0.0,False,0.0,1-2人気,2-5倍
202406030610,2024,1.0,2.0,3.0,2.0,3.9,7.0,True,2.0,True,0.6666666666666666,False,0.0,False,0.0,False,0.0,False,0.0,False,0.0,1-2人気,1-2倍
202406030611,2024,2.0,1.0,3.0,4.8,3.3,6.8,False,0.0,False,0.0,False,0.0,False,0.0,False,0.0,False,0.0,False,0.0,1-2人気,2-5倍
202406030612,2024,2.0,3.0,1.0,4.2,4.3,3.2,False,0.0,False,0.0,False,0.0,False,0.0,False,0.0,False,0.0,False,0.0,1-2人気,2-5倍
202406030701,2024,8.0,3.0,11.0,19.9,5.1,102.8,False,0.0,False,0.0,False,0.0,False,0.0,False,0.0,False,0.0,False,0.0,6-10人気,10-20倍
202406030702,2024,1.0,2.0,6.0,1.3,4.5,25.3,False,0.0,True,0.43333333333333335,True,1.9333333333333333,True,0.5850000000000001,False,0.0,True,4.9335,False,0.0,1-2人気,1-2倍
202406030703,2024,1.0,7.0,3.0,2.1,61.7,7.9,False,0.0,True,0.7000000000000001,False,0.0,False,0.0,False,0.0,False,0.0,False,0.0,1-2人気,2-5倍
202406030704,2024,3.0,1.0,5.0,6.1,1.5,18.4,False,0.0,False,0.0,False,0.0,False,0.0,False,0.0,False,0.0,False,0.0,3-5人気,5-10倍
202406030705,2024,1.0,6.0,3.0,3.3,11.8,6.0,True,3.3,True,1.0999999999999999,False,0.0,False,0.0,False,0.0,False,0.0,False,0.0,1-2人気,2-5倍
202406030706,2024,3.0,5.0,1.0,7.7,25.6,1.3,False,0.0,True,2.566666666666667,False,0.0,False,0.0,False,0.0,False,0.0,False,0.0,3-5人気,5-10倍
202406030707,2024,3.0,1.0,2.0,7.1,1.9,3.6,False,0.0,False,0.0,False,0.0,False,0.0,False,0.0,False,0.0,False,0.0,3-5人気,5-10倍
202406030708,2024,2.0,1.0,6.0,3.1,2.3,16.0,False,0.0,False,0.0,False,0.0,False,0.0,False,0.0,False,0.0,False,0.0,1-2人気,2-5倍
202406030709,2024,1.0,2.0,4.0,2.3,2.9,5.2,False,0.0,False,0.0,False,0.0,False,0.0,False,0.0,False,0.0,False,0.0,1-2人気,2-5倍
202406030710,2024,2.0,1.0,3.0,4.6,2.0,7.7,True,4.6,True,1.5333333333333332,True,2.1999999999999997,False,0.0,False,0.0,False,0.0,False,0.0,1-2人気,2-5倍
202406030711,2024,1.0,3.0,7.0,1.1,14.2,123.4,False,0.0,False,0.0,False,0.0,False,0.0,False,0.0,False,0.0,False,0.0,1-2人気,1-2倍
202406030712,2024,8.0,7.0,10.0,22.5,20.1,37.2,False,0.0,False,0.0,False,0.0,False,0.0,False,0.0,False,0.0,False,0.0,6-10人気,20-50倍
202406030801,2024,1.0,6.0,7.0,2.6,16.7,17.7,False,0.0,False,0.0,False,0.0,False,0.0,False,0.0,False,0.0,False,0.0,1-2人気,2-5倍
202406030802,2024,1.0,4.0,5.0,1.4,15.3,25.0,True,1.4,True,0.4666666666666666,False,0.0,False,0.0,False,0.0,False,0.0,False,0.0,1-2人気,1-2倍
202406030803,2024,1.0,3.0,4.0,2.1,6.5,7.4,True,2.1,True,0.7000000000000001,False,0.0,False,0.0,False,0.0,False,0.0,False,0.0,1-2人気,2-5倍
202406030804,2024,2.0,5.0,12.0,3.4,8.5,128.7,False,0.0,False,0.0,False,0.0,False,0.0,False,0.0,False,0.0,False,0.0,1-2人気,2-5倍
202406030805,2024,1.0,6.0,13.0,1.3,20.6,202.7,True,1.3,True,0.43333333333333335,False,0.0,False,0.0,False,0.0,False,0.0,False,0.0,1-2人気,1-2倍
202406030806,2024,2.0,1.0,4.0,3.2,1.9,8.7,True,3.2,True,1.0666666666666667,True,1.7,False,0.0,False,0.0,True,1.7631999999999999,False,0.0,1-2人気,2-5倍
202406030807,2024,3.0,2.0,1.0,6.1,3.9,3.6,False,0.0,False,0.0,False,0.0,False,0.0,False,0.0,False,0.0,False,0.0,3-5人気,5-10倍
202406030808,2024,2.0,3.0,4.0,3.6,3.9,11.6,True,3.6,True,1.2,True,2.5,False,0.0,False,0.0,False,0.0,False,0.0,1-2人気,2-5倍
202406030809,2024,3.0,5.0,1.0,4.8,6.7,3.5,False,0.0,False,0.0,False,0.0,False,0.0,False,0.0,False,0.0,False,0.0,3-5人気,2-5倍
202406030810,2024,2.0,1.0,5.0,4.5,3.4,9.4,False,0.0,False,0.0,False,0.0,False,0.0,False,0.0,False,0.0,False,0.0,1-2人気,2-5倍
202406030811,2024,3.0,7.0,6.0,6.1,15.8,14.2,False,0.0,True,2.033333333333333,True,7.3,False,0.0,False,0.0,False,0.0,False,0.0,3-5人気,5-10倍
202406030812,2024,1.0,4.0,2.0,1.9,10.7,5.2,True,1.9,True,0.6333333333333333,False,0.0,False,0.0,False,0.0,False,0.0,False,0.0,1-2人気,1-2倍
202406040101,2024,2.0,1.0,3.0,2.3,2.3,7.1,False,0.0,True,0.7666666666666666,True,1.5333333333333332,False,0.0,False,0.0,False,0.0,False,0.0,1-2人気,2-5倍
202406040102,2024,2.0,1.0,4.0,4.0,3.1,6.1,False,0.0,False,0.0,False,0.0,False,0.0,False,0.0,False,0.0,False,0.0,1-2人気,2-5倍
202406040103,2024,1.0,2.0,3.0,1.7,2.7,6.3,True,1.7,True,0.5666666666666667,False,0.0,False,0.0,False,0.0,False,0.0,False,0.0,1-2人気,1-2倍
202406040104,2024,1.0,2.0,10.0,3.2,3.5,46.5,False,0.0,False,0.0,False,0.0,False,0.0,False,0.0,False,0.0,False,0.0,1-2人気,2-5倍
202406040105,2024,1.0,2.0,3.0,2.0,3.7,5.5,False,0.0,True,0.6666666666666666,False,0.0,False,0.0,False,0.0,False,0.0,False,0.0,1-2人気,1-2倍
202406040106,2024,9.0,12.0,1.0,45.2,73.3,2.3,False,0.0,False,0.0,False,0.0,False,0.0,False,0.0,False,0.0,False,0.0,6-10人気,20-50倍
202406040107,2024,2.0,5.0,4.0,4.1,10.7,4.2,False,0.0,True,1.3666666666666665,False,0.0,False,0.0,False,0.0,False,0.0,False,0.0,1-2人気,2-5倍
202406040108,2024,1.0,3.0,4.0,2.2,5.7,7.5,False,0.0,False,0.0,False,0.0,False,0.0,False,0.0,False,0.0,False,0.0,1-2人気,2-5倍
202406040109,2024,2.0,1.0,6.0,2.0,1.8,77.6,False,0.0,True,0.6666666666666666,True,1.2666666666666666,False,0.0,False,0.0,False,0.0,False,0.0,1-2人気,1-2倍
202406040110,2024,3.0,2.0,5.0,5.4,3.9,8.1,False,0.0,False,0.0,False,0.0,False,0.0,False,0.0,False,0.0,False,0.0,3-5人気,5-10倍
202406040111,2024,6.0,11.0,8.0,17.1,40.4,25.3,False,0.0,False,0.0,False,0.0,False,0.0,False,0.0,False,0.0,False,0.0,6-10人気,10-20倍
202406040112,2024,3.0,7.0,6.0,6.0,12.7,11.9,True,6.0,True,2.0,False,0.0,False,0.0,False,0.0,False,0.0,False,0.0,3-5人気,5-10倍
202406040201,2024,1.0,2.0,3.0,2.0,2.5,4.3,False,0.0,True,0.6666666666666666,True,1.5,False,0.0,False,0.0,True,0.7166666666666667,False,0.0,1-2人気,1-2倍
202406040202,2024,1.0,2.0,3.0,1.9,2.9,5.6,False,0.0,True,0.6333333333333333,False,0.0,False,0.0,False,0.0,False,0.0,False,0.0,1-2人気,1-2倍
202406040203,2024,1.0,7.0,3.0,2.5,15.1,7.7,False,0.0,False,0.0,False,0.0,False,0.0,False,0.0,False,0.0,False,0.0,1-2人気,2-5倍
202406040204,2024,5.0,13.0,1.0,20.7,67.5,1.3,False,0.0,False,0.0,False,0.0,False,0.0,False,0.0,False,0.0,False,0.0,3-5人気,20-50倍
202406040205,2024,1.0,2.0,9.0,2.0,6.0,73.8,False,0.0,True,0.6666666666666666,False,0.0,False,0.0,False,0.0,False,0.0,False,0.0,1-2人気,1-2倍
202406040206,2024,2.0,3.0,6.0,4.4,6.7,17.6,False,0.0,False,0.0,False,0.0,False,0.0,False,0.0,False,0.0,False,0.0,1-2人気,2-5倍
202406040207,2024,1.0,4.0,2.0,3.2,5.8,4.9,False,0.0,True,1.0666666666666667,True,3.0,False,0.0,False,0.0,True,3.0314666666666668,False,0.0,1-2人気,2-5倍
202406040208,2024,4.0,3.0,1.0,8.3,5.8,3.1,False,0.0,True,2.766666666666667,False,0.0,False,0.0,False,0.0,False,0.0,False,0.0,3-5人気,5-10倍
202406040209,2024,4.0,5.0,6.0,6.1,9.0,9.2,False,0.0,False,0.0,False,0.0,False,0.0,False,0.0,False,0.0,False,0.0,3-5人気,5-10倍
202406040210,2024,2.0,3.0,4.0,5.0,5.1,5.6,False,0.0,False,0.0,False,0.0,False,0.0,False,0.0,False,0.0,False,0.0,1-2人気,2-5倍
202406040211,2024,2.0,1.0,8.0,6.0,1.5,33.8,False,0.0,False,0.0,False,0.0,False,0.0,False,0.0,False,0.0,False,0.0,1-2人気,5-10倍
202406040212,2024,2.0,1.0,7.0,6.0,1.2,34.5,True,6.0,True,2.0,True,2.4,True,0.72,True,1.44,False,0.0,False,0.0,1-2人気,5-10倍
202406040301,2024,2.0,1.0,7.0,3.5,2.0,27.2,False,0.0,False,0.0,False,0.0,False,0.0,False,0.0,False,0.0,False,0.0,1-2人気,2-5倍
202406040302,2024,1.0,4.0,2.0,1.8,9.1,3.7,False,0.0,True,0.6,False,0.0,False,0.0,False,0.0,False,0.0,False,0.0,1-2人気,1-2倍
202406040303,2024,1.0,2.0,5.0,1.9,4.4,13.0,False,0.0,False,0.0,False,0.0,False,0.0,False,0.0,False,0.0,False,0.0,1-2人気,1-2倍
202406040304,2024,1.0,2.0,6.0,1.8,5.5,19.6,True,1.8,True,0.6,False,0.0,False,0.0,False,0.0,False,0.0,False,0.0,1-2人気,1-2倍
202406040305,2024,2.0,5.0,3.0,3.8,17.0,4.7,True,3.8,True,1.2666666666666666,False,0.0,False,0.0,False,0.0,False,0.0,False,0.0,1-2人気,2-5倍
202406040306,2024,2.0,4.0,7.0,4.0,9.9,16.0,True,4.0,True,1.3333333333333333,True,4.633333333333334,True,3.96,True,7.92,False,0.0,False,0.0,1-2人気,2-5倍
202406040307,2024,1.0,6.0,7.0,2.5,13.7,17.3,True,2.5,True,0.8333333333333334,False,0.0,False,0.0,False,0.0,False,0.0,False,0.0,1-2人気,2-5倍
202406040308,2024,5.0,1.0,12.0,9.2,2.5,69.8,False,0.0,False,0.0,False,0.0,False,0.0,False,0.0,False,0.0,False,0.0,3-5人気,5-10倍
202406040309,2024,3.0,1.0,4.0,4.1,3.1,9.2,False,0.0,True,1.3666666666666665,False,0.0,False,0.0,False,0.0,False,0.0,False,0.0,3-5人気,2-5倍
202406040310,2024,7.0,1.0,5.0,15.7,4.0,7.8,False,0.0,False,0.0,False,0.0,False,0.0,False,0.0,False,0.0,False,0.0,6-10人気,10-20倍
202406040311,2024,2.0,1.0,5.0,4.2,3.7,9.4,False,0.0,False,0.0,False,0.0,False,0.0,False,0.0,False,0.0,False,0.0,1-2人気,2-5倍
202406040312,2024,5.0,12.0,8.0,10.8,134.9,20.6,True,10.8,True,3.6,False,0.0,False,0.0,False,0.0,False,0.0,False,0.0,3-5人気,10-20倍
202406040401,2024,1.0,4.0,2.0,2.0,16.3,3.0,False,0.0,False,0.0,False,0.0,False,0.0,False,0.0,False,0.0,False,0.0,1-2人気,1-2倍
202406040402,2024,4.0,5.0,3.0,6.0,7.6,4.3,False,0.0,False,0.0,False,0.0,False,0.0,False,0.0,False,0.0,False,0.0,3-5人気,5-10倍
202406040403,2024,3.0,2.0,7.0,4.0,3.7,19.3,False,0.0,False,0.0,False,0.0,False,0.0,False,0.0,False,0.0,False,0.0,3-5人気,2-5倍
202406040404,2024,1.0,6.0,3.0,3.3,10.3,5.0,True,3.3,True,1.0999999999999999,False,0.0,False,0.0,False,0.0,False,0.0,False,0.0,1-2人気,2-5倍
202406040405,2024,1.0,4.0,2.0,2.7,6.6,4.4,False,0.0,False,0.0,False,0.0,False,0.0,False,0.0,False,0.0,False,0.0,1-2人気,2-5倍
202406040406,2024,1.0,2.0,4.0,4.4,4.6,5.9,False,0.0,True,1.4666666666666668,False,0.0,False,0.0,False,0.0,False,0.0,False,0.0,1-2人気,2-5倍
202406040407,2024,7.0,10.0,6.0,9.7,49.4,7.4,False,0.0,False,0.0,False,0.0,False,0.0,False,0.0,False,0.0,False,0.0,6-10人気,5-10倍
202406040408,2024,9.0,11.0,6.0,27.7,38.8,15.6,False,0.0,False,0.0,False,0.0,False,0.0,False,0.0,False,0.0,False,0.0,6-10人気,20-50倍
202406040409,2024,1.0,2.0,7.0,2.6,3.8,21.6,True,2.6,True,0.8666666666666667,True,2.1333333333333333,True,0.9879999999999999,True,1.9759999999999998,True,7.1136,True,21.340799999999998,1-2人気,2-5倍
202406040410,2024,4.0,1.0,5.0,8.8,3.3,9.0,False,0.0,False,0.0,False,0.0,False,0.0,False,0.0,False,0.0,False,0.0,3-5人気,5-10倍
202406040411,2024,4.0,1.0,3.0,6.4,4.2,5.3,False,0.0,False,0.0,False,0.0,False,0.0,False,0.0,False,0.0,False,0.0,3-5人気,5-10倍
202406040412,2024,5.0,1.0,3.0,11.6,2.8,4.9,False,0.0,False,0.0,False,0.0,False,0.0,False,0.0,False,0.0,False,0.0,3-5人気,10-20倍
202406040501,2024,1.0,3.0,2.0,1.5,7.1,4.3,False,0.0,True,0.5,False,0.0,False,0.0,False,0.0,False,0.0,False,0.0,1-2人気,1-2倍
202406040502,2024,3.0,2.0,5.0,6.6,4.3,9.3,False,0.0,False,0.0,False,0.0,False,0.0,False,0.0,False,0.0,False,0.0,3-5人気,5-10倍
202406040503,2024,1.0,2.0,9.0,2.0,2.7,42.8,False,0.0,True,0.6666666666666666,True,1.5666666666666667,True,0.54,False,0.0,False,0.0,False,0.0,1-2人気,1-2倍
202406040504,2024,1.0,5.0,4.0,1.5,14.1,11.0,False,0.0,True,0.5,False,0.0,False,0.0,False,0.0,False,0.0,False,0.0,1-2人気,1-2倍
202406040505,2024,1.0,5.0,3.0,2.4,9.4,5.2,True,2.4,True,0.7999999999999999,False,0.0,False,0.0,False,0.0,False,0.0,False,0.0,1-2人気,2-5倍
202406040506,2024,1.0,5.0,6.0,1.2,17.0,32.1,True,1.2,True,0.39999999999999997,True,6.066666666666666,False,0.0,False,0.0,False,0.0,False,0.0,1-2人気,1-2倍
202406040507,2024,7.0,5.0,1.0,32.7,15.0,2.4,False,0.0,False,0.0,False,0.0,False,0.0,False,0.0,False,0.0,False,0.0,6-10人気,20-50倍
202406040508,2024,1.0,5.0,4.0,3.0,10.6,10.5,True,3.0,True,1.0,False,0.0,False,0.0,False,0.0,False,0.0,False,0.0,1-2人気,2-5倍
202406040509,2024,1.0,6.0,2.0,1.8,31.6,3.2,True,1.8,True,0.6,False,0.0,False,0.0,False,0.0,False,0.0,False,0.0,1-2人気,1-2倍
202406040510,2024,4.0,2.0,6.0,10.2,3.0,20.7,False,0.0,False,0.0,False,0.0,False,0.0,False,0.0,False,0.0,False,0.0,3-5人気,10-20倍
202406040511,2024,1.0,8.0,6.0,2.9,39.7,12.4,False,0.0,True,0.9666666666666667,False,0.0,False,0.0,False,0.0,False,0.0,False,0.0,1-2人気,2-5倍
202406040512,2024,4.0,1.0,12.0,9.3,2.3,67.5,False,0.0,False,0.0,False,0.0,False,0.0,False,0.0,False,0.0,False,0.0,3-5人気,5-10倍
202406040601,2024,1.0,3.0,7.0,1.1,18.5,64.1,True,1.1,True,0.3666666666666667,False,0.0,False,0.0,False,0.0,False,0.0,False,0.0,1-2人気,1-2倍
202406040602,2024,1.0,4.0,2.0,1.5,11.5,4.2,False,0.0,True,0.5,False,0.0,False,0.0,False,0.0,False,0.0,False,0.0,1-2人気,1-2倍
202406040603,2024,2.0,5.0,3.0,4.4,8.5,4.4,False,0.0,True,1.4666666666666668,False,0.0,False,0.0,False,0.0,False,0.0,False,0.0,1-2人気,2-5倍
202406040604,2024,3.0,2.0,8.0,4.1,4.0,36.4,False,0.0,True,1.3666666666666665,True,2.6999999999999997,False,0.0,False,0.0,False,0.0,False,0.0,3-5人気,2-5倍
202406040605,2024,1.0,9.0,2.0,2.5,53.5,2.5,False,0.0,False,0.0,False,0.0,False,0.0,False,0.0,False,0.0,False,0.0,1-2人気,2-5倍
202406040606,2024,2.0,5.0,1.0,4.1,12.7,1.9,False,0.0,True,1.3666666666666665,True,5.599999999999999,True,5.206999999999999,False,0.0,False,0.0,False,0.0,1-2人気,2-5倍
202406040607,2024,2.0,5.0,8.0,3.8,9.5,18.1,False,0.0,False,0.0,False,0.0,False,0.0,False,0.0,False,0.0,False,0.0,1-2人気,2-5倍
202406040608,2024,6.0,4.0,1.0,13.8,8.7,3.1,False,0.0,True,4.6000000000000005,True,7.5,False,0.0,False,0.0,False,0.0,False,0.0,6-10人気,10-20倍
202406040609,2024,1.0,4.0,5.0,1.4,12.8,17.4,True,1.4,True,0.4666666666666666,True,4.733333333333333,True,1.7919999999999998,True,3.5839999999999996,False,0.0,False,0.0,1-2人気,1-2倍
202406040610,2024,2.0,1.0,4.0,3.5,3.0,7.0,False,0.0,True,1.1666666666666667,True,2.1666666666666665,True,1.05,False,0.0,True,2.45,False,0.0,1-2人気,2-5倍
202406040611,2024,1.0,3.0,2.0,3.0,6.9,3.4,True,3.0,True,1.0,True,3.3000000000000003,True,2.0700000000000003,True,4.140000000000001,False,0.0,False,0.0,1-2人気,2-5倍
202406040612,2024,2.0,5.0,1.0,4.3,14.2,2.6,False,0.0,False,0.0,False,0.0,False,0.0,False,0.0,False,0.0,False,0.0,1-2人気,2-5倍
202406040701,2024,1.0,5.0,7.0,3.2,9.8,10.9,False,0.0,True,1.0666666666666667,False,0.0,False,0.0,False,0.0,False,0.0,False,0.0,1-2人気,2-5倍
202406040702,2024,4.0,2.0,3.0,6.9,3.2,6.1,False,0.0,False,0.0,False,0.0,False,0.0,False,0.0,False,0.0,False,0.0,3-5人気,5-10倍
202406040703,2024,1.0,5.0,2.0,3.3,6.5,4.2,False,0.0,True,1.0999999999999999,False,0.0,False,0.0,False,0.0,False,0.0,False,0.0,1-2人気,2-5倍
202406040704,2024,1.0,5.0,4.0,2.1,10.2,7.4,False,0.0,True,0.7000000000000001,False,0.0,False,0.0,False,0.0,False,0.0,False,0.0,1-2人気,2-5倍
202406040705,2024,1.0,4.0,5.0,1.8,11.8,15.3,False,0.0,True,0.6,True,4.533333333333334,False,0.0,False,0.0,False,0.0,False,0.0,1-2人気,1-2倍
202406040706,2024,2.0,5.0,3.0,5.1,16.9,6.3,False,0.0,True,1.7,False,0.0,False,0.0,False,0.0,False,0.0,False,0.0,1-2人気,5-10倍
202406040707,2024,2.0,5.0,3.0,4.7,7.5,6.3,False,0.0,False,0.0,False,0.0,False,0.0,False,0.0,False,0.0,False,0.0,1-2人気,2-5倍
202406040708,2024,7.0,9.0,10.0,10.6,20.1,35.0,True,10.6,True,3.533333333333333,False,0.0,False,0.0,False,0.0,False,0.0,False,0.0,6-10人気,10-20倍
202406040709,2024,1.0,4.0,6.0,1.6,16.8,40.8,False,0.0,False,0.0,False,0.0,False,0.0,False,0.0,False,0.0,False,0.0,1-2人気,1-2倍
202406040710,2024,1.0,2.0,7.0,3.2,3.4,20.1,False,0.0,False,0.0,False,0.0,False,0.0,False,0.0,False,0.0,False,0.0,1-2人気,2-5倍
202406040711,2024,1.0,5.0,9.0,1.5,28.7,45.9,True,1.5,True,0.5,False,0.0,False,0.0,False,0.0,False,0.0,False,0.0,1-2人気,1-2倍
202406040712,2024,2.0,9.0,11.0,7.3,31.2,46.9,False,0.0,False,0.0,False,0.0,False,0.0,False,0.0,False,0.0,False,0.0,1-2人気,5-10倍
202406040801,2024,1.0,3.0,6.0,2.1,6.3,13.8,False,0.0,False,0.0,False,0.0,False,0.0,False,0.0,False,0.0,False,0.0,1-2人気,2-5倍
202406040802,2024,2.0,1.0,3.0,4.3,2.0,5.5,False,0.0,False,0.0,False,0.0,False,0.0,False,0.0,False,0.0,False,0.0,1-2人気,2-5倍
202406040803,2024,2.0,6.0,3.0,3.7,19.8,4.9,True,3.7,True,1.2333333333333334,False,0.0,False,0.0,False,0.0,False,0.0,False,0.0,1-2人気,2-5倍
202406040804,2024,5.0,1.0,3.0,12.8,1.7,9.4,False,0.0,False,0.0,False,0.0,False,0.0,False,0.0,False,0.0,False,0.0,3-5人気,10-20倍
202406040805,2024,1.0,8.0,5.0,1.7,47.0,12.4,False,0.0,True,0.5666666666666667,False,0.0,False,0.0,False,0.0,False,0.0,False,0.0,1-2人気,1-2倍
202406040806,2024,1.0,2.0,5.0,2.4,4.3,9.3,False,0.0,True,0.7999999999999999,False,0.0,False,0.0,False,0.0,False,0.0,False,0.0,1-2人気,2-5倍
202406040807,2024,2.0,4.0,3.0,5.9,9.9,9.5,False,0.0,False,0.0,False,0.0,False,0.0,False,0.0,False,0.0,False,0.0,1-2人気,5-10倍
202406040808,2024,9.0,4.0,11.0,29.8,7.2,55.3,False,0.0,False,0.0,False,0.0,False,0.0,False,0.0,False,0.0,False,0.0,6-10人気,20-50倍
202406040809,2024,1.0,2.0,3.0,1.5,4.7,9.5,False,0.0,True,0.5,False,0.0,False,0.0,False,0.0,False,0.0,False,0.0,1-2人気,1-2倍
202406040810,2024,1.0,2.0,3.0,2.6,2.8,9.0,False,0.0,False,0.0,False,0.0,False,0.0,False,0.0,False,0.0,False,0.0,1-2人気,2-5倍
202406040811,2024,3.0,1.0,6.0,4.6,2.3,29.5,False,0.0,False,0.0,False,0.0,False,0.0,False,0.0,False,0.0,False,0.0,3-5人気,2-5倍
202406040812,2024,1.0,5.0,2.0,3.3,8.2,4.3,False,0.0,True,1.0999999999999999,False,0.0,False,0.0,False,0.0,False,0.0,False,0.0,1-2人気,2-5倍
202406040901,2024,4.0,1.0,3.0,7.5,2.6,5.1,True,7.5,True,2.5,False,0.0,False,0.0,False,0.0,False,0.0,False,0.0,3-5人気,5-10倍
202406040902,2024,2.0,1.0,4.0,4.2,1.2,22.3,False,0.0,True,1.4000000000000001,True,1.8,True,0.504,False,0.0,True,3.7464000000000004,False,0.0,1-2人気,2-5倍
202406040903,2024,2.0,3.0,6.0,3.9,6.0,17.8,False,0.0,True,1.3,False,0.0,False,0.0,False,0.0,False,0.0,False,0.0,1-2人気,2-5倍
202406040904,2024,2.0,3.0,1.0,4.6,7.1,1.8,False,0.0,False,0.0,False,0.0,False,0.0,False,0.0,False,0.0,False,0.0,1-2人気,2-5倍
202406040905,2024,1.0,6.0,7.0,3.1,8.9,21.5,False,0.0,False,0.0,False,0.0,False,0.0,False,0.0,False,0.0,False,0.0,1-2人気,2-5倍
202406040906,2024,5.0,8.0,3.0,12.4,41.3,5.1,False,0.0,False,0.0,False,0.0,False,0.0,False,0.0,False,0.0,False,0.0,3-5人気,10-20倍
202406040907,2024,6.0,4.0,8.0,26.2,6.6,35.5,False,0.0,True,8.733333333333333,True,10.933333333333332,True,17.291999999999998,False,0.0,False,0.0,False,0.0,6-10人気,20-50倍
202406040908,2024,3.0,7.0,5.0,5.4,17.5,8.0,False,0.0,False,0.0,False,0.0,False,0.0,False,0.0,False,0.0,False,0.0,3-5人気,5-10倍
202406040909,2024,2.0,1.0,3.0,6.3,1.2,9.6,False,0.0,False,0.0,False,0.0,False,0.0,False,0.0,False,0.0,False,0.0,1-2人気,5-10倍
202406040910,2024,6.0,10.0,3.0,13.7,36.4,7.2,False,0.0,False,0.0,False,0.0,False,0.0,False,0.0,False,0.0,False,0.0,6-10人気,10-20倍
202406040911,2024,1.0,2.0,5.0,3.0,5.2,9.6,False,0.0,False,0.0,False,0.0,False,0.0,False,0.0,False,0.0,False,0.0,1-2人気,2-5倍
202406040912,2024,9.0,2.0,4.0,43.8,2.9,8.9,False,0.0,False,0.0,False,0.0,False,0.0,False,0.0,False,0.0,False,0.0,6-10人気,20-50倍
202406050101,2024,3.0,5.0,1.0,7.6,8.7,2.1,False,0.0,False,0.0,False,0.0,False,0.0,False,0.0,False,0.0,False,0.0,3-5人気,5-10倍
202406050102,2024,1.0,5.0,3.0,2.6,8.1,7.1,False,0.0,True,0.8666666666666667,False,0.0,False,0.0,False,0.0,False,0.0,False,0.0,1-2人気,2-5倍
202406050103,2024,2.0,4.0,5.0,3.1,10.0,19.1,False,0.0,True,1.0333333333333334,False,0.0,False,0.0,False,0.0,False,0.0,False,0.0,1-2人気,2-5倍
202406050104,2024,1.0,5.0,2.0,1.9,14.7,4.1,False,0.0,False,0.0,False,0.0,False,0.0,False,0.0,False,0.0,False,0.0,1-2人気,1-2倍
202406050105,2024,2.0,5.0,11.0,4.1,11.8,58.3,False,0.0,False,0.0,False,0.0,False,0.0,False,0.0,False,0.0,False,0.0,1-2人気,2-5倍
202406050106,2024,5.0,8.0,1.0,10.6,30.6,2.9,False,0.0,False,0.0,False,0.0,False,0.0,False,0.0,False,0.0,False,0.0,3-5人気,10-20倍
202406050107,2024,12.0,13.0,5.0,72.9,84.0,8.1,False,0.0,False,0.0,False,0.0,False,0.0,False,0.0,False,0.0,False,0.0,11人気以下,50倍以上
202406050108,2024,3.0,1.0,7.0,6.8,2.0,21.7,False,0.0,True,2.2666666666666666,True,2.9333333333333336,True,1.3599999999999999,False,0.0,False,0.0,False,0.0,3-5人気,5-10倍
202406050109,2024,4.0,11.0,3.0,5.8,47.9,5.5,False,0.0,True,1.9333333333333333,False,0.0,False,0.0,False,0.0,False,0.0,False,0.0,3-5人気,5-10倍
202406050110,2024,6.0,5.0,1.0,13.0,8.2,3.4,False,0.0,False,0.0,False,0.0,False,0.0,False,0.0,False,0.0,False,0.0,6-10人気,10-20倍
202406050111,2024,1.0,11.0,6.0,3.5,48.4,12.3,False,0.0,False,0.0,False,0.0,False,0.0,False,0.0,False,0.0,False,0.0,1-2人気,2-5倍
202406050112,2024,1.0,4.0,3.0,3.3,6.4,5.4,True,3.3,True,1.0999999999999999,False,0.0,False,0.0,False,0.0,False,0.0,False,0.0,1-2人気,2-5倍
202406050201,2024,1.0,4.0,2.0,2.1,8.0,3.7,False,0.0,True,0.7000000000000001,False,0.0,False,0.0,False,0.0,False,0.0,False,0.0,1-2人気,2-5倍
202406050202,2024,4.0,3.0,7.0,8.2,5.0,26.9,False,0.0,True,2.733333333333333,False,0.0,False,0.0,False,0.0,False,0.0,False,0.0,3-5人気,5-10倍
202406050203,2024,6.0,7.0,11.0,15.4,23.1,72.2,False,0.0,False,0.0,False,0.0,False,0.0,False,0.0,False,0.0,False,0.0,6-10人気,10-20倍
202406050204,2024,1.0,2.0,4.0,2.0,4.1,7.8,True,2.0,True,0.6666666666666666,False,0.0,False,0.0,False,0.0,False,0.0,False,0.0,1-2人気,1-2倍
202406050205,2024,4.0,3.0,9.0,5.8,5.7,33.4,False,0.0,False,0.0,False,0.0,False,0.0,False,0.0,False,0.0,False,0.0,3-5人気,5-10倍
202406050206,2024,1.0,4.0,7.0,2.9,5.5,34.4,False,0.0,True,0.9666666666666667,True,2.8000000000000003,False,0.0,False,0.0,False,0.0,False,0.0,1-2人気,2-5倍
202406050207,2024,1.0,4.0,3.0,2.6,10.7,4.6,False,0.0,True,0.8666666666666667,False,0.0,False,0.0,False,0.0,False,0.0,False,0.0,1-2人気,2-5倍
202406050208,2024,2.0,3.0,6.0,3.9,4.0,11.4,False,0.0,True,1.3,True,2.6333333333333333,True,1.56,False,0.0,False,0.0,False,0.0,1-2人気,2-5倍
202406050209,2024,8.0,4.0,6.0,28.9,15.7,18.9,False,0.0,False,0.0,False,0.0,False,0.0,False,0.0,False,0.0,False,0.0,6-10人気,20-50倍
202406050210,2024,1.0,4.0,3.0,3.5,11.5,4.1,False,0.0,False,0.0,False,0.0,False,0.0,False,0.0,False,0.0,False,0.0,1-2人気,2-5倍
202406050211,2024,2.0,3.0,8.0,5.1,5.4,18.2,False,0.0,False,0.0,False,0.0,False,0.0,False,0.0,False,0.0,False,0.0,1-2人気,5-10倍
202406050212,2024,10.0,12.0,2.0,44.5,79.0,3.8,False,0.0,False,0.0,False,0.0,False,0.0,False,0.0,False,0.0,False,0.0,6-10人気,20-50倍
202406050301,2024,1.0,6.0,5.0,2.2,16.0,9.7,True,2.2,True,0.7333333333333334,True,6.066666666666666,False,0.0,False,0.0,False,0.0,False,0.0,1-2人気,2-5倍
202406050302,2024,3.0,1.0,2.0,5.5,2.4,2.6,False,0.0,False,0.0,False,0.0,False,0.0,False,0.0,False,0.0,False,0.0,3-5人気,5-10倍
202406050303,2024,5.0,2.0,14.0,11.5,3.6,116.8,False,0.0,False,0.0,False,0.0,False,0.0,False,0.0,False,0.0,False,0.0,3-5人気,10-20倍
202406050304,2024,1.0,5.0,7.0,3.1,12.7,21.3,False,0.0,False,0.0,False,0.0,False,0.0,False,0.0,False,0.0,False,0.0,1-2人気,2-5倍
202406050305,2024,2.0,4.0,1.0,4.4,11.4,2.4,True,4.4,True,1.4666666666666668,False,0.0,False,0.0,False,0.0,False,0.0,False,0.0,1-2人気,2-5倍
202406050306,2024,2.0,4.0,3.0,3.9,7.4,5.2,True,3.9,True,1.3,False,0.0,False,0.0,False,0.0,False,0.0,False,0.0,1-2人気,2-5倍
202406050307,2024,3.0,2.0,11.0,4.7,4.1,50.0,False,0.0,False,0.0,False,0.0,False,0.0,False,0.0,False,0.0,False,0.0,3-5人気,2-5倍
202406050308,2024,11.0,7.0,2.0,90.5,42.2,3.6,False,0.0,False,0.0,False,0.0,False,0.0,False,0.0,False,0.0,False,0.0,11人気以下,50倍以上
202406050309,2024,1.0,2.0,5.0,3.0,3.8,9.0,False,0.0,False,0.0,False,0.0,False,0.0,False,0.0,False,0.0,False,0.0,1-2人気,2-5倍
202406050310,2024,1.0,3.0,8.0,4.4,6.7,15.2,False,0.0,False,0.0,False,0.0,False,0.0,False,0.0,False,0.0,False,0.0,1-2人気,2-5倍
202406050311,2024,4.0,3.0,10.0,7.5,3.4,64.3,False,0.0,False,0.0,False,0.0,False,0.0,False,0.0,False,0.0,False,0.0,3-5人気,5-10倍
202406050312,2024,6.0,5.0,8.0,9.6,7.9,19.0,False,0.0,False,0.0,False,0.0,False,0.0,False,0.0,False,0.0,False,0.0,6-10人気,5-10倍
202406050401,2024,2.0,1.0,4.0,3.2,2.2,6.2,False,0.0,True,1.0666666666666667,True,1.8,False,0.0,False,0.0,False,0.0,False,0.0,1-2人気,2-5倍
202406050402,2024,1.0,6.0,10.0,2.1,24.6,120.6,True,2.1,True,0.7000000000000001,False,0.0,False,0.0,False,0.0,False,0.0,False,0.0,1-2人気,2-5倍
202406050403,2024,2.0,7.0,1.0,5.0,13.8,3.2,False,0.0,True,1.6666666666666667,False,0.0,False,0.0,False,0.0,False,0.0,False,0.0,1-2人気,2-5倍
202406050404,2024,2.0,11.0,4.0,3.4,178.0,8.9,False,0.0,False,0.0,False,0.0,False,0.0,False,0.0,False,0.0,False,0.0,1-2人気,2-5倍
202406050405,2024,1.0,8.0,9.0,1.9,27.8,32.6,True,1.9,True,0.6333333333333333,False,0.0,False,0.0,False,0.0,False,0.0,False,0.0,1-2人気,1-2倍
202406050406,2024,4.0,3.0,1.0,6.3,6.2,3.4,False,0.0,False,0.0,False,0.0,False,0.0,False,0.0,False,0.0,False,0.0,3-5人気,5-10倍
202406050407,2024,4.0,2.0,7.0,8.4,4.9,65.4,False,0.0,False,0.0,False,0.0,False,0.0,False,0.0,False,0.0,False,0.0,3-5人気,5-10倍
202406050408,2024,1.0,2.0,9.0,2.4,4.7,23.1,True,2.4,True,0.7999999999999999,False,0.0,False,0.0,False,0.0,False,0.0,False,0.0,1-2人気,2-5倍
202406050409,2024,1.0,6.0,11.0,3.4,12.2,49.3,False,0.0,False,0.0,False,0.0,False,0.0,False,0.0,False,0.0,False,0.0,1-2人気,2-5倍
202406050410,2024,1.0,2.0,8.0,2.0,5.2,33.2,True,2.0,True,0.6666666666666666,False,0.0,False,0.0,False,0.0,False,0.0,False,0.0,1-2人気,1-2倍
202406050411,2024,2.0,4.0,6.0,5.1,6.9,13.0,False,0.0,False,0.0,False,0.0,False,0.0,False,0.0,False,0.0,False,0.0,1-2人気,5-10倍
202406050412,2024,6.0,1.0,8.0,23.1,2.9,28.4,False,0.0,False,0.0,False,0.0,False,0.0,False,0.0,False,0.0,False,0.0,6-10人気,20-50倍
202406050501,2024,6.0,7.0,3.0,11.1,15.2,5.8,False,0.0,False,0.0,False,0.0,False,0.0,False,0.0,False,0.0,False,0.0,6-10人気,10-20倍
202406050502,2024,1.0,9.0,7.0,3.4,68.2,20.0,False,0.0,False,0.0,False,0.0,False,0.0,False,0.0,False,0.0,False,0.0,1-2人気,2-5倍
202406050503,2024,4.0,2.0,8.0,7.0,3.5,56.8,False,0.0,False,0.0,False,0.0,False,0.0,False,0.0,False,0.0,False,0.0,3-5人気,5-10倍
202406050504,2024,2.0,1.0,3.0,2.7,2.6,5.3,False,0.0,True,0.9,True,1.7666666666666668,False,0.0,False,0.0,True,1.2402000000000002,False,0.0,1-2人気,2-5倍
202406050505,2024,2.0,5.0,1.0,4.3,10.6,1.9,False,0.0,False,0.0,False,0.0,False,0.0,False,0.0,False,0.0,False,0.0,1-2人気,2-5倍
202406050506,2024,1.0,2.0,12.0,1.9,4.7,82.0,True,1.9,True,0.6333333333333333,False,0.0,False,0.0,False,0.0,False,0.0,False,0.0,1-2人気,1-2倍
202406050507,2024,3.0,2.0,4.0,5.5,5.3,6.1,False,0.0,False,0.0,False,0.0,False,0.0,False,0.0,False,0.0,False,0.0,3-5人気,5-10倍
202406050508,2024,4.0,11.0,2.0,11.7,33.5,4.1,False,0.0,False,0.0,False,0.0,False,0.0,False,0.0,False,0.0,False,0.0,3-5人気,10-20倍
202406050509,2024,1.0,4.0,8.0,1.4,15.4,33.8,True,1.4,True,0.4666666666666666,True,5.6000000000000005,False,0.0,False,0.0,False,0.0,False,0.0,1-2人気,1-2倍
202406050510,2024,4.0,2.0,1.0,9.0,5.5,1.6,False,0.0,False,0.0,False,0.0,False,0.0,False,0.0,False,0.0,False,0.0,3-5人気,5-10倍
202406050511,2024,3.0,2.0,6.0,5.4,5.3,10.5,False,0.0,True,1.8,True,3.5666666666666664,False,0.0,False,0.0,True,10.017,False,0.0,3-5人気,5-10倍
202406050512,2024,1.0,2.0,3.0,2.2,5.4,6.2,False,0.0,True,0.7333333333333334,True,2.5333333333333337,False,0.0,False,0.0,False,0.0,False,0.0,1-2人気,2-5倍
202406050601,2024,1.0,3.0,12.0,1.4,8.0,131.0,False,0.0,True,0.4666666666666666,True,3.1333333333333333,True,1.1199999999999999,False,0.0,False,0.0,False,0.0,1-2人気,1-2倍
202406050602,2024,4.0,2.0,5.0,8.1,3.4,8.4,False,0.0,False,0.0,False,0.0,False,0.0,False,0.0,False,0.0,False,0.0,3-5人気,5-10倍
202406050603,2024,2.0,5.0,4.0,3.4,9.6,8.3,False,0.0,False,0.0,False,0.0,False,0.0,False,0.0,False,0.0,False,0.0,1-2人気,2-5倍
202406050604,2024,1.0,4.0,6.0,1.9,6.0,33.1,False,0.0,False,0.0,False,0.0,False,0.0,False,0.0,False,0.0,False,0.0,1-2人気,1-2倍
202406050605,2024,2.0,4.0,1.0,2.9,10.1,2.5,True,2.9,True,0.9666666666666667,False,0.0,False,0.0,False,0.0,False,0.0,False,0.0,1-2人気,2-5倍
202406050606,2024,1.0,4.0,2.0,2.1,8.5,3.7,False,0.0,False,0.0,False,0.0,False,0.0,False,0.0,False,0.0,False,0.0,1-2人気,2-5倍
202406050607,2024,1.0,4.0,2.0,2.0,7.4,6.6,False,0.0,True,0.6666666666666666,False,0.0,False,0.0,False,0.0,False,0.0,False,0.0,1-2人気,1-2倍
202406050608,2024,5.0,4.0,7.0,9.5,7.2,18.4,False,0.0,False,0.0,False,0.0,False,0.0,False,0.0,False,0.0,False,0.0,3-5人気,5-10倍
202406050609,2024,2.0,14.0,4.0,3.3,151.7,9.7,True,3.3,True,1.0999999999999999,False,0.0,False,0.0,False,0.0,False,0.0,False,0.0,1-2人気,2-5倍
202406050610,2024,3.0,1.0,6.0,6.5,2.5,10.2,False,0.0,True,2.1666666666666665,True,3.0,False,0.0,False,0.0,False,0.0,False,0.0,3-5人気,5-10倍
202406050611,2024,6.0,2.0,7.0,10.4,4.5,15.3,False,0.0,True,3.466666666666667,False,0.0,False,0.0,False,0.0,False,0.0,False,0.0,6-10人気,10-20倍
202406050612,2024,5.0,3.0,4.0,9.2,4.4,8.5,False,0.0,False,0.0,False,0.0,False,0.0,False,0.0,False,0.0,False,0.0,3-5人気,5-10倍
202406050701,2024,1.0,2.0,4.0,2.6,3.1,5.9,True,2.6,True,0.8666666666666667,True,1.9000000000000001,True,0.806,True,1.612,False,0.0,False,0.0,1-2人気,2-5倍
202406050702,2024,2.0,1.0,4.0,4.8,2.1,6.2,False,0.0,False,0.0,False,0.0,False,0.0,False,0.0,False,0.0,False,0.0,1-2人気,2-5倍
202406050703,2024,1.0,4.0,2.0,2.7,6.2,3.3,False,0.0,True,0.9,False,0.0,False,0.0,False,0.0,False,0.0,False,0.0,1-2人気,2-5倍
202406050704,2024,1.0,3.0,2.0,1.6,7.2,4.4,False,0.0,True,0.5333333333333333,True,2.9333333333333336,True,1.1520000000000001,False,0.0,False,0.0,False,0.0,1-2人気,1-2倍
202406050705,2024,3.0,2.0,1.0,5.8,3.1,2.4,False,0.0,True,1.9333333333333333,True,2.966666666666667,True,1.798,False,0.0,False,0.0,False,0.0,3-5人気,5-10倍
202406050706,2024,1.0,7.0,8.0,1.5,21.1,21.3,False,0.0,False,0.0,False,0.0,False,0.0,False,0.0,False,0.0,False,0.0,1-2人気,1-2倍
202406050707,2024,1.0,6.0,4.0,2.1,19.3,15.9,False,0.0,True,0.7000000000000001,False,0.0,False,0.0,False,0.0,False,0.0,False,0.0,1-2人気,2-5倍
202406050708,2024,6.0,7.0,5.0,10.6,13.6,8.7,False,0.0,False,0.0,False,0.0,False,0.0,False,0.0,False,0.0,False,0.0,6-10人気,10-20倍
202406050709,2024,1.0,2.0,4.0,3.2,4.2,7.0,False,0.0,False,0.0,False,0.0,False,0.0,False,0.0,False,0.0,False,0.0,1-2人気,2-5倍
202406050710,2024,5.0,4.0,1.0,17.2,6.0,2.3,False,0.0,True,5.733333333333333,True,7.733333333333333,False,0.0,False,0.0,False,0.0,False,0.0,3-5人気,10-20倍
202406050711,2024,1.0,3.0,10.0,3.7,5.3,35.8,False,0.0,False,0.0,False,0.0,False,0.0,False,0.0,False,0.0,False,0.0,1-2人気,2-5倍
202406050712,2024,4.0,1.0,2.0,9.1,3.4,3.5,False,0.0,False,0.0,False,0.0,False,0.0,False,0.0,False,0.0,False,0.0,3-5人気,5-10倍
202406050801,2024,1.0,2.0,3.0,1.8,3.0,4.2,True,1.8,True,0.6,True,1.5999999999999999,False,0.0,False,0.0,True,0.7560000000000001,False,0.0,1-2人気,1-2倍
202406050802,2024,2.0,5.0,1.0,4.6,10.2,2.8,True,4.6,True,1.5333333333333332,False,0.0,False,0.0,False,0.0,False,0.0,False,0.0,1-2人気,2-5倍
202406050803,2024,5.0,12.0,2.0,9.7,52.4,4.1,False,0.0,False,0.0,False,0.0,False,0.0,False,0.0,False,0.0,False,0.0,3-5人気,5-10倍
202406050804,2024,1.0,2.0,5.0,2.4,2.7,12.2,True,2.4,True,0.7999999999999999,False,0.0,False,0.0,False,0.0,False,0.0,False,0.0,1-2人気,2-5倍
202406050805,2024,1.0,8.0,4.0,1.5,32.2,13.7,True,1.5,True,0.5,False,0.0,False,0.0,False,0.0,False,0.0,False,0.0,1-2人気,1-2倍
202406050806,2024,1.0,2.0,4.0,2.1,3.3,7.4,True,2.1,True,0.7000000000000001,False,0.0,False,0.0,False,0.0,False,0.0,False,0.0,1-2人気,2-5倍
202406050807,2024,1.0,6.0,5.0,3.4,23.2,6.1,False,0.0,False,0.0,False,0.0,False,0.0,False,0.0,False,0.0,False,0.0,1-2人気,2-5倍
202406050808,2024,1.0,3.0,9.0,3.4,5.7,54.7,False,0.0,False,0.0,False,0.0,False,0.0,False,0.0,False,0.0,False,0.0,1-2人気,2-5倍
202406050809,2024,2.0,10.0,1.0,5.0,50.9,2.5,False,0.0,False,0.0,False,0.0,False,0.0,False,0.0,False,0.0,False,0.0,1-2人気,2-5倍
202406050810,2024,8.0,1.0,4.0,16.4,3.1,7.1,False,0.0,False,0.0,False,0.0,False,0.0,False,0.0,False,0.0,False,0.0,6-10人気,10-20倍
202406050811,2024,9.0,6.0,8.0,27.1,16.4,17.6,False,0.0,False,0.0,False,0.0,False,0.0,False,0.0,False,0.0,False,0.0,6-10人気,20-50倍
202406050812,2024,2.0,7.0,14.0,4.3,21.0,116.7,True,4.3,True,1.4333333333333333,False,0.0,False,0.0,False,0.0,False,0.0,False,0.0,1-2人気,2-5倍
202406050901,2024,4.0,7.0,1.0,8.2,32.7,1.7,False,0.0,True,2.733333333333333,False,0.0,False,0.0,False,0.0,False,0.0,False,0.0,3-5人気,5-10倍
202406050902,2024,2.0,1.0,5.0,3.1,1.8,23.1,False,0.0,False,0.0,False,0.0,False,0.0,False,0.0,False,0.0,False,0.0,1-2人気,2-5倍
202406050903,2024,1.0,4.0,3.0,1.6,9.4,7.6,True,1.6,True,0.5333333333333333,False,0.0,False,0.0,False,0.0,False,0.0,False,0.0,1-2人気,1-2倍
202406050904,2024,3.0,4.0,1.0,6.8,7.0,3.2,False,0.0,False,0.0,False,0.0,False,0.0,False,0.0,False,0.0,False,0.0,3-5人気,5-10倍
202406050905,2024,3.0,11.0,2.0,4.5,72.1,4.3,False,0.0,True,1.5,False,0.0,False,0.0,False,0.0,False,0.0,False,0.0,3-5人気,2-5倍
202406050906,2024,1.0,9.0,8.0,2.0,63.2,59.3,False,0.0,False,0.0,False,0.0,False,0.0,False,0.0,False,0.0,False,0.0,1-2人気,1-2倍
202406050907,2024,4.0,6.0,2.0,7.1,15.5,4.3,False,0.0,False,0.0,False,0.0,False,0.0,False,0.0,False,0.0,False,0.0,3-5人気,5-10倍
202406050908,2024,4.0,1.0,10.0,7.5,4.1,48.3,False,0.0,False,0.0,False,0.0,False,0.0,False,0.0,False,0.0,False,0.0,3-5人気,5-10倍
202406050909,2024,1.0,5.0,3.0,2.8,20.1,4.3,False,0.0,False,0.0,False,0.0,False,0.0,False,0.0,False,0.0,False,0.0,1-2人気,2-5倍
202406050910,2024,5.0,11.0,6.0,9.6,63.8,14.6,False,0.0,True,3.1999999999999997,False,0.0,False,0.0,False,0.0,False,0.0,False,0.0,3-5人気,5-10倍
202406050911,2024,3.0,5.0,7.0,7.6,18.2,23.5,False,0.0,False,0.0,False,0.0,False,0.0,False,0.0,False,0.0,False,0.0,3-5人気,5-10倍
202406050912,2024,8.0,3.0,7.0,16.0,6.8,15.3,False,0.0,True,5.333333333333333,False,0.0,False,0.0,False,0.0,False,0.0,False,0.0,6-10人気,10-20倍
202407010101,2024,1.0,7.0,10.0,2.7,29.4,85.3,False,0.0,True,0.9,False,0.0,False,0.0,False,0.0,False,0.0,False,0.0,1-2人気,2-5倍
202407010102,2024,6.0,7.0,13.0,16.8,26.0,81.9,False,0.0,False,0.0,False,0.0,False,0.0,False,0.0,False,0.0,False,0.0,6-10人気,10-20倍
202407010103,2024,3.0,5.0,9.0,4.6,14.3,26.1,False,0.0,False,0.0,False,0.0,False,0.0,False,0.0,False,0.0,False,0.0,3-5人気,2-5倍
202407010104,2024,1.0,2.0,9.0,1.7,3.5,74.5,True,1.7,True,0.5666666666666667,True,1.7333333333333334,False,0.0,False,0.0,False,0.0,False,0.0,1-2人気,1-2倍
202407010105,2024,4.0,3.0,7.0,6.6,6.2,20.0,False,0.0,False,0.0,False,0.0,False,0.0,False,0.0,False,0.0,False,0.0,3-5人気,5-10倍
202407010106,2024,3.0,1.0,7.0,5.4,2.0,32.1,False,0.0,False,0.0,False,0.0,False,0.0,False,0.0,False,0.0,False,0.0,3-5人気,5-10倍
202407010107,2024,2.0,3.0,1.0,4.5,5.2,1.5,False,0.0,False,0.0,False,0.0,False,0.0,False,0.0,False,0.0,False,0.0,1-2人気,2-5倍
202407010108,2024,1.0,3.0,2.0,1.5,6.5,3.9,False,0.0,True,0.5,True,2.6666666666666665,False,0.0,False,0.0,False,0.0,False,0.0,1-2人気,1-2倍
202407010109,2024,1.0,6.0,2.0,3.5,10.8,6.1,False,0.0,False,0.0,False,0.0,False,0.0,False,0.0,False,0.0,False,0.0,1-2人気,2-5倍
202407010110,2024,1.0,4.0,3.0,3.2,4.9,4.2,True,3.2,True,1.0666666666666667,False,0.0,False,0.0,False,0.0,False,0.0,False,0.0,1-2人気,2-5倍
202407010111,2024,2.0,4.0,3.0,4.9,9.5,6.9,False,0.0,False,0.0,False,0.0,False,0.0,False,0.0,False,0.0,False,0.0,1-2人気,2-5倍
202407010112,2024,2.0,1.0,5.0,6.2,3.8,9.0,False,0.0,False,0.0,False,0.0,False,0.0,False,0.0,False,0.0,False,0.0,1-2人気,5-10倍
202407010201,2024,3.0,2.0,8.0,5.2,5.0,32.0,False,0.0,False,0.0,False,0.0,False,0.0,False,0.0,False,0.0,False,0.0,3-5人気,5-10倍
202407010202,2024,4.0,1.0,7.0,6.4,2.4,22.5,False,0.0,False,0.0,False,0.0,False,0.0,False,0.0,False,0.0,False,0.0,3-5人気,5-10倍
202407010203,2024,2.0,3.0,13.0,3.9,5.0,123.9,False,0.0,False,0.0,False,0.0,False,0.0,False,0.0,False,0.0,False,0.0,1-2人気,2-5倍
202407010204,2024,2.0,7.0,1.0,3.3,33.3,2.5,False,0.0,True,1.0999999999999999,False,0.0,False,0.0,False,0.0,False,0.0,False,0.0,1-2人気,2-5倍
202407010205,2024,6.0,3.0,2.0,42.3,9.3,3.3,False,0.0,False,0.0,False,0.0,False,0.0,False,0.0,False,0.0,False,0.0,6-10人気,20-50倍
202407010206,2024,1.0,7.0,2.0,1.7,21.7,6.5,False,0.0,True,0.5666666666666667,False,0.0,False,0.0,False,0.0,False,0.0,False,0.0,1-2人気,1-2倍
202407010207,2024,1.0,3.0,6.0,1.7,6.7,14.8,False,0.0,True,0.5666666666666667,False,0.0,False,0.0,False,0.0,False,0.0,False,0.0,1-2人気,1-2倍
202407010208,2024,1.0,2.0,3.0,1.7,3.3,5.6,True,1.7,True,0.5666666666666667,True,1.6666666666666667,False,0.0,False,0.0,True,1.0471999999999997,False,0.0,1-2人気,1-2倍
202407010209,2024,1.0,4.0,2.0,3.6,5.6,4.5,True,3.6,True,1.2,False,0.0,False,0.0,False,0.0,False,0.0,False,0.0,1-2人気,2-5倍
202407010210,2024,1.0,3.0,4.0,2.8,4.2,5.1,False,0.0,False,0.0,False,0.0,False,0.0,False,0.0,False,0.0,False,0.0,1-2人気,2-5倍
202407010211,2024,1.0,2.0,3.0,1.9,2.7,10.2,False,0.0,True,0.6333333333333333,True,1.5333333333333332,True,0.513,False,0.0,False,0.0,False,0.0,1-2人気,1-2倍
202407010212,2024,1.0,6.0,3.0,3.6,19.4,3.8,True,3.6,True,1.2,False,0.0,False,0.0,False,0.0,False,0.0,False,0.0,1-2人気,2-5倍
202407010301,2024,4.0,2.0,5.0,7.8,2.9,15.5,False,0.0,False,0.0,False,0.0,False,0.0,False,0.0,False,0.0,False,0.0,3-5人気,5-10倍
202407010302,2024,8.0,4.0,2.0,52.3,8.1,4.2,False,0.0,False,0.0,False,0.0,False,0.0,False,0.0,False,0.0,False,0.0,6-10人気,50倍以上
202407010303,2024,1.0,2.0,14.0,2.2,4.7,383.6,True,2.2,True,0.7333333333333334,True,2.3000000000000003,True,1.0340000000000003,True,2.0680000000000005,False,0.0,False,0.0,1-2人気,2-5倍
202407010304,2024,2.0,5.0,10.0,4.5,12.1,47.6,False,0.0,False,0.0,False,0.0,False,0.0,False,0.0,False,0.0,False,0.0,1-2人気,2-5倍
202407010305,2024,3.0,5.0,1.0,6.9,21.5,1.6,False,0.0,True,2.3000000000000003,False,0.0,False,0.0,False,0.0,False,0.0,False,0.0,3-5人気,5-10倍
202407010306,2024,1.0,2.0,4.0,1.5,4.7,10.2,True,1.5,True,0.5,True,2.066666666666667,False,0.0,False,0.0,True,2.397,False,0.0,1-2人気,1-2倍
202407010307,2024,1.0,3.0,2.0,1.4,10.8,2.5,True,1.4,True,0.4666666666666666,True,4.066666666666667,False,0.0,False,0.0,True,1.26,False,0.0,1-2人気,1-2倍
202407010308,2024,2.0,1.0,4.0,3.1,2.9,8.8,False,0.0,False,0.0,False,0.0,False,0.0,False,0.0,False,0.0,False,0.0,1-2人気,2-5倍
202407010309,2024,3.0,10.0,4.0,4.8,25.8,7.7,False,0.0,True,1.5999999999999999,False,0.0,False,0.0,False,0.0,False,0.0,False,0.0,3-5人気,2-5倍
202407010310,2024,1.0,2.0,3.0,2.6,3.6,4.8,False,0.0,False,0.0,False,0.0,False,0.0,False,0.0,False,0.0,False,0.0,1-2人気,2-5倍
202407010311,2024,2.0,5.0,11.0,5.2,12.3,50.5,False,0.0,False,0.0,False,0.0,False,0.0,False,0.0,False,0.0,False,0.0,1-2人気,5-10倍
202407010312,2024,1.0,5.0,3.0,1.8,13.1,7.9,True,1.8,True,0.6,True,4.966666666666667,True,2.3579999999999997,True,4.715999999999999,False,0.0,False,0.0,1-2人気,1-2倍
202407010401,2024,2.0,3.0,15.0,2.5,7.3,203.2,False,0.0,True,0.8333333333333334,False,0.0,False,0.0,False,0.0,False,0.0,False,0.0,1-2人気,2-5倍
202407010402,2024,2.0,15.0,4.0,4.1,200.9,10.4,False,0.0,False,0.0,False,0.0,False,0.0,False,0.0,False,0.0,False,0.0,1-2人気,2-5倍
202407010403,2024,1.0,4.0,7.0,2.3,10.1,19.0,True,2.3,True,0.7666666666666666,False,0.0,False,0.0,False,0.0,False,0.0,False,0.0,1-2人気,2-5倍
202407010404,2024,1.0,2.0,12.0,2.7,4.5,127.3,True,2.7,True,0.9,False,0.0,False,0.0,False,0.0,False,0.0,False,0.0,1-2人気,2-5倍
202407010405,2024,5.0,4.0,10.0,8.6,6.7,58.2,False,0.0,False,0.0,False,0.0,False,0.0,False,0.0,False,0.0,False,0.0,3-5人気,5-10倍
202407010406,2024,6.0,1.0,3.0,13.2,2.3,5.7,True,13.2,True,4.3999999999999995,False,0.0,False,0.0,False,0.0,False,0.0,False,0.0,6-10人気,10-20倍
202407010407,2024,1.0,2.0,8.0,2.3,3.9,29.6,False,0.0,True,0.7666666666666666,False,0.0,False,0.0,False,0.0,False,0.0,False,0.0,1-2人気,2-5倍
202407010408,2024,6.0,2.0,1.0,11.4,3.0,3.0,False,0.0,True,3.8000000000000003,False,0.0,False,0.0,False,0.0,False,0.0,False,0.0,6-10人気,10-20倍
202407010409,2024,5.0,3.0,2.0,9.1,4.5,3.4,False,0.0,False,0.0,False,0.0,False,0.0,False,0.0,False,0.0,False,0.0,3-5人気,5-10倍
202407010410,2024,2.0,5.0,4.0,3.9,10.0,6.9,False,0.0,False,0.0,False,0.0,False,0.0,False,0.0,False,0.0,False,0.0,1-2人気,2-5倍
202407010411,2024,1.0,2.0,3.0,1.6,5.3,10.0,False,0.0,True,0.5333333333333333,True,2.3000000000000003,False,0.0,False,0.0,False,0.0,False,0.0,1-2人気,1-2倍
202407010412,2024,2.0,1.0,7.0,3.7,3.0,22.6,True,3.7,True,1.2333333333333334,True,2.2333333333333334,True,1.11,True,2.22,False,0.0,False,0.0,1-2人気,2-5倍
202407010501,2024,9.0,7.0,4.0,61.2,8.8,5.6,False,0.0,False,0.0,False,0.0,False,0.0,False,0.0,False,0.0,False,0.0,6-10人気,50倍以上
202407010502,2024,1.0,3.0,9.0,2.6,5.8,40.6,False,0.0,False,0.0,False,0.0,False,0.0,False,0.0,False,0.0,False,0.0,1-2人気,2-5倍
202407010503,2024,2.0,3.0,1.0,3.8,4.1,3.1,False,0.0,False,0.0,False,0.0,False,0.0,False,0.0,False,0.0,False,0.0,1-2人気,2-5倍
202407010504,2024,1.0,12.0,13.0,3.2,141.2,193.2,False,0.0,False,0.0,False,0.0,False,0.0,False,0.0,False,0.0,False,0.0,1-2人気,2-5倍
202407010505,2024,1.0,12.0,2.0,2.8,96.6,5.1,False,0.0,True,0.9333333333333332,False,0.0,False,0.0,False,0.0,False,0.0,False,0.0,1-2人気,2-5倍
202407010506,2024,4.0,1.0,2.0,6.9,2.4,5.3,False,0.0,False,0.0,False,0.0,False,0.0,False,0.0,False,0.0,False,0.0,3-5人気,5-10倍
202407010507,2024,9.0,10.0,1.0,13.7,19.0,4.2,False,0.0,False,0.0,False,0.0,False,0.0,False,0.0,False,0.0,False,0.0,6-10人気,10-20倍
202407010508,2024,1.0,4.0,7.0,1.9,10.1,13.9,True,1.9,True,0.6333333333333333,False,0.0,False,0.0,False,0.0,False,0.0,False,0.0,1-2人気,1-2倍
202407010509,2024,4.0,1.0,2.0,10.5,2.0,2.9,False,0.0,True,3.5,True,4.166666666666667,False,0.0,False,0.0,True,2.03,False,0.0,3-5人気,10-20倍
202407010510,2024,5.0,8.0,4.0,12.2,14.4,5.4,False,0.0,False,0.0,False,0.0,False,0.0,False,0.0,False,0.0,False,0.0,3-5人気,10-20倍
202407010511,2024,1.0,2.0,3.0,3.0,5.5,5.8,False,0.0,True,1.0,True,2.8333333333333335,False,0.0,False,0.0,False,0.0,False,0.0,1-2人気,2-5倍
202407010512,2024,1.0,3.0,2.0,2.2,6.8,4.4,False,0.0,True,0.7333333333333334,True,3.0,False,0.0,False,0.0,False,0.0,False,0.0,1-2人気,2-5倍
202407010601,2024,1.0,6.0,4.0,1.3,23.1,13.0,True,1.3,True,0.43333333333333335,False,0.0,False,0.0,False,0.0,False,0.0,False,0.0,1-2人気,1-2倍
202407010602,2024,1.0,6.0,2.0,3.6,10.6,4.5,False,0.0,False,0.0,False,0.0,False,0.0,False,0.0,False,0.0,False,0.0,1-2人気,2-5倍
202407010603,2024,1.0,4.0,3.0,1.6,10.8,7.0,False,0.0,False,0.0,False,0.0,False,0.0,False,0.0,False,0.0,False,0.0,1-2人気,1-2倍
202407010604,2024,1.0,9.0,2.0,1.7,45.5,6.2,True,1.7,True,0.5666666666666667,False,0.0,False,0.0,False,0.0,False,0.0,False,0.0,1-2人気,1-2倍
202407010605,2024,2.0,8.0,1.0,4.1,21.3,2.9,False,0.0,False,0.0,False,0.0,False,0.0,False,0.0,False,0.0,False,0.0,1-2人気,2-5倍
202407010606,2024,1.0,4.0,2.0,1.9,7.7,5.7,True,1.9,True,0.6333333333333333,True,3.1999999999999997,False,0.0,False,0.0,False,0.0,False,0.0,1-2人気,1-2倍
202407010607,2024,1.0,4.0,2.0,1.9,7.8,3.5,True,1.9,True,0.6333333333333333,False,0.0,False,0.0,False,0.0,False,0.0,False,0.0,1-2人気,1-2倍
202407010608,2024,1.0,4.0,2.0,3.3,6.2,4.9,False,0.0,True,1.0999999999999999,False,0.0,False,0.0,False,0.0,False,0.0,False,0.0,1-2人気,2-5倍
202407010609,2024,5.0,8.0,1.0,10.4,22.3,3.4,False,0.0,False,0.0,False,0.0,False,0.0,False,0.0,False,0.0,False,0.0,3-5人気,10-20倍
202407010610,2024,3.0,4.0,1.0,5.7,6.5,4.1,True,5.7,True,1.9000000000000001,False,0.0,False,0.0,False,0.0,False,0.0,False,0.0,3-5人気,5-10倍
202407010611,2024,3.0,4.0,2.0,8.0,8.4,5.4,False,0.0,False,0.0,False,0.0,False,0.0,False,0.0,False,0.0,False,0.0,3-5人気,5-10倍
202407010612,2024,4.0,1.0,6.0,11.4,2.6,14.9,False,0.0,False,0.0,False,0.0,False,0.0,False,0.0,False,0.0,False,0.0,3-5人気,10-20倍
202407020101,2024,6.0,4.0,1.0,8.9,6.8,3.2,False,0.0,True,2.966666666666667,False,0.0,False,0.0,False,0.0,False,0.0,False,0.0,6-10人気,5-10倍
202407020102,2024,2.0,1.0,4.0,5.2,1.7,11.4,False,0.0,False,0.0,False,0.0,False,0.0,False,0.0,False,0.0,False,0.0,1-2人気,5-10倍
202407020103,2024,2.0,3.0,5.0,4.5,4.5,12.5,False,0.0,True,1.5,True,3.0,False,0.0,False,0.0,False,0.0,False,0.0,1-2人気,2-5倍
202407020104,2024,1.0,3.0,2.0,1.6,5.0,3.5,False,0.0,True,0.5333333333333333,True,2.1999999999999997,False,0.0,False,0.0,True,0.9333333333333333,False,0.0,1-2人気,1-2倍
202407020105,2024,8.0,6.0,5.0,13.8,12.5,10.1,False,0.0,False,0.0,False,0.0,False,0.0,False,0.0,False,0.0,False,0.0,6-10人気,10-20倍
202407020106,2024,4.0,2.0,1.0,6.9,3.9,2.7,True,6.9,True,2.3000000000000003,False,0.0,False,0.0,False,0.0,False,0.0,False,0.0,3-5人気,5-10倍
202407020107,2024,3.0,4.0,17.0,4.6,9.3,422.4,False,0.0,True,1.5333333333333332,False,0.0,False,0.0,False,0.0,False,0.0,False,0.0,3-5人気,2-5倍
202407020108,2024,1.0,7.0,8.0,2.9,20.6,31.6,False,0.0,False,0.0,False,0.0,False,0.0,False,0.0,False,0.0,False,0.0,1-2人気,2-5倍
202407020109,2024,1.0,2.0,3.0,2.3,3.8,5.1,False,0.0,False,0.0,False,0.0,False,0.0,False,0.0,False,0.0,False,0.0,1-2人気,2-5倍
202407020110,2024,2.0,1.0,3.0,5.7,3.0,6.3,True,5.7,True,1.9000000000000001,False,0.0,False,0.0,False,0.0,False,0.0,False,0.0,1-2人気,5-10倍
202407020111,2024,2.0,3.0,1.0,3.6,3.8,2.2,False,0.0,False,0.0,False,0.0,False,0.0,False,0.0,False,0.0,False,0.0,1-2人気,2-5倍
202407020112,2024,3.0,13.0,2.0,6.9,48.0,3.5,False,0.0,True,2.3000000000000003,False,0.0,False,0.0,False,0.0,False,0.0,False,0.0,3-5人気,5-10倍
202407020201,2024,4.0,2.0,3.0,5.1,2.9,3.1,False,0.0,True,1.7,False,0.0,False,0.0,False,0.0,False,0.0,False,0.0,3-5人気,5-10倍
202407020202,2024,1.0,8.0,5.0,2.6,30.0,8.1,True,2.6,True,0.8666666666666667,False,0.0,False,0.0,False,0.0,False,0.0,False,0.0,1-2人気,2-5倍
202407020203,2024,9.0,3.0,1.0,38.3,5.3,4.0,False,0.0,False,0.0,False,0.0,False,0.0,False,0.0,False,0.0,False,0.0,6-10人気,20-50倍
202407020204,2024,3.0,6.0,4.0,5.7,28.5,6.4,False,0.0,False,0.0,False,0.0,False,0.0,False,0.0,False,0.0,False,0.0,3-5人気,5-10倍
202407020205,2024,1.0,4.0,3.0,1.2,14.7,12.7,True,1.2,True,0.39999999999999997,False,0.0,False,0.0,False,0.0,False,0.0,False,0.0,1-2人気,1-2倍
202407020206,2024,3.0,6.0,2.0,4.4,11.7,3.4,False,0.0,False,0.0,False,0.0,False,0.0,False,0.0,False,0.0,False,0.0,3-5人気,2-5倍
202407020207,2024,2.0,5.0,1.0,3.2,7.3,2.6,False,0.0,False,0.0,False,0.0,False,0.0,False,0.0,False,0.0,False,0.0,1-2人気,2-5倍
202407020208,2024,4.0,1.0,6.0,7.8,1.5,34.8,False,0.0,False,0.0,False,0.0,False,0.0,False,0.0,False,0.0,False,0.0,3-5人気,5-10倍
202407020209,2024,9.0,1.0,4.0,120.0,1.6,11.4,False,0.0,False,0.0,False,0.0,False,0.0,False,0.0,False,0.0,False,0.0,6-10人気,50倍以上
202407020210,2024,1.0,5.0,2.0,2.4,13.3,3.1,False,0.0,True,0.7999999999999999,False,0.0,False,0.0,False,0.0,False,0.0,False,0.0,1-2人気,2-5倍
202407020211,2024,2.0,1.0,3.0,4.3,4.2,4.8,False,0.0,True,1.4333333333333333,True,2.8333333333333335,False,0.0,False,0.0,False,0.0,False,0.0,1-2人気,2-5倍
202407020212,2024,2.0,6.0,3.0,4.4,7.8,5.8,True,4.4,True,1.4666666666666668,False,0.0,False,0.0,False,0.0,False,0.0,False,0.0,1-2人気,2-5倍
202407020301,2024,2.0,5.0,1.0,2.8,13.4,2.5,True,2.8,True,0.9333333333333332,False,0.0,False,0.0,False,0.0,False,0.0,False,0.0,1-2人気,2-5倍
202407020302,2024,1.0,4.0,8.0,2.0,9.3,23.4,True,2.0,True,0.6666666666666666,False,0.0,False,0.0,False,0.0,False,0.0,False,0.0,1-2人気,1-2倍
202407020303,2024,2.0,4.0,1.0,2.3,12.8,2.2,False,0.0,False,0.0,False,0.0,False,0.0,False,0.0,False,0.0,False,0.0,1-2人気,2-5倍
202407020304,2024,1.0,8.0,12.0,3.8,16.1,36.5,True,3.8,True,1.2666666666666666,False,0.0,False,0.0,False,0.0,False,0.0,False,0.0,1-2人気,2-5倍
202407020305,2024,3.0,2.0,4.0,4.3,3.1,11.4,True,4.3,True,1.4333333333333333,False,0.0,False,0.0,False,0.0,False,0.0,False,0.0,3-5人気,2-5倍
202407020306,2024,6.0,1.0,3.0,32.2,1.5,6.3,False,0.0,False,0.0,False,0.0,False,0.0,False,0.0,False,0.0,False,0.0,6-10人気,20-50倍
202407020307,2024,2.0,3.0,1.0,5.4,5.5,3.4,False,0.0,False,0.0,False,0.0,False,0.0,False,0.0,False,0.0,False,0.0,1-2人気,5-10倍
202407020308,2024,5.0,1.0,2.0,17.8,2.1,2.4,False,0.0,True,5.933333333333334,False,0.0,False,0.0,False,0.0,False,0.0,False,0.0,3-5人気,10-20倍
202407020309,2024,1.0,8.0,7.0,2.0,194.8,51.0,True,2.0,True,0.6666666666666666,False,0.0,False,0.0,False,0.0,False,0.0,False,0.0,1-2人気,1-2倍
202407020310,2024,1.0,8.0,11.0,2.5,34.2,59.4,False,0.0,True,0.8333333333333334,True,12.233333333333334,True,8.55,False,0.0,False,0.0,False,0.0,1-2人気,2-5倍
202407020311,2024,2.0,3.0,1.0,3.6,5.2,2.2,False,0.0,False,0.0,False,0.0,False,0.0,False,0.0,False,0.0,False,0.0,1-2人気,2-5倍
202407020312,2024,6.0,1.0,2.0,15.2,3.8,3.9,False,0.0,False,0.0,False,0.0,False,0.0,False,0.0,False,0.0,False,0.0,6-10人気,10-20倍
202407020401,2024,2.0,11.0,1.0,5.3,70.8,1.7,False,0.0,False,0.0,False,0.0,False,0.0,False,0.0,False,0.0,False,0.0,1-2人気,5-10倍
202407020402,2024,4.0,5.0,1.0,7.4,7.5,3.1,True,7.4,True,2.466666666666667,False,0.0,False,0.0,False,0.0,False,0.0,False,0.0,3-5人気,5-10倍
202407020403,2024,1.0,2.0,4.0,1.1,5.6,11.8,True,1.1,True,0.3666666666666667,False,0.0,False,0.0,False,0.0,False,0.0,False,0.0,1-2人気,1-2倍
202407020404,2024,1.0,3.0,2.0,3.4,6.1,3.4,False,0.0,True,1.1333333333333333,False,0.0,False,0.0,False,0.0,False,0.0,False,0.0,1-2人気,2-5倍
202407020405,2024,3.0,1.0,12.0,5.0,2.9,45.4,False,0.0,False,0.0,False,0.0,False,0.0,False,0.0,False,0.0,False,0.0,3-5人気,2-5倍
202407020406,2024,1.0,2.0,9.0,1.6,5.6,41.2,False,0.0,True,0.5333333333333333,True,2.4,False,0.0,False,0.0,False,0.0,False,0.0,1-2人気,1-2倍
202407020407,2024,7.0,9.0,8.0,23.2,54.2,27.1,False,0.0,False,0.0,False,0.0,False,0.0,False,0.0,False,0.0,False,0.0,6-10人気,20-50倍
202407020408,2024,3.0,5.0,4.0,3.9,10.7,8.0,False,0.0,False,0.0,False,0.0,False,0.0,False,0.0,False,0.0,False,0.0,3-5人気,2-5倍
202407020409,2024,5.0,8.0,7.0,13.9,35.9,27.4,False,0.0,False,0.0,False,0.0,False,0.0,False,0.0,False,0.0,False,0.0,3-5人気,10-20倍
202407020410,2024,6.0,7.0,3.0,10.9,22.7,6.0,False,0.0,False,0.0,False,0.0,False,0.0,False,0.0,False,0.0,False,0.0,6-10人気,10-20倍
202407020411,2024,4.0,9.0,3.0,6.7,16.6,6.5,False,0.0,False,0.0,False,0.0,False,0.0,False,0.0,False,0.0,False,0.0,3-5人気,5-10倍
202407020412,2024,3.0,9.0,4.0,5.4,32.2,6.4,False,0.0,True,1.8,True,12.533333333333333,False,0.0,False,0.0,False,0.0,False,0.0,3-5人気,5-10倍
202407020501,2024,2.0,1.0,6.0,2.6,2.1,15.9,False,0.0,False,0.0,False,0.0,False,0.0,False,0.0,False,0.0,False,0.0,1-2人気,2-5倍
202407020502,2024,9.0,1.0,13.0,102.4,2.1,194.0,False,0.0,False,0.0,False,0.0,False,0.0,False,0.0,False,0.0,False,0.0,6-10人気,50倍以上
202407020503,2024,3.0,2.0,14.0,6.5,3.0,316.9,False,0.0,False,0.0,False,0.0,False,0.0,False,0.0,False,0.0,False,0.0,3-5人気,5-10倍
202407020504,2024,1.0,2.0,4.0,1.8,2.6,7.6,True,1.8,True,0.6,False,0.0,False,0.0,False,0.0,False,0.0,False,0.0,1-2人気,1-2倍
202407020505,2024,3.0,1.0,5.0,4.9,4.4,6.2,False,0.0,False,0.0,False,0.0,False,0.0,False,0.0,False,0.0,False,0.0,3-5人気,2-5倍
202407020506,2024,3.0,4.0,12.0,5.6,6.9,117.3,False,0.0,False,0.0,False,0.0,False,0.0,False,0.0,False,0.0,False,0.0,3-5人気,5-10倍
202407020507,2024,3.0,4.0,2.0,3.6,12.6,3.3,False,0.0,True,1.2,False,0.0,False,0.0,False,0.0,False,0.0,False,0.0,3-5人気,2-5倍
202407020508,2024,3.0,5.0,7.0,5.6,9.9,13.7,False,0.0,True,1.8666666666666665,False,0.0,False,0.0,False,0.0,False,0.0,False,0.0,3-5人気,5-10倍
202407020509,2024,2.0,3.0,5.0,5.3,5.3,9.3,False,0.0,False,0.0,False,0.0,False,0.0,False,0.0,False,0.0,False,0.0,1-2人気,5-10倍
202407020510,2024,1.0,3.0,7.0,2.6,7.7,13.8,False,0.0,False,0.0,False,0.0,False,0.0,False,0.0,False,0.0,False,0.0,1-2人気,2-5倍
202407020511,2024,3.0,1.0,4.0,6.0,4.1,7.8,False,0.0,False,0.0,False,0.0,False,0.0,False,0.0,False,0.0,False,0.0,3-5人気,5-10倍
202407020512,2024,7.0,13.0,9.0,14.0,66.0,16.5,False,0.0,False,0.0,False,0.0,False,0.0,False,0.0,False,0.0,False,0.0,6-10人気,10-20倍
202407020601,2024,4.0,2.0,1.0,6.6,3.5,3.1,False,0.0,True,2.1999999999999997,True,3.3666666666666667,False,0.0,False,0.0,True,2.387,False,0.0,3-5人気,5-10倍
202407020602,2024,5.0,2.0,8.0,15.0,5.1,17.4,False,0.0,True,5.0,True,6.7,False,0.0,False,0.0,False,0.0,False,0.0,3-5人気,10-20倍
202407020603,2024,1.0,11.0,4.0,2.1,57.4,10.9,False,0.0,False,0.0,False,0.0,False,0.0,False,0.0,False,0.0,False,0.0,1-2人気,2-5倍
202407020604,2024,3.0,2.0,7.0,3.7,3.7,38.0,False,0.0,True,1.2333333333333334,True,2.466666666666667,False,0.0,False,0.0,False,0.0,False,0.0,3-5人気,2-5倍
202407020605,2024,3.0,4.0,2.0,3.9,7.9,3.8,False,0.0,True,1.3,False,0.0,False,0.0,False,0.0,False,0.0,False,0.0,3-5人気,2-5倍
202407020606,2024,3.0,4.0,9.0,6.4,7.6,28.0,False,0.0,False,0.0,False,0.0,False,0.0,False,0.0,False,0.0,False,0.0,3-5人気,5-10倍
202407020607,2024,6.0,1.0,8.0,16.0,2.8,18.8,False,0.0,False,0.0,False,0.0,False,0.0,False,0.0,False,0.0,False,0.0,6-10人気,10-20倍
202407020608,2024,1.0,7.0,8.0,3.5,17.0,31.9,False,0.0,True,1.1666666666666667,False,0.0,False,0.0,False,0.0,False,0.0,False,0.0,1-2人気,2-5倍
202407020609,2024,2.0,12.0,1.0,3.5,64.1,1.9,False,0.0,False,0.0,False,0.0,False,0.0,False,0.0,False,0.0,False,0.0,1-2人気,2-5倍
202407020610,2024,1.0,5.0,2.0,1.8,13.7,3.7,False,0.0,False,0.0,False,0.0,False,0.0,False,0.0,False,0.0,False,0.0,1-2人気,1-2倍
202407020611,2024,1.0,2.0,3.0,2.3,5.1,6.5,False,0.0,False,0.0,False,0.0,False,0.0,False,0.0,False,0.0,False,0.0,1-2人気,2-5倍
202407020612,2024,1.0,10.0,7.0,1.6,64.3,41.7,True,1.6,True,0.5333333333333333,False,0.0,False,0.0,False,0.0,False,0.0,False,0.0,1-2人気,1-2倍
202407020701,2024,1.0,2.0,5.0,2.2,4.6,9.3,False,0.0,True,0.7333333333333334,False,0.0,False,0.0,False,0.0,False,0.0,False,0.0,1-2人気,2-5倍
202407020702,2024,2.0,1.0,5.0,3.8,1.4,15.7,False,0.0,True,1.2666666666666666,True,1.7333333333333332,True,0.5319999999999999,False,0.0,False,0.0,False,0.0,1-2人気,2-5倍
202407020703,2024,11.0,9.0,4.0,58.3,26.1,8.2,False,0.0,False,0.0,False,0.0,False,0.0,False,0.0,False,0.0,False,0.0,11人気以下,50倍以上
202407020704,2024,3.0,2.0,1.0,5.0,4.9,3.4,False,0.0,False,0.0,False,0.0,False,0.0,False,0.0,False,0.0,False,0.0,3-5人気,2-5倍
202407020705,2024,5.0,2.0,6.0,7.6,4.0,9.9,False,0.0,False,0.0,False,0.0,False,0.0,False,0.0,False,0.0,False,0.0,3-5人気,5-10倍
202407020706,2024,2.0,3.0,1.0,4.5,5.3,3.5,False,0.0,False,0.0,False,0.0,False,0.0,False,0.0,False,0.0,False,0.0,1-2人気,2-5倍
202407020707,2024,1.0,7.0,4.0,2.4,11.6,7.7,False,0.0,False,0.0,False,0.0,False,0.0,False,0.0,False,0.0,False,0.0,1-2人気,2-5倍
202407020708,2024,1.0,4.0,7.0,1.7,20.2,29.1,True,1.7,True,0.5666666666666667,True,7.3,True,3.4339999999999997,True,6.867999999999999,True,33.3098,True,99.9294,1-2人気,1-2倍
202407020709,2024,4.0,3.0,2.0,5.0,4.1,3.1,True,5.0,True,1.6666666666666667,False,0.0,False,0.0,False,0.0,False,0.0,False,0.0,3-5人気,2-5倍
202407020710,2024,3.0,5.0,6.0,5.7,6.8,15.9,False,0.0,False,0.0,False,0.0,False,0.0,False,0.0,False,0.0,False,0.0,3-5人気,5-10倍
202407020711,2024,1.0,2.0,7.0,2.6,6.4,19.7,False,0.0,True,0.8666666666666667,False,0.0,False,0.0,False,0.0,False,0.0,False,0.0,1-2人気,2-5倍
202407020712,2024,4.0,3.0,10.0,5.2,5.0,77.1,False,0.0,True,1.7333333333333334,False,0.0,False,0.0,False,0.0,False,0.0,False,0.0,3-5人気,5-10倍
202407020801,2024,3.0,9.0,1.0,5.4,47.3,2.7,False,0.0,False,0.0,False,0.0,False,0.0,False,0.0,False,0.0,False,0.0,3-5人気,5-10倍
202407020802,2024,3.0,9.0,1.0,6.7,15.5,4.4,False,0.0,True,2.2333333333333334,False,0.0,False,0.0,False,0.0,False,0.0,False,0.0,3-5人気,5-10倍
202407020803,2024,2.0,6.0,3.0,3.8,12.6,4.3,True,3.8,True,1.2666666666666666,True,5.466666666666666,False,0.0,False,0.0,True,6.862799999999999,False,0.0,1-2人気,2-5倍
202407020804,2024,8.0,2.0,3.0,22.9,4.4,4.4,False,0.0,False,0.0,False,0.0,False,0.0,False,0.0,False,0.0,False,0.0,6-10人気,20-50倍
202407020805,2024,6.0,1.0,2.0,13.4,2.2,4.8,False,0.0,False,0.0,False,0.0,False,0.0,False,0.0,False,0.0,False,0.0,6-10人気,10-20倍
202407020806,2024,1.0,6.0,3.0,3.9,10.8,7.0,False,0.0,True,1.3,True,4.9,True,4.212000000000001,False,0.0,False,0.0,False,0.0,1-2人気,2-5倍
202407020807,2024,3.0,7.0,1.0,5.8,14.5,2.8,False,0.0,False,0.0,False,0.0,False,0.0,False,0.0,False,0.0,False,0.0,3-5人気,5-10倍
202407020808,2024,4.0,1.0,2.0,11.3,2.7,3.0,False,0.0,True,3.766666666666667,True,4.666666666666667,False,0.0,False,0.0,False,0.0,False,0.0,3-5人気,10-20倍
202407020809,2024,2.0,3.0,1.0,3.3,4.2,2.2,False,0.0,True,1.0999999999999999,True,2.5,False,0.0,False,0.0,True,1.0164,False,0.0,1-2人気,2-5倍
202407020810,2024,2.0,8.0,11.0,4.3,24.1,38.7,False,0.0,True,1.4333333333333333,False,0.0,False,0.0,False,0.0,False,0.0,False,0.0,1-2人気,2-5倍
202407020811,2024,4.0,3.0,5.0,5.9,4.8,9.2,False,0.0,False,0.0,False,0.0,False,0.0,False,0.0,False,0.0,False,0.0,3-5人気,5-10倍
202407020812,2024,1.0,5.0,6.0,2.4,12.1,16.7,True,2.4,True,0.7999999999999999,False,0.0,False,0.0,False,0.0,False,0.0,False,0.0,1-2人気,2-5倍
202407030101,2024,1.0,3.0,4.0,2.4,5.1,11.5,True,2.4,True,0.7999999999999999,False,0.0,False,0.0,False,0.0,False,0.0,False,0.0,1-2人気,2-5倍
202407030102,2024,2.0,3.0,1.0,5.0,14.1,1.1,False,0.0,True,1.6666666666666667,False,0.0,False,0.0,False,0.0,False,0.0,False,0.0,1-2人気,2-5倍
202407030103,2024,1.0,2.0,3.0,1.3,2.7,9.5,False,0.0,True,0.43333333333333335,True,1.3333333333333333,True,0.35100000000000003,False,0.0,True,1.1115,False,0.0,1-2人気,1-2倍
202407030104,2024,2.0,6.0,3.0,4.8,26.8,5.0,False,0.0,False,0.0,False,0.0,False,0.0,False,0.0,False,0.0,False,0.0,1-2人気,2-5倍
202407030105,2024,2.0,5.0,1.0,3.8,13.2,1.9,False,0.0,True,1.2666666666666666,True,5.666666666666667,False,0.0,False,0.0,True,3.1767999999999996,False,0.0,1-2人気,2-5倍
202407030106,2024,2.0,1.0,4.0,4.5,1.5,13.7,False,0.0,True,1.5,False,0.0,False,0.0,False,0.0,False,0.0,False,0.0,1-2人気,2-5倍
202407030107,2024,3.0,1.0,2.0,5.1,2.0,2.6,False,0.0,True,1.7,False,0.0,False,0.0,False,0.0,False,0.0,False,0.0,3-5人気,5-10倍
202407030108,2024,1.0,2.0,3.0,3.3,4.8,7.1,False,0.0,True,1.0999999999999999,True,2.6999999999999997,False,0.0,False,0.0,False,0.0,False,0.0,1-2人気,2-5倍
202407030109,2024,3.0,1.0,2.0,3.5,2.1,3.2,True,3.5,True,1.1666666666666667,False,0.0,False,0.0,False,0.0,False,0.0,False,0.0,3-5人気,2-5倍
202407030110,2024,3.0,5.0,6.0,6.3,7.3,8.4,False,0.0,False,0.0,False,0.0,False,0.0,False,0.0,False,0.0,False,0.0,3-5人気,5-10倍
202407030111,2024,1.0,2.0,3.0,1.2,7.4,12.2,True,1.2,True,0.39999999999999997,True,2.8666666666666667,False,0.0,False,0.0,False,0.0,False,0.0,1-2人気,1-2倍
202407030112,2024,2.0,6.0,1.0,5.3,38.9,1.6,False,0.0,False,0.0,False,0.0,False,0.0,False,0.0,False,0.0,False,0.0,1-2人気,5-10倍
202407030201,2024,2.0,4.0,1.0,3.5,8.1,1.7,False,0.0,False,0.0,False,0.0,False,0.0,False,0.0,False,0.0,False,0.0,1-2人気,2-5倍
202407030202,2024,1.0,5.0,2.0,2.1,9.3,3.8,False,0.0,False,0.0,False,0.0,False,0.0,False,0.0,False,0.0,False,0.0,1-2人気,2-5倍
202407030203,2024,2.0,1.0,4.0,5.0,1.2,14.1,True,5.0,True,1.6666666666666667,True,2.066666666666667,False,0.0,False,0.0,True,2.82,False,0.0,1-2人気,2-5倍
202407030204,2024,1.0,4.0,5.0,1.6,6.9,10.6,True,1.6,True,0.5333333333333333,True,2.8333333333333335,False,0.0,False,0.0,False,0.0,False,0.0,1-2人気,1-2倍
202407030205,2024,4.0,1.0,6.0,7.4,2.2,23.2,False,0.0,False,0.0,False,0.0,False,0.0,False,0.0,False,0.0,False,0.0,3-5人気,5-10倍
202407030206,2024,1.0,2.0,3.0,1.1,8.8,13.4,True,1.1,True,0.3666666666666667,True,3.3000000000000003,True,0.9680000000000002,True,1.9360000000000004,False,0.0,False,0.0,1-2人気,1-2倍
202407030207,2024,5.0,3.0,4.0,12.4,8.2,8.5,False,0.0,True,4.133333333333334,False,0.0,False,0.0,False,0.0,False,0.0,False,0.0,3-5人気,10-20倍
202407030208,2024,1.0,2.0,7.0,2.2,3.6,35.1,True,2.2,True,0.7333333333333334,False,0.0,False,0.0,False,0.0,False,0.0,False,0.0,1-2人気,2-5倍
202407030209,2024,4.0,5.0,7.0,11.1,12.5,41.4,False,0.0,True,3.6999999999999997,False,0.0,False,0.0,False,0.0,False,0.0,False,0.0,3-5人気,10-20倍
202407030210,2024,3.0,1.0,12.0,4.8,4.0,45.9,True,4.8,True,1.5999999999999999,True,2.9333333333333336,True,1.92,True,3.84,False,0.0,False,0.0,3-5人気,2-5倍
202407030211,2024,8.0,2.0,12.0,11.6,6.4,54.8,False,0.0,False,0.0,False,0.0,False,0.0,False,0.0,False,0.0,False,0.0,6-10人気,10-20倍
202407030212,2024,3.0,2.0,1.0,5.3,3.8,2.5,False,0.0,False,0.0,False,0.0,False,0.0,False,0.0,False,0.0,False,0.0,3-5人気,5-10倍
202407030301,2024,1.0,4.0,2.0,2.0,8.8,2.5,True,2.0,True,0.6666666666666666,False,0.0,False,0.0,False,0.0,False,0.0,False,0.0,1-2人気,1-2倍
202407030302,2024,2.0,1.0,5.0,3.8,2.3,9.6,False,0.0,False,0.0,False,0.0,False,0.0,False,0.0,False,0.0,False,0.0,1-2人気,2-5倍
202407030303,2024,4.0,1.0,9.0,12.1,2.0,26.8,False,0.0,False,0.0,False,0.0,False,0.0,False,0.0,False,0.0,False,0.0,3-5人気,10-20倍
202407030304,2024,8.0,6.0,2.0,20.3,12.6,4.3,True,20.3,True,6.766666666666667,False,0.0,False,0.0,False,0.0,False,0.0,False,0.0,6-10人気,20-50倍
202407030305,2024,2.0,3.0,4.0,4.6,6.1,6.3,False,0.0,False,0.0,False,0.0,False,0.0,False,0.0,False,0.0,False,0.0,1-2人気,2-5倍
202407030306,2024,4.0,10.0,2.0,6.8,34.1,4.7,False,0.0,False,0.0,False,0.0,False,0.0,False,0.0,False,0.0,False,0.0,3-5人気,5-10倍
202407030307,2024,4.0,1.0,3.0,7.4,3.9,7.1,True,7.4,True,2.466666666666667,False,0.0,False,0.0,False,0.0,False,0.0,False,0.0,3-5人気,5-10倍
202407030308,2024,1.0,6.0,10.0,3.1,13.4,38.8,False,0.0,True,1.0333333333333334,False,0.0,False,0.0,False,0.0,False,0.0,False,0.0,1-2人気,2-5倍
202407030309,2024,2.0,3.0,1.0,3.1,3.6,2.7,False,0.0,True,1.0333333333333334,False,0.0,False,0.0,False,0.0,False,0.0,False,0.0,1-2人気,2-5倍
202407030310,2024,1.0,2.0,9.0,1.5,3.4,125.7,False,0.0,True,0.5,True,1.6333333333333335,True,0.51,False,0.0,False,0.0,False,0.0,1-2人気,1-2倍
202407030311,2024,3.0,2.0,1.0,5.3,5.1,3.0,True,5.3,True,1.7666666666666666,False,0.0,False,0.0,False,0.0,False,0.0,False,0.0,3-5人気,5-10倍
202407030312,2024,13.0,5.0,11.0,51.3,9.6,35.8,False,0.0,False,0.0,False,0.0,False,0.0,False,0.0,False,0.0,False,0.0,11人気以下,50倍以上
202407030401,2024,1.0,2.0,4.0,2.5,3.0,9.2,False,0.0,True,0.8333333333333334,True,1.8333333333333333,False,0.0,False,0.0,True,2.3,False,0.0,1-2人気,2-5倍
202407030402,2024,1.0,2.0,3.0,1.1,10.6,22.3,True,1.1,True,0.3666666666666667,False,0.0,False,0.0,False,0.0,False,0.0,False,0.0,1-2人気,1-2倍
202407030403,2024,5.0,1.0,6.0,10.0,2.9,18.8,False,0.0,False,0.0,False,0.0,False,0.0,False,0.0,False,0.0,False,0.0,3-5人気,5-10倍
202407030404,2024,6.0,2.0,4.0,11.3,3.2,8.2,False,0.0,True,3.766666666666667,False,0.0,False,0.0,False,0.0,False,0.0,False,0.0,6-10人気,10-20倍
202407030405,2024,4.0,2.0,1.0,10.0,5.2,1.7,False,0.0,True,3.3333333333333335,False,0.0,False,0.0,False,0.0,False,0.0,False,0.0,3-5人気,5-10倍
202407030406,2024,4.0,1.0,6.0,9.2,2.3,22.3,True,9.2,True,3.0666666666666664,True,3.8333333333333335,True,2.1159999999999997,True,4.231999999999999,False,0.0,False,0.0,3-5人気,5-10倍
202407030407,2024,4.0,6.0,11.0,9.3,19.8,104.6,False,0.0,False,0.0,False,0.0,False,0.0,False,0.0,False,0.0,False,0.0,3-5人気,5-10倍
202407030408,2024,6.0,3.0,2.0,18.1,7.1,3.0,False,0.0,False,0.0,False,0.0,False,0.0,False,0.0,False,0.0,False,0.0,6-10人気,10-20倍
202407030409,2024,3.0,1.0,4.0,5.3,1.5,15.7,False,0.0,True,1.7666666666666666,True,2.2666666666666666,False,0.0,False,0.0,False,0.0,False,0.0,3-5人気,5-10倍
202407030410,2024,2.0,3.0,4.0,4.3,4.5,8.0,False,0.0,False,0.0,False,0.0,False,0.0,False,0.0,False,0.0,False,0.0,1-2人気,2-5倍
202407030411,2024,10.0,2.0,1.0,50.5,4.9,1.7,False,0.0,False,0.0,False,0.0,False,0.0,False,0.0,False,0.0,False,0.0,6-10人気,50倍以上
202407030412,2024,3.0,5.0,2.0,4.3,6.9,4.2,False,0.0,False,0.0,False,0.0,False,0.0,False,0.0,False,0.0,False,0.0,3-5人気,2-5倍
202407030501,2024,4.0,1.0,2.0,7.5,3.1,4.0,False,0.0,False,0.0,False,0.0,False,0.0,False,0.0,False,0.0,False,0.0,3-5人気,5-10倍
202407030502,2024,1.0,4.0,3.0,2.8,7.5,4.5,False,0.0,True,0.9333333333333332,False,0.0,False,0.0,False,0.0,False,0.0,False,0.0,1-2人気,2-5倍
202407030503,2024,1.0,2.0,6.0,1.9,4.1,16.1,True,1.9,True,0.6333333333333333,False,0.0,False,0.0,False,0.0,False,0.0,False,0.0,1-2人気,1-2倍
202407030504,2024,2.0,5.0,1.0,3.9,8.3,3.5,False,0.0,True,1.3,False,0.0,False,0.0,False,0.0,False,0.0,False,0.0,1-2人気,2-5倍
202407030505,2024,4.0,3.0,1.0,9.2,7.4,2.6,False,0.0,True,3.0666666666666664,True,5.533333333333334,False,0.0,False,0.0,True,5.900266666666667,False,0.0,3-5人気,5-10倍
202407030506,2024,9.0,1.0,5.0,18.4,2.6,14.1,False,0.0,False,0.0,False,0.0,False,0.0,False,0.0,False,0.0,False,0.0,6-10人気,10-20倍
202407030507,2024,2.0,6.0,1.0,3.2,16.4,2.4,False,0.0,True,1.0666666666666667,False,0.0,False,0.0,False,0.0,False,0.0,False,0.0,1-2人気,2-5倍
202407030508,2024,4.0,1.0,6.0,8.3,3.7,12.1,False,0.0,True,2.766666666666667,True,4.0,True,3.0710000000000006,False,0.0,False,0.0,False,0.0,3-5人気,5-10倍
202407030509,2024,1.0,6.0,4.0,2.0,22.1,9.8,False,0.0,True,0.6666666666666666,False,0.0,False,0.0,False,0.0,False,0.0,False,0.0,1-2人気,1-2倍
202407030510,2024,6.0,3.0,1.0,19.2,5.2,1.9,False,0.0,True,6.3999999999999995,False,0.0,False,0.0,False,0.0,False,0.0,False,0.0,6-10人気,10-20倍
202407030511,2024,4.0,5.0,2.0,10.2,10.5,5.2,False,0.0,False,0.0,False,0.0,False,0.0,False,0.0,False,0.0,False,0.0,3-5人気,10-20倍
202407030512,2024,1.0,4.0,3.0,1.8,7.6,7.2,True,1.8,True,0.6,False,0.0,False,0.0,False,0.0,False,0.0,False,0.0,1-2人気,1-2倍
202407030601,2024,2.0,4.0,1.0,3.8,4.2,2.6,False,0.0,False,0.0,False,0.0,False,0.0,False,0.0,False,0.0,False,0.0,1-2人気,2-5倍
202407030602,2024,1.0,6.0,4.0,2.9,10.7,8.1,True,2.9,True,0.9666666666666667,False,0.0,False,0.0,False,0.0,False,0.0,False,0.0,1-2人気,2-5倍
202407030603,2024,3.0,2.0,1.0,6.6,3.6,2.2,False,0.0,False,0.0,False,0.0,False,0.0,False,0.0,False,0.0,False,0.0,3-5人気,5-10倍
202407030604,2024,4.0,10.0,2.0,7.0,40.7,3.5,False,0.0,True,2.3333333333333335,False,0.0,False,0.0,False,0.0,False,0.0,False,0.0,3-5人気,5-10倍
202407030605,2024,1.0,5.0,7.0,3.0,10.0,14.5,False,0.0,False,0.0,False,0.0,False,0.0,False,0.0,False,0.0,False,0.0,1-2人気,2-5倍
202407030606,2024,2.0,3.0,4.0,5.7,6.5,11.6,False,0.0,False,0.0,False,0.0,False,0.0,False,0.0,False,0.0,False,0.0,1-2人気,5-10倍
202407030607,2024,5.0,1.0,9.0,10.1,2.2,53.1,False,0.0,False,0.0,False,0.0,False,0.0,False,0.0,False,0.0,False,0.0,3-5人気,10-20倍
202407030608,2024,1.0,3.0,2.0,1.4,5.3,3.5,True,1.4,True,0.4666666666666666,True,2.233333333333333,False,0.0,False,0.0,True,0.8656666666666665,False,0.0,1-2人気,1-2倍
202407030609,2024,5.0,2.0,7.0,6.6,4.9,9.8,False,0.0,False,0.0,False,0.0,False,0.0,False,0.0,False,0.0,False,0.0,3-5人気,5-10倍
202407030610,2024,6.0,3.0,11.0,12.2,6.6,42.7,False,0.0,False,0.0,False,0.0,False,0.0,False,0.0,False,0.0,False,0.0,6-10人気,10-20倍
202407030611,2024,4.0,3.0,5.0,11.6,11.3,15.0,False,0.0,False,0.0,False,0.0,False,0.0,False,0.0,False,0.0,False,0.0,3-5人気,10-20倍
202407030612,2024,2.0,8.0,9.0,4.5,16.7,16.7,False,0.0,False,0.0,False,0.0,False,0.0,False,0.0,False,0.0,False,0.0,1-2人気,2-5倍
202407030701,2024,1.0,5.0,6.0,2.0,17.4,17.7,False,0.0,True,0.6666666666666666,False,0.0,False,0.0,False,0.0,False,0.0,False,0.0,1-2人気,1-2倍
202407030702,2024,1.0,2.0,5.0,1.8,5.1,10.5,True,1.8,True,0.6,False,0.0,False,0.0,False,0.0,False,0.0,False,0.0,1-2人気,1-2倍
202407030703,2024,2.0,3.0,1.0,4.0,5.0,3.2,False,0.0,False,0.0,False,0.0,False,0.0,False,0.0,False,0.0,False,0.0,1-2人気,2-5倍
202407030704,2024,1.0,5.0,3.0,1.4,13.1,10.1,True,1.4,True,0.4666666666666666,True,4.833333333333333,False,0.0,False,0.0,False,0.0,False,0.0,1-2人気,1-2倍
202407030705,2024,1.0,6.0,2.0,2.3,16.3,3.6,False,0.0,True,0.7666666666666666,False,0.0,False,0.0,False,0.0,False,0.0,False,0.0,1-2人気,2-5倍
202407030706,2024,1.0,3.0,4.0,2.1,6.3,12.4,False,0.0,True,0.7000000000000001,True,2.8000000000000003,False,0.0,False,0.0,False,0.0,False,0.0,1-2人気,2-5倍
202407030707,2024,1.0,3.0,2.0,2.5,4.1,2.8,False,0.0,True,0.8333333333333334,True,2.1999999999999997,True,1.025,False,0.0,True,0.9566666666666667,False,0.0,1-2人気,2-5倍
202407030708,2024,3.0,2.0,4.0,6.2,4.6,7.6,True,6.2,True,2.066666666666667,False,0.0,False,0.0,False,0.0,False,0.0,False,0.0,3-5人気,5-10倍
202407030709,2024,3.0,5.0,1.0,8.4,22.6,1.3,False,0.0,False,0.0,False,0.0,False,0.0,False,0.0,False,0.0,False,0.0,3-5人気,5-10倍
202407030710,2024,2.0,15.0,1.0,7.5,108.4,1.6,True,7.5,True,2.5,False,0.0,False,0.0,False,0.0,False,0.0,False,0.0,1-2人気,5-10倍
202407030711,2024,1.0,12.0,7.0,3.7,41.4,12.0,False,0.0,False,0.0,False,0.0,False,0.0,False,0.0,False,0.0,False,0.0,1-2人気,2-5倍
202407030712,2024,2.0,7.0,4.0,3.9,30.1,15.8,False,0.0,False,0.0,False,0.0,False,0.0,False,0.0,False,0.0,False,0.0,1-2人気,2-5倍
202407030801,2024,2.0,5.0,4.0,3.7,6.7,4.9,False,0.0,False,0.0,False,0.0,False,0.0,False,0.0,False,0.0,False,0.0,1-2人気,2-5倍
202407030802,2024,4.0,5.0,3.0,6.3,10.7,5.2,False,0.0,False,0.0,False,0.0,False,0.0,False,0.0,False,0.0,False,0.0,3-5人気,5-10倍
202407030803,2024,1.0,2.0,4.0,1.9,3.6,8.6,False,0.0,False,0.0,False,0.0,False,0.0,False,0.0,False,0.0,False,0.0,1-2人気,1-2倍
202407030804,2024,1.0,4.0,2.0,2.5,13.6,2.7,False,0.0,True,0.8333333333333334,True,5.366666666666667,False,0.0,False,0.0,True,3.0600000000000005,False,0.0,1-2人気,2-5倍
202407030805,2024,11.0,3.0,2.0,48.5,5.6,3.6,False,0.0,False,0.0,False,0.0,False,0.0,False,0.0,False,0.0,False,0.0,11人気以下,20-50倍
202407030806,2024,1.0,10.0,2.0,2.8,114.7,3.0,False,0.0,True,0.9333333333333332,False,0.0,False,0.0,False,0.0,False,0.0,False,0.0,1-2人気,2-5倍
202407030807,2024,1.0,6.0,2.0,1.6,17.3,4.0,True,1.6,True,0.5333333333333333,False,0.0,False,0.0,False,0.0,False,0.0,False,0.0,1-2人気,1-2倍
202407030808,2024,5.0,2.0,8.0,9.6,4.7,22.1,False,0.0,True,3.1999999999999997,False,0.0,False,0.0,False,0.0,False,0.0,False,0.0,3-5人気,5-10倍
202407030809,2024,5.0,4.0,1.0,9.7,8.5,2.7,False,0.0,False,0.0,False,0.0,False,0.0,False,0.0,False,0.0,False,0.0,3-5人気,5-10倍
202407030810,2024,5.0,9.0,2.0,8.0,25.7,3.9,False,0.0,False,0.0,False,0.0,False,0.0,False,0.0,False,0.0,False,0.0,3-5人気,5-10倍
202407030811,2024,1.0,2.0,12.0,2.8,3.8,59.6,False,0.0,True,0.9333333333333332,False,0.0,False,0.0,False,0.0,False,0.0,False,0.0,1-2人気,2-5倍
202407030812,2024,8.0,4.0,10.0,32.6,11.8,71.2,False,0.0,False,0.0,False,0.0,False,0.0,False,0.0,False,0.0,False,0.0,6-10人気,20-50倍
202407030901,2024,1.0,4.0,2.0,2.8,6.6,3.5,False,0.0,True,0.9333333333333332,False,0.0,False,0.0,False,0.0,False,0.0,False,0.0,1-2人気,2-5倍
202407030902,2024,3.0,1.0,4.0,6.0,2.0,7.2,False,0.0,True,2.0,True,2.6666666666666665,False,0.0,False,0.0,True,2.8800000000000003,False,0.0,3-5人気,5-10倍
202407030903,2024,2.0,3.0,1.0,5.4,5.5,4.5,False,0.0,False,0.0,False,0.0,False,0.0,False,0.0,False,0.0,False,0.0,1-2人気,5-10倍
202407030904,2024,2.0,4.0,3.0,3.8,5.3,4.6,False,0.0,True,1.2666666666666666,True,3.033333333333333,True,2.014,False,0.0,False,0.0,False,0.0,1-2人気,2-5倍
202407030905,2024,4.0,12.0,9.0,6.6,60.0,27.0,False,0.0,False,0.0,False,0.0,False,0.0,False,0.0,False,0.0,False,0.0,3-5人気,5-10倍
202407030906,2024,2.0,3.0,7.0,4.4,6.6,16.1,False,0.0,False,0.0,False,0.0,False,0.0,False,0.0,False,0.0,False,0.0,1-2人気,2-5倍
202407030907,2024,2.0,4.0,3.0,5.0,8.8,6.1,True,5.0,True,1.6666666666666667,False,0.0,False,0.0,False,0.0,False,0.0,False,0.0,1-2人気,2-5倍
202407030908,2024,5.0,3.0,7.0,13.4,7.1,34.7,False,0.0,False,0.0,False,0.0,False,0.0,False,0.0,False,0.0,False,0.0,3-5人気,10-20倍
202407030909,2024,1.0,2.0,6.0,3.3,3.8,8.4,False,0.0,False,0.0,False,0.0,False,0.0,False,0.0,False,0.0,False,0.0,1-2人気,2-5倍
202407030910,2024,3.0,7.0,2.0,6.0,21.1,3.5,True,6.0,True,2.0,False,0.0,False,0.0,False,0.0,False,0.0,False,0.0,3-5人気,5-10倍
202407030911,2024,4.0,1.0,3.0,8.4,3.0,7.0,False,0.0,True,2.8000000000000003,False,0.0,False,0.0,False,0.0,False,0.0,False,0.0,3-5人気,5-10倍
202407030912,2024,5.0,4.0,9.0,8.2,7.8,25.9,False,0.0,False,0.0,False,0.0,False,0.0,False,0.0,False,0.0,False,0.0,3-5人気,5-10倍
202407040101,2024,2.0,3.0,5.0,4.3,5.6,6.2,False,0.0,False,0.0,False,0.0,False,0.0,False,0.0,False,0.0,False,0.0,1-2人気,2-5倍
202407040102,2024,2.0,11.0,4.0,4.5,40.4,9.0,True,4.5,True,1.5,True,14.966666666666667,False,0.0,False,0.0,False,0.0,False,0.0,1-2人気,2-5倍
202407040103,2024,7.0,12.0,8.0,19.6,64.6,26.9,False,0.0,False,0.0,False,0.0,False,0.0,False,0.0,False,0.0,False,0.0,6-10人気,10-20倍
202407040104,2024,6.0,3.0,2.0,17.1,6.2,5.2,False,0.0,False,0.0,False,0.0,False,0.0,False,0.0,False,0.0,False,0.0,6-10人気,10-20倍
202407040105,2024,5.0,4.0,1.0,6.2,5.5,2.6,False,0.0,False,0.0,False,0.0,False,0.0,False,0.0,False,0.0,False,0.0,3-5人気,5-10倍
202407040106,2024,3.0,1.0,9.0,10.7,1.6,71.9,False,0.0,True,3.5666666666666664,True,4.1,False,0.0,False,0.0,False,0.0,False,0.0,3-5人気,10-20倍
202407040107,2024,3.0,5.0,9.0,5.8,8.5,22.7,False,0.0,True,1.9333333333333333,True,4.766666666666667,True,4.93,False,0.0,False,0.0,False,0.0,3-5人気,5-10倍
202407040108,2024,6.0,10.0,4.0,13.2,24.3,5.7,False,0.0,False,0.0,False,0.0,False,0.0,False,0.0,False,0.0,False,0.0,6-10人気,10-20倍
202407040109,2024,1.0,6.0,10.0,3.2,7.8,39.9,False,0.0,True,1.0666666666666667,True,3.6666666666666665,True,2.496,False,0.0,False,0.0,False,0.0,1-2人気,2-5倍
202407040110,2024,4.0,3.0,5.0,5.7,5.5,6.8,False,0.0,True,1.9000000000000001,False,0.0,False,0.0,False,0.0,False,0.0,False,0.0,3-5人気,5-10倍
202407040111,2024,4.0,6.0,2.0,7.3,8.2,5.6,False,0.0,False,0.0,False,0.0,False,0.0,False,0.0,False,0.0,False,0.0,3-5人気,5-10倍
202407040112,2024,2.0,4.0,5.0,4.4,6.2,17.1,False,0.0,False,0.0,False,0.0,False,0.0,False,0.0,False,0.0,False,0.0,1-2人気,2-5倍
202407040201,2024,1.0,2.0,4.0,1.4,4.5,15.4,False,0.0,True,0.4666666666666666,True,1.9666666666666668,False,0.0,False,0.0,False,0.0,False,0.0,1-2人気,1-2倍
202407040202,2024,5.0,3.0,4.0,8.3,5.5,6.0,False,0.0,False,0.0,False,0.0,False,0.0,False,0.0,False,0.0,False,0.0,3-5人気,5-10倍
202407040203,2024,1.0,7.0,3.0,1.9,51.2,5.6,False,0.0,False,0.0,False,0.0,False,0.0,False,0.0,False,0.0,False,0.0,1-2人気,1-2倍
202407040204,2024,1.0,4.0,5.0,1.7,7.1,12.8,False,0.0,True,0.5666666666666667,True,2.933333333333333,False,0.0,False,0.0,False,0.0,False,0.0,1-2人気,1-2倍
202407040205,2024,2.0,1.0,3.0,2.6,2.2,4.4,False,0.0,True,0.8666666666666667,True,1.6000000000000003,True,0.5720000000000001,False,0.0,True,0.8389333333333335,False,0.0,1-2人気,2-5倍
202407040206,2024,1.0,4.0,13.0,2.2,7.9,141.5,False,0.0,False,0.0,False,0.0,False,0.0,False,0.0,False,0.0,False,0.0,1-2人気,2-5倍
202407040207,2024,2.0,7.0,3.0,3.1,27.3,5.6,False,0.0,True,1.0333333333333334,False,0.0,False,0.0,False,0.0,False,0.0,False,0.0,1-2人気,2-5倍
202407040208,2024,4.0,5.0,1.0,5.5,8.9,3.9,False,0.0,False,0.0,False,0.0,False,0.0,False,0.0,False,0.0,False,0.0,3-5人気,5-10倍
202407040209,2024,1.0,3.0,2.0,2.2,4.9,4.5,False,0.0,False,0.0,False,0.0,False,0.0,False,0.0,False,0.0,False,0.0,1-2人気,2-5倍
202407040210,2024,4.0,6.0,1.0,6.6,17.9,2.8,False,0.0,False,0.0,False,0.0,False,0.0,False,0.0,False,0.0,False,0.0,3-5人気,5-10倍
202407040211,2024,1.0,8.0,3.0,2.2,18.3,6.8,True,2.2,True,0.7333333333333334,False,0.0,False,0.0,False,0.0,False,0.0,False,0.0,1-2人気,2-5倍
202407040212,2024,1.0,3.0,2.0,1.9,6.2,5.6,True,1.9,True,0.6333333333333333,False,0.0,False,0.0,False,0.0,False,0.0,False,0.0,1-2人気,1-2倍
202407040301,2024,2.0,1.0,3.0,8.3,1.1,37.3,False,0.0,True,2.766666666666667,True,3.1333333333333333,True,0.913,False,0.0,True,11.351633333333332,False,0.0,1-2人気,5-10倍
202407040302,2024,2.0,3.0,1.0,2.5,3.3,2.4,True,2.5,True,0.8333333333333334,True,1.9333333333333333,True,0.825,True,1.65,False,0.0,False,0.0,1-2人気,2-5倍
202407040303,2024,1.0,2.0,4.0,1.3,3.7,26.2,True,1.3,True,0.43333333333333335,True,1.6666666666666667,True,0.48100000000000004,True,0.9620000000000001,False,0.0,False,0.0,1-2人気,1-2倍
202407040304,2024,3.0,2.0,1.0,3.6,3.2,2.1,True,3.6,True,1.2,True,2.266666666666667,False,0.0,False,0.0,True,0.8064000000000001,False,0.0,3-5人気,2-5倍
202407040305,2024,9.0,5.0,4.0,26.2,8.7,8.6,False,0.0,False,0.0,False,0.0,False,0.0,False,0.0,False,0.0,False,0.0,6-10人気,20-50倍
202407040306,2024,4.0,1.0,7.0,10.6,3.0,21.3,False,0.0,False,0.0,False,0.0,False,0.0,False,0.0,False,0.0,False,0.0,3-5人気,10-20倍
202407040307,2024,4.0,7.0,5.0,8.0,14.1,8.9,False,0.0,False,0.0,False,0.0,False,0.0,False,0.0,False,0.0,False,0.0,3-5人気,5-10倍
202407040308,2024,2.0,8.0,6.0,5.0,32.1,18.8,False,0.0,True,1.6666666666666667,False,0.0,False,0.0,False,0.0,False,0.0,False,0.0,1-2人気,2-5倍
202407040309,2024,7.0,2.0,1.0,13.6,3.8,2.9,True,13.6,True,4.533333333333333,True,5.8,True,5.168,True,10.336,False,0.0,False,0.0,6-10人気,10-20倍
202407040310,2024,9.0,6.0,4.0,34.9,22.9,8.2,False,0.0,False,0.0,False,0.0,False,0.0,False,0.0,False,0.0,False,0.0,6-10人気,20-50倍
202407040311,2024,1.0,16.0,5.0,3.7,102.7,12.8,False,0.0,True,1.2333333333333334,False,0.0,False,0.0,False,0.0,False,0.0,False,0.0,1-2人気,2-5倍
202407040312,2024,1.0,4.0,14.0,3.0,8.3,51.2,False,0.0,True,1.0,False,0.0,False,0.0,False,0.0,False,0.0,False,0.0,1-2人気,2-5倍
202407040401,2024,1.0,2.0,5.0,2.0,2.4,16.0,True,2.0,True,0.6666666666666666,False,0.0,False,0.0,False,0.0,False,0.0,False,0.0,1-2人気,1-2倍
202407040402,2024,2.0,4.0,6.0,3.6,10.5,14.5,False,0.0,False,0.0,False,0.0,False,0.0,False,0.0,False,0.0,False,0.0,1-2人気,2-5倍
202407040403,2024,5.0,13.0,6.0,21.4,112.6,22.8,False,0.0,False,0.0,False,0.0,False,0.0,False,0.0,False,0.0,False,0.0,3-5人気,20-50倍
202407040404,2024,1.0,2.0,3.0,2.4,3.0,4.7,False,0.0,False,0.0,False,0.0,False,0.0,False,0.0,False,0.0,False,0.0,1-2人気,2-5倍
202407040405,2024,7.0,5.0,1.0,36.6,20.6,1.3,False,0.0,False,0.0,False,0.0,False,0.0,False,0.0,False,0.0,False,0.0,6-10人気,20-50倍
202407040406,2024,2.0,9.0,10.0,3.0,94.5,109.4,True,3.0,True,1.0,False,0.0,False,0.0,False,0.0,False,0.0,False,0.0,1-2人気,2-5倍
202407040407,2024,11.0,4.0,1.0,64.1,16.1,2.5,False,0.0,False,0.0,False,0.0,False,0.0,False,0.0,False,0.0,False,0.0,11人気以下,50倍以上
202407040408,2024,8.0,12.0,7.0,32.4,56.7,26.3,False,0.0,False,0.0,False,0.0,False,0.0,False,0.0,False,0.0,False,0.0,6-10人気,20-50倍
202407040409,2024,5.0,1.0,2.0,8.1,3.4,3.6,False,0.0,False,0.0,False,0.0,False,0.0,False,0.0,False,0.0,False,0.0,3-5人気,5-10倍
202407040410,2024,14.0,2.0,1.0,63.1,3.7,3.0,False,0.0,False,0.0,False,0.0,False,0.0,False,0.0,False,0.0,False,0.0,11人気以下,50倍以上
202407040411,2024,2.0,3.0,1.0,3.2,5.3,3.1,True,3.2,True,1.0666666666666667,True,2.8333333333333335,False,0.0,False,0.0,True,1.7525333333333335,False,0.0,1-2人気,2-5倍
202407040412,2024,1.0,11.0,9.0,2.0,79.7,62.0,False,0.0,False,0.0,False,0.0,False,0.0,False,0.0,False,0.0,False,0.0,1-2人気,1-2倍
202407040501,2024,8.0,1.0,2.0,29.2,2.5,3.3,False,0.0,True,9.733333333333333,True,10.566666666666666,True,7.3,False,0.0,True,8.03,False,0.0,6-10人気,20-50倍
202407040502,2024,6.0,1.0,4.0,21.2,2.3,12.1,False,0.0,False,0.0,False,0.0,False,0.0,False,0.0,False,0.0,False,0.0,6-10人気,20-50倍
202407040503,2024,1.0,5.0,3.0,1.9,17.3,9.1,True,1.9,True,0.6333333333333333,False,0.0,False,0.0,False,0.0,False,0.0,False,0.0,1-2人気,1-2倍
202407040504,2024,1.0,7.0,6.0,2.2,22.6,18.6,True,2.2,True,0.7333333333333334,False,0.0,False,0.0,False,0.0,False,0.0,False,0.0,1-2人気,2-5倍
202407040505,2024,1.0,2.0,4.0,1.6,4.9,6.6,False,0.0,True,0.5333333333333333,False,0.0,False,0.0,False,0.0,False,0.0,False,0.0,1-2人気,1-2倍
202407040506,2024,2.0,1.0,3.0,4.2,4.2,5.4,False,0.0,False,0.0,False,0.0,False,0.0,False,0.0,False,0.0,False,0.0,1-2人気,2-5倍
202407040507,2024,8.0,10.0,5.0,37.8,46.2,17.0,False,0.0,False,0.0,False,0.0,False,0.0,False,0.0,False,0.0,False,0.0,6-10人気,20-50倍
202407040508,2024,2.0,7.0,1.0,3.1,16.5,2.7,False,0.0,True,1.0333333333333334,True,6.533333333333334,False,0.0,False,0.0,True,4.6035,False,0.0,1-2人気,2-5倍
202407040509,2024,1.0,4.0,9.0,2.2,9.3,107.8,True,2.2,True,0.7333333333333334,True,3.8333333333333335,False,0.0,False,0.0,False,0.0,False,0.0,1-2人気,2-5倍
202407040510,2024,5.0,14.0,15.0,7.4,75.7,99.0,False,0.0,True,2.466666666666667,False,0.0,False,0.0,False,0.0,False,0.0,False,0.0,3-5人気,5-10倍
202407040511,2024,4.0,3.0,5.0,6.6,5.4,8.8,False,0.0,False,0.0,False,0.0,False,0.0,False,0.0,False,0.0,False,0.0,3-5人気,5-10倍
202407040512,2024,5.0,4.0,9.0,10.7,8.6,33.7,False,0.0,False,0.0,False,0.0,False,0.0,False,0.0,False,0.0,False,0.0,3-5人気,10-20倍
202407040601,2024,3.0,4.0,8.0,5.3,6.3,20.9,False,0.0,False,0.0,False,0.0,False,0.0,False,0.0,False,0.0,False,0.0,3-5人気,5-10倍
202407040602,2024,2.0,3.0,4.0,3.7,8.0,10.3,False,0.0,True,1.2333333333333334,False,0.0,False,0.0,False,0.0,False,0.0,False,0.0,1-2人気,2-5倍
202407040603,2024,5.0,2.0,4.0,25.0,3.0,19.4,True,25.0,True,8.333333333333334,True,9.333333333333334,True,7.5,True,15.0,False,0.0,False,0.0,3-5人気,20-50倍
202407040604,2024,5.0,2.0,3.0,13.5,4.2,4.4,False,0.0,False,0.0,False,0.0,False,0.0,False,0.0,False,0.0,False,0.0,3-5人気,10-20倍
202407040605,2024,7.0,2.0,5.0,50.4,6.3,23.0,False,0.0,False,0.0,False,0.0,False,0.0,False,0.0,False,0.0,False,0.0,6-10人気,50倍以上
202407040606,2024,9.0,12.0,7.0,44.0,152.9,27.6,False,0.0,True,14.666666666666666,False,0.0,False,0.0,False,0.0,False,0.0,False,0.0,6-10人気,20-50倍
202407040607,2024,3.0,4.0,2.0,5.9,10.5,3.6,False,0.0,False,0.0,False,0.0,False,0.0,False,0.0,False,0.0,False,0.0,3-5人気,5-10倍
202407040608,2024,3.0,7.0,10.0,6.3,18.1,25.7,False,0.0,False,0.0,False,0.0,False,0.0,False,0.0,False,0.0,False,0.0,3-5人気,5-10倍
202407040609,2024,4.0,2.0,1.0,10.6,2.7,1.8,False,0.0,False,0.0,False,0.0,False,0.0,False,0.0,False,0.0,False,0.0,3-5人気,10-20倍
202407040610,2024,4.0,1.0,3.0,7.5,2.0,5.9,False,0.0,False,0.0,False,0.0,False,0.0,False,0.0,False,0.0,False,0.0,3-5人気,5-10倍
202407040611,2024,3.0,6.0,1.0,5.7,9.2,3.7,True,5.7,True,1.9000000000000001,False,0.0,False,0.0,False,0.0,False,0.0,False,0.0,3-5人気,5-10倍
202407040612,2024,7.0,12.0,9.0,15.3,97.3,21.7,False,0.0,False,0.0,False,0.0,False,0.0,False,0.0,False,0.0,False,0.0,6-10人気,10-20倍
202408010101,2024,7.0,5.0,3.0,19.3,14.7,5.0,False,0.0,False,0.0,False,0.0,False,0.0,False,0.0,False,0.0,False,0.0,6-10人気,10-20倍
202408010102,2024,1.0,5.0,3.0,2.1,9.3,5.7,False,0.0,False,0.0,False,0.0,False,0.0,False,0.0,False,0.0,False,0.0,1-2人気,2-5倍
202408010103,2024,1.0,4.0,9.0,3.6,8.0,29.1,True,3.6,True,1.2,True,3.8666666666666667,False,0.0,False,0.0,False,0.0,False,0.0,1-2人気,2-5倍
202408010104,2024,3.0,1.0,6.0,6.2,3.3,11.5,False,0.0,False,0.0,False,0.0,False,0.0,False,0.0,False,0.0,False,0.0,3-5人気,5-10倍
202408010105,2024,2.0,6.0,7.0,3.9,13.8,16.4,False,0.0,False,0.0,False,0.0,False,0.0,False,0.0,False,0.0,False,0.0,1-2人気,2-5倍
202408010106,2024,1.0,3.0,5.0,1.3,7.7,22.2,True,1.3,True,0.43333333333333335,True,3.0,True,1.001,True,2.002,False,0.0,False,0.0,1-2人気,1-2倍
202408010107,2024,1.0,6.0,10.0,2.5,13.5,70.3,True,2.5,True,0.8333333333333334,False,0.0,False,0.0,False,0.0,False,0.0,False,0.0,1-2人気,2-5倍
202408010108,2024,4.0,1.0,3.0,6.5,3.7,6.0,True,6.5,True,2.1666666666666665,True,3.4,True,2.4050000000000002,True,4.8100000000000005,True,4.8100000000000005,True,14.430000000000001,3-5人気,5-10倍
202408010109,2024,1.0,7.0,2.0,2.9,17.2,3.7,False,0.0,False,0.0,False,0.0,False,0.0,False,0.0,False,0.0,False,0.0,1-2人気,2-5倍
202408010110,2024,3.0,2.0,1.0,5.5,4.8,2.7,False,0.0,True,1.8333333333333333,False,0.0,False,0.0,False,0.0,False,0.0,False,0.0,3-5人気,5-10倍
202408010111,2024,4.0,1.0,8.0,7.4,5.4,16.5,False,0.0,False,0.0,False,0.0,False,0.0,False,0.0,False,0.0,False,0.0,3-5人気,5-10倍
202408010112,2024,1.0,2.0,4.0,3.2,4.0,11.5,False,0.0,False,0.0,False,0.0,False,0.0,False,0.0,False,0.0,False,0.0,1-2人気,2-5倍
202408010201,2024,4.0,8.0,7.0,6.4,44.9,16.1,True,6.4,True,2.1333333333333333,False,0.0,False,0.0,False,0.0,False,0.0,False,0.0,3-5人気,5-10倍
202408010202,2024,2.0,1.0,3.0,3.9,3.4,5.7,False,0.0,False,0.0,False,0.0,False,0.0,False,0.0,False,0.0,False,0.0,1-2人気,2-5倍
202408010203,2024,1.0,7.0,2.0,1.4,34.3,5.7,False,0.0,True,0.4666666666666666,False,0.0,False,0.0,False,0.0,False,0.0,False,0.0,1-2人気,1-2倍
202408010204,2024,1.0,5.0,2.0,2.4,15.0,3.5,True,2.4,True,0.7999999999999999,False,0.0,False,0.0,False,0.0,False,0.0,False,0.0,1-2人気,2-5倍
202408010205,2024,2.0,15.0,1.0,2.5,326.2,2.3,False,0.0,True,0.8333333333333334,False,0.0,False,0.0,False,0.0,False,0.0,False,0.0,1-2人気,2-5倍
202408010206,2024,1.0,4.0,5.0,2.7,6.0,16.3,True,2.7,True,0.9,False,0.0,False,0.0,False,0.0,False,0.0,False,0.0,1-2人気,2-5倍
202408010207,2024,1.0,3.0,4.0,1.9,8.2,17.0,True,1.9,True,0.6333333333333333,False,0.0,False,0.0,False,0.0,False,0.0,False,0.0,1-2人気,1-2倍
202408010208,2024,4.0,5.0,1.0,8.5,12.7,3.0,True,8.5,True,2.8333333333333335,False,0.0,False,0.0,False,0.0,False,0.0,False,0.0,3-5人気,5-10倍
202408010209,2024,2.0,4.0,1.0,3.2,5.5,2.9,True,3.2,True,1.0666666666666667,False,0.0,False,0.0,False,0.0,False,0.0,False,0.0,1-2人気,2-5倍
202408010210,2024,1.0,2.0,3.0,3.0,4.5,5.2,False,0.0,False,0.0,False,0.0,False,0.0,False,0.0,False,0.0,False,0.0,1-2人気,2-5倍
202408010211,2024,2.0,5.0,3.0,5.1,11.2,5.8,False,0.0,True,1.7,True,5.433333333333333,True,5.711999999999999,False,0.0,True,11.043199999999997,False,0.0,1-2人気,5-10倍
202408010212,2024,1.0,3.0,6.0,3.1,5.6,11.9,False,0.0,False,0.0,False,0.0,False,0.0,False,0.0,False,0.0,False,0.0,1-2人気,2-5倍
202408010301,2024,5.0,1.0,2.0,22.3,1.3,10.5,False,0.0,False,0.0,False,0.0,False,0.0,False,0.0,False,0.0,False,0.0,3-5人気,20-50倍
202408010302,2024,5.0,3.0,1.0,10.9,4.4,2.6,False,0.0,False,0.0,False,0.0,False,0.0,False,0.0,False,0.0,False,0.0,3-5人気,10-20倍
202408010303,2024,8.0,2.0,4.0,16.3,6.3,7.4,False,0.0,False,0.0,False,0.0,False,0.0,False,0.0,False,0.0,False,0.0,6-10人気,10-20倍
202408010304,2024,1.0,2.0,5.0,2.1,5.0,12.2,False,0.0,False,0.0,False,0.0,False,0.0,False,0.0,False,0.0,False,0.0,1-2人気,2-5倍
202408010305,2024,2.0,3.0,1.0,3.5,3.6,3.4,True,3.5,True,1.1666666666666667,False,0.0,False,0.0,False,0.0,False,0.0,False,0.0,1-2人気,2-5倍
202408010306,2024,2.0,3.0,1.0,4.4,4.9,3.8,False,0.0,False,0.0,False,0.0,False,0.0,False,0.0,False,0.0,False,0.0,1-2人気,2-5倍
202408010307,2024,1.0,5.0,3.0,1.9,14.7,7.8,False,0.0,False,0.0,False,0.0,False,0.0,False,0.0,False,0.0,False,0.0,1-2人気,1-2倍
202408010308,2024,1.0,4.0,10.0,2.0,10.3,27.7,False,0.0,True,0.6666666666666666,False,0.0,False,0.0,False,0.0,False,0.0,False,0.0,1-2人気,1-2倍
202408010309,2024,1.0,3.0,2.0,1.8,7.8,4.7,False,0.0,False,0.0,False,0.0,False,0.0,False,0.0,False,0.0,False,0.0,1-2人気,1-2倍
202408010310,2024,1.0,4.0,5.0,1.9,9.0,9.0,False,0.0,False,0.0,False,0.0,False,0.0,False,0.0,False,0.0,False,0.0,1-2人気,1-2倍
202408010311,2024,9.0,1.0,5.0,30.4,2.8,16.9,False,0.0,False,0.0,False,0.0,False,0.0,False,0.0,False,0.0,False,0.0,6-10人気,20-50倍
202408010312,2024,1.0,2.0,3.0,2.6,3.2,6.3,False,0.0,False,0.0,False,0.0,False,0.0,False,0.0,False,0.0,False,0.0,1-2人気,2-5倍
202408010401,2024,2.0,3.0,15.0,3.4,5.7,225.6,False,0.0,True,1.1333333333333333,True,3.033333333333333,False,0.0,False,0.0,False,0.0,False,0.0,1-2人気,2-5倍
202408010402,2024,3.0,5.0,2.0,4.3,8.6,4.2,True,4.3,True,1.4333333333333333,True,4.3,False,0.0,False,0.0,True,5.1772,False,0.0,3-5人気,2-5倍
202408010403,2024,1.0,2.0,6.0,1.3,6.1,23.0,True,1.3,True,0.43333333333333335,False,0.0,False,0.0,False,0.0,False,0.0,False,0.0,1-2人気,1-2倍
202408010404,2024,3.0,1.0,13.0,6.1,2.5,53.8,False,0.0,False,0.0,False,0.0,False,0.0,False,0.0,False,0.0,False,0.0,3-5人気,5-10倍
202408010405,2024,2.0,13.0,3.0,5.5,66.2,5.8,False,0.0,False,0.0,False,0.0,False,0.0,False,0.0,False,0.0,False,0.0,1-2人気,5-10倍
202408010406,2024,2.0,3.0,1.0,2.8,12.4,1.9,False,0.0,False,0.0,False,0.0,False,0.0,False,0.0,False,0.0,False,0.0,1-2人気,2-5倍
202408010407,2024,1.0,6.0,2.0,2.8,10.4,4.1,False,0.0,True,0.9333333333333332,False,0.0,False,0.0,False,0.0,False,0.0,False,0.0,1-2人気,2-5倍
202408010408,2024,2.0,3.0,1.0,3.9,5.6,1.9,False,0.0,True,1.3,True,3.1666666666666665,False,0.0,False,0.0,False,0.0,False,0.0,1-2人気,2-5倍
202408010409,2024,2.0,3.0,1.0,5.4,6.4,1.7,False,0.0,False,0.0,False,0.0,False,0.0,False,0.0,False,0.0,False,0.0,1-2人気,5-10倍
202408010410,2024,1.0,4.0,6.0,3.3,5.4,11.4,False,0.0,False,0.0,False,0.0,False,0.0,False,0.0,False,0.0,False,0.0,1-2人気,2-5倍
202408010411,2024,13.0,4.0,2.0,41.4,11.7,4.6,False,0.0,False,0.0,False,0.0,False,0.0,False,0.0,False,0.0,False,0.0,11人気以下,20-50倍
202408010412,2024,4.0,2.0,1.0,8.0,4.7,4.2,False,0.0,True,2.6666666666666665,True,4.233333333333333,True,3.7600000000000002,False,0.0,False,0.0,False,0.0,3-5人気,5-10倍
202408010501,2024,5.0,1.0,4.0,14.8,1.7,8.8,False,0.0,False,0.0,False,0.0,False,0.0,False,0.0,False,0.0,False,0.0,3-5人気,10-20倍
202408010502,2024,2.0,1.0,4.0,4.2,2.0,8.1,False,0.0,False,0.0,False,0.0,False,0.0,False,0.0,False,0.0,False,0.0,1-2人気,2-5倍
202408010503,2024,1.0,2.0,9.0,1.5,6.5,38.4,True,1.5,True,0.5,False,0.0,False,0.0,False,0.0,False,0.0,False,0.0,1-2人気,1-2倍
202408010504,2024,2.0,7.0,6.0,4.2,16.6,16.2,False,0.0,False,0.0,False,0.0,False,0.0,False,0.0,False,0.0,False,0.0,1-2人気,2-5倍
202408010505,2024,2.0,6.0,5.0,4.8,13.3,12.1,False,0.0,False,0.0,False,0.0,False,0.0,False,0.0,False,0.0,False,0.0,1-2人気,2-5倍
202408010506,2024,2.0,6.0,1.0,3.1,18.5,2.7,False,0.0,False,0.0,False,0.0,False,0.0,False,0.0,False,0.0,False,0.0,1-2人気,2-5倍
202408010507,2024,7.0,1.0,6.0,14.4,4.1,11.4,False,0.0,False,0.0,False,0.0,False,0.0,False,0.0,False,0.0,False,0.0,6-10人気,10-20倍
202408010508,2024,1.0,2.0,3.0,1.4,4.0,9.8,True,1.4,True,0.4666666666666666,True,1.8,False,0.0,False,0.0,True,1.8293333333333335,False,0.0,1-2人気,1-2倍
202408010509,2024,2.0,4.0,6.0,3.8,7.9,13.6,True,3.8,True,1.2666666666666666,False,0.0,False,0.0,False,0.0,False,0.0,False,0.0,1-2人気,2-5倍
202408010510,2024,2.0,1.0,4.0,4.4,1.3,18.4,False,0.0,False,0.0,False,0.0,False,0.0,False,0.0,False,0.0,False,0.0,1-2人気,2-5倍
202408010511,2024,1.0,4.0,5.0,4.1,5.9,6.9,True,4.1,True,1.3666666666666665,True,3.3333333333333335,True,2.4189999999999996,True,4.837999999999999,False,0.0,False,0.0,1-2人気,2-5倍
202408010512,2024,1.0,4.0,3.0,2.5,7.4,5.1,False,0.0,True,0.8333333333333334,False,0.0,False,0.0,False,0.0,False,0.0,False,0.0,1-2人気,2-5倍
202408010601,2024,2.0,1.0,4.0,3.2,1.8,9.4,False,0.0,False,0.0,False,0.0,False,0.0,False,0.0,False,0.0,False,0.0,1-2人気,2-5倍
202408010602,2024,6.0,3.0,8.0,17.1,6.5,38.4,False,0.0,False,0.0,False,0.0,False,0.0,False,0.0,False,0.0,False,0.0,6-10人気,10-20倍
202408010603,2024,4.0,3.0,2.0,5.8,5.5,5.5,False,0.0,False,0.0,False,0.0,False,0.0,False,0.0,False,0.0,False,0.0,3-5人気,5-10倍
202408010604,2024,1.0,2.0,4.0,3.6,4.5,5.2,False,0.0,False,0.0,False,0.0,False,0.0,False,0.0,False,0.0,False,0.0,1-2人気,2-5倍
202408010605,2024,1.0,7.0,12.0,3.6,12.6,159.5,False,0.0,False,0.0,False,0.0,False,0.0,False,0.0,False,0.0,False,0.0,1-2人気,2-5倍
202408010606,2024,1.0,8.0,9.0,2.0,20.9,80.9,False,0.0,True,0.6666666666666666,False,0.0,False,0.0,False,0.0,False,0.0,False,0.0,1-2人気,1-2倍
202408010607,2024,1.0,2.0,7.0,1.5,3.9,36.0,True,1.5,True,0.5,False,0.0,False,0.0,False,0.0,False,0.0,False,0.0,1-2人気,1-2倍
202408010608,2024,3.0,7.0,5.0,5.5,18.2,8.9,False,0.0,False,0.0,False,0.0,False,0.0,False,0.0,False,0.0,False,0.0,3-5人気,5-10倍
202408010609,2024,2.0,1.0,3.0,2.5,2.2,4.1,False,0.0,True,0.8333333333333334,True,1.5666666666666667,False,0.0,False,0.0,True,0.7516666666666666,False,0.0,1-2人気,2-5倍
202408010610,2024,2.0,3.0,1.0,4.9,5.9,1.9,False,0.0,False,0.0,False,0.0,False,0.0,False,0.0,False,0.0,False,0.0,1-2人気,2-5倍
202408010611,2024,1.0,6.0,2.0,2.7,17.5,3.5,False,0.0,False,0.0,False,0.0,False,0.0,False,0.0,False,0.0,False,0.0,1-2人気,2-5倍
202408010612,2024,1.0,2.0,5.0,2.0,3.1,17.3,False,0.0,True,0.6666666666666666,True,1.7,True,0.62,False,0.0,True,3.5753333333333335,False,0.0,1-2人気,1-2倍
202408010701,2024,2.0,10.0,1.0,3.6,145.5,3.1,True,3.6,True,1.2,False,0.0,False,0.0,False,0.0,False,0.0,False,0.0,1-2人気,2-5倍
202408010702,2024,1.0,7.0,4.0,2.6,18.4,7.5,True,2.6,True,0.8666666666666667,False,0.0,False,0.0,False,0.0,False,0.0,False,0.0,1-2人気,2-5倍
202408010703,2024,1.0,2.0,4.0,1.4,3.2,21.6,False,0.0,True,0.4666666666666666,True,1.5333333333333332,False,0.0,False,0.0,True,3.2256,False,0.0,1-2人気,1-2倍
202408010704,2024,3.0,2.0,5.0,3.9,3.3,27.5,False,0.0,False,0.0,False,0.0,False,0.0,False,0.0,False,0.0,False,0.0,3-5人気,2-5倍
202408010705,2024,2.0,1.0,3.0,4.7,2.9,4.7,False,0.0,False,0.0,False,0.0,False,0.0,False,0.0,False,0.0,False,0.0,1-2人気,2-5倍
202408010706,2024,3.0,2.0,5.0,3.1,3.0,9.0,True,3.1,True,1.0333333333333334,True,2.033333333333333,False,0.0,False,0.0,False,0.0,False,0.0,3-5人気,2-5倍
202408010707,2024,3.0,10.0,2.0,4.8,52.7,4.6,False,0.0,False,0.0,False,0.0,False,0.0,False,0.0,False,0.0,False,0.0,3-5人気,2-5倍
202408010708,2024,3.0,4.0,7.0,4.9,9.2,19.1,False,0.0,False,0.0,False,0.0,False,0.0,False,0.0,False,0.0,False,0.0,3-5人気,2-5倍
202408010709,2024,1.0,2.0,4.0,1.9,3.5,9.6,True,1.9,True,0.6333333333333333,False,0.0,False,0.0,False,0.0,False,0.0,False,0.0,1-2人気,1-2倍
202408010710,2024,1.0,3.0,7.0,1.8,7.4,19.1,False,0.0,True,0.6,False,0.0,False,0.0,False,0.0,False,0.0,False,0.0,1-2人気,1-2倍
202408010711,2024,5.0,1.0,2.0,9.3,2.0,5.5,False,0.0,False,0.0,False,0.0,False,0.0,False,0.0,False,0.0,False,0.0,3-5人気,5-10倍
202408010712,2024,1.0,2.0,4.0,2.0,3.8,7.9,False,0.0,False,0.0,False,0.0,False,0.0,False,0.0,False,0.0,False,0.0,1-2人気,1-2倍
202408020101,2024,1.0,4.0,6.0,1.6,15.2,26.9,False,0.0,True,0.5333333333333333,False,0.0,False,0.0,False,0.0,False,0.0,False,0.0,1-2人気,1-2倍
202408020102,2024,1.0,3.0,2.0,2.4,4.1,2.5,False,0.0,False,0.0,False,0.0,False,0.0,False,0.0,False,0.0,False,0.0,1-2人気,2-5倍
202408020103,2024,8.0,3.0,1.0,13.4,6.0,3.7,False,0.0,False,0.0,False,0.0,False,0.0,False,0.0,False,0.0,False,0.0,6-10人気,10-20倍
202408020104,2024,9.0,3.0,5.0,25.6,4.8,12.1,False,0.0,False,0.0,False,0.0,False,0.0,False,0.0,False,0.0,False,0.0,6-10人気,20-50倍
202408020105,2024,2.0,4.0,1.0,4.1,7.0,1.8,True,4.1,True,1.3666666666666665,False,0.0,False,0.0,False,0.0,False,0.0,False,0.0,1-2人気,2-5倍
202408020106,2024,2.0,1.0,3.0,2.8,2.1,4.7,False,0.0,True,0.9333333333333332,True,1.6333333333333335,True,0.588,False,0.0,False,0.0,False,0.0,1-2人気,2-5倍
202408020107,2024,1.0,2.0,4.0,1.1,6.1,17.7,True,1.1,True,0.3666666666666667,True,2.4,True,0.671,True,1.342,True,3.9589,True,11.8767,1-2人気,1-2倍
202408020108,2024,1.0,2.0,5.0,2.8,3.4,14.9,False,0.0,True,0.9333333333333332,False,0.0,False,0.0,False,0.0,False,0.0,False,0.0,1-2人気,2-5倍
202408020109,2024,1.0,3.0,8.0,3.0,4.7,37.6,False,0.0,False,0.0,False,0.0,False,0.0,False,0.0,False,0.0,False,0.0,1-2人気,2-5倍
202408020110,2024,1.0,3.0,2.0,3.2,4.8,3.7,True,3.2,True,1.0666666666666667,True,2.6666666666666665,False,0.0,False,0.0,True,1.8944,False,0.0,1-2人気,2-5倍
202408020111,2024,3.0,2.0,1.0,5.1,2.8,2.1,False,0.0,True,1.7,True,2.6333333333333333,False,0.0,False,0.0,True,0.9995999999999998,False,0.0,3-5人気,5-10倍
202408020112,2024,6.0,2.0,3.0,15.4,4.5,5.8,False,0.0,False,0.0,False,0.0,False,0.0,False,0.0,False,0.0,False,0.0,6-10人気,10-20倍
202408020201,2024,2.0,3.0,1.0,4.8,13.2,1.4,True,4.8,True,1.5999999999999999,False,0.0,False,0.0,False,0.0,False,0.0,False,0.0,1-2人気,2-5倍
202408020202,2024,1.0,5.0,7.0,1.4,18.0,61.0,False,0.0,False,0.0,False,0.0,False,0.0,False,0.0,False,0.0,False,0.0,1-2人気,1-2倍
202408020203,2024,4.0,1.0,2.0,9.4,1.7,2.9,False,0.0,False,0.0,False,0.0,False,0.0,False,0.0,False,0.0,False,0.0,3-5人気,5-10倍
202408020204,2024,3.0,7.0,2.0,8.5,15.6,4.2,False,0.0,False,0.0,False,0.0,False,0.0,False,0.0,False,0.0,False,0.0,3-5人気,5-10倍
202408020205,2024,1.0,2.0,3.0,2.2,4.8,5.8,False,0.0,True,0.7333333333333334,True,2.3333333333333335,True,1.056,False,0.0,False,0.0,False,0.0,1-2人気,2-5倍
202408020206,2024,4.0,1.0,5.0,6.5,2.8,7.8,False,0.0,False,0.0,False,0.0,False,0.0,False,0.0,False,0.0,False,0.0,3-5人気,5-10倍
202408020207,2024,3.0,2.0,4.0,8.3,3.3,10.2,False,0.0,True,2.766666666666667,True,3.866666666666667,False,0.0,False,0.0,False,0.0,False,0.0,3-5人気,5-10倍
202408020208,2024,1.0,4.0,3.0,1.6,15.8,8.4,False,0.0,True,0.5333333333333333,False,0.0,False,0.0,False,0.0,False,0.0,False,0.0,1-2人気,1-2倍
202408020209,2024,2.0,1.0,3.0,4.2,1.7,6.9,False,0.0,True,1.4000000000000001,True,1.9666666666666668,True,0.714,False,0.0,False,0.0,False,0.0,1-2人気,2-5倍
202408020210,2024,5.0,4.0,7.0,7.9,5.9,14.4,False,0.0,False,0.0,False,0.0,False,0.0,False,0.0,False,0.0,False,0.0,3-5人気,5-10倍
202408020211,2024,4.0,3.0,6.0,9.3,5.3,21.7,False,0.0,False,0.0,False,0.0,False,0.0,False,0.0,False,0.0,False,0.0,3-5人気,5-10倍
202408020212,2024,3.0,5.0,8.0,4.4,7.6,24.7,False,0.0,False,0.0,False,0.0,False,0.0,False,0.0,False,0.0,False,0.0,3-5人気,2-5倍
202408020301,2024,1.0,5.0,7.0,1.7,15.3,58.5,False,0.0,True,0.5666666666666667,True,5.666666666666667,True,2.601,False,0.0,False,0.0,False,0.0,1-2人気,1-2倍
202408020302,2024,4.0,2.0,3.0,7.5,2.5,6.1,False,0.0,False,0.0,False,0.0,False,0.0,False,0.0,False,0.0,False,0.0,3-5人気,5-10倍
202408020303,2024,3.0,8.0,5.0,4.9,38.1,10.0,False,0.0,True,1.6333333333333335,False,0.0,False,0.0,False,0.0,False,0.0,False,0.0,3-5人気,2-5倍
202408020304,2024,4.0,5.0,6.0,5.5,12.9,13.6,False,0.0,True,1.8333333333333333,False,0.0,False,0.0,False,0.0,False,0.0,False,0.0,3-5人気,5-10倍
202408020305,2024,2.0,11.0,4.0,3.6,86.4,12.6,False,0.0,False,0.0,False,0.0,False,0.0,False,0.0,False,0.0,False,0.0,1-2人気,2-5倍
202408020306,2024,1.0,7.0,6.0,2.3,34.2,23.3,False,0.0,True,0.7666666666666666,False,0.0,False,0.0,False,0.0,False,0.0,False,0.0,1-2人気,2-5倍
202408020307,2024,1.0,8.0,3.0,2.6,23.3,4.4,False,0.0,True,0.8666666666666667,False,0.0,False,0.0,False,0.0,False,0.0,False,0.0,1-2人気,2-5倍
202408020308,2024,2.0,1.0,5.0,6.0,2.0,9.5,False,0.0,False,0.0,False,0.0,False,0.0,False,0.0,False,0.0,False,0.0,1-2人気,5-10倍
202408020309,2024,1.0,3.0,2.0,3.2,4.1,3.3,False,0.0,True,1.0666666666666667,True,2.433333333333333,False,0.0,False,0.0,False,0.0,False,0.0,1-2人気,2-5倍
202408020310,2024,2.0,4.0,8.0,3.8,4.7,68.6,False,0.0,True,1.2666666666666666,False,0.0,False,0.0,False,0.0,False,0.0,False,0.0,1-2人気,2-5倍
202408020311,2024,1.0,4.0,3.0,2.0,6.0,5.8,True,2.0,True,0.6666666666666666,False,0.0,False,0.0,False,0.0,False,0.0,False,0.0,1-2人気,1-2倍
202408020312,2024,7.0,11.0,8.0,15.1,50.6,26.7,False,0.0,False,0.0,False,0.0,False,0.0,False,0.0,False,0.0,False,0.0,6-10人気,10-20倍
202408020401,2024,1.0,3.0,5.0,2.3,3.4,22.0,False,0.0,False,0.0,False,0.0,False,0.0,False,0.0,False,0.0,False,0.0,1-2人気,2-5倍
202408020402,2024,4.0,1.0,2.0,6.5,1.7,3.8,False,0.0,False,0.0,False,0.0,False,0.0,False,0.0,False,0.0,False,0.0,3-5人気,5-10倍
202408020403,2024,3.0,4.0,2.0,4.2,4.3,3.3,True,4.2,True,1.4000000000000001,False,0.0,False,0.0,False,0.0,False,0.0,False,0.0,3-5人気,2-5倍
202408020404,2024,2.0,1.0,3.0,2.3,1.5,8.5,False,0.0,False,0.0,False,0.0,False,0.0,False,0.0,False,0.0,False,0.0,1-2人気,2-5倍
202408020405,2024,2.0,9.0,1.0,3.1,31.7,2.9,True,3.1,True,1.0333333333333334,False,0.0,False,0.0,False,0.0,False,0.0,False,0.0,1-2人気,2-5倍
202408020406,2024,1.0,2.0,3.0,1.5,5.1,6.1,True,1.5,True,0.5,True,2.1999999999999997,True,0.7649999999999999,True,1.5299999999999998,False,0.0,False,0.0,1-2人気,1-2倍
202408020407,2024,3.0,1.0,4.0,5.3,1.7,6.7,False,0.0,False,0.0,False,0.0,False,0.0,False,0.0,False,0.0,False,0.0,3-5人気,5-10倍
202408020408,2024,1.0,3.0,4.0,1.7,6.4,19.4,True,1.7,True,0.5666666666666667,True,2.6999999999999997,True,1.088,True,2.176,False,0.0,False,0.0,1-2人気,1-2倍
202408020409,2024,1.0,2.0,5.0,1.9,3.4,11.0,True,1.9,True,0.6333333333333333,True,1.7666666666666666,True,0.646,True,1.292,False,0.0,False,0.0,1-2人気,1-2倍
202408020410,2024,1.0,7.0,9.0,2.2,13.9,34.2,False,0.0,False,0.0,False,0.0,False,0.0,False,0.0,False,0.0,False,0.0,1-2人気,2-5倍
202408020411,2024,2.0,3.0,7.0,3.4,6.1,18.8,False,0.0,False,0.0,False,0.0,False,0.0,False,0.0,False,0.0,False,0.0,1-2人気,2-5倍
202408020412,2024,4.0,5.0,1.0,7.8,8.3,2.4,False,0.0,False,0.0,False,0.0,False,0.0,False,0.0,False,0.0,False,0.0,3-5人気,5-10倍
202408020501,2024,11.0,4.0,10.0,211.6,9.2,181.1,False,0.0,False,0.0,False,0.0,False,0.0,False,0.0,False,0.0,False,0.0,11人気以下,50倍以上
202408020502,2024,1.0,9.0,3.0,1.3,100.5,6.9,False,0.0,False,0.0,False,0.0,False,0.0,False,0.0,False,0.0,False,0.0,1-2人気,1-2倍
202408020503,2024,2.0,6.0,1.0,3.3,25.9,1.7,True,3.3,True,1.0999999999999999,False,0.0,False,0.0,False,0.0,False,0.0,False,0.0,1-2人気,2-5倍
202408020504,2024,5.0,2.0,1.0,9.9,3.5,2.9,False,0.0,True,3.3000000000000003,True,4.466666666666667,True,3.465,False,0.0,False,0.0,False,0.0,3-5人気,5-10倍
202408020505,2024,4.0,1.0,6.0,7.9,3.4,16.2,False,0.0,False,0.0,False,0.0,False,0.0,False,0.0,False,0.0,False,0.0,3-5人気,5-10倍
202408020506,2024,2.0,1.0,9.0,2.3,1.8,86.7,True,2.3,True,0.7666666666666666,True,1.3666666666666665,True,0.414,True,0.828,False,0.0,False,0.0,1-2人気,2-5倍
202408020507,2024,1.0,4.0,2.0,2.5,6.4,3.0,False,0.0,False,0.0,False,0.0,False,0.0,False,0.0,False,0.0,False,0.0,1-2人気,2-5倍
202408020508,2024,1.0,10.0,9.0,2.6,22.4,22.3,False,0.0,True,0.8666666666666667,False,0.0,False,0.0,False,0.0,False,0.0,False,0.0,1-2人気,2-5倍
202408020509,2024,1.0,7.0,2.0,3.1,17.1,3.3,False,0.0,False,0.0,False,0.0,False,0.0,False,0.0,False,0.0,False,0.0,1-2人気,2-5倍
202408020510,2024,2.0,1.0,6.0,3.4,2.5,15.2,True,3.4,True,1.1333333333333333,False,0.0,False,0.0,False,0.0,False,0.0,False,0.0,1-2人気,2-5倍
202408020511,2024,1.0,6.0,4.0,3.4,18.5,8.4,False,0.0,False,0.0,False,0.0,False,0.0,False,0.0,False,0.0,False,0.0,1-2人気,2-5倍
202408020512,2024,4.0,2.0,3.0,6.6,4.4,5.5,False,0.0,False,0.0,False,0.0,False,0.0,False,0.0,False,0.0,False,0.0,3-5人気,5-10倍
202408020601,2024,7.0,3.0,2.0,68.4,5.4,3.7,False,0.0,False,0.0,False,0.0,False,0.0,False,0.0,False,0.0,False,0.0,6-10人気,50倍以上
202408020602,2024,1.0,4.0,5.0,2.6,5.2,15.8,False,0.0,True,0.8666666666666667,False,0.0,False,0.0,False,0.0,False,0.0,False,0.0,1-2人気,2-5倍
202408020603,2024,10.0,5.0,2.0,43.9,8.0,5.0,False,0.0,True,14.633333333333333,False,0.0,False,0.0,False,0.0,False,0.0,False,0.0,6-10人気,20-50倍
202408020604,2024,5.0,1.0,9.0,7.2,2.3,153.0,True,7.2,True,2.4,True,3.1666666666666665,False,0.0,False,0.0,False,0.0,False,0.0,3-5人気,5-10倍
202408020605,2024,6.0,7.0,4.0,21.1,32.1,6.1,False,0.0,False,0.0,False,0.0,False,0.0,False,0.0,False,0.0,False,0.0,6-10人気,20-50倍
202408020606,2024,2.0,1.0,5.0,3.7,1.7,12.2,False,0.0,True,1.2333333333333334,True,1.8,False,0.0,False,0.0,False,0.0,False,0.0,1-2人気,2-5倍
202408020607,2024,1.0,6.0,3.0,1.9,21.8,5.7,False,0.0,False,0.0,False,0.0,False,0.0,False,0.0,False,0.0,False,0.0,1-2人気,1-2倍
202408020608,2024,1.0,7.0,5.0,1.7,15.2,10.8,False,0.0,False,0.0,False,0.0,False,0.0,False,0.0,False,0.0,False,0.0,1-2人気,1-2倍
202408020609,2024,1.0,6.0,5.0,2.5,11.4,6.9,False,0.0,False,0.0,False,0.0,False,0.0,False,0.0,False,0.0,False,0.0,1-2人気,2-5倍
202408020610,2024,5.0,1.0,4.0,13.7,2.0,9.7,False,0.0,False,0.0,False,0.0,False,0.0,False,0.0,False,0.0,False,0.0,3-5人気,10-20倍
202408020611,2024,1.0,5.0,2.0,2.2,17.3,3.6,False,0.0,True,0.7333333333333334,False,0.0,False,0.0,False,0.0,False,0.0,False,0.0,1-2人気,2-5倍
202408020612,2024,8.0,2.0,5.0,26.4,4.8,18.8,False,0.0,False,0.0,False,0.0,False,0.0,False,0.0,False,0.0,False,0.0,6-10人気,20-50倍
202408020701,2024,6.0,1.0,7.0,38.0,1.4,50.6,False,0.0,True,12.666666666666666,True,13.133333333333333,False,0.0,False,0.0,False,0.0,False,0.0,6-10人気,20-50倍
202408020702,2024,1.0,3.0,6.0,3.4,5.8,7.2,False,0.0,False,0.0,False,0.0,False,0.0,False,0.0,False,0.0,False,0.0,1-2人気,2-5倍
202408020703,2024,5.0,3.0,1.0,8.8,6.4,2.6,False,0.0,True,2.9333333333333336,True,5.066666666666667,False,0.0,False,0.0,True,4.881066666666667,False,0.0,3-5人気,5-10倍
202408020704,2024,7.0,12.0,6.0,21.5,58.5,16.2,False,0.0,False,0.0,False,0.0,False,0.0,False,0.0,False,0.0,False,0.0,6-10人気,20-50倍
202408020705,2024,1.0,5.0,6.0,2.5,7.1,19.5,False,0.0,False,0.0,False,0.0,False,0.0,False,0.0,False,0.0,False,0.0,1-2人気,2-5倍
202408020706,2024,3.0,7.0,5.0,5.4,17.9,13.4,False,0.0,False,0.0,False,0.0,False,0.0,False,0.0,False,0.0,False,0.0,3-5人気,5-10倍
202408020707,2024,1.0,4.0,5.0,2.8,7.8,11.5,False,0.0,False,0.0,False,0.0,False,0.0,False,0.0,False,0.0,False,0.0,1-2人気,2-5倍
202408020708,2024,3.0,5.0,2.0,5.6,9.9,4.4,False,0.0,False,0.0,False,0.0,False,0.0,False,0.0,False,0.0,False,0.0,3-5人気,5-10倍
202408020709,2024,5.0,3.0,4.0,12.1,6.1,10.7,False,0.0,False,0.0,False,0.0,False,0.0,False,0.0,False,0.0,False,0.0,3-5人気,10-20倍
202408020710,2024,2.0,1.0,5.0,4.0,2.6,14.5,False,0.0,True,1.3333333333333333,True,2.1999999999999997,False,0.0,False,0.0,False,0.0,False,0.0,1-2人気,2-5倍
202408020711,2024,9.0,1.0,6.0,45.5,2.8,11.6,False,0.0,False,0.0,False,0.0,False,0.0,False,0.0,False,0.0,False,0.0,6-10人気,20-50倍
202408020712,2024,2.0,3.0,7.0,3.3,4.5,20.8,True,3.3,True,1.0999999999999999,True,2.6,True,1.4849999999999999,True,2.9699999999999998,False,0.0,False,0.0,1-2人気,2-5倍
202408020801,2024,4.0,7.0,3.0,19.4,38.5,9.2,False,0.0,False,0.0,False,0.0,False,0.0,False,0.0,False,0.0,False,0.0,3-5人気,10-20倍
202408020802,2024,9.0,1.0,4.0,79.9,1.2,15.7,False,0.0,False,0.0,False,0.0,False,0.0,False,0.0,False,0.0,False,0.0,6-10人気,50倍以上
202408020803,2024,2.0,4.0,3.0,5.0,6.7,6.4,False,0.0,True,1.6666666666666667,True,3.9,False,0.0,False,0.0,False,0.0,False,0.0,1-2人気,2-5倍
202408020804,2024,4.0,1.0,2.0,7.9,2.0,5.7,False,0.0,True,2.6333333333333333,True,3.3000000000000003,True,1.58,False,0.0,False,0.0,False,0.0,3-5人気,5-10倍
202408020805,2024,3.0,2.0,7.0,5.2,3.8,25.4,False,0.0,False,0.0,False,0.0,False,0.0,False,0.0,False,0.0,False,0.0,3-5人気,5-10倍
202408020806,2024,7.0,9.0,2.0,28.0,67.8,3.3,False,0.0,True,9.333333333333334,False,0.0,False,0.0,False,0.0,False,0.0,False,0.0,6-10人気,20-50倍
202408020807,2024,4.0,3.0,6.0,7.3,5.6,43.2,False,0.0,False,0.0,False,0.0,False,0.0,False,0.0,False,0.0,False,0.0,3-5人気,5-10倍
202408020808,2024,1.0,5.0,2.0,1.6,18.8,5.5,True,1.6,True,0.5333333333333333,False,0.0,False,0.0,False,0.0,False,0.0,False,0.0,1-2人気,1-2倍
202408020809,2024,1.0,2.0,5.0,3.1,4.6,8.1,False,0.0,True,1.0333333333333334,False,0.0,False,0.0,False,0.0,False,0.0,False,0.0,1-2人気,2-5倍
202408020810,2024,1.0,2.0,4.0,3.1,3.3,5.3,True,3.1,True,1.0333333333333334,True,2.1333333333333333,False,0.0,False,0.0,True,1.8073000000000001,False,0.0,1-2人気,2-5倍
202408020811,2024,1.0,2.0,9.0,3.0,5.1,17.6,False,0.0,True,1.0,False,0.0,False,0.0,False,0.0,False,0.0,False,0.0,1-2人気,2-5倍
202408020812,2024,1.0,4.0,2.0,1.5,9.7,4.3,True,1.5,True,0.5,True,3.733333333333333,False,0.0,False,0.0,True,2.0854999999999997,False,0.0,1-2人気,1-2倍
202408030101,2024,3.0,7.0,10.0,10.7,13.5,97.6,False,0.0,False,0.0,False,0.0,False,0.0,False,0.0,False,0.0,False,0.0,3-5人気,10-20倍
202408030102,2024,4.0,2.0,1.0,9.6,3.1,2.5,False,0.0,False,0.0,False,0.0,False,0.0,False,0.0,False,0.0,False,0.0,3-5人気,5-10倍
202408030103,2024,14.0,6.0,5.0,162.9,16.0,12.4,False,0.0,False,0.0,False,0.0,False,0.0,False,0.0,False,0.0,False,0.0,11人気以下,50倍以上
202408030104,2024,3.0,5.0,2.0,4.1,17.3,4.0,False,0.0,False,0.0,False,0.0,False,0.0,False,0.0,False,0.0,False,0.0,3-5人気,2-5倍
202408030105,2024,4.0,1.0,10.0,6.9,2.3,133.7,False,0.0,True,2.3000000000000003,False,0.0,False,0.0,False,0.0,False,0.0,False,0.0,3-5人気,5-10倍
202408030106,2024,1.0,4.0,5.0,2.6,7.1,12.0,False,0.0,True,0.8666666666666667,False,0.0,False,0.0,False,0.0,False,0.0,False,0.0,1-2人気,2-5倍
202408030107,2024,1.0,10.0,4.0,4.6,18.9,7.8,True,4.6,True,1.5333333333333332,False,0.0,False,0.0,False,0.0,False,0.0,False,0.0,1-2人気,2-5倍
202408030108,2024,2.0,1.0,7.0,3.1,2.3,26.3,False,0.0,True,1.0333333333333334,False,0.0,False,0.0,False,0.0,False,0.0,False,0.0,1-2人気,2-5倍
202408030109,2024,1.0,3.0,2.0,2.8,4.2,2.8,False,0.0,False,0.0,False,0.0,False,0.0,False,0.0,False,0.0,False,0.0,1-2人気,2-5倍
202408030110,2024,1.0,6.0,3.0,2.6,21.1,4.5,False,0.0,False,0.0,False,0.0,False,0.0,False,0.0,False,0.0,False,0.0,1-2人気,2-5倍
202408030111,2024,1.0,2.0,5.0,1.9,5.6,9.4,False,0.0,False,0.0,False,0.0,False,0.0,False,0.0,False,0.0,False,0.0,1-2人気,1-2倍
202408030112,2024,1.0,3.0,4.0,2.5,5.7,7.7,False,0.0,True,0.8333333333333334,True,2.733333333333333,False,0.0,False,0.0,False,0.0,False,0.0,1-2人気,2-5倍
202408030201,2024,2.0,3.0,7.0,4.2,6.9,52.4,False,0.0,True,1.4000000000000001,False,0.0,False,0.0,False,0.0,False,0.0,False,0.0,1-2人気,2-5倍
202408030202,2024,1.0,5.0,2.0,2.4,19.9,3.1,False,0.0,False,0.0,False,0.0,False,0.0,False,0.0,False,0.0,False,0.0,1-2人気,2-5倍
202408030203,2024,2.0,8.0,1.0,4.6,18.7,4.5,False,0.0,False,0.0,False,0.0,False,0.0,False,0.0,False,0.0,False,0.0,1-2人気,2-5倍
202408030204,2024,8.0,7.0,5.0,19.7,13.9,12.1,False,0.0,False,0.0,False,0.0,False,0.0,False,0.0,False,0.0,False,0.0,6-10人気,10-20倍
202408030205,2024,4.0,1.0,8.0,7.0,2.5,34.0,False,0.0,False,0.0,False,0.0,False,0.0,False,0.0,False,0.0,False,0.0,3-5人気,5-10倍
202408030206,2024,4.0,6.0,3.0,5.4,20.9,4.4,False,0.0,True,1.8,False,0.0,False,0.0,False,0.0,False,0.0,False,0.0,3-5人気,5-10倍
202408030207,2024,3.0,2.0,4.0,4.6,4.3,8.7,False,0.0,True,1.5333333333333332,True,2.9666666666666663,False,0.0,False,0.0,False,0.0,False,0.0,3-5人気,2-5倍
202408030208,2024,1.0,2.0,4.0,2.0,3.3,7.9,False,0.0,False,0.0,False,0.0,False,0.0,False,0.0,False,0.0,False,0.0,1-2人気,1-2倍
202408030209,2024,1.0,2.0,3.0,1.8,3.3,5.5,True,1.8,True,0.6,True,1.7,True,0.594,True,1.188,False,0.0,False,0.0,1-2人気,1-2倍
202408030210,2024,1.0,3.0,2.0,2.7,3.7,3.4,True,2.7,True,0.9,True,2.1333333333333333,True,0.9990000000000002,True,1.9980000000000004,False,0.0,False,0.0,1-2人気,2-5倍
202408030211,2024,2.0,4.0,3.0,3.1,13.9,9.9,False,0.0,True,1.0333333333333334,False,0.0,False,0.0,False,0.0,False,0.0,False,0.0,1-2人気,2-5倍
202408030212,2024,1.0,3.0,5.0,1.7,6.3,14.3,False,0.0,True,0.5666666666666667,False,0.0,False,0.0,False,0.0,False,0.0,False,0.0,1-2人気,1-2倍
202408030301,2024,3.0,2.0,8.0,4.3,4.1,45.3,False,0.0,False,0.0,False,0.0,False,0.0,False,0.0,False,0.0,False,0.0,3-5人気,2-5倍
202408030302,2024,1.0,4.0,3.0,2.0,5.9,5.4,False,0.0,False,0.0,False,0.0,False,0.0,False,0.0,False,0.0,False,0.0,1-2人気,1-2倍
202408030303,2024,1.0,2.0,7.0,2.1,2.8,27.7,True,2.1,True,0.7000000000000001,True,1.6333333333333335,True,0.588,True,1.176,False,0.0,False,0.0,1-2人気,2-5倍
202408030304,2024,2.0,1.0,13.0,2.6,1.9,249.4,True,2.6,True,0.8666666666666667,False,0.0,False,0.0,False,0.0,False,0.0,False,0.0,1-2人気,2-5倍
202408030305,2024,1.0,7.0,5.0,2.2,20.0,8.9,False,0.0,False,0.0,False,0.0,False,0.0,False,0.0,False,0.0,False,0.0,1-2人気,2-5倍
202408030306,2024,1.0,4.0,2.0,1.8,12.6,3.2,False,0.0,True,0.6,True,4.8,True,2.268,False,0.0,False,0.0,False,0.0,1-2人気,1-2倍
202408030307,2024,7.0,5.0,3.0,11.5,7.9,5.8,False,0.0,True,3.8333333333333335,False,0.0,False,0.0,False,0.0,False,0.0,False,0.0,6-10人気,10-20倍
202408030308,2024,2.0,1.0,3.0,3.7,2.4,6.7,False,0.0,True,1.2333333333333334,True,2.033333333333333,False,0.0,False,0.0,False,0.0,False,0.0,1-2人気,2-5倍
202408030309,2024,4.0,5.0,8.0,6.8,8.2,13.5,False,0.0,False,0.0,False,0.0,False,0.0,False,0.0,False,0.0,False,0.0,3-5人気,5-10倍
202408030310,2024,2.0,7.0,6.0,3.8,21.9,14.5,False,0.0,False,0.0,False,0.0,False,0.0,False,0.0,False,0.0,False,0.0,1-2人気,2-5倍
202408030311,2024,1.0,2.0,7.0,2.8,2.9,23.3,False,0.0,True,0.9333333333333332,False,0.0,False,0.0,False,0.0,False,0.0,False,0.0,1-2人気,2-5倍
202408030312,2024,2.0,3.0,1.0,3.8,4.9,3.2,False,0.0,False,0.0,False,0.0,False,0.0,False,0.0,False,0.0,False,0.0,1-2人気,2-5倍
202408030401,2024,12.0,3.0,10.0,177.3,8.7,93.0,False,0.0,False,0.0,False,0.0,False,0.0,False,0.0,False,0.0,False,0.0,11人気以下,50倍以上
202408030402,2024,3.0,5.0,1.0,5.9,8.1,2.4,False,0.0,False,0.0,False,0.0,False,0.0,False,0.0,False,0.0,False,0.0,3-5人気,5-10倍
202408030403,2024,3.0,13.0,4.0,6.8,163.2,9.0,False,0.0,False,0.0,False,0.0,False,0.0,False,0.0,False,0.0,False,0.0,3-5人気,5-10倍
202408030404,2024,1.0,2.0,3.0,1.9,2.9,5.7,True,1.9,True,0.6333333333333333,True,1.5999999999999999,True,0.5509999999999999,True,1.1019999999999999,False,0.0,False,0.0,1-2人気,1-2倍
202408030405,2024,1.0,7.0,8.0,1.6,36.9,131.8,False,0.0,True,0.5333333333333333,False,0.0,False,0.0,False,0.0,False,0.0,False,0.0,1-2人気,1-2倍
202408030406,2024,1.0,5.0,9.0,2.2,12.4,66.1,True,2.2,True,0.7333333333333334,True,4.866666666666667,True,2.7280000000000006,True,5.456000000000001,True,60.10693333333334,True,180.32080000000002,1-2人気,2-5倍
202408030407,2024,2.0,1.0,6.0,4.3,1.4,20.7,False,0.0,False,0.0,False,0.0,False,0.0,False,0.0,False,0.0,False,0.0,1-2人気,2-5倍
202408030408,2024,2.0,1.0,6.0,3.2,2.6,17.5,False,0.0,True,1.0666666666666667,False,0.0,False,0.0,False,0.0,False,0.0,False,0.0,1-2人気,2-5倍
202408030409,2024,1.0,6.0,4.0,2.8,8.0,7.2,False,0.0,False,0.0,False,0.0,False,0.0,False,0.0,False,0.0,False,0.0,1-2人気,2-5倍
202408030410,2024,9.0,1.0,3.0,27.3,4.1,6.4,False,0.0,False,0.0,False,0.0,False,0.0,False,0.0,False,0.0,False,0.0,6-10人気,20-50倍
202408030411,2024,2.0,3.0,8.0,2.8,7.5,39.8,False,0.0,False,0.0,False,0.0,False,0.0,False,0.0,False,0.0,False,0.0,1-2人気,2-5倍
202408030412,2024,3.0,2.0,4.0,5.8,3.0,7.8,False,0.0,False,0.0,False,0.0,False,0.0,False,0.0,False,0.0,False,0.0,3-5人気,5-10倍
202408030501,2024,4.0,1.0,5.0,6.0,3.3,7.7,False,0.0,False,0.0,False,0.0,False,0.0,False,0.0,False,0.0,False,0.0,3-5人気,5-10倍
202408030502,2024,1.0,2.0,4.0,2.0,3.5,7.0,False,0.0,False,0.0,False,0.0,False,0.0,False,0.0,False,0.0,False,0.0,1-2人気,1-2倍
202408030503,2024,3.0,4.0,11.0,6.8,7.0,195.4,False,0.0,True,2.2666666666666666,True,4.6000000000000005,False,0.0,False,0.0,False,0.0,False,0.0,3-5人気,5-10倍
202408030504,2024,1.0,6.0,3.0,1.2,23.1,10.1,False,0.0,True,0.39999999999999997,False,0.0,False,0.0,False,0.0,False,0.0,False,0.0,1-2人気,1-2倍
202408030505,2024,3.0,2.0,5.0,5.4,3.7,10.9,False,0.0,False,0.0,False,0.0,False,0.0,False,0.0,False,0.0,False,0.0,3-5人気,5-10倍
202408030506,2024,1.0,5.0,2.0,1.8,18.0,4.1,True,1.8,True,0.6,False,0.0,False,0.0,False,0.0,False,0.0,False,0.0,1-2人気,1-2倍
202408030507,2024,1.0,2.0,3.0,1.4,5.1,7.2,True,1.4,True,0.4666666666666666,True,2.1666666666666665,True,0.7139999999999999,True,1.4279999999999997,False,0.0,False,0.0,1-2人気,1-2倍
202408030508,2024,1.0,3.0,4.0,2.5,3.9,9.2,False,0.0,False,0.0,False,0.0,False,0.0,False,0.0,False,0.0,False,0.0,1-2人気,2-5倍
202408030509,2024,5.0,1.0,3.0,17.7,2.0,5.6,False,0.0,False,0.0,False,0.0,False,0.0,False,0.0,False,0.0,False,0.0,3-5人気,10-20倍
202408030510,2024,2.0,3.0,1.0,4.2,5.2,3.8,False,0.0,False,0.0,False,0.0,False,0.0,False,0.0,False,0.0,False,0.0,1-2人気,2-5倍
202408030511,2024,6.0,8.0,12.0,11.6,17.7,41.3,False,0.0,False,0.0,False,0.0,False,0.0,False,0.0,False,0.0,False,0.0,6-10人気,10-20倍
202408030512,2024,1.0,4.0,2.0,3.4,5.3,3.6,False,0.0,True,1.1333333333333333,True,2.9,False,0.0,False,0.0,True,2.1624,False,0.0,1-2人気,2-5倍
202408030601,2024,2.0,1.0,3.0,2.3,2.1,6.4,False,0.0,True,0.7666666666666666,False,0.0,False,0.0,False,0.0,False,0.0,False,0.0,1-2人気,2-5倍
202408030602,2024,2.0,4.0,5.0,4.0,5.1,17.7,False,0.0,False,0.0,False,0.0,False,0.0,False,0.0,False,0.0,False,0.0,1-2人気,2-5倍
202408030603,2024,3.0,4.0,2.0,5.8,10.6,5.2,True,5.8,True,1.9333333333333333,True,5.466666666666666,False,0.0,False,0.0,False,0.0,False,0.0,3-5人気,5-10倍
202408030604,2024,2.0,5.0,7.0,3.1,9.5,24.6,False,0.0,False,0.0,False,0.0,False,0.0,False,0.0,False,0.0,False,0.0,1-2人気,2-5倍
202408030605,2024,6.0,1.0,4.0,12.8,2.6,6.8,False,0.0,False,0.0,False,0.0,False,0.0,False,0.0,False,0.0,False,0.0,6-10人気,10-20倍
202408030606,2024,2.0,12.0,1.0,5.2,51.0,2.5,False,0.0,False,0.0,False,0.0,False,0.0,False,0.0,False,0.0,False,0.0,1-2人気,5-10倍
202408030607,2024,1.0,4.0,3.0,2.6,8.2,5.8,False,0.0,True,0.8666666666666667,False,0.0,False,0.0,False,0.0,False,0.0,False,0.0,1-2人気,2-5倍
202408030608,2024,1.0,6.0,5.0,2.2,13.1,12.3,False,0.0,False,0.0,False,0.0,False,0.0,False,0.0,False,0.0,False,0.0,1-2人気,2-5倍
202408030609,2024,3.0,1.0,2.0,4.2,4.0,4.1,True,4.2,True,1.4000000000000001,True,2.733333333333333,True,1.6800000000000002,True,3.3600000000000003,True,2.296,True,6.888,3-5人気,2-5倍
202408030610,2024,4.0,7.0,9.0,10.9,15.5,41.0,False,0.0,True,3.6333333333333333,False,0.0,False,0.0,False,0.0,False,0.0,False,0.0,3-5人気,10-20倍
202408030611,2024,6.0,1.0,2.0,10.9,3.2,5.0,False,0.0,False,0.0,False,0.0,False,0.0,False,0.0,False,0.0,False,0.0,6-10人気,10-20倍
202408030612,2024,3.0,4.0,6.0,5.9,6.1,8.1,False,0.0,False,0.0,False,0.0,False,0.0,False,0.0,False,0.0,False,0.0,3-5人気,5-10倍
202408030701,2024,3.0,5.0,7.0,4.1,8.6,22.4,False,0.0,True,1.3666666666666665,False,0.0,False,0.0,False,0.0,False,0.0,False,0.0,3-5人気,2-5倍
202408030702,2024,3.0,5.0,6.0,5.0,9.8,16.9,False,0.0,True,1.6666666666666667,False,0.0,False,0.0,False,0.0,False,0.0,False,0.0,3-5人気,2-5倍
202408030703,2024,3.0,1.0,2.0,5.4,2.5,3.5,False,0.0,True,1.8,False,0.0,False,0.0,False,0.0,False,0.0,False,0.0,3-5人気,5-10倍
202408030704,2024,2.0,7.0,3.0,2.8,23.3,7.3,False,0.0,False,0.0,False,0.0,False,0.0,False,0.0,False,0.0,False,0.0,1-2人気,2-5倍
202408030705,2024,5.0,3.0,1.0,4.9,4.7,4.1,True,4.9,True,1.6333333333333335,False,0.0,False,0.0,False,0.0,False,0.0,False,0.0,3-5人気,2-5倍
202408030706,2024,1.0,5.0,2.0,2.0,12.1,3.6,False,0.0,False,0.0,False,0.0,False,0.0,False,0.0,False,0.0,False,0.0,1-2人気,1-2倍
202408030707,2024,2.0,4.0,5.0,4.2,8.4,10.2,False,0.0,False,0.0,False,0.0,False,0.0,False,0.0,False,0.0,False,0.0,1-2人気,2-5倍
202408030708,2024,4.0,2.0,3.0,5.8,4.1,4.3,False,0.0,False,0.0,False,0.0,False,0.0,False,0.0,False,0.0,False,0.0,3-5人気,5-10倍
202408030709,2024,3.0,1.0,4.0,5.4,1.9,9.1,False,0.0,False,0.0,False,0.0,False,0.0,False,0.0,False,0.0,False,0.0,3-5人気,5-10倍
202408030710,2024,2.0,5.0,4.0,5.4,6.5,6.0,False,0.0,False,0.0,False,0.0,False,0.0,False,0.0,False,0.0,False,0.0,1-2人気,5-10倍
202408030711,2024,4.0,6.0,5.0,6.8,16.1,9.1,True,6.8,True,2.2666666666666666,True,7.633333333333334,False,0.0,False,0.0,False,0.0,False,0.0,3-5人気,5-10倍
202408030712,2024,4.0,1.0,6.0,6.0,3.2,11.1,False,0.0,True,2.0,False,0.0,False,0.0,False,0.0,False,0.0,False,0.0,3-5人気,5-10倍
202408030801,2024,1.0,11.0,7.0,3.2,136.1,14.2,False,0.0,True,1.0666666666666667,False,0.0,False,0.0,False,0.0,False,0.0,False,0.0,1-2人気,2-5倍
202408030802,2024,3.0,10.0,9.0,6.3,29.4,21.9,False,0.0,True,2.1,False,0.0,False,0.0,False,0.0,False,0.0,False,0.0,3-5人気,5-10倍
202408030803,2024,1.0,10.0,2.0,1.6,46.9,5.8,True,1.6,True,0.5333333333333333,False,0.0,False,0.0,False,0.0,False,0.0,False,0.0,1-2人気,1-2倍
202408030804,2024,1.0,5.0,7.0,2.3,16.4,17.7,False,0.0,True,0.7666666666666666,False,0.0,False,0.0,False,0.0,False,0.0,False,0.0,1-2人気,2-5倍
202408030805,2024,5.0,2.0,4.0,14.4,3.9,8.6,False,0.0,False,0.0,False,0.0,False,0.0,False,0.0,False,0.0,False,0.0,3-5人気,10-20倍
202408030806,2024,1.0,2.0,4.0,1.9,3.8,6.9,False,0.0,True,0.6333333333333333,False,0.0,False,0.0,False,0.0,False,0.0,False,0.0,1-2人気,1-2倍
202408030807,2024,3.0,1.0,2.0,5.2,3.4,3.7,True,5.2,True,1.7333333333333334,False,0.0,False,0.0,False,0.0,False,0.0,False,0.0,3-5人気,5-10倍
202408030808,2024,2.0,7.0,1.0,4.4,14.2,3.0,False,0.0,False,0.0,False,0.0,False,0.0,False,0.0,False,0.0,False,0.0,1-2人気,2-5倍
202408030809,2024,1.0,4.0,2.0,1.6,9.0,3.7,True,1.6,True,0.5333333333333333,False,0.0,False,0.0,False,0.0,False,0.0,False,0.0,1-2人気,1-2倍
202408030810,2024,1.0,2.0,3.0,3.0,3.3,7.5,False,0.0,True,1.0,False,0.0,False,0.0,False,0.0,False,0.0,False,0.0,1-2人気,2-5倍
202408030811,2024,1.0,3.0,4.0,2.4,5.6,8.2,False,0.0,True,0.7999999999999999,False,0.0,False,0.0,False,0.0,False,0.0,False,0.0,1-2人気,2-5倍
202408030812,2024,5.0,3.0,7.0,7.7,5.3,12.3,False,0.0,False,0.0,False,0.0,False,0.0,False,0.0,False,0.0,False,0.0,3-5人気,5-10倍
202408030901,2024,1.0,9.0,4.0,2.9,36.4,7.5,False,0.0,False,0.0,False,0.0,False,0.0,False,0.0,False,0.0,False,0.0,1-2人気,2-5倍
202408030902,2024,4.0,2.0,5.0,6.1,4.3,10.1,False,0.0,True,2.033333333333333,False,0.0,False,0.0,False,0.0,False,0.0,False,0.0,3-5人気,5-10倍
202408030903,2024,6.0,2.0,8.0,13.7,3.5,40.2,True,13.7,True,4.566666666666666,False,0.0,False,0.0,False,0.0,False,0.0,False,0.0,6-10人気,10-20倍
202408030904,2024,2.0,4.0,3.0,3.8,9.8,6.0,False,0.0,True,1.2666666666666666,False,0.0,False,0.0,False,0.0,False,0.0,False,0.0,1-2人気,2-5倍
202408030905,2024,1.0,2.0,3.0,2.9,4.0,5.9,False,0.0,True,0.9666666666666667,True,2.3000000000000003,False,0.0,False,0.0,False,0.0,False,0.0,1-2人気,2-5倍
202408030906,2024,1.0,3.0,2.0,2.5,4.6,4.5,False,0.0,False,0.0,False,0.0,False,0.0,False,0.0,False,0.0,False,0.0,1-2人気,2-5倍
202408030907,2024,2.0,1.0,9.0,5.7,4.2,15.5,False,0.0,False,0.0,False,0.0,False,0.0,False,0.0,False,0.0,False,0.0,1-2人気,5-10倍
202408030908,2024,2.0,3.0,4.0,5.1,5.2,6.1,False,0.0,False,0.0,False,0.0,False,0.0,False,0.0,False,0.0,False,0.0,1-2人気,5-10倍
202408030909,2024,2.0,10.0,1.0,2.9,40.3,2.0,True,2.9,True,0.9666666666666667,False,0.0,False,0.0,False,0.0,False,0.0,False,0.0,1-2人気,2-5倍
202408030910,2024,1.0,5.0,4.0,1.8,8.6,8.3,False,0.0,False,0.0,False,0.0,False,0.0,False,0.0,False,0.0,False,0.0,1-2人気,1-2倍
202408030911,2024,5.0,2.0,7.0,8.8,5.1,16.1,True,8.8,True,2.9333333333333336,False,0.0,False,0.0,False,0.0,False,0.0,False,0.0,3-5人気,5-10倍
202408030912,2024,4.0,2.0,1.0,6.8,4.7,3.8,True,6.8,True,2.2666666666666666,False,0.0,False,0.0,False,0.0,False,0.0,False,0.0,3-5人気,5-10倍
202408031001,2024,3.0,1.0,6.0,4.7,3.6,13.0,False,0.0,True,1.5666666666666667,True,2.766666666666667,False,0.0,False,0.0,False,0.0,False,0.0,3-5人気,2-5倍
202408031002,2024,4.0,2.0,10.0,7.7,3.3,78.4,False,0.0,False,0.0,False,0.0,False,0.0,False,0.0,False,0.0,False,0.0,3-5人気,5-10倍
202408031003,2024,1.0,11.0,5.0,2.9,49.2,12.1,False,0.0,False,0.0,False,0.0,False,0.0,False,0.0,False,0.0,False,0.0,1-2人気,2-5倍
202408031004,2024,3.0,2.0,1.0,5.6,3.5,2.3,False,0.0,False,0.0,False,0.0,False,0.0,False,0.0,False,0.0,False,0.0,3-5人気,5-10倍
202408031005,2024,8.0,13.0,5.0,17.1,134.6,7.5,False,0.0,False,0.0,False,0.0,False,0.0,False,0.0,False,0.0,False,0.0,6-10人気,10-20倍
202408031006,2024,6.0,2.0,5.0,12.6,4.5,7.8,True,12.6,True,4.2,False,0.0,False,0.0,False,0.0,False,0.0,False,0.0,6-10人気,10-20倍
202408031007,2024,4.0,2.0,10.0,8.5,3.5,53.2,False,0.0,False,0.0,False,0.0,False,0.0,False,0.0,False,0.0,False,0.0,3-5人気,5-10倍
202408031008,2024,7.0,13.0,11.0,17.7,71.9,47.8,False,0.0,True,5.8999999999999995,False,0.0,False,0.0,False,0.0,False,0.0,False,0.0,6-10人気,10-20倍
202408031009,2024,3.0,1.0,4.0,7.0,2.5,7.4,False,0.0,True,2.3333333333333335,True,3.1666666666666665,False,0.0,False,0.0,False,0.0,False,0.0,3-5人気,5-10倍
202408031010,2024,1.0,4.0,5.0,4.2,6.6,7.1,False,0.0,False,0.0,False,0.0,False,0.0,False,0.0,False,0.0,False,0.0,1-2人気,2-5倍
202408031011,2024,1.0,2.0,6.0,3.9,4.0,12.0,False,0.0,False,0.0,False,0.0,False,0.0,False,0.0,False,0.0,False,0.0,1-2人気,2-5倍
202408031012,2024,1.0,2.0,3.0,3.2,4.4,4.9,False,0.0,True,1.0666666666666667,False,0.0,False,0.0,False,0.0,False,0.0,False,0.0,1-2人気,2-5倍
202408031101,2024,7.0,1.0,15.0,25.9,1.9,321.2,False,0.0,False,0.0,False,0.0,False,0.0,False,0.0,False,0.0,False,0.0,6-10人気,20-50倍
202408031102,2024,6.0,1.0,4.0,12.2,2.4,7.3,False,0.0,False,0.0,False,0.0,False,0.0,False,0.0,False,0.0,False,0.0,6-10人気,10-20倍
202408031103,2024,7.0,1.0,2.0,13.2,3.9,4.3,False,0.0,False,0.0,False,0.0,False,0.0,False,0.0,False,0.0,False,0.0,6-10人気,10-20倍
202408031104,2024,1.0,2.0,3.0,3.2,4.5,4.8,True,3.2,True,1.0666666666666667,False,0.0,False,0.0,False,0.0,False,0.0,False,0.0,1-2人気,2-5倍
202408031105,2024,2.0,3.0,1.0,3.4,4.8,3.2,False,0.0,False,0.0,False,0.0,False,0.0,False,0.0,False,0.0,False,0.0,1-2人気,2-5倍
202408031106,2024,6.0,12.0,1.0,14.2,46.2,3.6,False,0.0,False,0.0,False,0.0,False,0.0,False,0.0,False,0.0,False,0.0,6-10人気,10-20倍
202408031107,2024,2.0,5.0,1.0,4.8,10.3,2.0,False,0.0,True,1.5999999999999999,False,0.0,False,0.0,False,0.0,False,0.0,False,0.0,1-2人気,2-5倍
202408031108,2024,3.0,1.0,2.0,4.9,2.8,4.8,False,0.0,False,0.0,False,0.0,False,0.0,False,0.0,False,0.0,False,0.0,3-5人気,2-5倍
202408031109,2024,11.0,4.0,5.0,100.1,4.5,6.7,False,0.0,False,0.0,False,0.0,False,0.0,False,0.0,False,0.0,False,0.0,11人気以下,50倍以上
202408031110,2024,2.0,4.0,5.0,7.7,9.9,11.3,False,0.0,False,0.0,False,0.0,False,0.0,False,0.0,False,0.0,False,0.0,1-2人気,5-10倍
202408031111,2024,1.0,6.0,2.0,2.9,12.3,6.6,False,0.0,False,0.0,False,0.0,False,0.0,False,0.0,False,0.0,False,0.0,1-2人気,2-5倍
202408031112,2024,1.0,4.0,7.0,2.3,9.0,22.7,False,0.0,False,0.0,False,0.0,False,0.0,False,0.0,False,0.0,False,0.0,1-2人気,2-5倍
202408031201,2024,7.0,1.0,5.0,14.7,2.0,13.7,False,0.0,False,0.0,False,0.0,False,0.0,False,0.0,False,0.0,False,0.0,6-10人気,10-20倍
202408031202,2024,12.0,2.0,9.0,164.1,5.1,58.7,False,0.0,False,0.0,False,0.0,False,0.0,False,0.0,False,0.0,False,0.0,11人気以下,50倍以上
202408031203,2024,11.0,3.0,2.0,74.9,6.0,4.5,False,0.0,False,0.0,False,0.0,False,0.0,False,0.0,False,0.0,False,0.0,11人気以下,50倍以上
202408031204,2024,1.0,3.0,8.0,2.2,6.7,19.9,True,2.2,True,0.7333333333333334,False,0.0,False,0.0,False,0.0,False,0.0,False,0.0,1-2人気,2-5倍
202408031205,2024,6.0,2.0,5.0,14.9,3.4,10.7,False,0.0,False,0.0,False,0.0,False,0.0,False,0.0,False,0.0,False,0.0,6-10人気,10-20倍
202408031206,2024,1.0,4.0,2.0,3.1,6.5,3.2,False,0.0,False,0.0,False,0.0,False,0.0,False,0.0,False,0.0,False,0.0,1-2人気,2-5倍
202408031207,2024,1.0,2.0,3.0,2.5,2.9,3.8,False,0.0,True,0.8333333333333334,True,1.8,True,0.725,False,0.0,True,0.9183333333333332,False,0.0,1-2人気,2-5倍
202408031208,2024,2.0,5.0,3.0,3.9,8.8,5.3,False,0.0,True,1.3,False,0.0,False,0.0,False,0.0,False,0.0,False,0.0,1-2人気,2-5倍
202408031209,2024,1.0,5.0,4.0,3.0,8.1,5.4,False,0.0,False,0.0,False,0.0,False,0.0,False,0.0,False,0.0,False,0.0,1-2人気,2-5倍
202408031210,2024,2.0,7.0,5.0,5.6,12.8,7.2,False,0.0,False,0.0,False,0.0,False,0.0,False,0.0,False,0.0,False,0.0,1-2人気,5-10倍
202408031211,2024,3.0,5.0,2.0,6.1,8.0,3.9,False,0.0,False,0.0,False,0.0,False,0.0,False,0.0,False,0.0,False,0.0,3-5人気,5-10倍
202408031212,2024,6.0,3.0,2.0,10.3,6.9,4.2,False,0.0,False,0.0,False,0.0,False,0.0,False,0.0,False,0.0,False,0.0,6-10人気,10-20倍
202408040101,2024,1.0,4.0,5.0,3.1,5.5,6.6,True,3.1,True,1.0333333333333334,True,2.8666666666666667,True,1.705,True,3.41,False,0.0,False,0.0,1-2人気,2-5倍
202408040102,2024,2.0,9.0,3.0,4.7,75.6,5.9,False,0.0,True,1.5666666666666667,False,0.0,False,0.0,False,0.0,False,0.0,False,0.0,1-2人気,2-5倍
202408040103,2024,3.0,2.0,6.0,4.8,3.9,11.1,False,0.0,False,0.0,False,0.0,False,0.0,False,0.0,False,0.0,False,0.0,3-5人気,2-5倍
202408040104,2024,5.0,2.0,9.0,11.2,2.7,38.9,False,0.0,False,0.0,False,0.0,False,0.0,False,0.0,False,0.0,False,0.0,3-5人気,10-20倍
202408040105,2024,1.0,6.0,5.0,2.1,24.6,12.2,True,2.1,True,0.7000000000000001,False,0.0,False,0.0,False,0.0,False,0.0,False,0.0,1-2人気,2-5倍
202408040106,2024,5.0,9.0,7.0,13.7,33.5,17.4,False,0.0,False,0.0,False,0.0,False,0.0,False,0.0,False,0.0,False,0.0,3-5人気,10-20倍
202408040107,2024,4.0,5.0,6.0,8.6,10.8,22.8,False,0.0,True,2.8666666666666667,False,0.0,False,0.0,False,0.0,False,0.0,False,0.0,3-5人気,5-10倍
202408040108,2024,5.0,3.0,2.0,11.1,5.2,3.1,False,0.0,False,0.0,False,0.0,False,0.0,False,0.0,False,0.0,False,0.0,3-5人気,10-20倍
202408040109,2024,4.0,9.0,8.0,6.9,26.3,24.3,True,6.9,True,2.3000000000000003,False,0.0,False,0.0,False,0.0,False,0.0,False,0.0,3-5人気,5-10倍
202408040110,2024,1.0,6.0,5.0,2.6,10.9,8.6,False,0.0,True,0.8666666666666667,True,4.5,False,0.0,False,0.0,False,0.0,False,0.0,1-2人気,2-5倍
202408040111,2024,1.0,2.0,4.0,2.5,2.8,7.8,True,2.5,True,0.8333333333333334,True,1.7666666666666666,True,0.7,True,1.4,False,0.0,False,0.0,1-2人気,2-5倍
202408040112,2024,1.0,10.0,6.0,2.5,22.7,17.6,False,0.0,False,0.0,False,0.0,False,0.0,False,0.0,False,0.0,False,0.0,1-2人気,2-5倍
202408040201,2024,2.0,4.0,1.0,3.5,6.8,2.7,True,3.5,True,1.1666666666666667,False,0.0,False,0.0,False,0.0,False,0.0,False,0.0,1-2人気,2-5倍
202408040202,2024,3.0,12.0,5.0,6.2,87.5,7.9,False,0.0,False,0.0,False,0.0,False,0.0,False,0.0,False,0.0,False,0.0,3-5人気,5-10倍
202408040203,2024,3.0,4.0,6.0,4.1,12.6,15.7,True,4.1,True,1.3666666666666665,False,0.0,False,0.0,False,0.0,False,0.0,False,0.0,3-5人気,2-5倍
202408040204,2024,1.0,12.0,2.0,2.3,132.8,3.4,True,2.3,True,0.7666666666666666,False,0.0,False,0.0,False,0.0,False,0.0,False,0.0,1-2人気,2-5倍
202408040205,2024,8.0,5.0,1.0,24.2,14.3,2.7,False,0.0,False,0.0,False,0.0,False,0.0,False,0.0,False,0.0,False,0.0,6-10人気,20-50倍
202408040206,2024,3.0,10.0,6.0,3.8,83.8,30.3,True,3.8,True,1.2666666666666666,False,0.0,False,0.0,False,0.0,False,0.0,False,0.0,3-5人気,2-5倍
202408040207,2024,1.0,7.0,5.0,1.6,30.3,14.8,False,0.0,True,0.5333333333333333,False,0.0,False,0.0,False,0.0,False,0.0,False,0.0,1-2人気,1-2倍
202408040208,2024,2.0,5.0,1.0,3.3,17.1,2.3,True,3.3,True,1.0999999999999999,True,6.800000000000001,True,5.643,True,11.286,False,0.0,False,0.0,1-2人気,2-5倍
202408040209,2024,2.0,1.0,7.0,4.8,2.3,27.8,False,0.0,False,0.0,False,0.0,False,0.0,False,0.0,False,0.0,False,0.0,1-2人気,2-5倍
202408040210,2024,5.0,9.0,7.0,6.5,28.4,9.5,False,0.0,False,0.0,False,0.0,False,0.0,False,0.0,False,0.0,False,0.0,3-5人気,5-10倍
202408040211,2024,2.0,4.0,1.0,4.7,7.1,4.7,False,0.0,False,0.0,False,0.0,False,0.0,False,0.0,False,0.0,False,0.0,1-2人気,2-5倍
202408040212,2024,5.0,4.0,7.0,10.9,6.3,14.3,False,0.0,False,0.0,False,0.0,False,0.0,False,0.0,False,0.0,False,0.0,3-5人気,10-20倍
202408040301,2024,10.0,7.0,1.0,44.1,17.1,1.7,False,0.0,False,0.0,False,0.0,False,0.0,False,0.0,False,0.0,False,0.0,6-10人気,20-50倍
202408040302,2024,1.0,4.0,5.0,3.2,5.7,7.9,False,0.0,False,0.0,False,0.0,False,0.0,False,0.0,False,0.0,False,0.0,1-2人気,2-5倍
202408040303,2024,5.0,1.0,4.0,12.5,2.3,9.0,False,0.0,False,0.0,False,0.0,False,0.0,False,0.0,False,0.0,False,0.0,3-5人気,10-20倍
202408040304,2024,13.0,7.0,4.0,56.1,19.5,6.6,False,0.0,False,0.0,False,0.0,False,0.0,False,0.0,False,0.0,False,0.0,11人気以下,50倍以上
202408040305,2024,1.0,5.0,3.0,2.9,8.1,6.2,False,0.0,False,0.0,False,0.0,False,0.0,False,0.0,False,0.0,False,0.0,1-2人気,2-5倍
202408040306,2024,1.0,3.0,8.0,1.9,5.4,35.7,True,1.9,True,0.6333333333333333,False,0.0,False,0.0,False,0.0,False,0.0,False,0.0,1-2人気,1-2倍
202408040307,2024,6.0,5.0,8.0,17.8,13.3,34.4,True,17.8,True,5.933333333333334,False,0.0,False,0.0,False,0.0,False,0.0,False,0.0,6-10人気,10-20倍
202408040308,2024,4.0,9.0,7.0,6.4,104.2,29.5,False,0.0,False,0.0,False,0.0,False,0.0,False,0.0,False,0.0,False,0.0,3-5人気,5-10倍
202408040309,2024,1.0,3.0,8.0,1.4,6.0,84.0,True,1.4,True,0.4666666666666666,False,0.0,False,0.0,False,0.0,False,0.0,False,0.0,1-2人気,1-2倍
202408040310,2024,4.0,5.0,3.0,9.0,11.2,6.9,False,0.0,True,3.0,True,6.733333333333333,False,0.0,False,0.0,False,0.0,False,0.0,3-5人気,5-10倍
202408040311,2024,1.0,2.0,3.0,1.8,4.8,5.7,True,1.8,True,0.6,True,2.1999999999999997,False,0.0,False,0.0,False,0.0,False,0.0,1-2人気,1-2倍
202408040312,2024,4.0,11.0,6.0,7.8,47.9,26.1,False,0.0,False,0.0,False,0.0,False,0.0,False,0.0,False,0.0,False,0.0,3-5人気,5-10倍
202408040401,2024,1.0,2.0,6.0,1.7,3.4,20.1,True,1.7,True,0.5666666666666667,True,1.7,True,0.578,True,1.156,True,3.8726,True,11.617799999999999,1-2人気,1-2倍
202408040402,2024,1.0,3.0,6.0,2.2,7.0,17.5,False,0.0,True,0.7333333333333334,False,0.0,False,0.0,False,0.0,False,0.0,False,0.0,1-2人気,2-5倍
202408040403,2024,2.0,1.0,8.0,3.4,2.0,16.9,True,3.4,True,1.1333333333333333,False,0.0,False,0.0,False,0.0,False,0.0,False,0.0,1-2人気,2-5倍
202408040404,2024,4.0,1.0,2.0,9.1,2.5,2.9,False,0.0,False,0.0,False,0.0,False,0.0,False,0.0,False,0.0,False,0.0,3-5人気,5-10倍
202408040405,2024,2.0,1.0,3.0,4.0,1.6,6.6,False,0.0,True,1.3333333333333333,True,1.8666666666666665,False,0.0,False,0.0,True,1.4080000000000001,False,0.0,1-2人気,2-5倍
202408040406,2024,5.0,1.0,10.0,14.9,1.8,41.4,False,0.0,False,0.0,False,0.0,False,0.0,False,0.0,False,0.0,False,0.0,3-5人気,10-20倍
202408040407,2024,9.0,2.0,8.0,66.6,5.4,46.6,False,0.0,False,0.0,False,0.0,False,0.0,False,0.0,False,0.0,False,0.0,6-10人気,50倍以上
202408040408,2024,7.0,5.0,4.0,14.0,11.0,8.3,False,0.0,False,0.0,False,0.0,False,0.0,False,0.0,False,0.0,False,0.0,6-10人気,10-20倍
202408040409,2024,1.0,3.0,5.0,1.2,13.7,17.2,True,1.2,True,0.39999999999999997,True,4.966666666666666,True,1.6439999999999997,True,3.2879999999999994,False,0.0,False,0.0,1-2人気,1-2倍
202408040410,2024,1.0,3.0,7.0,1.9,7.6,19.4,True,1.9,True,0.6333333333333333,False,0.0,False,0.0,False,0.0,False,0.0,False,0.0,1-2人気,1-2倍
202408040411,2024,1.0,2.0,4.0,1.8,5.6,9.6,True,1.8,True,0.6,True,2.4666666666666663,False,0.0,False,0.0,False,0.0,False,0.0,1-2人気,1-2倍
202408040412,2024,3.0,7.0,6.0,8.4,15.4,15.2,False,0.0,True,2.8000000000000003,False,0.0,False,0.0,False,0.0,False,0.0,False,0.0,3-5人気,5-10倍
202408040501,2024,2.0,1.0,3.0,4.7,1.7,9.8,False,0.0,False,0.0,False,0.0,False,0.0,False,0.0,False,0.0,False,0.0,1-2人気,2-5倍
202408040502,2024,3.0,12.0,5.0,6.5,109.1,9.9,False,0.0,False,0.0,False,0.0,False,0.0,False,0.0,False,0.0,False,0.0,3-5人気,5-10倍
202408040503,2024,1.0,2.0,16.0,1.7,3.6,298.2,False,0.0,True,0.5666666666666667,True,1.7666666666666666,False,0.0,False,0.0,False,0.0,False,0.0,1-2人気,1-2倍
202408040504,2024,7.0,2.0,1.0,38.6,5.1,1.8,False,0.0,False,0.0,False,0.0,False,0.0,False,0.0,False,0.0,False,0.0,6-10人気,20-50倍
202408040505,2024,1.0,2.0,10.0,2.2,3.8,45.7,False,0.0,True,0.7333333333333334,True,2.0,True,0.836,False,0.0,True,12.735066666666667,False,0.0,1-2人気,2-5倍
202408040506,2024,5.0,9.0,1.0,11.2,70.4,2.0,False,0.0,True,3.733333333333333,False,0.0,False,0.0,False,0.0,False,0.0,False,0.0,3-5人気,10-20倍
202408040507,2024,1.0,2.0,6.0,1.7,3.2,23.6,False,0.0,True,0.5666666666666667,True,1.6333333333333335,True,0.544,False,0.0,False,0.0,False,0.0,1-2人気,1-2倍
202408040508,2024,2.0,1.0,9.0,6.9,1.3,40.5,False,0.0,False,0.0,False,0.0,False,0.0,False,0.0,False,0.0,False,0.0,1-2人気,5-10倍
202408040509,2024,1.0,5.0,4.0,2.5,13.8,13.7,False,0.0,True,0.8333333333333334,False,0.0,False,0.0,False,0.0,False,0.0,False,0.0,1-2人気,2-5倍
202408040510,2024,2.0,3.0,1.0,4.5,6.2,2.5,True,4.5,True,1.5,False,0.0,False,0.0,False,0.0,False,0.0,False,0.0,1-2人気,2-5倍
202408040511,2024,3.0,2.0,7.0,5.6,4.5,16.2,False,0.0,True,1.8666666666666665,False,0.0,False,0.0,False,0.0,False,0.0,False,0.0,3-5人気,5-10倍
202408040512,2024,7.0,4.0,6.0,18.6,16.1,18.3,False,0.0,False,0.0,False,0.0,False,0.0,False,0.0,False,0.0,False,0.0,6-10人気,10-20倍
202408040601,2024,1.0,5.0,2.0,1.3,28.1,6.4,True,1.3,True,0.43333333333333335,False,0.0,False,0.0,False,0.0,False,0.0,False,0.0,1-2人気,1-2倍
202408040602,2024,2.0,5.0,4.0,3.1,19.3,8.1,False,0.0,False,0.0,False,0.0,False,0.0,False,0.0,False,0.0,False,0.0,1-2人気,2-5倍
202408040603,2024,3.0,5.0,11.0,5.3,8.3,65.3,True,5.3,True,1.7666666666666666,False,0.0,False,0.0,False,0.0,False,0.0,False,0.0,3-5人気,5-10倍
202408040604,2024,12.0,15.0,10.0,81.2,263.8,35.9,False,0.0,False,0.0,False,0.0,False,0.0,False,0.0,False,0.0,False,0.0,11人気以下,50倍以上
202408040605,2024,1.0,3.0,2.0,1.7,8.0,3.8,False,0.0,True,0.5666666666666667,False,0.0,False,0.0,False,0.0,False,0.0,False,0.0,1-2人気,1-2倍
202408040606,2024,2.0,7.0,13.0,4.3,20.1,193.9,False,0.0,True,1.4333333333333333,False,0.0,False,0.0,False,0.0,False,0.0,False,0.0,1-2人気,2-5倍
202408040607,2024,3.0,1.0,5.0,6.4,2.0,13.4,False,0.0,False,0.0,False,0.0,False,0.0,False,0.0,False,0.0,False,0.0,3-5人気,5-10倍
202408040608,2024,1.0,4.0,6.0,2.2,9.1,12.8,False,0.0,True,0.7333333333333334,False,0.0,False,0.0,False,0.0,False,0.0,False,0.0,1-2人気,2-5倍
202408040609,2024,1.0,2.0,3.0,1.3,6.2,6.6,True,1.3,True,0.43333333333333335,True,2.5,True,0.806,True,1.612,True,1.7731999999999999,True,5.319599999999999,1-2人気,1-2倍
202408040610,2024,1.0,7.0,5.0,2.0,25.4,14.2,False,0.0,False,0.0,False,0.0,False,0.0,False,0.0,False,0.0,False,0.0,1-2人気,1-2倍
202408040611,2024,1.0,7.0,2.0,3.4,12.9,7.5,False,0.0,True,1.1333333333333333,False,0.0,False,0.0,False,0.0,False,0.0,False,0.0,1-2人気,2-5倍
202408040612,2024,1.0,7.0,4.0,2.2,25.7,8.4,False,0.0,False,0.0,False,0.0,False,0.0,False,0.0,False,0.0,False,0.0,1-2人気,2-5倍
202408040701,2024,3.0,1.0,2.0,32.2,1.1,17.1,False,0.0,True,10.733333333333334,True,11.100000000000001,False,0.0,False,0.0,True,20.18940000000001,False,0.0,3-5人気,20-50倍
202408040702,2024,5.0,4.0,8.0,22.4,15.2,30.5,False,0.0,False,0.0,False,0.0,False,0.0,False,0.0,False,0.0,False,0.0,3-5人気,20-50倍
202408040703,2024,2.0,10.0,1.0,6.5,29.6,2.4,False,0.0,False,0.0,False,0.0,False,0.0,False,0.0,False,0.0,False,0.0,1-2人気,5-10倍
202408040704,2024,5.0,3.0,6.0,9.6,6.3,15.6,False,0.0,False,0.0,False,0.0,False,0.0,False,0.0,False,0.0,False,0.0,3-5人気,5-10倍
202408040705,2024,1.0,5.0,4.0,1.9,12.1,11.6,False,0.0,False,0.0,False,0.0,False,0.0,False,0.0,False,0.0,False,0.0,1-2人気,1-2倍
202408040706,2024,2.0,1.0,5.0,4.6,2.4,13.0,False,0.0,False,0.0,False,0.0,False,0.0,False,0.0,False,0.0,False,0.0,1-2人気,2-5倍
202408040707,2024,7.0,6.0,3.0,28.1,17.2,5.6,False,0.0,False,0.0,False,0.0,False,0.0,False,0.0,False,0.0,False,0.0,6-10人気,20-50倍
202408040708,2024,1.0,3.0,4.0,1.5,7.1,11.9,False,0.0,True,0.5,True,2.8666666666666667,False,0.0,False,0.0,False,0.0,False,0.0,1-2人気,1-2倍
202408040709,2024,3.0,1.0,2.0,4.2,3.3,3.7,True,4.2,True,1.4000000000000001,False,0.0,False,0.0,False,0.0,False,0.0,False,0.0,3-5人気,2-5倍
202408040710,2024,1.0,7.0,10.0,3.4,18.1,37.3,False,0.0,True,1.1333333333333333,False,0.0,False,0.0,False,0.0,False,0.0,False,0.0,1-2人気,2-5倍
202408040711,2024,6.0,2.0,3.0,12.5,4.6,6.7,False,0.0,False,0.0,False,0.0,False,0.0,False,0.0,False,0.0,False,0.0,6-10人気,10-20倍
202408040712,2024,4.0,7.0,2.0,10.4,30.6,2.6,False,0.0,False,0.0,False,0.0,False,0.0,False,0.0,False,0.0,False,0.0,3-5人気,10-20倍
202408040801,2024,1.0,4.0,7.0,2.5,11.1,12.6,False,0.0,False,0.0,False,0.0,False,0.0,False,0.0,False,0.0,False,0.0,1-2人気,2-5倍
202408040802,2024,4.0,1.0,3.0,14.8,2.2,9.1,False,0.0,False,0.0,False,0.0,False,0.0,False,0.0,False,0.0,False,0.0,3-5人気,10-20倍
202408040803,2024,2.0,1.0,8.0,5.2,1.9,35.3,False,0.0,False,0.0,False,0.0,False,0.0,False,0.0,False,0.0,False,0.0,1-2人気,5-10倍
202408040804,2024,2.0,1.0,8.0,4.0,3.6,17.8,False,0.0,True,1.3333333333333333,False,0.0,False,0.0,False,0.0,False,0.0,False,0.0,1-2人気,2-5倍
202408040805,2024,1.0,2.0,5.0,1.7,2.9,16.2,True,1.7,True,0.5666666666666667,True,1.5333333333333332,True,0.493,True,0.986,True,2.6621999999999995,True,7.986599999999998,1-2人気,1-2倍
202408040806,2024,1.0,4.0,3.0,2.6,10.1,3.8,True,2.6,True,0.8666666666666667,False,0.0,False,0.0,False,0.0,False,0.0,False,0.0,1-2人気,2-5倍
202408040807,2024,8.0,3.0,2.0,20.7,4.6,3.6,False,0.0,False,0.0,False,0.0,False,0.0,False,0.0,False,0.0,False,0.0,6-10人気,20-50倍
202408040808,2024,1.0,2.0,5.0,2.3,2.9,16.1,False,0.0,False,0.0,False,0.0,False,0.0,False,0.0,False,0.0,False,0.0,1-2人気,2-5倍
202408040809,2024,5.0,2.0,3.0,22.3,5.2,6.2,False,0.0,True,7.433333333333334,True,9.166666666666666,False,0.0,False,0.0,True,23.96506666666667,False,0.0,3-5人気,20-50倍
202408040810,2024,1.0,3.0,9.0,2.5,6.5,33.1,True,2.5,True,0.8333333333333334,False,0.0,False,0.0,False,0.0,False,0.0,False,0.0,1-2人気,2-5倍
202408040811,2024,4.0,2.0,1.0,10.5,3.7,2.3,False,0.0,False,0.0,False,0.0,False,0.0,False,0.0,False,0.0,False,0.0,3-5人気,10-20倍
202408040812,2024,2.0,1.0,6.0,5.2,2.6,12.3,False,0.0,False,0.0,False,0.0,False,0.0,False,0.0,False,0.0,False,0.0,1-2人気,5-10倍
202408050101,2024,1.0,7.0,12.0,1.6,28.9,192.0,True,1.6,True,0.5333333333333333,False,0.0,False,0.0,False,0.0,False,0.0,False,0.0,1-2人気,1-2倍
202408050102,2024,1.0,4.0,2.0,3.9,5.1,4.1,False,0.0,True,1.3,True,3.0,False,0.0,False,0.0,False,0.0,False,0.0,1-2人気,2-5倍
202408050103,2024,4.0,2.0,1.0,6.5,4.1,1.9,False,0.0,True,2.1666666666666665,True,3.533333333333333,False,0.0,False,0.0,True,1.6878333333333333,False,0.0,3-5人気,5-10倍
202408050104,2024,1.0,3.0,2.0,2.5,4.6,3.9,False,0.0,False,0.0,False,0.0,False,0.0,False,0.0,False,0.0,False,0.0,1-2人気,2-5倍
202408050105,2024,1.0,2.0,3.0,2.7,3.6,3.9,False,0.0,False,0.0,False,0.0,False,0.0,False,0.0,False,0.0,False,0.0,1-2人気,2-5倍
202408050106,2024,1.0,5.0,11.0,2.0,11.0,60.1,False,0.0,False,0.0,False,0.0,False,0.0,False,0.0,False,0.0,False,0.0,1-2人気,1-2倍
202408050107,2024,2.0,6.0,1.0,4.0,7.0,3.9,False,0.0,True,1.3333333333333333,True,3.6666666666666665,False,0.0,False,0.0,True,3.64,False,0.0,1-2人気,2-5倍
202408050108,2024,3.0,1.0,4.0,7.1,1.1,38.0,False,0.0,True,2.3666666666666667,True,2.733333333333333,True,0.781,False,0.0,False,0.0,False,0.0,3-5人気,5-10倍
202408050109,2024,3.0,9.0,2.0,5.0,36.0,3.4,True,5.0,True,1.6666666666666667,False,0.0,False,0.0,False,0.0,False,0.0,False,0.0,3-5人気,2-5倍
202408050110,2024,2.0,9.0,3.0,3.2,32.7,8.2,False,0.0,True,1.0666666666666667,False,0.0,False,0.0,False,0.0,False,0.0,False,0.0,1-2人気,2-5倍
202408050111,2024,4.0,1.0,9.0,7.8,5.5,19.1,False,0.0,False,0.0,False,0.0,False,0.0,False,0.0,False,0.0,False,0.0,3-5人気,5-10倍
202408050112,2024,11.0,3.0,4.0,43.6,8.0,11.0,False,0.0,False,0.0,False,0.0,False,0.0,False,0.0,False,0.0,False,0.0,11人気以下,20-50倍
202408050201,2024,1.0,2.0,4.0,1.1,12.4,25.1,True,1.1,True,0.3666666666666667,False,0.0,False,0.0,False,0.0,False,0.0,False,0.0,1-2人気,1-2倍
202408050202,2024,6.0,4.0,3.0,9.8,6.9,5.0,False,0.0,False,0.0,False,0.0,False,0.0,False,0.0,False,0.0,False,0.0,6-10人気,5-10倍
202408050203,2024,3.0,1.0,4.0,8.3,2.1,10.4,False,0.0,False,0.0,False,0.0,False,0.0,False,0.0,False,0.0,False,0.0,3-5人気,5-10倍
202408050204,2024,3.0,2.0,8.0,5.2,4.8,21.0,False,0.0,False,0.0,False,0.0,False,0.0,False,0.0,False,0.0,False,0.0,3-5人気,5-10倍
202408050205,2024,1.0,3.0,2.0,2.5,7.0,2.8,True,2.5,True,0.8333333333333334,False,0.0,False,0.0,False,0.0,False,0.0,False,0.0,1-2人気,2-5倍
202408050206,2024,1.0,2.0,3.0,2.0,3.8,4.7,True,2.0,True,0.6666666666666666,True,1.9333333333333333,True,0.76,True,1.52,False,0.0,False,0.0,1-2人気,1-2倍
202408050207,2024,4.0,8.0,6.0,7.1,12.2,9.2,False,0.0,False,0.0,False,0.0,False,0.0,False,0.0,False,0.0,False,0.0,3-5人気,5-10倍
202408050208,2024,4.0,2.0,1.0,8.2,4.3,1.8,False,0.0,True,2.733333333333333,False,0.0,False,0.0,False,0.0,False,0.0,False,0.0,3-5人気,5-10倍
202408050209,2024,1.0,5.0,7.0,3.6,7.8,12.4,False,0.0,False,0.0,False,0.0,False,0.0,False,0.0,False,0.0,False,0.0,1-2人気,2-5倍
202408050210,2024,3.0,5.0,1.0,5.2,8.0,3.2,False,0.0,False,0.0,False,0.0,False,0.0,False,0.0,False,0.0,False,0.0,3-5人気,5-10倍
202408050211,2024,2.0,1.0,3.0,2.8,2.6,6.1,False,0.0,False,0.0,False,0.0,False,0.0,False,0.0,False,0.0,False,0.0,1-2人気,2-5倍
202408050212,2024,3.0,6.0,14.0,4.4,14.2,134.1,False,0.0,False,0.0,False,0.0,False,0.0,False,0.0,False,0.0,False,0.0,3-5人気,2-5倍
202408050301,2024,5.0,3.0,4.0,16.4,5.3,7.9,False,0.0,False,0.0,False,0.0,False,0.0,False,0.0,False,0.0,False,0.0,3-5人気,10-20倍
202408050302,2024,2.0,1.0,3.0,4.3,1.3,12.4,False,0.0,True,1.4333333333333333,True,1.8666666666666665,True,0.5589999999999999,False,0.0,False,0.0,False,0.0,1-2人気,2-5倍
202408050303,2024,4.0,3.0,6.0,9.0,4.7,13.9,False,0.0,True,3.0,False,0.0,False,0.0,False,0.0,False,0.0,False,0.0,3-5人気,5-10倍
202408050304,2024,1.0,7.0,11.0,2.6,18.1,65.3,False,0.0,False,0.0,False,0.0,False,0.0,False,0.0,False,0.0,False,0.0,1-2人気,2-5倍
202408050305,2024,1.0,3.0,9.0,3.3,3.5,36.3,True,3.3,True,1.0999999999999999,False,0.0,False,0.0,False,0.0,False,0.0,False,0.0,1-2人気,2-5倍
202408050306,2024,2.0,4.0,5.0,3.3,7.2,10.7,False,0.0,False,0.0,False,0.0,False,0.0,False,0.0,False,0.0,False,0.0,1-2人気,2-5倍
202408050307,2024,9.0,1.0,7.0,33.5,3.4,22.1,False,0.0,True,11.166666666666666,True,12.299999999999999,False,0.0,False,0.0,False,0.0,False,0.0,6-10人気,20-50倍
202408050308,2024,2.0,4.0,1.0,2.3,9.5,2.2,False,0.0,True,0.7666666666666666,True,3.9333333333333336,False,0.0,False,0.0,False,0.0,False,0.0,1-2人気,2-5倍
202408050309,2024,6.0,1.0,4.0,26.4,1.3,24.1,False,0.0,False,0.0,False,0.0,False,0.0,False,0.0,False,0.0,False,0.0,6-10人気,20-50倍
202408050310,2024,2.0,1.0,3.0,5.3,4.6,5.5,False,0.0,False,0.0,False,0.0,False,0.0,False,0.0,False,0.0,False,0.0,1-2人気,5-10倍
202408050311,2024,2.0,9.0,4.0,3.7,26.2,14.3,False,0.0,True,1.2333333333333334,False,0.0,False,0.0,False,0.0,False,0.0,False,0.0,1-2人気,2-5倍
202408050312,2024,7.0,1.0,5.0,12.0,3.7,10.2,False,0.0,False,0.0,False,0.0,False,0.0,False,0.0,False,0.0,False,0.0,6-10人気,10-20倍
202408050401,2024,1.0,2.0,4.0,3.1,3.1,6.6,True,3.1,True,1.0333333333333334,True,2.066666666666667,False,0.0,False,0.0,False,0.0,False,0.0,1-2人気,2-5倍
202408050402,2024,1.0,4.0,2.0,2.9,6.9,2.9,False,0.0,True,0.9666666666666667,False,0.0,False,0.0,False,0.0,False,0.0,False,0.0,1-2人気,2-5倍
202408050403,2024,1.0,2.0,5.0,1.7,2.8,21.4,True,1.7,True,0.5666666666666667,True,1.5,True,0.476,True,0.952,False,0.0,False,0.0,1-2人気,1-2倍
202408050404,2024,1.0,6.0,4.0,1.9,16.9,8.3,False,0.0,False,0.0,False,0.0,False,0.0,False,0.0,False,0.0,False,0.0,1-2人気,1-2倍
202408050405,2024,2.0,3.0,1.0,4.5,4.9,3.4,False,0.0,True,1.5,False,0.0,False,0.0,False,0.0,False,0.0,False,0.0,1-2人気,2-5倍
202408050406,2024,7.0,2.0,4.0,22.2,3.1,11.4,True,22.2,True,7.3999999999999995,False,0.0,False,0.0,False,0.0,False,0.0,False,0.0,6-10人気,20-50倍
202408050407,2024,4.0,2.0,6.0,5.2,3.9,10.4,False,0.0,False,0.0,False,0.0,False,0.0,False,0.0,False,0.0,False,0.0,3-5人気,5-10倍
202408050408,2024,1.0,6.0,3.0,2.2,29.4,4.5,False,0.0,True,0.7333333333333334,False,0.0,False,0.0,False,0.0,False,0.0,False,0.0,1-2人気,2-5倍
202408050409,2024,1.0,6.0,4.0,2.8,11.4,8.3,False,0.0,True,0.9333333333333332,False,0.0,False,0.0,False,0.0,False,0.0,False,0.0,1-2人気,2-5倍
202408050410,2024,2.0,8.0,11.0,5.3,17.7,29.5,False,0.0,True,1.7666666666666666,False,0.0,False,0.0,False,0.0,False,0.0,False,0.0,1-2人気,5-10倍
202408050411,2024,1.0,3.0,9.0,2.3,6.8,27.4,True,2.3,True,0.7666666666666666,False,0.0,False,0.0,False,0.0,False,0.0,False,0.0,1-2人気,2-5倍
202408050412,2024,2.0,3.0,4.0,4.2,7.2,13.4,False,0.0,True,1.4000000000000001,True,3.8000000000000003,True,3.024,False,0.0,False,0.0,False,0.0,1-2人気,2-5倍
202408050501,2024,2.0,3.0,1.0,3.6,5.6,2.0,True,3.6,True,1.2,False,0.0,False,0.0,False,0.0,False,0.0,False,0.0,1-2人気,2-5倍
202408050502,2024,2.0,3.0,5.0,5.2,5.3,5.7,False,0.0,True,1.7333333333333334,False,0.0,False,0.0,False,0.0,False,0.0,False,0.0,1-2人気,5-10倍
202408050503,2024,3.0,2.0,1.0,4.6,4.1,2.0,False,0.0,True,1.5333333333333332,False,0.0,False,0.0,False,0.0,False,0.0,False,0.0,3-5人気,2-5倍
202408050504,2024,1.0,4.0,2.0,2.9,8.4,4.4,False,0.0,False,0.0,False,0.0,False,0.0,False,0.0,False,0.0,False,0.0,1-2人気,2-5倍
202408050505,2024,4.0,6.0,1.0,8.0,14.3,2.7,False,0.0,False,0.0,False,0.0,False,0.0,False,0.0,False,0.0,False,0.0,3-5人気,5-10倍
202408050506,2024,1.0,2.0,4.0,2.1,3.0,6.9,False,0.0,True,0.7000000000000001,True,1.7,True,0.6300000000000001,False,0.0,True,1.4490000000000003,False,0.0,1-2人気,2-5倍
202408050507,2024,2.0,5.0,11.0,3.3,10.5,80.9,False,0.0,False,0.0,False,0.0,False,0.0,False,0.0,False,0.0,False,0.0,1-2人気,2-5倍
202408050508,2024,4.0,1.0,7.0,6.8,3.1,19.6,True,6.8,True,2.2666666666666666,False,0.0,False,0.0,False,0.0,False,0.0,False,0.0,3-5人気,5-10倍
202408050509,2024,6.0,5.0,3.0,12.3,10.6,5.8,False,0.0,False,0.0,False,0.0,False,0.0,False,0.0,False,0.0,False,0.0,6-10人気,10-20倍
202408050510,2024,3.0,5.0,2.0,5.6,15.4,3.9,True,5.6,True,1.8666666666666665,False,0.0,False,0.0,False,0.0,False,0.0,False,0.0,3-5人気,5-10倍
202408050511,2024,3.0,1.0,5.0,6.0,3.3,8.2,False,0.0,False,0.0,False,0.0,False,0.0,False,0.0,False,0.0,False,0.0,3-5人気,5-10倍
202408050512,2024,4.0,2.0,10.0,7.0,5.1,33.3,False,0.0,False,0.0,False,0.0,False,0.0,False,0.0,False,0.0,False,0.0,3-5人気,5-10倍
202408050601,2024,1.0,3.0,7.0,1.1,7.8,46.9,True,1.1,True,0.3666666666666667,False,0.0,False,0.0,False,0.0,False,0.0,False,0.0,1-2人気,1-2倍
202408050602,2024,3.0,1.0,4.0,3.7,2.8,10.2,False,0.0,False,0.0,False,0.0,False,0.0,False,0.0,False,0.0,False,0.0,3-5人気,2-5倍
202408050603,2024,2.0,12.0,1.0,4.3,95.0,2.3,False,0.0,False,0.0,False,0.0,False,0.0,False,0.0,False,0.0,False,0.0,1-2人気,2-5倍
202408050604,2024,1.0,10.0,11.0,4.0,31.1,40.9,True,4.0,True,1.3333333333333333,False,0.0,False,0.0,False,0.0,False,0.0,False,0.0,1-2人気,2-5倍
202408050605,2024,4.0,2.0,5.0,4.7,3.9,10.1,False,0.0,False,0.0,False,0.0,False,0.0,False,0.0,False,0.0,False,0.0,3-5人気,2-5倍
202408050606,2024,1.0,2.0,8.0,1.4,3.2,77.2,False,0.0,True,0.4666666666666666,True,1.5333333333333332,False,0.0,False,0.0,False,0.0,False,0.0,1-2人気,1-2倍
202408050607,2024,9.0,6.0,5.0,18.7,13.2,9.4,False,0.0,False,0.0,False,0.0,False,0.0,False,0.0,False,0.0,False,0.0,6-10人気,10-20倍
202408050608,2024,5.0,11.0,1.0,8.2,70.8,3.3,False,0.0,True,2.733333333333333,False,0.0,False,0.0,False,0.0,False,0.0,False,0.0,3-5人気,5-10倍
202408050609,2024,3.0,2.0,1.0,6.8,6.0,1.4,False,0.0,True,2.2666666666666666,False,0.0,False,0.0,False,0.0,False,0.0,False,0.0,3-5人気,5-10倍
202408050610,2024,3.0,5.0,7.0,6.5,10.8,33.2,False,0.0,False,0.0,False,0.0,False,0.0,False,0.0,False,0.0,False,0.0,3-5人気,5-10倍
202408050611,2024,3.0,10.0,2.0,6.0,51.5,3.7,False,0.0,False,0.0,False,0.0,False,0.0,False,0.0,False,0.0,False,0.0,3-5人気,5-10倍
202408050612,2024,2.0,4.0,3.0,4.2,9.3,7.5,False,0.0,True,1.4000000000000001,False,0.0,False,0.0,False,0.0,False,0.0,False,0.0,1-2人気,2-5倍
202408050701,2024,1.0,2.0,6.0,2.7,3.5,12.8,False,0.0,False,0.0,False,0.0,False,0.0,False,0.0,False,0.0,False,0.0,1-2人気,2-5倍
202408050702,2024,3.0,1.0,2.0,5.3,1.8,3.1,False,0.0,True,1.7666666666666666,True,2.3666666666666667,False,0.0,False,0.0,True,0.9857999999999999,False,0.0,3-5人気,5-10倍
202408050703,2024,2.0,1.0,6.0,3.2,1.8,23.2,False,0.0,True,1.0666666666666667,True,1.6666666666666667,True,0.5760000000000001,False,0.0,False,0.0,False,0.0,1-2人気,2-5倍
202408050704,2024,1.0,11.0,2.0,1.6,35.4,4.9,True,1.6,True,0.5333333333333333,False,0.0,False,0.0,False,0.0,False,0.0,False,0.0,1-2人気,1-2倍
202408050705,2024,1.0,3.0,10.0,2.6,5.0,92.7,False,0.0,True,0.8666666666666667,True,2.533333333333333,True,1.3,False,0.0,False,0.0,False,0.0,1-2人気,2-5倍
202408050706,2024,2.0,1.0,7.0,3.1,1.5,50.1,False,0.0,True,1.0333333333333334,True,1.5333333333333332,True,0.465,False,0.0,True,7.765500000000001,False,0.0,1-2人気,2-5倍
202408050707,2024,4.0,6.0,5.0,6.8,8.8,7.2,False,0.0,False,0.0,False,0.0,False,0.0,False,0.0,False,0.0,False,0.0,3-5人気,5-10倍
202408050708,2024,1.0,5.0,3.0,1.8,12.4,4.5,False,0.0,True,0.6,False,0.0,False,0.0,False,0.0,False,0.0,False,0.0,1-2人気,1-2倍
202408050709,2024,7.0,1.0,5.0,18.6,3.7,10.2,False,0.0,False,0.0,False,0.0,False,0.0,False,0.0,False,0.0,False,0.0,6-10人気,10-20倍
202408050710,2024,1.0,2.0,4.0,2.8,3.0,7.4,True,2.8,True,0.9333333333333332,False,0.0,False,0.0,False,0.0,False,0.0,False,0.0,1-2人気,2-5倍
202408050711,2024,1.0,2.0,3.0,4.1,4.6,4.8,False,0.0,False,0.0,False,0.0,False,0.0,False,0.0,False,0.0,False,0.0,1-2人気,2-5倍
202408050712,2024,1.0,4.0,3.0,2.0,12.2,7.8,False,0.0,False,0.0,False,0.0,False,0.0,False,0.0,False,0.0,False,0.0,1-2人気,1-2倍
202408050801,2024,2.0,5.0,3.0,3.7,6.1,4.1,False,0.0,False,0.0,False,0.0,False,0.0,False,0.0,False,0.0,False,0.0,1-2人気,2-5倍
202408050802,2024,3.0,5.0,1.0,4.8,10.0,2.9,False,0.0,False,0.0,False,0.0,False,0.0,False,0.0,False,0.0,False,0.0,3-5人気,2-5倍
202408050803,2024,1.0,2.0,4.0,2.0,3.4,9.8,True,2.0,True,0.6666666666666666,True,1.8,True,0.6799999999999999,True,1.3599999999999999,False,0.0,False,0.0,1-2人気,1-2倍
202408050804,2024,9.0,3.0,1.0,31.4,5.9,2.8,False,0.0,False,0.0,False,0.0,False,0.0,False,0.0,False,0.0,False,0.0,6-10人気,20-50倍
202408050805,2024,1.0,5.0,4.0,3.0,8.7,5.2,True,3.0,True,1.0,False,0.0,False,0.0,False,0.0,False,0.0,False,0.0,1-2人気,2-5倍
202408050806,2024,6.0,7.0,1.0,10.3,15.6,3.1,False,0.0,True,3.4333333333333336,False,0.0,False,0.0,False,0.0,False,0.0,False,0.0,6-10人気,10-20倍
202408050807,2024,2.0,6.0,3.0,4.4,12.2,4.6,True,4.4,True,1.4666666666666668,False,0.0,False,0.0,False,0.0,False,0.0,False,0.0,1-2人気,2-5倍
202408050808,2024,1.0,2.0,5.0,3.8,3.9,9.1,False,0.0,True,1.2666666666666666,True,2.5666666666666664,False,0.0,False,0.0,False,0.0,False,0.0,1-2人気,2-5倍
202408050809,2024,2.0,6.0,5.0,3.1,22.2,17.7,False,0.0,True,1.0333333333333334,False,0.0,False,0.0,False,0.0,False,0.0,False,0.0,1-2人気,2-5倍
202408050810,2024,1.0,2.0,3.0,1.7,5.3,6.8,False,0.0,True,0.5666666666666667,False,0.0,False,0.0,False,0.0,False,0.0,False,0.0,1-2人気,1-2倍
202408050811,2024,4.0,6.0,2.0,6.4,11.8,4.8,False,0.0,True,2.1333333333333333,True,6.066666666666667,False,0.0,False,0.0,True,12.083200000000001,False,0.0,3-5人気,5-10倍
202408050812,2024,4.0,1.0,6.0,4.7,3.1,23.8,False,0.0,True,1.5666666666666667,True,2.6,False,0.0,False,0.0,False,0.0,False,0.0,3-5人気,2-5倍
202408060101,2024,1.0,3.0,2.0,1.6,6.7,3.1,True,1.6,True,0.5333333333333333,True,2.766666666666667,False,0.0,False,0.0,True,1.1077333333333335,False,0.0,1-2人気,1-2倍
202408060102,2024,1.0,3.0,4.0,1.4,6.1,10.0,True,1.4,True,0.4666666666666666,False,0.0,False,0.0,False,0.0,False,0.0,False,0.0,1-2人気,1-2倍
202408060103,2024,3.0,2.0,5.0,4.1,3.9,9.6,False,0.0,False,0.0,False,0.0,False,0.0,False,0.0,False,0.0,False,0.0,3-5人気,2-5倍
202408060104,2024,2.0,1.0,4.0,3.8,3.2,4.9,False,0.0,True,1.2666666666666666,True,2.3333333333333335,False,0.0,False,0.0,False,0.0,False,0.0,1-2人気,2-5倍
202408060105,2024,5.0,12.0,1.0,9.4,71.1,3.4,False,0.0,False,0.0,False,0.0,False,0.0,False,0.0,False,0.0,False,0.0,3-5人気,5-10倍
202408060106,2024,9.0,1.0,2.0,16.6,4.0,5.1,True,16.6,True,5.533333333333334,False,0.0,False,0.0,False,0.0,False,0.0,False,0.0,6-10人気,10-20倍
202408060107,2024,3.0,1.0,6.0,5.7,2.3,14.1,True,5.7,True,1.9000000000000001,True,2.6666666666666665,True,1.311,True,2.622,False,0.0,False,0.0,3-5人気,5-10倍
202408060109,2024,4.0,1.0,5.0,4.9,2.9,12.7,False,0.0,True,1.6333333333333335,True,2.6,True,1.421,False,0.0,False,0.0,False,0.0,3-5人気,2-5倍
202408060110,2024,2.0,6.0,5.0,2.8,25.9,16.4,False,0.0,False,0.0,False,0.0,False,0.0,False,0.0,False,0.0,False,0.0,1-2人気,2-5倍
202408060111,2024,2.0,3.0,4.0,4.4,8.3,9.5,False,0.0,False,0.0,False,0.0,False,0.0,False,0.0,False,0.0,False,0.0,1-2人気,2-5倍
202408060112,2024,2.0,8.0,4.0,3.1,87.0,8.1,False,0.0,False,0.0,False,0.0,False,0.0,False,0.0,False,0.0,False,0.0,1-2人気,2-5倍
202408060201,2024,1.0,5.0,3.0,2.3,8.8,6.4,True,2.3,True,0.7666666666666666,True,3.7000000000000006,False,0.0,False,0.0,False,0.0,False,0.0,1-2人気,2-5倍
202408060202,2024,1.0,4.0,3.0,3.2,6.3,5.8,True,3.2,True,1.0666666666666667,False,0.0,False,0.0,False,0.0,False,0.0,False,0.0,1-2人気,2-5倍
202408060203,2024,4.0,1.0,2.0,6.2,1.8,4.8,False,0.0,True,2.066666666666667,False,0.0,False,0.0,False,0.0,False,0.0,False,0.0,3-5人気,5-10倍
202408060204,2024,1.0,8.0,5.0,2.8,18.8,13.3,True,2.8,True,0.9333333333333332,False,0.0,False,0.0,False,0.0,False,0.0,False,0.0,1-2人気,2-5倍
202408060205,2024,6.0,2.0,8.0,20.2,3.6,45.6,False,0.0,False,0.0,False,0.0,False,0.0,False,0.0,False,0.0,False,0.0,6-10人気,20-50倍
202408060206,2024,4.0,1.0,2.0,10.9,1.3,5.4,False,0.0,False,0.0,False,0.0,False,0.0,False,0.0,False,0.0,False,0.0,3-5人気,10-20倍
202408060207,2024,1.0,4.0,3.0,1.7,7.2,6.2,False,0.0,False,0.0,False,0.0,False,0.0,False,0.0,False,0.0,False,0.0,1-2人気,1-2倍
202408060208,2024,1.0,4.0,6.0,2.5,6.2,21.3,False,0.0,False,0.0,False,0.0,False,0.0,False,0.0,False,0.0,False,0.0,1-2人気,2-5倍
202408060209,2024,7.0,3.0,6.0,34.5,7.1,23.4,False,0.0,True,11.5,False,0.0,False,0.0,False,0.0,False,0.0,False,0.0,6-10人気,20-50倍
202408060210,2024,2.0,1.0,3.0,3.2,3.1,5.6,True,3.2,True,1.0666666666666667,False,0.0,False,0.0,False,0.0,False,0.0,False,0.0,1-2人気,2-5倍
202408060211,2024,9.0,6.0,4.0,16.2,11.7,11.1,False,0.0,True,5.3999999999999995,False,0.0,False,0.0,False,0.0,False,0.0,False,0.0,6-10人気,10-20倍
202408060212,2024,8.0,1.0,7.0,19.8,3.0,19.2,False,0.0,False,0.0,False,0.0,False,0.0,False,0.0,False,0.0,False,0.0,6-10人気,10-20倍
202408060301,2024,1.0,3.0,5.0,2.8,4.9,10.3,False,0.0,False,0.0,False,0.0,False,0.0,False,0.0,False,0.0,False,0.0,1-2人気,2-5倍
202408060302,2024,1.0,4.0,5.0,2.2,6.0,8.6,False,0.0,False,0.0,False,0.0,False,0.0,False,0.0,False,0.0,False,0.0,1-2人気,2-5倍
202408060303,2024,1.0,3.0,4.0,2.5,4.2,5.0,False,0.0,True,0.8333333333333334,False,0.0,False,0.0,False,0.0,False,0.0,False,0.0,1-2人気,2-5倍
202408060304,2024,6.0,7.0,2.0,14.9,15.8,3.4,False,0.0,False,0.0,False,0.0,False,0.0,False,0.0,False,0.0,False,0.0,6-10人気,10-20倍
202408060305,2024,2.0,3.0,1.0,4.0,7.5,1.5,False,0.0,False,0.0,False,0.0,False,0.0,False,0.0,False,0.0,False,0.0,1-2人気,2-5倍
202408060306,2024,5.0,3.0,2.0,12.2,4.3,4.0,False,0.0,False,0.0,False,0.0,False,0.0,False,0.0,False,0.0,False,0.0,3-5人気,10-20倍
202408060307,2024,1.0,3.0,2.0,1.9,5.8,3.8,True,1.9,True,0.6333333333333333,True,2.5666666666666664,False,0.0,False,0.0,True,1.3958666666666666,False,0.0,1-2人気,1-2倍
202408060308,2024,2.0,3.0,1.0,5.0,5.7,1.4,False,0.0,True,1.6666666666666667,True,3.5666666666666664,False,0.0,False,0.0,True,1.3299999999999998,False,0.0,1-2人気,2-5倍
202408060309,2024,1.0,7.0,10.0,1.9,18.3,34.3,False,0.0,False,0.0,False,0.0,False,0.0,False,0.0,False,0.0,False,0.0,1-2人気,1-2倍
202408060310,2024,5.0,6.0,1.0,12.4,12.8,3.2,False,0.0,False,0.0,False,0.0,False,0.0,False,0.0,False,0.0,False,0.0,3-5人気,10-20倍
202408060311,2024,2.0,7.0,1.0,3.4,62.2,2.6,False,0.0,True,1.1333333333333333,False,0.0,False,0.0,False,0.0,False,0.0,False,0.0,1-2人気,2-5倍
202408060312,2024,1.0,3.0,2.0,2.8,3.2,3.1,False,0.0,True,0.9333333333333332,False,0.0,False,0.0,False,0.0,False,0.0,False,0.0,1-2人気,2-5倍
202408060401,2024,1.0,2.0,3.0,2.3,3.7,5.4,False,0.0,False,0.0,False,0.0,False,0.0,False,0.0,False,0.0,False,0.0,1-2人気,2-5倍
202408060402,2024,1.0,2.0,5.0,1.5,4.3,14.9,True,1.5,True,0.5,False,0.0,False,0.0,False,0.0,False,0.0,False,0.0,1-2人気,1-2倍
202408060403,2024,2.0,1.0,8.0,3.8,3.4,16.8,True,3.8,True,1.2666666666666666,False,0.0,False,0.0,False,0.0,False,0.0,False,0.0,1-2人気,2-5倍
202408060404,2024,1.0,2.0,3.0,1.9,4.3,7.8,False,0.0,False,0.0,False,0.0,False,0.0,False,0.0,False,0.0,False,0.0,1-2人気,1-2倍
202408060405,2024,3.0,1.0,2.0,5.3,2.3,3.9,False,0.0,True,1.7666666666666666,True,2.533333333333333,False,0.0,False,0.0,True,1.5847,False,0.0,3-5人気,5-10倍
202408060406,2024,3.0,5.0,2.0,5.0,15.8,4.2,False,0.0,False,0.0,False,0.0,False,0.0,False,0.0,False,0.0,False,0.0,3-5人気,2-5倍
202408060407,2024,2.0,4.0,5.0,3.4,6.1,8.6,False,0.0,False,0.0,False,0.0,False,0.0,False,0.0,False,0.0,False,0.0,1-2人気,2-5倍
202408060408,2024,3.0,4.0,1.0,6.7,11.7,1.9,False,0.0,False,0.0,False,0.0,False,0.0,False,0.0,False,0.0,False,0.0,3-5人気,5-10倍
202408060409,2024,5.0,1.0,3.0,14.0,1.9,5.1,False,0.0,False,0.0,False,0.0,False,0.0,False,0.0,False,0.0,False,0.0,3-5人気,10-20倍
202408060410,2024,3.0,6.0,1.0,8.5,19.2,2.3,False,0.0,True,2.8333333333333335,True,9.233333333333333,False,0.0,False,0.0,False,0.0,False,0.0,3-5人気,5-10倍
202408060411,2024,4.0,15.0,11.0,10.4,126.8,39.3,False,0.0,False,0.0,False,0.0,False,0.0,False,0.0,False,0.0,False,0.0,3-5人気,10-20倍
202408060412,2024,5.0,2.0,7.0,8.4,6.6,16.6,False,0.0,False,0.0,False,0.0,False,0.0,False,0.0,False,0.0,False,0.0,3-5人気,5-10倍
202408060501,2024,1.0,2.0,6.0,2.1,3.8,24.3,False,0.0,False,0.0,False,0.0,False,0.0,False,0.0,False,0.0,False,0.0,1-2人気,2-5倍
202408060502,2024,1.0,2.0,4.0,2.1,4.2,7.2,False,0.0,True,0.7000000000000001,False,0.0,False,0.0,False,0.0,False,0.0,False,0.0,1-2人気,2-5倍
202408060503,2024,4.0,3.0,2.0,5.7,4.3,3.6,False,0.0,False,0.0,False,0.0,False,0.0,False,0.0,False,0.0,False,0.0,3-5人気,5-10倍
202408060504,2024,1.0,2.0,5.0,2.7,3.0,11.5,False,0.0,True,0.9,True,1.9000000000000001,True,0.8100000000000002,False,0.0,False,0.0,False,0.0,1-2人気,2-5倍
202408060505,2024,1.0,4.0,5.0,3.1,9.9,10.1,False,0.0,False,0.0,False,0.0,False,0.0,False,0.0,False,0.0,False,0.0,1-2人気,2-5倍
202408060506,2024,2.0,6.0,7.0,2.9,18.3,19.9,False,0.0,False,0.0,False,0.0,False,0.0,False,0.0,False,0.0,False,0.0,1-2人気,2-5倍
202408060507,2024,4.0,16.0,6.0,6.4,207.6,14.5,False,0.0,False,0.0,False,0.0,False,0.0,False,0.0,False,0.0,False,0.0,3-5人気,5-10倍
202408060508,2024,5.0,7.0,11.0,18.5,30.4,55.9,False,0.0,False,0.0,False,0.0,False,0.0,False,0.0,False,0.0,False,0.0,3-5人気,10-20倍
202408060509,2024,1.0,9.0,6.0,2.5,240.2,15.0,False,0.0,False,0.0,False,0.0,False,0.0,False,0.0,False,0.0,False,0.0,1-2人気,2-5倍
202408060510,2024,6.0,9.0,11.0,14.1,46.9,117.2,False,0.0,False,0.0,False,0.0,False,0.0,False,0.0,False,0.0,False,0.0,6-10人気,10-20倍
202408060511,2024,1.0,5.0,4.0,2.3,8.2,8.2,False,0.0,True,0.7666666666666666,False,0.0,False,0.0,False,0.0,False,0.0,False,0.0,1-2人気,2-5倍
202408060512,2024,7.0,2.0,8.0,19.2,3.9,31.8,False,0.0,False,0.0,False,0.0,False,0.0,False,0.0,False,0.0,False,0.0,6-10人気,10-20倍
202408060601,2024,1.0,3.0,2.0,2.1,6.1,5.0,True,2.1,True,0.7000000000000001,False,0.0,False,0.0,False,0.0,False,0.0,False,0.0,1-2人気,2-5倍
202408060602,2024,3.0,1.0,4.0,3.9,1.9,8.9,False,0.0,False,0.0,False,0.0,False,0.0,False,0.0,False,0.0,False,0.0,3-5人気,2-5倍
202408060603,2024,1.0,5.0,4.0,2.6,7.1,6.0,False,0.0,True,0.8666666666666667,False,0.0,False,0.0,False,0.0,False,0.0,False,0.0,1-2人気,2-5倍
202408060604,2024,1.0,3.0,2.0,1.6,6.4,5.5,True,1.6,True,0.5333333333333333,True,2.6666666666666665,True,1.0240000000000002,True,2.0480000000000005,False,0.0,False,0.0,1-2人気,1-2倍
202408060605,2024,1.0,3.0,7.0,2.6,5.3,16.3,True,2.6,True,0.8666666666666667,False,0.0,False,0.0,False,0.0,False,0.0,False,0.0,1-2人気,2-5倍
202408060606,2024,3.0,4.0,8.0,5.7,7.7,14.1,False,0.0,False,0.0,False,0.0,False,0.0,False,0.0,False,0.0,False,0.0,3-5人気,5-10倍
202408060607,2024,1.0,2.0,10.0,1.9,5.2,48.5,True,1.9,True,0.6333333333333333,False,0.0,False,0.0,False,0.0,False,0.0,False,0.0,1-2人気,1-2倍
202408060608,2024,3.0,1.0,2.0,5.2,3.3,4.2,False,0.0,False,0.0,False,0.0,False,0.0,False,0.0,False,0.0,False,0.0,3-5人気,5-10倍
202408060609,2024,8.0,7.0,9.0,31.8,22.5,32.4,False,0.0,False,0.0,False,0.0,False,0.0,False,0.0,False,0.0,False,0.0,6-10人気,20-50倍
202408060610,2024,2.0,7.0,8.0,3.6,17.0,31.6,False,0.0,False,0.0,False,0.0,False,0.0,False,0.0,False,0.0,False,0.0,1-2人気,2-5倍
202408060611,2024,1.0,5.0,6.0,3.7,9.7,13.2,False,0.0,False,0.0,False,0.0,False,0.0,False,0.0,False,0.0,False,0.0,1-2人気,2-5倍
202408060612,2024,1.0,11.0,8.0,1.8,45.5,24.3,True,1.8,True,0.6,False,0.0,False,0.0,False,0.0,False,0.0,False,0.0,1-2人気,1-2倍
202408060701,2024,2.0,3.0,1.0,4.2,4.6,1.9,True,4.2,True,1.4000000000000001,False,0.0,False,0.0,False,0.0,False,0.0,False,0.0,1-2人気,2-5倍
202408060702,2024,2.0,1.0,3.0,3.4,1.9,5.7,True,3.4,True,1.1333333333333333,True,1.7666666666666666,False,0.0,False,0.0,False,0.0,False,0.0,1-2人気,2-5倍
202408060703,2024,1.0,4.0,3.0,1.6,10.7,6.7,False,0.0,True,0.5333333333333333,False,0.0,False,0.0,False,0.0,False,0.0,False,0.0,1-2人気,1-2倍
202408060704,2024,2.0,3.0,4.0,3.5,4.1,6.4,False,0.0,False,0.0,False,0.0,False,0.0,False,0.0,False,0.0,False,0.0,1-2人気,2-5倍
202408060705,2024,3.0,2.0,5.0,4.9,3.9,11.0,False,0.0,False,0.0,False,0.0,False,0.0,False,0.0,False,0.0,False,0.0,3-5人気,2-5倍
202408060706,2024,1.0,4.0,3.0,2.1,10.3,4.9,False,0.0,True,0.7000000000000001,False,0.0,False,0.0,False,0.0,False,0.0,False,0.0,1-2人気,2-5倍
202408060707,2024,1.0,4.0,3.0,2.1,8.5,6.9,False,0.0,False,0.0,False,0.0,False,0.0,False,0.0,False,0.0,False,0.0,1-2人気,2-5倍
202408060708,2024,1.0,7.0,2.0,2.3,48.5,2.7,False,0.0,False,0.0,False,0.0,False,0.0,False,0.0,False,0.0,False,0.0,1-2人気,2-5倍
202408060709,2024,2.0,6.0,3.0,3.0,21.8,3.9,False,0.0,True,1.0,False,0.0,False,0.0,False,0.0,False,0.0,False,0.0,1-2人気,2-5倍
202408060710,2024,3.0,2.0,1.0,3.9,3.6,1.8,False,0.0,False,0.0,False,0.0,False,0.0,False,0.0,False,0.0,False,0.0,3-5人気,2-5倍
202408060711,2024,1.0,2.0,3.0,1.9,2.9,6.5,True,1.9,True,0.6333333333333333,False,0.0,False,0.0,False,0.0,False,0.0,False,0.0,1-2人気,1-2倍
202408060712,2024,4.0,7.0,5.0,7.4,16.8,10.8,False,0.0,False,0.0,False,0.0,False,0.0,False,0.0,False,0.0,False,0.0,3-5人気,5-10倍
202408060801,2024,5.0,2.0,4.0,8.6,4.8,7.2,False,0.0,False,0.0,False,0.0,False,0.0,False,0.0,False,0.0,False,0.0,3-5人気,5-10倍
202408060802,2024,2.0,1.0,7.0,3.2,3.1,14.7,False,0.0,False,0.0,False,0.0,False,0.0,False,0.0,False,0.0,False,0.0,1-2人気,2-5倍
202408060803,2024,2.0,3.0,1.0,4.4,4.8,2.9,False,0.0,False,0.0,False,0.0,False,0.0,False,0.0,False,0.0,False,0.0,1-2人気,2-5倍
202408060804,2024,7.0,1.0,8.0,14.8,3.9,18.1,False,0.0,False,0.0,False,0.0,False,0.0,False,0.0,False,0.0,False,0.0,6-10人気,10-20倍
202408060805,2024,5.0,2.0,1.0,14.8,3.2,3.2,False,0.0,False,0.0,False,0.0,False,0.0,False,0.0,False,0.0,False,0.0,3-5人気,10-20倍
202408060806,2024,1.0,4.0,7.0,2.3,8.1,18.0,False,0.0,True,0.7666666666666666,False,0.0,False,0.0,False,0.0,False,0.0,False,0.0,1-2人気,2-5倍
202408060807,2024,1.0,2.0,6.0,4.5,4.7,10.1,False,0.0,False,0.0,False,0.0,False,0.0,False,0.0,False,0.0,False,0.0,1-2人気,2-5倍
202408060808,2024,5.0,4.0,6.0,16.3,11.6,16.5,False,0.0,True,5.433333333333334,False,0.0,False,0.0,False,0.0,False,0.0,False,0.0,3-5人気,10-20倍
202408060809,2024,2.0,8.0,6.0,5.8,19.0,16.1,False,0.0,False,0.0,False,0.0,False,0.0,False,0.0,False,0.0,False,0.0,1-2人気,5-10倍
202408060810,2024,8.0,5.0,3.0,23.5,7.2,5.6,False,0.0,False,0.0,False,0.0,False,0.0,False,0.0,False,0.0,False,0.0,6-10人気,20-50倍
202408060811,2024,3.0,2.0,1.0,6.6,6.0,2.1,False,0.0,False,0.0,False,0.0,False,0.0,False,0.0,False,0.0,False,0.0,3-5人気,5-10倍
202408060812,2024,13.0,7.0,1.0,67.5,10.8,4.7,False,0.0,False,0.0,False,0.0,False,0.0,False,0.0,False,0.0,False,0.0,11人気以下,50倍以上
202408070101,2024,1.0,9.0,3.0,1.5,94.7,7.4,True,1.5,True,0.5,False,0.0,False,0.0,False,0.0,False,0.0,False,0.0,1-2人気,1-2倍
202408070102,2024,1.0,2.0,4.0,3.8,4.0,6.0,True,3.8,True,1.2666666666666666,False,0.0,False,0.0,False,0.0,False,0.0,False,0.0,1-2人気,2-5倍
202408070103,2024,5.0,1.0,7.0,25.4,1.1,59.4,False,0.0,False,0.0,False,0.0,False,0.0,False,0.0,False,0.0,False,0.0,3-5人気,20-50倍
202408070104,2024,3.0,4.0,1.0,4.7,6.9,2.5,True,4.7,True,1.5666666666666667,True,3.866666666666667,True,3.243,True,6.486,True,2.7025,True,8.1075,3-5人気,2-5倍
202408070105,2024,1.0,2.0,4.0,2.2,2.8,13.7,False,0.0,True,0.7333333333333334,True,1.6666666666666667,True,0.616,False,0.0,False,0.0,False,0.0,1-2人気,2-5倍
202408070106,2024,1.0,3.0,2.0,3.1,3.6,3.2,False,0.0,True,1.0333333333333334,True,2.2333333333333334,True,1.116,False,0.0,False,0.0,False,0.0,1-2人気,2-5倍
202408070107,2024,1.0,2.0,3.0,2.0,3.5,5.4,True,2.0,True,0.6666666666666666,False,0.0,False,0.0,False,0.0,False,0.0,False,0.0,1-2人気,1-2倍
202408070108,2024,1.0,2.0,6.0,2.7,2.8,17.7,False,0.0,True,0.9,False,0.0,False,0.0,False,0.0,False,0.0,False,0.0,1-2人気,2-5倍
202408070109,2024,1.0,6.0,2.0,2.8,10.1,3.6,False,0.0,True,0.9333333333333332,False,0.0,False,0.0,False,0.0,False,0.0,False,0.0,1-2人気,2-5倍
202408070110,2024,3.0,2.0,7.0,6.8,5.6,14.4,False,0.0,True,2.2666666666666666,False,0.0,False,0.0,False,0.0,False,0.0,False,0.0,3-5人気,5-10倍
202408070111,2024,5.0,9.0,6.0,7.2,16.5,10.4,False,0.0,False,0.0,False,0.0,False,0.0,False,0.0,False,0.0,False,0.0,3-5人気,5-10倍
202408070112,2024,5.0,2.0,1.0,20.3,2.2,2.0,False,0.0,False,0.0,False,0.0,False,0.0,False,0.0,False,0.0,False,0.0,3-5人気,20-50倍
202408070201,2024,5.0,2.0,7.0,6.7,4.5,17.2,False,0.0,False,0.0,False,0.0,False,0.0,False,0.0,False,0.0,False,0.0,3-5人気,5-10倍
202408070202,2024,2.0,3.0,4.0,4.1,6.0,12.5,False,0.0,False,0.0,False,0.0,False,0.0,False,0.0,False,0.0,False,0.0,1-2人気,2-5倍
202408070203,2024,1.0,2.0,3.0,1.4,4.8,7.3,False,0.0,True,0.4666666666666666,False,0.0,False,0.0,False,0.0,False,0.0,False,0.0,1-2人気,1-2倍
202408070204,2024,2.0,8.0,13.0,3.4,26.5,45.8,False,0.0,True,1.1333333333333333,False,0.0,False,0.0,False,0.0,False,0.0,False,0.0,1-2人気,2-5倍
202408070205,2024,1.0,3.0,4.0,1.6,6.0,7.7,False,0.0,True,0.5333333333333333,True,2.533333333333333,False,0.0,False,0.0,False,0.0,False,0.0,1-2人気,1-2倍
202408070206,2024,2.0,1.0,4.0,3.0,1.8,7.2,False,0.0,True,1.0,True,1.5999999999999999,False,0.0,False,0.0,True,1.296,False,0.0,1-2人気,2-5倍
202408070207,2024,1.0,11.0,8.0,3.9,18.0,13.9,False,0.0,False,0.0,False,0.0,False,0.0,False,0.0,False,0.0,False,0.0,1-2人気,2-5倍
202408070208,2024,4.0,11.0,9.0,7.2,48.8,36.5,False,0.0,False,0.0,False,0.0,False,0.0,False,0.0,False,0.0,False,0.0,3-5人気,5-10倍
202408070209,2024,3.0,1.0,4.0,4.7,2.0,7.6,True,4.7,True,1.5666666666666667,False,0.0,False,0.0,False,0.0,False,0.0,False,0.0,3-5人気,2-5倍
202408070210,2024,6.0,5.0,4.0,39.1,13.3,6.0,False,0.0,False,0.0,False,0.0,False,0.0,False,0.0,False,0.0,False,0.0,6-10人気,20-50倍
202408070211,2024,4.0,6.0,5.0,14.9,17.8,16.9,False,0.0,False,0.0,False,0.0,False,0.0,False,0.0,False,0.0,False,0.0,3-5人気,10-20倍
202408070212,2024,1.0,3.0,5.0,2.7,5.2,9.8,False,0.0,True,0.9,False,0.0,False,0.0,False,0.0,False,0.0,False,0.0,1-2人気,2-5倍
202408070301,2024,3.0,1.0,2.0,6.2,1.5,4.0,False,0.0,False,0.0,False,0.0,False,0.0,False,0.0,False,0.0,False,0.0,3-5人気,5-10倍
202408070302,2024,2.0,3.0,4.0,3.4,3.9,10.3,True,3.4,True,1.1333333333333333,True,2.433333333333333,False,0.0,False,0.0,False,0.0,False,0.0,1-2人気,2-5倍
202408070303,2024,1.0,3.0,2.0,2.3,4.5,3.2,False,0.0,False,0.0,False,0.0,False,0.0,False,0.0,False,0.0,False,0.0,1-2人気,2-5倍
202408070304,2024,3.0,2.0,4.0,8.4,3.7,12.4,False,0.0,False,0.0,False,0.0,False,0.0,False,0.0,False,0.0,False,0.0,3-5人気,5-10倍
202408070305,2024,1.0,2.0,8.0,2.0,3.9,48.9,True,2.0,True,0.6666666666666666,True,1.9666666666666668,True,0.78,True,1.56,False,0.0,False,0.0,1-2人気,1-2倍
202408070306,2024,1.0,2.0,3.0,1.7,2.6,7.2,True,1.7,True,0.5666666666666667,True,1.4333333333333333,True,0.442,True,0.884,True,1.0608,True,3.1824000000000003,1-2人気,1-2倍
202408070307,2024,2.0,1.0,3.0,3.6,1.9,5.3,False,0.0,False,0.0,False,0.0,False,0.0,False,0.0,False,0.0,False,0.0,1-2人気,2-5倍
202408070308,2024,1.0,4.0,2.0,3.2,6.7,3.4,False,0.0,False,0.0,False,0.0,False,0.0,False,0.0,False,0.0,False,0.0,1-2人気,2-5倍
202408070309,2024,3.0,4.0,2.0,3.9,18.9,2.8,False,0.0,True,1.3,False,0.0,False,0.0,False,0.0,False,0.0,False,0.0,3-5人気,2-5倍
202408070310,2024,1.0,2.0,4.0,2.2,2.8,18.0,False,0.0,False,0.0,False,0.0,False,0.0,False,0.0,False,0.0,False,0.0,1-2人気,2-5倍
202408070311,2024,4.0,3.0,2.0,5.3,5.1,3.7,True,5.3,True,1.7666666666666666,False,0.0,False,0.0,False,0.0,False,0.0,False,0.0,3-5人気,5-10倍
202408070312,2024,3.0,2.0,7.0,3.7,3.1,36.3,False,0.0,False,0.0,False,0.0,False,0.0,False,0.0,False,0.0,False,0.0,3-5人気,2-5倍
202408070401,2024,4.0,1.0,5.0,8.8,1.8,14.5,False,0.0,False,0.0,False,0.0,False,0.0,False,0.0,False,0.0,False,0.0,3-5人気,5-10倍
202408070402,2024,1.0,5.0,2.0,2.5,15.3,3.5,False,0.0,False,0.0,False,0.0,False,0.0,False,0.0,False,0.0,False,0.0,1-2人気,2-5倍
202408070403,2024,1.0,3.0,2.0,1.1,18.1,11.1,True,1.1,True,0.3666666666666667,False,0.0,False,0.0,False,0.0,False,0.0,False,0.0,1-2人気,1-2倍
202408070404,2024,1.0,12.0,2.0,1.9,92.7,4.4,False,0.0,False,0.0,False,0.0,False,0.0,False,0.0,False,0.0,False,0.0,1-2人気,1-2倍
202408070405,2024,3.0,2.0,4.0,4.0,3.3,5.8,False,0.0,True,1.3333333333333333,True,2.433333333333333,False,0.0,False,0.0,True,2.5519999999999996,False,0.0,3-5人気,2-5倍
202408070406,2024,1.0,2.0,3.0,1.6,2.2,14.6,False,0.0,False,0.0,False,0.0,False,0.0,False,0.0,False,0.0,False,0.0,1-2人気,1-2倍
202408070407,2024,1.0,9.0,3.0,2.4,51.7,4.7,True,2.4,True,0.7999999999999999,False,0.0,False,0.0,False,0.0,False,0.0,False,0.0,1-2人気,2-5倍
202408070408,2024,2.0,12.0,11.0,3.2,70.6,50.9,False,0.0,False,0.0,False,0.0,False,0.0,False,0.0,False,0.0,False,0.0,1-2人気,2-5倍
202408070409,2024,2.0,8.0,3.0,4.0,78.0,7.2,True,4.0,True,1.3333333333333333,False,0.0,False,0.0,False,0.0,False,0.0,False,0.0,1-2人気,2-5倍
202408070410,2024,2.0,4.0,6.0,2.8,23.6,47.4,False,0.0,True,0.9333333333333332,False,0.0,False,0.0,False,0.0,False,0.0,False,0.0,1-2人気,2-5倍
202408070411,2024,1.0,5.0,3.0,3.4,10.5,7.1,False,0.0,False,0.0,False,0.0,False,0.0,False,0.0,False,0.0,False,0.0,1-2人気,2-5倍
202408070412,2024,5.0,2.0,1.0,7.8,4.6,2.8,False,0.0,True,2.6,True,4.133333333333333,False,0.0,False,0.0,False,0.0,False,0.0,3-5人気,5-10倍
202408070501,2024,5.0,1.0,3.0,14.0,2.6,5.8,False,0.0,False,0.0,False,0.0,False,0.0,False,0.0,False,0.0,False,0.0,3-5人気,10-20倍
202408070502,2024,1.0,3.0,5.0,2.1,6.0,21.6,False,0.0,False,0.0,False,0.0,False,0.0,False,0.0,False,0.0,False,0.0,1-2人気,2-5倍
202408070503,2024,1.0,5.0,3.0,1.7,13.2,6.0,False,0.0,False,0.0,False,0.0,False,0.0,False,0.0,False,0.0,False,0.0,1-2人気,1-2倍
202408070504,2024,1.0,2.0,6.0,1.5,4.7,15.6,False,0.0,False,0.0,False,0.0,False,0.0,False,0.0,False,0.0,False,0.0,1-2人気,1-2倍
202408070505,2024,2.0,7.0,3.0,2.2,45.1,9.1,False,0.0,False,0.0,False,0.0,False,0.0,False,0.0,False,0.0,False,0.0,1-2人気,2-5倍
202408070506,2024,3.0,2.0,1.0,11.4,5.2,1.5,False,0.0,True,3.8000000000000003,False,0.0,False,0.0,False,0.0,False,0.0,False,0.0,3-5人気,10-20倍
202408070507,2024,5.0,4.0,6.0,7.7,7.2,10.2,False,0.0,False,0.0,False,0.0,False,0.0,False,0.0,False,0.0,False,0.0,3-5人気,5-10倍
202408070508,2024,1.0,2.0,5.0,1.6,5.7,16.0,False,0.0,True,0.5333333333333333,True,2.4333333333333336,True,0.9120000000000001,False,0.0,False,0.0,False,0.0,1-2人気,1-2倍
202408070509,2024,7.0,1.0,6.0,20.1,1.9,19.6,False,0.0,False,0.0,False,0.0,False,0.0,False,0.0,False,0.0,False,0.0,6-10人気,20-50倍
202408070510,2024,2.0,3.0,5.0,4.1,4.4,16.5,False,0.0,False,0.0,False,0.0,False,0.0,False,0.0,False,0.0,False,0.0,1-2人気,2-5倍
202408070511,2024,2.0,1.0,7.0,5.9,2.1,13.1,True,5.9,True,1.9666666666666668,True,2.6666666666666665,True,1.239,True,2.478,False,0.0,False,0.0,1-2人気,5-10倍
202408070512,2024,5.0,7.0,2.0,8.4,15.5,4.6,False,0.0,False,0.0,False,0.0,False,0.0,False,0.0,False,0.0,False,0.0,3-5人気,5-10倍
202408070601,2024,3.0,4.0,1.0,4.3,5.3,2.4,False,0.0,False,0.0,False,0.0,False,0.0,False,0.0,False,0.0,False,0.0,3-5人気,2-5倍
202408070602,2024,1.0,2.0,3.0,2.3,2.5,4.1,False,0.0,False,0.0,False,0.0,False,0.0,False,0.0,False,0.0,False,0.0,1-2人気,2-5倍
202408070603,2024,2.0,1.0,4.0,2.7,2.6,7.3,False,0.0,True,0.9,True,1.7666666666666668,False,0.0,False,0.0,False,0.0,False,0.0,1-2人気,2-5倍
202408070604,2024,1.0,2.0,3.0,1.4,3.5,8.3,True,1.4,True,0.4666666666666666,False,0.0,False,0.0,False,0.0,False,0.0,False,0.0,1-2人気,1-2倍
202408070605,2024,2.0,3.0,6.0,3.5,4.3,15.2,False,0.0,False,0.0,False,0.0,False,0.0,False,0.0,False,0.0,False,0.0,1-2人気,2-5倍
202408070606,2024,1.0,4.0,2.0,2.4,8.2,4.7,False,0.0,True,0.7999999999999999,False,0.0,False,0.0,False,0.0,False,0.0,False,0.0,1-2人気,2-5倍
202408070607,2024,1.0,4.0,5.0,3.4,8.3,8.8,True,3.4,True,1.1333333333333333,False,0.0,False,0.0,False,0.0,False,0.0,False,0.0,1-2人気,2-5倍
202408070608,2024,1.0,4.0,3.0,3.5,6.8,5.5,False,0.0,False,0.0,False,0.0,False,0.0,False,0.0,False,0.0,False,0.0,1-2人気,2-5倍
202408070609,2024,5.0,1.0,3.0,14.7,2.5,4.7,False,0.0,False,0.0,False,0.0,False,0.0,False,0.0,False,0.0,False,0.0,3-5人気,10-20倍
202408070610,2024,10.0,1.0,3.0,67.2,2.2,6.9,False,0.0,False,0.0,False,0.0,False,0.0,False,0.0,False,0.0,False,0.0,6-10人気,50倍以上
202408070611,2024,5.0,8.0,6.0,9.1,12.7,10.9,True,9.1,True,3.033333333333333,False,0.0,False,0.0,False,0.0,False,0.0,False,0.0,3-5人気,5-10倍
202408070612,2024,7.0,1.0,8.0,16.7,2.1,31.8,False,0.0,False,0.0,False,0.0,False,0.0,False,0.0,False,0.0,False,0.0,6-10人気,10-20倍
202408070701,2024,2.0,4.0,1.0,2.8,13.3,1.9,True,2.8,True,0.9333333333333332,False,0.0,False,0.0,False,0.0,False,0.0,False,0.0,1-2人気,2-5倍
202408070702,2024,3.0,2.0,1.0,4.1,3.7,2.2,False,0.0,True,1.3666666666666665,True,2.6,False,0.0,False,0.0,True,1.1124666666666667,False,0.0,3-5人気,2-5倍
202408070703,2024,3.0,1.0,5.0,8.3,1.5,22.0,False,0.0,False,0.0,False,0.0,False,0.0,False,0.0,False,0.0,False,0.0,3-5人気,5-10倍
202408070704,2024,1.0,7.0,3.0,2.3,27.1,11.0,False,0.0,False,0.0,False,0.0,False,0.0,False,0.0,False,0.0,False,0.0,1-2人気,2-5倍
202408070705,2024,2.0,5.0,6.0,4.5,8.6,17.4,False,0.0,False,0.0,False,0.0,False,0.0,False,0.0,False,0.0,False,0.0,1-2人気,2-5倍
202408070706,2024,1.0,3.0,5.0,1.7,8.4,13.4,False,0.0,False,0.0,False,0.0,False,0.0,False,0.0,False,0.0,False,0.0,1-2人気,1-2倍
202408070707,2024,8.0,2.0,1.0,30.8,3.6,3.0,False,0.0,True,10.266666666666667,False,0.0,False,0.0,False,0.0,False,0.0,False,0.0,6-10人気,20-50倍
202408070708,2024,4.0,1.0,2.0,8.1,2.7,3.8,False,0.0,False,0.0,False,0.0,False,0.0,False,0.0,False,0.0,False,0.0,3-5人気,5-10倍
202408070709,2024,1.0,6.0,2.0,1.6,14.1,5.8,False,0.0,True,0.5333333333333333,False,0.0,False,0.0,False,0.0,False,0.0,False,0.0,1-2人気,1-2倍
202408070710,2024,11.0,4.0,6.0,46.4,12.9,24.1,False,0.0,True,15.466666666666667,False,0.0,False,0.0,False,0.0,False,0.0,False,0.0,11人気以下,20-50倍
202408070711,2024,4.0,1.0,2.0,7.0,3.7,5.3,False,0.0,False,0.0,False,0.0,False,0.0,False,0.0,False,0.0,False,0.0,3-5人気,5-10倍
202408070712,2024,7.0,1.0,6.0,21.5,2.4,21.3,False,0.0,False,0.0,False,0.0,False,0.0,False,0.0,False,0.0,False,0.0,6-10人気,20-50倍
202408070801,2024,3.0,1.0,2.0,6.3,3.0,5.1,True,6.3,True,2.1,False,0.0,False,0.0,False,0.0,False,0.0,False,0.0,3-5人気,5-10倍
202408070802,2024,4.0,8.0,1.0,7.7,21.8,2.7,False,0.0,True,2.566666666666667,False,0.0,False,0.0,False,0.0,False,0.0,False,0.0,3-5人気,5-10倍
202408070803,2024,3.0,10.0,2.0,4.9,31.5,4.5,False,0.0,False,0.0,False,0.0,False,0.0,False,0.0,False,0.0,False,0.0,3-5人気,2-5倍
202408070804,2024,1.0,2.0,3.0,1.9,5.9,7.9,True,1.9,True,0.6333333333333333,False,0.0,False,0.0,False,0.0,False,0.0,False,0.0,1-2人気,1-2倍
202408070805,2024,5.0,1.0,4.0,9.8,2.7,9.8,False,0.0,False,0.0,False,0.0,False,0.0,False,0.0,False,0.0,False,0.0,3-5人気,5-10倍
202408070806,2024,4.0,8.0,3.0,5.9,18.6,5.8,False,0.0,False,0.0,False,0.0,False,0.0,False,0.0,False,0.0,False,0.0,3-5人気,5-10倍
202408070807,2024,7.0,4.0,9.0,15.3,7.6,35.9,False,0.0,True,5.1000000000000005,False,0.0,False,0.0,False,0.0,False,0.0,False,0.0,6-10人気,10-20倍
202408070808,2024,1.0,2.0,8.0,2.3,4.7,33.9,False,0.0,False,0.0,False,0.0,False,0.0,False,0.0,False,0.0,False,0.0,1-2人気,2-5倍
202408070809,2024,8.0,9.0,4.0,24.9,29.9,7.3,False,0.0,False,0.0,False,0.0,False,0.0,False,0.0,False,0.0,False,0.0,6-10人気,20-50倍
202408070810,2024,2.0,5.0,8.0,3.8,16.3,34.6,False,0.0,False,0.0,False,0.0,False,0.0,False,0.0,False,0.0,False,0.0,1-2人気,2-5倍
202408070811,2024,3.0,11.0,4.0,7.1,43.9,7.9,False,0.0,False,0.0,False,0.0,False,0.0,False,0.0,False,0.0,False,0.0,3-5人気,5-10倍
202408070812,2024,4.0,1.0,10.0,6.9,3.9,33.3,True,6.9,True,2.3000000000000003,False,0.0,False,0.0,False,0.0,False,0.0,False,0.0,3-5人気,5-10倍
202408070901,2024,1.0,2.0,8.0,1.8,4.2,28.7,False,0.0,False,0.0,False,0.0,False,0.0,False,0.0,False,0.0,False,0.0,1-2人気,1-2倍
202408070902,2024,3.0,2.0,7.0,5.9,3.5,17.2,False,0.0,False,0.0,False,0.0,False,0.0,False,0.0,False,0.0,False,0.0,3-5人気,5-10倍
202408070903,2024,4.0,8.0,1.0,6.4,27.0,3.5,False,0.0,False,0.0,False,0.0,False,0.0,False,0.0,False,0.0,False,0.0,3-5人気,5-10倍
202408070904,2024,1.0,3.0,11.0,2.2,8.8,90.9,False,0.0,False,0.0,False,0.0,False,0.0,False,0.0,False,0.0,False,0.0,1-2人気,2-5倍
202408070905,2024,8.0,7.0,13.0,28.7,20.8,58.9,False,0.0,False,0.0,False,0.0,False,0.0,False,0.0,False,0.0,False,0.0,6-10人気,20-50倍
202408070906,2024,3.0,8.0,6.0,5.8,26.0,15.4,False,0.0,False,0.0,False,0.0,False,0.0,False,0.0,False,0.0,False,0.0,3-5人気,5-10倍
202408070907,2024,5.0,12.0,8.0,8.8,37.4,15.8,False,0.0,False,0.0,False,0.0,False,0.0,False,0.0,False,0.0,False,0.0,3-5人気,5-10倍
202408070908,2024,11.0,6.0,2.0,45.2,12.9,4.0,False,0.0,False,0.0,False,0.0,False,0.0,False,0.0,False,0.0,False,0.0,11人気以下,20-50倍
202408070909,2024,1.0,3.0,2.0,3.9,5.2,4.8,False,0.0,True,1.3,False,0.0,False,0.0,False,0.0,False,0.0,False,0.0,1-2人気,2-5倍
202408070910,2024,3.0,1.0,4.0,4.7,3.6,6.0,False,0.0,True,1.5666666666666667,False,0.0,False,0.0,False,0.0,False,0.0,False,0.0,3-5人気,2-5倍
202408070911,2024,1.0,4.0,2.0,2.3,11.8,4.1,False,0.0,False,0.0,False,0.0,False,0.0,False,0.0,False,0.0,False,0.0,1-2人気,2-5倍
202408070912,2024,4.0,7.0,2.0,9.4,26.1,5.4,False,0.0,True,3.1333333333333333,False,0.0,False,0.0,False,0.0,False,0.0,False,0.0,3-5人気,5-10倍
202409010101,2024,4.0,1.0,8.0,6.0,3.2,57.4,False,0.0,False,0.0,False,0.0,False,0.0,False,0.0,False,0.0,False,0.0,3-5人気,5-10倍
202409010102,2024,4.0,5.0,2.0,5.3,7.5,4.7,True,5.3,True,1.7666666666666666,False,0.0,False,0.0,False,0.0,False,0.0,False,0.0,3-5人気,5-10倍
202409010103,2024,1.0,5.0,10.0,1.1,18.7,132.9,True,1.1,True,0.3666666666666667,False,0.0,False,0.0,False,0.0,False,0.0,False,0.0,1-2人気,1-2倍
202409010104,2024,1.0,7.0,3.0,2.4,33.8,5.3,True,2.4,True,0.7999999999999999,False,0.0,False,0.0,False,0.0,False,0.0,False,0.0,1-2人気,2-5倍
202409010105,2024,1.0,7.0,4.0,1.9,13.7,12.3,True,1.9,True,0.6333333333333333,False,0.0,False,0.0,False,0.0,False,0.0,False,0.0,1-2人気,1-2倍
202409010106,2024,2.0,5.0,1.0,3.5,8.1,3.3,True,3.5,True,1.1666666666666667,False,0.0,False,0.0,False,0.0,False,0.0,False,0.0,1-2人気,2-5倍
202409010107,2024,4.0,3.0,2.0,8.4,5.3,4.2,True,8.4,True,2.8000000000000003,False,0.0,False,0.0,False,0.0,False,0.0,False,0.0,3-5人気,5-10倍
202409010108,2024,2.0,1.0,4.0,3.6,3.1,7.1,False,0.0,True,1.2,False,0.0,False,0.0,False,0.0,False,0.0,False,0.0,1-2人気,2-5倍
202409010109,2024,1.0,3.0,7.0,3.2,6.0,14.2,False,0.0,True,1.0666666666666667,True,3.0666666666666664,False,0.0,False,0.0,True,9.088000000000001,False,0.0,1-2人気,2-5倍
202409010110,2024,5.0,9.0,2.0,12.3,47.5,3.6,False,0.0,False,0.0,False,0.0,False,0.0,False,0.0,False,0.0,False,0.0,3-5人気,10-20倍
202409010111,2024,10.0,5.0,4.0,26.3,12.4,8.7,False,0.0,False,0.0,False,0.0,False,0.0,False,0.0,False,0.0,False,0.0,6-10人気,20-50倍
202409010112,2024,3.0,8.0,2.0,4.9,32.8,3.5,False,0.0,False,0.0,False,0.0,False,0.0,False,0.0,False,0.0,False,0.0,3-5人気,2-5倍
202409010201,2024,3.0,6.0,5.0,4.7,19.2,12.0,True,4.7,True,1.5666666666666667,False,0.0,False,0.0,False,0.0,False,0.0,False,0.0,3-5人気,2-5倍
202409010202,2024,5.0,1.0,3.0,8.4,2.2,5.0,False,0.0,False,0.0,False,0.0,False,0.0,False,0.0,False,0.0,False,0.0,3-5人気,5-10倍
202409010203,2024,1.0,7.0,2.0,1.5,39.2,4.3,False,0.0,True,0.5,True,13.566666666666668,True,5.880000000000001,False,0.0,False,0.0,False,0.0,1-2人気,1-2倍
202409010204,2024,6.0,5.0,1.0,21.1,16.7,2.8,False,0.0,False,0.0,False,0.0,False,0.0,False,0.0,False,0.0,False,0.0,6-10人気,20-50倍
202409010205,2024,3.0,7.0,5.0,7.4,37.9,14.9,False,0.0,False,0.0,False,0.0,False,0.0,False,0.0,False,0.0,False,0.0,3-5人気,5-10倍
202409010206,2024,4.0,1.0,2.0,9.8,1.6,5.1,False,0.0,False,0.0,False,0.0,False,0.0,False,0.0,False,0.0,False,0.0,3-5人気,5-10倍
202409010207,2024,2.0,1.0,3.0,3.2,2.0,4.4,False,0.0,False,0.0,False,0.0,False,0.0,False,0.0,False,0.0,False,0.0,1-2人気,2-5倍
202409010208,2024,1.0,2.0,3.0,3.0,3.9,5.1,True,3.0,True,1.0,True,2.3000000000000003,True,1.17,True,2.34,False,0.0,False,0.0,1-2人気,2-5倍
202409010209,2024,2.0,4.0,1.0,4.1,10.0,2.0,True,4.1,True,1.3666666666666665,False,0.0,False,0.0,False,0.0,False,0.0,False,0.0,1-2人気,2-5倍
202409010210,2024,1.0,3.0,2.0,4.2,5.2,5.1,False,0.0,False,0.0,False,0.0,False,0.0,False,0.0,False,0.0,False,0.0,1-2人気,2-5倍
202409010211,2024,7.0,1.0,4.0,18.9,3.4,8.2,False,0.0,False,0.0,False,0.0,False,0.0,False,0.0,False,0.0,False,0.0,6-10人気,10-20倍
202409010212,2024,1.0,2.0,4.0,2.3,3.9,8.6,False,0.0,False,0.0,False,0.0,False,0.0,False,0.0,False,0.0,False,0.0,1-2人気,2-5倍
202409010301,2024,5.0,1.0,8.0,7.5,2.2,35.4,False,0.0,False,0.0,False,0.0,False,0.0,False,0.0,False,0.0,False,0.0,3-5人気,5-10倍
202409010302,2024,1.0,3.0,13.0,2.9,6.8,102.9,False,0.0,True,0.9666666666666667,False,0.0,False,0.0,False,0.0,False,0.0,False,0.0,1-2人気,2-5倍
202409010303,2024,3.0,1.0,10.0,6.2,2.4,66.1,False,0.0,False,0.0,False,0.0,False,0.0,False,0.0,False,0.0,False,0.0,3-5人気,5-10倍
202409010304,2024,7.0,11.0,3.0,37.6,215.5,4.8,False,0.0,False,0.0,False,0.0,False,0.0,False,0.0,False,0.0,False,0.0,6-10人気,20-50倍
202409010305,2024,2.0,8.0,4.0,2.4,48.5,12.1,False,0.0,True,0.7999999999999999,False,0.0,False,0.0,False,0.0,False,0.0,False,0.0,1-2人気,2-5倍
202409010306,2024,1.0,3.0,6.0,1.8,5.8,27.1,True,1.8,True,0.6,False,0.0,False,0.0,False,0.0,False,0.0,False,0.0,1-2人気,1-2倍
202409010307,2024,1.0,5.0,3.0,1.9,9.5,5.2,False,0.0,False,0.0,False,0.0,False,0.0,False,0.0,False,0.0,False,0.0,1-2人気,1-2倍
202409010308,2024,1.0,4.0,5.0,3.8,8.3,8.4,True,3.8,True,1.2666666666666666,False,0.0,False,0.0,False,0.0,False,0.0,False,0.0,1-2人気,2-5倍
202409010309,2024,2.0,1.0,5.0,3.9,2.3,8.1,False,0.0,True,1.3,True,2.0666666666666664,False,0.0,False,0.0,False,0.0,False,0.0,1-2人気,2-5倍
202409010310,2024,2.0,5.0,1.0,6.9,10.0,1.8,True,6.9,True,2.3000000000000003,False,0.0,False,0.0,False,0.0,False,0.0,False,0.0,1-2人気,5-10倍
202409010311,2024,4.0,2.0,5.0,7.4,4.1,9.7,False,0.0,False,0.0,False,0.0,False,0.0,False,0.0,False,0.0,False,0.0,3-5人気,5-10倍
202409010312,2024,1.0,2.0,5.0,1.8,3.0,14.3,True,1.8,True,0.6,True,1.5999999999999999,True,0.54,True,1.08,False,0.0,False,0.0,1-2人気,1-2倍
202409010401,2024,1.0,7.0,13.0,1.9,31.2,170.3,True,1.9,True,0.6333333333333333,False,0.0,False,0.0,False,0.0,False,0.0,False,0.0,1-2人気,1-2倍
202409010402,2024,8.0,4.0,3.0,56.8,7.8,6.8,False,0.0,False,0.0,False,0.0,False,0.0,False,0.0,False,0.0,False,0.0,6-10人気,50倍以上
202409010403,2024,1.0,10.0,11.0,1.3,74.1,96.9,True,1.3,True,0.43333333333333335,False,0.0,False,0.0,False,0.0,False,0.0,False,0.0,1-2人気,1-2倍
202409010404,2024,1.0,3.0,12.0,1.9,7.1,292.7,False,0.0,True,0.6333333333333333,True,3.0,False,0.0,False,0.0,False,0.0,False,0.0,1-2人気,1-2倍
202409010405,2024,1.0,6.0,4.0,1.7,15.5,8.1,True,1.7,True,0.5666666666666667,True,5.733333333333333,True,2.635,True,5.27,False,0.0,False,0.0,1-2人気,1-2倍
202409010406,2024,2.0,4.0,3.0,3.0,5.4,4.0,False,0.0,True,1.0,True,2.8000000000000003,False,0.0,False,0.0,False,0.0,False,0.0,1-2人気,2-5倍
202409010407,2024,2.0,1.0,3.0,2.8,1.8,3.4,False,0.0,True,0.9333333333333332,True,1.5333333333333332,False,0.0,False,0.0,True,0.5711999999999999,False,0.0,1-2人気,2-5倍
202409010408,2024,3.0,2.0,5.0,4.1,3.6,7.1,False,0.0,True,1.3666666666666665,True,2.5666666666666664,False,0.0,False,0.0,False,0.0,False,0.0,3-5人気,2-5倍
202409010409,2024,3.0,5.0,7.0,6.0,6.3,11.6,False,0.0,False,0.0,False,0.0,False,0.0,False,0.0,False,0.0,False,0.0,3-5人気,5-10倍
202409010410,2024,1.0,3.0,4.0,2.7,6.6,7.9,False,0.0,False,0.0,False,0.0,False,0.0,False,0.0,False,0.0,False,0.0,1-2人気,2-5倍
202409010411,2024,2.0,3.0,8.0,5.5,5.8,18.4,False,0.0,False,0.0,False,0.0,False,0.0,False,0.0,False,0.0,False,0.0,1-2人気,5-10倍
202409010412,2024,5.0,6.0,1.0,7.8,11.3,3.7,False,0.0,False,0.0,False,0.0,False,0.0,False,0.0,False,0.0,False,0.0,3-5人気,5-10倍
202409010501,2024,2.0,4.0,1.0,3.1,8.0,2.7,False,0.0,False,0.0,False,0.0,False,0.0,False,0.0,False,0.0,False,0.0,1-2人気,2-5倍
202409010502,2024,2.0,4.0,8.0,4.9,10.3,66.6,False,0.0,True,1.6333333333333335,False,0.0,False,0.0,False,0.0,False,0.0,False,0.0,1-2人気,2-5倍
202409010503,2024,1.0,2.0,11.0,1.7,3.5,87.6,False,0.0,True,0.5666666666666667,False,0.0,False,0.0,False,0.0,False,0.0,False,0.0,1-2人気,1-2倍
202409010504,2024,2.0,4.0,5.0,4.9,7.5,10.4,False,0.0,True,1.6333333333333335,True,4.133333333333334,False,0.0,False,0.0,True,12.74,False,0.0,1-2人気,2-5倍
202409010505,2024,2.0,4.0,3.0,3.2,6.0,4.7,False,0.0,False,0.0,False,0.0,False,0.0,False,0.0,False,0.0,False,0.0,1-2人気,2-5倍
202409010506,2024,2.0,4.0,1.0,4.1,8.8,2.0,True,4.1,True,1.3666666666666665,False,0.0,False,0.0,False,0.0,False,0.0,False,0.0,1-2人気,2-5倍
202409010507,2024,2.0,6.0,5.0,3.0,27.1,21.5,False,0.0,True,1.0,False,0.0,False,0.0,False,0.0,False,0.0,False,0.0,1-2人気,2-5倍
202409010508,2024,1.0,2.0,8.0,1.2,6.7,51.2,True,1.2,True,0.39999999999999997,True,2.6333333333333333,False,0.0,False,0.0,False,0.0,False,0.0,1-2人気,1-2倍
202409010509,2024,1.0,2.0,5.0,2.5,2.8,20.4,False,0.0,False,0.0,False,0.0,False,0.0,False,0.0,False,0.0,False,0.0,1-2人気,2-5倍
202409010510,2024,1.0,2.0,3.0,1.6,3.7,7.0,False,0.0,True,0.5333333333333333,False,0.0,False,0.0,False,0.0,False,0.0,False,0.0,1-2人気,1-2倍
202409010511,2024,1.0,6.0,4.0,2.2,12.6,11.1,False,0.0,False,0.0,False,0.0,False,0.0,False,0.0,False,0.0,False,0.0,1-2人気,2-5倍
202409010512,2024,10.0,8.0,2.0,34.4,29.9,3.5,False,0.0,False,0.0,False,0.0,False,0.0,False,0.0,False,0.0,False,0.0,6-10人気,20-50倍
202409010601,2024,7.0,3.0,1.0,18.8,5.8,2.9,False,0.0,False,0.0,False,0.0,False,0.0,False,0.0,False,0.0,False,0.0,6-10人気,10-20倍
202409010602,2024,6.0,9.0,4.0,14.9,39.6,6.3,False,0.0,False,0.0,False,0.0,False,0.0,False,0.0,False,0.0,False,0.0,6-10人気,10-20倍
202409010603,2024,2.0,4.0,7.0,4.2,6.1,22.5,False,0.0,True,1.4000000000000001,False,0.0,False,0.0,False,0.0,False,0.0,False,0.0,1-2人気,2-5倍
202409010604,2024,1.0,3.0,2.0,2.0,4.8,4.4,False,0.0,True,0.6666666666666666,True,2.2666666666666666,False,0.0,False,0.0,True,1.4080000000000001,False,0.0,1-2人気,1-2倍
202409010605,2024,8.0,1.0,6.0,26.6,2.2,17.7,False,0.0,True,8.866666666666667,False,0.0,False,0.0,False,0.0,False,0.0,False,0.0,6-10人気,20-50倍
202409010606,2024,2.0,1.0,4.0,5.1,2.1,6.8,True,5.1,True,1.7,True,2.4,False,0.0,False,0.0,False,0.0,False,0.0,1-2人気,5-10倍
202409010607,2024,1.0,2.0,6.0,2.2,3.9,11.3,False,0.0,False,0.0,False,0.0,False,0.0,False,0.0,False,0.0,False,0.0,1-2人気,2-5倍
202409010608,2024,2.0,4.0,3.0,3.4,6.2,4.3,True,3.4,True,1.1333333333333333,True,3.1999999999999997,True,2.1079999999999997,True,4.215999999999999,False,0.0,False,0.0,1-2人気,2-5倍
202409010609,2024,1.0,4.0,3.0,2.1,6.8,6.5,False,0.0,False,0.0,False,0.0,False,0.0,False,0.0,False,0.0,False,0.0,1-2人気,2-5倍
202409010610,2024,2.0,3.0,1.0,5.5,5.9,4.1,False,0.0,False,0.0,False,0.0,False,0.0,False,0.0,False,0.0,False,0.0,1-2人気,5-10倍
202409010611,2024,5.0,11.0,3.0,15.4,35.2,8.2,False,0.0,False,0.0,False,0.0,False,0.0,False,0.0,False,0.0,False,0.0,3-5人気,10-20倍
202409010612,2024,1.0,3.0,4.0,2.5,4.9,7.7,False,0.0,False,0.0,False,0.0,False,0.0,False,0.0,False,0.0,False,0.0,1-2人気,2-5倍
202409010701,2024,3.0,1.0,4.0,7.0,2.2,8.5,False,0.0,False,0.0,False,0.0,False,0.0,False,0.0,False,0.0,False,0.0,3-5人気,5-10倍
202409010702,2024,1.0,8.0,7.0,2.4,21.2,16.7,True,2.4,True,0.7999999999999999,False,0.0,False,0.0,False,0.0,False,0.0,False,0.0,1-2人気,2-5倍
202409010703,2024,3.0,7.0,5.0,5.5,17.3,7.0,False,0.0,False,0.0,False,0.0,False,0.0,False,0.0,False,0.0,False,0.0,3-5人気,5-10倍
202409010704,2024,1.0,5.0,3.0,1.3,26.3,8.3,False,0.0,True,0.43333333333333335,False,0.0,False,0.0,False,0.0,False,0.0,False,0.0,1-2人気,1-2倍
202409010705,2024,5.0,2.0,1.0,10.4,2.9,2.1,True,10.4,True,3.466666666666667,True,4.433333333333334,True,3.016,True,6.032,True,2.1112,True,6.333600000000001,3-5人気,10-20倍
202409010706,2024,7.0,2.0,5.0,26.0,3.8,7.3,False,0.0,False,0.0,False,0.0,False,0.0,False,0.0,False,0.0,False,0.0,6-10人気,20-50倍
202409010707,2024,4.0,1.0,3.0,5.8,2.6,5.8,False,0.0,False,0.0,False,0.0,False,0.0,False,0.0,False,0.0,False,0.0,3-5人気,5-10倍
202409010708,2024,2.0,3.0,6.0,3.7,3.9,22.0,False,0.0,True,1.2333333333333334,False,0.0,False,0.0,False,0.0,False,0.0,False,0.0,1-2人気,2-5倍
202409010709,2024,2.0,1.0,5.0,3.7,2.8,12.4,False,0.0,False,0.0,False,0.0,False,0.0,False,0.0,False,0.0,False,0.0,1-2人気,2-5倍
202409010710,2024,7.0,1.0,4.0,11.6,4.6,7.6,False,0.0,True,3.8666666666666667,False,0.0,False,0.0,False,0.0,False,0.0,False,0.0,6-10人気,10-20倍
202409010711,2024,5.0,4.0,3.0,19.8,4.6,4.0,False,0.0,False,0.0,False,0.0,False,0.0,False,0.0,False,0.0,False,0.0,3-5人気,10-20倍
202409010712,2024,8.0,11.0,1.0,18.3,49.3,3.3,False,0.0,False,0.0,False,0.0,False,0.0,False,0.0,False,0.0,False,0.0,6-10人気,10-20倍
202409010801,2024,1.0,3.0,6.0,1.8,3.8,33.1,False,0.0,False,0.0,False,0.0,False,0.0,False,0.0,False,0.0,False,0.0,1-2人気,1-2倍
202409010802,2024,1.0,10.0,5.0,2.4,105.7,16.1,True,2.4,True,0.7999999999999999,False,0.0,False,0.0,False,0.0,False,0.0,False,0.0,1-2人気,2-5倍
202409010803,2024,2.0,3.0,9.0,2.4,11.9,84.7,True,2.4,True,0.7999999999999999,False,0.0,False,0.0,False,0.0,False,0.0,False,0.0,1-2人気,2-5倍
202409010804,2024,1.0,5.0,3.0,1.7,15.1,6.6,True,1.7,True,0.5666666666666667,False,0.0,False,0.0,False,0.0,False,0.0,False,0.0,1-2人気,1-2倍
202409010805,2024,3.0,11.0,4.0,7.0,170.4,14.4,False,0.0,True,2.3333333333333335,False,0.0,False,0.0,False,0.0,False,0.0,False,0.0,3-5人気,5-10倍
202409010806,2024,2.0,6.0,1.0,3.4,18.6,2.4,False,0.0,False,0.0,False,0.0,False,0.0,False,0.0,False,0.0,False,0.0,1-2人気,2-5倍
202409010807,2024,3.0,2.0,5.0,4.3,3.6,7.1,False,0.0,False,0.0,False,0.0,False,0.0,False,0.0,False,0.0,False,0.0,3-5人気,2-5倍
202409010808,2024,3.0,2.0,1.0,6.0,4.3,1.5,True,6.0,True,2.0,False,0.0,False,0.0,False,0.0,False,0.0,False,0.0,3-5人気,5-10倍
202409010809,2024,1.0,2.0,7.0,1.9,3.0,28.2,False,0.0,True,0.6333333333333333,True,1.6333333333333335,False,0.0,False,0.0,False,0.0,False,0.0,1-2人気,1-2倍
202409010810,2024,1.0,2.0,3.0,1.9,3.7,6.5,True,1.9,True,0.6333333333333333,True,1.8666666666666665,True,0.7030000000000001,True,1.4060000000000001,True,1.5231666666666668,True,4.5695,1-2人気,1-2倍
202409010811,2024,6.0,8.0,4.0,12.8,30.1,8.6,False,0.0,True,4.266666666666667,False,0.0,False,0.0,False,0.0,False,0.0,False,0.0,6-10人気,10-20倍
202409010812,2024,2.0,1.0,3.0,3.4,2.3,4.9,False,0.0,False,0.0,False,0.0,False,0.0,False,0.0,False,0.0,False,0.0,1-2人気,2-5倍
202409020101,2024,5.0,9.0,1.0,8.8,26.3,3.1,False,0.0,False,0.0,False,0.0,False,0.0,False,0.0,False,0.0,False,0.0,3-5人気,5-10倍
202409020102,2024,2.0,8.0,1.0,2.7,33.7,2.7,False,0.0,True,0.9,True,12.133333333333335,False,0.0,False,0.0,False,0.0,False,0.0,1-2人気,2-5倍
202409020103,2024,2.0,7.0,9.0,2.4,57.0,92.9,True,2.4,True,0.7999999999999999,False,0.0,False,0.0,False,0.0,False,0.0,False,0.0,1-2人気,2-5倍
202409020104,2024,1.0,6.0,2.0,1.3,22.0,5.0,True,1.3,True,0.43333333333333335,False,0.0,False,0.0,False,0.0,False,0.0,False,0.0,1-2人気,1-2倍
202409020105,2024,4.0,3.0,2.0,14.0,5.9,3.6,False,0.0,False,0.0,False,0.0,False,0.0,False,0.0,False,0.0,False,0.0,3-5人気,10-20倍
202409020106,2024,1.0,4.0,6.0,2.2,11.4,25.5,False,0.0,True,0.7333333333333334,True,4.533333333333334,False,0.0,False,0.0,True,21.318,False,0.0,1-2人気,2-5倍
202409020107,2024,2.0,1.0,6.0,4.1,2.9,11.8,True,4.1,True,1.3666666666666665,False,0.0,False,0.0,False,0.0,False,0.0,False,0.0,1-2人気,2-5倍
202409020108,2024,2.0,3.0,4.0,5.6,6.8,7.4,False,0.0,True,1.8666666666666665,False,0.0,False,0.0,False,0.0,False,0.0,False,0.0,1-2人気,5-10倍
202409020109,2024,1.0,7.0,4.0,2.9,18.6,6.5,False,0.0,True,0.9666666666666667,False,0.0,False,0.0,False,0.0,False,0.0,False,0.0,1-2人気,2-5倍
202409020110,2024,1.0,2.0,3.0,2.0,3.6,5.3,False,0.0,True,0.6666666666666666,False,0.0,False,0.0,False,0.0,False,0.0,False,0.0,1-2人気,1-2倍
202409020111,2024,10.0,6.0,2.0,56.6,10.1,3.5,False,0.0,False,0.0,False,0.0,False,0.0,False,0.0,False,0.0,False,0.0,6-10人気,50倍以上
202409020112,2024,2.0,1.0,3.0,4.1,3.8,5.4,False,0.0,False,0.0,False,0.0,False,0.0,False,0.0,False,0.0,False,0.0,1-2人気,2-5倍
202409020201,2024,3.0,6.0,2.0,6.6,38.4,6.2,False,0.0,False,0.0,False,0.0,False,0.0,False,0.0,False,0.0,False,0.0,3-5人気,5-10倍
202409020202,2024,1.0,5.0,8.0,1.8,11.3,42.7,False,0.0,False,0.0,False,0.0,False,0.0,False,0.0,False,0.0,False,0.0,1-2人気,1-2倍
202409020203,2024,4.0,1.0,11.0,10.7,2.2,94.5,False,0.0,False,0.0,False,0.0,False,0.0,False,0.0,False,0.0,False,0.0,3-5人気,10-20倍
202409020204,2024,3.0,1.0,2.0,5.4,2.5,4.9,False,0.0,True,1.8,False,0.0,False,0.0,False,0.0,False,0.0,False,0.0,3-5人気,5-10倍
202409020205,2024,3.0,2.0,4.0,3.8,3.6,9.1,True,3.8,True,1.2666666666666666,False,0.0,False,0.0,False,0.0,False,0.0,False,0.0,3-5人気,2-5倍
202409020206,2024,3.0,10.0,2.0,8.6,33.4,5.6,False,0.0,True,2.8666666666666667,True,14.0,False,0.0,False,0.0,False,0.0,False,0.0,3-5人気,5-10倍
202409020207,2024,5.0,4.0,6.0,9.4,6.4,12.4,False,0.0,False,0.0,False,0.0,False,0.0,False,0.0,False,0.0,False,0.0,3-5人気,5-10倍
202409020208,2024,5.0,4.0,1.0,8.1,7.6,3.2,False,0.0,False,0.0,False,0.0,False,0.0,False,0.0,False,0.0,False,0.0,3-5人気,5-10倍
202409020209,2024,3.0,1.0,4.0,5.8,2.4,8.0,False,0.0,False,0.0,False,0.0,False,0.0,False,0.0,False,0.0,False,0.0,3-5人気,5-10倍
202409020210,2024,4.0,1.0,6.0,6.5,2.5,19.0,False,0.0,False,0.0,False,0.0,False,0.0,False,0.0,False,0.0,False,0.0,3-5人気,5-10倍
202409020211,2024,1.0,9.0,6.0,2.9,18.7,9.5,False,0.0,False,0.0,False,0.0,False,0.0,False,0.0,False,0.0,False,0.0,1-2人気,2-5倍
202409020212,2024,1.0,3.0,2.0,1.8,5.1,5.0,False,0.0,True,0.6,False,0.0,False,0.0,False,0.0,False,0.0,False,0.0,1-2人気,1-2倍
202409020301,2024,1.0,2.0,5.0,2.7,3.0,25.7,False,0.0,True,0.9,False,0.0,False,0.0,False,0.0,False,0.0,False,0.0,1-2人気,2-5倍
202409020302,2024,5.0,14.0,7.0,9.1,234.3,16.3,False,0.0,False,0.0,False,0.0,False,0.0,False,0.0,False,0.0,False,0.0,3-5人気,5-10倍
202409020303,2024,1.0,6.0,4.0,3.6,12.9,9.1,False,0.0,False,0.0,False,0.0,False,0.0,False,0.0,False,0.0,False,0.0,1-2人気,2-5倍
202409020304,2024,5.0,14.0,1.0,8.6,383.1,2.5,False,0.0,True,2.8666666666666667,False,0.0,False,0.0,False,0.0,False,0.0,False,0.0,3-5人気,5-10倍
202409020305,2024,8.0,4.0,1.0,25.5,5.8,4.5,False,0.0,False,0.0,False,0.0,False,0.0,False,0.0,False,0.0,False,0.0,6-10人気,20-50倍
202409020306,2024,1.0,5.0,3.0,4.2,8.0,4.8,False,0.0,False,0.0,False,0.0,False,0.0,False,0.0,False,0.0,False,0.0,1-2人気,2-5倍
202409020307,2024,2.0,1.0,5.0,5.1,3.1,11.6,False,0.0,False,0.0,False,0.0,False,0.0,False,0.0,False,0.0,False,0.0,1-2人気,5-10倍
202409020308,2024,4.0,2.0,6.0,7.3,4.4,17.8,False,0.0,False,0.0,False,0.0,False,0.0,False,0.0,False,0.0,False,0.0,3-5人気,5-10倍
202409020309,2024,2.0,4.0,1.0,3.8,4.9,2.1,False,0.0,False,0.0,False,0.0,False,0.0,False,0.0,False,0.0,False,0.0,1-2人気,2-5倍
202409020310,2024,3.0,7.0,2.0,6.6,11.7,5.5,False,0.0,False,0.0,False,0.0,False,0.0,False,0.0,False,0.0,False,0.0,3-5人気,5-10倍
202409020311,2024,1.0,2.0,4.0,1.6,7.1,9.9,True,1.6,True,0.5333333333333333,False,0.0,False,0.0,False,0.0,False,0.0,False,0.0,1-2人気,1-2倍
202409020312,2024,7.0,2.0,6.0,17.0,4.3,16.5,False,0.0,False,0.0,False,0.0,False,0.0,False,0.0,False,0.0,False,0.0,6-10人気,10-20倍
202409020401,2024,2.0,6.0,1.0,4.9,12.5,2.2,False,0.0,False,0.0,False,0.0,False,0.0,False,0.0,False,0.0,False,0.0,1-2人気,2-5倍
202409020402,2024,2.0,1.0,12.0,3.6,3.1,189.1,False,0.0,False,0.0,False,0.0,False,0.0,False,0.0,False,0.0,False,0.0,1-2人気,2-5倍
202409020403,2024,2.0,9.0,5.0,3.7,55.5,10.5,False,0.0,True,1.2333333333333334,False,0.0,False,0.0,False,0.0,False,0.0,False,0.0,1-2人気,2-5倍
202409020404,2024,3.0,2.0,1.0,4.7,3.0,1.7,False,0.0,True,1.5666666666666667,True,2.566666666666667,False,0.0,False,0.0,True,0.799,False,0.0,3-5人気,2-5倍
202409020405,2024,1.0,2.0,3.0,2.5,3.9,4.2,False,0.0,True,0.8333333333333334,True,2.1333333333333333,False,0.0,False,0.0,False,0.0,False,0.0,1-2人気,2-5倍
202409020406,2024,1.0,7.0,2.0,1.9,17.7,3.6,False,0.0,True,0.6333333333333333,False,0.0,False,0.0,False,0.0,False,0.0,False,0.0,1-2人気,1-2倍
202409020407,2024,1.0,3.0,2.0,2.1,5.9,4.8,False,0.0,False,0.0,False,0.0,False,0.0,False,0.0,False,0.0,False,0.0,1-2人気,2-5倍
202409020408,2024,1.0,7.0,3.0,3.4,12.9,5.1,False,0.0,False,0.0,False,0.0,False,0.0,False,0.0,False,0.0,False,0.0,1-2人気,2-5倍
202409020409,2024,1.0,4.0,3.0,2.0,6.7,6.5,False,0.0,True,0.6666666666666666,True,2.9,False,0.0,False,0.0,False,0.0,False,0.0,1-2人気,1-2倍
202409020410,2024,2.0,1.0,7.0,3.9,3.1,19.0,False,0.0,False,0.0,False,0.0,False,0.0,False,0.0,False,0.0,False,0.0,1-2人気,2-5倍
202409020411,2024,3.0,10.0,2.0,6.0,21.2,5.5,False,0.0,True,2.0,False,0.0,False,0.0,False,0.0,False,0.0,False,0.0,3-5人気,5-10倍
202409020412,2024,1.0,3.0,2.0,4.3,5.0,4.9,False,0.0,True,1.4333333333333333,True,3.1,False,0.0,False,0.0,True,3.511666666666667,False,0.0,1-2人気,2-5倍
202409020501,2024,2.0,4.0,1.0,3.0,16.0,2.0,False,0.0,True,1.0,False,0.0,False,0.0,False,0.0,False,0.0,False,0.0,1-2人気,2-5倍
202409020502,2024,12.0,5.0,7.0,128.9,7.5,52.8,False,0.0,False,0.0,False,0.0,False,0.0,False,0.0,False,0.0,False,0.0,11人気以下,50倍以上
202409020503,2024,2.0,1.0,6.0,2.4,2.0,39.5,True,2.4,True,0.7999999999999999,True,1.4666666666666668,False,0.0,False,0.0,False,0.0,False,0.0,1-2人気,2-5倍
202409020504,2024,1.0,6.0,3.0,1.5,20.1,10.1,False,0.0,True,0.5,False,0.0,False,0.0,False,0.0,False,0.0,False,0.0,1-2人気,1-2倍
202409020505,2024,1.0,6.0,5.0,1.8,17.8,14.6,True,1.8,True,0.6,False,0.0,False,0.0,False,0.0,False,0.0,False,0.0,1-2人気,1-2倍
202409020506,2024,5.0,2.0,1.0,7.1,4.5,2.3,True,7.1,True,2.3666666666666667,True,3.8666666666666667,False,0.0,False,0.0,True,2.4495,False,0.0,3-5人気,5-10倍
202409020507,2024,3.0,1.0,2.0,3.7,3.0,3.1,False,0.0,True,1.2333333333333334,True,2.2333333333333334,False,0.0,False,0.0,False,0.0,False,0.0,3-5人気,2-5倍
202409020508,2024,1.0,7.0,3.0,2.7,25.7,4.8,False,0.0,False,0.0,False,0.0,False,0.0,False,0.0,False,0.0,False,0.0,1-2人気,2-5倍
202409020509,2024,2.0,6.0,4.0,4.2,24.0,8.4,False,0.0,False,0.0,False,0.0,False,0.0,False,0.0,False,0.0,False,0.0,1-2人気,2-5倍
202409020510,2024,1.0,2.0,5.0,2.8,4.6,9.4,True,2.8,True,0.9333333333333332,False,0.0,False,0.0,False,0.0,False,0.0,False,0.0,1-2人気,2-5倍
202409020511,2024,3.0,5.0,4.0,9.0,9.8,9.1,False,0.0,True,3.0,False,0.0,False,0.0,False,0.0,False,0.0,False,0.0,3-5人気,5-10倍
202409020512,2024,1.0,2.0,5.0,2.7,4.0,14.2,False,0.0,False,0.0,False,0.0,False,0.0,False,0.0,False,0.0,False,0.0,1-2人気,2-5倍
202409020601,2024,5.0,10.0,2.0,20.1,121.3,4.2,False,0.0,False,0.0,False,0.0,False,0.0,False,0.0,False,0.0,False,0.0,3-5人気,20-50倍
202409020602,2024,3.0,9.0,7.0,4.7,83.1,34.9,False,0.0,False,0.0,False,0.0,False,0.0,False,0.0,False,0.0,False,0.0,3-5人気,2-5倍
202409020603,2024,2.0,12.0,1.0,6.4,225.8,1.6,True,6.4,True,2.1333333333333333,False,0.0,False,0.0,False,0.0,False,0.0,False,0.0,1-2人気,5-10倍
202409020604,2024,6.0,4.0,7.0,7.9,7.3,11.5,False,0.0,False,0.0,False,0.0,False,0.0,False,0.0,False,0.0,False,0.0,6-10人気,5-10倍
202409020605,2024,4.0,2.0,1.0,6.2,4.6,3.2,True,6.2,True,2.066666666666667,True,3.6,True,2.852,True,5.704,False,0.0,False,0.0,3-5人気,5-10倍
202409020606,2024,1.0,3.0,2.0,3.3,3.7,3.5,False,0.0,False,0.0,False,0.0,False,0.0,False,0.0,False,0.0,False,0.0,1-2人気,2-5倍
202409020607,2024,1.0,4.0,2.0,2.5,5.7,4.2,False,0.0,True,0.8333333333333334,True,2.733333333333333,True,1.425,False,0.0,False,0.0,False,0.0,1-2人気,2-5倍
202409020608,2024,5.0,3.0,4.0,6.2,5.1,5.5,False,0.0,False,0.0,False,0.0,False,0.0,False,0.0,False,0.0,False,0.0,3-5人気,5-10倍
202409020609,2024,4.0,1.0,2.0,17.3,1.3,4.2,False,0.0,True,5.766666666666667,True,6.2,False,0.0,False,0.0,True,3.1486000000000005,False,0.0,3-5人気,10-20倍
202409020610,2024,1.0,5.0,3.0,4.1,11.0,5.9,True,4.1,True,1.3666666666666665,False,0.0,False,0.0,False,0.0,False,0.0,False,0.0,1-2人気,2-5倍
202409020611,2024,4.0,13.0,3.0,6.1,109.4,5.7,False,0.0,False,0.0,False,0.0,False,0.0,False,0.0,False,0.0,False,0.0,3-5人気,5-10倍
202409020612,2024,5.0,2.0,6.0,7.0,4.1,8.5,False,0.0,False,0.0,False,0.0,False,0.0,False,0.0,False,0.0,False,0.0,3-5人気,5-10倍
202409020701,2024,7.0,9.0,4.0,17.4,27.1,7.3,False,0.0,False,0.0,False,0.0,False,0.0,False,0.0,False,0.0,False,0.0,6-10人気,10-20倍
202409020702,2024,9.0,2.0,7.0,69.9,4.1,18.6,False,0.0,False,0.0,False,0.0,False,0.0,False,0.0,False,0.0,False,0.0,6-10人気,50倍以上
202409020703,2024,1.0,4.0,6.0,2.9,6.1,9.6,False,0.0,False,0.0,False,0.0,False,0.0,False,0.0,False,0.0,False,0.0,1-2人気,2-5倍
202409020704,2024,5.0,1.0,8.0,11.7,1.8,60.9,False,0.0,False,0.0,False,0.0,False,0.0,False,0.0,False,0.0,False,0.0,3-5人気,10-20倍
202409020705,2024,7.0,12.0,3.0,30.6,75.5,4.6,False,0.0,False,0.0,False,0.0,False,0.0,False,0.0,False,0.0,False,0.0,6-10人気,20-50倍
202409020706,2024,1.0,5.0,9.0,2.7,7.3,54.3,False,0.0,True,0.9,True,3.3333333333333335,False,0.0,False,0.0,False,0.0,False,0.0,1-2人気,2-5倍
202409020707,2024,1.0,2.0,6.0,2.7,2.9,13.7,False,0.0,False,0.0,False,0.0,False,0.0,False,0.0,False,0.0,False,0.0,1-2人気,2-5倍
202409020708,2024,3.0,4.0,1.0,4.4,13.2,2.6,False,0.0,False,0.0,False,0.0,False,0.0,False,0.0,False,0.0,False,0.0,3-5人気,2-5倍
202409020709,2024,2.0,3.0,1.0,4.0,4.4,2.6,False,0.0,True,1.3333333333333333,True,2.8000000000000003,False,0.0,False,0.0,True,1.5253333333333334,False,0.0,1-2人気,2-5倍
202409020710,2024,2.0,1.0,3.0,4.2,2.1,6.4,False,0.0,True,1.4000000000000001,False,0.0,False,0.0,False,0.0,False,0.0,False,0.0,1-2人気,2-5倍
202409020711,2024,7.0,3.0,15.0,24.0,4.6,176.0,False,0.0,False,0.0,False,0.0,False,0.0,False,0.0,False,0.0,False,0.0,6-10人気,20-50倍
202409020712,2024,4.0,2.0,1.0,7.3,5.6,3.1,False,0.0,False,0.0,False,0.0,False,0.0,False,0.0,False,0.0,False,0.0,3-5人気,5-10倍
202409020801,2024,1.0,5.0,7.0,2.7,7.9,18.2,False,0.0,True,0.9,True,3.5333333333333337,True,2.133,False,0.0,False,0.0,False,0.0,1-2人気,2-5倍
202409020802,2024,6.0,2.0,4.0,17.2,3.8,8.8,False,0.0,True,5.733333333333333,True,7.0,False,0.0,False,0.0,False,0.0,False,0.0,6-10人気,10-20倍
202409020803,2024,2.0,1.0,12.0,4.5,2.6,78.4,False,0.0,False,0.0,False,0.0,False,0.0,False,0.0,False,0.0,False,0.0,1-2人気,2-5倍
202409020804,2024,4.0,2.0,3.0,9.8,3.3,3.4,True,9.8,True,3.266666666666667,False,0.0,False,0.0,False,0.0,False,0.0,False,0.0,3-5人気,5-10倍
202409020805,2024,3.0,13.0,8.0,4.7,63.2,17.7,False,0.0,True,1.5666666666666667,False,0.0,False,0.0,False,0.0,False,0.0,False,0.0,3-5人気,2-5倍
202409020806,2024,2.0,6.0,5.0,3.3,20.5,9.1,False,0.0,True,1.0999999999999999,False,0.0,False,0.0,False,0.0,False,0.0,False,0.0,1-2人気,2-5倍
202409020807,2024,1.0,9.0,6.0,3.2,41.2,12.0,False,0.0,False,0.0,False,0.0,False,0.0,False,0.0,False,0.0,False,0.0,1-2人気,2-5倍
202409020808,2024,2.0,6.0,8.0,3.0,14.5,20.1,False,0.0,False,0.0,False,0.0,False,0.0,False,0.0,False,0.0,False,0.0,1-2人気,2-5倍
202409020809,2024,2.0,6.0,4.0,5.6,10.9,7.5,False,0.0,False,0.0,False,0.0,False,0.0,False,0.0,False,0.0,False,0.0,1-2人気,5-10倍
202409020810,2024,1.0,3.0,7.0,1.9,6.2,18.0,True,1.9,True,0.6333333333333333,False,0.0,False,0.0,False,0.0,False,0.0,False,0.0,1-2人気,1-2倍
202409020811,2024,7.0,4.0,1.0,26.3,6.0,2.9,False,0.0,False,0.0,False,0.0,False,0.0,False,0.0,False,0.0,False,0.0,6-10人気,20-50倍
202409020812,2024,5.0,1.0,6.0,6.8,3.5,11.5,False,0.0,False,0.0,False,0.0,False,0.0,False,0.0,False,0.0,False,0.0,3-5人気,5-10倍
202410010101,2024,1.0,2.0,5.0,2.1,4.5,8.3,True,2.1,True,0.7000000000000001,False,0.0,False,0.0,False,0.0,False,0.0,False,0.0,1-2人気,2-5倍
202410010102,2024,1.0,2.0,5.0,1.4,5.2,14.1,False,0.0,True,0.4666666666666666,True,2.1999999999999997,True,0.728,False,0.0,True,3.4215999999999993,False,0.0,1-2人気,1-2倍
202410010103,2024,3.0,1.0,2.0,6.0,1.8,4.9,False,0.0,False,0.0,False,0.0,False,0.0,False,0.0,False,0.0,False,0.0,3-5人気,5-10倍
202410010104,2024,1.0,2.0,9.0,1.8,4.1,47.8,True,1.8,True,0.6,True,1.9666666666666666,True,0.738,True,1.476,False,0.0,False,0.0,1-2人気,1-2倍
202410010105,2024,1.0,3.0,2.0,1.7,5.1,5.1,True,1.7,True,0.5666666666666667,True,2.2666666666666666,False,0.0,False,0.0,False,0.0,False,0.0,1-2人気,1-2倍
202410010106,2024,3.0,1.0,2.0,4.2,3.1,4.1,True,4.2,True,1.4000000000000001,False,0.0,False,0.0,False,0.0,False,0.0,False,0.0,3-5人気,2-5倍
202410010107,2024,3.0,2.0,4.0,6.3,3.4,9.2,False,0.0,False,0.0,False,0.0,False,0.0,False,0.0,False,0.0,False,0.0,3-5人気,5-10倍
202410010108,2024,1.0,6.0,11.0,2.9,10.7,63.4,False,0.0,False,0.0,False,0.0,False,0.0,False,0.0,False,0.0,False,0.0,1-2人気,2-5倍
202410010109,2024,1.0,5.0,2.0,2.0,14.8,3.7,False,0.0,False,0.0,False,0.0,False,0.0,False,0.0,False,0.0,False,0.0,1-2人気,1-2倍
202410010110,2024,1.0,2.0,4.0,3.7,4.6,7.0,False,0.0,False,0.0,False,0.0,False,0.0,False,0.0,False,0.0,False,0.0,1-2人気,2-5倍
202410010111,2024,1.0,3.0,2.0,2.0,7.2,6.3,True,2.0,True,0.6666666666666666,False,0.0,False,0.0,False,0.0,False,0.0,False,0.0,1-2人気,1-2倍
202410010112,2024,1.0,2.0,6.0,4.3,4.7,10.6,False,0.0,False,0.0,False,0.0,False,0.0,False,0.0,False,0.0,False,0.0,1-2人気,2-5倍
202410010201,2024,1.0,2.0,10.0,2.9,4.2,45.5,True,2.9,True,0.9666666666666667,True,2.3666666666666667,False,0.0,False,0.0,False,0.0,False,0.0,1-2人気,2-5倍
202410010202,2024,2.0,1.0,3.0,3.9,2.3,8.4,False,0.0,False,0.0,False,0.0,False,0.0,False,0.0,False,0.0,False,0.0,1-2人気,2-5倍
202410010203,2024,3.0,1.0,2.0,4.3,3.9,4.1,False,0.0,False,0.0,False,0.0,False,0.0,False,0.0,False,0.0,False,0.0,3-5人気,2-5倍
202410010204,2024,4.0,2.0,5.0,9.3,3.5,10.5,False,0.0,False,0.0,False,0.0,False,0.0,False,0.0,False,0.0,False,0.0,3-5人気,5-10倍
202410010205,2024,4.0,3.0,2.0,6.4,5.3,5.0,True,6.4,True,2.1333333333333333,False,0.0,False,0.0,False,0.0,False,0.0,False,0.0,3-5人気,5-10倍
202410010206,2024,2.0,3.0,1.0,3.2,5.0,2.5,False,0.0,True,1.0666666666666667,True,2.733333333333333,False,0.0,False,0.0,True,1.3333333333333333,False,0.0,1-2人気,2-5倍
202410010207,2024,5.0,4.0,1.0,8.8,8.2,3.0,False,0.0,False,0.0,False,0.0,False,0.0,False,0.0,False,0.0,False,0.0,3-5人気,5-10倍
202410010208,2024,1.0,5.0,4.0,2.6,10.3,5.7,True,2.6,True,0.8666666666666667,True,4.3,True,2.678,True,5.356,False,0.0,False,0.0,1-2人気,2-5倍
202410010209,2024,4.0,2.0,1.0,7.8,3.2,2.1,False,0.0,True,2.6,True,3.6666666666666665,False,0.0,False,0.0,False,0.0,False,0.0,3-5人気,5-10倍
202410010210,2024,4.0,1.0,2.0,7.0,3.9,5.5,False,0.0,False,0.0,False,0.0,False,0.0,False,0.0,False,0.0,False,0.0,3-5人気,5-10倍
202410010211,2024,5.0,2.0,3.0,9.2,4.9,5.5,False,0.0,False,0.0,False,0.0,False,0.0,False,0.0,False,0.0,False,0.0,3-5人気,5-10倍
202410010212,2024,1.0,3.0,6.0,3.2,8.2,12.4,False,0.0,False,0.0,False,0.0,False,0.0,False,0.0,False,0.0,False,0.0,1-2人気,2-5倍
202410010301,2024,4.0,9.0,3.0,6.4,23.0,4.8,True,6.4,True,2.1333333333333333,False,0.0,False,0.0,False,0.0,False,0.0,False,0.0,3-5人気,5-10倍
202410010302,2024,4.0,8.0,1.0,5.5,26.2,3.6,False,0.0,True,1.8333333333333333,False,0.0,False,0.0,False,0.0,False,0.0,False,0.0,3-5人気,5-10倍
202410010303,2024,2.0,1.0,10.0,3.1,1.7,79.9,False,0.0,False,0.0,False,0.0,False,0.0,False,0.0,False,0.0,False,0.0,1-2人気,2-5倍
202410010304,2024,1.0,3.0,2.0,1.8,5.5,3.5,True,1.8,True,0.6,False,0.0,False,0.0,False,0.0,False,0.0,False,0.0,1-2人気,1-2倍
202410010305,2024,4.0,1.0,5.0,6.1,4.2,7.1,True,6.1,True,2.033333333333333,True,3.4333333333333336,False,0.0,False,0.0,False,0.0,False,0.0,3-5人気,5-10倍
202410010306,2024,1.0,5.0,6.0,1.8,12.3,13.1,False,0.0,False,0.0,False,0.0,False,0.0,False,0.0,False,0.0,False,0.0,1-2人気,1-2倍
202410010307,2024,1.0,4.0,8.0,1.4,12.3,30.2,False,0.0,True,0.4666666666666666,False,0.0,False,0.0,False,0.0,False,0.0,False,0.0,1-2人気,1-2倍
202410010308,2024,2.0,4.0,7.0,4.9,6.4,21.8,False,0.0,True,1.6333333333333335,False,0.0,False,0.0,False,0.0,False,0.0,False,0.0,1-2人気,2-5倍
202410010309,2024,1.0,3.0,6.0,1.8,4.1,44.1,True,1.8,True,0.6,True,1.9666666666666666,True,0.738,True,1.476,False,0.0,False,0.0,1-2人気,1-2倍
202410010310,2024,3.0,7.0,4.0,5.1,18.7,7.5,False,0.0,False,0.0,False,0.0,False,0.0,False,0.0,False,0.0,False,0.0,3-5人気,5-10倍
202410010311,2024,3.0,4.0,9.0,5.3,7.1,21.1,False,0.0,False,0.0,False,0.0,False,0.0,False,0.0,False,0.0,False,0.0,3-5人気,5-10倍
202410010312,2024,1.0,6.0,2.0,3.8,12.7,4.2,True,3.8,True,1.2666666666666666,False,0.0,False,0.0,False,0.0,False,0.0,False,0.0,1-2人気,2-5倍
202410010401,2024,3.0,4.0,2.0,5.9,6.1,3.5,False,0.0,False,0.0,False,0.0,False,0.0,False,0.0,False,0.0,False,0.0,3-5人気,5-10倍
202410010402,2024,9.0,1.0,2.0,43.6,1.9,4.7,False,0.0,False,0.0,False,0.0,False,0.0,False,0.0,False,0.0,False,0.0,6-10人気,20-50倍
202410010403,2024,1.0,3.0,4.0,3.0,5.2,7.6,False,0.0,False,0.0,False,0.0,False,0.0,False,0.0,False,0.0,False,0.0,1-2人気,2-5倍
202410010404,2024,3.0,2.0,4.0,5.3,3.8,5.7,False,0.0,True,1.7666666666666666,True,3.033333333333333,False,0.0,False,0.0,False,0.0,False,0.0,3-5人気,5-10倍
202410010405,2024,5.0,3.0,1.0,9.5,5.0,3.8,False,0.0,False,0.0,False,0.0,False,0.0,False,0.0,False,0.0,False,0.0,3-5人気,5-10倍
202410010406,2024,1.0,5.0,6.0,2.5,8.1,8.4,False,0.0,False,0.0,False,0.0,False,0.0,False,0.0,False,0.0,False,0.0,1-2人気,2-5倍
202410010407,2024,7.0,6.0,5.0,19.8,11.7,10.8,False,0.0,False,0.0,False,0.0,False,0.0,False,0.0,False,0.0,False,0.0,6-10人気,10-20倍
202410010408,2024,1.0,2.0,4.0,3.5,3.9,7.8,False,0.0,False,0.0,False,0.0,False,0.0,False,0.0,False,0.0,False,0.0,1-2人気,2-5倍
202410010409,2024,2.0,1.0,8.0,3.8,2.9,28.6,False,0.0,False,0.0,False,0.0,False,0.0,False,0.0,False,0.0,False,0.0,1-2人気,2-5倍
202410010410,2024,4.0,2.0,1.0,7.1,5.4,2.1,False,0.0,False,0.0,False,0.0,False,0.0,False,0.0,False,0.0,False,0.0,3-5人気,5-10倍
202410010411,2024,7.0,1.0,3.0,12.5,3.4,6.8,False,0.0,False,0.0,False,0.0,False,0.0,False,0.0,False,0.0,False,0.0,6-10人気,10-20倍
202410010412,2024,2.0,4.0,11.0,4.4,7.6,29.3,True,4.4,True,1.4666666666666668,False,0.0,False,0.0,False,0.0,False,0.0,False,0.0,1-2人気,2-5倍
202410010501,2024,1.0,4.0,2.0,1.8,10.6,3.3,False,0.0,True,0.6,False,0.0,False,0.0,False,0.0,False,0.0,False,0.0,1-2人気,1-2倍
202410010502,2024,10.0,6.0,2.0,66.1,10.7,4.9,False,0.0,False,0.0,False,0.0,False,0.0,False,0.0,False,0.0,False,0.0,6-10人気,50倍以上
202410010503,2024,4.0,3.0,1.0,7.5,6.7,2.3,False,0.0,False,0.0,False,0.0,False,0.0,False,0.0,False,0.0,False,0.0,3-5人気,5-10倍
202410010504,2024,2.0,5.0,1.0,3.4,11.6,2.8,False,0.0,False,0.0,False,0.0,False,0.0,False,0.0,False,0.0,False,0.0,1-2人気,2-5倍
202410010505,2024,3.0,1.0,6.0,10.4,1.6,18.8,False,0.0,False,0.0,False,0.0,False,0.0,False,0.0,False,0.0,False,0.0,3-5人気,10-20倍
202410010506,2024,2.0,1.0,6.0,4.9,3.0,8.8,True,4.9,True,1.6333333333333335,True,2.6333333333333333,True,1.4700000000000002,True,2.9400000000000004,False,0.0,False,0.0,1-2人気,2-5倍
202410010507,2024,1.0,13.0,2.0,4.2,107.3,4.7,False,0.0,False,0.0,False,0.0,False,0.0,False,0.0,False,0.0,False,0.0,1-2人気,2-5倍
202410010508,2024,3.0,1.0,5.0,4.5,3.0,15.4,False,0.0,True,1.5,False,0.0,False,0.0,False,0.0,False,0.0,False,0.0,3-5人気,2-5倍
202410010509,2024,2.0,3.0,1.0,4.6,4.6,2.4,False,0.0,False,0.0,False,0.0,False,0.0,False,0.0,False,0.0,False,0.0,1-2人気,2-5倍
202410010510,2024,4.0,1.0,11.0,6.2,3.7,46.8,False,0.0,True,2.066666666666667,True,3.3000000000000003,False,0.0,False,0.0,False,0.0,False,0.0,3-5人気,5-10倍
202410010511,2024,2.0,1.0,5.0,4.1,3.9,7.3,False,0.0,False,0.0,False,0.0,False,0.0,False,0.0,False,0.0,False,0.0,1-2人気,2-5倍
202410010512,2024,1.0,6.0,9.0,3.4,14.1,21.8,False,0.0,True,1.1333333333333333,False,0.0,False,0.0,False,0.0,False,0.0,False,0.0,1-2人気,2-5倍
202410010601,2024,4.0,1.0,2.0,6.6,2.9,3.0,True,6.6,True,2.1999999999999997,False,0.0,False,0.0,False,0.0,False,0.0,False,0.0,3-5人気,5-10倍
202410010602,2024,2.0,4.0,3.0,4.4,8.1,6.2,False,0.0,True,1.4666666666666668,False,0.0,False,0.0,False,0.0,False,0.0,False,0.0,1-2人気,2-5倍
202410010603,2024,11.0,1.0,10.0,49.7,2.5,41.5,False,0.0,False,0.0,False,0.0,False,0.0,False,0.0,False,0.0,False,0.0,11人気以下,20-50倍
202410010604,2024,3.0,6.0,1.0,3.7,11.2,3.0,False,0.0,True,1.2333333333333334,False,0.0,False,0.0,False,0.0,False,0.0,False,0.0,3-5人気,2-5倍
202410010605,2024,3.0,1.0,10.0,5.1,4.6,26.8,True,5.1,True,1.7,False,0.0,False,0.0,False,0.0,False,0.0,False,0.0,3-5人気,5-10倍
202410010606,2024,12.0,1.0,8.0,101.0,2.1,71.8,False,0.0,False,0.0,False,0.0,False,0.0,False,0.0,False,0.0,False,0.0,11人気以下,50倍以上
202410010607,2024,1.0,2.0,10.0,1.6,5.5,52.3,True,1.6,True,0.5333333333333333,True,2.3666666666666667,False,0.0,False,0.0,False,0.0,False,0.0,1-2人気,1-2倍
202410010608,2024,2.0,3.0,1.0,5.1,5.2,2.5,False,0.0,False,0.0,False,0.0,False,0.0,False,0.0,False,0.0,False,0.0,1-2人気,5-10倍
202410010609,2024,1.0,2.0,10.0,3.5,3.6,52.6,False,0.0,True,1.1666666666666667,False,0.0,False,0.0,False,0.0,False,0.0,False,0.0,1-2人気,2-5倍
202410010610,2024,2.0,5.0,1.0,5.5,11.0,2.4,True,5.5,True,1.8333333333333333,False,0.0,False,0.0,False,0.0,False,0.0,False,0.0,1-2人気,5-10倍
202410010611,2024,9.0,2.0,5.0,15.2,5.3,12.9,False,0.0,False,0.0,False,0.0,False,0.0,False,0.0,False,0.0,False,0.0,6-10人気,10-20倍
202410010612,2024,2.0,5.0,3.0,3.7,11.5,4.3,True,3.7,True,1.2333333333333334,False,0.0,False,0.0,False,0.0,False,0.0,False,0.0,1-2人気,2-5倍
202410010701,2024,1.0,6.0,7.0,3.6,9.2,13.9,False,0.0,False,0.0,False,0.0,False,0.0,False,0.0,False,0.0,False,0.0,1-2人気,2-5倍
202410010702,2024,1.0,4.0,3.0,3.9,6.4,5.0,False,0.0,False,0.0,False,0.0,False,0.0,False,0.0,False,0.0,False,0.0,1-2人気,2-5倍
202410010703,2024,1.0,12.0,4.0,1.4,253.3,16.1,True,1.4,True,0.4666666666666666,False,0.0,False,0.0,False,0.0,False,0.0,False,0.0,1-2人気,1-2倍
202410010704,2024,1.0,9.0,11.0,2.8,39.6,75.2,False,0.0,False,0.0,False,0.0,False,0.0,False,0.0,False,0.0,False,0.0,1-2人気,2-5倍
202410010705,2024,2.0,1.0,7.0,4.0,3.0,14.4,False,0.0,True,1.3333333333333333,False,0.0,False,0.0,False,0.0,False,0.0,False,0.0,1-2人気,2-5倍
202410010706,2024,1.0,2.0,10.0,1.6,4.6,106.9,True,1.6,True,0.5333333333333333,True,2.0666666666666664,False,0.0,False,0.0,False,0.0,False,0.0,1-2人気,1-2倍
202410010707,2024,7.0,8.0,2.0,10.3,15.6,5.8,False,0.0,False,0.0,False,0.0,False,0.0,False,0.0,False,0.0,False,0.0,6-10人気,10-20倍
202410010708,2024,2.0,7.0,1.0,3.8,12.1,3.4,False,0.0,True,1.2666666666666666,False,0.0,False,0.0,False,0.0,False,0.0,False,0.0,1-2人気,2-5倍
202410010709,2024,4.0,11.0,9.0,7.6,73.0,44.8,False,0.0,False,0.0,False,0.0,False,0.0,False,0.0,False,0.0,False,0.0,3-5人気,5-10倍
202410010710,2024,4.0,1.0,8.0,6.8,4.3,20.9,False,0.0,False,0.0,False,0.0,False,0.0,False,0.0,False,0.0,False,0.0,3-5人気,5-10倍
202410010711,2024,2.0,4.0,5.0,2.9,11.4,17.4,False,0.0,False,0.0,False,0.0,False,0.0,False,0.0,False,0.0,False,0.0,1-2人気,2-5倍
202410010712,2024,1.0,2.0,7.0,2.5,4.5,18.3,True,2.5,True,0.8333333333333334,False,0.0,False,0.0,False,0.0,False,0.0,False,0.0,1-2人気,2-5倍
202410010801,2024,4.0,2.0,3.0,6.8,5.0,6.8,False,0.0,False,0.0,False,0.0,False,0.0,False,0.0,False,0.0,False,0.0,3-5人気,5-10倍
202410010802,2024,6.0,4.0,3.0,11.0,5.7,4.8,False,0.0,False,0.0,False,0.0,False,0.0,False,0.0,False,0.0,False,0.0,6-10人気,10-20倍
202410010803,2024,2.0,9.0,3.0,3.6,51.2,6.5,False,0.0,True,1.2,False,0.0,False,0.0,False,0.0,False,0.0,False,0.0,1-2人気,2-5倍
202410010804,2024,1.0,3.0,11.0,1.7,7.2,120.3,True,1.7,True,0.5666666666666667,False,0.0,False,0.0,False,0.0,False,0.0,False,0.0,1-2人気,1-2倍
202410010805,2024,4.0,5.0,3.0,7.2,9.3,6.3,False,0.0,False,0.0,False,0.0,False,0.0,False,0.0,False,0.0,False,0.0,3-5人気,5-10倍
202410010806,2024,1.0,7.0,6.0,2.7,18.7,14.0,False,0.0,False,0.0,False,0.0,False,0.0,False,0.0,False,0.0,False,0.0,1-2人気,2-5倍
202410010807,2024,4.0,1.0,2.0,7.1,1.9,5.9,False,0.0,True,2.3666666666666667,True,3.0,True,1.3489999999999998,False,0.0,True,2.653033333333333,False,0.0,3-5人気,5-10倍
202410010808,2024,1.0,4.0,7.0,4.2,6.4,12.3,False,0.0,True,1.4000000000000001,False,0.0,False,0.0,False,0.0,False,0.0,False,0.0,1-2人気,2-5倍
202410010809,2024,2.0,3.0,4.0,4.1,5.2,7.5,False,0.0,False,0.0,False,0.0,False,0.0,False,0.0,False,0.0,False,0.0,1-2人気,2-5倍
202410010810,2024,1.0,2.0,11.0,2.5,3.8,31.3,False,0.0,True,0.8333333333333334,False,0.0,False,0.0,False,0.0,False,0.0,False,0.0,1-2人気,2-5倍
202410010811,2024,5.0,1.0,2.0,8.4,2.4,4.0,False,0.0,False,0.0,False,0.0,False,0.0,False,0.0,False,0.0,False,0.0,3-5人気,5-10倍
202410010812,2024,5.0,4.0,8.0,11.7,8.8,22.4,False,0.0,True,3.9,False,0.0,False,0.0,False,0.0,False,0.0,False,0.0,3-5人気,10-20倍
202410020101,2024,11.0,9.0,7.0,46.1,36.8,20.4,False,0.0,False,0.0,False,0.0,False,0.0,False,0.0,False,0.0,False,0.0,11人気以下,20-50倍
202410020102,2024,9.0,5.0,8.0,29.8,11.2,22.7,False,0.0,False,0.0,False,0.0,False,0.0,False,0.0,False,0.0,False,0.0,6-10人気,20-50倍
202410020103,2024,1.0,6.0,3.0,2.6,24.1,6.4,True,2.6,True,0.8666666666666667,False,0.0,False,0.0,False,0.0,False,0.0,False,0.0,1-2人気,2-5倍
202410020104,2024,1.0,5.0,4.0,1.8,14.1,9.5,False,0.0,True,0.6,False,0.0,False,0.0,False,0.0,False,0.0,False,0.0,1-2人気,1-2倍
202410020105,2024,6.0,2.0,1.0,12.8,3.7,3.2,False,0.0,False,0.0,False,0.0,False,0.0,False,0.0,False,0.0,False,0.0,6-10人気,10-20倍
202410020106,2024,5.0,1.0,2.0,7.7,3.4,5.3,False,0.0,False,0.0,False,0.0,False,0.0,False,0.0,False,0.0,False,0.0,3-5人気,5-10倍
202410020107,2024,2.0,1.0,3.0,3.3,2.8,5.0,False,0.0,False,0.0,False,0.0,False,0.0,False,0.0,False,0.0,False,0.0,1-2人気,2-5倍
202410020108,2024,2.0,4.0,1.0,2.6,9.6,2.4,True,2.6,True,0.8666666666666667,False,0.0,False,0.0,False,0.0,False,0.0,False,0.0,1-2人気,2-5倍
202410020109,2024,1.0,2.0,3.0,1.7,4.3,7.6,False,0.0,True,0.5666666666666667,True,2.0,False,0.0,False,0.0,True,1.8518666666666665,False,0.0,1-2人気,1-2倍
202410020110,2024,8.0,13.0,3.0,19.5,48.1,5.3,False,0.0,False,0.0,False,0.0,False,0.0,False,0.0,False,0.0,False,0.0,6-10人気,10-20倍
202410020111,2024,3.0,1.0,8.0,5.5,1.8,36.4,False,0.0,False,0.0,False,0.0,False,0.0,False,0.0,False,0.0,False,0.0,3-5人気,5-10倍
202410020112,2024,4.0,1.0,2.0,7.1,3.8,4.6,False,0.0,False,0.0,False,0.0,False,0.0,False,0.0,False,0.0,False,0.0,3-5人気,5-10倍
202410020201,2024,1.0,7.0,3.0,2.9,16.3,4.8,True,2.9,True,0.9666666666666667,False,0.0,False,0.0,False,0.0,False,0.0,False,0.0,1-2人気,2-5倍
202410020202,2024,6.0,11.0,4.0,9.9,72.7,6.2,False,0.0,False,0.0,False,0.0,False,0.0,False,0.0,False,0.0,False,0.0,6-10人気,5-10倍
202410020203,2024,1.0,8.0,4.0,2.1,20.3,12.3,False,0.0,False,0.0,False,0.0,False,0.0,False,0.0,False,0.0,False,0.0,1-2人気,2-5倍
202410020204,2024,1.0,8.0,11.0,1.3,35.1,130.9,False,0.0,True,0.43333333333333335,False,0.0,False,0.0,False,0.0,False,0.0,False,0.0,1-2人気,1-2倍
202410020205,2024,1.0,4.0,2.0,2.4,5.5,3.8,True,2.4,True,0.7999999999999999,True,2.6333333333333333,False,0.0,False,0.0,True,1.672,False,0.0,1-2人気,2-5倍
202410020206,2024,1.0,10.0,9.0,2.6,26.7,22.3,False,0.0,True,0.8666666666666667,False,0.0,False,0.0,False,0.0,False,0.0,False,0.0,1-2人気,2-5倍
202410020207,2024,2.0,1.0,7.0,3.5,3.1,20.0,True,3.5,True,1.1666666666666667,False,0.0,False,0.0,False,0.0,False,0.0,False,0.0,1-2人気,2-5倍
202410020208,2024,6.0,4.0,2.0,20.3,14.4,6.1,False,0.0,True,6.766666666666667,False,0.0,False,0.0,False,0.0,False,0.0,False,0.0,6-10人気,20-50倍
202410020209,2024,2.0,1.0,4.0,4.1,1.7,14.4,False,0.0,True,1.3666666666666665,True,1.9333333333333333,False,0.0,False,0.0,False,0.0,False,0.0,1-2人気,2-5倍
202410020210,2024,3.0,1.0,7.0,6.4,2.5,18.3,False,0.0,False,0.0,False,0.0,False,0.0,False,0.0,False,0.0,False,0.0,3-5人気,5-10倍
202410020211,2024,3.0,1.0,2.0,6.3,3.4,5.3,False,0.0,False,0.0,False,0.0,False,0.0,False,0.0,False,0.0,False,0.0,3-5人気,5-10倍
202410020212,2024,1.0,3.0,2.0,2.6,6.5,4.2,False,0.0,True,0.8666666666666667,True,3.033333333333333,True,1.6900000000000002,False,0.0,True,2.3660000000000005,False,0.0,1-2人気,2-5倍
202410020301,2024,2.0,6.0,10.0,2.5,21.6,91.5,False,0.0,False,0.0,False,0.0,False,0.0,False,0.0,False,0.0,False,0.0,1-2人気,2-5倍
202410020302,2024,2.0,7.0,1.0,4.7,18.1,3.4,False,0.0,False,0.0,False,0.0,False,0.0,False,0.0,False,0.0,False,0.0,1-2人気,2-5倍
202410020303,2024,3.0,1.0,2.0,5.6,3.5,3.7,False,0.0,False,0.0,False,0.0,False,0.0,False,0.0,False,0.0,False,0.0,3-5人気,5-10倍
202410020304,2024,1.0,3.0,4.0,3.5,4.6,5.1,False,0.0,True,1.1666666666666667,False,0.0,False,0.0,False,0.0,False,0.0,False,0.0,1-2人気,2-5倍
202410020305,2024,3.0,2.0,4.0,6.5,4.1,9.5,False,0.0,True,2.1666666666666665,True,3.533333333333333,False,0.0,False,0.0,False,0.0,False,0.0,3-5人気,5-10倍
202410020306,2024,6.0,7.0,4.0,10.6,14.5,8.9,False,0.0,False,0.0,False,0.0,False,0.0,False,0.0,False,0.0,False,0.0,6-10人気,10-20倍
202410020307,2024,3.0,7.0,1.0,5.8,15.2,3.0,False,0.0,False,0.0,False,0.0,False,0.0,False,0.0,False,0.0,False,0.0,3-5人気,5-10倍
202410020308,2024,4.0,1.0,6.0,10.8,2.6,12.1,False,0.0,True,3.6,True,4.466666666666667,True,2.8080000000000003,False,0.0,True,11.325600000000001,False,0.0,3-5人気,10-20倍
202410020309,2024,4.0,1.0,6.0,6.1,2.8,11.8,False,0.0,False,0.0,False,0.0,False,0.0,False,0.0,False,0.0,False,0.0,3-5人気,5-10倍
202410020310,2024,1.0,2.0,13.0,2.0,6.3,50.3,False,0.0,False,0.0,False,0.0,False,0.0,False,0.0,False,0.0,False,0.0,1-2人気,1-2倍
202410020311,2024,1.0,3.0,2.0,2.9,5.2,5.1,False,0.0,False,0.0,False,0.0,False,0.0,False,0.0,False,0.0,False,0.0,1-2人気,2-5倍
202410020312,2024,5.0,6.0,7.0,8.7,9.1,11.0,False,0.0,False,0.0,False,0.0,False,0.0,False,0.0,False,0.0,False,0.0,3-5人気,5-10倍
202410020401,2024,7.0,2.0,4.0,23.2,3.9,8.5,False,0.0,False,0.0,False,0.0,False,0.0,False,0.0,False,0.0,False,0.0,6-10人気,20-50倍
202410020402,2024,12.0,1.0,2.0,75.3,2.6,4.1,False,0.0,False,0.0,False,0.0,False,0.0,False,0.0,False,0.0,False,0.0,11人気以下,50倍以上
202410020403,2024,7.0,10.0,8.0,22.1,58.7,29.0,False,0.0,False,0.0,False,0.0,False,0.0,False,0.0,False,0.0,False,0.0,6-10人気,20-50倍
202410020404,2024,2.0,4.0,1.0,3.3,7.2,3.2,False,0.0,True,1.0999999999999999,False,0.0,False,0.0,False,0.0,False,0.0,False,0.0,1-2人気,2-5倍
202410020405,2024,1.0,4.0,6.0,2.8,8.5,25.7,False,0.0,False,0.0,False,0.0,False,0.0,False,0.0,False,0.0,False,0.0,1-2人気,2-5倍
202410020406,2024,1.0,2.0,4.0,1.7,4.2,11.2,True,1.7,True,0.5666666666666667,False,0.0,False,0.0,False,0.0,False,0.0,False,0.0,1-2人気,1-2倍
202410020407,2024,1.0,8.0,4.0,3.4,29.6,6.1,False,0.0,False,0.0,False,0.0,False,0.0,False,0.0,False,0.0,False,0.0,1-2人気,2-5倍
202410020408,2024,1.0,8.0,2.0,3.4,39.9,3.9,False,0.0,False,0.0,False,0.0,False,0.0,False,0.0,False,0.0,False,0.0,1-2人気,2-5倍
202410020409,2024,10.0,6.0,2.0,24.3,13.7,5.0,False,0.0,False,0.0,False,0.0,False,0.0,False,0.0,False,0.0,False,0.0,6-10人気,20-50倍
202410020410,2024,6.0,1.0,12.0,13.1,4.1,40.4,False,0.0,True,4.366666666666666,True,5.733333333333333,False,0.0,False,0.0,False,0.0,False,0.0,6-10人気,10-20倍
202410020411,2024,5.0,4.0,2.0,8.8,6.6,4.8,False,0.0,False,0.0,False,0.0,False,0.0,False,0.0,False,0.0,False,0.0,3-5人気,5-10倍
202410020412,2024,3.0,4.0,2.0,7.4,9.0,6.2,False,0.0,False,0.0,False,0.0,False,0.0,False,0.0,False,0.0,False,0.0,3-5人気,5-10倍
202410020501,2024,2.0,6.0,1.0,5.9,34.1,1.3,False,0.0,False,0.0,False,0.0,False,0.0,False,0.0,False,0.0,False,0.0,1-2人気,5-10倍
202410020502,2024,1.0,6.0,8.0,1.8,22.6,40.8,False,0.0,True,0.6,False,0.0,False,0.0,False,0.0,False,0.0,False,0.0,1-2人気,1-2倍
202410020503,2024,8.0,6.0,5.0,17.1,12.2,11.3,False,0.0,False,0.0,False,0.0,False,0.0,False,0.0,False,0.0,False,0.0,6-10人気,10-20倍
202410020504,2024,3.0,2.0,5.0,5.5,4.1,18.2,False,0.0,False,0.0,False,0.0,False,0.0,False,0.0,False,0.0,False,0.0,3-5人気,5-10倍
202410020505,2024,3.0,5.0,4.0,5.9,8.0,6.4,False,0.0,False,0.0,False,0.0,False,0.0,False,0.0,False,0.0,False,0.0,3-5人気,5-10倍
202410020506,2024,5.0,8.0,3.0,8.3,44.9,4.0,False,0.0,False,0.0,False,0.0,False,0.0,False,0.0,False,0.0,False,0.0,3-5人気,5-10倍
202410020507,2024,5.0,1.0,12.0,7.7,4.3,53.0,True,7.7,True,2.566666666666667,False,0.0,False,0.0,False,0.0,False,0.0,False,0.0,3-5人気,5-10倍
202410020508,2024,5.0,2.0,4.0,11.5,4.3,6.0,False,0.0,False,0.0,False,0.0,False,0.0,False,0.0,False,0.0,False,0.0,3-5人気,10-20倍
202410020509,2024,2.0,1.0,4.0,3.1,3.1,5.6,False,0.0,True,1.0333333333333334,True,2.066666666666667,False,0.0,False,0.0,True,1.7938666666666667,False,0.0,1-2人気,2-5倍
202410020510,2024,3.0,2.0,10.0,11.9,7.7,47.6,False,0.0,False,0.0,False,0.0,False,0.0,False,0.0,False,0.0,False,0.0,3-5人気,10-20倍
202410020511,2024,2.0,1.0,6.0,4.5,3.2,16.5,False,0.0,False,0.0,False,0.0,False,0.0,False,0.0,False,0.0,False,0.0,1-2人気,2-5倍
202410020512,2024,1.0,5.0,6.0,2.2,14.2,17.3,False,0.0,True,0.7333333333333334,False,0.0,False,0.0,False,0.0,False,0.0,False,0.0,1-2人気,2-5倍
202410020601,2024,9.0,3.0,4.0,22.2,6.1,8.3,False,0.0,False,0.0,False,0.0,False,0.0,False,0.0,False,0.0,False,0.0,6-10人気,20-50倍
202410020602,2024,2.0,6.0,3.0,3.0,19.4,6.2,False,0.0,True,1.0,True,7.466666666666666,True,5.819999999999999,False,0.0,False,0.0,False,0.0,1-2人気,2-5倍
202410020603,2024,1.0,7.0,11.0,1.6,25.0,120.7,True,1.6,True,0.5333333333333333,True,8.866666666666667,False,0.0,False,0.0,False,0.0,False,0.0,1-2人気,1-2倍
202410020604,2024,1.0,5.0,2.0,1.9,11.0,4.9,True,1.9,True,0.6333333333333333,True,4.3,True,2.09,True,4.18,True,3.4136666666666664,True,10.241,1-2人気,1-2倍
202410020605,2024,9.0,6.0,2.0,27.5,11.0,3.6,False,0.0,True,9.166666666666666,False,0.0,False,0.0,False,0.0,False,0.0,False,0.0,6-10人気,20-50倍
202410020606,2024,6.0,14.0,1.0,11.2,198.9,4.2,True,11.2,True,3.733333333333333,False,0.0,False,0.0,False,0.0,False,0.0,False,0.0,6-10人気,10-20倍
202410020607,2024,5.0,3.0,2.0,10.0,7.4,3.4,False,0.0,True,3.3333333333333335,False,0.0,False,0.0,False,0.0,False,0.0,False,0.0,3-5人気,5-10倍
202410020608,2024,4.0,1.0,3.0,5.8,3.7,4.6,False,0.0,True,1.9333333333333333,False,0.0,False,0.0,False,0.0,False,0.0,False,0.0,3-5人気,5-10倍
202410020609,2024,1.0,7.0,4.0,1.9,17.0,10.0,True,1.9,True,0.6333333333333333,False,0.0,False,0.0,False,0.0,False,0.0,False,0.0,1-2人気,1-2倍
202410020610,2024,1.0,3.0,2.0,1.7,6.8,3.5,False,0.0,False,0.0,False,0.0,False,0.0,False,0.0,False,0.0,False,0.0,1-2人気,1-2倍
202410020611,2024,2.0,5.0,7.0,5.8,11.4,13.7,False,0.0,False,0.0,False,0.0,False,0.0,False,0.0,False,0.0,False,0.0,1-2人気,5-10倍
202410020612,2024,1.0,3.0,4.0,3.1,4.4,6.6,False,0.0,False,0.0,False,0.0,False,0.0,False,0.0,False,0.0,False,0.0,1-2人気,2-5倍
202410020701,2024,1.0,8.0,16.0,3.1,15.0,208.1,False,0.0,True,1.0333333333333334,False,0.0,False,0.0,False,0.0,False,0.0,False,0.0,1-2人気,2-5倍
202410020702,2024,3.0,6.0,1.0,4.2,16.9,2.9,False,0.0,False,0.0,False,0.0,False,0.0,False,0.0,False,0.0,False,0.0,3-5人気,2-5倍
202410020703,2024,1.0,11.0,3.0,1.8,72.8,6.5,False,0.0,True,0.6,False,0.0,False,0.0,False,0.0,False,0.0,False,0.0,1-2人気,1-2倍
202410020704,2024,2.0,1.0,4.0,4.8,1.8,8.3,False,0.0,True,1.5999999999999999,True,2.1999999999999997,False,0.0,False,0.0,False,0.0,False,0.0,1-2人気,2-5倍
202410020705,2024,1.0,7.0,3.0,1.8,36.1,5.9,False,0.0,True,0.6,False,0.0,False,0.0,False,0.0,False,0.0,False,0.0,1-2人気,1-2倍
202410020706,2024,5.0,1.0,3.0,9.2,3.2,6.1,False,0.0,False,0.0,False,0.0,False,0.0,False,0.0,False,0.0,False,0.0,3-5人気,5-10倍
202410020707,2024,10.0,3.0,8.0,49.8,4.8,19.7,False,0.0,False,0.0,False,0.0,False,0.0,False,0.0,False,0.0,False,0.0,6-10人気,20-50倍
202410020708,2024,1.0,13.0,2.0,1.9,270.7,4.5,True,1.9,True,0.6333333333333333,False,0.0,False,0.0,False,0.0,False,0.0,False,0.0,1-2人気,1-2倍
202410020709,2024,5.0,1.0,4.0,8.4,3.0,5.6,False,0.0,False,0.0,False,0.0,False,0.0,False,0.0,False,0.0,False,0.0,3-5人気,5-10倍
202410020710,2024,1.0,6.0,2.0,2.6,15.1,4.0,True,2.6,True,0.8666666666666667,False,0.0,False,0.0,False,0.0,False,0.0,False,0.0,1-2人気,2-5倍
202410020711,2024,3.0,2.0,1.0,6.3,6.2,5.0,False,0.0,True,2.1,False,0.0,False,0.0,False,0.0,False,0.0,False,0.0,3-5人気,5-10倍
202410020712,2024,1.0,2.0,3.0,2.6,3.7,7.7,False,0.0,True,0.8666666666666667,True,2.1,False,0.0,False,0.0,False,0.0,False,0.0,1-2人気,2-5倍
202410020801,2024,2.0,16.0,12.0,3.6,137.5,69.8,False,0.0,True,1.2,False,0.0,False,0.0,False,0.0,False,0.0,False,0.0,1-2人気,2-5倍
202410020802,2024,10.0,6.0,12.0,48.1,28.2,83.4,False,0.0,False,0.0,False,0.0,False,0.0,False,0.0,False,0.0,False,0.0,6-10人気,20-50倍
202410020803,2024,1.0,3.0,4.0,2.7,5.0,7.2,False,0.0,True,0.9,True,2.566666666666667,True,1.35,False,0.0,False,0.0,False,0.0,1-2人気,2-5倍
202410020804,2024,1.0,2.0,3.0,1.8,3.7,6.5,False,0.0,True,0.6,True,1.8333333333333333,False,0.0,False,0.0,False,0.0,False,0.0,1-2人気,1-2倍
202410020805,2024,4.0,1.0,3.0,11.3,1.8,7.4,False,0.0,False,0.0,False,0.0,False,0.0,False,0.0,False,0.0,False,0.0,3-5人気,10-20倍
202410020806,2024,5.0,12.0,10.0,13.8,162.0,94.5,False,0.0,False,0.0,False,0.0,False,0.0,False,0.0,False,0.0,False,0.0,3-5人気,10-20倍
202410020807,2024,1.0,4.0,5.0,1.7,11.7,13.8,True,1.7,True,0.5666666666666667,False,0.0,False,0.0,False,0.0,False,0.0,False,0.0,1-2人気,1-2倍
202410020808,2024,2.0,4.0,6.0,3.7,6.9,9.3,False,0.0,False,0.0,False,0.0,False,0.0,False,0.0,False,0.0,False,0.0,1-2人気,2-5倍
202410020809,2024,1.0,2.0,4.0,2.1,3.4,9.2,False,0.0,True,0.7000000000000001,True,1.8333333333333333,True,0.714,False,0.0,False,0.0,False,0.0,1-2人気,2-5倍
202410020810,2024,2.0,5.0,6.0,4.6,11.1,11.6,False,0.0,False,0.0,False,0.0,False,0.0,False,0.0,False,0.0,False,0.0,1-2人気,2-5倍
202410020811,2024,2.0,1.0,5.0,3.6,3.0,14.2,False,0.0,False,0.0,False,0.0,False,0.0,False,0.0,False,0.0,False,0.0,1-2人気,2-5倍
202410020812,2024,1.0,4.0,5.0,1.4,14.0,19.7,False,0.0,True,0.4666666666666666,True,5.133333333333334,False,0.0,False,0.0,False,0.0,False,0.0,1-2人気,1-2倍
202410030101,2024,1.0,2.0,3.0,1.4,3.4,5.7,True,1.4,True,0.4666666666666666,True,1.5999999999999999,False,0.0,False,0.0,False,0.0,False,0.0,1-2人気,1-2倍
202410030102,2024,7.0,1.0,11.0,29.2,2.5,163.5,False,0.0,False,0.0,False,0.0,False,0.0,False,0.0,False,0.0,False,0.0,6-10人気,20-50倍
202410030103,2024,2.0,6.0,11.0,4.3,10.1,68.5,False,0.0,True,1.4333333333333333,False,0.0,False,0.0,False,0.0,False,0.0,False,0.0,1-2人気,2-5倍
202410030104,2024,3.0,13.0,4.0,6.6,179.8,10.5,False,0.0,False,0.0,False,0.0,False,0.0,False,0.0,False,0.0,False,0.0,3-5人気,5-10倍
202410030105,2024,9.0,8.0,4.0,52.1,50.6,11.8,False,0.0,False,0.0,False,0.0,False,0.0,False,0.0,False,0.0,False,0.0,6-10人気,50倍以上
202410030106,2024,2.0,5.0,4.0,3.2,9.4,6.4,False,0.0,True,1.0666666666666667,False,0.0,False,0.0,False,0.0,False,0.0,False,0.0,1-2人気,2-5倍
202410030107,2024,1.0,4.0,10.0,2.8,7.3,74.4,False,0.0,True,0.9333333333333332,False,0.0,False,0.0,False,0.0,False,0.0,False,0.0,1-2人気,2-5倍
202410030108,2024,4.0,1.0,5.0,17.1,1.3,21.6,False,0.0,False,0.0,False,0.0,False,0.0,False,0.0,False,0.0,False,0.0,3-5人気,10-20倍
202410030109,2024,1.0,2.0,4.0,3.5,4.0,4.8,True,3.5,True,1.1666666666666667,False,0.0,False,0.0,False,0.0,False,0.0,False,0.0,1-2人気,2-5倍
202410030110,2024,1.0,3.0,2.0,2.3,5.8,4.7,False,0.0,False,0.0,False,0.0,False,0.0,False,0.0,False,0.0,False,0.0,1-2人気,2-5倍
202410030111,2024,1.0,4.0,3.0,2.3,7.1,6.1,False,0.0,True,0.7666666666666666,False,0.0,False,0.0,False,0.0,False,0.0,False,0.0,1-2人気,2-5倍
202410030112,2024,1.0,3.0,4.0,2.2,5.8,10.5,False,0.0,True,0.7333333333333334,True,2.6666666666666665,False,0.0,False,0.0,False,0.0,False,0.0,1-2人気,2-5倍
202410030201,2024,4.0,2.0,3.0,8.1,6.9,7.2,False,0.0,True,2.6999999999999997,False,0.0,False,0.0,False,0.0,False,0.0,False,0.0,3-5人気,5-10倍
202410030202,2024,1.0,4.0,2.0,3.2,7.2,4.1,False,0.0,True,1.0666666666666667,False,0.0,False,0.0,False,0.0,False,0.0,False,0.0,1-2人気,2-5倍
202410030203,2024,4.0,1.0,9.0,7.5,2.6,54.3,False,0.0,False,0.0,False,0.0,False,0.0,False,0.0,False,0.0,False,0.0,3-5人気,5-10倍
202410030204,2024,8.0,1.0,4.0,47.1,1.4,19.0,False,0.0,False,0.0,False,0.0,False,0.0,False,0.0,False,0.0,False,0.0,6-10人気,20-50倍
202410030205,2024,2.0,4.0,6.0,2.7,9.1,25.6,False,0.0,True,0.9,False,0.0,False,0.0,False,0.0,False,0.0,False,0.0,1-2人気,2-5倍
202410030206,2024,1.0,6.0,2.0,1.6,38.7,3.6,False,0.0,False,0.0,False,0.0,False,0.0,False,0.0,False,0.0,False,0.0,1-2人気,1-2倍
202410030207,2024,7.0,8.0,1.0,26.1,30.7,1.8,False,0.0,False,0.0,False,0.0,False,0.0,False,0.0,False,0.0,False,0.0,6-10人気,20-50倍
202410030208,2024,10.0,11.0,1.0,28.8,58.2,3.6,False,0.0,False,0.0,False,0.0,False,0.0,False,0.0,False,0.0,False,0.0,6-10人気,20-50倍
202410030209,2024,2.0,1.0,5.0,3.9,1.8,12.8,True,3.9,True,1.3,True,1.9000000000000001,True,0.702,True,1.404,False,0.0,False,0.0,1-2人気,2-5倍
202410030210,2024,1.0,7.0,6.0,3.2,14.5,11.8,False,0.0,True,1.0666666666666667,False,0.0,False,0.0,False,0.0,False,0.0,False,0.0,1-2人気,2-5倍
202410030211,2024,8.0,1.0,2.0,14.6,4.5,5.9,False,0.0,False,0.0,False,0.0,False,0.0,False,0.0,False,0.0,False,0.0,6-10人気,10-20倍
202410030212,2024,11.0,6.0,3.0,53.5,11.6,4.6,False,0.0,False,0.0,False,0.0,False,0.0,False,0.0,False,0.0,False,0.0,11人気以下,50倍以上
202410030301,2024,3.0,1.0,2.0,8.2,1.6,3.2,False,0.0,True,2.733333333333333,True,3.266666666666666,True,1.3119999999999998,False,0.0,True,1.3994666666666666,False,0.0,3-5人気,5-10倍
202410030302,2024,1.0,2.0,7.0,1.3,6.0,35.3,True,1.3,True,0.43333333333333335,False,0.0,False,0.0,False,0.0,False,0.0,False,0.0,1-2人気,1-2倍
202410030303,2024,5.0,1.0,2.0,10.8,3.3,4.2,False,0.0,False,0.0,False,0.0,False,0.0,False,0.0,False,0.0,False,0.0,3-5人気,10-20倍
202410030304,2024,3.0,1.0,4.0,5.1,2.1,7.5,False,0.0,False,0.0,False,0.0,False,0.0,False,0.0,False,0.0,False,0.0,3-5人気,5-10倍
202410030305,2024,1.0,3.0,6.0,2.1,5.4,51.8,False,0.0,False,0.0,False,0.0,False,0.0,False,0.0,False,0.0,False,0.0,1-2人気,2-5倍
202410030306,2024,1.0,3.0,5.0,4.0,4.6,8.8,True,4.0,True,1.3333333333333333,True,2.8666666666666667,True,1.8399999999999999,True,3.6799999999999997,False,0.0,False,0.0,1-2人気,2-5倍
202410030307,2024,1.0,2.0,3.0,3.8,3.9,5.8,False,0.0,False,0.0,False,0.0,False,0.0,False,0.0,False,0.0,False,0.0,1-2人気,2-5倍
202410030308,2024,8.0,7.0,5.0,17.2,15.3,13.0,False,0.0,False,0.0,False,0.0,False,0.0,False,0.0,False,0.0,False,0.0,6-10人気,10-20倍
202410030309,2024,4.0,2.0,5.0,6.7,3.7,10.7,False,0.0,False,0.0,False,0.0,False,0.0,False,0.0,False,0.0,False,0.0,3-5人気,5-10倍
202410030310,2024,1.0,3.0,6.0,1.5,6.9,25.2,True,1.5,True,0.5,False,0.0,False,0.0,False,0.0,False,0.0,False,0.0,1-2人気,1-2倍
202410030311,2024,1.0,3.0,6.0,2.8,5.0,12.9,True,2.8,True,0.9333333333333332,False,0.0,False,0.0,False,0.0,False,0.0,False,0.0,1-2人気,2-5倍
202410030312,2024,8.0,9.0,1.0,20.6,29.4,3.7,False,0.0,False,0.0,False,0.0,False,0.0,False,0.0,False,0.0,False,0.0,6-10人気,20-50倍
202410030401,2024,4.0,5.0,3.0,7.4,19.4,5.0,True,7.4,True,2.466666666666667,False,0.0,False,0.0,False,0.0,False,0.0,False,0.0,3-5人気,5-10倍
202410030402,2024,2.0,1.0,3.0,3.3,2.3,5.8,False,0.0,False,0.0,False,0.0,False,0.0,False,0.0,False,0.0,False,0.0,1-2人気,2-5倍
202410030403,2024,6.0,1.0,2.0,27.3,1.5,5.9,False,0.0,False,0.0,False,0.0,False,0.0,False,0.0,False,0.0,False,0.0,6-10人気,20-50倍
202410030404,2024,5.0,1.0,2.0,23.2,2.2,3.1,False,0.0,True,7.733333333333333,False,0.0,False,0.0,False,0.0,False,0.0,False,0.0,3-5人気,20-50倍
202410030405,2024,2.0,3.0,1.0,1.9,10.8,1.8,False,0.0,True,0.6333333333333333,True,4.233333333333333,False,0.0,False,0.0,True,1.2312,False,0.0,1-2人気,1-2倍
202410030406,2024,4.0,5.0,2.0,7.6,7.7,3.3,False,0.0,False,0.0,False,0.0,False,0.0,False,0.0,False,0.0,False,0.0,3-5人気,5-10倍
202410030407,2024,2.0,6.0,16.0,4.3,13.9,234.0,False,0.0,True,1.4333333333333333,False,0.0,False,0.0,False,0.0,False,0.0,False,0.0,1-2人気,2-5倍
202410030408,2024,5.0,1.0,4.0,11.6,2.5,11.6,False,0.0,True,3.8666666666666667,False,0.0,False,0.0,False,0.0,False,0.0,False,0.0,3-5人気,10-20倍
202410030409,2024,2.0,4.0,1.0,3.4,8.9,3.0,False,0.0,True,1.1333333333333333,False,0.0,False,0.0,False,0.0,False,0.0,False,0.0,1-2人気,2-5倍
202410030410,2024,5.0,2.0,1.0,10.0,4.4,3.4,False,0.0,True,3.3333333333333335,False,0.0,False,0.0,False,0.0,False,0.0,False,0.0,3-5人気,5-10倍
202410030411,2024,1.0,5.0,2.0,1.7,19.4,4.2,True,1.7,True,0.5666666666666667,False,0.0,False,0.0,False,0.0,False,0.0,False,0.0,1-2人気,1-2倍
202410030412,2024,2.0,4.0,3.0,3.7,6.1,3.8,False,0.0,False,0.0,False,0.0,False,0.0,False,0.0,False,0.0,False,0.0,1-2人気,2-5倍
202410030501,2024,3.0,2.0,5.0,8.6,2.9,23.7,False,0.0,False,0.0,False,0.0,False,0.0,False,0.0,False,0.0,False,0.0,3-5人気,5-10倍
202410030502,2024,4.0,8.0,1.0,12.4,47.7,1.6,False,0.0,False,0.0,False,0.0,False,0.0,False,0.0,False,0.0,False,0.0,3-5人気,10-20倍
202410030503,2024,3.0,6.0,7.0,5.7,11.4,12.2,False,0.0,True,1.9000000000000001,False,0.0,False,0.0,False,0.0,False,0.0,False,0.0,3-5人気,5-10倍
202410030504,2024,7.0,1.0,2.0,18.1,3.9,4.4,False,0.0,False,0.0,False,0.0,False,0.0,False,0.0,False,0.0,False,0.0,6-10人気,10-20倍
202410030505,2024,1.0,3.0,7.0,2.0,5.0,39.0,False,0.0,True,0.6666666666666666,False,0.0,False,0.0,False,0.0,False,0.0,False,0.0,1-2人気,1-2倍
202410030506,2024,1.0,4.0,7.0,3.0,7.6,23.8,False,0.0,False,0.0,False,0.0,False,0.0,False,0.0,False,0.0,False,0.0,1-2人気,2-5倍
202410030507,2024,4.0,5.0,1.0,11.3,13.6,1.8,False,0.0,False,0.0,False,0.0,False,0.0,False,0.0,False,0.0,False,0.0,3-5人気,10-20倍
202410030508,2024,9.0,5.0,1.0,39.8,17.8,2.0,False,0.0,True,13.266666666666666,False,0.0,False,0.0,False,0.0,False,0.0,False,0.0,6-10人気,20-50倍
202410030509,2024,2.0,3.0,5.0,3.5,5.8,17.7,False,0.0,False,0.0,False,0.0,False,0.0,False,0.0,False,0.0,False,0.0,1-2人気,2-5倍
202410030510,2024,2.0,5.0,1.0,5.7,8.9,3.1,False,0.0,False,0.0,False,0.0,False,0.0,False,0.0,False,0.0,False,0.0,1-2人気,5-10倍
202410030511,2024,1.0,3.0,8.0,2.9,5.7,19.5,False,0.0,False,0.0,False,0.0,False,0.0,False,0.0,False,0.0,False,0.0,1-2人気,2-5倍
202410030512,2024,2.0,5.0,1.0,6.5,10.2,1.9,False,0.0,False,0.0,False,0.0,False,0.0,False,0.0,False,0.0,False,0.0,1-2人気,5-10倍
202410030601,2024,1.0,2.0,3.0,2.2,2.6,3.8,False,0.0,False,0.0,False,0.0,False,0.0,False,0.0,False,0.0,False,0.0,1-2人気,2-5倍
202410030602,2024,3.0,5.0,6.0,7.9,9.4,9.5,False,0.0,False,0.0,False,0.0,False,0.0,False,0.0,False,0.0,False,0.0,3-5人気,5-10倍
202410030603,2024,9.0,10.0,15.0,48.6,69.6,224.6,False,0.0,False,0.0,False,0.0,False,0.0,False,0.0,False,0.0,False,0.0,6-10人気,20-50倍
202410030604,2024,2.0,6.0,1.0,4.9,21.0,1.7,True,4.9,True,1.6333333333333335,False,0.0,False,0.0,False,0.0,False,0.0,False,0.0,1-2人気,2-5倍
202410030605,2024,4.0,6.0,1.0,7.6,18.5,2.5,False,0.0,False,0.0,False,0.0,False,0.0,False,0.0,False,0.0,False,0.0,3-5人気,5-10倍
202410030606,2024,5.0,2.0,1.0,11.0,4.0,1.7,True,11.0,True,3.6666666666666665,True,5.0,False,0.0,False,0.0,True,2.493333333333333,False,0.0,3-5人気,10-20倍
202410030607,2024,1.0,11.0,8.0,2.8,75.5,20.9,False,0.0,False,0.0,False,0.0,False,0.0,False,0.0,False,0.0,False,0.0,1-2人気,2-5倍
202410030608,2024,2.0,3.0,6.0,3.6,4.5,21.0,False,0.0,False,0.0,False,0.0,False,0.0,False,0.0,False,0.0,False,0.0,1-2人気,2-5倍
202410030609,2024,1.0,8.0,5.0,2.8,21.6,16.4,False,0.0,False,0.0,False,0.0,False,0.0,False,0.0,False,0.0,False,0.0,1-2人気,2-5倍
202410030610,2024,2.0,3.0,4.0,4.8,5.2,7.5,False,0.0,True,1.5999999999999999,True,3.3333333333333335,False,0.0,False,0.0,False,0.0,False,0.0,1-2人気,2-5倍
202410030611,2024,4.0,2.0,1.0,7.6,4.9,4.3,True,7.6,True,2.533333333333333,False,0.0,False,0.0,False,0.0,False,0.0,False,0.0,3-5人気,5-10倍
202410030612,2024,1.0,3.0,7.0,3.2,5.0,29.4,False,0.0,False,0.0,False,0.0,False,0.0,False,0.0,False,0.0,False,0.0,1-2人気,2-5倍
202410030701,2024,5.0,1.0,3.0,10.0,2.6,4.3,False,0.0,False,0.0,False,0.0,False,0.0,False,0.0,False,0.0,False,0.0,3-5人気,5-10倍
202410030702,2024,1.0,6.0,7.0,2.0,19.7,30.7,False,0.0,True,0.6666666666666666,False,0.0,False,0.0,False,0.0,False,0.0,False,0.0,1-2人気,1-2倍
202410030703,2024,2.0,11.0,4.0,3.4,154.1,6.9,False,0.0,False,0.0,False,0.0,False,0.0,False,0.0,False,0.0,False,0.0,1-2人気,2-5倍
202410030704,2024,1.0,2.0,5.0,1.6,3.2,16.6,False,0.0,True,0.5333333333333333,True,1.6000000000000003,True,0.5120000000000001,False,0.0,False,0.0,False,0.0,1-2人気,1-2倍
202410030705,2024,8.0,5.0,1.0,36.1,13.3,2.6,False,0.0,False,0.0,False,0.0,False,0.0,False,0.0,False,0.0,False,0.0,6-10人気,20-50倍
202410030706,2024,1.0,2.0,4.0,1.7,5.1,9.5,True,1.7,True,0.5666666666666667,False,0.0,False,0.0,False,0.0,False,0.0,False,0.0,1-2人気,1-2倍
202410030707,2024,4.0,7.0,2.0,5.8,39.0,5.1,False,0.0,True,1.9333333333333333,False,0.0,False,0.0,False,0.0,False,0.0,False,0.0,3-5人気,5-10倍
202410030708,2024,7.0,1.0,13.0,25.5,2.9,137.1,False,0.0,True,8.5,True,9.466666666666667,False,0.0,False,0.0,False,0.0,False,0.0,6-10人気,20-50倍
202410030709,2024,4.0,5.0,6.0,8.4,50.4,80.2,False,0.0,False,0.0,False,0.0,False,0.0,False,0.0,False,0.0,False,0.0,3-5人気,5-10倍
202410030710,2024,9.0,2.0,1.0,31.2,3.3,2.7,False,0.0,False,0.0,False,0.0,False,0.0,False,0.0,False,0.0,False,0.0,6-10人気,20-50倍
202410030711,2024,1.0,2.0,6.0,2.4,5.2,12.8,False,0.0,False,0.0,False,0.0,False,0.0,False,0.0,False,0.0,False,0.0,1-2人気,2-5倍
202410030712,2024,2.0,3.0,10.0,4.4,5.6,25.5,False,0.0,False,0.0,False,0.0,False,0.0,False,0.0,False,0.0,False,0.0,1-2人気,2-5倍
202410030801,2024,1.0,2.0,6.0,1.2,5.5,42.1,True,1.2,True,0.39999999999999997,True,2.2333333333333334,False,0.0,False,0.0,False,0.0,False,0.0,1-2人気,1-2倍
202410030802,2024,4.0,6.0,3.0,6.7,13.9,5.8,False,0.0,True,2.2333333333333334,False,0.0,False,0.0,False,0.0,False,0.0,False,0.0,3-5人気,5-10倍
202410030803,2024,6.0,5.0,1.0,13.0,9.7,3.2,False,0.0,False,0.0,False,0.0,False,0.0,False,0.0,False,0.0,False,0.0,6-10人気,10-20倍
202410030804,2024,3.0,1.0,4.0,8.6,2.1,9.0,False,0.0,False,0.0,False,0.0,False,0.0,False,0.0,False,0.0,False,0.0,3-5人気,5-10倍
202410030805,2024,1.0,2.0,9.0,3.5,4.2,34.6,False,0.0,True,1.1666666666666667,True,2.566666666666667,False,0.0,False,0.0,False,0.0,False,0.0,1-2人気,2-5倍
202410030806,2024,3.0,7.0,6.0,5.4,12.6,9.2,False,0.0,False,0.0,False,0.0,False,0.0,False,0.0,False,0.0,False,0.0,3-5人気,5-10倍
202410030807,2024,1.0,3.0,6.0,2.3,4.7,20.4,False,0.0,False,0.0,False,0.0,False,0.0,False,0.0,False,0.0,False,0.0,1-2人気,2-5倍
202410030808,2024,2.0,6.0,7.0,7.0,17.2,25.8,False,0.0,True,2.3333333333333335,False,0.0,False,0.0,False,0.0,False,0.0,False,0.0,1-2人気,5-10倍
202410030809,2024,2.0,10.0,3.0,4.2,27.7,9.2,True,4.2,True,1.4000000000000001,False,0.0,False,0.0,False,0.0,False,0.0,False,0.0,1-2人気,2-5倍
202410030810,2024,9.0,4.0,2.0,41.7,8.6,3.8,False,0.0,False,0.0,False,0.0,False,0.0,False,0.0,False,0.0,False,0.0,6-10人気,20-50倍
202410030811,2024,4.0,5.0,1.0,6.4,8.2,4.6,False,0.0,False,0.0,False,0.0,False,0.0,False,0.0,False,0.0,False,0.0,3-5人気,5-10倍
202410030812,2024,7.0,9.0,5.0,22.1,32.3,7.8,False,0.0,False,0.0,False,0.0,False,0.0,False,0.0,False,0.0,False,0.0,6-10人気,20-50倍
202501010101,2025,3.0,4.0,1.0,4.8,5.5,2.4,True,4.8,True,1.5999999999999999,False,0.0,False,0.0,False,0.0,False,0.0,False,0.0,3-5人気,2-5倍
202501010102,2025,1.0,2.0,3.0,1.6,4.0,9.9,True,1.6,True,0.5333333333333333,False,0.0,False,0.0,False,0.0,False,0.0,False,0.0,1-2人気,1-2倍
202501010103,2025,2.0,1.0,5.0,3.9,2.0,16.3,False,0.0,True,1.3,True,1.9666666666666668,False,0.0,False,0.0,False,0.0,False,0.0,1-2人気,2-5倍
202501010104,2025,4.0,3.0,1.0,5.9,4.5,3.8,False,0.0,False,0.0,False,0.0,False,0.0,False,0.0,False,0.0,False,0.0,3-5人気,5-10倍
202501010105,2025,1.0,2.0,4.0,2.6,3.5,12.4,False,0.0,False,0.0,False,0.0,False,0.0,False,0.0,False,0.0,False,0.0,1-2人気,2-5倍
202501010106,2025,1.0,4.0,5.0,3.7,6.0,6.4,False,0.0,True,1.2333333333333334,True,3.233333333333333,False,0.0,False,0.0,True,4.736000000000001,False,0.0,1-2人気,2-5倍
202501010107,2025,2.0,1.0,5.0,3.4,2.8,9.7,False,0.0,True,1.1333333333333333,True,2.0666666666666664,True,0.952,False,0.0,False,0.0,False,0.0,1-2人気,2-5倍
202501010108,2025,3.0,2.0,1.0,5.9,4.8,1.2,True,5.9,True,1.9666666666666668,True,3.5666666666666664,False,0.0,False,0.0,True,1.1328,False,0.0,3-5人気,5-10倍
202501010109,2025,1.0,4.0,2.0,3.3,6.2,3.7,True,3.3,True,1.0999999999999999,False,0.0,False,0.0,False,0.0,False,0.0,False,0.0,1-2人気,2-5倍
202501010110,2025,5.0,7.0,8.0,11.3,13.2,13.6,False,0.0,False,0.0,False,0.0,False,0.0,False,0.0,False,0.0,False,0.0,3-5人気,10-20倍
202501010111,2025,1.0,5.0,3.0,2.0,13.8,8.6,True,2.0,True,0.6666666666666666,False,0.0,False,0.0,False,0.0,False,0.0,False,0.0,1-2人気,1-2倍
202501010112,2025,5.0,4.0,2.0,8.8,8.8,8.4,False,0.0,False,0.0,False,0.0,False,0.0,False,0.0,False,0.0,False,0.0,3-5人気,5-10倍
202501010201,2025,1.0,6.0,5.0,2.4,13.4,8.7,False,0.0,True,0.7999999999999999,False,0.0,False,0.0,False,0.0,False,0.0,False,0.0,1-2人気,2-5倍
202501010202,2025,3.0,1.0,6.0,6.8,2.4,16.5,True,6.8,True,2.2666666666666666,False,0.0,False,0.0,False,0.0,False,0.0,False,0.0,3-5人気,5-10倍
202501010203,2025,1.0,3.0,2.0,2.2,5.9,3.7,True,2.2,True,0.7333333333333334,False,0.0,False,0.0,False,0.0,False,0.0,False,0.0,1-2人気,2-5倍
202501010204,2025,1.0,2.0,6.0,2.1,2.6,15.3,False,0.0,False,0.0,False,0.0,False,0.0,False,0.0,False,0.0,False,0.0,1-2人気,2-5倍
202501010205,2025,3.0,1.0,4.0,4.5,1.8,6.0,False,0.0,False,0.0,False,0.0,False,0.0,False,0.0,False,0.0,False,0.0,3-5人気,2-5倍
202501010206,2025,1.0,4.0,6.0,1.7,6.4,44.8,False,0.0,False,0.0,False,0.0,False,0.0,False,0.0,False,0.0,False,0.0,1-2人気,1-2倍
202501010207,2025,8.0,2.0,1.0,13.8,4.2,3.1,False,0.0,False,0.0,False,0.0,False,0.0,False,0.0,False,0.0,False,0.0,6-10人気,10-20倍
202501010208,2025,2.0,4.0,5.0,2.7,8.4,14.9,False,0.0,False,0.0,False,0.0,False,0.0,False,0.0,False,0.0,False,0.0,1-2人気,2-5倍
202501010209,2025,3.0,2.0,5.0,3.4,3.1,12.8,False,0.0,True,1.1333333333333333,False,0.0,False,0.0,False,0.0,False,0.0,False,0.0,3-5人気,2-5倍
202501010210,2025,6.0,8.0,3.0,15.8,70.2,3.3,False,0.0,False,0.0,False,0.0,False,0.0,False,0.0,False,0.0,False,0.0,6-10人気,10-20倍
202501010211,2025,4.0,2.0,9.0,6.2,4.0,20.2,False,0.0,False,0.0,False,0.0,False,0.0,False,0.0,False,0.0,False,0.0,3-5人気,5-10倍
202501010212,2025,3.0,1.0,4.0,5.2,2.5,6.5,True,5.2,True,1.7333333333333334,False,0.0,False,0.0,False,0.0,False,0.0,False,0.0,3-5人気,5-10倍
202501010301,2025,1.0,5.0,2.0,1.2,37.6,5.7,False,0.0,True,0.39999999999999997,False,0.0,False,0.0,False,0.0,False,0.0,False,0.0,1-2人気,1-2倍
202501010302,2025,1.0,2.0,7.0,2.3,4.2,24.0,False,0.0,True,0.7666666666666666,False,0.0,False,0.0,False,0.0,False,0.0,False,0.0,1-2人気,2-5倍
202501010303,2025,3.0,1.0,4.0,5.4,2.7,8.6,False,0.0,False,0.0,False,0.0,False,0.0,False,0.0,False,0.0,False,0.0,3-5人気,5-10倍
202501010304,2025,4.0,6.0,1.0,7.7,19.7,2.4,False,0.0,True,2.566666666666667,False,0.0,False,0.0,False,0.0,False,0.0,False,0.0,3-5人気,5-10倍
202501010305,2025,1.0,3.0,2.0,2.6,7.8,3.0,False,0.0,True,0.8666666666666667,False,0.0,False,0.0,False,0.0,False,0.0,False,0.0,1-2人気,2-5倍
202501010306,2025,2.0,1.0,4.0,2.5,1.7,15.7,True,2.5,True,0.8333333333333334,True,1.4000000000000001,True,0.425,True,0.85,False,0.0,False,0.0,1-2人気,2-5倍
202501010307,2025,3.0,5.0,2.0,8.0,8.7,4.9,False,0.0,True,2.6666666666666665,False,0.0,False,0.0,False,0.0,False,0.0,False,0.0,3-5人気,5-10倍
202501010308,2025,1.0,10.0,5.0,1.6,50.1,17.5,True,1.6,True,0.5333333333333333,False,0.0,False,0.0,False,0.0,False,0.0,False,0.0,1-2人気,1-2倍
202501010309,2025,4.0,2.0,6.0,6.7,4.6,10.2,True,6.7,True,2.2333333333333334,False,0.0,False,0.0,False,0.0,False,0.0,False,0.0,3-5人気,5-10倍
202501010310,2025,6.0,8.0,3.0,14.9,22.7,6.6,False,0.0,True,4.966666666666667,False,0.0,False,0.0,False,0.0,False,0.0,False,0.0,6-10人気,10-20倍
202501010311,2025,9.0,12.0,1.0,21.7,41.6,3.1,False,0.0,False,0.0,False,0.0,False,0.0,False,0.0,False,0.0,False,0.0,6-10人気,20-50倍
202501010312,2025,3.0,2.0,1.0,5.6,4.5,2.9,True,5.6,True,1.8666666666666665,True,3.3666666666666667,False,0.0,False,0.0,False,0.0,False,0.0,3-5人気,5-10倍
202501010401,2025,5.0,2.0,1.0,7.6,3.9,3.0,False,0.0,False,0.0,False,0.0,False,0.0,False,0.0,False,0.0,False,0.0,3-5人気,5-10倍
202501010402,2025,5.0,2.0,6.0,11.8,4.5,13.1,False,0.0,False,0.0,False,0.0,False,0.0,False,0.0,False,0.0,False,0.0,3-5人気,10-20倍
202501010403,2025,3.0,1.0,2.0,6.2,2.2,5.4,False,0.0,False,0.0,False,0.0,False,0.0,False,0.0,False,0.0,False,0.0,3-5人気,5-10倍
202501010404,2025,1.0,4.0,2.0,3.0,6.6,4.2,True,3.0,True,1.0,False,0.0,False,0.0,False,0.0,False,0.0,False,0.0,1-2人気,2-5倍
202501010405,2025,1.0,2.0,5.0,1.6,4.0,34.0,False,0.0,True,0.5333333333333333,True,1.8666666666666665,True,0.64,False,0.0,False,0.0,False,0.0,1-2人気,1-2倍
202501010406,2025,2.0,5.0,3.0,3.6,9.2,6.2,False,0.0,False,0.0,False,0.0,False,0.0,False,0.0,False,0.0,False,0.0,1-2人気,2-5倍
202501010407,2025,2.0,3.0,5.0,4.2,4.6,9.3,False,0.0,False,0.0,False,0.0,False,0.0,False,0.0,False,0.0,False,0.0,1-2人気,2-5倍
202501010408,2025,2.0,3.0,1.0,3.8,7.1,2.2,False,0.0,True,1.2666666666666666,False,0.0,False,0.0,False,0.0,False,0.0,False,0.0,1-2人気,2-5倍
202501010409,2025,3.0,7.0,5.0,5.0,16.2,9.0,False,0.0,False,0.0,False,0.0,False,0.0,False,0.0,False,0.0,False,0.0,3-5人気,2-5倍
202501010410,2025,6.0,4.0,2.0,9.3,5.8,4.6,False,0.0,False,0.0,False,0.0,False,0.0,False,0.0,False,0.0,False,0.0,6-10人気,5-10倍
202501010411,2025,1.0,2.0,4.0,2.9,4.0,7.5,True,2.9,True,0.9666666666666667,True,2.3000000000000003,True,1.16,True,2.32,True,2.9,True,8.7,1-2人気,2-5倍
202501010412,2025,2.0,1.0,3.0,3.5,2.9,4.0,False,0.0,True,1.1666666666666667,True,2.1333333333333333,False,0.0,False,0.0,False,0.0,False,0.0,1-2人気,2-5倍
202501010501,2025,1.0,2.0,3.0,1.4,6.1,11.1,False,0.0,True,0.4666666666666666,False,0.0,False,0.0,False,0.0,False,0.0,False,0.0,1-2人気,1-2倍
202501010502,2025,1.0,8.0,5.0,1.6,36.2,20.6,True,1.6,True,0.5333333333333333,False,0.0,False,0.0,False,0.0,False,0.0,False,0.0,1-2人気,1-2倍
202501010503,2025,1.0,6.0,2.0,3.2,12.8,3.5,True,3.2,True,1.0666666666666667,False,0.0,False,0.0,False,0.0,False,0.0,False,0.0,1-2人気,2-5倍
202501010504,2025,4.0,7.0,3.0,7.9,13.5,6.7,True,7.9,True,2.6333333333333333,True,7.133333333333333,False,0.0,False,0.0,False,0.0,False,0.0,3-5人気,5-10倍
202501010505,2025,1.0,4.0,2.0,2.2,7.2,4.8,True,2.2,True,0.7333333333333334,False,0.0,False,0.0,False,0.0,False,0.0,False,0.0,1-2人気,2-5倍
202501010506,2025,2.0,1.0,3.0,3.4,2.4,5.3,True,3.4,True,1.1333333333333333,False,0.0,False,0.0,False,0.0,False,0.0,False,0.0,1-2人気,2-5倍
202501010507,2025,1.0,2.0,4.0,2.8,3.5,6.2,True,2.8,True,0.9333333333333332,False,0.0,False,0.0,False,0.0,False,0.0,False,0.0,1-2人気,2-5倍
202501010508,2025,1.0,6.0,2.0,2.8,12.0,3.3,True,2.8,True,0.9333333333333332,False,0.0,False,0.0,False,0.0,False,0.0,False,0.0,1-2人気,2-5倍
202501010509,2025,3.0,1.0,2.0,5.4,1.4,5.1,False,0.0,False,0.0,False,0.0,False,0.0,False,0.0,False,0.0,False,0.0,3-5人気,5-10倍
202501010510,2025,1.0,5.0,3.0,1.3,13.1,8.6,True,1.3,True,0.43333333333333335,True,4.8,False,0.0,False,0.0,True,4.8819333333333335,False,0.0,1-2人気,1-2倍
202501010511,2025,9.0,14.0,6.0,18.6,152.3,11.0,False,0.0,False,0.0,False,0.0,False,0.0,False,0.0,False,0.0,False,0.0,6-10人気,10-20倍
202501010512,2025,1.0,3.0,5.0,1.6,8.6,29.7,True,1.6,True,0.5333333333333333,False,0.0,False,0.0,False,0.0,False,0.0,False,0.0,1-2人気,1-2倍
202501010601,2025,5.0,2.0,4.0,11.7,3.3,5.5,True,11.7,True,3.9,False,0.0,False,0.0,False,0.0,False,0.0,False,0.0,3-5人気,10-20倍
202501010602,2025,1.0,2.0,4.0,3.1,3.7,7.4,False,0.0,True,1.0333333333333334,False,0.0,False,0.0,False,0.0,False,0.0,False,0.0,1-2人気,2-5倍
202501010603,2025,2.0,3.0,4.0,3.1,5.2,9.6,False,0.0,False,0.0,False,0.0,False,0.0,False,0.0,False,0.0,False,0.0,1-2人気,2-5倍
202501010604,2025,1.0,4.0,3.0,3.1,8.1,4.6,True,3.1,True,1.0333333333333334,True,3.733333333333333,False,0.0,False,0.0,False,0.0,False,0.0,1-2人気,2-5倍
202501010605,2025,1.0,2.0,4.0,2.0,2.9,11.5,False,0.0,True,0.6666666666666666,False,0.0,False,0.0,False,0.0,False,0.0,False,0.0,1-2人気,1-2倍
202501010606,2025,1.0,6.0,3.0,3.8,13.1,4.5,False,0.0,True,1.2666666666666666,False,0.0,False,0.0,False,0.0,False,0.0,False,0.0,1-2人気,2-5倍
202501010607,2025,2.0,5.0,7.0,4.9,9.4,13.2,False,0.0,False,0.0,False,0.0,False,0.0,False,0.0,False,0.0,False,0.0,1-2人気,2-5倍
202501010608,2025,2.0,4.0,7.0,3.9,5.7,19.1,False,0.0,False,0.0,False,0.0,False,0.0,False,0.0,False,0.0,False,0.0,1-2人気,2-5倍
202501010609,2025,2.0,1.0,3.0,6.1,1.4,6.2,False,0.0,False,0.0,False,0.0,False,0.0,False,0.0,False,0.0,False,0.0,1-2人気,5-10倍
202501010610,2025,10.0,1.0,7.0,37.1,2.5,20.7,False,0.0,True,12.366666666666667,False,0.0,False,0.0,False,0.0,False,0.0,False,0.0,6-10人気,20-50倍
202501010611,2025,1.0,7.0,3.0,3.2,15.9,7.0,False,0.0,False,0.0,False,0.0,False,0.0,False,0.0,False,0.0,False,0.0,1-2人気,2-5倍
202501010612,2025,4.0,2.0,14.0,11.9,8.0,124.5,False,0.0,False,0.0,False,0.0,False,0.0,False,0.0,False,0.0,False,0.0,3-5人気,10-20倍
202501010701,2025,3.0,2.0,4.0,3.3,2.5,10.8,False,0.0,True,1.0999999999999999,True,1.9333333333333333,False,0.0,False,0.0,False,0.0,False,0.0,3-5人気,2-5倍
202501010702,2025,2.0,1.0,3.0,4.3,3.3,4.5,False,0.0,False,0.0,False,0.0,False,0.0,False,0.0,False,0.0,False,0.0,1-2人気,2-5倍
202501010703,2025,1.0,4.0,2.0,2.1,8.0,3.5,False,0.0,True,0.7000000000000001,False,0.0,False,0.0,False,0.0,False,0.0,False,0.0,1-2人気,2-5倍
202501010704,2025,4.0,2.0,3.0,6.0,4.3,5.2,False,0.0,True,2.0,False,0.0,False,0.0,False,0.0,False,0.0,False,0.0,3-5人気,5-10倍
202501010705,2025,1.0,3.0,2.0,2.1,4.7,3.6,False,0.0,True,0.7000000000000001,True,2.266666666666667,False,0.0,False,0.0,False,0.0,False,0.0,1-2人気,2-5倍
202501010706,2025,2.0,3.0,4.0,3.7,4.6,8.4,False,0.0,True,1.2333333333333334,True,2.766666666666667,True,1.702,False,0.0,False,0.0,False,0.0,1-2人気,2-5倍
202501010707,2025,1.0,8.0,2.0,3.1,34.8,3.2,False,0.0,False,0.0,False,0.0,False,0.0,False,0.0,False,0.0,False,0.0,1-2人気,2-5倍
202501010708,2025,1.0,2.0,3.0,2.0,6.1,6.8,True,2.0,True,0.6666666666666666,False,0.0,False,0.0,False,0.0,False,0.0,False,0.0,1-2人気,1-2倍
202501010709,2025,1.0,3.0,6.0,1.6,10.9,33.4,True,1.6,True,0.5333333333333333,True,4.166666666666667,True,1.7440000000000002,True,3.4880000000000004,False,0.0,False,0.0,1-2人気,1-2倍
202501010710,2025,4.0,5.0,1.0,6.3,7.6,3.8,False,0.0,True,2.1,False,0.0,False,0.0,False,0.0,False,0.0,False,0.0,3-5人気,5-10倍
202501010711,2025,1.0,2.0,4.0,3.1,5.8,8.3,False,0.0,False,0.0,False,0.0,False,0.0,False,0.0,False,0.0,False,0.0,1-2人気,2-5倍
202501010712,2025,2.0,4.0,3.0,3.8,8.8,4.6,False,0.0,False,0.0,False,0.0,False,0.0,False,0.0,False,0.0,False,0.0,1-2人気,2-5倍
202501010801,2025,2.0,3.0,1.0,2.8,5.3,1.9,False,0.0,True,0.9333333333333332,True,2.6999999999999997,False,0.0,False,0.0,False,0.0,False,0.0,1-2人気,2-5倍
202501010802,2025,3.0,4.0,2.0,4.8,6.2,3.6,False,0.0,True,1.5999999999999999,False,0.0,False,0.0,False,0.0,False,0.0,False,0.0,3-5人気,2-5倍
202501010803,2025,1.0,2.0,5.0,2.5,4.4,12.3,False,0.0,True,0.8333333333333334,True,2.3000000000000003,False,0.0,False,0.0,False,0.0,False,0.0,1-2人気,2-5倍
202501010804,2025,1.0,4.0,5.0,2.8,5.9,7.5,False,0.0,True,0.9333333333333332,False,0.0,False,0.0,False,0.0,False,0.0,False,0.0,1-2人気,2-5倍
202501010805,2025,2.0,1.0,3.0,2.2,1.9,5.8,True,2.2,True,0.7333333333333334,True,1.3666666666666665,True,0.418,True,0.836,True,0.8081333333333333,True,2.4243999999999994,1-2人気,2-5倍
202501010806,2025,8.0,1.0,7.0,28.9,1.4,28.6,False,0.0,False,0.0,False,0.0,False,0.0,False,0.0,False,0.0,False,0.0,6-10人気,20-50倍
202501010807,2025,2.0,11.0,10.0,4.0,46.9,40.2,False,0.0,False,0.0,False,0.0,False,0.0,False,0.0,False,0.0,False,0.0,1-2人気,2-5倍
202501010808,2025,5.0,1.0,2.0,11.6,2.8,3.3,False,0.0,False,0.0,False,0.0,False,0.0,False,0.0,False,0.0,False,0.0,3-5人気,10-20倍
202501010809,2025,3.0,6.0,8.0,5.1,9.3,30.1,False,0.0,True,1.7,False,0.0,False,0.0,False,0.0,False,0.0,False,0.0,3-5人気,5-10倍
202501010810,2025,5.0,6.0,8.0,11.1,13.0,38.5,False,0.0,False,0.0,False,0.0,False,0.0,False,0.0,False,0.0,False,0.0,3-5人気,10-20倍
202501010811,2025,12.0,2.0,1.0,61.6,5.0,3.7,False,0.0,False,0.0,False,0.0,False,0.0,False,0.0,False,0.0,False,0.0,11人気以下,50倍以上
202501010812,2025,6.0,5.0,4.0,15.7,11.3,8.4,False,0.0,False,0.0,False,0.0,False,0.0,False,0.0,False,0.0,False,0.0,6-10人気,10-20倍
202501020101,2025,3.0,1.0,4.0,17.5,1.1,33.1,False,0.0,False,0.0,False,0.0,False,0.0,False,0.0,False,0.0,False,0.0,3-5人気,10-20倍
202501020102,2025,2.0,4.0,1.0,3.8,8.9,2.4,False,0.0,False,0.0,False,0.0,False,0.0,False,0.0,False,0.0,False,0.0,1-2人気,2-5倍
202501020103,2025,7.0,2.0,3.0,19.9,4.2,4.9,False,0.0,False,0.0,False,0.0,False,0.0,False,0.0,False,0.0,False,0.0,6-10人気,10-20倍
202501020104,2025,1.0,6.0,3.0,3.3,12.1,5.5,False,0.0,False,0.0,False,0.0,False,0.0,False,0.0,False,0.0,False,0.0,1-2人気,2-5倍
202501020105,2025,1.0,4.0,2.0,1.2,11.9,7.8,True,1.2,True,0.39999999999999997,False,0.0,False,0.0,False,0.0,False,0.0,False,0.0,1-2人気,1-2倍
202501020106,2025,1.0,6.0,2.0,2.6,17.6,2.9,False,0.0,True,0.8666666666666667,False,0.0,False,0.0,False,0.0,False,0.0,False,0.0,1-2人気,2-5倍
202501020107,2025,2.0,3.0,6.0,2.8,9.1,14.7,False,0.0,False,0.0,False,0.0,False,0.0,False,0.0,False,0.0,False,0.0,1-2人気,2-5倍
202501020108,2025,1.0,3.0,6.0,2.4,4.6,21.7,False,0.0,True,0.7999999999999999,False,0.0,False,0.0,False,0.0,False,0.0,False,0.0,1-2人気,2-5倍
202501020109,2025,1.0,2.0,4.0,2.3,3.1,6.6,False,0.0,False,0.0,False,0.0,False,0.0,False,0.0,False,0.0,False,0.0,1-2人気,2-5倍
202501020110,2025,12.0,1.0,3.0,55.6,1.8,7.8,False,0.0,False,0.0,False,0.0,False,0.0,False,0.0,False,0.0,False,0.0,11人気以下,50倍以上
202501020111,2025,7.0,4.0,10.0,10.2,7.9,26.7,False,0.0,False,0.0,False,0.0,False,0.0,False,0.0,False,0.0,False,0.0,6-10人気,10-20倍
202501020112,2025,1.0,4.0,2.0,2.3,6.2,2.5,False,0.0,True,0.7666666666666666,True,2.8333333333333335,False,0.0,False,0.0,True,1.1883333333333332,False,0.0,1-2人気,2-5倍
202501020201,2025,2.0,5.0,3.0,5.1,7.6,5.8,False,0.0,True,1.7,False,0.0,False,0.0,False,0.0,False,0.0,False,0.0,1-2人気,5-10倍
202501020202,2025,4.0,1.0,3.0,4.9,2.9,4.0,False,0.0,True,1.6333333333333335,True,2.6,True,1.421,False,0.0,True,1.8946666666666667,False,0.0,3-5人気,2-5倍
202501020203,2025,2.0,3.0,1.0,4.3,7.2,2.4,False,0.0,True,1.4333333333333333,False,0.0,False,0.0,False,0.0,False,0.0,False,0.0,1-2人気,2-5倍
202501020204,2025,1.0,3.0,9.0,2.2,8.9,37.3,False,0.0,True,0.7333333333333334,False,0.0,False,0.0,False,0.0,False,0.0,False,0.0,1-2人気,2-5倍
202501020205,2025,1.0,4.0,6.0,1.8,9.4,16.6,False,0.0,True,0.6,True,3.733333333333334,False,0.0,False,0.0,False,0.0,False,0.0,1-2人気,1-2倍
202501020206,2025,1.0,2.0,3.0,2.9,6.0,7.2,False,0.0,True,0.9666666666666667,False,0.0,False,0.0,False,0.0,False,0.0,False,0.0,1-2人気,2-5倍
202501020207,2025,4.0,1.0,3.0,14.8,1.5,8.1,False,0.0,False,0.0,False,0.0,False,0.0,False,0.0,False,0.0,False,0.0,3-5人気,10-20倍
202501020208,2025,4.0,2.0,5.0,5.7,3.9,9.1,False,0.0,False,0.0,False,0.0,False,0.0,False,0.0,False,0.0,False,0.0,3-5人気,5-10倍
202501020209,2025,1.0,10.0,9.0,3.1,24.8,23.0,False,0.0,True,1.0333333333333334,False,0.0,False,0.0,False,0.0,False,0.0,False,0.0,1-2人気,2-5倍
202501020210,2025,3.0,2.0,7.0,5.0,4.8,14.0,False,0.0,False,0.0,False,0.0,False,0.0,False,0.0,False,0.0,False,0.0,3-5人気,2-5倍
202501020211,2025,7.0,1.0,9.0,11.4,5.4,19.1,False,0.0,False,0.0,False,0.0,False,0.0,False,0.0,False,0.0,False,0.0,6-10人気,10-20倍
202501020212,2025,5.0,10.0,9.0,9.7,28.6,13.8,True,9.7,True,3.233333333333333,False,0.0,False,0.0,False,0.0,False,0.0,False,0.0,3-5人気,5-10倍
202501020301,2025,6.0,1.0,2.0,16.2,2.2,3.5,False,0.0,False,0.0,False,0.0,False,0.0,False,0.0,False,0.0,False,0.0,6-10人気,10-20倍
202501020302,2025,2.0,1.0,4.0,1.9,1.8,15.5,True,1.9,True,0.6333333333333333,True,1.2333333333333334,True,0.34199999999999997,True,0.6839999999999999,True,1.767,True,5.301,1-2人気,1-2倍
202501020303,2025,1.0,5.0,3.0,1.7,14.2,8.2,False,0.0,True,0.5666666666666667,False,0.0,False,0.0,False,0.0,False,0.0,False,0.0,1-2人気,1-2倍
202501020304,2025,1.0,3.0,7.0,2.0,5.4,26.0,True,2.0,True,0.6666666666666666,True,2.466666666666667,False,0.0,False,0.0,False,0.0,False,0.0,1-2人気,1-2倍
202501020305,2025,2.0,7.0,1.0,3.7,21.6,2.5,False,0.0,True,1.2333333333333334,False,0.0,False,0.0,False,0.0,False,0.0,False,0.0,1-2人気,2-5倍
202501020306,2025,3.0,7.0,5.0,5.5,20.7,8.2,False,0.0,False,0.0,False,0.0,False,0.0,False,0.0,False,0.0,False,0.0,3-5人気,5-10倍
202501020307,2025,11.0,2.0,3.0,66.7,3.5,6.3,False,0.0,False,0.0,False,0.0,False,0.0,False,0.0,False,0.0,False,0.0,11人気以下,50倍以上
202501020308,2025,2.0,1.0,6.0,3.7,2.0,22.2,False,0.0,True,1.2333333333333334,True,1.9000000000000001,True,0.74,False,0.0,False,0.0,False,0.0,1-2人気,2-5倍
202501020309,2025,1.0,2.0,6.0,2.5,5.5,14.4,False,0.0,True,0.8333333333333334,False,0.0,False,0.0,False,0.0,False,0.0,False,0.0,1-2人気,2-5倍
202501020310,2025,2.0,1.0,5.0,4.0,2.4,13.0,False,0.0,True,1.3333333333333333,True,2.1333333333333333,True,0.96,False,0.0,False,0.0,False,0.0,1-2人気,2-5倍
202501020311,2025,2.0,4.0,3.0,3.3,6.6,5.1,False,0.0,False,0.0,False,0.0,False,0.0,False,0.0,False,0.0,False,0.0,1-2人気,2-5倍
202501020312,2025,3.0,4.0,1.0,5.6,5.9,5.1,False,0.0,False,0.0,False,0.0,False,0.0,False,0.0,False,0.0,False,0.0,3-5人気,5-10倍
202501020401,2025,1.0,2.0,3.0,1.4,5.7,7.0,True,1.4,True,0.4666666666666666,True,2.3666666666666667,False,0.0,False,0.0,True,1.8619999999999999,False,0.0,1-2人気,1-2倍
202501020402,2025,3.0,2.0,5.0,4.8,4.2,8.0,False,0.0,False,0.0,False,0.0,False,0.0,False,0.0,False,0.0,False,0.0,3-5人気,2-5倍
202501020403,2025,1.0,6.0,2.0,2.0,14.7,5.7,False,0.0,True,0.6666666666666666,False,0.0,False,0.0,False,0.0,False,0.0,False,0.0,1-2人気,1-2倍
202501020404,2025,1.0,5.0,3.0,1.9,13.7,8.7,False,0.0,True,0.6333333333333333,False,0.0,False,0.0,False,0.0,False,0.0,False,0.0,1-2人気,1-2倍
202501020405,2025,4.0,3.0,1.0,9.8,4.2,1.8,False,0.0,False,0.0,False,0.0,False,0.0,False,0.0,False,0.0,False,0.0,3-5人気,5-10倍
202501020406,2025,2.0,1.0,4.0,3.4,1.8,12.8,False,0.0,False,0.0,False,0.0,False,0.0,False,0.0,False,0.0,False,0.0,1-2人気,2-5倍
202501020407,2025,1.0,2.0,12.0,2.3,2.7,138.6,True,2.3,True,0.7666666666666666,True,1.6666666666666667,True,0.621,True,1.242,False,0.0,False,0.0,1-2人気,2-5倍
202501020408,2025,5.0,7.0,1.0,7.2,13.0,3.6,True,7.2,True,2.4,False,0.0,False,0.0,False,0.0,False,0.0,False,0.0,3-5人気,5-10倍
202501020409,2025,7.0,5.0,2.0,16.5,9.2,5.2,True,16.5,True,5.5,False,0.0,False,0.0,False,0.0,False,0.0,False,0.0,6-10人気,10-20倍
202501020410,2025,3.0,2.0,8.0,5.3,5.0,31.5,False,0.0,True,1.7666666666666666,True,3.4333333333333336,True,2.65,False,0.0,False,0.0,False,0.0,3-5人気,5-10倍
202501020411,2025,6.0,7.0,2.0,10.9,19.3,4.4,False,0.0,True,3.6333333333333333,False,0.0,False,0.0,False,0.0,False,0.0,False,0.0,6-10人気,10-20倍
202501020412,2025,2.0,8.0,3.0,3.8,28.9,4.4,False,0.0,False,0.0,False,0.0,False,0.0,False,0.0,False,0.0,False,0.0,1-2人気,2-5倍
202501020501,2025,5.0,4.0,1.0,7.3,6.4,2.4,False,0.0,False,0.0,False,0.0,False,0.0,False,0.0,False,0.0,False,0.0,3-5人気,5-10倍
202501020502,2025,4.0,3.0,2.0,6.3,4.3,3.7,False,0.0,True,2.1,False,0.0,False,0.0,False,0.0,False,0.0,False,0.0,3-5人気,5-10倍
202501020503,2025,4.0,1.0,2.0,8.8,2.6,3.3,False,0.0,False,0.0,False,0.0,False,0.0,False,0.0,False,0.0,False,0.0,3-5人気,5-10倍
202501020504,2025,2.0,7.0,1.0,4.0,14.1,3.7,False,0.0,True,1.3333333333333333,False,0.0,False,0.0,False,0.0,False,0.0,False,0.0,1-2人気,2-5倍
202501020505,2025,2.0,7.0,5.0,3.8,30.4,7.6,False,0.0,False,0.0,False,0.0,False,0.0,False,0.0,False,0.0,False,0.0,1-2人気,2-5倍
202501020506,2025,1.0,2.0,7.0,2.3,5.0,16.3,False,0.0,False,0.0,False,0.0,False,0.0,False,0.0,False,0.0,False,0.0,1-2人気,2-5倍
202501020507,2025,6.0,4.0,3.0,15.9,7.9,6.2,False,0.0,False,0.0,False,0.0,False,0.0,False,0.0,False,0.0,False,0.0,6-10人気,10-20倍
202501020508,2025,2.0,5.0,8.0,5.2,8.3,18.5,False,0.0,False,0.0,False,0.0,False,0.0,False,0.0,False,0.0,False,0.0,1-2人気,5-10倍
202501020509,2025,10.0,1.0,8.0,20.2,2.1,16.9,False,0.0,False,0.0,False,0.0,False,0.0,False,0.0,False,0.0,False,0.0,6-10人気,20-50倍
202501020510,2025,13.0,4.0,1.0,71.0,7.2,4.5,False,0.0,False,0.0,False,0.0,False,0.0,False,0.0,False,0.0,False,0.0,11人気以下,50倍以上
202501020511,2025,3.0,4.0,7.0,5.1,5.3,22.9,False,0.0,False,0.0,False,0.0,False,0.0,False,0.0,False,0.0,False,0.0,3-5人気,5-10倍
202501020512,2025,2.0,6.0,5.0,3.5,14.2,10.0,False,0.0,False,0.0,False,0.0,False,0.0,False,0.0,False,0.0,False,0.0,1-2人気,2-5倍
202501020601,2025,2.0,1.0,4.0,3.5,1.4,18.2,False,0.0,True,1.1666666666666667,True,1.6333333333333335,False,0.0,False,0.0,False,0.0,False,0.0,1-2人気,2-5倍
202501020602,2025,2.0,1.0,4.0,2.8,1.9,9.2,True,2.8,True,0.9333333333333332,True,1.5666666666666664,False,0.0,False,0.0,False,0.0,False,0.0,1-2人気,2-5倍
202501020603,2025,3.0,4.0,2.0,5.8,7.5,5.5,False,0.0,False,0.0,False,0.0,False,0.0,False,0.0,False,0.0,False,0.0,3-5人気,5-10倍
202501020604,2025,3.0,2.0,5.0,5.1,5.0,6.4,False,0.0,False,0.0,False,0.0,False,0.0,False,0.0,False,0.0,False,0.0,3-5人気,5-10倍
202501020605,2025,3.0,5.0,1.0,6.0,9.8,2.1,True,6.0,True,2.0,False,0.0,False,0.0,False,0.0,False,0.0,False,0.0,3-5人気,5-10倍
202501020606,2025,9.0,2.0,6.0,31.7,4.9,14.1,False,0.0,False,0.0,False,0.0,False,0.0,False,0.0,False,0.0,False,0.0,6-10人気,20-50倍
202501020607,2025,3.0,1.0,5.0,5.3,3.8,6.2,False,0.0,False,0.0,False,0.0,False,0.0,False,0.0,False,0.0,False,0.0,3-5人気,5-10倍
202501020608,2025,3.0,4.0,1.0,4.9,9.6,2.6,False,0.0,False,0.0,False,0.0,False,0.0,False,0.0,False,0.0,False,0.0,3-5人気,2-5倍
202501020609,2025,3.0,4.0,1.0,4.1,7.8,4.0,False,0.0,True,1.3666666666666665,True,3.9666666666666663,True,3.1979999999999995,False,0.0,False,0.0,False,0.0,3-5人気,2-5倍
202501020610,2025,1.0,7.0,5.0,2.1,16.4,10.2,False,0.0,False,0.0,False,0.0,False,0.0,False,0.0,False,0.0,False,0.0,1-2人気,2-5倍
202501020611,2025,1.0,9.0,11.0,3.0,16.7,36.0,False,0.0,True,1.0,True,6.566666666666666,True,5.01,False,0.0,False,0.0,False,0.0,1-2人気,2-5倍
202501020612,2025,1.0,6.0,8.0,2.5,12.6,25.6,False,0.0,False,0.0,False,0.0,False,0.0,False,0.0,False,0.0,False,0.0,1-2人気,2-5倍
202502010101,2025,6.0,7.0,1.0,9.0,25.7,3.8,False,0.0,False,0.0,False,0.0,False,0.0,False,0.0,False,0.0,False,0.0,6-10人気,5-10倍
202502010102,2025,2.0,4.0,6.0,3.1,10.6,18.8,True,3.1,True,1.0333333333333334,True,4.566666666666666,False,0.0,False,0.0,False,0.0,False,0.0,1-2人気,2-5倍
202502010103,2025,2.0,8.0,1.0,5.0,20.5,3.4,False,0.0,False,0.0,False,0.0,False,0.0,False,0.0,False,0.0,False,0.0,1-2人気,2-5倍
202502010104,2025,2.0,1.0,6.0,5.2,1.9,14.2,False,0.0,False,0.0,False,0.0,False,0.0,False,0.0,False,0.0,False,0.0,1-2人気,5-10倍
202502010105,2025,8.0,7.0,1.0,36.1,26.5,1.5,False,0.0,False,0.0,False,0.0,False,0.0,False,0.0,False,0.0,False,0.0,6-10人気,20-50倍
202502010106,2025,6.0,3.0,2.0,15.3,5.8,3.5,False,0.0,False,0.0,False,0.0,False,0.0,False,0.0,False,0.0,False,0.0,6-10人気,10-20倍
202502010107,2025,6.0,1.0,3.0,11.6,3.4,6.2,False,0.0,False,0.0,False,0.0,False,0.0,False,0.0,False,0.0,False,0.0,6-10人気,10-20倍
202502010108,2025,1.0,6.0,9.0,2.3,14.9,47.5,True,2.3,True,0.7666666666666666,True,5.733333333333333,False,0.0,False,0.0,False,0.0,False,0.0,1-2人気,2-5倍
202502010109,2025,4.0,7.0,1.0,5.8,31.8,2.8,False,0.0,True,1.9333333333333333,False,0.0,False,0.0,False,0.0,False,0.0,False,0.0,3-5人気,5-10倍
202502010110,2025,10.0,11.0,2.0,27.8,58.4,5.9,False,0.0,False,0.0,False,0.0,False,0.0,False,0.0,False,0.0,False,0.0,6-10人気,20-50倍
202502010111,2025,1.0,10.0,3.0,1.7,46.3,7.1,False,0.0,False,0.0,False,0.0,False,0.0,False,0.0,False,0.0,False,0.0,1-2人気,1-2倍
202502010112,2025,3.0,9.0,8.0,5.1,29.7,26.3,False,0.0,True,1.7,False,0.0,False,0.0,False,0.0,False,0.0,False,0.0,3-5人気,5-10倍
202502010201,2025,1.0,3.0,2.0,3.2,6.2,4.5,True,3.2,True,1.0666666666666667,True,3.1333333333333333,True,1.9840000000000004,True,3.968000000000001,True,2.9760000000000004,True,8.928,1-2人気,2-5倍
202502010202,2025,3.0,4.0,1.0,5.7,9.2,2.2,False,0.0,True,1.9000000000000001,False,0.0,False,0.0,False,0.0,False,0.0,False,0.0,3-5人気,5-10倍
202502010203,2025,1.0,7.0,8.0,2.2,18.4,38.0,False,0.0,True,0.7333333333333334,False,0.0,False,0.0,False,0.0,False,0.0,False,0.0,1-2人気,2-5倍
202502010204,2025,4.0,6.0,1.0,7.6,9.5,2.7,True,7.6,True,2.533333333333333,False,0.0,False,0.0,False,0.0,False,0.0,False,0.0,3-5人気,5-10倍
202502010205,2025,1.0,2.0,3.0,2.1,2.8,5.3,False,0.0,True,0.7000000000000001,True,1.6333333333333335,True,0.588,False,0.0,False,0.0,False,0.0,1-2人気,2-5倍
202502010206,2025,1.0,6.0,2.0,1.4,20.0,5.7,True,1.4,True,0.4666666666666666,False,0.0,False,0.0,False,0.0,False,0.0,False,0.0,1-2人気,1-2倍
202502010207,2025,4.0,6.0,1.0,8.0,9.5,2.3,False,0.0,True,2.6666666666666665,False,0.0,False,0.0,False,0.0,False,0.0,False,0.0,3-5人気,5-10倍
202502010208,2025,8.0,3.0,5.0,28.2,5.0,9.9,False,0.0,False,0.0,False,0.0,False,0.0,False,0.0,False,0.0,False,0.0,6-10人気,20-50倍
202502010209,2025,6.0,3.0,9.0,13.9,5.9,24.3,False,0.0,False,0.0,False,0.0,False,0.0,False,0.0,False,0.0,False,0.0,6-10人気,10-20倍
202502010210,2025,1.0,2.0,4.0,4.1,5.6,7.5,False,0.0,False,0.0,False,0.0,False,0.0,False,0.0,False,0.0,False,0.0,1-2人気,2-5倍
202502010211,2025,3.0,11.0,1.0,7.4,54.1,1.7,False,0.0,False,0.0,False,0.0,False,0.0,False,0.0,False,0.0,False,0.0,3-5人気,5-10倍
202502010212,2025,5.0,3.0,1.0,8.3,5.1,3.0,False,0.0,False,0.0,False,0.0,False,0.0,False,0.0,False,0.0,False,0.0,3-5人気,5-10倍
202502010301,2025,6.0,7.0,3.0,9.6,15.1,5.6,False,0.0,False,0.0,False,0.0,False,0.0,False,0.0,False,0.0,False,0.0,6-10人気,5-10倍
202502010302,2025,1.0,7.0,4.0,1.7,34.1,8.7,True,1.7,True,0.5666666666666667,False,0.0,False,0.0,False,0.0,False,0.0,False,0.0,1-2人気,1-2倍
202502010303,2025,1.0,5.0,7.0,2.9,12.4,16.3,False,0.0,True,0.9666666666666667,True,5.1000000000000005,False,0.0,False,0.0,False,0.0,False,0.0,1-2人気,2-5倍
202502010304,2025,2.0,1.0,4.0,2.9,1.9,12.3,False,0.0,True,0.9666666666666667,True,1.5999999999999999,True,0.5509999999999999,False,0.0,False,0.0,False,0.0,1-2人気,2-5倍
202502010305,2025,5.0,9.0,3.0,9.4,33.1,7.2,False,0.0,False,0.0,False,0.0,False,0.0,False,0.0,False,0.0,False,0.0,3-5人気,5-10倍
202502010306,2025,1.0,8.0,2.0,2.7,19.1,4.4,False,0.0,False,0.0,False,0.0,False,0.0,False,0.0,False,0.0,False,0.0,1-2人気,2-5倍
202502010307,2025,4.0,1.0,6.0,9.4,1.9,25.8,False,0.0,False,0.0,False,0.0,False,0.0,False,0.0,False,0.0,False,0.0,3-5人気,5-10倍
202502010308,2025,1.0,2.0,5.0,3.2,3.6,7.7,False,0.0,True,1.0666666666666667,True,2.266666666666667,False,0.0,False,0.0,False,0.0,False,0.0,1-2人気,2-5倍
202502010309,2025,4.0,3.0,1.0,5.6,5.5,2.5,False,0.0,False,0.0,False,0.0,False,0.0,False,0.0,False,0.0,False,0.0,3-5人気,5-10倍
202502010310,2025,1.0,4.0,7.0,3.3,6.2,15.6,False,0.0,False,0.0,False,0.0,False,0.0,False,0.0,False,0.0,False,0.0,1-2人気,2-5倍
202502010311,2025,6.0,2.0,5.0,16.9,5.2,8.9,False,0.0,False,0.0,False,0.0,False,0.0,False,0.0,False,0.0,False,0.0,6-10人気,10-20倍
202502010312,2025,6.0,2.0,1.0,21.4,5.1,1.2,False,0.0,True,7.133333333333333,False,0.0,False,0.0,False,0.0,False,0.0,False,0.0,6-10人気,20-50倍
202502010401,2025,1.0,2.0,3.0,2.6,4.1,4.6,True,2.6,True,0.8666666666666667,False,0.0,False,0.0,False,0.0,False,0.0,False,0.0,1-2人気,2-5倍
202502010402,2025,3.0,2.0,1.0,4.9,4.7,3.5,True,4.9,True,1.6333333333333335,False,0.0,False,0.0,False,0.0,False,0.0,False,0.0,3-5人気,2-5倍
202502010403,2025,2.0,1.0,3.0,2.7,1.8,7.8,False,0.0,False,0.0,False,0.0,False,0.0,False,0.0,False,0.0,False,0.0,1-2人気,2-5倍
202502010404,2025,1.0,3.0,6.0,3.2,5.5,12.3,False,0.0,False,0.0,False,0.0,False,0.0,False,0.0,False,0.0,False,0.0,1-2人気,2-5倍
202502010405,2025,4.0,2.0,3.0,8.5,4.0,5.9,False,0.0,False,0.0,False,0.0,False,0.0,False,0.0,False,0.0,False,0.0,3-5人気,5-10倍
202502010406,2025,1.0,4.0,5.0,2.7,6.8,7.2,False,0.0,False,0.0,False,0.0,False,0.0,False,0.0,False,0.0,False,0.0,1-2人気,2-5倍
202502010407,2025,1.0,3.0,4.0,2.2,8.1,9.2,False,0.0,False,0.0,False,0.0,False,0.0,False,0.0,False,0.0,False,0.0,1-2人気,2-5倍
202502010408,2025,1.0,2.0,4.0,1.9,3.5,13.7,True,1.9,True,0.6333333333333333,False,0.0,False,0.0,False,0.0,False,0.0,False,0.0,1-2人気,1-2倍
202502010409,2025,2.0,3.0,7.0,4.8,5.8,12.8,False,0.0,False,0.0,False,0.0,False,0.0,False,0.0,False,0.0,False,0.0,1-2人気,2-5倍
202502010410,2025,2.0,7.0,8.0,5.3,27.1,32.2,False,0.0,True,1.7666666666666666,False,0.0,False,0.0,False,0.0,False,0.0,False,0.0,1-2人気,5-10倍
202502010411,2025,6.0,7.0,4.0,18.9,21.1,7.2,False,0.0,True,6.3,False,0.0,False,0.0,False,0.0,False,0.0,False,0.0,6-10人気,10-20倍
202502010412,2025,1.0,3.0,4.0,2.9,7.5,7.5,True,2.9,True,0.9666666666666667,False,0.0,False,0.0,False,0.0,False,0.0,False,0.0,1-2人気,2-5倍
202502010501,2025,1.0,6.0,2.0,3.6,15.4,3.7,False,0.0,True,1.2,False,0.0,False,0.0,False,0.0,False,0.0,False,0.0,1-2人気,2-5倍
202502010502,2025,1.0,2.0,4.0,2.0,4.0,10.2,False,0.0,True,0.6666666666666666,True,2.0,True,0.8,False,0.0,False,0.0,False,0.0,1-2人気,1-2倍
202502010503,2025,1.0,2.0,3.0,1.5,4.6,6.6,True,1.5,True,0.5,False,0.0,False,0.0,False,0.0,False,0.0,False,0.0,1-2人気,1-2倍
202502010504,2025,1.0,4.0,5.0,2.1,10.8,12.4,True,2.1,True,0.7000000000000001,False,0.0,False,0.0,False,0.0,False,0.0,False,0.0,1-2人気,2-5倍
202502010505,2025,2.0,14.0,1.0,4.8,75.3,3.3,False,0.0,True,1.5999999999999999,False,0.0,False,0.0,False,0.0,False,0.0,False,0.0,1-2人気,2-5倍
202502010506,2025,1.0,2.0,3.0,1.6,4.2,4.9,False,0.0,True,0.5333333333333333,False,0.0,False,0.0,False,0.0,False,0.0,False,0.0,1-2人気,1-2倍
202502010507,2025,6.0,7.0,2.0,12.2,12.8,4.5,False,0.0,False,0.0,False,0.0,False,0.0,False,0.0,False,0.0,False,0.0,6-10人気,10-20倍
202502010508,2025,6.0,5.0,9.0,12.7,7.3,25.1,False,0.0,False,0.0,False,0.0,False,0.0,False,0.0,False,0.0,False,0.0,6-10人気,10-20倍
202502010509,2025,4.0,2.0,1.0,6.6,2.9,1.8,False,0.0,True,2.1999999999999997,True,3.1666666666666665,False,0.0,False,0.0,False,0.0,False,0.0,3-5人気,5-10倍
202502010510,2025,1.0,4.0,5.0,2.3,8.6,11.7,True,2.3,True,0.7666666666666666,True,3.633333333333333,False,0.0,False,0.0,True,7.714199999999999,False,0.0,1-2人気,2-5倍
202502010511,2025,12.0,11.0,10.0,25.8,25.2,22.8,True,25.8,True,8.6,False,0.0,False,0.0,False,0.0,False,0.0,False,0.0,11人気以下,20-50倍
202502010512,2025,2.0,1.0,10.0,4.7,4.2,22.0,False,0.0,False,0.0,False,0.0,False,0.0,False,0.0,False,0.0,False,0.0,1-2人気,2-5倍
202502010601,2025,2.0,1.0,3.0,4.5,1.4,5.8,False,0.0,False,0.0,False,0.0,False,0.0,False,0.0,False,0.0,False,0.0,1-2人気,2-5倍
202502010602,2025,2.0,3.0,4.0,3.5,3.7,9.3,False,0.0,True,1.1666666666666667,True,2.4,False,0.0,False,0.0,False,0.0,False,0.0,1-2人気,2-5倍
202502010603,2025,1.0,3.0,2.0,2.0,5.9,3.3,False,0.0,False,0.0,False,0.0,False,0.0,False,0.0,False,0.0,False,0.0,1-2人気,1-2倍
202502010604,2025,1.0,2.0,4.0,2.2,2.4,7.7,False,0.0,True,0.7333333333333334,True,1.5333333333333332,True,0.528,False,0.0,False,0.0,False,0.0,1-2人気,2-5倍
202502010605,2025,2.0,8.0,10.0,4.0,33.6,59.6,False,0.0,False,0.0,False,0.0,False,0.0,False,0.0,False,0.0,False,0.0,1-2人気,2-5倍
202502010606,2025,1.0,5.0,2.0,2.2,14.0,5.2,True,2.2,True,0.7333333333333334,False,0.0,False,0.0,False,0.0,False,0.0,False,0.0,1-2人気,2-5倍
202502010607,2025,1.0,2.0,7.0,2.1,4.0,18.9,False,0.0,False,0.0,False,0.0,False,0.0,False,0.0,False,0.0,False,0.0,1-2人気,2-5倍
202502010608,2025,2.0,5.0,3.0,3.2,7.4,6.1,False,0.0,False,0.0,False,0.0,False,0.0,False,0.0,False,0.0,False,0.0,1-2人気,2-5倍
202502010609,2025,5.0,2.0,3.0,15.2,2.7,5.2,False,0.0,False,0.0,False,0.0,False,0.0,False,0.0,False,0.0,False,0.0,3-5人気,10-20倍
202502010610,2025,2.0,11.0,7.0,4.5,40.5,17.0,False,0.0,True,1.5,False,0.0,False,0.0,False,0.0,False,0.0,False,0.0,1-2人気,2-5倍
202502010611,2025,2.0,6.0,3.0,7.3,9.0,7.4,False,0.0,False,0.0,False,0.0,False,0.0,False,0.0,False,0.0,False,0.0,1-2人気,5-10倍
202502010612,2025,5.0,10.0,6.0,13.7,32.0,13.8,False,0.0,False,0.0,False,0.0,False,0.0,False,0.0,False,0.0,False,0.0,3-5人気,10-20倍
202502010701,2025,2.0,1.0,7.0,4.8,1.7,41.4,False,0.0,False,0.0,False,0.0,False,0.0,False,0.0,False,0.0,False,0.0,1-2人気,2-5倍
202502010702,2025,1.0,2.0,3.0,2.2,2.2,10.0,False,0.0,True,0.7333333333333334,True,1.4666666666666668,True,0.4840000000000001,False,0.0,False,0.0,False,0.0,1-2人気,2-5倍
202502010703,2025,3.0,2.0,1.0,5.7,3.1,2.9,False,0.0,False,0.0,False,0.0,False,0.0,False,0.0,False,0.0,False,0.0,3-5人気,5-10倍
202502010704,2025,2.0,1.0,4.0,2.4,1.7,16.0,False,0.0,True,0.7999999999999999,True,1.3666666666666665,False,0.0,False,0.0,False,0.0,False,0.0,1-2人気,2-5倍
202502010705,2025,2.0,1.0,5.0,3.7,1.4,20.2,False,0.0,True,1.2333333333333334,True,1.7,True,0.518,False,0.0,False,0.0,False,0.0,1-2人気,2-5倍
202502010706,2025,1.0,3.0,2.0,2.9,4.5,3.8,True,2.9,True,0.9666666666666667,True,2.466666666666667,True,1.305,True,2.61,False,0.0,False,0.0,1-2人気,2-5倍
202502010707,2025,3.0,1.0,6.0,6.6,1.8,16.3,False,0.0,False,0.0,False,0.0,False,0.0,False,0.0,False,0.0,False,0.0,3-5人気,5-10倍
202502010708,2025,1.0,4.0,2.0,1.6,8.0,6.4,True,1.6,True,0.5333333333333333,False,0.0,False,0.0,False,0.0,False,0.0,False,0.0,1-2人気,1-2倍
202502010709,2025,2.0,4.0,3.0,3.5,4.7,4.4,True,3.5,True,1.1666666666666667,False,0.0,False,0.0,False,0.0,False,0.0,False,0.0,1-2人気,2-5倍
202502010710,2025,3.0,9.0,7.0,7.8,41.3,27.2,False,0.0,False,0.0,False,0.0,False,0.0,False,0.0,False,0.0,False,0.0,3-5人気,5-10倍
202502010711,2025,7.0,9.0,2.0,19.6,31.4,3.5,False,0.0,False,0.0,False,0.0,False,0.0,False,0.0,False,0.0,False,0.0,6-10人気,10-20倍
202502010712,2025,6.0,4.0,12.0,12.0,7.2,110.4,False,0.0,False,0.0,False,0.0,False,0.0,False,0.0,False,0.0,False,0.0,6-10人気,10-20倍
202502010801,2025,2.0,1.0,5.0,2.6,2.4,12.4,False,0.0,True,0.8666666666666667,True,1.6666666666666667,False,0.0,False,0.0,False,0.0,False,0.0,1-2人気,2-5倍
202502010802,2025,3.0,2.0,1.0,4.2,3.2,2.1,False,0.0,False,0.0,False,0.0,False,0.0,False,0.0,False,0.0,False,0.0,3-5人気,2-5倍
202502010803,2025,1.0,2.0,4.0,1.6,4.5,10.9,False,0.0,False,0.0,False,0.0,False,0.0,False,0.0,False,0.0,False,0.0,1-2人気,1-2倍
202502010804,2025,2.0,7.0,4.0,5.0,13.0,6.6,True,5.0,True,1.6666666666666667,False,0.0,False,0.0,False,0.0,False,0.0,False,0.0,1-2人気,2-5倍
202502010805,2025,1.0,2.0,4.0,1.3,4.3,11.6,True,1.3,True,0.43333333333333335,True,1.8666666666666665,False,0.0,False,0.0,False,0.0,False,0.0,1-2人気,1-2倍
202502010806,2025,2.0,1.0,4.0,5.2,1.6,11.3,False,0.0,True,1.7333333333333334,True,2.266666666666667,False,0.0,False,0.0,False,0.0,False,0.0,1-2人気,5-10倍
202502010807,2025,2.0,1.0,9.0,5.1,2.7,40.6,True,5.1,True,1.7,False,0.0,False,0.0,False,0.0,False,0.0,False,0.0,1-2人気,5-10倍
202502010808,2025,6.0,1.0,2.0,11.2,3.3,4.7,False,0.0,True,3.733333333333333,False,0.0,False,0.0,False,0.0,False,0.0,False,0.0,6-10人気,10-20倍
202502010809,2025,10.0,1.0,3.0,64.4,2.6,4.4,False,0.0,False,0.0,False,0.0,False,0.0,False,0.0,False,0.0,False,0.0,6-10人気,50倍以上
202502010810,2025,4.0,1.0,5.0,7.8,2.4,8.8,False,0.0,False,0.0,False,0.0,False,0.0,False,0.0,False,0.0,False,0.0,3-5人気,5-10倍
202502010811,2025,6.0,5.0,4.0,16.6,7.6,5.5,False,0.0,False,0.0,False,0.0,False,0.0,False,0.0,False,0.0,False,0.0,6-10人気,10-20倍
202502010812,2025,4.0,2.0,1.0,6.5,4.2,2.1,False,0.0,True,2.1666666666666665,True,3.5666666666666664,False,0.0,False,0.0,True,1.9110000000000003,False,0.0,3-5人気,5-10倍
202502010901,2025,1.0,6.0,2.0,1.6,22.8,4.9,True,1.6,True,0.5333333333333333,False,0.0,False,0.0,False,0.0,False,0.0,False,0.0,1-2人気,1-2倍
202502010902,2025,3.0,1.0,2.0,6.2,1.7,4.8,True,6.2,True,2.066666666666667,True,2.6333333333333333,True,1.0539999999999998,True,2.1079999999999997,False,0.0,False,0.0,3-5人気,5-10倍
202502010903,2025,4.0,5.0,7.0,5.7,10.8,16.3,False,0.0,False,0.0,False,0.0,False,0.0,False,0.0,False,0.0,False,0.0,3-5人気,5-10倍
202502010904,2025,4.0,2.0,3.0,4.9,4.4,4.9,False,0.0,False,0.0,False,0.0,False,0.0,False,0.0,False,0.0,False,0.0,3-5人気,2-5倍
202502010905,2025,1.0,2.0,4.0,1.1,5.9,20.0,True,1.1,True,0.3666666666666667,True,2.3333333333333335,False,0.0,False,0.0,False,0.0,False,0.0,1-2人気,1-2倍
202502010906,2025,5.0,8.0,1.0,10.7,14.1,4.6,False,0.0,False,0.0,False,0.0,False,0.0,False,0.0,False,0.0,False,0.0,3-5人気,10-20倍
202502010907,2025,2.0,1.0,4.0,3.1,2.0,8.4,False,0.0,False,0.0,False,0.0,False,0.0,False,0.0,False,0.0,False,0.0,1-2人気,2-5倍
202502010908,2025,3.0,2.0,11.0,3.5,3.0,204.9,False,0.0,False,0.0,False,0.0,False,0.0,False,0.0,False,0.0,False,0.0,3-5人気,2-5倍
202502010909,2025,2.0,6.0,1.0,3.7,12.7,2.8,False,0.0,True,1.2333333333333334,False,0.0,False,0.0,False,0.0,False,0.0,False,0.0,1-2人気,2-5倍
202502010910,2025,3.0,1.0,2.0,5.8,3.0,4.8,False,0.0,False,0.0,False,0.0,False,0.0,False,0.0,False,0.0,False,0.0,3-5人気,5-10倍
202502010911,2025,2.0,1.0,4.0,3.9,3.6,6.9,False,0.0,False,0.0,False,0.0,False,0.0,False,0.0,False,0.0,False,0.0,1-2人気,2-5倍
202502010912,2025,3.0,2.0,7.0,5.3,4.0,21.7,False,0.0,False,0.0,False,0.0,False,0.0,False,0.0,False,0.0,False,0.0,3-5人気,5-10倍
202502011001,2025,1.0,4.0,7.0,2.5,9.0,24.8,False,0.0,True,0.8333333333333334,False,0.0,False,0.0,False,0.0,False,0.0,False,0.0,1-2人気,2-5倍
202502011002,2025,5.0,3.0,2.0,12.0,4.1,3.5,False,0.0,False,0.0,False,0.0,False,0.0,False,0.0,False,0.0,False,0.0,3-5人気,10-20倍
202502011003,2025,5.0,1.0,2.0,9.9,4.2,5.1,False,0.0,False,0.0,False,0.0,False,0.0,False,0.0,False,0.0,False,0.0,3-5人気,5-10倍
202502011004,2025,2.0,1.0,3.0,7.5,1.6,8.0,False,0.0,False,0.0,False,0.0,False,0.0,False,0.0,False,0.0,False,0.0,1-2人気,5-10倍
202502011005,2025,1.0,3.0,5.0,2.6,4.9,13.1,False,0.0,False,0.0,False,0.0,False,0.0,False,0.0,False,0.0,False,0.0,1-2人気,2-5倍
202502011006,2025,2.0,1.0,3.0,4.1,1.8,7.0,False,0.0,False,0.0,False,0.0,False,0.0,False,0.0,False,0.0,False,0.0,1-2人気,2-5倍
202502011007,2025,2.0,1.0,3.0,6.0,1.8,7.6,False,0.0,True,2.0,True,2.6,False,0.0,False,0.0,True,2.7359999999999998,False,0.0,1-2人気,5-10倍
202502011008,2025,1.0,2.0,7.0,1.9,3.7,20.0,False,0.0,True,0.6333333333333333,False,0.0,False,0.0,False,0.0,False,0.0,False,0.0,1-2人気,1-2倍
202502011009,2025,4.0,6.0,2.0,7.4,22.1,7.0,False,0.0,False,0.0,False,0.0,False,0.0,False,0.0,False,0.0,False,0.0,3-5人気,5-10倍
202502011010,2025,2.0,5.0,8.0,3.9,11.9,17.7,False,0.0,False,0.0,False,0.0,False,0.0,False,0.0,False,0.0,False,0.0,1-2人気,2-5倍
202502011011,2025,2.0,1.0,4.0,3.0,2.7,12.0,True,3.0,True,1.0,True,1.9000000000000001,True,0.8100000000000002,True,1.6200000000000003,True,3.2400000000000007,True,9.720000000000002,1-2人気,2-5倍
202502011012,2025,4.0,2.0,3.0,7.1,3.5,3.6,False,0.0,True,2.3666666666666667,False,0.0,False,0.0,False,0.0,False,0.0,False,0.0,3-5人気,5-10倍
202502011101,2025,1.0,2.0,7.0,1.1,11.1,87.0,True,1.1,True,0.3666666666666667,False,0.0,False,0.0,False,0.0,False,0.0,False,0.0,1-2人気,1-2倍
202502011102,2025,3.0,2.0,1.0,5.9,4.0,2.1,False,0.0,False,0.0,False,0.0,False,0.0,False,0.0,False,0.0,False,0.0,3-5人気,5-10倍
202502011103,2025,1.0,2.0,3.0,1.9,4.1,6.8,False,0.0,False,0.0,False,0.0,False,0.0,False,0.0,False,0.0,False,0.0,1-2人気,1-2倍
202502011104,2025,6.0,4.0,7.0,14.7,5.9,15.7,False,0.0,False,0.0,False,0.0,False,0.0,False,0.0,False,0.0,False,0.0,6-10人気,10-20倍
202502011105,2025,4.0,11.0,6.0,7.8,41.9,14.4,False,0.0,False,0.0,False,0.0,False,0.0,False,0.0,False,0.0,False,0.0,3-5人気,5-10倍
202502011106,2025,2.0,1.0,8.0,4.1,2.8,19.2,False,0.0,False,0.0,False,0.0,False,0.0,False,0.0,False,0.0,False,0.0,1-2人気,2-5倍
202502011107,2025,5.0,11.0,9.0,10.8,37.4,27.2,False,0.0,False,0.0,False,0.0,False,0.0,False,0.0,False,0.0,False,0.0,3-5人気,10-20倍
202502011108,2025,6.0,7.0,3.0,12.5,19.3,5.6,False,0.0,False,0.0,False,0.0,False,0.0,False,0.0,False,0.0,False,0.0,6-10人気,10-20倍
202502011109,2025,1.0,2.0,4.0,2.3,2.5,19.1,True,2.3,True,0.7666666666666666,True,1.5999999999999999,True,0.575,True,1.15,True,3.6608333333333336,True,10.9825,1-2人気,2-5倍
202502011110,2025,10.0,8.0,3.0,46.0,27.6,7.8,False,0.0,False,0.0,False,0.0,False,0.0,False,0.0,False,0.0,False,0.0,6-10人気,20-50倍
202502011111,2025,10.0,2.0,5.0,37.9,4.9,6.6,False,0.0,False,0.0,False,0.0,False,0.0,False,0.0,False,0.0,False,0.0,6-10人気,20-50倍
202502011112,2025,1.0,6.0,5.0,3.9,12.1,10.9,False,0.0,False,0.0,False,0.0,False,0.0,False,0.0,False,0.0,False,0.0,1-2人気,2-5倍
202502011201,2025,7.0,5.0,6.0,12.3,7.4,10.1,False,0.0,False,0.0,False,0.0,False,0.0,False,0.0,False,0.0,False,0.0,6-10人気,10-20倍
202502011202,2025,1.0,5.0,3.0,3.0,12.5,5.1,True,3.0,True,1.0,True,5.166666666666667,True,3.75,True,7.5,False,0.0,False,0.0,1-2人気,2-5倍
202502011203,2025,4.0,3.0,8.0,6.5,6.3,17.4,False,0.0,False,0.0,False,0.0,False,0.0,False,0.0,False,0.0,False,0.0,3-5人気,5-10倍
202502011204,2025,3.0,1.0,2.0,7.2,2.0,3.5,False,0.0,False,0.0,False,0.0,False,0.0,False,0.0,False,0.0,False,0.0,3-5人気,5-10倍
202502011205,2025,1.0,3.0,6.0,2.8,4.1,12.4,False,0.0,True,0.9333333333333332,False,0.0,False,0.0,False,0.0,False,0.0,False,0.0,1-2人気,2-5倍
202502011206,2025,1.0,6.0,7.0,2.5,14.9,15.3,False,0.0,True,0.8333333333333334,False,0.0,False,0.0,False,0.0,False,0.0,False,0.0,1-2人気,2-5倍
202502011207,2025,1.0,10.0,6.0,3.0,53.6,15.4,False,0.0,False,0.0,False,0.0,False,0.0,False,0.0,False,0.0,False,0.0,1-2人気,2-5倍
202502011208,2025,5.0,1.0,7.0,12.7,1.5,19.7,False,0.0,False,0.0,False,0.0,False,0.0,False,0.0,False,0.0,False,0.0,3-5人気,10-20倍
202502011209,2025,12.0,3.0,1.0,90.2,6.1,2.7,False,0.0,False,0.0,False,0.0,False,0.0,False,0.0,False,0.0,False,0.0,11人気以下,50倍以上
202502011210,2025,2.0,3.0,12.0,5.7,6.5,126.1,False,0.0,False,0.0,False,0.0,False,0.0,False,0.0,False,0.0,False,0.0,1-2人気,5-10倍
202502011211,2025,9.0,1.0,4.0,48.7,2.5,12.7,True,48.7,True,16.233333333333334,True,17.066666666666666,True,12.175,True,24.35,False,0.0,False,0.0,6-10人気,20-50倍
202502011212,2025,1.0,9.0,4.0,4.7,28.7,6.0,False,0.0,False,0.0,False,0.0,False,0.0,False,0.0,False,0.0,False,0.0,1-2人気,2-5倍
202503010101,2025,1.0,10.0,2.0,1.4,60.6,6.9,False,0.0,True,0.4666666666666666,True,20.666666666666668,False,0.0,False,0.0,True,19.5132,False,0.0,1-2人気,1-2倍
202503010102,2025,2.0,1.0,8.0,9.2,1.3,43.3,False,0.0,False,0.0,False,0.0,False,0.0,False,0.0,False,0.0,False,0.0,1-2人気,5-10倍
202503010103,2025,1.0,2.0,3.0,2.6,3.3,3.8,True,2.6,True,0.8666666666666667,True,1.9666666666666668,False,0.0,False,0.0,True,1.0868,False,0.0,1-2人気,2-5倍
202503010104,2025,1.0,3.0,4.0,2.8,6.2,7.6,False,0.0,True,0.9333333333333332,False,0.0,False,0.0,False,0.0,False,0.0,False,0.0,1-2人気,2-5倍
202503010105,2025,4.0,1.0,5.0,6.8,3.0,8.6,False,0.0,False,0.0,False,0.0,False,0.0,False,0.0,False,0.0,False,0.0,3-5人気,5-10倍
202503010106,2025,1.0,5.0,2.0,1.8,15.4,4.9,False,0.0,False,0.0,False,0.0,False,0.0,False,0.0,False,0.0,False,0.0,1-2人気,1-2倍
202503010107,2025,6.0,2.0,4.0,21.1,3.0,7.7,False,0.0,False,0.0,False,0.0,False,0.0,False,0.0,False,0.0,False,0.0,6-10人気,20-50倍
202503010108,2025,1.0,3.0,2.0,2.7,7.3,3.9,False,0.0,False,0.0,False,0.0,False,0.0,False,0.0,False,0.0,False,0.0,1-2人気,2-5倍
202503010109,2025,1.0,12.0,11.0,2.7,76.8,56.5,True,2.7,True,0.9,True,26.5,True,20.736,True,41.472,True,390.528,True,1171.584,1-2人気,2-5倍
202503010110,2025,1.0,5.0,10.0,2.8,14.5,24.6,False,0.0,False,0.0,False,0.0,False,0.0,False,0.0,False,0.0,False,0.0,1-2人気,2-5倍
202503010111,2025,2.0,10.0,7.0,4.6,26.9,13.1,False,0.0,False,0.0,False,0.0,False,0.0,False,0.0,False,0.0,False,0.0,1-2人気,2-5倍
202503010112,2025,2.0,5.0,10.0,4.0,15.1,41.6,False,0.0,False,0.0,False,0.0,False,0.0,False,0.0,False,0.0,False,0.0,1-2人気,2-5倍
202503010201,2025,3.0,2.0,13.0,4.6,4.5,86.2,True,4.6,True,1.5333333333333332,True,3.033333333333333,True,2.07,True,4.14,False,0.0,False,0.0,3-5人気,2-5倍
202503010202,2025,1.0,6.0,3.0,2.3,23.0,5.6,False,0.0,True,0.7666666666666666,False,0.0,False,0.0,False,0.0,False,0.0,False,0.0,1-2人気,2-5倍
202503010203,2025,5.0,1.0,4.0,8.9,3.0,7.2,False,0.0,False,0.0,False,0.0,False,0.0,False,0.0,False,0.0,False,0.0,3-5人気,5-10倍
202503010204,2025,7.0,2.0,1.0,42.1,4.9,1.6,False,0.0,False,0.0,False,0.0,False,0.0,False,0.0,False,0.0,False,0.0,6-10人気,20-50倍
202503010205,2025,5.0,1.0,9.0,8.4,3.0,102.1,False,0.0,True,2.8000000000000003,True,3.8000000000000003,True,2.5200000000000005,False,0.0,False,0.0,False,0.0,3-5人気,5-10倍
202503010206,2025,4.0,6.0,10.0,10.0,15.1,37.7,False,0.0,True,3.3333333333333335,False,0.0,False,0.0,False,0.0,False,0.0,False,0.0,3-5人気,5-10倍
202503010207,2025,1.0,2.0,4.0,1.9,5.8,6.3,False,0.0,False,0.0,False,0.0,False,0.0,False,0.0,False,0.0,False,0.0,1-2人気,1-2倍
202503010208,2025,3.0,8.0,1.0,4.8,16.1,3.5,False,0.0,False,0.0,False,0.0,False,0.0,False,0.0,False,0.0,False,0.0,3-5人気,2-5倍
202503010209,2025,6.0,1.0,3.0,10.6,3.7,4.8,False,0.0,True,3.533333333333333,False,0.0,False,0.0,False,0.0,False,0.0,False,0.0,6-10人気,10-20倍
202503010210,2025,7.0,5.0,3.0,25.5,15.9,7.6,False,0.0,True,8.5,False,0.0,False,0.0,False,0.0,False,0.0,False,0.0,6-10人気,20-50倍
202503010211,2025,8.0,6.0,7.0,13.6,10.4,10.9,False,0.0,True,4.533333333333333,True,8.0,False,0.0,False,0.0,False,0.0,False,0.0,6-10人気,10-20倍
202503010212,2025,9.0,2.0,6.0,24.4,3.8,14.0,False,0.0,True,8.133333333333333,False,0.0,False,0.0,False,0.0,False,0.0,False,0.0,6-10人気,20-50倍
202503010301,2025,5.0,3.0,2.0,7.0,6.0,4.1,False,0.0,False,0.0,False,0.0,False,0.0,False,0.0,False,0.0,False,0.0,3-5人気,5-10倍
202503010302,2025,1.0,13.0,2.0,2.2,182.8,3.0,True,2.2,True,0.7333333333333334,False,0.0,False,0.0,False,0.0,False,0.0,False,0.0,1-2人気,2-5倍
202503010303,2025,1.0,2.0,8.0,2.3,5.8,26.8,False,0.0,False,0.0,False,0.0,False,0.0,False,0.0,False,0.0,False,0.0,1-2人気,2-5倍
202503010304,2025,1.0,5.0,2.0,3.2,10.4,4.5,True,3.2,True,1.0666666666666667,False,0.0,False,0.0,False,0.0,False,0.0,False,0.0,1-2人気,2-5倍
202503010305,2025,7.0,1.0,6.0,17.7,3.9,14.9,False,0.0,False,0.0,False,0.0,False,0.0,False,0.0,False,0.0,False,0.0,6-10人気,10-20倍
202503010306,2025,13.0,2.0,1.0,99.1,5.9,3.0,False,0.0,False,0.0,False,0.0,False,0.0,False,0.0,False,0.0,False,0.0,11人気以下,50倍以上
202503010307,2025,1.0,4.0,10.0,3.0,8.9,50.4,False,0.0,False,0.0,False,0.0,False,0.0,False,0.0,False,0.0,False,0.0,1-2人気,2-5倍
202503010308,2025,2.0,8.0,9.0,4.5,13.2,23.2,False,0.0,True,1.5,True,5.8999999999999995,False,0.0,False,0.0,False,0.0,False,0.0,1-2人気,2-5倍
202503010309,2025,2.0,1.0,5.0,5.6,1.5,14.3,False,0.0,False,0.0,False,0.0,False,0.0,False,0.0,False,0.0,False,0.0,1-2人気,5-10倍
202503010310,2025,2.0,14.0,6.0,4.9,84.3,9.7,False,0.0,False,0.0,False,0.0,False,0.0,False,0.0,False,0.0,False,0.0,1-2人気,2-5倍
202503010311,2025,3.0,2.0,12.0,6.0,6.0,50.5,False,0.0,False,0.0,False,0.0,False,0.0,False,0.0,False,0.0,False,0.0,3-5人気,5-10倍
202503010312,2025,7.0,3.0,5.0,13.0,7.5,10.2,False,0.0,False,0.0,False,0.0,False,0.0,False,0.0,False,0.0,False,0.0,6-10人気,10-20倍
202503010401,2025,2.0,9.0,4.0,3.5,62.0,4.3,False,0.0,True,1.1666666666666667,False,0.0,False,0.0,False,0.0,False,0.0,False,0.0,1-2人気,2-5倍
202503010402,2025,4.0,5.0,7.0,6.6,7.2,17.3,False,0.0,False,0.0,False,0.0,False,0.0,False,0.0,False,0.0,False,0.0,3-5人気,5-10倍
202503010403,2025,4.0,2.0,3.0,8.1,4.0,4.0,False,0.0,False,0.0,False,0.0,False,0.0,False,0.0,False,0.0,False,0.0,3-5人気,5-10倍
202503010404,2025,1.0,6.0,5.0,1.7,15.3,15.1,True,1.7,True,0.5666666666666667,False,0.0,False,0.0,False,0.0,False,0.0,False,0.0,1-2人気,1-2倍
202503010405,2025,2.0,1.0,11.0,3.6,3.0,72.7,False,0.0,False,0.0,False,0.0,False,0.0,False,0.0,False,0.0,False,0.0,1-2人気,2-5倍
202503010406,2025,1.0,2.0,5.0,4.6,5.2,7.0,True,4.6,True,1.5333333333333332,False,0.0,False,0.0,False,0.0,False,0.0,False,0.0,1-2人気,2-5倍
202503010407,2025,1.0,2.0,14.0,3.2,4.9,101.0,False,0.0,False,0.0,False,0.0,False,0.0,False,0.0,False,0.0,False,0.0,1-2人気,2-5倍
202503010408,2025,2.0,6.0,5.0,4.0,12.5,11.1,False,0.0,True,1.3333333333333333,True,5.5,False,0.0,False,0.0,False,0.0,False,0.0,1-2人気,2-5倍
202503010409,2025,3.0,1.0,2.0,5.1,2.8,3.7,False,0.0,False,0.0,False,0.0,False,0.0,False,0.0,False,0.0,False,0.0,3-5人気,5-10倍
202503010410,2025,3.0,11.0,4.0,4.7,39.0,7.4,False,0.0,True,1.5666666666666667,False,0.0,False,0.0,False,0.0,False,0.0,False,0.0,3-5人気,2-5倍
202503010411,2025,4.0,6.0,13.0,8.9,10.4,71.8,False,0.0,False,0.0,False,0.0,False,0.0,False,0.0,False,0.0,False,0.0,3-5人気,5-10倍
202503010412,2025,5.0,4.0,1.0,13.4,11.8,2.2,False,0.0,False,0.0,False,0.0,False,0.0,False,0.0,False,0.0,False,0.0,3-5人気,10-20倍
202503010501,2025,3.0,4.0,1.0,10.3,11.8,1.7,False,0.0,False,0.0,False,0.0,False,0.0,False,0.0,False,0.0,False,0.0,3-5人気,10-20倍
202503010502,2025,1.0,3.0,11.0,2.1,4.3,181.1,False,0.0,True,0.7000000000000001,True,2.1333333333333333,False,0.0,False,0.0,False,0.0,False,0.0,1-2人気,2-5倍
202503010503,2025,1.0,6.0,2.0,1.4,27.3,7.8,False,0.0,True,0.4666666666666666,False,0.0,False,0.0,False,0.0,False,0.0,False,0.0,1-2人気,1-2倍
202503010504,2025,2.0,1.0,3.0,4.2,1.6,4.9,False,0.0,True,1.4000000000000001,True,1.9333333333333336,False,0.0,False,0.0,True,1.0976000000000001,False,0.0,1-2人気,2-5倍
202503010505,2025,1.0,3.0,4.0,2.1,4.7,12.1,False,0.0,False,0.0,False,0.0,False,0.0,False,0.0,False,0.0,False,0.0,1-2人気,2-5倍
202503010506,2025,2.0,1.0,4.0,5.3,1.8,10.3,False,0.0,False,0.0,False,0.0,False,0.0,False,0.0,False,0.0,False,0.0,1-2人気,5-10倍
202503010507,2025,2.0,6.0,8.0,5.0,10.8,14.2,False,0.0,False,0.0,False,0.0,False,0.0,False,0.0,False,0.0,False,0.0,1-2人気,2-5倍
202503010508,2025,2.0,1.0,7.0,3.2,2.0,29.8,False,0.0,True,1.0666666666666667,True,1.7333333333333334,True,0.64,False,0.0,False,0.0,False,0.0,1-2人気,2-5倍
202503010509,2025,5.0,3.0,1.0,8.2,6.0,2.8,False,0.0,False,0.0,False,0.0,False,0.0,False,0.0,False,0.0,False,0.0,3-5人気,5-10倍
202503010510,2025,3.0,2.0,8.0,6.2,3.7,16.6,False,0.0,False,0.0,False,0.0,False,0.0,False,0.0,False,0.0,False,0.0,3-5人気,5-10倍
202503010511,2025,9.0,10.0,1.0,21.5,21.9,4.5,True,21.5,True,7.166666666666667,False,0.0,False,0.0,False,0.0,False,0.0,False,0.0,6-10人気,20-50倍
202503010512,2025,7.0,9.0,3.0,16.9,22.0,5.4,False,0.0,False,0.0,False,0.0,False,0.0,False,0.0,False,0.0,False,0.0,6-10人気,10-20倍
202503010601,2025,4.0,3.0,14.0,6.2,4.6,191.7,False,0.0,False,0.0,False,0.0,False,0.0,False,0.0,False,0.0,False,0.0,3-5人気,5-10倍
202503010602,2025,4.0,1.0,2.0,13.4,1.6,5.2,False,0.0,True,4.466666666666667,True,5.0,True,2.144,False,0.0,True,3.7162666666666673,False,0.0,3-5人気,10-20倍
202503010603,2025,2.0,3.0,1.0,6.4,8.2,2.9,False,0.0,True,2.1333333333333333,False,0.0,False,0.0,False,0.0,False,0.0,False,0.0,1-2人気,5-10倍
202503010604,2025,1.0,5.0,8.0,2.8,11.6,16.6,True,2.8,True,0.9333333333333332,False,0.0,False,0.0,False,0.0,False,0.0,False,0.0,1-2人気,2-5倍
202503010605,2025,2.0,3.0,1.0,2.5,4.7,2.5,False,0.0,False,0.0,False,0.0,False,0.0,False,0.0,False,0.0,False,0.0,1-2人気,2-5倍
202503010606,2025,6.0,8.0,5.0,9.7,16.2,9.5,False,0.0,True,3.233333333333333,False,0.0,False,0.0,False,0.0,False,0.0,False,0.0,6-10人気,5-10倍
202503010607,2025,3.0,1.0,4.0,5.8,2.6,6.7,False,0.0,False,0.0,False,0.0,False,0.0,False,0.0,False,0.0,False,0.0,3-5人気,5-10倍
202503010608,2025,11.0,10.0,1.0,35.5,31.2,4.4,False,0.0,False,0.0,False,0.0,False,0.0,False,0.0,False,0.0,False,0.0,11人気以下,20-50倍
202503010609,2025,1.0,3.0,6.0,3.3,4.6,9.8,False,0.0,False,0.0,False,0.0,False,0.0,False,0.0,False,0.0,False,0.0,1-2人気,2-5倍
202503010610,2025,4.0,1.0,12.0,6.4,3.1,71.5,False,0.0,False,0.0,False,0.0,False,0.0,False,0.0,False,0.0,False,0.0,3-5人気,5-10倍
202503010611,2025,4.0,9.0,1.0,11.7,18.7,2.0,False,0.0,False,0.0,False,0.0,False,0.0,False,0.0,False,0.0,False,0.0,3-5人気,10-20倍
202503010612,2025,1.0,7.0,5.0,2.2,14.2,9.3,False,0.0,True,0.7333333333333334,False,0.0,False,0.0,False,0.0,False,0.0,False,0.0,1-2人気,2-5倍
202503020101,2025,1.0,5.0,2.0,1.5,14.9,5.6,False,0.0,False,0.0,False,0.0,False,0.0,False,0.0,False,0.0,False,0.0,1-2人気,1-2倍
202503020102,2025,1.0,7.0,2.0,1.8,43.2,3.0,False,0.0,True,0.6,False,0.0,False,0.0,False,0.0,False,0.0,False,0.0,1-2人気,1-2倍
202503020103,2025,3.0,4.0,1.0,3.7,11.3,2.8,False,0.0,False,0.0,False,0.0,False,0.0,False,0.0,False,0.0,False,0.0,3-5人気,2-5倍
202503020104,2025,2.0,5.0,3.0,4.0,9.6,4.9,False,0.0,False,0.0,False,0.0,False,0.0,False,0.0,False,0.0,False,0.0,1-2人気,2-5倍
202503020105,2025,1.0,3.0,4.0,2.6,4.1,5.2,False,0.0,True,0.8666666666666667,True,2.233333333333333,False,0.0,False,0.0,False,0.0,False,0.0,1-2人気,2-5倍
202503020106,2025,4.0,1.0,9.0,7.7,2.6,45.7,False,0.0,False,0.0,False,0.0,False,0.0,False,0.0,False,0.0,False,0.0,3-5人気,5-10倍
202503020107,2025,3.0,2.0,1.0,4.1,2.8,1.8,False,0.0,False,0.0,False,0.0,False,0.0,False,0.0,False,0.0,False,0.0,3-5人気,2-5倍
202503020108,2025,3.0,1.0,10.0,5.8,3.6,35.5,False,0.0,False,0.0,False,0.0,False,0.0,False,0.0,False,0.0,False,0.0,3-5人気,5-10倍
202503020109,2025,2.0,7.0,4.0,5.8,43.0,10.6,False,0.0,True,1.9333333333333333,False,0.0,False,0.0,False,0.0,False,0.0,False,0.0,1-2人気,5-10倍
202503020110,2025,3.0,1.0,10.0,9.0,1.2,105.2,False,0.0,True,3.0,True,3.4,True,1.0799999999999998,False,0.0,False,0.0,False,0.0,3-5人気,5-10倍
202503020111,2025,4.0,1.0,13.0,7.8,2.6,66.2,False,0.0,False,0.0,False,0.0,False,0.0,False,0.0,False,0.0,False,0.0,3-5人気,5-10倍
202503020112,2025,1.0,6.0,7.0,3.3,14.6,16.3,False,0.0,True,1.0999999999999999,False,0.0,False,0.0,False,0.0,False,0.0,False,0.0,1-2人気,2-5倍
202503020201,2025,2.0,1.0,3.0,3.1,2.6,4.1,True,3.1,True,1.0333333333333334,True,1.9000000000000001,True,0.806,True,1.612,False,0.0,False,0.0,1-2人気,2-5倍
202503020202,2025,1.0,4.0,3.0,1.5,11.3,9.5,False,0.0,False,0.0,False,0.0,False,0.0,False,0.0,False,0.0,False,0.0,1-2人気,1-2倍
202503020203,2025,3.0,1.0,6.0,5.7,2.2,21.0,False,0.0,True,1.9000000000000001,True,2.6333333333333333,False,0.0,False,0.0,False,0.0,False,0.0,3-5人気,5-10倍
202503020204,2025,1.0,2.0,5.0,2.9,3.4,8.3,False,0.0,False,0.0,False,0.0,False,0.0,False,0.0,False,0.0,False,0.0,1-2人気,2-5倍
202503020205,2025,1.0,2.0,10.0,2.2,4.3,73.4,True,2.2,True,0.7333333333333334,False,0.0,False,0.0,False,0.0,False,0.0,False,0.0,1-2人気,2-5倍
202503020206,2025,1.0,5.0,6.0,1.4,41.5,43.0,False,0.0,True,0.4666666666666666,False,0.0,False,0.0,False,0.0,False,0.0,False,0.0,1-2人気,1-2倍
202503020207,2025,1.0,4.0,12.0,1.6,11.3,79.4,False,0.0,True,0.5333333333333333,False,0.0,False,0.0,False,0.0,False,0.0,False,0.0,1-2人気,1-2倍
202503020208,2025,1.0,7.0,2.0,2.3,53.2,3.6,False,0.0,True,0.7666666666666666,True,18.5,False,0.0,False,0.0,False,0.0,False,0.0,1-2人気,2-5倍
202503020209,2025,1.0,3.0,5.0,1.8,5.3,19.2,True,1.8,True,0.6,True,2.3666666666666667,True,0.954,True,1.908,False,0.0,False,0.0,1-2人気,1-2倍
202503020210,2025,5.0,7.0,2.0,11.4,24.5,3.3,False,0.0,True,3.8000000000000003,False,0.0,False,0.0,False,0.0,False,0.0,False,0.0,3-5人気,10-20倍
202503020211,2025,5.0,3.0,2.0,8.1,7.4,5.7,False,0.0,False,0.0,False,0.0,False,0.0,False,0.0,False,0.0,False,0.0,3-5人気,5-10倍
202503020212,2025,6.0,5.0,3.0,8.2,7.3,5.8,False,0.0,False,0.0,False,0.0,False,0.0,False,0.0,False,0.0,False,0.0,6-10人気,5-10倍
202503020301,2025,1.0,5.0,7.0,2.5,12.5,19.7,False,0.0,False,0.0,False,0.0,False,0.0,False,0.0,False,0.0,False,0.0,1-2人気,2-5倍
202503020302,2025,11.0,3.0,1.0,55.5,4.8,3.7,False,0.0,False,0.0,False,0.0,False,0.0,False,0.0,False,0.0,False,0.0,11人気以下,50倍以上
202503020303,2025,1.0,2.0,5.0,2.0,3.4,13.5,False,0.0,False,0.0,False,0.0,False,0.0,False,0.0,False,0.0,False,0.0,1-2人気,1-2倍
202503020304,2025,2.0,1.0,6.0,4.6,1.7,15.8,True,4.6,True,1.5333333333333332,True,2.1,True,0.7819999999999999,True,1.5639999999999998,False,0.0,False,0.0,1-2人気,2-5倍
202503020305,2025,3.0,1.0,2.0,7.1,1.3,4.5,False,0.0,True,2.3666666666666667,True,2.8000000000000003,False,0.0,False,0.0,False,0.0,False,0.0,3-5人気,5-10倍
202503020306,2025,1.0,5.0,3.0,2.0,11.7,9.7,False,0.0,False,0.0,False,0.0,False,0.0,False,0.0,False,0.0,False,0.0,1-2人気,1-2倍
202503020307,2025,1.0,2.0,14.0,2.3,3.4,166.2,False,0.0,False,0.0,False,0.0,False,0.0,False,0.0,False,0.0,False,0.0,1-2人気,2-5倍
202503020308,2025,4.0,1.0,3.0,10.3,1.9,7.3,True,10.3,True,3.4333333333333336,True,4.066666666666667,True,1.957,True,3.914,False,0.0,False,0.0,3-5人気,10-20倍
202503020309,2025,2.0,3.0,5.0,3.9,4.3,8.9,False,0.0,False,0.0,False,0.0,False,0.0,False,0.0,False,0.0,False,0.0,1-2人気,2-5倍
202503020310,2025,1.0,3.0,6.0,1.5,7.7,33.8,True,1.5,True,0.5,True,3.0666666666666664,True,1.155,True,2.31,False,0.0,False,0.0,1-2人気,1-2倍
202503020311,2025,5.0,4.0,12.0,12.0,8.5,49.3,False,0.0,False,0.0,False,0.0,False,0.0,False,0.0,False,0.0,False,0.0,3-5人気,10-20倍
202503020312,2025,4.0,3.0,1.0,6.7,5.9,3.1,False,0.0,False,0.0,False,0.0,False,0.0,False,0.0,False,0.0,False,0.0,3-5人気,5-10倍
202503020401,2025,1.0,6.0,9.0,3.6,14.6,22.8,False,0.0,True,1.2,False,0.0,False,0.0,False,0.0,False,0.0,False,0.0,1-2人気,2-5倍
202503020402,2025,1.0,2.0,3.0,2.3,3.5,5.7,False,0.0,True,0.7666666666666666,False,0.0,False,0.0,False,0.0,False,0.0,False,0.0,1-2人気,2-5倍
202503020403,2025,7.0,3.0,1.0,28.0,6.6,1.8,False,0.0,False,0.0,False,0.0,False,0.0,False,0.0,False,0.0,False,0.0,6-10人気,20-50倍
202503020404,2025,1.0,3.0,4.0,2.8,6.0,6.4,False,0.0,True,0.9333333333333332,False,0.0,False,0.0,False,0.0,False,0.0,False,0.0,1-2人気,2-5倍
202503020405,2025,2.0,3.0,1.0,2.4,6.1,1.9,False,0.0,True,0.7999999999999999,False,0.0,False,0.0,False,0.0,False,0.0,False,0.0,1-2人気,2-5倍
202503020406,2025,2.0,1.0,3.0,3.4,2.9,4.3,False,0.0,True,1.1333333333333333,False,0.0,False,0.0,False,0.0,False,0.0,False,0.0,1-2人気,2-5倍
202503020407,2025,1.0,3.0,2.0,2.6,8.6,2.7,True,2.6,True,0.8666666666666667,False,0.0,False,0.0,False,0.0,False,0.0,False,0.0,1-2人気,2-5倍
202503020408,2025,1.0,2.0,6.0,2.3,4.1,13.7,False,0.0,True,0.7666666666666666,True,2.1333333333333333,True,0.9429999999999998,False,0.0,False,0.0,False,0.0,1-2人気,2-5倍
202503020409,2025,4.0,9.0,3.0,6.3,31.8,5.7,False,0.0,False,0.0,False,0.0,False,0.0,False,0.0,False,0.0,False,0.0,3-5人気,5-10倍
202503020410,2025,2.0,4.0,1.0,3.0,12.0,2.3,False,0.0,False,0.0,False,0.0,False,0.0,False,0.0,False,0.0,False,0.0,1-2人気,2-5倍
202503020411,2025,4.0,3.0,2.0,5.5,4.8,4.7,False,0.0,False,0.0,False,0.0,False,0.0,False,0.0,False,0.0,False,0.0,3-5人気,5-10倍
202503020412,2025,5.0,1.0,10.0,7.4,3.4,41.6,False,0.0,False,0.0,False,0.0,False,0.0,False,0.0,False,0.0,False,0.0,3-5人気,5-10倍
202503020501,2025,1.0,3.0,2.0,1.3,11.4,3.7,False,0.0,True,0.43333333333333335,False,0.0,False,0.0,False,0.0,False,0.0,False,0.0,1-2人気,1-2倍
202503020502,2025,1.0,3.0,8.0,2.5,4.9,24.1,False,0.0,False,0.0,False,0.0,False,0.0,False,0.0,False,0.0,False,0.0,1-2人気,2-5倍
202503020503,2025,1.0,2.0,3.0,2.8,3.0,3.1,True,2.8,True,0.9333333333333332,True,1.9333333333333333,False,0.0,False,0.0,False,0.0,False,0.0,1-2人気,2-5倍
202503020504,2025,1.0,5.0,3.0,1.8,12.9,7.2,False,0.0,True,0.6,False,0.0,False,0.0,False,0.0,False,0.0,False,0.0,1-2人気,1-2倍
202503020505,2025,1.0,2.0,10.0,2.6,2.8,135.5,False,0.0,True,0.8666666666666667,True,1.8,False,0.0,False,0.0,False,0.0,False,0.0,1-2人気,2-5倍
202503020506,2025,1.0,6.0,7.0,2.6,10.8,12.1,False,0.0,False,0.0,False,0.0,False,0.0,False,0.0,False,0.0,False,0.0,1-2人気,2-5倍
202503020507,2025,4.0,1.0,3.0,5.1,3.1,4.6,False,0.0,False,0.0,False,0.0,False,0.0,False,0.0,False,0.0,False,0.0,3-5人気,5-10倍
202503020508,2025,1.0,6.0,7.0,2.2,14.8,18.1,True,2.2,True,0.7333333333333334,False,0.0,False,0.0,False,0.0,False,0.0,False,0.0,1-2人気,2-5倍
202503020509,2025,3.0,5.0,1.0,4.8,7.4,3.6,False,0.0,False,0.0,False,0.0,False,0.0,False,0.0,False,0.0,False,0.0,3-5人気,2-5倍
202503020510,2025,7.0,2.0,1.0,34.2,3.7,1.3,False,0.0,False,0.0,False,0.0,False,0.0,False,0.0,False,0.0,False,0.0,6-10人気,20-50倍
202503020511,2025,1.0,2.0,9.0,3.1,3.7,16.1,False,0.0,False,0.0,False,0.0,False,0.0,False,0.0,False,0.0,False,0.0,1-2人気,2-5倍
202503020512,2025,1.0,3.0,10.0,3.0,6.0,34.1,False,0.0,False,0.0,False,0.0,False,0.0,False,0.0,False,0.0,False,0.0,1-2人気,2-5倍
202503020601,2025,1.0,2.0,7.0,1.1,9.2,202.3,False,0.0,True,0.3666666666666667,True,3.433333333333333,True,1.012,False,0.0,False,0.0,False,0.0,1-2人気,1-2倍
202503020602,2025,1.0,6.0,5.0,2.7,13.6,8.0,False,0.0,False,0.0,False,0.0,False,0.0,False,0.0,False,0.0,False,0.0,1-2人気,2-5倍
202503020603,2025,2.0,4.0,3.0,4.8,5.3,5.0,True,4.8,True,1.5999999999999999,True,3.3666666666666667,True,2.5439999999999996,True,5.087999999999999,False,0.0,False,0.0,1-2人気,2-5倍
202503020604,2025,1.0,2.0,6.0,3.0,4.8,10.3,False,0.0,True,1.0,True,2.6,False,0.0,False,0.0,False,0.0,False,0.0,1-2人気,2-5倍
202503020605,2025,2.0,5.0,6.0,4.3,10.4,16.1,False,0.0,False,0.0,False,0.0,False,0.0,False,0.0,False,0.0,False,0.0,1-2人気,2-5倍
202503020606,2025,2.0,1.0,5.0,3.7,1.9,10.4,True,3.7,True,1.2333333333333334,True,1.8666666666666665,True,0.7030000000000001,True,1.4060000000000001,False,0.0,False,0.0,1-2人気,2-5倍
202503020607,2025,1.0,10.0,3.0,3.5,30.3,5.3,False,0.0,False,0.0,False,0.0,False,0.0,False,0.0,False,0.0,False,0.0,1-2人気,2-5倍
202503020608,2025,3.0,6.0,1.0,6.9,15.9,3.2,False,0.0,True,2.3000000000000003,False,0.0,False,0.0,False,0.0,False,0.0,False,0.0,3-5人気,5-10倍
202503020609,2025,4.0,1.0,6.0,11.4,1.6,19.0,False,0.0,True,3.8000000000000003,True,4.333333333333333,False,0.0,False,0.0,False,0.0,False,0.0,3-5人気,10-20倍
202503020610,2025,1.0,9.0,4.0,1.8,26.8,11.8,False,0.0,False,0.0,False,0.0,False,0.0,False,0.0,False,0.0,False,0.0,1-2人気,1-2倍
202503020611,2025,1.0,7.0,4.0,3.0,13.0,10.7,False,0.0,True,1.0,False,0.0,False,0.0,False,0.0,False,0.0,False,0.0,1-2人気,2-5倍
202503020612,2025,7.0,2.0,3.0,37.5,5.0,5.1,False,0.0,False,0.0,False,0.0,False,0.0,False,0.0,False,0.0,False,0.0,6-10人気,20-50倍
202503020701,2025,1.0,6.0,3.0,1.8,16.5,6.2,True,1.8,True,0.6,False,0.0,False,0.0,False,0.0,False,0.0,False,0.0,1-2人気,1-2倍
202503020702,2025,3.0,1.0,2.0,5.3,2.3,3.2,True,5.3,True,1.7666666666666666,False,0.0,False,0.0,False,0.0,False,0.0,False,0.0,3-5人気,5-10倍
202503020703,2025,3.0,4.0,7.0,4.1,5.6,29.5,False,0.0,False,0.0,False,0.0,False,0.0,False,0.0,False,0.0,False,0.0,3-5人気,2-5倍
202503020704,2025,4.0,1.0,12.0,9.7,2.1,62.4,False,0.0,False,0.0,False,0.0,False,0.0,False,0.0,False,0.0,False,0.0,3-5人気,5-10倍
202503020705,2025,2.0,3.0,8.0,4.6,7.3,48.1,True,4.6,True,1.5333333333333332,False,0.0,False,0.0,False,0.0,False,0.0,False,0.0,1-2人気,2-5倍
202503020706,2025,4.0,9.0,5.0,7.2,20.9,8.0,False,0.0,False,0.0,False,0.0,False,0.0,False,0.0,False,0.0,False,0.0,3-5人気,5-10倍
202503020707,2025,1.0,4.0,2.0,2.5,9.9,4.1,False,0.0,False,0.0,False,0.0,False,0.0,False,0.0,False,0.0,False,0.0,1-2人気,2-5倍
202503020708,2025,2.0,3.0,1.0,4.4,6.1,3.2,False,0.0,False,0.0,False,0.0,False,0.0,False,0.0,False,0.0,False,0.0,1-2人気,2-5倍
202503020709,2025,3.0,2.0,4.0,3.7,3.4,7.3,False,0.0,False,0.0,False,0.0,False,0.0,False,0.0,False,0.0,False,0.0,3-5人気,2-5倍
202503020710,2025,14.0,11.0,8.0,80.9,56.6,33.9,False,0.0,False,0.0,False,0.0,False,0.0,False,0.0,False,0.0,False,0.0,11人気以下,50倍以上
202503020711,2025,1.0,2.0,5.0,2.2,4.8,9.4,False,0.0,False,0.0,False,0.0,False,0.0,False,0.0,False,0.0,False,0.0,1-2人気,2-5倍
202503020712,2025,6.0,2.0,1.0,29.3,3.4,1.5,False,0.0,False,0.0,False,0.0,False,0.0,False,0.0,False,0.0,False,0.0,6-10人気,20-50倍
202503020801,2025,3.0,2.0,5.0,5.0,4.2,7.2,False,0.0,True,1.6666666666666667,False,0.0,False,0.0,False,0.0,False,0.0,False,0.0,3-5人気,2-5倍
202503020802,2025,7.0,8.0,2.0,11.1,20.3,4.7,False,0.0,False,0.0,False,0.0,False,0.0,False,0.0,False,0.0,False,0.0,6-10人気,10-20倍
202503020803,2025,1.0,3.0,4.0,2.0,5.5,22.5,False,0.0,True,0.6666666666666666,False,0.0,False,0.0,False,0.0,False,0.0,False,0.0,1-2人気,1-2倍
202503020804,2025,2.0,1.0,3.0,4.0,2.8,4.3,False,0.0,True,1.3333333333333333,False,0.0,False,0.0,False,0.0,False,0.0,False,0.0,1-2人気,2-5倍
202503020805,2025,1.0,8.0,5.0,2.9,22.6,11.7,False,0.0,False,0.0,False,0.0,False,0.0,False,0.0,False,0.0,False,0.0,1-2人気,2-5倍
202503020806,2025,1.0,4.0,2.0,2.6,6.6,3.7,False,0.0,True,0.8666666666666667,False,0.0,False,0.0,False,0.0,False,0.0,False,0.0,1-2人気,2-5倍
202503020807,2025,1.0,3.0,9.0,1.9,7.0,28.4,True,1.9,True,0.6333333333333333,False,0.0,False,0.0,False,0.0,False,0.0,False,0.0,1-2人気,1-2倍
202503020808,2025,1.0,2.0,3.0,2.4,2.5,9.1,False,0.0,False,0.0,False,0.0,False,0.0,False,0.0,False,0.0,False,0.0,1-2人気,2-5倍
202503020809,2025,3.0,2.0,1.0,3.8,3.6,3.3,True,3.8,True,1.2666666666666666,True,2.466666666666667,True,1.3679999999999999,True,2.7359999999999998,False,0.0,False,0.0,3-5人気,2-5倍
202503020810,2025,5.0,3.0,2.0,19.7,5.9,3.1,False,0.0,False,0.0,False,0.0,False,0.0,False,0.0,False,0.0,False,0.0,3-5人気,10-20倍
202503020811,2025,6.0,3.0,4.0,11.6,6.1,9.1,False,0.0,False,0.0,False,0.0,False,0.0,False,0.0,False,0.0,False,0.0,6-10人気,10-20倍
202503020812,2025,1.0,5.0,6.0,3.6,9.7,11.9,True,3.6,True,1.2,False,0.0,False,0.0,False,0.0,False,0.0,False,0.0,1-2人気,2-5倍
202503030101,2025,1.0,2.0,6.0,2.9,3.5,17.7,False,0.0,False,0.0,False,0.0,False,0.0,False,0.0,False,0.0,False,0.0,1-2人気,2-5倍
202503030102,2025,5.0,3.0,1.0,11.0,6.0,3.9,False,0.0,False,0.0,False,0.0,False,0.0,False,0.0,False,0.0,False,0.0,3-5人気,10-20倍
202503030103,2025,1.0,7.0,3.0,2.7,20.4,6.0,False,0.0,True,0.9,True,7.699999999999999,False,0.0,False,0.0,False,0.0,False,0.0,1-2人気,2-5倍
202503030104,2025,1.0,2.0,7.0,2.9,5.3,16.5,True,2.9,True,0.9666666666666667,True,2.733333333333333,True,1.537,True,3.074,False,0.0,False,0.0,1-2人気,2-5倍
202503030105,2025,5.0,3.0,6.0,11.8,6.9,14.8,False,0.0,False,0.0,False,0.0,False,0.0,False,0.0,False,0.0,False,0.0,3-5人気,10-20倍
202503030106,2025,10.0,4.0,9.0,50.3,11.9,46.4,False,0.0,False,0.0,False,0.0,False,0.0,False,0.0,False,0.0,False,0.0,6-10人気,50倍以上
202503030107,2025,1.0,3.0,6.0,1.8,8.3,16.5,False,0.0,True,0.6,False,0.0,False,0.0,False,0.0,False,0.0,False,0.0,1-2人気,1-2倍
202503030108,2025,7.0,2.0,1.0,18.2,4.8,2.1,False,0.0,True,6.066666666666666,True,7.666666666666667,True,8.736,False,0.0,False,0.0,False,0.0,6-10人気,10-20倍
202503030109,2025,3.0,1.0,2.0,9.4,1.5,6.0,False,0.0,True,3.1333333333333333,False,0.0,False,0.0,False,0.0,False,0.0,False,0.0,3-5人気,5-10倍
202503030110,2025,8.0,10.0,2.0,22.9,44.3,5.0,False,0.0,False,0.0,False,0.0,False,0.0,False,0.0,False,0.0,False,0.0,6-10人気,20-50倍
202503030111,2025,7.0,5.0,9.0,10.4,9.3,16.7,False,0.0,True,3.466666666666667,False,0.0,False,0.0,False,0.0,False,0.0,False,0.0,6-10人気,10-20倍
202503030112,2025,4.0,6.0,3.0,6.7,9.7,5.9,False,0.0,False,0.0,False,0.0,False,0.0,False,0.0,False,0.0,False,0.0,3-5人気,5-10倍
202503030201,2025,2.0,1.0,5.0,4.1,2.6,8.7,False,0.0,True,1.3666666666666665,True,2.233333333333333,True,1.066,False,0.0,False,0.0,False,0.0,1-2人気,2-5倍
202503030202,2025,3.0,2.0,5.0,5.2,3.5,10.9,False,0.0,False,0.0,False,0.0,False,0.0,False,0.0,False,0.0,False,0.0,3-5人気,5-10倍
202503030203,2025,1.0,3.0,5.0,3.5,5.2,9.9,True,3.5,True,1.1666666666666667,False,0.0,False,0.0,False,0.0,False,0.0,False,0.0,1-2人気,2-5倍
202503030204,2025,4.0,3.0,9.0,7.3,5.6,20.7,False,0.0,False,0.0,False,0.0,False,0.0,False,0.0,False,0.0,False,0.0,3-5人気,5-10倍
202503030205,2025,3.0,1.0,2.0,5.8,2.0,3.8,False,0.0,True,1.9333333333333333,False,0.0,False,0.0,False,0.0,False,0.0,False,0.0,3-5人気,5-10倍
202503030206,2025,3.0,4.0,10.0,6.3,7.9,49.8,False,0.0,True,2.1,True,4.733333333333333,False,0.0,False,0.0,False,0.0,False,0.0,3-5人気,5-10倍
202503030207,2025,2.0,10.0,1.0,6.3,31.3,1.9,False,0.0,True,2.1,False,0.0,False,0.0,False,0.0,False,0.0,False,0.0,1-2人気,5-10倍
202503030208,2025,3.0,6.0,5.0,6.1,11.1,10.9,False,0.0,False,0.0,False,0.0,False,0.0,False,0.0,False,0.0,False,0.0,3-5人気,5-10倍
202503030209,2025,1.0,2.0,4.0,3.3,4.3,7.8,False,0.0,False,0.0,False,0.0,False,0.0,False,0.0,False,0.0,False,0.0,1-2人気,2-5倍
202503030210,2025,6.0,2.0,7.0,11.7,3.5,12.7,False,0.0,True,3.9,False,0.0,False,0.0,False,0.0,False,0.0,False,0.0,6-10人気,10-20倍
202503030211,2025,11.0,2.0,5.0,20.3,6.0,11.3,False,0.0,False,0.0,False,0.0,False,0.0,False,0.0,False,0.0,False,0.0,11人気以下,20-50倍
202503030212,2025,1.0,15.0,3.0,2.7,87.5,4.9,False,0.0,True,0.9,False,0.0,False,0.0,False,0.0,False,0.0,False,0.0,1-2人気,2-5倍
202503030301,2025,4.0,2.0,1.0,7.6,3.3,2.9,False,0.0,False,0.0,False,0.0,False,0.0,False,0.0,False,0.0,False,0.0,3-5人気,5-10倍
202503030302,2025,6.0,1.0,11.0,13.6,2.6,125.1,False,0.0,False,0.0,False,0.0,False,0.0,False,0.0,False,0.0,False,0.0,6-10人気,10-20倍
202503030303,2025,3.0,1.0,5.0,8.5,1.9,10.6,False,0.0,False,0.0,False,0.0,False,0.0,False,0.0,False,0.0,False,0.0,3-5人気,5-10倍
202503030304,2025,6.0,9.0,7.0,9.5,25.8,10.6,False,0.0,False,0.0,False,0.0,False,0.0,False,0.0,False,0.0,False,0.0,6-10人気,5-10倍
202503030305,2025,4.0,12.0,11.0,10.1,47.3,34.1,False,0.0,False,0.0,False,0.0,False,0.0,False,0.0,False,0.0,False,0.0,3-5人気,10-20倍
202503030306,2025,2.0,6.0,8.0,5.6,9.7,15.6,True,5.6,True,1.8666666666666665,False,0.0,False,0.0,False,0.0,False,0.0,False,0.0,1-2人気,5-10倍
202503030307,2025,8.0,11.0,2.0,12.5,22.5,6.0,False,0.0,False,0.0,False,0.0,False,0.0,False,0.0,False,0.0,False,0.0,6-10人気,10-20倍
202503030308,2025,1.0,5.0,13.0,2.4,12.1,76.3,False,0.0,False,0.0,False,0.0,False,0.0,False,0.0,False,0.0,False,0.0,1-2人気,2-5倍
202503030309,2025,1.0,4.0,2.0,1.6,10.5,5.3,False,0.0,True,0.5333333333333333,True,4.033333333333333,False,0.0,False,0.0,False,0.0,False,0.0,1-2人気,1-2倍
202503030310,2025,13.0,3.0,7.0,85.9,5.0,17.1,False,0.0,False,0.0,False,0.0,False,0.0,False,0.0,False,0.0,False,0.0,11人気以下,50倍以上
202503030311,2025,8.0,10.0,2.0,19.7,66.9,5.9,False,0.0,False,0.0,False,0.0,False,0.0,False,0.0,False,0.0,False,0.0,6-10人気,10-20倍
202503030312,2025,2.0,1.0,4.0,4.6,4.0,8.0,False,0.0,False,0.0,False,0.0,False,0.0,False,0.0,False,0.0,False,0.0,1-2人気,2-5倍
202503030401,2025,8.0,2.0,1.0,32.8,3.5,2.2,False,0.0,False,0.0,False,0.0,False,0.0,False,0.0,False,0.0,False,0.0,6-10人気,20-50倍
202503030402,2025,9.0,3.0,2.0,28.8,5.8,4.6,False,0.0,False,0.0,False,0.0,False,0.0,False,0.0,False,0.0,False,0.0,6-10人気,20-50倍
202503030403,2025,5.0,8.0,12.0,12.7,16.8,38.8,False,0.0,False,0.0,False,0.0,False,0.0,False,0.0,False,0.0,False,0.0,3-5人気,10-20倍
202503030404,2025,2.0,5.0,3.0,8.2,25.4,9.0,False,0.0,False,0.0,False,0.0,False,0.0,False,0.0,False,0.0,False,0.0,1-2人気,5-10倍
202503030405,2025,4.0,2.0,3.0,6.5,4.8,6.1,False,0.0,True,2.1666666666666665,False,0.0,False,0.0,False,0.0,False,0.0,False,0.0,3-5人気,5-10倍
202503030406,2025,2.0,11.0,3.0,4.3,58.4,6.5,False,0.0,True,1.4333333333333333,False,0.0,False,0.0,False,0.0,False,0.0,False,0.0,1-2人気,2-5倍
202503030407,2025,2.0,3.0,11.0,4.2,5.7,28.8,False,0.0,False,0.0,False,0.0,False,0.0,False,0.0,False,0.0,False,0.0,1-2人気,2-5倍
202503030408,2025,11.0,13.0,2.0,31.1,53.5,7.3,False,0.0,False,0.0,False,0.0,False,0.0,False,0.0,False,0.0,False,0.0,11人気以下,20-50倍
202503030409,2025,7.0,1.0,15.0,17.9,2.7,54.8,False,0.0,False,0.0,False,0.0,False,0.0,False,0.0,False,0.0,False,0.0,6-10人気,10-20倍
202503030410,2025,11.0,6.0,3.0,43.5,8.4,7.5,False,0.0,False,0.0,False,0.0,False,0.0,False,0.0,False,0.0,False,0.0,11人気以下,20-50倍
202503030411,2025,6.0,2.0,11.0,11.8,5.7,19.3,False,0.0,False,0.0,False,0.0,False,0.0,False,0.0,False,0.0,False,0.0,6-10人気,10-20倍
202503030412,2025,9.0,2.0,8.0,24.0,4.0,16.7,False,0.0,False,0.0,False,0.0,False,0.0,False,0.0,False,0.0,False,0.0,6-10人気,20-50倍
202503030501,2025,2.0,1.0,3.0,2.6,2.5,6.9,True,2.6,True,0.8666666666666667,False,0.0,False,0.0,False,0.0,False,0.0,False,0.0,1-2人気,2-5倍
202503030502,2025,2.0,5.0,1.0,5.0,10.3,2.4,False,0.0,False,0.0,False,0.0,False,0.0,False,0.0,False,0.0,False,0.0,1-2人気,2-5倍
202503030503,2025,1.0,5.0,2.0,3.0,9.5,3.0,True,3.0,True,1.0,False,0.0,False,0.0,False,0.0,False,0.0,False,0.0,1-2人気,2-5倍
202503030504,2025,1.0,3.0,2.0,1.8,8.9,5.1,True,1.8,True,0.6,False,0.0,False,0.0,False,0.0,False,0.0,False,0.0,1-2人気,1-2倍
202503030505,2025,7.0,1.0,11.0,20.0,1.7,79.5,False,0.0,False,0.0,False,0.0,False,0.0,False,0.0,False,0.0,False,0.0,6-10人気,10-20倍
202503030506,2025,1.0,5.0,3.0,2.4,13.0,6.0,True,2.4,True,0.7999999999999999,False,0.0,False,0.0,False,0.0,False,0.0,False,0.0,1-2人気,2-5倍
202503030507,2025,3.0,8.0,6.0,6.1,12.6,10.6,False,0.0,False,0.0,False,0.0,False,0.0,False,0.0,False,0.0,False,0.0,3-5人気,5-10倍
202503030508,2025,1.0,9.0,5.0,2.5,31.7,14.9,False,0.0,True,0.8333333333333334,False,0.0,False,0.0,False,0.0,False,0.0,False,0.0,1-2人気,2-5倍
202503030509,2025,2.0,3.0,1.0,3.3,5.0,3.2,False,0.0,True,1.0999999999999999,False,0.0,False,0.0,False,0.0,False,0.0,False,0.0,1-2人気,2-5倍
202503030510,2025,1.0,14.0,4.0,1.5,183.3,11.0,False,0.0,True,0.5,False,0.0,False,0.0,False,0.0,False,0.0,False,0.0,1-2人気,1-2倍
202503030511,2025,11.0,9.0,2.0,33.7,23.6,3.9,False,0.0,False,0.0,False,0.0,False,0.0,False,0.0,False,0.0,False,0.0,11人気以下,20-50倍
202503030512,2025,2.0,9.0,6.0,5.3,19.6,14.1,False,0.0,False,0.0,False,0.0,False,0.0,False,0.0,False,0.0,False,0.0,1-2人気,5-10倍
202503030601,2025,4.0,1.0,6.0,5.7,2.1,17.9,False,0.0,True,1.9000000000000001,True,2.6,False,0.0,False,0.0,False,0.0,False,0.0,3-5人気,5-10倍
202503030602,2025,2.0,6.0,12.0,4.2,14.6,70.5,False,0.0,True,1.4000000000000001,False,0.0,False,0.0,False,0.0,False,0.0,False,0.0,1-2人気,2-5倍
202503030603,2025,1.0,7.0,4.0,2.7,14.5,6.9,False,0.0,True,0.9,False,0.0,False,0.0,False,0.0,False,0.0,False,0.0,1-2人気,2-5倍
202503030604,2025,1.0,3.0,2.0,1.8,7.3,4.4,True,1.8,True,0.6,False,0.0,False,0.0,False,0.0,False,0.0,False,0.0,1-2人気,1-2倍
202503030605,2025,3.0,2.0,6.0,4.9,4.4,17.2,False,0.0,False,0.0,False,0.0,False,0.0,False,0.0,False,0.0,False,0.0,3-5人気,2-5倍
202503030606,2025,2.0,6.0,14.0,6.3,9.8,41.5,False,0.0,False,0.0,False,0.0,False,0.0,False,0.0,False,0.0,False,0.0,1-2人気,5-10倍
202503030607,2025,5.0,3.0,7.0,8.4,6.3,16.3,False,0.0,False,0.0,False,0.0,False,0.0,False,0.0,False,0.0,False,0.0,3-5人気,5-10倍
202503030608,2025,5.0,2.0,1.0,7.6,4.4,4.1,False,0.0,False,0.0,False,0.0,False,0.0,False,0.0,False,0.0,False,0.0,3-5人気,5-10倍
202503030609,2025,2.0,1.0,13.0,4.5,3.0,45.9,False,0.0,False,0.0,False,0.0,False,0.0,False,0.0,False,0.0,False,0.0,1-2人気,2-5倍
202503030610,2025,6.0,1.0,4.0,12.1,2.8,8.9,False,0.0,False,0.0,False,0.0,False,0.0,False,0.0,False,0.0,False,0.0,6-10人気,10-20倍
202503030611,2025,13.0,3.0,12.0,73.2,8.6,50.7,False,0.0,False,0.0,False,0.0,False,0.0,False,0.0,False,0.0,False,0.0,11人気以下,50倍以上
202503030612,2025,3.0,1.0,2.0,5.9,3.6,4.0,False,0.0,False,0.0,False,0.0,False,0.0,False,0.0,False,0.0,False,0.0,3-5人気,5-10倍
202504010101,2025,3.0,1.0,2.0,7.0,1.8,6.7,False,0.0,False,0.0,False,0.0,False,0.0,False,0.0,False,0.0,False,0.0,3-5人気,5-10倍
202504010102,2025,2.0,1.0,3.0,3.6,2.8,7.4,False,0.0,False,0.0,False,0.0,False,0.0,False,0.0,False,0.0,False,0.0,1-2人気,2-5倍
202504010103,2025,3.0,1.0,2.0,6.7,1.8,4.9,False,0.0,True,2.2333333333333334,True,2.8333333333333335,False,0.0,False,0.0,False,0.0,False,0.0,3-5人気,5-10倍
202504010104,2025,5.0,11.0,3.0,8.9,35.6,6.4,False,0.0,False,0.0,False,0.0,False,0.0,False,0.0,False,0.0,False,0.0,3-5人気,5-10倍
202504010105,2025,4.0,1.0,2.0,7.4,2.4,5.7,False,0.0,True,2.466666666666667,False,0.0,False,0.0,False,0.0,False,0.0,False,0.0,3-5人気,5-10倍
202504010106,2025,10.0,2.0,1.0,24.1,4.0,3.8,False,0.0,False,0.0,False,0.0,False,0.0,False,0.0,False,0.0,False,0.0,6-10人気,20-50倍
202504010107,2025,2.0,3.0,7.0,3.1,5.3,37.4,False,0.0,True,1.0333333333333334,True,2.8000000000000003,False,0.0,False,0.0,False,0.0,False,0.0,1-2人気,2-5倍
202504010108,2025,2.0,8.0,6.0,4.0,34.7,9.7,False,0.0,True,1.3333333333333333,False,0.0,False,0.0,False,0.0,False,0.0,False,0.0,1-2人気,2-5倍
202504010109,2025,2.0,10.0,1.0,5.1,24.8,2.8,False,0.0,True,1.7,False,0.0,False,0.0,False,0.0,False,0.0,False,0.0,1-2人気,5-10倍
202504010110,2025,6.0,8.0,4.0,10.5,22.2,7.6,False,0.0,False,0.0,False,0.0,False,0.0,False,0.0,False,0.0,False,0.0,6-10人気,10-20倍
202504010111,2025,2.0,11.0,4.0,5.1,37.5,7.4,False,0.0,True,1.7,False,0.0,False,0.0,False,0.0,False,0.0,False,0.0,1-2人気,5-10倍
202504010112,2025,10.0,3.0,11.0,35.1,7.2,48.4,False,0.0,False,0.0,False,0.0,False,0.0,False,0.0,False,0.0,False,0.0,6-10人気,20-50倍
202504010201,2025,11.0,4.0,3.0,119.9,7.1,6.3,False,0.0,False,0.0,False,0.0,False,0.0,False,0.0,False,0.0,False,0.0,11人気以下,50倍以上
202504010202,2025,3.0,6.0,5.0,5.8,11.3,11.2,False,0.0,True,1.9333333333333333,False,0.0,False,0.0,False,0.0,False,0.0,False,0.0,3-5人気,5-10倍
202504010203,2025,1.0,2.0,6.0,3.2,4.7,9.5,False,0.0,True,1.0666666666666667,False,0.0,False,0.0,False,0.0,False,0.0,False,0.0,1-2人気,2-5倍
202504010204,2025,2.0,7.0,1.0,3.2,17.3,3.0,True,3.2,True,1.0666666666666667,False,0.0,False,0.0,False,0.0,False,0.0,False,0.0,1-2人気,2-5倍
202504010205,2025,1.0,4.0,2.0,2.6,7.9,4.4,False,0.0,True,0.8666666666666667,False,0.0,False,0.0,False,0.0,False,0.0,False,0.0,1-2人気,2-5倍
202504010206,2025,9.0,8.0,3.0,56.2,27.6,5.8,False,0.0,False,0.0,False,0.0,False,0.0,False,0.0,False,0.0,False,0.0,6-10人気,50倍以上
202504010207,2025,2.0,11.0,6.0,5.1,91.0,26.0,False,0.0,True,1.7,False,0.0,False,0.0,False,0.0,False,0.0,False,0.0,1-2人気,5-10倍
202504010208,2025,1.0,3.0,7.0,2.3,5.3,22.6,True,2.3,True,0.7666666666666666,True,2.533333333333333,False,0.0,False,0.0,False,0.0,False,0.0,1-2人気,2-5倍
202504010209,2025,7.0,4.0,8.0,14.2,5.9,25.7,True,14.2,True,4.733333333333333,True,6.7,True,8.378,True,16.756,False,0.0,False,0.0,6-10人気,10-20倍
202504010210,2025,4.0,6.0,1.0,14.8,16.0,2.2,False,0.0,False,0.0,False,0.0,False,0.0,False,0.0,False,0.0,False,0.0,3-5人気,10-20倍
202504010211,2025,3.0,13.0,4.0,5.2,50.1,10.2,False,0.0,False,0.0,False,0.0,False,0.0,False,0.0,False,0.0,False,0.0,3-5人気,5-10倍
202504010212,2025,4.0,2.0,1.0,6.8,4.8,2.6,False,0.0,False,0.0,False,0.0,False,0.0,False,0.0,False,0.0,False,0.0,3-5人気,5-10倍
202504010301,2025,2.0,4.0,3.0,5.2,8.4,6.9,False,0.0,True,1.7333333333333334,False,0.0,False,0.0,False,0.0,False,0.0,False,0.0,1-2人気,5-10倍
202504010302,2025,1.0,5.0,2.0,1.8,10.3,4.6,False,0.0,False,0.0,False,0.0,False,0.0,False,0.0,False,0.0,False,0.0,1-2人気,1-2倍
202504010303,2025,2.0,6.0,5.0,6.0,11.1,8.0,True,6.0,True,2.0,False,0.0,False,0.0,False,0.0,False,0.0,False,0.0,1-2人気,5-10倍
202504010304,2025,9.0,3.0,2.0,53.5,7.2,3.7,False,0.0,False,0.0,False,0.0,False,0.0,False,0.0,False,0.0,False,0.0,6-10人気,50倍以上
202504010305,2025,1.0,12.0,10.0,1.5,98.6,74.5,False,0.0,True,0.5,False,0.0,False,0.0,False,0.0,False,0.0,False,0.0,1-2人気,1-2倍
202504010306,2025,1.0,2.0,6.0,3.0,4.2,11.3,False,0.0,False,0.0,False,0.0,False,0.0,False,0.0,False,0.0,False,0.0,1-2人気,2-5倍
202504010307,2025,5.0,4.0,3.0,11.6,8.2,5.9,False,0.0,False,0.0,False,0.0,False,0.0,False,0.0,False,0.0,False,0.0,3-5人気,10-20倍
202504010308,2025,6.0,1.0,3.0,23.2,2.8,3.8,False,0.0,False,0.0,False,0.0,False,0.0,False,0.0,False,0.0,False,0.0,6-10人気,20-50倍
202504010309,2025,1.0,3.0,2.0,2.0,4.3,3.1,False,0.0,False,0.0,False,0.0,False,0.0,False,0.0,False,0.0,False,0.0,1-2人気,1-2倍
202504010310,2025,1.0,2.0,5.0,4.4,5.2,7.7,False,0.0,True,1.4666666666666668,False,0.0,False,0.0,False,0.0,False,0.0,False,0.0,1-2人気,2-5倍
202504010311,2025,8.0,2.0,12.0,22.7,4.1,50.0,False,0.0,False,0.0,False,0.0,False,0.0,False,0.0,False,0.0,False,0.0,6-10人気,20-50倍
202504010312,2025,3.0,5.0,9.0,5.2,9.7,15.6,False,0.0,False,0.0,False,0.0,False,0.0,False,0.0,False,0.0,False,0.0,3-5人気,5-10倍
202504010401,2025,2.0,1.0,12.0,3.6,3.5,89.2,False,0.0,True,1.2,False,0.0,False,0.0,False,0.0,False,0.0,False,0.0,1-2人気,2-5倍
202504010402,2025,4.0,8.0,2.0,6.9,36.3,4.1,False,0.0,True,2.3000000000000003,False,0.0,False,0.0,False,0.0,False,0.0,False,0.0,3-5人気,5-10倍
202504010403,2025,1.0,8.0,2.0,2.8,29.8,3.3,True,2.8,True,0.9333333333333332,False,0.0,False,0.0,False,0.0,False,0.0,False,0.0,1-2人気,2-5倍
202504010404,2025,8.0,1.0,7.0,13.1,3.2,12.6,False,0.0,False,0.0,False,0.0,False,0.0,False,0.0,False,0.0,False,0.0,6-10人気,10-20倍
202504010405,2025,1.0,10.0,3.0,3.6,42.2,4.5,False,0.0,False,0.0,False,0.0,False,0.0,False,0.0,False,0.0,False,0.0,1-2人気,2-5倍
202504010406,2025,1.0,2.0,6.0,1.9,4.0,18.1,True,1.9,True,0.6333333333333333,True,1.9666666666666668,False,0.0,False,0.0,True,4.585333333333334,False,0.0,1-2人気,1-2倍
202504010407,2025,1.0,2.0,3.0,3.3,4.6,5.6,False,0.0,False,0.0,False,0.0,False,0.0,False,0.0,False,0.0,False,0.0,1-2人気,2-5倍
202504010408,2025,1.0,6.0,2.0,3.6,18.6,3.9,False,0.0,False,0.0,False,0.0,False,0.0,False,0.0,False,0.0,False,0.0,1-2人気,2-5倍
202504010409,2025,3.0,5.0,8.0,6.4,7.3,19.4,False,0.0,False,0.0,False,0.0,False,0.0,False,0.0,False,0.0,False,0.0,3-5人気,5-10倍
202504010410,2025,11.0,3.0,5.0,33.7,5.8,7.3,False,0.0,False,0.0,False,0.0,False,0.0,False,0.0,False,0.0,False,0.0,11人気以下,20-50倍
202504010411,2025,2.0,1.0,4.0,6.5,2.7,9.0,False,0.0,False,0.0,False,0.0,False,0.0,False,0.0,False,0.0,False,0.0,1-2人気,5-10倍
202504010412,2025,8.0,4.0,7.0,16.0,8.0,14.1,False,0.0,False,0.0,False,0.0,False,0.0,False,0.0,False,0.0,False,0.0,6-10人気,10-20倍
202504010501,2025,1.0,2.0,3.0,2.5,4.9,5.1,False,0.0,True,0.8333333333333334,True,2.466666666666667,True,1.225,False,0.0,True,2.0825,False,0.0,1-2人気,2-5倍
202504010502,2025,2.0,1.0,9.0,3.1,2.9,54.3,False,0.0,False,0.0,False,0.0,False,0.0,False,0.0,False,0.0,False,0.0,1-2人気,2-5倍
202504010503,2025,1.0,2.0,5.0,2.7,3.8,9.7,False,0.0,True,0.9,False,0.0,False,0.0,False,0.0,False,0.0,False,0.0,1-2人気,2-5倍
202504010504,2025,1.0,3.0,4.0,1.5,7.4,8.2,True,1.5,True,0.5,True,2.966666666666667,True,1.11,True,2.22,False,0.0,False,0.0,1-2人気,1-2倍
202504010505,2025,2.0,3.0,8.0,4.3,8.0,14.5,False,0.0,False,0.0,False,0.0,False,0.0,False,0.0,False,0.0,False,0.0,1-2人気,2-5倍
202504010506,2025,2.0,3.0,9.0,4.4,5.2,27.8,False,0.0,False,0.0,False,0.0,False,0.0,False,0.0,False,0.0,False,0.0,1-2人気,2-5倍
202504010507,2025,1.0,2.0,5.0,2.6,4.0,8.6,True,2.6,True,0.8666666666666667,False,0.0,False,0.0,False,0.0,False,0.0,False,0.0,1-2人気,2-5倍
202504010508,2025,8.0,1.0,2.0,15.1,3.0,6.1,False,0.0,True,5.033333333333333,True,6.033333333333334,False,0.0,False,0.0,False,0.0,False,0.0,6-10人気,10-20倍
202504010509,2025,1.0,4.0,3.0,2.0,6.4,5.5,False,0.0,False,0.0,False,0.0,False,0.0,False,0.0,False,0.0,False,0.0,1-2人気,1-2倍
202504010510,2025,6.0,4.0,5.0,19.5,11.6,15.3,False,0.0,False,0.0,False,0.0,False,0.0,False,0.0,False,0.0,False,0.0,6-10人気,10-20倍
202504010511,2025,14.0,4.0,9.0,57.7,7.5,20.4,False,0.0,False,0.0,False,0.0,False,0.0,False,0.0,False,0.0,False,0.0,11人気以下,50倍以上
202504010512,2025,2.0,3.0,1.0,4.5,4.5,3.9,False,0.0,False,0.0,False,0.0,False,0.0,False,0.0,False,0.0,False,0.0,1-2人気,2-5倍
202504010601,2025,10.0,3.0,1.0,32.3,5.8,3.2,False,0.0,False,0.0,False,0.0,False,0.0,False,0.0,False,0.0,False,0.0,6-10人気,20-50倍
202504010602,2025,5.0,1.0,10.0,13.2,2.6,56.3,False,0.0,False,0.0,False,0.0,False,0.0,False,0.0,False,0.0,False,0.0,3-5人気,10-20倍
202504010603,2025,3.0,1.0,6.0,5.1,2.2,26.4,False,0.0,True,1.7,False,0.0,False,0.0,False,0.0,False,0.0,False,0.0,3-5人気,5-10倍
202504010604,2025,3.0,4.0,1.0,3.8,7.8,3.2,False,0.0,False,0.0,False,0.0,False,0.0,False,0.0,False,0.0,False,0.0,3-5人気,2-5倍
202504010605,2025,1.0,4.0,3.0,3.0,7.7,7.0,False,0.0,True,1.0,False,0.0,False,0.0,False,0.0,False,0.0,False,0.0,1-2人気,2-5倍
202504010606,2025,2.0,1.0,8.0,7.2,1.8,19.4,False,0.0,False,0.0,False,0.0,False,0.0,False,0.0,False,0.0,False,0.0,1-2人気,5-10倍
202504010607,2025,6.0,5.0,4.0,13.0,11.7,7.8,False,0.0,False,0.0,False,0.0,False,0.0,False,0.0,False,0.0,False,0.0,6-10人気,10-20倍
202504010608,2025,5.0,10.0,4.0,7.7,31.1,6.5,False,0.0,False,0.0,False,0.0,False,0.0,False,0.0,False,0.0,False,0.0,3-5人気,5-10倍
202504010609,2025,5.0,10.0,1.0,10.8,36.2,3.3,False,0.0,False,0.0,False,0.0,False,0.0,False,0.0,False,0.0,False,0.0,3-5人気,10-20倍
202504010610,2025,4.0,2.0,8.0,6.1,5.0,20.2,False,0.0,False,0.0,False,0.0,False,0.0,False,0.0,False,0.0,False,0.0,3-5人気,5-10倍
202504010611,2025,6.0,5.0,12.0,12.5,12.5,47.4,False,0.0,False,0.0,False,0.0,False,0.0,False,0.0,False,0.0,False,0.0,6-10人気,10-20倍
202504010612,2025,1.0,2.0,11.0,1.9,5.5,51.8,False,0.0,False,0.0,False,0.0,False,0.0,False,0.0,False,0.0,False,0.0,1-2人気,1-2倍
202504010701,2025,3.0,6.0,4.0,5.3,13.2,6.7,False,0.0,False,0.0,False,0.0,False,0.0,False,0.0,False,0.0,False,0.0,3-5人気,5-10倍
202504010702,2025,9.0,2.0,4.0,64.1,3.9,9.4,False,0.0,False,0.0,False,0.0,False,0.0,False,0.0,False,0.0,False,0.0,6-10人気,50倍以上
202504010703,2025,1.0,4.0,2.0,2.3,7.0,3.2,True,2.3,True,0.7666666666666666,False,0.0,False,0.0,False,0.0,False,0.0,False,0.0,1-2人気,2-5倍
202504010704,2025,3.0,1.0,2.0,7.2,2.0,3.3,False,0.0,True,2.4,True,3.0666666666666664,True,1.44,False,0.0,True,1.5839999999999999,False,0.0,3-5人気,5-10倍
202504010705,2025,6.0,2.0,4.0,9.8,4.8,5.8,False,0.0,False,0.0,False,0.0,False,0.0,False,0.0,False,0.0,False,0.0,6-10人気,5-10倍
202504010706,2025,1.0,3.0,5.0,3.6,6.2,8.7,False,0.0,False,0.0,False,0.0,False,0.0,False,0.0,False,0.0,False,0.0,1-2人気,2-5倍
202504010707,2025,1.0,2.0,4.0,4.8,5.2,7.2,False,0.0,True,1.5999999999999999,True,3.3333333333333335,False,0.0,False,0.0,False,0.0,False,0.0,1-2人気,2-5倍
202504010708,2025,10.0,8.0,6.0,33.9,25.8,12.3,False,0.0,False,0.0,False,0.0,False,0.0,False,0.0,False,0.0,False,0.0,6-10人気,20-50倍
202504010709,2025,2.0,1.0,8.0,2.9,2.5,34.3,False,0.0,False,0.0,False,0.0,False,0.0,False,0.0,False,0.0,False,0.0,1-2人気,2-5倍
202504010710,2025,5.0,1.0,2.0,9.4,4.1,4.3,False,0.0,True,3.1333333333333333,False,0.0,False,0.0,False,0.0,False,0.0,False,0.0,3-5人気,5-10倍
202504010711,2025,8.0,4.0,16.0,21.6,13.4,274.1,False,0.0,False,0.0,False,0.0,False,0.0,False,0.0,False,0.0,False,0.0,6-10人気,20-50倍
202504010712,2025,1.0,4.0,10.0,2.1,11.1,38.3,False,0.0,False,0.0,False,0.0,False,0.0,False,0.0,False,0.0,False,0.0,1-2人気,2-5倍
202504010801,2025,5.0,6.0,2.0,7.2,9.6,5.5,False,0.0,False,0.0,False,0.0,False,0.0,False,0.0,False,0.0,False,0.0,3-5人気,5-10倍
202504010802,2025,3.0,6.0,2.0,5.4,16.7,3.3,False,0.0,False,0.0,False,0.0,False,0.0,False,0.0,False,0.0,False,0.0,3-5人気,5-10倍
202504010803,2025,5.0,3.0,6.0,12.0,6.3,15.2,False,0.0,False,0.0,False,0.0,False,0.0,False,0.0,False,0.0,False,0.0,3-5人気,10-20倍
202504010804,2025,1.0,5.0,8.0,1.5,12.2,38.4,False,0.0,True,0.5,False,0.0,False,0.0,False,0.0,False,0.0,False,0.0,1-2人気,1-2倍
202504010805,2025,1.0,2.0,3.0,3.3,3.9,4.7,False,0.0,True,1.0999999999999999,False,0.0,False,0.0,False,0.0,False,0.0,False,0.0,1-2人気,2-5倍
202504010806,2025,9.0,1.0,2.0,19.3,3.5,5.5,False,0.0,False,0.0,False,0.0,False,0.0,False,0.0,False,0.0,False,0.0,6-10人気,10-20倍
202504010807,2025,5.0,3.0,4.0,10.5,7.2,9.0,False,0.0,False,0.0,False,0.0,False,0.0,False,0.0,False,0.0,False,0.0,3-5人気,10-20倍
202504010808,2025,3.0,7.0,8.0,6.3,9.3,14.8,False,0.0,False,0.0,False,0.0,False,0.0,False,0.0,False,0.0,False,0.0,3-5人気,5-10倍
202504010809,2025,7.0,2.0,1.0,12.0,4.3,4.2,False,0.0,False,0.0,False,0.0,False,0.0,False,0.0,False,0.0,False,0.0,6-10人気,10-20倍
202504010810,2025,7.0,1.0,2.0,21.3,3.3,4.4,False,0.0,False,0.0,False,0.0,False,0.0,False,0.0,False,0.0,False,0.0,6-10人気,20-50倍
202504010811,2025,11.0,6.0,12.0,27.6,16.2,28.2,False,0.0,False,0.0,False,0.0,False,0.0,False,0.0,False,0.0,False,0.0,11人気以下,20-50倍
202504010812,2025,2.0,7.0,13.0,4.3,15.5,75.7,False,0.0,False,0.0,False,0.0,False,0.0,False,0.0,False,0.0,False,0.0,1-2人気,2-5倍
202504020101,2025,1.0,2.0,4.0,2.0,2.4,20.8,True,2.0,True,0.6666666666666666,True,1.4666666666666668,True,0.48,True,0.96,True,3.3280000000000003,True,9.984,1-2人気,1-2倍
202504020102,2025,1.0,2.0,3.0,2.9,3.3,4.2,False,0.0,False,0.0,False,0.0,False,0.0,False,0.0,False,0.0,False,0.0,1-2人気,2-5倍
202504020103,2025,1.0,4.0,7.0,3.2,6.5,16.6,True,3.2,True,1.0666666666666667,False,0.0,False,0.0,False,0.0,False,0.0,False,0.0,1-2人気,2-5倍
202504020104,2025,1.0,3.0,2.0,1.8,6.7,4.8,True,1.8,True,0.6,False,0.0,False,0.0,False,0.0,False,0.0,False,0.0,1-2人気,1-2倍
202504020105,2025,1.0,3.0,4.0,2.3,5.5,6.0,True,2.3,True,0.7666666666666666,True,2.6,False,0.0,False,0.0,True,2.53,False,0.0,1-2人気,2-5倍
202504020106,2025,1.0,9.0,10.0,3.1,37.0,38.2,True,3.1,True,1.0333333333333334,False,0.0,False,0.0,False,0.0,False,0.0,False,0.0,1-2人気,2-5倍
202504020107,2025,2.0,1.0,5.0,3.2,2.4,8.2,False,0.0,True,1.0666666666666667,True,1.8666666666666665,True,0.768,False,0.0,False,0.0,False,0.0,1-2人気,2-5倍
202504020108,2025,8.0,3.0,4.0,27.0,5.8,7.7,False,0.0,False,0.0,False,0.0,False,0.0,False,0.0,False,0.0,False,0.0,6-10人気,20-50倍
202504020109,2025,1.0,4.0,2.0,2.0,12.8,4.0,False,0.0,True,0.6666666666666666,True,4.933333333333334,False,0.0,False,0.0,False,0.0,False,0.0,1-2人気,1-2倍
202504020110,2025,3.0,2.0,1.0,12.2,3.7,1.8,False,0.0,False,0.0,False,0.0,False,0.0,False,0.0,False,0.0,False,0.0,3-5人気,10-20倍
202504020111,2025,1.0,2.0,4.0,2.5,3.6,9.8,False,0.0,False,0.0,False,0.0,False,0.0,False,0.0,False,0.0,False,0.0,1-2人気,2-5倍
202504020112,2025,1.0,2.0,5.0,1.7,4.4,13.3,False,0.0,False,0.0,False,0.0,False,0.0,False,0.0,False,0.0,False,0.0,1-2人気,1-2倍
202504020201,2025,1.0,5.0,2.0,1.1,50.8,12.2,True,1.1,True,0.3666666666666667,False,0.0,False,0.0,False,0.0,False,0.0,False,0.0,1-2人気,1-2倍
202504020202,2025,1.0,2.0,5.0,1.1,4.4,78.6,True,1.1,True,0.3666666666666667,True,1.8333333333333333,True,0.4840000000000001,True,0.9680000000000002,False,0.0,False,0.0,1-2人気,1-2倍
202504020203,2025,1.0,3.0,2.0,1.5,8.5,2.8,False,0.0,True,0.5,False,0.0,False,0.0,False,0.0,False,0.0,False,0.0,1-2人気,1-2倍
202504020204,2025,12.0,1.0,2.0,139.2,2.9,4.9,False,0.0,False,0.0,False,0.0,False,0.0,False,0.0,False,0.0,False,0.0,11人気以下,50倍以上
202504020205,2025,1.0,4.0,5.0,2.0,9.5,14.9,True,2.0,True,0.6666666666666666,False,0.0,False,0.0,False,0.0,False,0.0,False,0.0,1-2人気,1-2倍
202504020206,2025,3.0,1.0,5.0,10.0,1.7,13.3,False,0.0,False,0.0,False,0.0,False,0.0,False,0.0,False,0.0,False,0.0,3-5人気,5-10倍
202504020207,2025,1.0,3.0,11.0,4.4,6.5,39.1,True,4.4,True,1.4666666666666668,False,0.0,False,0.0,False,0.0,False,0.0,False,0.0,1-2人気,2-5倍
202504020208,2025,7.0,2.0,11.0,15.1,4.7,49.4,False,0.0,False,0.0,False,0.0,False,0.0,False,0.0,False,0.0,False,0.0,6-10人気,10-20倍
202504020209,2025,6.0,7.0,8.0,11.1,15.5,15.9,False,0.0,False,0.0,False,0.0,False,0.0,False,0.0,False,0.0,False,0.0,6-10人気,10-20倍
202504020210,2025,1.0,2.0,4.0,2.4,3.6,10.8,True,2.4,True,0.7999999999999999,False,0.0,False,0.0,False,0.0,False,0.0,False,0.0,1-2人気,2-5倍
202504020211,2025,1.0,2.0,8.0,2.8,4.4,24.0,False,0.0,True,0.9333333333333332,True,2.4,False,0.0,False,0.0,False,0.0,False,0.0,1-2人気,2-5倍
202504020212,2025,1.0,3.0,12.0,2.6,6.9,58.8,False,0.0,False,0.0,False,0.0,False,0.0,False,0.0,False,0.0,False,0.0,1-2人気,2-5倍
202504020301,2025,1.0,3.0,2.0,2.0,5.5,4.8,False,0.0,True,0.6666666666666666,False,0.0,False,0.0,False,0.0,False,0.0,False,0.0,1-2人気,1-2倍
202504020302,2025,4.0,8.0,2.0,6.0,21.9,4.3,True,6.0,True,2.0,False,0.0,False,0.0,False,0.0,False,0.0,False,0.0,3-5人気,5-10倍
202504020303,2025,1.0,2.0,7.0,2.3,3.5,12.9,False,0.0,False,0.0,False,0.0,False,0.0,False,0.0,False,0.0,False,0.0,1-2人気,2-5倍
202504020304,2025,2.0,3.0,7.0,2.9,4.6,19.3,False,0.0,True,0.9666666666666667,True,2.5,True,1.3339999999999999,False,0.0,False,0.0,False,0.0,1-2人気,2-5倍
202504020305,2025,3.0,2.0,1.0,4.3,4.1,2.8,False,0.0,False,0.0,False,0.0,False,0.0,False,0.0,False,0.0,False,0.0,3-5人気,2-5倍
202504020306,2025,5.0,1.0,3.0,7.6,2.6,5.7,False,0.0,False,0.0,False,0.0,False,0.0,False,0.0,False,0.0,False,0.0,3-5人気,5-10倍
202504020307,2025,2.0,10.0,4.0,5.4,58.6,10.5,False,0.0,True,1.8,False,0.0,False,0.0,False,0.0,False,0.0,False,0.0,1-2人気,5-10倍
202504020308,2025,1.0,11.0,4.0,3.3,90.4,6.9,False,0.0,True,1.0999999999999999,False,0.0,False,0.0,False,0.0,False,0.0,False,0.0,1-2人気,2-5倍
202504020309,2025,1.0,2.0,4.0,2.9,3.1,6.2,False,0.0,True,0.9666666666666667,False,0.0,False,0.0,False,0.0,False,0.0,False,0.0,1-2人気,2-5倍
202504020310,2025,4.0,3.0,2.0,6.6,6.1,5.8,False,0.0,True,2.1999999999999997,False,0.0,False,0.0,False,0.0,False,0.0,False,0.0,3-5人気,5-10倍
202504020311,2025,1.0,3.0,5.0,2.7,5.2,8.3,False,0.0,True,0.9,False,0.0,False,0.0,False,0.0,False,0.0,False,0.0,1-2人気,2-5倍
202504020312,2025,1.0,3.0,2.0,1.9,5.3,4.6,False,0.0,False,0.0,False,0.0,False,0.0,False,0.0,False,0.0,False,0.0,1-2人気,1-2倍
202504020401,2025,1.0,5.0,4.0,2.5,10.3,9.0,False,0.0,False,0.0,False,0.0,False,0.0,False,0.0,False,0.0,False,0.0,1-2人気,2-5倍
202504020402,2025,3.0,1.0,10.0,5.2,2.5,50.1,True,5.2,True,1.7333333333333334,True,2.566666666666667,True,1.3,True,2.6,False,0.0,False,0.0,3-5人気,5-10倍
202504020403,2025,1.0,2.0,3.0,1.5,2.8,4.9,False,0.0,True,0.5,True,1.4333333333333333,False,0.0,False,0.0,True,0.6859999999999999,False,0.0,1-2人気,1-2倍
202504020404,2025,1.0,4.0,2.0,1.5,9.3,5.5,True,1.5,True,0.5,False,0.0,False,0.0,False,0.0,False,0.0,False,0.0,1-2人気,1-2倍
202504020405,2025,4.0,5.0,3.0,5.7,6.8,5.4,False,0.0,False,0.0,False,0.0,False,0.0,False,0.0,False,0.0,False,0.0,3-5人気,5-10倍
202504020406,2025,1.0,3.0,2.0,2.0,4.9,2.0,False,0.0,True,0.6666666666666666,True,2.3000000000000003,False,0.0,False,0.0,True,0.6533333333333334,False,0.0,1-2人気,1-2倍
202504020407,2025,7.0,14.0,4.0,20.4,90.5,8.0,False,0.0,False,0.0,False,0.0,False,0.0,False,0.0,False,0.0,False,0.0,6-10人気,20-50倍
202504020408,2025,3.0,1.0,5.0,4.3,2.2,12.6,False,0.0,False,0.0,False,0.0,False,0.0,False,0.0,False,0.0,False,0.0,3-5人気,2-5倍
202504020409,2025,1.0,2.0,6.0,1.8,4.5,22.7,True,1.8,True,0.6,False,0.0,False,0.0,False,0.0,False,0.0,False,0.0,1-2人気,1-2倍
202504020410,2025,5.0,3.0,1.0,15.9,7.1,2.2,False,0.0,False,0.0,False,0.0,False,0.0,False,0.0,False,0.0,False,0.0,3-5人気,10-20倍
202504020411,2025,1.0,4.0,2.0,2.9,6.7,3.6,False,0.0,True,0.9666666666666667,False,0.0,False,0.0,False,0.0,False,0.0,False,0.0,1-2人気,2-5倍
202504020412,2025,3.0,2.0,1.0,4.7,3.2,2.8,False,0.0,False,0.0,False,0.0,False,0.0,False,0.0,False,0.0,False,0.0,3-5人気,2-5倍
202504020501,2025,1.0,2.0,4.0,1.9,2.8,15.5,True,1.9,True,0.6333333333333333,True,1.5666666666666664,True,0.5319999999999999,True,1.0639999999999998,False,0.0,False,0.0,1-2人気,1-2倍
202504020502,2025,1.0,3.0,2.0,1.5,11.5,2.8,True,1.5,True,0.5,False,0.0,False,0.0,False,0.0,False,0.0,False,0.0,1-2人気,1-2倍
202504020503,2025,2.0,1.0,6.0,4.0,2.5,14.9,False,0.0,False,0.0,False,0.0,False,0.0,False,0.0,False,0.0,False,0.0,1-2人気,2-5倍
202504020504,2025,1.0,5.0,2.0,1.6,20.3,4.2,True,1.6,True,0.5333333333333333,False,0.0,False,0.0,False,0.0,False,0.0,False,0.0,1-2人気,1-2倍
202504020505,2025,8.0,4.0,13.0,19.1,8.1,85.8,False,0.0,False,0.0,False,0.0,False,0.0,False,0.0,False,0.0,False,0.0,6-10人気,10-20倍
202504020506,2025,12.0,8.0,2.0,57.0,22.9,5.0,False,0.0,False,0.0,False,0.0,False,0.0,False,0.0,False,0.0,False,0.0,11人気以下,50倍以上
202504020507,2025,2.0,3.0,1.0,3.4,5.4,2.9,True,3.4,True,1.1333333333333333,False,0.0,False,0.0,False,0.0,False,0.0,False,0.0,1-2人気,2-5倍
202504020508,2025,5.0,6.0,3.0,7.6,12.1,5.1,False,0.0,False,0.0,False,0.0,False,0.0,False,0.0,False,0.0,False,0.0,3-5人気,5-10倍
202504020509,2025,1.0,2.0,11.0,2.2,5.7,36.1,False,0.0,True,0.7333333333333334,True,2.6333333333333333,True,1.254,False,0.0,False,0.0,False,0.0,1-2人気,2-5倍
202504020510,2025,7.0,5.0,8.0,14.0,12.1,26.8,False,0.0,False,0.0,False,0.0,False,0.0,False,0.0,False,0.0,False,0.0,6-10人気,10-20倍
202504020511,2025,4.0,1.0,6.0,7.3,3.9,10.8,True,7.3,True,2.433333333333333,True,3.733333333333333,False,0.0,False,0.0,False,0.0,False,0.0,3-5人気,5-10倍
202504020512,2025,2.0,9.0,6.0,4.7,20.7,12.7,False,0.0,False,0.0,False,0.0,False,0.0,False,0.0,False,0.0,False,0.0,1-2人気,2-5倍
202504020601,2025,1.0,2.0,12.0,2.5,5.2,63.5,False,0.0,False,0.0,False,0.0,False,0.0,False,0.0,False,0.0,False,0.0,1-2人気,2-5倍
202504020602,2025,2.0,1.0,3.0,3.4,2.2,7.4,False,0.0,True,1.1333333333333333,True,1.8666666666666665,True,0.748,False,0.0,False,0.0,False,0.0,1-2人気,2-5倍
202504020603,2025,1.0,6.0,4.0,1.4,21.2,15.1,False,0.0,True,0.4666666666666666,False,0.0,False,0.0,False,0.0,False,0.0,False,0.0,1-2人気,1-2倍
202504020604,2025,2.0,1.0,5.0,2.8,2.4,14.6,False,0.0,False,0.0,False,0.0,False,0.0,False,0.0,False,0.0,False,0.0,1-2人気,2-5倍
202504020605,2025,3.0,5.0,1.0,4.4,8.8,3.5,False,0.0,False,0.0,False,0.0,False,0.0,False,0.0,False,0.0,False,0.0,3-5人気,2-5倍
202504020606,2025,1.0,5.0,2.0,3.0,8.8,4.0,True,3.0,True,1.0,False,0.0,False,0.0,False,0.0,False,0.0,False,0.0,1-2人気,2-5倍
202504020607,2025,3.0,6.0,4.0,5.5,9.3,6.3,False,0.0,False,0.0,False,0.0,False,0.0,False,0.0,False,0.0,False,0.0,3-5人気,5-10倍
202504020608,2025,1.0,5.0,3.0,1.9,18.8,4.8,True,1.9,True,0.6333333333333333,False,0.0,False,0.0,False,0.0,False,0.0,False,0.0,1-2人気,1-2倍
202504020609,2025,3.0,1.0,4.0,4.8,3.0,5.5,True,4.8,True,1.5999999999999999,False,0.0,False,0.0,False,0.0,False,0.0,False,0.0,3-5人気,2-5倍
202504020610,2025,1.0,2.0,3.0,1.9,5.2,6.8,False,0.0,False,0.0,False,0.0,False,0.0,False,0.0,False,0.0,False,0.0,1-2人気,1-2倍
202504020611,2025,1.0,2.0,7.0,2.2,4.2,19.9,False,0.0,False,0.0,False,0.0,False,0.0,False,0.0,False,0.0,False,0.0,1-2人気,2-5倍
202504020612,2025,2.0,1.0,13.0,4.8,4.7,34.1,False,0.0,False,0.0,False,0.0,False,0.0,False,0.0,False,0.0,False,0.0,1-2人気,2-5倍
202504020701,2025,1.0,2.0,3.0,1.5,4.4,6.3,True,1.5,True,0.5,False,0.0,False,0.0,False,0.0,False,0.0,False,0.0,1-2人気,1-2倍
202504020702,2025,1.0,2.0,5.0,3.0,3.4,9.8,True,3.0,True,1.0,True,2.1333333333333333,False,0.0,False,0.0,False,0.0,False,0.0,1-2人気,2-5倍
202504020703,2025,3.0,2.0,1.0,4.3,3.8,3.5,True,4.3,True,1.4333333333333333,False,0.0,False,0.0,False,0.0,False,0.0,False,0.0,3-5人気,2-5倍
202504020704,2025,1.0,4.0,7.0,1.2,16.3,35.6,True,1.2,True,0.39999999999999997,False,0.0,False,0.0,False,0.0,False,0.0,False,0.0,1-2人気,1-2倍
202504020705,2025,6.0,5.0,4.0,13.1,5.9,5.9,False,0.0,False,0.0,False,0.0,False,0.0,False,0.0,False,0.0,False,0.0,6-10人気,10-20倍
202504020706,2025,4.0,1.0,3.0,15.8,2.2,4.8,False,0.0,True,5.266666666666667,True,6.0,False,0.0,False,0.0,False,0.0,False,0.0,3-5人気,10-20倍
202504020707,2025,5.0,3.0,6.0,7.3,6.5,7.6,False,0.0,False,0.0,False,0.0,False,0.0,False,0.0,False,0.0,False,0.0,3-5人気,5-10倍
202504020708,2025,1.0,6.0,5.0,1.6,19.5,15.3,True,1.6,True,0.5333333333333333,True,7.033333333333334,False,0.0,False,0.0,True,15.912000000000003,False,0.0,1-2人気,1-2倍
202504020709,2025,9.0,2.0,3.0,39.3,3.6,6.1,False,0.0,False,0.0,False,0.0,False,0.0,False,0.0,False,0.0,False,0.0,6-10人気,20-50倍
202504020710,2025,2.0,1.0,4.0,3.6,2.4,10.1,False,0.0,True,1.2,True,2.0,True,0.8640000000000001,False,0.0,False,0.0,False,0.0,1-2人気,2-5倍
202504020711,2025,2.0,6.0,9.0,4.8,10.7,30.5,False,0.0,False,0.0,False,0.0,False,0.0,False,0.0,False,0.0,False,0.0,1-2人気,2-5倍
202504020712,2025,1.0,2.0,4.0,1.9,7.0,7.9,False,0.0,False,0.0,False,0.0,False,0.0,False,0.0,False,0.0,False,0.0,1-2人気,1-2倍
202504020801,2025,2.0,4.0,5.0,4.5,7.8,11.3,False,0.0,False,0.0,False,0.0,False,0.0,False,0.0,False,0.0,False,0.0,1-2人気,2-5倍
202504020802,2025,7.0,1.0,3.0,17.8,3.2,4.7,False,0.0,False,0.0,False,0.0,False,0.0,False,0.0,False,0.0,False,0.0,6-10人気,10-20倍
202504020803,2025,1.0,3.0,2.0,1.2,7.5,6.7,True,1.2,True,0.39999999999999997,False,0.0,False,0.0,False,0.0,False,0.0,False,0.0,1-2人気,1-2倍
202504020804,2025,2.0,3.0,4.0,3.1,7.1,7.7,False,0.0,True,1.0333333333333334,False,0.0,False,0.0,False,0.0,False,0.0,False,0.0,1-2人気,2-5倍
202504020805,2025,1.0,2.0,5.0,2.1,3.0,17.3,True,2.1,True,0.7000000000000001,True,1.7,False,0.0,False,0.0,False,0.0,False,0.0,1-2人気,2-5倍
202504020806,2025,1.0,10.0,7.0,2.2,33.7,18.0,True,2.2,True,0.7333333333333334,False,0.0,False,0.0,False,0.0,False,0.0,False,0.0,1-2人気,2-5倍
202504020807,2025,8.0,1.0,2.0,15.2,3.7,5.1,False,0.0,False,0.0,False,0.0,False,0.0,False,0.0,False,0.0,False,0.0,6-10人気,10-20倍
202504020808,2025,3.0,1.0,5.0,7.5,1.5,26.5,False,0.0,False,0.0,False,0.0,False,0.0,False,0.0,False,0.0,False,0.0,3-5人気,5-10倍
202504020809,2025,5.0,10.0,8.0,14.2,86.8,51.5,False,0.0,False,0.0,False,0.0,False,0.0,False,0.0,False,0.0,False,0.0,3-5人気,10-20倍
202504020810,2025,1.0,2.0,9.0,1.8,2.5,110.2,False,0.0,True,0.6,True,1.4333333333333333,True,0.45,False,0.0,False,0.0,False,0.0,1-2人気,1-2倍
202504020811,2025,2.0,4.0,3.0,3.8,6.8,5.9,False,0.0,False,0.0,False,0.0,False,0.0,False,0.0,False,0.0,False,0.0,1-2人気,2-5倍
202504020812,2025,1.0,2.0,5.0,2.7,3.1,10.2,False,0.0,True,0.9,False,0.0,False,0.0,False,0.0,False,0.0,False,0.0,1-2人気,2-5倍
202504030101,2025,1.0,2.0,3.0,1.5,3.0,5.6,True,1.5,True,0.5,False,0.0,False,0.0,False,0.0,False,0.0,False,0.0,1-2人気,1-2倍
202504030102,2025,3.0,2.0,5.0,9.0,4.0,11.0,False,0.0,False,0.0,False,0.0,False,0.0,False,0.0,False,0.0,False,0.0,3-5人気,5-10倍
202504030103,2025,6.0,2.0,1.0,19.5,3.7,2.6,False,0.0,False,0.0,False,0.0,False,0.0,False,0.0,False,0.0,False,0.0,6-10人気,10-20倍
202504030104,2025,1.0,2.0,4.0,1.9,2.3,16.7,False,0.0,True,0.6333333333333333,True,1.3999999999999997,True,0.43699999999999994,False,0.0,True,2.432633333333333,False,0.0,1-2人気,1-2倍
202504030105,2025,5.0,1.0,8.0,8.6,3.9,16.6,True,8.6,True,2.8666666666666667,True,4.166666666666667,True,3.354,True,6.708,False,0.0,False,0.0,3-5人気,5-10倍
202504030106,2025,3.0,7.0,6.0,5.5,15.5,11.2,False,0.0,False,0.0,False,0.0,False,0.0,False,0.0,False,0.0,False,0.0,3-5人気,5-10倍
202504030107,2025,7.0,2.0,3.0,44.1,2.8,4.2,False,0.0,False,0.0,False,0.0,False,0.0,False,0.0,False,0.0,False,0.0,6-10人気,20-50倍
202504030108,2025,5.0,7.0,1.0,9.3,16.8,2.7,False,0.0,False,0.0,False,0.0,False,0.0,False,0.0,False,0.0,False,0.0,3-5人気,5-10倍
202504030109,2025,5.0,2.0,6.0,9.6,7.7,21.4,False,0.0,True,3.1999999999999997,True,5.766666666666667,False,0.0,False,0.0,False,0.0,False,0.0,3-5人気,5-10倍
202504030110,2025,7.0,9.0,6.0,11.6,12.8,11.5,False,0.0,False,0.0,False,0.0,False,0.0,False,0.0,False,0.0,False,0.0,6-10人気,10-20倍
202504030111,2025,3.0,2.0,8.0,4.8,4.1,19.7,False,0.0,False,0.0,False,0.0,False,0.0,False,0.0,False,0.0,False,0.0,3-5人気,2-5倍
202504030112,2025,4.0,5.0,7.0,8.3,8.7,24.8,False,0.0,False,0.0,False,0.0,False,0.0,False,0.0,False,0.0,False,0.0,3-5人気,5-10倍
202504030201,2025,1.0,3.0,2.0,1.1,13.4,6.5,False,0.0,False,0.0,False,0.0,False,0.0,False,0.0,False,0.0,False,0.0,1-2人気,1-2倍
202504030202,2025,3.0,1.0,2.0,4.3,2.5,3.4,True,4.3,True,1.4333333333333333,True,2.2666666666666666,True,1.075,True,2.15,False,0.0,False,0.0,3-5人気,2-5倍
202504030203,2025,2.0,4.0,1.0,4.4,5.3,3.7,False,0.0,True,1.4666666666666668,False,0.0,False,0.0,False,0.0,False,0.0,False,0.0,1-2人気,2-5倍
202504030204,2025,6.0,5.0,1.0,9.6,8.2,3.0,False,0.0,False,0.0,False,0.0,False,0.0,False,0.0,False,0.0,False,0.0,6-10人気,5-10倍
202504030205,2025,14.0,3.0,12.0,78.8,6.3,56.6,False,0.0,False,0.0,False,0.0,False,0.0,False,0.0,False,0.0,False,0.0,11人気以下,50倍以上
202504030206,2025,5.0,2.0,6.0,7.0,5.0,8.2,False,0.0,False,0.0,False,0.0,False,0.0,False,0.0,False,0.0,False,0.0,3-5人気,5-10倍
202504030207,2025,3.0,11.0,8.0,6.1,36.1,22.6,False,0.0,False,0.0,False,0.0,False,0.0,False,0.0,False,0.0,False,0.0,3-5人気,5-10倍
202504030208,2025,3.0,1.0,5.0,4.5,3.8,7.6,False,0.0,False,0.0,False,0.0,False,0.0,False,0.0,False,0.0,False,0.0,3-5人気,2-5倍
202504030209,2025,11.0,9.0,3.0,35.3,19.6,8.4,False,0.0,False,0.0,False,0.0,False,0.0,False,0.0,False,0.0,False,0.0,11人気以下,20-50倍
202504030210,2025,1.0,7.0,8.0,3.5,17.0,17.2,False,0.0,True,1.1666666666666667,False,0.0,False,0.0,False,0.0,False,0.0,False,0.0,1-2人気,2-5倍
202504030211,2025,4.0,3.0,1.0,8.1,4.4,2.3,False,0.0,False,0.0,False,0.0,False,0.0,False,0.0,False,0.0,False,0.0,3-5人気,5-10倍
202504030212,2025,3.0,4.0,12.0,6.2,6.6,69.3,False,0.0,False,0.0,False,0.0,False,0.0,False,0.0,False,0.0,False,0.0,3-5人気,5-10倍
202504030301,2025,2.0,1.0,4.0,5.0,1.8,10.0,False,0.0,False,0.0,False,0.0,False,0.0,False,0.0,False,0.0,False,0.0,1-2人気,2-5倍
202504030302,2025,1.0,4.0,5.0,2.0,11.5,16.7,False,0.0,True,0.6666666666666666,False,0.0,False,0.0,False,0.0,False,0.0,False,0.0,1-2人気,1-2倍
202504030303,2025,2.0,3.0,1.0,3.6,4.1,2.9,False,0.0,False,0.0,False,0.0,False,0.0,False,0.0,False,0.0,False,0.0,1-2人気,2-5倍
202504030304,2025,4.0,6.0,1.0,9.3,13.3,2.0,False,0.0,True,3.1,False,0.0,False,0.0,False,0.0,False,0.0,False,0.0,3-5人気,5-10倍
202504030305,2025,1.0,2.0,5.0,1.7,5.0,20.2,False,0.0,False,0.0,False,0.0,False,0.0,False,0.0,False,0.0,False,0.0,1-2人気,1-2倍
202504030306,2025,1.0,2.0,7.0,3.8,3.9,15.9,False,0.0,False,0.0,False,0.0,False,0.0,False,0.0,False,0.0,False,0.0,1-2人気,2-5倍
202504030307,2025,1.0,2.0,3.0,2.9,3.6,5.6,False,0.0,False,0.0,False,0.0,False,0.0,False,0.0,False,0.0,False,0.0,1-2人気,2-5倍
202504030308,2025,3.0,1.0,2.0,3.9,2.6,3.6,False,0.0,True,1.3,True,2.1666666666666665,True,1.014,False,0.0,False,0.0,False,0.0,3-5人気,2-5倍
202504030309,2025,3.0,1.0,6.0,5.4,2.5,14.3,False,0.0,True,1.8,True,2.6333333333333333,False,0.0,False,0.0,False,0.0,False,0.0,3-5人気,5-10倍
202504030310,2025,1.0,3.0,2.0,2.4,7.8,3.4,False,0.0,True,0.7999999999999999,False,0.0,False,0.0,False,0.0,False,0.0,False,0.0,1-2人気,2-5倍
202504030311,2025,7.0,6.0,2.0,28.4,20.3,6.4,False,0.0,True,9.466666666666667,False,0.0,False,0.0,False,0.0,False,0.0,False,0.0,6-10人気,20-50倍
202504030312,2025,4.0,6.0,1.0,9.6,10.0,1.9,False,0.0,False,0.0,False,0.0,False,0.0,False,0.0,False,0.0,False,0.0,3-5人気,5-10倍
202504030401,2025,1.0,4.0,8.0,1.4,11.4,27.7,True,1.4,True,0.4666666666666666,True,4.266666666666667,True,1.5959999999999999,True,3.1919999999999997,False,0.0,False,0.0,1-2人気,1-2倍
202504030402,2025,1.0,2.0,10.0,2.5,4.6,34.4,False,0.0,False,0.0,False,0.0,False,0.0,False,0.0,False,0.0,False,0.0,1-2人気,2-5倍
202504030403,2025,1.0,12.0,10.0,3.1,65.2,56.5,False,0.0,False,0.0,False,0.0,False,0.0,False,0.0,False,0.0,False,0.0,1-2人気,2-5倍
202504030404,2025,1.0,3.0,7.0,2.8,6.3,13.2,True,2.8,True,0.9333333333333332,True,3.033333333333333,False,0.0,False,0.0,False,0.0,False,0.0,1-2人気,2-5倍
202504030405,2025,2.0,1.0,5.0,2.7,1.9,18.9,False,0.0,True,0.9,True,1.5333333333333332,True,0.513,False,0.0,True,3.2319,False,0.0,1-2人気,2-5倍
202504030406,2025,1.0,3.0,8.0,2.7,4.4,45.7,True,2.7,True,0.9,True,2.3666666666666667,True,1.1880000000000002,True,2.3760000000000003,False,0.0,False,0.0,1-2人気,2-5倍
202504030407,2025,1.0,3.0,7.0,2.7,7.7,19.8,False,0.0,True,0.9,False,0.0,False,0.0,False,0.0,False,0.0,False,0.0,1-2人気,2-5倍
202504030408,2025,1.0,4.0,3.0,1.7,10.1,6.8,False,0.0,True,0.5666666666666667,False,0.0,False,0.0,False,0.0,False,0.0,False,0.0,1-2人気,1-2倍
202504030409,2025,2.0,1.0,8.0,3.2,1.9,49.0,False,0.0,True,1.0666666666666667,True,1.7,True,0.608,False,0.0,False,0.0,False,0.0,1-2人気,2-5倍
202504030410,2025,1.0,2.0,6.0,1.8,3.1,28.7,False,0.0,True,0.6,True,1.6333333333333335,False,0.0,False,0.0,False,0.0,False,0.0,1-2人気,1-2倍
202504030411,2025,3.0,7.0,1.0,4.7,22.8,3.0,False,0.0,False,0.0,False,0.0,False,0.0,False,0.0,False,0.0,False,0.0,3-5人気,2-5倍
202504030412,2025,2.0,1.0,4.0,3.9,3.7,5.0,True,3.9,True,1.3,False,0.0,False,0.0,False,0.0,False,0.0,False,0.0,1-2人気,2-5倍
202504040101,2025,6.0,5.0,4.0,8.8,8.1,6.9,False,0.0,True,2.9333333333333336,False,0.0,False,0.0,False,0.0,False,0.0,False,0.0,6-10人気,5-10倍
202504040102,2025,1.0,2.0,5.0,1.9,3.0,17.5,True,1.9,True,0.6333333333333333,True,1.6333333333333335,True,0.57,True,1.14,False,0.0,False,0.0,1-2人気,1-2倍
202504040103,2025,1.0,3.0,7.0,4.5,5.1,11.6,False,0.0,False,0.0,False,0.0,False,0.0,False,0.0,False,0.0,False,0.0,1-2人気,2-5倍
202504040104,2025,1.0,4.0,2.0,2.9,9.0,3.7,False,0.0,True,0.9666666666666667,False,0.0,False,0.0,False,0.0,False,0.0,False,0.0,1-2人気,2-5倍
202504040105,2025,1.0,4.0,8.0,3.5,8.0,15.5,False,0.0,True,1.1666666666666667,True,3.8333333333333335,False,0.0,False,0.0,False,0.0,False,0.0,1-2人気,2-5倍
202504040106,2025,1.0,4.0,2.0,1.3,18.6,6.5,True,1.3,True,0.43333333333333335,False,0.0,False,0.0,False,0.0,False,0.0,False,0.0,1-2人気,1-2倍
202504040107,2025,2.0,6.0,10.0,6.8,8.6,33.5,False,0.0,False,0.0,False,0.0,False,0.0,False,0.0,False,0.0,False,0.0,1-2人気,5-10倍
202504040108,2025,1.0,2.0,10.0,3.5,3.6,38.7,False,0.0,False,0.0,False,0.0,False,0.0,False,0.0,False,0.0,False,0.0,1-2人気,2-5倍
202504040109,2025,1.0,8.0,3.0,3.5,17.6,8.5,False,0.0,False,0.0,False,0.0,False,0.0,False,0.0,False,0.0,False,0.0,1-2人気,2-5倍
202504040110,2025,5.0,6.0,3.0,15.5,21.9,6.5,False,0.0,False,0.0,False,0.0,False,0.0,False,0.0,False,0.0,False,0.0,3-5人気,10-20倍
202504040111,2025,7.0,6.0,1.0,19.1,17.8,1.6,False,0.0,True,6.366666666666667,False,0.0,False,0.0,False,0.0,False,0.0,False,0.0,6-10人気,10-20倍
202504040112,2025,7.0,13.0,2.0,15.4,109.5,4.8,False,0.0,False,0.0,False,0.0,False,0.0,False,0.0,False,0.0,False,0.0,6-10人気,10-20倍
202504040201,2025,4.0,1.0,3.0,6.6,3.2,3.6,False,0.0,False,0.0,False,0.0,False,0.0,False,0.0,False,0.0,False,0.0,3-5人気,5-10倍
202504040202,2025,3.0,1.0,2.0,5.4,2.4,4.1,False,0.0,True,1.8,True,2.6,False,0.0,False,0.0,True,1.7711999999999999,False,0.0,3-5人気,5-10倍
202504040203,2025,5.0,4.0,2.0,11.8,8.8,4.8,False,0.0,False,0.0,False,0.0,False,0.0,False,0.0,False,0.0,False,0.0,3-5人気,10-20倍
202504040204,2025,1.0,2.0,7.0,2.4,3.9,27.8,False,0.0,False,0.0,False,0.0,False,0.0,False,0.0,False,0.0,False,0.0,1-2人気,2-5倍
202504040205,2025,10.0,2.0,7.0,36.1,4.6,14.0,False,0.0,False,0.0,False,0.0,False,0.0,False,0.0,False,0.0,False,0.0,6-10人気,20-50倍
202504040206,2025,4.0,3.0,5.0,6.8,6.8,7.0,False,0.0,False,0.0,False,0.0,False,0.0,False,0.0,False,0.0,False,0.0,3-5人気,5-10倍
202504040207,2025,1.0,2.0,5.0,3.3,3.7,9.6,False,0.0,False,0.0,False,0.0,False,0.0,False,0.0,False,0.0,False,0.0,1-2人気,2-5倍
202504040208,2025,2.0,4.0,3.0,4.8,5.7,5.5,False,0.0,False,0.0,False,0.0,False,0.0,False,0.0,False,0.0,False,0.0,1-2人気,2-5倍
202504040209,2025,3.0,4.0,6.0,5.6,7.1,10.9,False,0.0,True,1.8666666666666665,False,0.0,False,0.0,False,0.0,False,0.0,False,0.0,3-5人気,5-10倍
202504040210,2025,3.0,2.0,4.0,6.3,6.1,6.7,False,0.0,False,0.0,False,0.0,False,0.0,False,0.0,False,0.0,False,0.0,3-5人気,5-10倍
202504040211,2025,3.0,11.0,7.0,7.3,66.8,16.0,False,0.0,False,0.0,False,0.0,False,0.0,False,0.0,False,0.0,False,0.0,3-5人気,5-10倍
202504040212,2025,1.0,5.0,12.0,2.3,11.6,99.9,True,2.3,True,0.7666666666666666,False,0.0,False,0.0,False,0.0,False,0.0,False,0.0,1-2人気,2-5倍
202504040301,2025,1.0,4.0,2.0,3.3,9.0,3.4,False,0.0,False,0.0,False,0.0,False,0.0,False,0.0,False,0.0,False,0.0,1-2人気,2-5倍
202504040302,2025,1.0,8.0,4.0,2.4,15.1,8.9,True,2.4,True,0.7999999999999999,False,0.0,False,0.0,False,0.0,False,0.0,False,0.0,1-2人気,2-5倍
202504040303,2025,1.0,2.0,3.0,2.5,3.6,3.7,True,2.5,True,0.8333333333333334,True,2.033333333333333,True,0.9,True,1.8,False,0.0,False,0.0,1-2人気,2-5倍
202504040304,2025,6.0,4.0,1.0,22.6,13.9,2.6,False,0.0,False,0.0,False,0.0,False,0.0,False,0.0,False,0.0,False,0.0,6-10人気,20-50倍
202504040305,2025,8.0,7.0,3.0,20.5,14.8,4.8,False,0.0,False,0.0,False,0.0,False,0.0,False,0.0,False,0.0,False,0.0,6-10人気,20-50倍
202504040306,2025,5.0,7.0,4.0,9.2,14.6,8.1,False,0.0,True,3.0666666666666664,False,0.0,False,0.0,False,0.0,False,0.0,False,0.0,3-5人気,5-10倍
202504040307,2025,2.0,1.0,14.0,4.6,3.9,247.2,False,0.0,True,1.5333333333333332,True,2.8333333333333335,False,0.0,False,0.0,False,0.0,False,0.0,1-2人気,2-5倍
202504040308,2025,2.0,4.0,8.0,4.1,4.6,29.1,False,0.0,True,1.3666666666666665,False,0.0,False,0.0,False,0.0,False,0.0,False,0.0,1-2人気,2-5倍
202504040309,2025,2.0,13.0,11.0,4.0,116.9,63.9,False,0.0,True,1.3333333333333333,False,0.0,False,0.0,False,0.0,False,0.0,False,0.0,1-2人気,2-5倍
202504040310,2025,8.0,5.0,3.0,28.0,7.2,4.5,False,0.0,False,0.0,False,0.0,False,0.0,False,0.0,False,0.0,False,0.0,6-10人気,20-50倍
202504040311,2025,16.0,9.0,10.0,75.2,22.8,23.2,False,0.0,False,0.0,False,0.0,False,0.0,False,0.0,False,0.0,False,0.0,11人気以下,50倍以上
202504040312,2025,1.0,4.0,8.0,3.6,8.0,21.8,False,0.0,False,0.0,False,0.0,False,0.0,False,0.0,False,0.0,False,0.0,1-2人気,2-5倍
202504040401,2025,4.0,1.0,6.0,6.8,3.3,9.3,False,0.0,False,0.0,False,0.0,False,0.0,False,0.0,False,0.0,False,0.0,3-5人気,5-10倍
202504040402,2025,3.0,1.0,7.0,4.1,2.4,25.0,False,0.0,True,1.3666666666666665,False,0.0,False,0.0,False,0.0,False,0.0,False,0.0,3-5人気,2-5倍
202504040403,2025,3.0,1.0,4.0,4.5,2.7,4.7,False,0.0,True,1.5,True,2.4,True,1.215,False,0.0,False,0.0,False,0.0,3-5人気,2-5倍
202504040404,2025,9.0,1.0,8.0,21.4,2.5,17.4,False,0.0,False,0.0,False,0.0,False,0.0,False,0.0,False,0.0,False,0.0,6-10人気,20-50倍
202504040405,2025,4.0,6.0,7.0,11.5,11.9,12.0,False,0.0,False,0.0,False,0.0,False,0.0,False,0.0,False,0.0,False,0.0,3-5人気,10-20倍
202504040406,2025,2.0,4.0,3.0,3.6,8.7,4.0,True,3.6,True,1.2,False,0.0,False,0.0,False,0.0,False,0.0,False,0.0,1-2人気,2-5倍
202504040407,2025,2.0,5.0,7.0,5.2,7.1,13.6,False,0.0,False,0.0,False,0.0,False,0.0,False,0.0,False,0.0,False,0.0,1-2人気,5-10倍
202504040408,2025,2.0,1.0,5.0,4.4,1.6,15.1,False,0.0,False,0.0,False,0.0,False,0.0,False,0.0,False,0.0,False,0.0,1-2人気,2-5倍
202504040409,2025,1.0,2.0,6.0,3.9,4.8,13.0,False,0.0,True,1.3,True,2.9,False,0.0,False,0.0,False,0.0,False,0.0,1-2人気,2-5倍
202504040410,2025,4.0,14.0,13.0,7.6,75.0,66.1,False,0.0,True,2.533333333333333,False,0.0,False,0.0,False,0.0,False,0.0,False,0.0,3-5人気,5-10倍
202504040411,2025,9.0,3.0,2.0,24.1,6.6,3.4,False,0.0,False,0.0,False,0.0,False,0.0,False,0.0,False,0.0,False,0.0,6-10人気,20-50倍
202504040412,2025,2.0,7.0,4.0,4.4,15.6,6.2,False,0.0,False,0.0,False,0.0,False,0.0,False,0.0,False,0.0,False,0.0,1-2人気,2-5倍
202505010101,2025,1.0,2.0,6.0,2.6,2.8,14.5,False,0.0,False,0.0,False,0.0,False,0.0,False,0.0,False,0.0,False,0.0,1-2人気,2-5倍
202505010102,2025,3.0,1.0,2.0,5.9,3.9,4.3,False,0.0,True,1.9666666666666668,False,0.0,False,0.0,False,0.0,False,0.0,False,0.0,3-5人気,5-10倍
202505010103,2025,3.0,1.0,8.0,5.2,3.0,23.2,False,0.0,False,0.0,False,0.0,False,0.0,False,0.0,False,0.0,False,0.0,3-5人気,5-10倍
202505010104,2025,2.0,6.0,1.0,3.8,18.7,1.7,False,0.0,False,0.0,False,0.0,False,0.0,False,0.0,False,0.0,False,0.0,1-2人気,2-5倍
202505010105,2025,2.0,3.0,5.0,4.2,5.2,10.3,True,4.2,True,1.4000000000000001,False,0.0,False,0.0,False,0.0,False,0.0,False,0.0,1-2人気,2-5倍
202505010106,2025,1.0,2.0,5.0,3.3,3.5,12.0,False,0.0,False,0.0,False,0.0,False,0.0,False,0.0,False,0.0,False,0.0,1-2人気,2-5倍
202505010107,2025,10.0,8.0,14.0,40.8,34.4,93.2,False,0.0,False,0.0,False,0.0,False,0.0,False,0.0,False,0.0,False,0.0,6-10人気,20-50倍
202505010108,2025,1.0,6.0,8.0,1.9,14.7,20.7,False,0.0,False,0.0,False,0.0,False,0.0,False,0.0,False,0.0,False,0.0,1-2人気,1-2倍
202505010109,2025,5.0,6.0,8.0,8.1,9.0,14.2,True,8.1,True,2.6999999999999997,False,0.0,False,0.0,False,0.0,False,0.0,False,0.0,3-5人気,5-10倍
202505010110,2025,1.0,2.0,4.0,2.1,2.5,10.5,False,0.0,True,0.7000000000000001,True,1.5333333333333332,False,0.0,False,0.0,False,0.0,False,0.0,1-2人気,2-5倍
202505010111,2025,1.0,4.0,5.0,2.9,6.6,7.8,False,0.0,False,0.0,False,0.0,False,0.0,False,0.0,False,0.0,False,0.0,1-2人気,2-5倍
202505010112,2025,1.0,2.0,9.0,1.8,4.1,65.5,False,0.0,True,0.6,True,1.9666666666666666,False,0.0,False,0.0,False,0.0,False,0.0,1-2人気,1-2倍
202505010201,2025,2.0,1.0,11.0,3.6,2.0,202.0,False,0.0,True,1.2,True,1.8666666666666665,False,0.0,False,0.0,False,0.0,False,0.0,1-2人気,2-5倍
202505010202,2025,7.0,1.0,5.0,14.0,3.3,8.7,False,0.0,False,0.0,False,0.0,False,0.0,False,0.0,False,0.0,False,0.0,6-10人気,10-20倍
202505010203,2025,1.0,4.0,2.0,3.3,6.8,4.1,False,0.0,False,0.0,False,0.0,False,0.0,False,0.0,False,0.0,False,0.0,1-2人気,2-5倍
202505010204,2025,3.0,4.0,1.0,9.3,9.4,2.4,True,9.3,True,3.1,False,0.0,False,0.0,False,0.0,False,0.0,False,0.0,3-5人気,5-10倍
202505010205,2025,1.0,7.0,3.0,2.7,29.7,4.9,True,2.7,True,0.9,False,0.0,False,0.0,False,0.0,False,0.0,False,0.0,1-2人気,2-5倍
202505010206,2025,2.0,3.0,4.0,3.4,3.7,10.0,True,3.4,True,1.1333333333333333,False,0.0,False,0.0,False,0.0,False,0.0,False,0.0,1-2人気,2-5倍
202505010207,2025,2.0,1.0,5.0,3.1,2.7,13.5,True,3.1,True,1.0333333333333334,True,1.9333333333333336,True,0.8370000000000001,True,1.6740000000000002,False,0.0,False,0.0,1-2人気,2-5倍
202505010208,2025,4.0,3.0,9.0,8.8,5.8,39.8,False,0.0,False,0.0,False,0.0,False,0.0,False,0.0,False,0.0,False,0.0,3-5人気,5-10倍
202505010209,2025,2.0,3.0,4.0,3.5,3.6,6.3,False,0.0,True,1.1666666666666667,False,0.0,False,0.0,False,0.0,False,0.0,False,0.0,1-2人気,2-5倍
202505010210,2025,2.0,4.0,7.0,3.5,8.6,27.9,True,3.5,True,1.1666666666666667,False,0.0,False,0.0,False,0.0,False,0.0,False,0.0,1-2人気,2-5倍
202505010211,2025,2.0,4.0,5.0,4.6,7.8,9.1,True,4.6,True,1.5333333333333332,False,0.0,False,0.0,False,0.0,False,0.0,False,0.0,1-2人気,2-5倍
202505010212,2025,1.0,2.0,3.0,3.2,3.2,3.4,False,0.0,True,1.0666666666666667,True,2.1333333333333333,True,1.0240000000000002,False,0.0,True,1.1605333333333334,False,0.0,1-2人気,2-5倍
202505010301,2025,2.0,3.0,9.0,3.7,6.3,62.7,False,0.0,True,1.2333333333333334,False,0.0,False,0.0,False,0.0,False,0.0,False,0.0,1-2人気,2-5倍
202505010302,2025,2.0,3.0,4.0,5.3,6.0,6.8,False,0.0,True,1.7666666666666666,False,0.0,False,0.0,False,0.0,False,0.0,False,0.0,1-2人気,5-10倍
202505010303,2025,1.0,3.0,2.0,1.1,18.4,17.9,True,1.1,True,0.3666666666666667,False,0.0,False,0.0,False,0.0,False,0.0,False,0.0,1-2人気,1-2倍
202505010304,2025,5.0,3.0,8.0,6.3,4.5,69.6,False,0.0,False,0.0,False,0.0,False,0.0,False,0.0,False,0.0,False,0.0,3-5人気,5-10倍
202505010305,2025,4.0,6.0,1.0,8.3,16.8,1.9,False,0.0,False,0.0,False,0.0,False,0.0,False,0.0,False,0.0,False,0.0,3-5人気,5-10倍
202505010306,2025,1.0,2.0,3.0,2.4,3.5,4.1,True,2.4,True,0.7999999999999999,True,1.9666666666666668,False,0.0,False,0.0,True,1.148,False,0.0,1-2人気,2-5倍
202505010307,2025,6.0,3.0,1.0,7.1,6.1,4.4,False,0.0,True,2.3666666666666667,False,0.0,False,0.0,False,0.0,False,0.0,False,0.0,6-10人気,5-10倍
202505010308,2025,8.0,5.0,2.0,58.8,14.8,2.6,False,0.0,True,19.599999999999998,False,0.0,False,0.0,False,0.0,False,0.0,False,0.0,6-10人気,50倍以上
202505010309,2025,1.0,2.0,4.0,3.3,3.9,6.3,False,0.0,True,1.0999999999999999,False,0.0,False,0.0,False,0.0,False,0.0,False,0.0,1-2人気,2-5倍
202505010310,2025,1.0,7.0,9.0,1.8,18.4,32.5,False,0.0,False,0.0,False,0.0,False,0.0,False,0.0,False,0.0,False,0.0,1-2人気,1-2倍
202505010311,2025,6.0,1.0,3.0,8.0,3.8,5.6,False,0.0,True,2.6666666666666665,False,0.0,False,0.0,False,0.0,False,0.0,False,0.0,6-10人気,5-10倍
202505010312,2025,7.0,1.0,11.0,15.9,3.7,35.6,False,0.0,False,0.0,False,0.0,False,0.0,False,0.0,False,0.0,False,0.0,6-10人気,10-20倍
202505010401,2025,4.0,2.0,1.0,6.2,3.5,3.0,False,0.0,False,0.0,False,0.0,False,0.0,False,0.0,False,0.0,False,0.0,3-5人気,5-10倍
202505010402,2025,1.0,9.0,3.0,3.1,21.0,5.4,False,0.0,True,1.0333333333333334,False,0.0,False,0.0,False,0.0,False,0.0,False,0.0,1-2人気,2-5倍
202505010403,2025,3.0,2.0,1.0,4.9,4.1,3.3,True,4.9,True,1.6333333333333335,True,3.0,True,2.009,True,4.018,False,0.0,False,0.0,3-5人気,2-5倍
202505010404,2025,1.0,2.0,3.0,2.7,4.5,5.7,False,0.0,False,0.0,False,0.0,False,0.0,False,0.0,False,0.0,False,0.0,1-2人気,2-5倍
202505010405,2025,3.0,1.0,5.0,6.3,2.0,15.9,False,0.0,False,0.0,False,0.0,False,0.0,False,0.0,False,0.0,False,0.0,3-5人気,5-10倍
202505010406,2025,1.0,2.0,4.0,2.0,3.7,7.0,False,0.0,False,0.0,False,0.0,False,0.0,False,0.0,False,0.0,False,0.0,1-2人気,1-2倍
202505010407,2025,2.0,4.0,7.0,3.8,8.7,19.1,False,0.0,False,0.0,False,0.0,False,0.0,False,0.0,False,0.0,False,0.0,1-2人気,2-5倍
202505010408,2025,4.0,2.0,12.0,8.6,4.0,81.0,False,0.0,True,2.8666666666666667,True,4.2,False,0.0,False,0.0,False,0.0,False,0.0,3-5人気,5-10倍
202505010409,2025,1.0,2.0,6.0,2.4,5.4,10.4,False,0.0,True,0.7999999999999999,True,2.6,True,1.296,False,0.0,False,0.0,False,0.0,1-2人気,2-5倍
202505010410,2025,8.0,3.0,6.0,22.1,9.0,16.9,False,0.0,False,0.0,False,0.0,False,0.0,False,0.0,False,0.0,False,0.0,6-10人気,20-50倍
202505010411,2025,1.0,6.0,4.0,2.6,9.6,9.0,False,0.0,False,0.0,False,0.0,False,0.0,False,0.0,False,0.0,False,0.0,1-2人気,2-5倍
202505010412,2025,3.0,4.0,2.0,5.3,5.9,3.5,False,0.0,False,0.0,False,0.0,False,0.0,False,0.0,False,0.0,False,0.0,3-5人気,5-10倍
202505010501,2025,3.0,2.0,5.0,7.8,4.5,13.7,False,0.0,False,0.0,False,0.0,False,0.0,False,0.0,False,0.0,False,0.0,3-5人気,5-10倍
202505010502,2025,1.0,3.0,4.0,2.5,6.7,7.5,True,2.5,True,0.8333333333333334,False,0.0,False,0.0,False,0.0,False,0.0,False,0.0,1-2人気,2-5倍
202505010503,2025,2.0,1.0,4.0,3.6,1.8,15.6,False,0.0,True,1.2,True,1.8,True,0.648,False,0.0,False,0.0,False,0.0,1-2人気,2-5倍
202505010504,2025,2.0,3.0,1.0,4.6,6.6,2.2,False,0.0,False,0.0,False,0.0,False,0.0,False,0.0,False,0.0,False,0.0,1-2人気,2-5倍
202505010505,2025,2.0,3.0,1.0,5.9,6.7,2.8,False,0.0,True,1.9666666666666668,False,0.0,False,0.0,False,0.0,False,0.0,False,0.0,1-2人気,5-10倍
202505010506,2025,1.0,2.0,6.0,3.7,4.7,8.8,False,0.0,True,1.2333333333333334,False,0.0,False,0.0,False,0.0,False,0.0,False,0.0,1-2人気,2-5倍
202505010507,2025,1.0,8.0,3.0,3.0,14.9,6.8,True,3.0,True,1.0,False,0.0,False,0.0,False,0.0,False,0.0,False,0.0,1-2人気,2-5倍
202505010508,2025,6.0,10.0,2.0,19.4,50.7,3.0,False,0.0,False,0.0,False,0.0,False,0.0,False,0.0,False,0.0,False,0.0,6-10人気,10-20倍
202505010509,2025,1.0,2.0,8.0,2.7,3.3,65.3,True,2.7,True,0.9,True,2.0,True,0.891,True,1.782,False,0.0,False,0.0,1-2人気,2-5倍
202505010510,2025,2.0,9.0,1.0,5.1,39.7,1.7,False,0.0,True,1.7,False,0.0,False,0.0,False,0.0,False,0.0,False,0.0,1-2人気,5-10倍
202505010511,2025,10.0,1.0,3.0,39.7,2.6,4.9,False,0.0,False,0.0,False,0.0,False,0.0,False,0.0,False,0.0,False,0.0,6-10人気,20-50倍
202505010512,2025,5.0,2.0,3.0,7.6,4.7,5.2,False,0.0,False,0.0,False,0.0,False,0.0,False,0.0,False,0.0,False,0.0,3-5人気,5-10倍
202505010601,2025,2.0,4.0,1.0,4.0,5.6,3.6,False,0.0,True,1.3333333333333333,False,0.0,False,0.0,False,0.0,False,0.0,False,0.0,1-2人気,2-5倍
202505010602,2025,1.0,2.0,6.0,1.8,5.2,13.9,True,1.8,True,0.6,False,0.0,False,0.0,False,0.0,False,0.0,False,0.0,1-2人気,1-2倍
202505010603,2025,2.0,3.0,7.0,3.9,5.9,19.4,False,0.0,False,0.0,False,0.0,False,0.0,False,0.0,False,0.0,False,0.0,1-2人気,2-5倍
202505010604,2025,1.0,4.0,5.0,2.6,7.3,7.4,False,0.0,False,0.0,False,0.0,False,0.0,False,0.0,False,0.0,False,0.0,1-2人気,2-5倍
202505010605,2025,5.0,3.0,2.0,6.9,4.6,4.0,False,0.0,False,0.0,False,0.0,False,0.0,False,0.0,False,0.0,False,0.0,3-5人気,5-10倍
202505010606,2025,1.0,2.0,8.0,3.4,4.5,18.0,False,0.0,False,0.0,False,0.0,False,0.0,False,0.0,False,0.0,False,0.0,1-2人気,2-5倍
202505010607,2025,1.0,2.0,7.0,3.1,4.2,18.0,False,0.0,False,0.0,False,0.0,False,0.0,False,0.0,False,0.0,False,0.0,1-2人気,2-5倍
202505010608,2025,3.0,6.0,1.0,9.1,19.3,1.4,True,9.1,True,3.033333333333333,True,9.466666666666667,False,0.0,False,0.0,True,8.196066666666665,False,0.0,3-5人気,5-10倍
202505010609,2025,5.0,3.0,6.0,13.0,6.7,13.2,False,0.0,False,0.0,False,0.0,False,0.0,False,0.0,False,0.0,False,0.0,3-5人気,10-20倍
202505010610,2025,2.0,3.0,1.0,4.1,6.3,2.1,False,0.0,False,0.0,False,0.0,False,0.0,False,0.0,False,0.0,False,0.0,1-2人気,2-5倍
202505010611,2025,3.0,7.0,6.0,4.1,26.2,14.1,False,0.0,False,0.0,False,0.0,False,0.0,False,0.0,False,0.0,False,0.0,3-5人気,2-5倍
202505010612,2025,4.0,1.0,2.0,9.3,1.8,4.4,False,0.0,False,0.0,False,0.0,False,0.0,False,0.0,False,0.0,False,0.0,3-5人気,5-10倍
202505010701,2025,2.0,3.0,5.0,2.2,12.0,16.1,True,2.2,True,0.7333333333333334,True,4.733333333333333,False,0.0,False,0.0,False,0.0,False,0.0,1-2人気,2-5倍
202505010702,2025,6.0,11.0,1.0,23.3,98.2,1.4,False,0.0,False,0.0,False,0.0,False,0.0,False,0.0,False,0.0,False,0.0,6-10人気,20-50倍
202505010703,2025,6.0,9.0,4.0,9.5,37.9,7.3,False,0.0,False,0.0,False,0.0,False,0.0,False,0.0,False,0.0,False,0.0,6-10人気,5-10倍
202505010704,2025,3.0,2.0,4.0,7.8,6.1,8.7,False,0.0,False,0.0,False,0.0,False,0.0,False,0.0,False,0.0,False,0.0,3-5人気,5-10倍
202505010705,2025,1.0,2.0,5.0,1.8,4.5,9.8,True,1.8,True,0.6,True,2.1,True,0.8099999999999999,True,1.6199999999999999,False,0.0,False,0.0,1-2人気,1-2倍
202505010706,2025,2.0,7.0,1.0,3.9,16.8,2.8,False,0.0,True,1.3,False,0.0,False,0.0,False,0.0,False,0.0,False,0.0,1-2人気,2-5倍
202505010707,2025,3.0,4.0,6.0,4.1,6.2,19.9,False,0.0,False,0.0,False,0.0,False,0.0,False,0.0,False,0.0,False,0.0,3-5人気,2-5倍
202505010708,2025,5.0,2.0,1.0,13.7,3.2,2.2,False,0.0,False,0.0,False,0.0,False,0.0,False,0.0,False,0.0,False,0.0,3-5人気,10-20倍
202505010709,2025,1.0,2.0,4.0,1.7,3.1,11.3,False,0.0,False,0.0,False,0.0,False,0.0,False,0.0,False,0.0,False,0.0,1-2人気,1-2倍
202505010710,2025,1.0,6.0,4.0,2.1,16.1,7.9,False,0.0,True,0.7000000000000001,True,6.066666666666667,False,0.0,False,0.0,False,0.0,False,0.0,1-2人気,2-5倍
202505010711,2025,2.0,7.0,8.0,4.6,21.4,21.8,False,0.0,False,0.0,False,0.0,False,0.0,False,0.0,False,0.0,False,0.0,1-2人気,2-5倍
202505010712,2025,4.0,8.0,5.0,7.5,20.3,16.3,False,0.0,False,0.0,False,0.0,False,0.0,False,0.0,False,0.0,False,0.0,3-5人気,5-10倍
202505010801,2025,4.0,1.0,5.0,10.3,2.6,15.7,False,0.0,True,3.4333333333333336,False,0.0,False,0.0,False,0.0,False,0.0,False,0.0,3-5人気,10-20倍
202505010802,2025,4.0,3.0,2.0,7.3,4.9,3.5,False,0.0,False,0.0,False,0.0,False,0.0,False,0.0,False,0.0,False,0.0,3-5人気,5-10倍
202505010803,2025,4.0,8.0,7.0,5.7,31.8,30.2,False,0.0,False,0.0,False,0.0,False,0.0,False,0.0,False,0.0,False,0.0,3-5人気,5-10倍
202505010804,2025,1.0,2.0,9.0,1.9,4.9,38.1,False,0.0,True,0.6333333333333333,True,2.266666666666667,False,0.0,False,0.0,False,0.0,False,0.0,1-2人気,1-2倍
202505010805,2025,2.0,3.0,4.0,3.6,5.0,10.1,False,0.0,True,1.2,True,2.8666666666666667,True,1.8,False,0.0,False,0.0,False,0.0,1-2人気,2-5倍
202505010806,2025,1.0,2.0,13.0,3.5,3.5,64.3,True,3.5,True,1.1666666666666667,True,2.3333333333333335,False,0.0,False,0.0,False,0.0,False,0.0,1-2人気,2-5倍
202505010807,2025,6.0,2.0,8.0,15.8,6.4,20.6,False,0.0,False,0.0,False,0.0,False,0.0,False,0.0,False,0.0,False,0.0,6-10人気,10-20倍
202505010808,2025,9.0,7.0,4.0,39.2,22.0,9.9,True,39.2,True,13.066666666666668,False,0.0,False,0.0,False,0.0,False,0.0,False,0.0,6-10人気,20-50倍
202505010809,2025,4.0,1.0,2.0,8.6,1.8,6.3,False,0.0,False,0.0,False,0.0,False,0.0,False,0.0,False,0.0,False,0.0,3-5人気,5-10倍
202505010810,2025,5.0,6.0,3.0,9.5,30.1,4.2,False,0.0,False,0.0,False,0.0,False,0.0,False,0.0,False,0.0,False,0.0,3-5人気,5-10倍
202505010811,2025,2.0,3.0,12.0,4.3,5.9,84.6,True,4.3,True,1.4333333333333333,False,0.0,False,0.0,False,0.0,False,0.0,False,0.0,1-2人気,2-5倍
202505010812,2025,5.0,4.0,3.0,7.3,5.8,5.7,False,0.0,False,0.0,False,0.0,False,0.0,False,0.0,False,0.0,False,0.0,3-5人気,5-10倍
202505020101,2025,2.0,8.0,1.0,6.4,22.2,2.7,False,0.0,False,0.0,False,0.0,False,0.0,False,0.0,False,0.0,False,0.0,1-2人気,5-10倍
202505020102,2025,1.0,3.0,5.0,2.2,8.2,13.3,False,0.0,True,0.7333333333333334,False,0.0,False,0.0,False,0.0,False,0.0,False,0.0,1-2人気,2-5倍
202505020103,2025,1.0,2.0,3.0,1.4,5.4,7.8,True,1.4,True,0.4666666666666666,False,0.0,False,0.0,False,0.0,False,0.0,False,0.0,1-2人気,1-2倍
202505020104,2025,1.0,2.0,4.0,1.7,3.1,13.6,True,1.7,True,0.5666666666666667,False,0.0,False,0.0,False,0.0,False,0.0,False,0.0,1-2人気,1-2倍
202505020105,2025,3.0,1.0,2.0,3.5,2.7,3.3,False,0.0,True,1.1666666666666667,True,2.066666666666667,True,0.9450000000000001,False,0.0,True,1.0395,False,0.0,3-5人気,2-5倍
202505020106,2025,1.0,3.0,6.0,2.5,4.4,29.4,False,0.0,False,0.0,False,0.0,False,0.0,False,0.0,False,0.0,False,0.0,1-2人気,2-5倍
202505020107,2025,4.0,3.0,1.0,6.1,4.1,2.8,False,0.0,False,0.0,False,0.0,False,0.0,False,0.0,False,0.0,False,0.0,3-5人気,5-10倍
202505020108,2025,1.0,4.0,2.0,2.4,8.0,4.1,False,0.0,True,0.7999999999999999,False,0.0,False,0.0,False,0.0,False,0.0,False,0.0,1-2人気,2-5倍
202505020109,2025,4.0,2.0,6.0,10.1,2.6,14.8,False,0.0,False,0.0,False,0.0,False,0.0,False,0.0,False,0.0,False,0.0,3-5人気,10-20倍
202505020110,2025,7.0,11.0,2.0,27.6,59.6,4.3,False,0.0,False,0.0,False,0.0,False,0.0,False,0.0,False,0.0,False,0.0,6-10人気,20-50倍
202505020111,2025,2.0,1.0,8.0,2.9,2.6,56.3,False,0.0,True,0.9666666666666667,True,1.8333333333333333,True,0.754,False,0.0,False,0.0,False,0.0,1-2人気,2-5倍
202505020112,2025,6.0,2.0,1.0,16.4,6.9,1.4,False,0.0,True,5.466666666666666,False,0.0,False,0.0,False,0.0,False,0.0,False,0.0,6-10人気,10-20倍
202505020201,2025,1.0,11.0,2.0,1.5,168.1,5.4,False,0.0,False,0.0,False,0.0,False,0.0,False,0.0,False,0.0,False,0.0,1-2人気,1-2倍
202505020202,2025,1.0,6.0,2.0,2.4,19.6,4.3,False,0.0,False,0.0,False,0.0,False,0.0,False,0.0,False,0.0,False,0.0,1-2人気,2-5倍
202505020203,2025,1.0,3.0,2.0,2.2,4.3,3.2,True,2.2,True,0.7333333333333334,True,2.1666666666666665,True,0.9460000000000001,True,1.8920000000000001,True,1.0090666666666668,True,3.0272000000000006,1-2人気,2-5倍
202505020204,2025,1.0,2.0,4.0,1.7,4.9,8.2,True,1.7,True,0.5666666666666667,False,0.0,False,0.0,False,0.0,False,0.0,False,0.0,1-2人気,1-2倍
202505020205,2025,1.0,2.0,3.0,1.3,5.0,7.1,True,1.3,True,0.43333333333333335,True,2.1,True,0.65,True,1.3,True,1.5383333333333333,True,4.615,1-2人気,1-2倍
202505020206,2025,1.0,2.0,6.0,1.7,2.7,23.1,False,0.0,False,0.0,False,0.0,False,0.0,False,0.0,False,0.0,False,0.0,1-2人気,1-2倍
202505020207,2025,7.0,1.0,5.0,14.3,2.9,12.9,False,0.0,False,0.0,False,0.0,False,0.0,False,0.0,False,0.0,False,0.0,6-10人気,10-20倍
202505020208,2025,1.0,2.0,3.0,2.8,4.1,5.4,True,2.8,True,0.9333333333333332,False,0.0,False,0.0,False,0.0,False,0.0,False,0.0,1-2人気,2-5倍
202505020209,2025,9.0,3.0,1.0,37.7,4.7,2.9,False,0.0,False,0.0,False,0.0,False,0.0,False,0.0,False,0.0,False,0.0,6-10人気,20-50倍
202505020210,2025,4.0,2.0,1.0,6.8,5.1,3.8,True,6.8,True,2.2666666666666666,False,0.0,False,0.0,False,0.0,False,0.0,False,0.0,3-5人気,5-10倍
202505020211,2025,1.0,2.0,7.0,3.1,5.7,14.7,False,0.0,True,1.0333333333333334,False,0.0,False,0.0,False,0.0,False,0.0,False,0.0,1-2人気,2-5倍
202505020212,2025,8.0,1.0,4.0,18.3,4.0,5.6,False,0.0,False,0.0,False,0.0,False,0.0,False,0.0,False,0.0,False,0.0,6-10人気,10-20倍
202505020301,2025,3.0,1.0,7.0,4.7,2.9,18.7,False,0.0,True,1.5666666666666667,True,2.533333333333333,False,0.0,False,0.0,False,0.0,False,0.0,3-5人気,2-5倍
202505020302,2025,1.0,3.0,11.0,2.3,7.3,105.0,False,0.0,False,0.0,False,0.0,False,0.0,False,0.0,False,0.0,False,0.0,1-2人気,2-5倍
202505020303,2025,1.0,2.0,3.0,2.8,3.8,8.1,False,0.0,True,0.9333333333333332,True,2.1999999999999997,True,1.0639999999999998,False,0.0,False,0.0,False,0.0,1-2人気,2-5倍
202505020304,2025,3.0,2.0,1.0,4.2,3.6,2.9,False,0.0,False,0.0,False,0.0,False,0.0,False,0.0,False,0.0,False,0.0,3-5人気,2-5倍
202505020305,2025,2.0,3.0,4.0,4.7,8.8,9.7,True,4.7,True,1.5666666666666667,True,4.5,False,0.0,False,0.0,False,0.0,False,0.0,1-2人気,2-5倍
202505020306,2025,2.0,1.0,4.0,2.2,1.8,11.1,True,2.2,True,0.7333333333333334,True,1.3333333333333333,True,0.396,True,0.792,True,1.4652,True,4.3956,1-2人気,2-5倍
202505020307,2025,4.0,7.0,11.0,10.5,26.2,49.5,False,0.0,False,0.0,False,0.0,False,0.0,False,0.0,False,0.0,False,0.0,3-5人気,10-20倍
202505020308,2025,2.0,4.0,5.0,2.6,13.8,16.3,False,0.0,True,0.8666666666666667,True,5.466666666666668,False,0.0,False,0.0,False,0.0,False,0.0,1-2人気,2-5倍
202505020309,2025,11.0,4.0,5.0,53.2,10.5,11.7,False,0.0,True,17.733333333333334,False,0.0,False,0.0,False,0.0,False,0.0,False,0.0,11人気以下,50倍以上
202505020310,2025,2.0,3.0,1.0,3.5,5.7,2.3,False,0.0,False,0.0,False,0.0,False,0.0,False,0.0,False,0.0,False,0.0,1-2人気,2-5倍
202505020311,2025,1.0,6.0,2.0,2.9,10.2,4.1,False,0.0,True,0.9666666666666667,False,0.0,False,0.0,False,0.0,False,0.0,False,0.0,1-2人気,2-5倍
202505020312,2025,3.0,2.0,1.0,6.5,4.6,1.6,False,0.0,False,0.0,False,0.0,False,0.0,False,0.0,False,0.0,False,0.0,3-5人気,5-10倍
202505020401,2025,2.0,4.0,3.0,3.1,12.6,4.7,False,0.0,True,1.0333333333333334,True,5.233333333333333,True,3.906,False,0.0,False,0.0,False,0.0,1-2人気,2-5倍
202505020402,2025,1.0,4.0,3.0,2.0,9.2,6.2,True,2.0,True,0.6666666666666666,True,3.733333333333333,False,0.0,False,0.0,True,3.8026666666666666,False,0.0,1-2人気,1-2倍
202505020403,2025,1.0,2.0,3.0,1.3,4.6,13.0,False,0.0,True,0.43333333333333335,True,1.9666666666666666,True,0.598,False,0.0,True,2.591333333333333,False,0.0,1-2人気,1-2倍
202505020404,2025,9.0,7.0,10.0,26.4,19.4,31.5,False,0.0,True,8.799999999999999,False,0.0,False,0.0,False,0.0,False,0.0,False,0.0,6-10人気,20-50倍
202505020405,2025,1.0,12.0,3.0,1.5,109.6,8.1,False,0.0,True,0.5,False,0.0,False,0.0,False,0.0,False,0.0,False,0.0,1-2人気,1-2倍
202505020406,2025,1.0,11.0,9.0,1.8,62.1,41.8,False,0.0,False,0.0,False,0.0,False,0.0,False,0.0,False,0.0,False,0.0,1-2人気,1-2倍
202505020407,2025,2.0,1.0,5.0,5.1,2.2,10.8,False,0.0,False,0.0,False,0.0,False,0.0,False,0.0,False,0.0,False,0.0,1-2人気,5-10倍
202505020408,2025,1.0,2.0,3.0,1.4,3.0,10.7,True,1.4,True,0.4666666666666666,True,1.4666666666666668,False,0.0,False,0.0,False,0.0,False,0.0,1-2人気,1-2倍
202505020409,2025,7.0,4.0,5.0,29.0,6.9,10.2,False,0.0,False,0.0,False,0.0,False,0.0,False,0.0,False,0.0,False,0.0,6-10人気,20-50倍
202505020410,2025,4.0,5.0,8.0,7.8,9.8,26.7,False,0.0,False,0.0,False,0.0,False,0.0,False,0.0,False,0.0,False,0.0,3-5人気,5-10倍
202505020411,2025,1.0,6.0,2.0,3.2,13.9,4.0,False,0.0,False,0.0,False,0.0,False,0.0,False,0.0,False,0.0,False,0.0,1-2人気,2-5倍
202505020412,2025,1.0,2.0,6.0,3.9,4.6,12.1,False,0.0,False,0.0,False,0.0,False,0.0,False,0.0,False,0.0,False,0.0,1-2人気,2-5倍
202505020501,2025,1.0,3.0,2.0,1.2,12.3,5.4,True,1.2,True,0.39999999999999997,True,4.5,True,1.476,True,2.952,True,2.6568,True,7.970400000000001,1-2人気,1-2倍
202505020502,2025,3.0,1.0,4.0,3.5,2.9,9.7,False,0.0,False,0.0,False,0.0,False,0.0,False,0.0,False,0.0,False,0.0,3-5人気,2-5倍
202505020503,2025,1.0,2.0,13.0,1.7,2.5,292.3,True,1.7,True,0.5666666666666667,True,1.4000000000000001,True,0.425,True,0.85,False,0.0,False,0.0,1-2人気,1-2倍
202505020504,2025,2.0,1.0,3.0,2.2,1.8,9.1,False,0.0,True,0.7333333333333334,True,1.3333333333333333,True,0.396,False,0.0,False,0.0,False,0.0,1-2人気,2-5倍
202505020505,2025,1.0,2.0,6.0,1.8,2.5,23.5,False,0.0,True,0.6,False,0.0,False,0.0,False,0.0,False,0.0,False,0.0,1-2人気,1-2倍
202505020506,2025,1.0,6.0,5.0,1.9,42.4,20.6,False,0.0,True,0.6333333333333333,False,0.0,False,0.0,False,0.0,False,0.0,False,0.0,1-2人気,1-2倍
202505020507,2025,2.0,4.0,6.0,4.8,10.5,29.3,False,0.0,False,0.0,False,0.0,False,0.0,False,0.0,False,0.0,False,0.0,1-2人気,2-5倍
202505020508,2025,2.0,4.0,8.0,5.1,9.1,33.9,False,0.0,False,0.0,False,0.0,False,0.0,False,0.0,False,0.0,False,0.0,1-2人気,5-10倍
202505020509,2025,2.0,1.0,11.0,5.5,3.6,30.9,True,5.5,True,1.8333333333333333,False,0.0,False,0.0,False,0.0,False,0.0,False,0.0,1-2人気,5-10倍
202505020510,2025,2.0,1.0,9.0,5.7,1.4,80.0,True,5.7,True,1.9000000000000001,True,2.3666666666666667,True,0.7979999999999999,True,1.5959999999999999,False,0.0,False,0.0,1-2人気,5-10倍
202505020511,2025,8.0,16.0,1.0,18.3,188.3,3.7,False,0.0,False,0.0,False,0.0,False,0.0,False,0.0,False,0.0,False,0.0,6-10人気,10-20倍
202505020512,2025,9.0,7.0,4.0,33.8,18.5,8.0,False,0.0,False,0.0,False,0.0,False,0.0,False,0.0,False,0.0,False,0.0,6-10人気,20-50倍
202505020601,2025,1.0,4.0,2.0,1.9,7.9,5.8,True,1.9,True,0.6333333333333333,False,0.0,False,0.0,False,0.0,False,0.0,False,0.0,1-2人気,1-2倍
202505020602,2025,2.0,1.0,6.0,3.2,2.7,16.1,False,0.0,True,1.0666666666666667,True,1.9666666666666668,True,0.8640000000000001,False,0.0,False,0.0,False,0.0,1-2人気,2-5倍
202505020603,2025,4.0,6.0,3.0,6.3,18.2,4.8,False,0.0,False,0.0,False,0.0,False,0.0,False,0.0,False,0.0,False,0.0,3-5人気,5-10倍
202505020604,2025,1.0,2.0,8.0,2.0,5.0,50.2,False,0.0,True,0.6666666666666666,False,0.0,False,0.0,False,0.0,False,0.0,False,0.0,1-2人気,1-2倍
202505020605,2025,2.0,6.0,4.0,5.2,11.4,7.8,False,0.0,False,0.0,False,0.0,False,0.0,False,0.0,False,0.0,False,0.0,1-2人気,5-10倍
202505020606,2025,2.0,5.0,1.0,3.0,11.4,1.7,False,0.0,True,1.0,False,0.0,False,0.0,False,0.0,False,0.0,False,0.0,1-2人気,2-5倍
202505020607,2025,2.0,1.0,3.0,3.4,1.2,8.3,False,0.0,False,0.0,False,0.0,False,0.0,False,0.0,False,0.0,False,0.0,1-2人気,2-5倍
202505020608,2025,9.0,2.0,7.0,78.6,4.3,27.1,False,0.0,False,0.0,False,0.0,False,0.0,False,0.0,False,0.0,False,0.0,6-10人気,50倍以上
202505020609,2025,5.0,10.0,1.0,14.4,34.4,3.0,False,0.0,False,0.0,False,0.0,False,0.0,False,0.0,False,0.0,False,0.0,3-5人気,10-20倍
202505020610,2025,1.0,4.0,7.0,3.3,4.8,17.6,False,0.0,False,0.0,False,0.0,False,0.0,False,0.0,False,0.0,False,0.0,1-2人気,2-5倍
202505020611,2025,1.0,7.0,2.0,2.5,14.2,5.4,False,0.0,False,0.0,False,0.0,False,0.0,False,0.0,False,0.0,False,0.0,1-2人気,2-5倍
202505020612,2025,6.0,13.0,5.0,12.1,87.7,8.0,False,0.0,False,0.0,False,0.0,False,0.0,False,0.0,False,0.0,False,0.0,6-10人気,10-20倍
202505020701,2025,1.0,5.0,2.0,2.1,21.8,3.6,False,0.0,False,0.0,False,0.0,False,0.0,False,0.0,False,0.0,False,0.0,1-2人気,2-5倍
202505020702,2025,2.0,1.0,3.0,4.3,2.6,4.7,False,0.0,True,1.4333333333333333,False,0.0,False,0.0,False,0.0,False,0.0,False,0.0,1-2人気,2-5倍
202505020703,2025,1.0,2.0,3.0,1.5,4.5,7.2,False,0.0,True,0.5,True,2.0,True,0.675,False,0.0,False,0.0,False,0.0,1-2人気,1-2倍
202505020704,2025,1.0,2.0,4.0,1.6,3.4,19.8,False,0.0,True,0.5333333333333333,True,1.6666666666666667,True,0.544,False,0.0,False,0.0,False,0.0,1-2人気,1-2倍
202505020705,2025,2.0,4.0,5.0,2.8,11.8,13.3,False,0.0,True,0.9333333333333332,False,0.0,False,0.0,False,0.0,False,0.0,False,0.0,1-2人気,2-5倍
202505020706,2025,1.0,4.0,5.0,2.2,6.8,16.4,False,0.0,False,0.0,False,0.0,False,0.0,False,0.0,False,0.0,False,0.0,1-2人気,2-5倍
202505020707,2025,2.0,7.0,1.0,3.3,26.1,2.5,False,0.0,False,0.0,False,0.0,False,0.0,False,0.0,False,0.0,False,0.0,1-2人気,2-5倍
202505020708,2025,4.0,2.0,3.0,10.0,4.1,5.5,False,0.0,False,0.0,False,0.0,False,0.0,False,0.0,False,0.0,False,0.0,3-5人気,5-10倍
202505020709,2025,3.0,4.0,1.0,4.4,6.2,3.2,False,0.0,True,1.4666666666666668,False,0.0,False,0.0,False,0.0,False,0.0,False,0.0,3-5人気,2-5倍
202505020710,2025,1.0,3.0,5.0,3.8,5.6,9.1,False,0.0,True,1.2666666666666666,False,0.0,False,0.0,False,0.0,False,0.0,False,0.0,1-2人気,2-5倍
202505020711,2025,2.0,3.0,1.0,3.6,6.0,2.4,False,0.0,False,0.0,False,0.0,False,0.0,False,0.0,False,0.0,False,0.0,1-2人気,2-5倍
202505020712,2025,2.0,1.0,3.0,3.3,3.3,6.1,False,0.0,True,1.0999999999999999,True,2.1999999999999997,False,0.0,False,0.0,False,0.0,False,0.0,1-2人気,2-5倍
202505020801,2025,2.0,6.0,3.0,4.1,8.2,4.7,False,0.0,True,1.3666666666666665,True,4.1,False,0.0,False,0.0,True,5.267133333333333,False,0.0,1-2人気,2-5倍
202505020802,2025,4.0,1.0,8.0,8.0,2.8,23.4,False,0.0,False,0.0,False,0.0,False,0.0,False,0.0,False,0.0,False,0.0,3-5人気,5-10倍
202505020803,2025,2.0,3.0,1.0,3.7,5.0,2.6,False,0.0,True,1.2333333333333334,False,0.0,False,0.0,False,0.0,False,0.0,False,0.0,1-2人気,2-5倍
202505020804,2025,1.0,3.0,2.0,2.7,4.4,2.8,False,0.0,True,0.9,True,2.3666666666666667,False,0.0,False,0.0,False,0.0,False,0.0,1-2人気,2-5倍
202505020805,2025,3.0,1.0,2.0,5.3,2.7,3.6,True,5.3,True,1.7666666666666666,True,2.6666666666666665,False,0.0,False,0.0,False,0.0,False,0.0,3-5人気,5-10倍
202505020806,2025,8.0,2.0,1.0,55.4,6.2,1.5,False,0.0,False,0.0,False,0.0,False,0.0,False,0.0,False,0.0,False,0.0,6-10人気,50倍以上
202505020807,2025,1.0,3.0,5.0,2.0,5.3,8.8,False,0.0,True,0.6666666666666666,False,0.0,False,0.0,False,0.0,False,0.0,False,0.0,1-2人気,1-2倍
202505020808,2025,1.0,5.0,2.0,1.3,19.8,5.6,True,1.3,True,0.43333333333333335,False,0.0,False,0.0,False,0.0,False,0.0,False,0.0,1-2人気,1-2倍
202505020809,2025,1.0,6.0,5.0,2.5,10.1,7.5,True,2.5,True,0.8333333333333334,False,0.0,False,0.0,False,0.0,False,0.0,False,0.0,1-2人気,2-5倍
202505020810,2025,1.0,6.0,2.0,2.4,12.9,5.9,False,0.0,False,0.0,False,0.0,False,0.0,False,0.0,False,0.0,False,0.0,1-2人気,2-5倍
202505020811,2025,1.0,5.0,9.0,2.5,9.1,25.1,True,2.5,True,0.8333333333333334,False,0.0,False,0.0,False,0.0,False,0.0,False,0.0,1-2人気,2-5倍
202505020812,2025,1.0,2.0,10.0,3.0,4.7,35.6,False,0.0,True,1.0,False,0.0,False,0.0,False,0.0,False,0.0,False,0.0,1-2人気,2-5倍
202505020901,2025,2.0,1.0,3.0,3.0,2.1,4.3,False,0.0,True,1.0,True,1.7,False,0.0,False,0.0,False,0.0,False,0.0,1-2人気,2-5倍
202505020902,2025,1.0,3.0,2.0,1.6,6.3,4.7,True,1.6,True,0.5333333333333333,True,2.6333333333333333,False,0.0,False,0.0,True,1.5792000000000002,False,0.0,1-2人気,1-2倍
202505020903,2025,2.0,3.0,1.0,3.9,4.9,3.3,True,3.9,True,1.3,False,0.0,False,0.0,False,0.0,False,0.0,False,0.0,1-2人気,2-5倍
202505020904,2025,2.0,1.0,3.0,2.9,2.9,4.8,True,2.9,True,0.9666666666666667,False,0.0,False,0.0,False,0.0,False,0.0,False,0.0,1-2人気,2-5倍
202505020905,2025,2.0,4.0,3.0,2.9,9.0,5.6,True,2.9,True,0.9666666666666667,True,3.966666666666667,False,0.0,False,0.0,False,0.0,False,0.0,1-2人気,2-5倍
202505020906,2025,1.0,5.0,11.0,2.9,10.4,35.7,False,0.0,False,0.0,False,0.0,False,0.0,False,0.0,False,0.0,False,0.0,1-2人気,2-5倍
202505020907,2025,2.0,1.0,5.0,4.5,2.1,9.4,False,0.0,True,1.5,True,2.1999999999999997,False,0.0,False,0.0,False,0.0,False,0.0,1-2人気,2-5倍
202505020908,2025,6.0,11.0,4.0,14.4,79.3,10.8,False,0.0,False,0.0,False,0.0,False,0.0,False,0.0,False,0.0,False,0.0,6-10人気,10-20倍
202505020909,2025,2.0,3.0,1.0,3.4,5.6,1.8,False,0.0,True,1.1333333333333333,True,3.0,True,1.904,False,0.0,True,1.1423999999999999,False,0.0,1-2人気,2-5倍
202505020910,2025,3.0,4.0,1.0,5.3,7.1,2.5,False,0.0,False,0.0,False,0.0,False,0.0,False,0.0,False,0.0,False,0.0,3-5人気,5-10倍
202505020911,2025,3.0,1.0,6.0,7.5,1.5,31.7,False,0.0,False,0.0,False,0.0,False,0.0,False,0.0,False,0.0,False,0.0,3-5人気,5-10倍
202505020912,2025,4.0,6.0,9.0,8.2,12.2,28.2,False,0.0,True,2.733333333333333,False,0.0,False,0.0,False,0.0,False,0.0,False,0.0,3-5人気,5-10倍
202505021001,2025,1.0,2.0,4.0,2.6,2.8,7.6,False,0.0,False,0.0,False,0.0,False,0.0,False,0.0,False,0.0,False,0.0,1-2人気,2-5倍
202505021002,2025,1.0,2.0,5.0,1.8,4.2,17.1,False,0.0,False,0.0,False,0.0,False,0.0,False,0.0,False,0.0,False,0.0,1-2人気,1-2倍
202505021003,2025,5.0,3.0,1.0,7.4,4.3,2.7,False,0.0,False,0.0,False,0.0,False,0.0,False,0.0,False,0.0,False,0.0,3-5人気,5-10倍
202505021004,2025,2.0,1.0,5.0,2.9,2.2,16.0,False,0.0,True,0.9666666666666667,False,0.0,False,0.0,False,0.0,False,0.0,False,0.0,1-2人気,2-5倍
202505021005,2025,2.0,3.0,1.0,4.4,4.7,1.9,False,0.0,False,0.0,False,0.0,False,0.0,False,0.0,False,0.0,False,0.0,1-2人気,2-5倍
202505021006,2025,3.0,6.0,5.0,5.0,11.0,8.4,True,5.0,True,1.6666666666666667,False,0.0,False,0.0,False,0.0,False,0.0,False,0.0,3-5人気,2-5倍
202505021007,2025,3.0,1.0,4.0,3.9,2.6,5.3,False,0.0,False,0.0,False,0.0,False,0.0,False,0.0,False,0.0,False,0.0,3-5人気,2-5倍
202505021008,2025,4.0,10.0,6.0,13.5,22.3,14.0,False,0.0,False,0.0,False,0.0,False,0.0,False,0.0,False,0.0,False,0.0,3-5人気,10-20倍
202505021009,2025,2.0,3.0,5.0,4.4,9.0,10.9,False,0.0,False,0.0,False,0.0,False,0.0,False,0.0,False,0.0,False,0.0,1-2人気,2-5倍
202505021010,2025,1.0,6.0,7.0,2.7,11.3,19.9,False,0.0,False,0.0,False,0.0,False,0.0,False,0.0,False,0.0,False,0.0,1-2人気,2-5倍
202505021011,2025,3.0,2.0,1.0,3.7,3.4,3.3,False,0.0,False,0.0,False,0.0,False,0.0,False,0.0,False,0.0,False,0.0,3-5人気,2-5倍
202505021012,2025,10.0,6.0,8.0,26.3,12.5,14.3,False,0.0,False,0.0,False,0.0,False,0.0,False,0.0,False,0.0,False,0.0,6-10人気,20-50倍
202505021101,2025,1.0,7.0,6.0,1.5,22.3,22.2,False,0.0,False,0.0,False,0.0,False,0.0,False,0.0,False,0.0,False,0.0,1-2人気,1-2倍
202505021102,2025,1.0,4.0,2.0,2.0,7.9,5.0,False,0.0,False,0.0,False,0.0,False,0.0,False,0.0,False,0.0,False,0.0,1-2人気,1-2倍
202505021103,2025,2.0,1.0,6.0,4.9,1.6,22.9,False,0.0,False,0.0,False,0.0,False,0.0,False,0.0,False,0.0,False,0.0,1-2人気,2-5倍
202505021104,2025,1.0,2.0,8.0,2.1,4.7,37.0,False,0.0,True,0.7000000000000001,True,2.266666666666667,False,0.0,False,0.0,False,0.0,False,0.0,1-2人気,2-5倍
202505021105,2025,1.0,2.0,4.0,2.2,4.6,5.5,False,0.0,False,0.0,False,0.0,False,0.0,False,0.0,False,0.0,False,0.0,1-2人気,2-5倍
202505021106,2025,2.0,1.0,6.0,3.9,2.0,17.0,False,0.0,False,0.0,False,0.0,False,0.0,False,0.0,False,0.0,False,0.0,1-2人気,2-5倍
202505021107,2025,1.0,2.0,3.0,3.5,4.0,4.7,False,0.0,False,0.0,False,0.0,False,0.0,False,0.0,False,0.0,False,0.0,1-2人気,2-5倍
202505021108,2025,1.0,2.0,4.0,1.5,6.2,10.6,False,0.0,True,0.5,False,0.0,False,0.0,False,0.0,False,0.0,False,0.0,1-2人気,1-2倍
202505021110,2025,2.0,6.0,1.0,5.5,13.0,3.3,False,0.0,False,0.0,False,0.0,False,0.0,False,0.0,False,0.0,False,0.0,1-2人気,5-10倍
202505021111,2025,2.0,5.0,11.0,5.4,10.3,46.1,False,0.0,False,0.0,False,0.0,False,0.0,False,0.0,False,0.0,False,0.0,1-2人気,5-10倍
202505021112,2025,1.0,10.0,8.0,1.8,48.6,31.9,False,0.0,False,0.0,False,0.0,False,0.0,False,0.0,False,0.0,False,0.0,1-2人気,1-2倍
202505021201,2025,1.0,3.0,2.0,1.7,5.7,4.6,True,1.7,True,0.5666666666666667,False,0.0,False,0.0,False,0.0,False,0.0,False,0.0,1-2人気,1-2倍
202505021202,2025,3.0,2.0,4.0,5.3,3.7,7.2,False,0.0,False,0.0,False,0.0,False,0.0,False,0.0,False,0.0,False,0.0,3-5人気,5-10倍
202505021203,2025,1.0,2.0,5.0,1.5,3.8,24.3,True,1.5,True,0.5,True,1.7666666666666666,True,0.57,True,1.14,False,0.0,False,0.0,1-2人気,1-2倍
202505021204,2025,4.0,3.0,2.0,6.3,5.8,3.5,False,0.0,False,0.0,False,0.0,False,0.0,False,0.0,False,0.0,False,0.0,3-5人気,5-10倍
202505021205,2025,2.0,1.0,6.0,3.1,2.2,19.3,False,0.0,True,1.0333333333333334,False,0.0,False,0.0,False,0.0,False,0.0,False,0.0,1-2人気,2-5倍
202505021206,2025,3.0,1.0,7.0,4.7,3.7,16.5,False,0.0,False,0.0,False,0.0,False,0.0,False,0.0,False,0.0,False,0.0,3-5人気,2-5倍
202505021207,2025,3.0,12.0,1.0,7.4,103.6,1.8,False,0.0,True,2.466666666666667,False,0.0,False,0.0,False,0.0,False,0.0,False,0.0,3-5人気,5-10倍
202505021208,2025,5.0,1.0,2.0,14.5,2.1,4.7,False,0.0,False,0.0,False,0.0,False,0.0,False,0.0,False,0.0,False,0.0,3-5人気,10-20倍
202505021209,2025,5.0,4.0,2.0,16.6,7.0,4.2,False,0.0,False,0.0,False,0.0,False,0.0,False,0.0,False,0.0,False,0.0,3-5人気,10-20倍
202505021210,2025,1.0,6.0,13.0,3.8,10.1,53.6,True,3.8,True,1.2666666666666666,True,4.633333333333333,False,0.0,False,0.0,False,0.0,False,0.0,1-2人気,2-5倍
202505021211,2025,2.0,6.0,11.0,5.7,14.4,77.5,False,0.0,False,0.0,False,0.0,False,0.0,False,0.0,False,0.0,False,0.0,1-2人気,5-10倍
202505021212,2025,8.0,2.0,9.0,21.2,3.7,22.0,False,0.0,False,0.0,False,0.0,False,0.0,False,0.0,False,0.0,False,0.0,6-10人気,20-50倍
202505030101,2025,3.0,4.0,1.0,7.7,8.0,2.9,False,0.0,False,0.0,False,0.0,False,0.0,False,0.0,False,0.0,False,0.0,3-5人気,5-10倍
202505030102,2025,1.0,4.0,3.0,2.8,6.2,4.1,True,2.8,True,0.9333333333333332,False,0.0,False,0.0,False,0.0,False,0.0,False,0.0,1-2人気,2-5倍
202505030103,2025,3.0,2.0,5.0,9.8,6.4,14.9,False,0.0,False,0.0,False,0.0,False,0.0,False,0.0,False,0.0,False,0.0,3-5人気,5-10倍
202505030104,2025,1.0,3.0,8.0,1.4,7.0,36.2,True,1.4,True,0.4666666666666666,False,0.0,False,0.0,False,0.0,False,0.0,False,0.0,1-2人気,1-2倍
202505030105,2025,1.0,2.0,4.0,1.6,3.1,10.1,False,0.0,True,0.5333333333333333,True,1.5666666666666667,True,0.4960000000000001,False,0.0,False,0.0,False,0.0,1-2人気,1-2倍
202505030106,2025,2.0,3.0,1.0,4.5,7.0,1.7,False,0.0,False,0.0,False,0.0,False,0.0,False,0.0,False,0.0,False,0.0,1-2人気,2-5倍
202505030107,2025,1.0,3.0,2.0,1.8,5.8,3.7,False,0.0,True,0.6,False,0.0,False,0.0,False,0.0,False,0.0,False,0.0,1-2人気,1-2倍
202505030108,2025,2.0,3.0,1.0,4.1,11.6,1.5,False,0.0,True,1.3666666666666665,True,5.233333333333333,False,0.0,False,0.0,False,0.0,False,0.0,1-2人気,2-5倍
202505030109,2025,2.0,5.0,3.0,5.7,11.9,6.6,False,0.0,True,1.9000000000000001,False,0.0,False,0.0,False,0.0,False,0.0,False,0.0,1-2人気,5-10倍
202505030110,2025,2.0,8.0,12.0,3.9,20.7,68.7,False,0.0,False,0.0,False,0.0,False,0.0,False,0.0,False,0.0,False,0.0,1-2人気,2-5倍
202505030111,2025,4.0,1.0,3.0,8.0,4.5,4.6,False,0.0,True,2.6666666666666665,False,0.0,False,0.0,False,0.0,False,0.0,False,0.0,3-5人気,5-10倍
202505030112,2025,1.0,5.0,2.0,1.5,20.1,6.1,True,1.5,True,0.5,True,7.2,False,0.0,False,0.0,True,6.1305,False,0.0,1-2人気,1-2倍
202505030201,2025,1.0,4.0,2.0,2.5,6.7,3.3,False,0.0,False,0.0,False,0.0,False,0.0,False,0.0,False,0.0,False,0.0,1-2人気,2-5倍
202505030202,2025,4.0,1.0,2.0,6.9,4.0,4.2,False,0.0,True,2.3000000000000003,True,3.6333333333333333,False,0.0,False,0.0,False,0.0,False,0.0,3-5人気,5-10倍
202505030203,2025,1.0,2.0,3.0,2.1,3.4,3.5,False,0.0,False,0.0,False,0.0,False,0.0,False,0.0,False,0.0,False,0.0,1-2人気,2-5倍
202505030204,2025,1.0,3.0,6.0,1.5,11.9,17.0,True,1.5,True,0.5,False,0.0,False,0.0,False,0.0,False,0.0,False,0.0,1-2人気,1-2倍
202505030205,2025,1.0,2.0,3.0,1.2,5.5,9.5,True,1.2,True,0.39999999999999997,True,2.2333333333333334,True,0.6599999999999999,True,1.3199999999999998,True,2.09,True,6.27,1-2人気,1-2倍
202505030206,2025,1.0,3.0,2.0,2.7,3.5,2.9,False,0.0,False,0.0,False,0.0,False,0.0,False,0.0,False,0.0,False,0.0,1-2人気,2-5倍
202505030207,2025,2.0,3.0,9.0,3.7,6.7,23.1,True,3.7,True,1.2333333333333334,False,0.0,False,0.0,False,0.0,False,0.0,False,0.0,1-2人気,2-5倍
202505030208,2025,5.0,2.0,1.0,8.3,5.7,1.9,False,0.0,False,0.0,False,0.0,False,0.0,False,0.0,False,0.0,False,0.0,3-5人気,5-10倍
202505030209,2025,5.0,1.0,10.0,17.3,1.1,79.7,False,0.0,False,0.0,False,0.0,False,0.0,False,0.0,False,0.0,False,0.0,3-5人気,10-20倍
202505030210,2025,1.0,2.0,10.0,2.5,4.1,23.9,False,0.0,False,0.0,False,0.0,False,0.0,False,0.0,False,0.0,False,0.0,1-2人気,2-5倍
202505030211,2025,4.0,2.0,3.0,9.4,4.3,4.4,False,0.0,False,0.0,False,0.0,False,0.0,False,0.0,False,0.0,False,0.0,3-5人気,5-10倍
202505030212,2025,3.0,2.0,1.0,9.1,3.0,2.3,False,0.0,False,0.0,False,0.0,False,0.0,False,0.0,False,0.0,False,0.0,3-5人気,5-10倍
202505030301,2025,1.0,2.0,3.0,1.9,4.9,5.8,False,0.0,True,0.6333333333333333,True,2.266666666666667,False,0.0,False,0.0,False,0.0,False,0.0,1-2人気,1-2倍
202505030302,2025,1.0,3.0,2.0,1.5,5.2,4.7,False,0.0,True,0.5,False,0.0,False,0.0,False,0.0,False,0.0,False,0.0,1-2人気,1-2倍
202505030303,2025,1.0,3.0,2.0,3.3,5.0,4.3,False,0.0,True,1.0999999999999999,True,2.766666666666667,False,0.0,False,0.0,False,0.0,False,0.0,1-2人気,2-5倍
202505030304,2025,2.0,11.0,3.0,3.7,140.5,6.3,False,0.0,True,1.2333333333333334,True,48.06666666666666,False,0.0,False,0.0,False,0.0,False,0.0,1-2人気,2-5倍
202505030305,2025,1.0,2.0,3.0,1.5,3.3,7.6,True,1.5,True,0.5,True,1.5999999999999999,False,0.0,False,0.0,False,0.0,False,0.0,1-2人気,1-2倍
202505030306,2025,1.0,7.0,3.0,2.3,24.3,6.2,True,2.3,True,0.7666666666666666,True,8.866666666666667,False,0.0,False,0.0,False,0.0,False,0.0,1-2人気,2-5倍
202505030307,2025,1.0,3.0,4.0,2.0,3.9,26.4,False,0.0,True,0.6666666666666666,False,0.0,False,0.0,False,0.0,False,0.0,False,0.0,1-2人気,1-2倍
202505030308,2025,2.0,8.0,7.0,4.5,33.4,22.3,False,0.0,False,0.0,False,0.0,False,0.0,False,0.0,False,0.0,False,0.0,1-2人気,2-5倍
202505030309,2025,1.0,12.0,6.0,2.0,102.7,15.5,False,0.0,False,0.0,False,0.0,False,0.0,False,0.0,False,0.0,False,0.0,1-2人気,1-2倍
202505030310,2025,7.0,10.0,1.0,14.8,24.8,3.4,False,0.0,False,0.0,False,0.0,False,0.0,False,0.0,False,0.0,False,0.0,6-10人気,10-20倍
202505030311,2025,8.0,1.0,2.0,33.0,3.1,4.3,False,0.0,False,0.0,False,0.0,False,0.0,False,0.0,False,0.0,False,0.0,6-10人気,20-50倍
202505030312,2025,2.0,6.0,1.0,3.7,20.1,2.8,False,0.0,True,1.2333333333333334,False,0.0,False,0.0,False,0.0,False,0.0,False,0.0,1-2人気,2-5倍
202505030401,2025,3.0,4.0,1.0,4.8,9.1,3.0,False,0.0,False,0.0,False,0.0,False,0.0,False,0.0,False,0.0,False,0.0,3-5人気,2-5倍
202505030402,2025,3.0,2.0,1.0,6.5,3.3,1.7,False,0.0,False,0.0,False,0.0,False,0.0,False,0.0,False,0.0,False,0.0,3-5人気,5-10倍
202505030403,2025,1.0,5.0,9.0,1.8,17.7,33.8,True,1.8,True,0.6,False,0.0,False,0.0,False,0.0,False,0.0,False,0.0,1-2人気,1-2倍
202505030404,2025,1.0,7.0,2.0,2.0,30.7,3.9,False,0.0,True,0.6666666666666666,False,0.0,False,0.0,False,0.0,False,0.0,False,0.0,1-2人気,1-2倍
202505030405,2025,3.0,5.0,4.0,3.9,20.0,14.5,False,0.0,False,0.0,False,0.0,False,0.0,False,0.0,False,0.0,False,0.0,3-5人気,2-5倍
202505030406,2025,1.0,3.0,8.0,3.2,4.0,26.5,False,0.0,False,0.0,False,0.0,False,0.0,False,0.0,False,0.0,False,0.0,1-2人気,2-5倍
202505030407,2025,1.0,5.0,7.0,1.6,18.4,23.4,False,0.0,True,0.5333333333333333,True,6.666666666666667,True,2.944,False,0.0,False,0.0,False,0.0,1-2人気,1-2倍
202505030408,2025,1.0,15.0,5.0,2.2,173.9,12.5,False,0.0,False,0.0,False,0.0,False,0.0,False,0.0,False,0.0,False,0.0,1-2人気,2-5倍
202505030409,2025,6.0,2.0,8.0,19.9,3.7,26.8,False,0.0,False,0.0,False,0.0,False,0.0,False,0.0,False,0.0,False,0.0,6-10人気,10-20倍
202505030410,2025,3.0,8.0,5.0,6.3,14.1,12.1,False,0.0,False,0.0,False,0.0,False,0.0,False,0.0,False,0.0,False,0.0,3-5人気,5-10倍
202505030411,2025,3.0,4.0,6.0,5.2,7.3,16.5,False,0.0,False,0.0,False,0.0,False,0.0,False,0.0,False,0.0,False,0.0,3-5人気,5-10倍
202505030412,2025,2.0,8.0,12.0,5.3,25.1,68.3,False,0.0,True,1.7666666666666666,False,0.0,False,0.0,False,0.0,False,0.0,False,0.0,1-2人気,5-10倍
202505030501,2025,1.0,4.0,7.0,3.2,7.5,14.6,False,0.0,False,0.0,False,0.0,False,0.0,False,0.0,False,0.0,False,0.0,1-2人気,2-5倍
202505030502,2025,5.0,3.0,6.0,8.5,6.7,9.3,False,0.0,False,0.0,False,0.0,False,0.0,False,0.0,False,0.0,False,0.0,3-5人気,5-10倍
202505030503,2025,5.0,3.0,2.0,11.3,5.8,4.9,False,0.0,False,0.0,False,0.0,False,0.0,False,0.0,False,0.0,False,0.0,3-5人気,10-20倍
202505030504,2025,1.0,3.0,2.0,1.9,6.2,5.3,True,1.9,True,0.6333333333333333,False,0.0,False,0.0,False,0.0,False,0.0,False,0.0,1-2人気,1-2倍
202505030505,2025,3.0,2.0,4.0,7.1,5.3,9.5,False,0.0,False,0.0,False,0.0,False,0.0,False,0.0,False,0.0,False,0.0,3-5人気,5-10倍
202505030506,2025,2.0,1.0,3.0,4.3,1.9,5.2,False,0.0,False,0.0,False,0.0,False,0.0,False,0.0,False,0.0,False,0.0,1-2人気,2-5倍
202505030507,2025,1.0,2.0,3.0,1.7,4.9,7.2,True,1.7,True,0.5666666666666667,False,0.0,False,0.0,False,0.0,False,0.0,False,0.0,1-2人気,1-2倍
202505030508,2025,1.0,5.0,2.0,2.2,9.3,4.5,True,2.2,True,0.7333333333333334,False,0.0,False,0.0,False,0.0,False,0.0,False,0.0,1-2人気,2-5倍
202505030509,2025,4.0,1.0,2.0,19.8,1.4,3.6,False,0.0,True,6.6000000000000005,True,7.066666666666666,False,0.0,False,0.0,True,3.3264,False,0.0,3-5人気,10-20倍
202505030510,2025,8.0,7.0,6.0,25.4,25.3,20.1,False,0.0,False,0.0,False,0.0,False,0.0,False,0.0,False,0.0,False,0.0,6-10人気,20-50倍
202505030511,2025,7.0,2.0,6.0,15.2,5.9,14.2,False,0.0,True,5.066666666666666,True,7.033333333333334,False,0.0,False,0.0,False,0.0,False,0.0,6-10人気,10-20倍
202505030512,2025,1.0,4.0,3.0,2.0,7.7,5.8,True,2.0,True,0.6666666666666666,False,0.0,False,0.0,False,0.0,False,0.0,False,0.0,1-2人気,1-2倍
202505030601,2025,1.0,4.0,2.0,2.3,10.0,3.4,False,0.0,True,0.7666666666666666,False,0.0,False,0.0,False,0.0,False,0.0,False,0.0,1-2人気,2-5倍
202505030602,2025,2.0,1.0,3.0,3.5,2.5,8.3,False,0.0,False,0.0,False,0.0,False,0.0,False,0.0,False,0.0,False,0.0,1-2人気,2-5倍
202505030603,2025,3.0,4.0,2.0,5.8,6.2,4.6,False,0.0,False,0.0,False,0.0,False,0.0,False,0.0,False,0.0,False,0.0,3-5人気,5-10倍
202505030604,2025,2.0,1.0,3.0,2.1,2.0,10.5,True,2.1,True,0.7000000000000001,True,1.3666666666666665,False,0.0,False,0.0,False,0.0,False,0.0,1-2人気,2-5倍
202505030605,2025,1.0,2.0,13.0,2.6,3.3,120.6,False,0.0,True,0.8666666666666667,False,0.0,False,0.0,False,0.0,False,0.0,False,0.0,1-2人気,2-5倍
202505030606,2025,2.0,1.0,6.0,4.0,3.8,12.9,False,0.0,False,0.0,False,0.0,False,0.0,False,0.0,False,0.0,False,0.0,1-2人気,2-5倍
202505030607,2025,6.0,2.0,1.0,16.2,5.5,1.7,False,0.0,False,0.0,False,0.0,False,0.0,False,0.0,False,0.0,False,0.0,6-10人気,10-20倍
202505030608,2025,3.0,7.0,8.0,4.7,33.1,39.0,False,0.0,False,0.0,False,0.0,False,0.0,False,0.0,False,0.0,False,0.0,3-5人気,2-5倍
202505030609,2025,3.0,6.0,8.0,6.8,9.3,23.3,False,0.0,True,2.2666666666666666,True,5.366666666666667,True,6.324,False,0.0,False,0.0,False,0.0,3-5人気,5-10倍
202505030610,2025,6.0,2.0,13.0,26.6,4.6,69.5,True,26.6,True,8.866666666666667,False,0.0,False,0.0,False,0.0,False,0.0,False,0.0,6-10人気,20-50倍
202505030611,2025,3.0,1.0,2.0,6.6,3.4,5.8,False,0.0,True,2.1999999999999997,False,0.0,False,0.0,False,0.0,False,0.0,False,0.0,3-5人気,5-10倍
202505030612,2025,2.0,1.0,3.0,5.9,2.8,6.5,False,0.0,False,0.0,False,0.0,False,0.0,False,0.0,False,0.0,False,0.0,1-2人気,5-10倍
202505040101,2025,1.0,3.0,2.0,1.3,8.1,6.3,False,0.0,True,0.43333333333333335,False,0.0,False,0.0,False,0.0,False,0.0,False,0.0,1-2人気,1-2倍
202505040102,2025,1.0,3.0,2.0,2.1,5.1,4.2,False,0.0,False,0.0,False,0.0,False,0.0,False,0.0,False,0.0,False,0.0,1-2人気,2-5倍
202505040103,2025,4.0,2.0,1.0,6.7,5.7,2.2,False,0.0,True,2.2333333333333334,True,4.133333333333334,True,3.8190000000000004,False,0.0,False,0.0,False,0.0,3-5人気,5-10倍
202505040104,2025,3.0,1.0,4.0,4.9,2.1,7.4,False,0.0,False,0.0,False,0.0,False,0.0,False,0.0,False,0.0,False,0.0,3-5人気,2-5倍
202505040105,2025,6.0,2.0,1.0,12.0,4.1,3.2,False,0.0,False,0.0,False,0.0,False,0.0,False,0.0,False,0.0,False,0.0,6-10人気,10-20倍
202505040106,2025,1.0,10.0,4.0,1.7,36.1,12.7,False,0.0,True,0.5666666666666667,False,0.0,False,0.0,False,0.0,False,0.0,False,0.0,1-2人気,1-2倍
202505040107,2025,1.0,6.0,5.0,2.3,12.8,12.7,False,0.0,False,0.0,False,0.0,False,0.0,False,0.0,False,0.0,False,0.0,1-2人気,2-5倍
202505040108,2025,2.0,11.0,6.0,6.2,66.2,14.8,False,0.0,False,0.0,False,0.0,False,0.0,False,0.0,False,0.0,False,0.0,1-2人気,5-10倍
202505040109,2025,1.0,8.0,2.0,1.7,69.1,5.3,False,0.0,True,0.5666666666666667,False,0.0,False,0.0,False,0.0,False,0.0,False,0.0,1-2人気,1-2倍
202505040110,2025,1.0,2.0,11.0,3.7,5.1,55.4,False,0.0,False,0.0,False,0.0,False,0.0,False,0.0,False,0.0,False,0.0,1-2人気,2-5倍
202505040111,2025,4.0,12.0,5.0,8.4,49.2,12.8,True,8.4,True,2.8000000000000003,False,0.0,False,0.0,False,0.0,False,0.0,False,0.0,3-5人気,5-10倍
202505040112,2025,7.0,13.0,1.0,11.3,84.6,4.5,True,11.3,True,3.766666666666667,False,0.0,False,0.0,False,0.0,False,0.0,False,0.0,6-10人気,10-20倍
202505040201,2025,3.0,9.0,4.0,4.7,37.3,5.9,False,0.0,True,1.5666666666666667,False,0.0,False,0.0,False,0.0,False,0.0,False,0.0,3-5人気,2-5倍
202505040202,2025,1.0,2.0,6.0,1.6,5.6,15.0,True,1.6,True,0.5333333333333333,False,0.0,False,0.0,False,0.0,False,0.0,False,0.0,1-2人気,1-2倍
202505040203,2025,3.0,12.0,4.0,5.6,56.1,6.4,False,0.0,False,0.0,False,0.0,False,0.0,False,0.0,False,0.0,False,0.0,3-5人気,5-10倍
202505040204,2025,2.0,4.0,3.0,3.3,10.3,7.5,False,0.0,True,1.0999999999999999,False,0.0,False,0.0,False,0.0,False,0.0,False,0.0,1-2人気,2-5倍
202505040205,2025,5.0,4.0,1.0,8.9,8.2,3.2,False,0.0,False,0.0,False,0.0,False,0.0,False,0.0,False,0.0,False,0.0,3-5人気,5-10倍
202505040206,2025,3.0,1.0,8.0,6.9,2.1,54.2,False,0.0,False,0.0,False,0.0,False,0.0,False,0.0,False,0.0,False,0.0,3-5人気,5-10倍
202505040207,2025,2.0,4.0,1.0,3.6,7.7,3.6,False,0.0,False,0.0,False,0.0,False,0.0,False,0.0,False,0.0,False,0.0,1-2人気,2-5倍
202505040208,2025,1.0,2.0,8.0,2.0,3.5,36.0,True,2.0,True,0.6666666666666666,False,0.0,False,0.0,False,0.0,False,0.0,False,0.0,1-2人気,1-2倍
202505040209,2025,10.0,3.0,2.0,26.1,6.7,4.6,False,0.0,False,0.0,False,0.0,False,0.0,False,0.0,False,0.0,False,0.0,6-10人気,20-50倍
202505040210,2025,3.0,1.0,4.0,7.3,3.4,7.8,False,0.0,False,0.0,False,0.0,False,0.0,False,0.0,False,0.0,False,0.0,3-5人気,5-10倍
202505040211,2025,3.0,8.0,5.0,5.0,36.0,7.7,False,0.0,False,0.0,False,0.0,False,0.0,False,0.0,False,0.0,False,0.0,3-5人気,2-5倍
202505040212,2025,3.0,15.0,4.0,8.1,170.5,10.4,False,0.0,False,0.0,False,0.0,False,0.0,False,0.0,False,0.0,False,0.0,3-5人気,5-10倍
202505040301,2025,1.0,2.0,3.0,1.8,3.3,6.4,False,0.0,False,0.0,False,0.0,False,0.0,False,0.0,False,0.0,False,0.0,1-2人気,1-2倍
202505040302,2025,1.0,3.0,4.0,1.9,7.2,8.7,False,0.0,True,0.6333333333333333,False,0.0,False,0.0,False,0.0,False,0.0,False,0.0,1-2人気,1-2倍
202505040303,2025,1.0,4.0,2.0,1.4,10.8,3.9,False,0.0,True,0.4666666666666666,False,0.0,False,0.0,False,0.0,False,0.0,False,0.0,1-2人気,1-2倍
202505040304,2025,3.0,2.0,1.0,7.9,3.2,2.7,False,0.0,True,2.6333333333333333,True,3.7000000000000006,False,0.0,False,0.0,True,2.2752000000000003,False,0.0,3-5人気,5-10倍
202505040305,2025,1.0,4.0,2.0,2.2,9.8,4.5,False,0.0,False,0.0,False,0.0,False,0.0,False,0.0,False,0.0,False,0.0,1-2人気,2-5倍
202505040306,2025,5.0,1.0,4.0,8.8,2.9,6.7,False,0.0,True,2.9333333333333336,False,0.0,False,0.0,False,0.0,False,0.0,False,0.0,3-5人気,5-10倍
202505040307,2025,2.0,6.0,5.0,3.0,24.4,11.2,True,3.0,True,1.0,False,0.0,False,0.0,False,0.0,False,0.0,False,0.0,1-2人気,2-5倍
202505040308,2025,4.0,6.0,1.0,7.6,12.8,2.5,False,0.0,True,2.533333333333333,False,0.0,False,0.0,False,0.0,False,0.0,False,0.0,3-5人気,5-10倍
202505040309,2025,10.0,3.0,9.0,75.0,6.8,49.9,False,0.0,False,0.0,False,0.0,False,0.0,False,0.0,False,0.0,False,0.0,6-10人気,50倍以上
202505040310,2025,1.0,15.0,8.0,1.8,118.4,33.2,True,1.8,True,0.6,False,0.0,False,0.0,False,0.0,False,0.0,False,0.0,1-2人気,1-2倍
202505040311,2025,1.0,5.0,3.0,1.9,15.1,4.4,False,0.0,True,0.6333333333333333,False,0.0,False,0.0,False,0.0,False,0.0,False,0.0,1-2人気,1-2倍
202505040312,2025,2.0,4.0,7.0,4.5,5.3,17.5,False,0.0,True,1.5,False,0.0,False,0.0,False,0.0,False,0.0,False,0.0,1-2人気,2-5倍
202505040401,2025,1.0,3.0,4.0,3.5,4.8,5.1,False,0.0,True,1.1666666666666667,True,2.766666666666667,False,0.0,False,0.0,True,2.856,False,0.0,1-2人気,2-5倍
202505040402,2025,1.0,2.0,3.0,1.8,4.7,5.7,True,1.8,True,0.6,False,0.0,False,0.0,False,0.0,False,0.0,False,0.0,1-2人気,1-2倍
202505040403,2025,1.0,2.0,3.0,3.0,3.3,3.5,False,0.0,False,0.0,False,0.0,False,0.0,False,0.0,False,0.0,False,0.0,1-2人気,2-5倍
202505040404,2025,1.0,3.0,2.0,3.1,5.9,5.0,False,0.0,True,1.0333333333333334,False,0.0,False,0.0,False,0.0,False,0.0,False,0.0,1-2人気,2-5倍
202505040405,2025,1.0,4.0,2.0,1.7,10.1,3.5,True,1.7,True,0.5666666666666667,False,0.0,False,0.0,False,0.0,False,0.0,False,0.0,1-2人気,1-2倍
202505040406,2025,2.0,3.0,4.0,4.1,6.0,6.9,False,0.0,True,1.3666666666666665,True,3.3666666666666667,False,0.0,False,0.0,False,0.0,False,0.0,1-2人気,2-5倍
202505040407,2025,4.0,2.0,1.0,6.4,5.5,3.0,False,0.0,True,2.1333333333333333,False,0.0,False,0.0,False,0.0,False,0.0,False,0.0,3-5人気,5-10倍
202505040408,2025,1.0,3.0,8.0,2.8,5.8,22.9,True,2.8,True,0.9333333333333332,True,2.8666666666666667,False,0.0,False,0.0,False,0.0,False,0.0,1-2人気,2-5倍
202505040409,2025,14.0,1.0,9.0,110.0,2.7,28.1,False,0.0,False,0.0,False,0.0,False,0.0,False,0.0,False,0.0,False,0.0,11人気以下,50倍以上
202505040410,2025,1.0,2.0,8.0,3.7,4.5,20.9,False,0.0,True,1.2333333333333334,True,2.733333333333333,True,1.6650000000000003,False,0.0,False,0.0,False,0.0,1-2人気,2-5倍
202505040411,2025,12.0,5.0,6.0,58.2,7.2,13.2,False,0.0,False,0.0,False,0.0,False,0.0,False,0.0,False,0.0,False,0.0,11人気以下,50倍以上
202505040412,2025,6.0,1.0,10.0,10.1,3.6,63.4,False,0.0,False,0.0,False,0.0,False,0.0,False,0.0,False,0.0,False,0.0,6-10人気,10-20倍
202505040501,2025,4.0,1.0,6.0,7.5,2.5,28.4,False,0.0,False,0.0,False,0.0,False,0.0,False,0.0,False,0.0,False,0.0,3-5人気,5-10倍
202505040502,2025,1.0,4.0,6.0,1.8,12.6,15.0,False,0.0,False,0.0,False,0.0,False,0.0,False,0.0,False,0.0,False,0.0,1-2人気,1-2倍
202505040503,2025,1.0,3.0,2.0,1.5,6.7,4.4,True,1.5,True,0.5,True,2.733333333333333,True,1.0050000000000001,True,2.0100000000000002,False,0.0,False,0.0,1-2人気,1-2倍
202505040504,2025,1.0,6.0,7.0,1.9,14.1,17.3,False,0.0,True,0.6333333333333333,False,0.0,False,0.0,False,0.0,False,0.0,False,0.0,1-2人気,1-2倍
202505040505,2025,1.0,3.0,12.0,2.0,6.8,109.1,False,0.0,False,0.0,False,0.0,False,0.0,False,0.0,False,0.0,False,0.0,1-2人気,1-2倍
202505040506,2025,1.0,2.0,3.0,2.8,5.4,6.0,False,0.0,False,0.0,False,0.0,False,0.0,False,0.0,False,0.0,False,0.0,1-2人気,2-5倍
202505040507,2025,2.0,1.0,14.0,5.3,4.7,99.9,False,0.0,False,0.0,False,0.0,False,0.0,False,0.0,False,0.0,False,0.0,1-2人気,5-10倍
202505040508,2025,1.0,3.0,5.0,1.3,5.8,21.1,False,0.0,True,0.43333333333333335,False,0.0,False,0.0,False,0.0,False,0.0,False,0.0,1-2人気,1-2倍
202505040509,2025,6.0,4.0,5.0,17.1,15.0,16.8,False,0.0,False,0.0,False,0.0,False,0.0,False,0.0,False,0.0,False,0.0,6-10人気,10-20倍
202505040510,2025,2.0,6.0,4.0,2.8,15.4,10.5,True,2.8,True,0.9333333333333332,True,6.066666666666666,True,4.311999999999999,True,8.623999999999999,False,0.0,False,0.0,1-2人気,2-5倍
202505040511,2025,2.0,5.0,6.0,7.0,8.7,9.1,False,0.0,False,0.0,False,0.0,False,0.0,False,0.0,False,0.0,False,0.0,1-2人気,5-10倍
202505040512,2025,4.0,2.0,5.0,8.6,4.1,10.2,False,0.0,False,0.0,False,0.0,False,0.0,False,0.0,False,0.0,False,0.0,3-5人気,5-10倍
202505040601,2025,1.0,5.0,2.0,1.9,7.4,5.3,False,0.0,True,0.6333333333333333,True,3.1,False,0.0,False,0.0,False,0.0,False,0.0,1-2人気,1-2倍
202505040602,2025,1.0,2.0,3.0,2.2,3.0,4.0,True,2.2,True,0.7333333333333334,False,0.0,False,0.0,False,0.0,False,0.0,False,0.0,1-2人気,2-5倍
202505040603,2025,1.0,5.0,3.0,1.6,29.2,9.5,True,1.6,True,0.5333333333333333,True,10.266666666666667,False,0.0,False,0.0,True,14.794666666666666,False,0.0,1-2人気,1-2倍
202505040604,2025,1.0,2.0,7.0,2.7,4.4,15.2,True,2.7,True,0.9,False,0.0,False,0.0,False,0.0,False,0.0,False,0.0,1-2人気,2-5倍
202505040605,2025,7.0,2.0,9.0,15.1,3.5,36.1,False,0.0,True,5.033333333333333,False,0.0,False,0.0,False,0.0,False,0.0,False,0.0,6-10人気,10-20倍
202505040606,2025,1.0,2.0,5.0,1.5,5.4,13.2,True,1.5,True,0.5,True,2.3000000000000003,True,0.8100000000000002,True,1.6200000000000003,False,0.0,False,0.0,1-2人気,1-2倍
202505040607,2025,7.0,9.0,2.0,14.2,28.9,4.8,True,14.2,True,4.733333333333333,False,0.0,False,0.0,False,0.0,False,0.0,False,0.0,6-10人気,10-20倍
202505040608,2025,1.0,6.0,2.0,1.5,31.7,4.4,False,0.0,True,0.5,False,0.0,False,0.0,False,0.0,False,0.0,False,0.0,1-2人気,1-2倍
202505040609,2025,1.0,4.0,2.0,2.3,6.4,3.1,True,2.3,True,0.7666666666666666,False,0.0,False,0.0,False,0.0,False,0.0,False,0.0,1-2人気,2-5倍
202505040610,2025,6.0,2.0,5.0,12.7,6.0,11.9,False,0.0,False,0.0,False,0.0,False,0.0,False,0.0,False,0.0,False,0.0,6-10人気,10-20倍
202505040611,2025,1.0,8.0,7.0,1.9,23.3,18.6,False,0.0,True,0.6333333333333333,False,0.0,False,0.0,False,0.0,False,0.0,False,0.0,1-2人気,1-2倍
202505040612,2025,3.0,7.0,2.0,5.8,21.2,4.4,False,0.0,True,1.9333333333333333,True,9.0,False,0.0,False,0.0,False,0.0,False,0.0,3-5人気,5-10倍
202505040701,2025,2.0,1.0,3.0,2.2,2.2,12.1,True,2.2,True,0.7333333333333334,False,0.0,False,0.0,False,0.0,False,0.0,False,0.0,1-2人気,2-5倍
202505040702,2025,3.0,1.0,2.0,5.3,2.0,2.5,False,0.0,True,1.7666666666666666,False,0.0,False,0.0,False,0.0,False,0.0,False,0.0,3-5人気,5-10倍
202505040703,2025,1.0,2.0,3.0,1.9,4.9,6.4,False,0.0,True,0.6333333333333333,True,2.266666666666667,False,0.0,False,0.0,False,0.0,False,0.0,1-2人気,1-2倍
202505040704,2025,1.0,2.0,3.0,3.6,3.8,4.4,False,0.0,False,0.0,False,0.0,False,0.0,False,0.0,False,0.0,False,0.0,1-2人気,2-5倍
202505040705,2025,1.0,2.0,3.0,3.1,3.2,5.1,False,0.0,False,0.0,False,0.0,False,0.0,False,0.0,False,0.0,False,0.0,1-2人気,2-5倍
202505040706,2025,1.0,7.0,3.0,1.6,34.6,5.4,True,1.6,True,0.5333333333333333,True,12.066666666666668,False,0.0,False,0.0,False,0.0,False,0.0,1-2人気,1-2倍
202505040707,2025,1.0,4.0,2.0,1.5,15.4,4.6,False,0.0,True,0.5,False,0.0,False,0.0,False,0.0,False,0.0,False,0.0,1-2人気,1-2倍
202505040708,2025,1.0,2.0,5.0,2.0,5.1,16.6,False,0.0,False,0.0,False,0.0,False,0.0,False,0.0,False,0.0,False,0.0,1-2人気,1-2倍
202505040709,2025,3.0,1.0,4.0,4.4,1.9,15.0,False,0.0,True,1.4666666666666668,True,2.1,False,0.0,False,0.0,False,0.0,False,0.0,3-5人気,2-5倍
202505040710,2025,1.0,9.0,3.0,1.7,27.7,9.5,False,0.0,True,0.5666666666666667,False,0.0,False,0.0,False,0.0,False,0.0,False,0.0,1-2人気,1-2倍
202505040711,2025,6.0,1.0,7.0,10.2,3.5,11.0,False,0.0,False,0.0,False,0.0,False,0.0,False,0.0,False,0.0,False,0.0,6-10人気,10-20倍
202505040712,2025,6.0,8.0,5.0,12.7,27.5,10.9,True,12.7,True,4.233333333333333,False,0.0,False,0.0,False,0.0,False,0.0,False,0.0,6-10人気,10-20倍
202505040801,2025,1.0,2.0,5.0,1.7,3.6,19.7,False,0.0,True,0.5666666666666667,True,1.7666666666666666,True,0.612,False,0.0,False,0.0,False,0.0,1-2人気,1-2倍
202505040802,2025,1.0,3.0,2.0,1.1,10.6,5.4,False,0.0,False,0.0,False,0.0,False,0.0,False,0.0,False,0.0,False,0.0,1-2人気,1-2倍
202505040803,2025,2.0,1.0,3.0,2.1,1.9,8.8,False,0.0,False,0.0,False,0.0,False,0.0,False,0.0,False,0.0,False,0.0,1-2人気,2-5倍
202505040804,2025,1.0,2.0,5.0,1.6,4.5,20.3,True,1.6,True,0.5333333333333333,True,2.033333333333333,False,0.0,False,0.0,False,0.0,False,0.0,1-2人気,1-2倍
202505040805,2025,2.0,3.0,1.0,2.9,3.8,2.6,False,0.0,True,0.9666666666666667,True,2.233333333333333,True,1.1019999999999999,False,0.0,True,0.9550666666666667,False,0.0,1-2人気,2-5倍
202505040806,2025,1.0,3.0,4.0,1.8,6.1,11.1,False,0.0,True,0.6,False,0.0,False,0.0,False,0.0,False,0.0,False,0.0,1-2人気,1-2倍
202505040807,2025,1.0,7.0,8.0,2.8,10.1,17.1,True,2.8,True,0.9333333333333332,False,0.0,False,0.0,False,0.0,False,0.0,False,0.0,1-2人気,2-5倍
202505040808,2025,2.0,4.0,5.0,3.0,10.9,13.4,True,3.0,True,1.0,True,4.633333333333334,False,0.0,False,0.0,False,0.0,False,0.0,1-2人気,2-5倍
202505040809,2025,6.0,1.0,2.0,16.9,2.3,4.4,False,0.0,False,0.0,False,0.0,False,0.0,False,0.0,False,0.0,False,0.0,6-10人気,10-20倍
202505040810,2025,4.0,3.0,11.0,10.7,5.0,79.7,True,10.7,True,3.5666666666666664,True,5.233333333333333,True,5.35,True,10.7,False,0.0,False,0.0,3-5人気,10-20倍
202505040811,2025,2.0,1.0,3.0,3.9,2.2,6.1,True,3.9,True,1.3,False,0.0,False,0.0,False,0.0,False,0.0,False,0.0,1-2人気,2-5倍
202505040812,2025,3.0,4.0,10.0,4.0,6.2,80.8,False,0.0,False,0.0,False,0.0,False,0.0,False,0.0,False,0.0,False,0.0,3-5人気,2-5倍
202505040901,2025,1.0,8.0,5.0,1.7,25.2,15.4,False,0.0,True,0.5666666666666667,False,0.0,False,0.0,False,0.0,False,0.0,False,0.0,1-2人気,1-2倍
202505040902,2025,1.0,2.0,4.0,1.8,4.9,7.7,True,1.8,True,0.6,False,0.0,False,0.0,False,0.0,False,0.0,False,0.0,1-2人気,1-2倍
202505040903,2025,2.0,1.0,3.0,2.8,1.7,10.8,False,0.0,True,0.9333333333333332,True,1.5,True,0.476,False,0.0,False,0.0,False,0.0,1-2人気,2-5倍
202505040904,2025,3.0,2.0,6.0,5.3,3.8,12.6,False,0.0,True,1.7666666666666666,False,0.0,False,0.0,False,0.0,False,0.0,False,0.0,3-5人気,5-10倍
202505040905,2025,2.0,7.0,3.0,3.4,17.9,6.0,True,3.4,True,1.1333333333333333,False,0.0,False,0.0,False,0.0,False,0.0,False,0.0,1-2人気,2-5倍
202505040906,2025,1.0,2.0,11.0,3.5,4.0,37.8,False,0.0,True,1.1666666666666667,False,0.0,False,0.0,False,0.0,False,0.0,False,0.0,1-2人気,2-5倍
202505040907,2025,6.0,3.0,5.0,10.6,7.0,9.2,False,0.0,False,0.0,False,0.0,False,0.0,False,0.0,False,0.0,False,0.0,6-10人気,10-20倍
202505040908,2025,1.0,3.0,5.0,1.6,7.9,18.4,False,0.0,False,0.0,False,0.0,False,0.0,False,0.0,False,0.0,False,0.0,1-2人気,1-2倍
202505040909,2025,7.0,1.0,4.0,13.4,3.1,9.6,False,0.0,False,0.0,False,0.0,False,0.0,False,0.0,False,0.0,False,0.0,6-10人気,10-20倍
202505040910,2025,4.0,2.0,10.0,7.2,4.5,87.1,False,0.0,False,0.0,False,0.0,False,0.0,False,0.0,False,0.0,False,0.0,3-5人気,5-10倍
202505040911,2025,3.0,6.0,15.0,8.1,14.0,209.2,False,0.0,False,0.0,False,0.0,False,0.0,False,0.0,False,0.0,False,0.0,3-5人気,5-10倍
202505040912,2025,1.0,2.0,7.0,3.4,4.5,15.4,True,3.4,True,1.1333333333333333,True,2.6333333333333333,True,1.5299999999999998,True,3.0599999999999996,False,0.0,False,0.0,1-2人気,2-5倍
202505041001,2025,1.0,2.0,5.0,1.3,5.6,23.4,True,1.3,True,0.43333333333333335,False,0.0,False,0.0,False,0.0,False,0.0,False,0.0,1-2人気,1-2倍
202505041002,2025,1.0,3.0,4.0,1.7,6.4,8.2,True,1.7,True,0.5666666666666667,False,0.0,False,0.0,False,0.0,False,0.0,False,0.0,1-2人気,1-2倍
202505041003,2025,1.0,2.0,3.0,1.8,3.1,4.5,True,1.8,True,0.6,True,1.6333333333333335,False,0.0,False,0.0,False,0.0,False,0.0,1-2人気,1-2倍
202505041004,2025,3.0,2.0,7.0,4.6,3.8,21.8,False,0.0,False,0.0,False,0.0,False,0.0,False,0.0,False,0.0,False,0.0,3-5人気,2-5倍
202505041005,2025,2.0,3.0,6.0,3.2,4.0,21.3,True,3.2,True,1.0666666666666667,True,2.4,False,0.0,False,0.0,False,0.0,False,0.0,1-2人気,2-5倍
202505041006,2025,2.0,3.0,5.0,4.3,5.1,13.8,False,0.0,False,0.0,False,0.0,False,0.0,False,0.0,False,0.0,False,0.0,1-2人気,2-5倍
202505041007,2025,2.0,11.0,4.0,6.6,28.6,7.6,False,0.0,True,2.1999999999999997,False,0.0,False,0.0,False,0.0,False,0.0,False,0.0,1-2人気,5-10倍
202505041008,2025,4.0,7.0,2.0,6.5,32.9,3.4,False,0.0,False,0.0,False,0.0,False,0.0,False,0.0,False,0.0,False,0.0,3-5人気,5-10倍
202505041009,2025,3.0,1.0,2.0,7.0,1.8,3.4,False,0.0,True,2.3333333333333335,True,2.9333333333333336,True,1.26,False,0.0,False,0.0,False,0.0,3-5人気,5-10倍
202505041010,2025,1.0,3.0,2.0,2.1,5.9,4.2,False,0.0,True,0.7000000000000001,False,0.0,False,0.0,False,0.0,False,0.0,False,0.0,1-2人気,2-5倍
202505041011,2025,5.0,1.0,9.0,9.3,5.6,18.0,False,0.0,False,0.0,False,0.0,False,0.0,False,0.0,False,0.0,False,0.0,3-5人気,5-10倍
202505041012,2025,1.0,2.0,4.0,2.2,2.5,11.8,True,2.2,True,0.7333333333333334,True,1.5666666666666667,True,0.55,True,1.1,True,2.1633333333333336,True,6.49,1-2人気,2-5倍
202505041101,2025,3.0,1.0,2.0,4.3,2.7,3.0,False,0.0,True,1.4333333333333333,True,2.3333333333333335,True,1.161,False,0.0,True,1.161,False,0.0,3-5人気,2-5倍
202505041102,2025,2.0,4.0,1.0,4.9,12.6,1.4,False,0.0,True,1.6333333333333335,False,0.0,False,0.0,False,0.0,False,0.0,False,0.0,1-2人気,2-5倍
202505041103,2025,1.0,2.0,3.0,1.4,3.5,5.2,True,1.4,True,0.4666666666666666,True,1.6333333333333335,False,0.0,False,0.0,False,0.0,False,0.0,1-2人気,1-2倍
202505041104,2025,4.0,1.0,2.0,5.9,3.0,3.8,False,0.0,False,0.0,False,0.0,False,0.0,False,0.0,False,0.0,False,0.0,3-5人気,5-10倍
202505041105,2025,1.0,3.0,4.0,1.3,6.5,12.2,True,1.3,True,0.43333333333333335,False,0.0,False,0.0,False,0.0,False,0.0,False,0.0,1-2人気,1-2倍
202505041106,2025,2.0,3.0,5.0,4.1,7.4,9.6,False,0.0,True,1.3666666666666665,False,0.0,False,0.0,False,0.0,False,0.0,False,0.0,1-2人気,2-5倍
202505041107,2025,6.0,2.0,5.0,14.2,4.4,12.7,False,0.0,False,0.0,False,0.0,False,0.0,False,0.0,False,0.0,False,0.0,6-10人気,10-20倍
202505041108,2025,1.0,2.0,3.0,1.9,1.9,7.4,False,0.0,False,0.0,False,0.0,False,0.0,False,0.0,False,0.0,False,0.0,1-2人気,1-2倍
202505041109,2025,1.0,4.0,6.0,2.0,8.0,17.4,False,0.0,True,0.6666666666666666,False,0.0,False,0.0,False,0.0,False,0.0,False,0.0,1-2人気,1-2倍
202505041110,2025,1.0,4.0,3.0,2.8,12.7,3.8,False,0.0,True,0.9333333333333332,False,0.0,False,0.0,False,0.0,False,0.0,False,0.0,1-2人気,2-5倍
202505041111,2025,4.0,2.0,10.0,7.7,6.6,27.7,False,0.0,False,0.0,False,0.0,False,0.0,False,0.0,False,0.0,False,0.0,3-5人気,5-10倍
202505041112,2025,1.0,2.0,10.0,1.9,3.3,99.4,True,1.9,True,0.6333333333333333,True,1.7333333333333332,True,0.627,True,1.254,False,0.0,False,0.0,1-2人気,1-2倍
202505050101,2025,1.0,5.0,4.0,2.9,9.7,4.9,False,0.0,False,0.0,False,0.0,False,0.0,False,0.0,False,0.0,False,0.0,1-2人気,2-5倍
202505050102,2025,2.0,1.0,7.0,2.0,1.6,79.3,True,2.0,True,0.6666666666666666,True,1.2,True,0.32,True,0.64,False,0.0,False,0.0,1-2人気,1-2倍
202505050103,2025,3.0,1.0,5.0,3.6,2.1,22.9,False,0.0,True,1.2,True,1.9000000000000001,True,0.756,False,0.0,False,0.0,False,0.0,3-5人気,2-5倍
202505050104,2025,8.0,1.0,7.0,21.3,2.4,19.3,False,0.0,True,7.1000000000000005,True,7.8999999999999995,False,0.0,False,0.0,False,0.0,False,0.0,6-10人気,20-50倍
202505050105,2025,1.0,2.0,4.0,1.5,2.5,24.2,False,0.0,False,0.0,False,0.0,False,0.0,False,0.0,False,0.0,False,0.0,1-2人気,1-2倍
202505050106,2025,1.0,2.0,7.0,3.0,5.1,25.6,False,0.0,False,0.0,False,0.0,False,0.0,False,0.0,False,0.0,False,0.0,1-2人気,2-5倍
202505050107,2025,5.0,2.0,8.0,11.8,3.7,15.1,False,0.0,False,0.0,False,0.0,False,0.0,False,0.0,False,0.0,False,0.0,3-5人気,10-20倍
202505050108,2025,2.0,1.0,4.0,4.1,1.5,9.3,False,0.0,True,1.3666666666666665,True,1.8666666666666665,False,0.0,False,0.0,False,0.0,False,0.0,1-2人気,2-5倍
202505050109,2025,1.0,2.0,10.0,1.7,4.2,104.6,True,1.7,True,0.5666666666666667,True,1.9666666666666668,True,0.714,True,1.428,False,0.0,False,0.0,1-2人気,1-2倍
202505050110,2025,1.0,7.0,2.0,2.2,27.6,3.3,False,0.0,True,0.7333333333333334,False,0.0,False,0.0,False,0.0,False,0.0,False,0.0,1-2人気,2-5倍
202505050111,2025,1.0,8.0,4.0,1.8,19.7,12.0,True,1.8,True,0.6,True,7.166666666666667,True,3.5460000000000003,True,7.0920000000000005,False,0.0,False,0.0,1-2人気,1-2倍
202505050112,2025,1.0,2.0,4.0,2.4,5.6,7.2,True,2.4,True,0.7999999999999999,True,2.6666666666666665,True,1.3439999999999999,True,2.6879999999999997,False,0.0,False,0.0,1-2人気,2-5倍
202505050201,2025,4.0,5.0,2.0,8.2,8.2,4.4,False,0.0,False,0.0,False,0.0,False,0.0,False,0.0,False,0.0,False,0.0,3-5人気,5-10倍
202505050202,2025,3.0,1.0,2.0,6.4,1.4,6.3,False,0.0,True,2.1333333333333333,True,2.6,True,0.8959999999999999,False,0.0,False,0.0,False,0.0,3-5人気,5-10倍
202505050203,2025,1.0,3.0,2.0,1.9,7.5,5.9,False,0.0,True,0.6333333333333333,True,3.1333333333333333,False,0.0,False,0.0,False,0.0,False,0.0,1-2人気,1-2倍
202505050204,2025,1.0,3.0,5.0,2.7,4.0,16.3,False,0.0,True,0.9,True,2.2333333333333334,False,0.0,False,0.0,False,0.0,False,0.0,1-2人気,2-5倍
202505050205,2025,1.0,2.0,4.0,1.7,3.2,14.7,False,0.0,True,0.5666666666666667,False,0.0,False,0.0,False,0.0,False,0.0,False,0.0,1-2人気,1-2倍
202505050206,2025,1.0,5.0,2.0,1.8,10.9,6.7,False,0.0,False,0.0,False,0.0,False,0.0,False,0.0,False,0.0,False,0.0,1-2人気,1-2倍
202505050207,2025,2.0,1.0,4.0,4.4,2.6,7.3,True,4.4,True,1.4666666666666668,False,0.0,False,0.0,False,0.0,False,0.0,False,0.0,1-2人気,2-5倍
202505050208,2025,2.0,13.0,1.0,3.9,96.6,3.1,True,3.9,True,1.3,False,0.0,False,0.0,False,0.0,False,0.0,False,0.0,1-2人気,2-5倍
202505050209,2025,3.0,1.0,14.0,7.2,1.7,174.9,False,0.0,False,0.0,False,0.0,False,0.0,False,0.0,False,0.0,False,0.0,3-5人気,5-10倍
202505050210,2025,1.0,6.0,5.0,1.4,23.3,11.1,True,1.4,True,0.4666666666666666,True,8.233333333333333,False,0.0,False,0.0,False,0.0,False,0.0,1-2人気,1-2倍
202505050211,2025,1.0,12.0,13.0,3.4,41.0,52.7,False,0.0,True,1.1333333333333333,False,0.0,False,0.0,False,0.0,False,0.0,False,0.0,1-2人気,2-5倍
202505050212,2025,1.0,2.0,6.0,2.8,4.7,22.3,False,0.0,False,0.0,False,0.0,False,0.0,False,0.0,False,0.0,False,0.0,1-2人気,2-5倍
202505050301,2025,4.0,1.0,2.0,14.5,1.2,5.1,False,0.0,False,0.0,False,0.0,False,0.0,False,0.0,False,0.0,False,0.0,3-5人気,10-20倍
202505050302,2025,3.0,1.0,6.0,7.0,1.5,20.1,False,0.0,True,2.3333333333333335,True,2.8333333333333335,True,1.05,False,0.0,False,0.0,False,0.0,3-5人気,5-10倍
202505050303,2025,4.0,1.0,3.0,8.2,1.7,7.9,False,0.0,False,0.0,False,0.0,False,0.0,False,0.0,False,0.0,False,0.0,3-5人気,5-10倍
202505050304,2025,2.0,4.0,3.0,3.6,4.1,3.9,False,0.0,False,0.0,False,0.0,False,0.0,False,0.0,False,0.0,False,0.0,1-2人気,2-5倍
202505050305,2025,4.0,1.0,3.0,6.5,2.1,5.4,False,0.0,True,2.1666666666666665,True,2.8666666666666667,False,0.0,False,0.0,False,0.0,False,0.0,3-5人気,5-10倍
202505050306,2025,2.0,1.0,6.0,4.7,1.5,22.9,False,0.0,True,1.5666666666666667,True,2.066666666666667,False,0.0,False,0.0,False,0.0,False,0.0,1-2人気,2-5倍
202505050307,2025,1.0,3.0,2.0,2.2,5.2,4.6,True,2.2,True,0.7333333333333334,True,2.466666666666667,True,1.1440000000000001,True,2.2880000000000003,True,1.7541333333333333,True,5.2624,1-2人気,2-5倍
202505050308,2025,3.0,2.0,6.0,4.8,3.8,28.2,False,0.0,True,1.5999999999999999,True,2.8666666666666667,False,0.0,False,0.0,False,0.0,False,0.0,3-5人気,2-5倍
202505050309,2025,1.0,3.0,12.0,1.8,8.3,81.6,False,0.0,True,0.6,True,3.366666666666667,False,0.0,False,0.0,False,0.0,False,0.0,1-2人気,1-2倍
202505050310,2025,2.0,8.0,3.0,3.8,29.9,6.6,False,0.0,False,0.0,False,0.0,False,0.0,False,0.0,False,0.0,False,0.0,1-2人気,2-5倍
202505050311,2025,1.0,2.0,5.0,2.8,3.8,11.8,False,0.0,True,0.9333333333333332,False,0.0,False,0.0,False,0.0,False,0.0,False,0.0,1-2人気,2-5倍
202505050312,2025,2.0,1.0,5.0,3.6,2.1,17.0,False,0.0,True,1.2,True,1.9000000000000001,True,0.756,False,0.0,False,0.0,False,0.0,1-2人気,2-5倍
202505050401,2025,3.0,1.0,4.0,5.0,3.1,6.0,False,0.0,False,0.0,False,0.0,False,0.0,False,0.0,False,0.0,False,0.0,3-5人気,2-5倍
202505050402,2025,4.0,3.0,1.0,6.9,4.2,2.9,False,0.0,True,2.3000000000000003,False,0.0,False,0.0,False,0.0,False,0.0,False,0.0,3-5人気,5-10倍
202505050403,2025,1.0,2.0,4.0,2.6,2.6,6.0,False,0.0,True,0.8666666666666667,True,1.7333333333333334,False,0.0,False,0.0,False,0.0,False,0.0,1-2人気,2-5倍
202505050404,2025,3.0,1.0,14.0,6.8,1.5,182.8,False,0.0,False,0.0,False,0.0,False,0.0,False,0.0,False,0.0,False,0.0,3-5人気,5-10倍
202505050405,2025,3.0,5.0,2.0,9.9,14.5,6.6,False,0.0,False,0.0,False,0.0,False,0.0,False,0.0,False,0.0,False,0.0,3-5人気,5-10倍
202505050406,2025,3.0,1.0,2.0,5.3,3.3,3.8,False,0.0,False,0.0,False,0.0,False,0.0,False,0.0,False,0.0,False,0.0,3-5人気,5-10倍
202505050407,2025,4.0,6.0,10.0,7.1,12.6,27.1,False,0.0,False,0.0,False,0.0,False,0.0,False,0.0,False,0.0,False,0.0,3-5人気,5-10倍
202505050408,2025,10.0,1.0,5.0,100.8,1.7,19.3,False,0.0,False,0.0,False,0.0,False,0.0,False,0.0,False,0.0,False,0.0,6-10人気,50倍以上
202505050409,2025,1.0,2.0,3.0,2.7,2.9,4.8,False,0.0,True,0.9,True,1.8666666666666665,False,0.0,False,0.0,False,0.0,False,0.0,1-2人気,2-5倍
202505050410,2025,5.0,1.0,2.0,7.7,3.6,4.8,False,0.0,False,0.0,False,0.0,False,0.0,False,0.0,False,0.0,False,0.0,3-5人気,5-10倍
202505050411,2025,2.0,11.0,4.0,6.2,26.8,6.7,False,0.0,False,0.0,False,0.0,False,0.0,False,0.0,False,0.0,False,0.0,1-2人気,5-10倍
202505050412,2025,3.0,1.0,2.0,6.2,2.3,3.3,True,6.2,True,2.066666666666667,False,0.0,False,0.0,False,0.0,False,0.0,False,0.0,3-5人気,5-10倍
202505050501,2025,1.0,6.0,3.0,2.7,11.9,8.6,False,0.0,False,0.0,False,0.0,False,0.0,False,0.0,False,0.0,False,0.0,1-2人気,2-5倍
202505050502,2025,1.0,4.0,3.0,1.4,10.4,10.3,True,1.4,True,0.4666666666666666,False,0.0,False,0.0,False,0.0,False,0.0,False,0.0,1-2人気,1-2倍
202505050503,2025,4.0,6.0,7.0,5.7,15.5,40.6,False,0.0,False,0.0,False,0.0,False,0.0,False,0.0,False,0.0,False,0.0,3-5人気,5-10倍
202505050504,2025,4.0,7.0,2.0,7.3,22.5,3.7,False,0.0,False,0.0,False,0.0,False,0.0,False,0.0,False,0.0,False,0.0,3-5人気,5-10倍
202505050505,2025,3.0,1.0,5.0,5.5,1.8,15.7,False,0.0,False,0.0,False,0.0,False,0.0,False,0.0,False,0.0,False,0.0,3-5人気,5-10倍
202505050506,2025,2.0,9.0,1.0,3.7,61.9,3.1,True,3.7,True,1.2333333333333334,False,0.0,False,0.0,False,0.0,False,0.0,False,0.0,1-2人気,2-5倍
202505050507,2025,6.0,4.0,1.0,9.6,8.6,3.4,False,0.0,False,0.0,False,0.0,False,0.0,False,0.0,False,0.0,False,0.0,6-10人気,5-10倍
202505050508,2025,12.0,2.0,3.0,69.8,4.0,4.6,False,0.0,False,0.0,False,0.0,False,0.0,False,0.0,False,0.0,False,0.0,11人気以下,50倍以上
202505050509,2025,1.0,3.0,4.0,2.7,4.5,6.4,False,0.0,True,0.9,True,2.4,False,0.0,False,0.0,False,0.0,False,0.0,1-2人気,2-5倍
202505050510,2025,5.0,3.0,15.0,10.4,6.1,218.1,False,0.0,False,0.0,False,0.0,False,0.0,False,0.0,False,0.0,False,0.0,3-5人気,10-20倍
202505050511,2025,5.0,11.0,3.0,17.4,53.4,7.6,False,0.0,True,5.8,False,0.0,False,0.0,False,0.0,False,0.0,False,0.0,3-5人気,10-20倍
202505050512,2025,1.0,13.0,14.0,4.3,48.7,64.1,False,0.0,False,0.0,False,0.0,False,0.0,False,0.0,False,0.0,False,0.0,1-2人気,2-5倍
202505050601,2025,1.0,3.0,2.0,1.1,13.4,6.1,False,0.0,True,0.3666666666666667,False,0.0,False,0.0,False,0.0,False,0.0,False,0.0,1-2人気,1-2倍
202505050602,2025,1.0,3.0,5.0,1.9,9.1,15.9,True,1.9,True,0.6333333333333333,False,0.0,False,0.0,False,0.0,False,0.0,False,0.0,1-2人気,1-2倍
202505050603,2025,1.0,3.0,6.0,1.3,13.1,29.3,True,1.3,True,0.43333333333333335,True,4.8,False,0.0,False,0.0,False,0.0,False,0.0,1-2人気,1-2倍
202505050604,2025,2.0,1.0,4.0,2.8,1.5,15.2,True,2.8,True,0.9333333333333332,True,1.4333333333333333,True,0.41999999999999993,True,0.8399999999999999,True,2.1279999999999997,True,6.383999999999999,1-2人気,2-5倍
202505050605,2025,1.0,2.0,5.0,2.5,3.0,12.7,False,0.0,True,0.8333333333333334,False,0.0,False,0.0,False,0.0,False,0.0,False,0.0,1-2人気,2-5倍
202505050606,2025,2.0,5.0,1.0,6.7,14.4,1.5,False,0.0,False,0.0,False,0.0,False,0.0,False,0.0,False,0.0,False,0.0,1-2人気,5-10倍
202505050607,2025,1.0,7.0,2.0,1.6,28.1,5.2,False,0.0,True,0.5333333333333333,False,0.0,False,0.0,False,0.0,False,0.0,False,0.0,1-2人気,1-2倍
202505050608,2025,1.0,6.0,3.0,2.1,22.2,5.6,True,2.1,True,0.7000000000000001,False,0.0,False,0.0,False,0.0,False,0.0,False,0.0,1-2人気,2-5倍
202505050609,2025,2.0,1.0,7.0,4.3,1.9,35.6,False,0.0,True,1.4333333333333333,True,2.0666666666666664,False,0.0,False,0.0,False,0.0,False,0.0,1-2人気,2-5倍
202505050610,2025,1.0,12.0,5.0,1.3,130.8,24.6,False,0.0,True,0.43333333333333335,False,0.0,False,0.0,False,0.0,False,0.0,False,0.0,1-2人気,1-2倍
202505050611,2025,3.0,1.0,11.0,7.3,2.3,95.2,True,7.3,True,2.433333333333333,False,0.0,False,0.0,False,0.0,False,0.0,False,0.0,3-5人気,5-10倍
202505050612,2025,1.0,4.0,6.0,2.4,7.1,17.7,True,2.4,True,0.7999999999999999,True,3.1666666666666665,False,0.0,False,0.0,False,0.0,False,0.0,1-2人気,2-5倍
202505050701,2025,3.0,4.0,1.0,5.0,5.1,3.8,False,0.0,True,1.6666666666666667,False,0.0,False,0.0,False,0.0,False,0.0,False,0.0,3-5人気,2-5倍
202505050702,2025,1.0,4.0,2.0,2.7,6.0,4.6,False,0.0,True,0.9,False,0.0,False,0.0,False,0.0,False,0.0,False,0.0,1-2人気,2-5倍
202505050703,2025,2.0,1.0,3.0,3.4,2.7,5.2,False,0.0,False,0.0,False,0.0,False,0.0,False,0.0,False,0.0,False,0.0,1-2人気,2-5倍
202505050704,2025,2.0,1.0,10.0,4.4,2.0,53.1,False,0.0,False,0.0,False,0.0,False,0.0,False,0.0,False,0.0,False,0.0,1-2人気,2-5倍
202505050705,2025,1.0,2.0,4.0,2.4,2.6,11.3,True,2.4,True,0.7999999999999999,False,0.0,False,0.0,False,0.0,False,0.0,False,0.0,1-2人気,2-5倍
202505050706,2025,2.0,5.0,4.0,4.0,12.4,7.4,False,0.0,False,0.0,False,0.0,False,0.0,False,0.0,False,0.0,False,0.0,1-2人気,2-5倍
202505050707,2025,1.0,3.0,7.0,1.6,6.3,27.7,True,1.6,True,0.5333333333333333,True,2.6333333333333333,False,0.0,False,0.0,False,0.0,False,0.0,1-2人気,1-2倍
202505050708,2025,2.0,8.0,7.0,3.7,27.3,17.3,True,3.7,True,1.2333333333333334,False,0.0,False,0.0,False,0.0,False,0.0,False,0.0,1-2人気,2-5倍
202505050709,2025,2.0,6.0,3.0,2.5,27.8,9.7,False,0.0,False,0.0,False,0.0,False,0.0,False,0.0,False,0.0,False,0.0,1-2人気,2-5倍
202505050710,2025,3.0,1.0,6.0,4.5,2.3,22.7,False,0.0,True,1.5,False,0.0,False,0.0,False,0.0,False,0.0,False,0.0,3-5人気,2-5倍
202505050711,2025,4.0,3.0,6.0,7.2,6.5,8.8,False,0.0,False,0.0,False,0.0,False,0.0,False,0.0,False,0.0,False,0.0,3-5人気,5-10倍
202505050712,2025,1.0,2.0,3.0,1.5,3.2,5.5,True,1.5,True,0.5,False,0.0,False,0.0,False,0.0,False,0.0,False,0.0,1-2人気,1-2倍
202505050801,2025,1.0,3.0,4.0,2.5,7.0,8.6,False,0.0,True,0.8333333333333334,False,0.0,False,0.0,False,0.0,False,0.0,False,0.0,1-2人気,2-5倍
202505050802,2025,1.0,2.0,3.0,1.1,7.4,8.7,False,0.0,True,0.3666666666666667,True,2.8333333333333335,True,0.8140000000000001,False,0.0,True,2.3606,False,0.0,1-2人気,1-2倍
202505050803,2025,1.0,2.0,11.0,1.6,5.1,205.6,True,1.6,True,0.5333333333333333,False,0.0,False,0.0,False,0.0,False,0.0,False,0.0,1-2人気,1-2倍
202505050804,2025,1.0,2.0,4.0,1.5,4.8,8.0,False,0.0,True,0.5,False,0.0,False,0.0,False,0.0,False,0.0,False,0.0,1-2人気,1-2倍
202505050805,2025,1.0,2.0,6.0,3.2,3.7,30.1,False,0.0,False,0.0,False,0.0,False,0.0,False,0.0,False,0.0,False,0.0,1-2人気,2-5倍
202505050806,2025,5.0,4.0,2.0,7.9,6.5,3.6,False,0.0,False,0.0,False,0.0,False,0.0,False,0.0,False,0.0,False,0.0,3-5人気,5-10倍
202505050807,2025,2.0,1.0,3.0,3.5,2.5,4.0,False,0.0,False,0.0,False,0.0,False,0.0,False,0.0,False,0.0,False,0.0,1-2人気,2-5倍
202505050808,2025,1.0,3.0,2.0,2.1,4.8,3.7,True,2.1,True,0.7000000000000001,False,0.0,False,0.0,False,0.0,False,0.0,False,0.0,1-2人気,2-5倍
202505050809,2025,8.0,2.0,1.0,72.5,3.3,2.0,False,0.0,False,0.0,False,0.0,False,0.0,False,0.0,False,0.0,False,0.0,6-10人気,50倍以上
202505050810,2025,9.0,11.0,6.0,27.9,43.5,19.6,False,0.0,True,9.299999999999999,False,0.0,False,0.0,False,0.0,False,0.0,False,0.0,6-10人気,20-50倍
202505050811,2025,1.0,3.0,2.0,3.2,5.6,3.3,True,3.2,True,1.0666666666666667,True,2.9333333333333336,True,1.7919999999999998,True,3.5839999999999996,False,0.0,False,0.0,1-2人気,2-5倍
202505050812,2025,5.0,11.0,1.0,12.2,72.4,2.5,False,0.0,False,0.0,False,0.0,False,0.0,False,0.0,False,0.0,False,0.0,3-5人気,10-20倍
202506010101,2025,5.0,4.0,1.0,11.6,8.4,2.5,False,0.0,False,0.0,False,0.0,False,0.0,False,0.0,False,0.0,False,0.0,3-5人気,10-20倍
202506010102,2025,4.0,2.0,1.0,7.5,5.2,2.3,False,0.0,True,2.5,False,0.0,False,0.0,False,0.0,False,0.0,False,0.0,3-5人気,5-10倍
202506010103,2025,2.0,1.0,10.0,4.8,2.5,73.2,False,0.0,False,0.0,False,0.0,False,0.0,False,0.0,False,0.0,False,0.0,1-2人気,2-5倍
202506010104,2025,7.0,3.0,5.0,21.4,7.9,13.7,False,0.0,False,0.0,False,0.0,False,0.0,False,0.0,False,0.0,False,0.0,6-10人気,20-50倍
202506010105,2025,3.0,1.0,7.0,7.2,2.2,13.9,True,7.2,True,2.4,False,0.0,False,0.0,False,0.0,False,0.0,False,0.0,3-5人気,5-10倍
202506010106,2025,2.0,1.0,10.0,6.3,2.0,35.1,False,0.0,False,0.0,False,0.0,False,0.0,False,0.0,False,0.0,False,0.0,1-2人気,5-10倍
202506010107,2025,5.0,6.0,1.0,8.1,12.5,3.2,False,0.0,False,0.0,False,0.0,False,0.0,False,0.0,False,0.0,False,0.0,3-5人気,5-10倍
202506010108,2025,7.0,4.0,1.0,13.6,7.4,2.9,False,0.0,False,0.0,False,0.0,False,0.0,False,0.0,False,0.0,False,0.0,6-10人気,10-20倍
202506010109,2025,4.0,7.0,3.0,5.8,26.1,4.7,False,0.0,False,0.0,False,0.0,False,0.0,False,0.0,False,0.0,False,0.0,3-5人気,5-10倍
202506010110,2025,3.0,4.0,2.0,5.8,8.9,5.5,False,0.0,False,0.0,False,0.0,False,0.0,False,0.0,False,0.0,False,0.0,3-5人気,5-10倍
202506010111,2025,2.0,5.0,6.0,4.6,8.5,10.2,False,0.0,False,0.0,False,0.0,False,0.0,False,0.0,False,0.0,False,0.0,1-2人気,2-5倍
202506010112,2025,1.0,3.0,10.0,3.2,5.8,90.8,False,0.0,False,0.0,False,0.0,False,0.0,False,0.0,False,0.0,False,0.0,1-2人気,2-5倍
202506010201,2025,1.0,4.0,3.0,2.6,6.2,4.7,False,0.0,False,0.0,False,0.0,False,0.0,False,0.0,False,0.0,False,0.0,1-2人気,2-5倍
202506010202,2025,2.0,3.0,1.0,3.4,4.4,2.3,False,0.0,False,0.0,False,0.0,False,0.0,False,0.0,False,0.0,False,0.0,1-2人気,2-5倍
202506010203,2025,1.0,4.0,5.0,1.6,14.2,15.4,False,0.0,True,0.5333333333333333,False,0.0,False,0.0,False,0.0,False,0.0,False,0.0,1-2人気,1-2倍
202506010204,2025,9.0,12.0,1.0,20.5,38.7,4.3,False,0.0,False,0.0,False,0.0,False,0.0,False,0.0,False,0.0,False,0.0,6-10人気,20-50倍
202506010205,2025,1.0,8.0,3.0,2.3,19.7,7.0,False,0.0,True,0.7666666666666666,False,0.0,False,0.0,False,0.0,False,0.0,False,0.0,1-2人気,2-5倍
202506010206,2025,2.0,1.0,8.0,4.8,2.0,29.0,False,0.0,False,0.0,False,0.0,False,0.0,False,0.0,False,0.0,False,0.0,1-2人気,2-5倍
202506010207,2025,1.0,2.0,4.0,1.6,5.1,13.4,False,0.0,True,0.5333333333333333,False,0.0,False,0.0,False,0.0,False,0.0,False,0.0,1-2人気,1-2倍
202506010208,2025,3.0,2.0,1.0,6.2,5.4,2.0,False,0.0,False,0.0,False,0.0,False,0.0,False,0.0,False,0.0,False,0.0,3-5人気,5-10倍
202506010209,2025,2.0,8.0,6.0,7.2,24.6,15.8,False,0.0,False,0.0,False,0.0,False,0.0,False,0.0,False,0.0,False,0.0,1-2人気,5-10倍
202506010210,2025,8.0,4.0,5.0,20.7,6.4,7.1,False,0.0,False,0.0,False,0.0,False,0.0,False,0.0,False,0.0,False,0.0,6-10人気,20-50倍
202506010211,2025,2.0,1.0,3.0,4.1,2.5,8.7,False,0.0,False,0.0,False,0.0,False,0.0,False,0.0,False,0.0,False,0.0,1-2人気,2-5倍
202506010212,2025,2.0,1.0,7.0,4.4,2.7,21.9,False,0.0,False,0.0,False,0.0,False,0.0,False,0.0,False,0.0,False,0.0,1-2人気,2-5倍
202506010301,2025,2.0,6.0,5.0,3.9,9.1,8.7,True,3.9,True,1.3,False,0.0,False,0.0,False,0.0,False,0.0,False,0.0,1-2人気,2-5倍
202506010302,2025,1.0,2.0,3.0,3.0,3.2,3.9,False,0.0,True,1.0,True,2.066666666666667,True,0.9600000000000002,False,0.0,True,1.2480000000000002,False,0.0,1-2人気,2-5倍
202506010303,2025,1.0,5.0,6.0,2.5,8.4,12.6,True,2.5,True,0.8333333333333334,False,0.0,False,0.0,False,0.0,False,0.0,False,0.0,1-2人気,2-5倍
202506010304,2025,3.0,8.0,1.0,5.2,29.2,3.5,False,0.0,False,0.0,False,0.0,False,0.0,False,0.0,False,0.0,False,0.0,3-5人気,5-10倍
202506010305,2025,1.0,3.0,4.0,1.9,8.0,9.5,False,0.0,True,0.6333333333333333,False,0.0,False,0.0,False,0.0,False,0.0,False,0.0,1-2人気,1-2倍
202506010306,2025,2.0,3.0,1.0,4.9,5.0,2.3,False,0.0,False,0.0,False,0.0,False,0.0,False,0.0,False,0.0,False,0.0,1-2人気,2-5倍
202506010307,2025,3.0,1.0,2.0,5.0,4.6,4.8,False,0.0,True,1.6666666666666667,False,0.0,False,0.0,False,0.0,False,0.0,False,0.0,3-5人気,2-5倍
202506010308,2025,3.0,4.0,10.0,4.5,6.0,37.8,False,0.0,False,0.0,False,0.0,False,0.0,False,0.0,False,0.0,False,0.0,3-5人気,2-5倍
202506010309,2025,1.0,5.0,2.0,2.8,10.6,2.8,True,2.8,True,0.9333333333333332,False,0.0,False,0.0,False,0.0,False,0.0,False,0.0,1-2人気,2-5倍
202506010310,2025,6.0,5.0,4.0,10.6,8.6,6.0,False,0.0,False,0.0,False,0.0,False,0.0,False,0.0,False,0.0,False,0.0,6-10人気,10-20倍
202506010311,2025,7.0,3.0,1.0,16.4,6.5,3.5,False,0.0,False,0.0,False,0.0,False,0.0,False,0.0,False,0.0,False,0.0,6-10人気,10-20倍
202506010312,2025,3.0,1.0,2.0,4.5,3.2,3.7,True,4.5,True,1.5,True,2.566666666666667,False,0.0,False,0.0,True,1.776,False,0.0,3-5人気,2-5倍
202506010401,2025,3.0,1.0,6.0,8.5,2.0,32.0,False,0.0,False,0.0,False,0.0,False,0.0,False,0.0,False,0.0,False,0.0,3-5人気,5-10倍
202506010402,2025,1.0,2.0,5.0,1.2,6.5,23.6,True,1.2,True,0.39999999999999997,True,2.566666666666667,False,0.0,False,0.0,False,0.0,False,0.0,1-2人気,1-2倍
202506010403,2025,1.0,2.0,4.0,2.1,3.2,10.7,False,0.0,False,0.0,False,0.0,False,0.0,False,0.0,False,0.0,False,0.0,1-2人気,2-5倍
202506010404,2025,5.0,1.0,12.0,10.8,2.8,57.4,False,0.0,False,0.0,False,0.0,False,0.0,False,0.0,False,0.0,False,0.0,3-5人気,10-20倍
202506010405,2025,1.0,6.0,4.0,3.0,12.5,8.2,False,0.0,False,0.0,False,0.0,False,0.0,False,0.0,False,0.0,False,0.0,1-2人気,2-5倍
202506010406,2025,3.0,5.0,12.0,6.3,7.8,64.4,False,0.0,True,2.1,False,0.0,False,0.0,False,0.0,False,0.0,False,0.0,3-5人気,5-10倍
202506010407,2025,1.0,2.0,6.0,2.0,3.1,25.3,True,2.0,True,0.6666666666666666,False,0.0,False,0.0,False,0.0,False,0.0,False,0.0,1-2人気,1-2倍
202506010408,2025,3.0,1.0,7.0,6.9,2.4,20.4,False,0.0,False,0.0,False,0.0,False,0.0,False,0.0,False,0.0,False,0.0,3-5人気,5-10倍
202506010409,2025,5.0,3.0,6.0,7.9,5.6,21.5,False,0.0,False,0.0,False,0.0,False,0.0,False,0.0,False,0.0,False,0.0,3-5人気,5-10倍
202506010410,2025,4.0,3.0,10.0,8.1,4.9,35.6,False,0.0,False,0.0,False,0.0,False,0.0,False,0.0,False,0.0,False,0.0,3-5人気,5-10倍
202506010411,2025,2.0,3.0,5.0,5.9,6.1,6.6,True,5.9,True,1.9666666666666668,False,0.0,False,0.0,False,0.0,False,0.0,False,0.0,1-2人気,5-10倍
202506010412,2025,1.0,4.0,11.0,2.7,6.6,53.7,True,2.7,True,0.9,True,3.1,False,0.0,False,0.0,False,0.0,False,0.0,1-2人気,2-5倍
202506010501,2025,1.0,3.0,5.0,1.1,10.3,23.8,True,1.1,True,0.3666666666666667,True,3.8000000000000003,True,1.1330000000000002,True,2.2660000000000005,False,0.0,False,0.0,1-2人気,1-2倍
202506010502,2025,3.0,6.0,1.0,6.3,9.2,3.4,False,0.0,False,0.0,False,0.0,False,0.0,False,0.0,False,0.0,False,0.0,3-5人気,5-10倍
202506010503,2025,3.0,4.0,6.0,5.2,5.6,9.5,False,0.0,False,0.0,False,0.0,False,0.0,False,0.0,False,0.0,False,0.0,3-5人気,5-10倍
202506010504,2025,7.0,2.0,5.0,17.8,5.6,10.7,False,0.0,False,0.0,False,0.0,False,0.0,False,0.0,False,0.0,False,0.0,6-10人気,10-20倍
202506010505,2025,7.0,10.0,1.0,13.8,37.4,2.4,False,0.0,False,0.0,False,0.0,False,0.0,False,0.0,False,0.0,False,0.0,6-10人気,10-20倍
202506010506,2025,1.0,3.0,4.0,3.5,4.8,7.0,False,0.0,True,1.1666666666666667,False,0.0,False,0.0,False,0.0,False,0.0,False,0.0,1-2人気,2-5倍
202506010507,2025,1.0,5.0,2.0,2.2,10.3,4.4,False,0.0,True,0.7333333333333334,False,0.0,False,0.0,False,0.0,False,0.0,False,0.0,1-2人気,2-5倍
202506010508,2025,3.0,2.0,10.0,3.7,3.4,62.7,False,0.0,True,1.2333333333333334,True,2.3666666666666667,True,1.258,False,0.0,False,0.0,False,0.0,3-5人気,2-5倍
202506010509,2025,1.0,4.0,2.0,4.4,7.3,4.8,False,0.0,False,0.0,False,0.0,False,0.0,False,0.0,False,0.0,False,0.0,1-2人気,2-5倍
202506010510,2025,11.0,6.0,8.0,30.4,16.5,28.4,False,0.0,False,0.0,False,0.0,False,0.0,False,0.0,False,0.0,False,0.0,11人気以下,20-50倍
202506010511,2025,6.0,3.0,1.0,19.7,6.9,2.5,False,0.0,False,0.0,False,0.0,False,0.0,False,0.0,False,0.0,False,0.0,6-10人気,10-20倍
202506010512,2025,3.0,4.0,15.0,5.8,7.6,237.2,True,5.8,True,1.9333333333333333,False,0.0,False,0.0,False,0.0,False,0.0,False,0.0,3-5人気,5-10倍
202506010601,2025,3.0,2.0,5.0,8.8,5.5,14.2,False,0.0,False,0.0,False,0.0,False,0.0,False,0.0,False,0.0,False,0.0,3-5人気,5-10倍
202506010602,2025,1.0,5.0,4.0,3.4,7.6,6.3,False,0.0,False,0.0,False,0.0,False,0.0,False,0.0,False,0.0,False,0.0,1-2人気,2-5倍
202506010603,2025,5.0,7.0,1.0,7.4,14.7,3.4,False,0.0,False,0.0,False,0.0,False,0.0,False,0.0,False,0.0,False,0.0,3-5人気,5-10倍
202506010604,2025,6.0,1.0,5.0,9.8,2.7,8.4,False,0.0,False,0.0,False,0.0,False,0.0,False,0.0,False,0.0,False,0.0,6-10人気,5-10倍
202506010605,2025,1.0,3.0,2.0,1.8,6.2,6.0,False,0.0,True,0.6,False,0.0,False,0.0,False,0.0,False,0.0,False,0.0,1-2人気,1-2倍
202506010606,2025,1.0,5.0,2.0,3.5,7.5,4.9,False,0.0,False,0.0,False,0.0,False,0.0,False,0.0,False,0.0,False,0.0,1-2人気,2-5倍
202506010607,2025,4.0,3.0,11.0,7.6,4.2,46.4,False,0.0,False,0.0,False,0.0,False,0.0,False,0.0,False,0.0,False,0.0,3-5人気,5-10倍
202506010608,2025,11.0,1.0,2.0,60.8,2.5,4.8,False,0.0,True,20.266666666666666,False,0.0,False,0.0,False,0.0,False,0.0,False,0.0,11人気以下,50倍以上
202506010609,2025,3.0,2.0,5.0,7.2,6.9,16.4,False,0.0,False,0.0,False,0.0,False,0.0,False,0.0,False,0.0,False,0.0,3-5人気,5-10倍
202506010610,2025,2.0,1.0,3.0,4.7,3.6,6.3,True,4.7,True,1.5666666666666667,True,2.766666666666667,True,1.6920000000000002,True,3.3840000000000003,False,0.0,False,0.0,1-2人気,2-5倍
202506010611,2025,1.0,2.0,4.0,3.4,4.0,10.7,False,0.0,True,1.1333333333333333,False,0.0,False,0.0,False,0.0,False,0.0,False,0.0,1-2人気,2-5倍
202506010612,2025,3.0,2.0,1.0,6.9,2.9,2.0,False,0.0,False,0.0,False,0.0,False,0.0,False,0.0,False,0.0,False,0.0,3-5人気,5-10倍
202506010701,2025,2.0,3.0,8.0,3.8,6.3,55.1,False,0.0,True,1.2666666666666666,False,0.0,False,0.0,False,0.0,False,0.0,False,0.0,1-2人気,2-5倍
202506010702,2025,1.0,2.0,10.0,1.3,6.3,89.4,True,1.3,True,0.43333333333333335,True,2.533333333333333,True,0.819,True,1.638,False,0.0,False,0.0,1-2人気,1-2倍
202506010703,2025,2.0,6.0,1.0,4.5,15.2,3.8,False,0.0,False,0.0,False,0.0,False,0.0,False,0.0,False,0.0,False,0.0,1-2人気,2-5倍
202506010704,2025,1.0,7.0,5.0,3.4,15.1,9.3,False,0.0,False,0.0,False,0.0,False,0.0,False,0.0,False,0.0,False,0.0,1-2人気,2-5倍
202506010705,2025,7.0,1.0,4.0,32.6,2.0,8.1,False,0.0,False,0.0,False,0.0,False,0.0,False,0.0,False,0.0,False,0.0,6-10人気,20-50倍
202506010706,2025,2.0,7.0,4.0,3.8,20.9,6.8,True,3.8,True,1.2666666666666666,False,0.0,False,0.0,False,0.0,False,0.0,False,0.0,1-2人気,2-5倍
202506010707,2025,2.0,1.0,10.0,6.2,1.3,78.1,False,0.0,False,0.0,False,0.0,False,0.0,False,0.0,False,0.0,False,0.0,1-2人気,5-10倍
202506010708,2025,9.0,3.0,4.0,29.4,7.3,7.4,False,0.0,False,0.0,False,0.0,False,0.0,False,0.0,False,0.0,False,0.0,6-10人気,20-50倍
202506010709,2025,2.0,6.0,7.0,4.2,10.3,15.2,True,4.2,True,1.4000000000000001,False,0.0,False,0.0,False,0.0,False,0.0,False,0.0,1-2人気,2-5倍
202506010710,2025,2.0,3.0,7.0,3.3,7.1,21.5,False,0.0,False,0.0,False,0.0,False,0.0,False,0.0,False,0.0,False,0.0,1-2人気,2-5倍
202506010711,2025,1.0,8.0,2.0,3.1,19.9,3.7,False,0.0,False,0.0,False,0.0,False,0.0,False,0.0,False,0.0,False,0.0,1-2人気,2-5倍
202506010712,2025,1.0,2.0,3.0,4.1,4.3,5.4,False,0.0,False,0.0,False,0.0,False,0.0,False,0.0,False,0.0,False,0.0,1-2人気,2-5倍
202506010801,2025,1.0,2.0,11.0,2.4,4.6,77.5,False,0.0,True,0.7999999999999999,True,2.3333333333333335,False,0.0,False,0.0,False,0.0,False,0.0,1-2人気,2-5倍
202506010802,2025,3.0,1.0,4.0,4.4,2.6,5.4,False,0.0,False,0.0,False,0.0,False,0.0,False,0.0,False,0.0,False,0.0,3-5人気,2-5倍
202506010803,2025,3.0,4.0,1.0,4.6,5.9,2.8,False,0.0,True,1.5333333333333332,False,0.0,False,0.0,False,0.0,False,0.0,False,0.0,3-5人気,2-5倍
202506010804,2025,6.0,12.0,2.0,13.7,37.8,4.5,False,0.0,False,0.0,False,0.0,False,0.0,False,0.0,False,0.0,False,0.0,6-10人気,10-20倍
202506010805,2025,1.0,3.0,2.0,2.4,6.2,5.8,True,2.4,True,0.7999999999999999,False,0.0,False,0.0,False,0.0,False,0.0,False,0.0,1-2人気,2-5倍
202506010806,2025,1.0,3.0,2.0,1.4,5.4,5.0,True,1.4,True,0.4666666666666666,True,2.266666666666667,True,0.756,True,1.512,False,0.0,False,0.0,1-2人気,1-2倍
202506010807,2025,11.0,3.0,5.0,45.9,5.5,6.6,False,0.0,False,0.0,False,0.0,False,0.0,False,0.0,False,0.0,False,0.0,11人気以下,20-50倍
202506010808,2025,1.0,4.0,6.0,1.8,10.3,14.2,True,1.8,True,0.6,False,0.0,False,0.0,False,0.0,False,0.0,False,0.0,1-2人気,1-2倍
202506010809,2025,4.0,2.0,1.0,6.2,3.7,2.4,False,0.0,False,0.0,False,0.0,False,0.0,False,0.0,False,0.0,False,0.0,3-5人気,5-10倍
202506010810,2025,2.0,6.0,8.0,3.3,22.2,53.9,True,3.3,True,1.0999999999999999,False,0.0,False,0.0,False,0.0,False,0.0,False,0.0,1-2人気,2-5倍
202506010811,2025,4.0,5.0,3.0,11.1,11.3,6.0,False,0.0,False,0.0,False,0.0,False,0.0,False,0.0,False,0.0,False,0.0,3-5人気,10-20倍
202506010812,2025,1.0,4.0,7.0,2.1,13.5,34.7,False,0.0,True,0.7000000000000001,True,5.2,True,2.835,False,0.0,False,0.0,False,0.0,1-2人気,2-5倍
202506010901,2025,1.0,9.0,6.0,1.4,40.8,25.2,True,1.4,True,0.4666666666666666,False,0.0,False,0.0,False,0.0,False,0.0,False,0.0,1-2人気,1-2倍
202506010902,2025,1.0,2.0,12.0,1.9,4.9,64.3,True,1.9,True,0.6333333333333333,False,0.0,False,0.0,False,0.0,False,0.0,False,0.0,1-2人気,1-2倍
202506010903,2025,1.0,5.0,4.0,1.4,26.6,20.4,True,1.4,True,0.4666666666666666,False,0.0,False,0.0,False,0.0,False,0.0,False,0.0,1-2人気,1-2倍
202506010904,2025,4.0,2.0,5.0,5.9,4.1,7.5,False,0.0,False,0.0,False,0.0,False,0.0,False,0.0,False,0.0,False,0.0,3-5人気,5-10倍
202506010905,2025,1.0,3.0,2.0,1.6,6.0,3.6,True,1.6,True,0.5333333333333333,True,2.533333333333333,True,0.9600000000000002,True,1.9200000000000004,True,1.1520000000000004,True,3.456000000000001,1-2人気,1-2倍
202506010906,2025,10.0,6.0,7.0,35.2,9.6,17.3,False,0.0,False,0.0,False,0.0,False,0.0,False,0.0,False,0.0,False,0.0,6-10人気,20-50倍
202506010907,2025,1.0,7.0,2.0,2.6,14.8,4.9,True,2.6,True,0.8666666666666667,False,0.0,False,0.0,False,0.0,False,0.0,False,0.0,1-2人気,2-5倍
202506010908,2025,2.0,3.0,9.0,3.8,4.7,40.2,False,0.0,True,1.2666666666666666,False,0.0,False,0.0,False,0.0,False,0.0,False,0.0,1-2人気,2-5倍
202506010909,2025,1.0,3.0,5.0,2.8,3.9,15.5,False,0.0,True,0.9333333333333332,False,0.0,False,0.0,False,0.0,False,0.0,False,0.0,1-2人気,2-5倍
202506010910,2025,1.0,10.0,5.0,2.2,48.4,18.1,False,0.0,False,0.0,False,0.0,False,0.0,False,0.0,False,0.0,False,0.0,1-2人気,2-5倍
202506010911,2025,2.0,7.0,4.0,2.9,27.6,8.2,False,0.0,False,0.0,False,0.0,False,0.0,False,0.0,False,0.0,False,0.0,1-2人気,2-5倍
202506010912,2025,1.0,2.0,5.0,2.6,3.5,9.9,False,0.0,True,0.8666666666666667,True,2.033333333333333,False,0.0,False,0.0,False,0.0,False,0.0,1-2人気,2-5倍
202506020101,2025,1.0,4.0,2.0,2.1,16.7,2.9,True,2.1,True,0.7000000000000001,True,6.266666666666667,True,3.507,True,7.014,False,0.0,False,0.0,1-2人気,2-5倍
202506020102,2025,2.0,3.0,8.0,3.1,4.6,59.2,False,0.0,False,0.0,False,0.0,False,0.0,False,0.0,False,0.0,False,0.0,1-2人気,2-5倍
202506020103,2025,6.0,1.0,2.0,15.6,2.7,3.2,False,0.0,False,0.0,False,0.0,False,0.0,False,0.0,False,0.0,False,0.0,6-10人気,10-20倍
202506020104,2025,8.0,1.0,11.0,49.5,2.3,231.9,False,0.0,False,0.0,False,0.0,False,0.0,False,0.0,False,0.0,False,0.0,6-10人気,20-50倍
202506020105,2025,1.0,2.0,7.0,2.6,4.2,18.8,False,0.0,False,0.0,False,0.0,False,0.0,False,0.0,False,0.0,False,0.0,1-2人気,2-5倍
202506020106,2025,2.0,4.0,1.0,3.9,10.8,1.7,False,0.0,False,0.0,False,0.0,False,0.0,False,0.0,False,0.0,False,0.0,1-2人気,2-5倍
202506020107,2025,1.0,2.0,4.0,2.3,2.4,9.9,True,2.3,True,0.7666666666666666,True,1.5666666666666664,False,0.0,False,0.0,False,0.0,False,0.0,1-2人気,2-5倍
202506020108,2025,13.0,1.0,9.0,97.9,1.6,31.1,False,0.0,False,0.0,False,0.0,False,0.0,False,0.0,False,0.0,False,0.0,11人気以下,50倍以上
202506020109,2025,1.0,2.0,4.0,2.1,5.7,6.6,False,0.0,True,0.7000000000000001,False,0.0,False,0.0,False,0.0,False,0.0,False,0.0,1-2人気,2-5倍
202506020110,2025,1.0,14.0,2.0,3.1,78.7,3.3,True,3.1,True,1.0333333333333334,False,0.0,False,0.0,False,0.0,False,0.0,False,0.0,1-2人気,2-5倍
202506020111,2025,1.0,10.0,5.0,2.7,45.3,9.6,True,2.7,True,0.9,False,0.0,False,0.0,False,0.0,False,0.0,False,0.0,1-2人気,2-5倍
202506020112,2025,5.0,3.0,1.0,13.3,5.6,1.7,False,0.0,False,0.0,False,0.0,False,0.0,False,0.0,False,0.0,False,0.0,3-5人気,10-20倍
202506020201,2025,2.0,1.0,3.0,3.2,1.8,11.1,True,3.2,True,1.0666666666666667,True,1.6666666666666667,True,0.5760000000000001,True,1.1520000000000001,False,0.0,False,0.0,1-2人気,2-5倍
202506020202,2025,2.0,4.0,5.0,2.7,13.1,18.3,False,0.0,False,0.0,False,0.0,False,0.0,False,0.0,False,0.0,False,0.0,1-2人気,2-5倍
202506020203,2025,1.0,2.0,5.0,2.6,3.3,8.9,False,0.0,False,0.0,False,0.0,False,0.0,False,0.0,False,0.0,False,0.0,1-2人気,2-5倍
202506020204,2025,4.0,7.0,1.0,9.0,36.4,1.6,False,0.0,False,0.0,False,0.0,False,0.0,False,0.0,False,0.0,False,0.0,3-5人気,5-10倍
202506020205,2025,2.0,3.0,1.0,4.0,4.1,3.2,False,0.0,True,1.3333333333333333,False,0.0,False,0.0,False,0.0,False,0.0,False,0.0,1-2人気,2-5倍
202506020206,2025,2.0,8.0,13.0,5.4,33.7,78.6,False,0.0,False,0.0,False,0.0,False,0.0,False,0.0,False,0.0,False,0.0,1-2人気,5-10倍
202506020207,2025,3.0,1.0,4.0,5.3,1.8,8.1,False,0.0,False,0.0,False,0.0,False,0.0,False,0.0,False,0.0,False,0.0,3-5人気,5-10倍
202506020208,2025,7.0,5.0,2.0,22.7,7.4,3.9,False,0.0,False,0.0,False,0.0,False,0.0,False,0.0,False,0.0,False,0.0,6-10人気,20-50倍
202506020209,2025,1.0,7.0,3.0,1.8,41.2,5.6,False,0.0,False,0.0,False,0.0,False,0.0,False,0.0,False,0.0,False,0.0,1-2人気,1-2倍
202506020210,2025,6.0,5.0,2.0,21.4,17.2,2.9,False,0.0,True,7.133333333333333,False,0.0,False,0.0,False,0.0,False,0.0,False,0.0,6-10人気,20-50倍
202506020211,2025,2.0,8.0,7.0,3.1,30.4,29.6,True,3.1,True,1.0333333333333334,False,0.0,False,0.0,False,0.0,False,0.0,False,0.0,1-2人気,2-5倍
202506020212,2025,2.0,7.0,8.0,4.1,14.7,19.8,False,0.0,False,0.0,False,0.0,False,0.0,False,0.0,False,0.0,False,0.0,1-2人気,2-5倍
202506020301,2025,4.0,3.0,2.0,6.5,5.4,4.2,False,0.0,False,0.0,False,0.0,False,0.0,False,0.0,False,0.0,False,0.0,3-5人気,5-10倍
202506020302,2025,2.0,3.0,4.0,3.2,7.2,7.2,False,0.0,True,1.0666666666666667,False,0.0,False,0.0,False,0.0,False,0.0,False,0.0,1-2人気,2-5倍
202506020303,2025,2.0,1.0,3.0,2.7,1.7,6.7,False,0.0,True,0.9,True,1.4666666666666668,True,0.45899999999999996,False,0.0,False,0.0,False,0.0,1-2人気,2-5倍
202506020304,2025,2.0,1.0,4.0,3.6,1.7,9.6,True,3.6,True,1.2,False,0.0,False,0.0,False,0.0,False,0.0,False,0.0,1-2人気,2-5倍
202506020305,2025,2.0,1.0,4.0,4.5,1.5,11.8,False,0.0,True,1.5,True,2.0,True,0.675,False,0.0,False,0.0,False,0.0,1-2人気,2-5倍
202506020306,2025,6.0,1.0,4.0,13.5,2.8,8.7,False,0.0,False,0.0,False,0.0,False,0.0,False,0.0,False,0.0,False,0.0,6-10人気,10-20倍
202506020307,2025,2.0,4.0,5.0,2.7,14.8,15.9,False,0.0,False,0.0,False,0.0,False,0.0,False,0.0,False,0.0,False,0.0,1-2人気,2-5倍
202506020308,2025,6.0,4.0,10.0,12.3,9.9,26.8,False,0.0,False,0.0,False,0.0,False,0.0,False,0.0,False,0.0,False,0.0,6-10人気,10-20倍
202506020309,2025,1.0,2.0,5.0,2.1,2.8,20.8,True,2.1,True,0.7000000000000001,True,1.6333333333333335,False,0.0,False,0.0,False,0.0,False,0.0,1-2人気,2-5倍
202506020310,2025,10.0,2.0,7.0,30.8,5.0,21.7,False,0.0,False,0.0,False,0.0,False,0.0,False,0.0,False,0.0,False,0.0,6-10人気,20-50倍
202506020311,2025,7.0,4.0,5.0,10.9,7.9,9.1,False,0.0,False,0.0,False,0.0,False,0.0,False,0.0,False,0.0,False,0.0,6-10人気,10-20倍
202506020312,2025,3.0,2.0,12.0,5.2,4.8,172.4,False,0.0,False,0.0,False,0.0,False,0.0,False,0.0,False,0.0,False,0.0,3-5人気,5-10倍
202506020401,2025,3.0,10.0,2.0,7.3,70.1,3.4,False,0.0,False,0.0,False,0.0,False,0.0,False,0.0,False,0.0,False,0.0,3-5人気,5-10倍
202506020402,2025,2.0,5.0,8.0,6.5,7.6,15.7,False,0.0,False,0.0,False,0.0,False,0.0,False,0.0,False,0.0,False,0.0,1-2人気,5-10倍
202506020403,2025,1.0,2.0,9.0,1.4,3.9,54.4,True,1.4,True,0.4666666666666666,True,1.7666666666666666,True,0.546,True,1.092,False,0.0,False,0.0,1-2人気,1-2倍
202506020404,2025,6.0,4.0,5.0,13.7,8.5,10.7,False,0.0,False,0.0,False,0.0,False,0.0,False,0.0,False,0.0,False,0.0,6-10人気,10-20倍
202506020405,2025,1.0,5.0,2.0,2.2,14.6,3.8,False,0.0,False,0.0,False,0.0,False,0.0,False,0.0,False,0.0,False,0.0,1-2人気,2-5倍
202506020406,2025,1.0,6.0,8.0,2.1,12.2,15.4,False,0.0,False,0.0,False,0.0,False,0.0,False,0.0,False,0.0,False,0.0,1-2人気,2-5倍
202506020407,2025,7.0,2.0,5.0,23.3,3.4,11.1,False,0.0,False,0.0,False,0.0,False,0.0,False,0.0,False,0.0,False,0.0,6-10人気,20-50倍
202506020408,2025,2.0,5.0,1.0,4.0,13.5,2.3,False,0.0,True,1.3333333333333333,False,0.0,False,0.0,False,0.0,False,0.0,False,0.0,1-2人気,2-5倍
202506020409,2025,4.0,1.0,3.0,13.3,1.7,5.3,False,0.0,False,0.0,False,0.0,False,0.0,False,0.0,False,0.0,False,0.0,3-5人気,10-20倍
202506020410,2025,10.0,2.0,1.0,53.3,4.6,1.4,False,0.0,True,17.766666666666666,True,19.3,False,0.0,False,0.0,False,0.0,False,0.0,6-10人気,50倍以上
202506020411,2025,3.0,11.0,2.0,5.3,58.8,4.5,False,0.0,False,0.0,False,0.0,False,0.0,False,0.0,False,0.0,False,0.0,3-5人気,5-10倍
202506020412,2025,9.0,1.0,5.0,67.8,3.4,6.1,False,0.0,False,0.0,False,0.0,False,0.0,False,0.0,False,0.0,False,0.0,6-10人気,50倍以上
202506020501,2025,2.0,3.0,6.0,3.6,9.0,36.2,True,3.6,True,1.2,False,0.0,False,0.0,False,0.0,False,0.0,False,0.0,1-2人気,2-5倍
202506020502,2025,1.0,2.0,5.0,2.0,2.9,12.4,False,0.0,False,0.0,False,0.0,False,0.0,False,0.0,False,0.0,False,0.0,1-2人気,1-2倍
202506020503,2025,1.0,3.0,12.0,2.2,10.9,96.1,False,0.0,False,0.0,False,0.0,False,0.0,False,0.0,False,0.0,False,0.0,1-2人気,2-5倍
202506020504,2025,1.0,4.0,2.0,2.2,6.2,4.0,False,0.0,True,0.7333333333333334,False,0.0,False,0.0,False,0.0,False,0.0,False,0.0,1-2人気,2-5倍
202506020505,2025,1.0,3.0,4.0,4.5,4.8,5.2,False,0.0,False,0.0,False,0.0,False,0.0,False,0.0,False,0.0,False,0.0,1-2人気,2-5倍
202506020506,2025,1.0,6.0,3.0,1.5,22.0,10.6,True,1.5,True,0.5,True,7.833333333333333,True,3.3,True,6.6,False,0.0,False,0.0,1-2人気,1-2倍
202506020507,2025,8.0,1.0,11.0,39.8,1.5,75.7,False,0.0,False,0.0,False,0.0,False,0.0,False,0.0,False,0.0,False,0.0,6-10人気,20-50倍
202506020508,2025,6.0,1.0,7.0,14.5,2.5,24.4,False,0.0,False,0.0,False,0.0,False,0.0,False,0.0,False,0.0,False,0.0,6-10人気,10-20倍
202506020509,2025,9.0,2.0,7.0,29.8,8.1,10.7,False,0.0,False,0.0,False,0.0,False,0.0,False,0.0,False,0.0,False,0.0,6-10人気,20-50倍
202506020510,2025,3.0,2.0,4.0,4.5,4.5,7.6,False,0.0,False,0.0,False,0.0,False,0.0,False,0.0,False,0.0,False,0.0,3-5人気,2-5倍
202506020511,2025,1.0,4.0,2.0,2.6,9.9,4.4,False,0.0,True,0.8666666666666667,True,4.166666666666667,False,0.0,False,0.0,False,0.0,False,0.0,1-2人気,2-5倍
202506020512,2025,1.0,3.0,2.0,2.4,8.9,5.0,False,0.0,False,0.0,False,0.0,False,0.0,False,0.0,False,0.0,False,0.0,1-2人気,2-5倍
202506020601,2025,4.0,2.0,3.0,6.3,4.0,4.7,False,0.0,False,0.0,False,0.0,False,0.0,False,0.0,False,0.0,False,0.0,3-5人気,5-10倍
202506020602,2025,1.0,3.0,15.0,1.6,7.8,334.9,True,1.6,True,0.5333333333333333,False,0.0,False,0.0,False,0.0,False,0.0,False,0.0,1-2人気,1-2倍
202506020603,2025,1.0,2.0,6.0,1.7,2.9,17.9,False,0.0,True,0.5666666666666667,True,1.5333333333333332,False,0.0,False,0.0,True,2.941566666666666,False,0.0,1-2人気,1-2倍
202506020604,2025,2.0,1.0,4.0,4.1,3.5,7.0,False,0.0,False,0.0,False,0.0,False,0.0,False,0.0,False,0.0,False,0.0,1-2人気,2-5倍
202506020605,2025,3.0,2.0,7.0,4.9,3.6,20.8,False,0.0,False,0.0,False,0.0,False,0.0,False,0.0,False,0.0,False,0.0,3-5人気,2-5倍
202506020606,2025,1.0,2.0,3.0,3.1,3.1,3.7,False,0.0,False,0.0,False,0.0,False,0.0,False,0.0,False,0.0,False,0.0,1-2人気,2-5倍
202506020607,2025,2.0,7.0,8.0,3.8,15.4,21.0,False,0.0,False,0.0,False,0.0,False,0.0,False,0.0,False,0.0,False,0.0,1-2人気,2-5倍
202506020608,2025,3.0,7.0,4.0,5.5,21.5,6.6,False,0.0,False,0.0,False,0.0,False,0.0,False,0.0,False,0.0,False,0.0,3-5人気,5-10倍
202506020609,2025,14.0,8.0,15.0,65.5,22.7,82.0,False,0.0,False,0.0,False,0.0,False,0.0,False,0.0,False,0.0,False,0.0,11人気以下,50倍以上
202506020610,2025,2.0,5.0,3.0,3.8,9.2,5.5,False,0.0,False,0.0,False,0.0,False,0.0,False,0.0,False,0.0,False,0.0,1-2人気,2-5倍
202506020611,2025,5.0,3.0,4.0,10.4,5.3,5.7,False,0.0,False,0.0,False,0.0,False,0.0,False,0.0,False,0.0,False,0.0,3-5人気,10-20倍
202506020612,2025,6.0,4.0,2.0,12.2,9.8,3.6,False,0.0,False,0.0,False,0.0,False,0.0,False,0.0,False,0.0,False,0.0,6-10人気,10-20倍
202506020701,2025,1.0,2.0,5.0,1.9,2.0,42.9,False,0.0,True,0.6333333333333333,True,1.3,True,0.38,False,0.0,False,0.0,False,0.0,1-2人気,1-2倍
202506020702,2025,5.0,1.0,2.0,9.5,1.8,3.9,True,9.5,True,3.1666666666666665,False,0.0,False,0.0,False,0.0,False,0.0,False,0.0,3-5人気,5-10倍
202506020703,2025,1.0,3.0,4.0,1.9,7.8,9.1,False,0.0,True,0.6333333333333333,False,0.0,False,0.0,False,0.0,False,0.0,False,0.0,1-2人気,1-2倍
202506020704,2025,1.0,2.0,5.0,2.2,2.7,24.9,True,2.2,True,0.7333333333333334,True,1.6333333333333335,True,0.5940000000000001,True,1.1880000000000002,False,0.0,False,0.0,1-2人気,2-5倍
202506020705,2025,1.0,4.0,6.0,1.6,10.5,16.7,False,0.0,False,0.0,False,0.0,False,0.0,False,0.0,False,0.0,False,0.0,1-2人気,1-2倍
202506020706,2025,1.0,2.0,4.0,3.1,3.1,12.3,False,0.0,False,0.0,False,0.0,False,0.0,False,0.0,False,0.0,False,0.0,1-2人気,2-5倍
202506020707,2025,8.0,6.0,7.0,17.5,9.9,12.0,False,0.0,False,0.0,False,0.0,False,0.0,False,0.0,False,0.0,False,0.0,6-10人気,10-20倍
202506020708,2025,5.0,3.0,11.0,13.7,5.5,63.7,False,0.0,False,0.0,False,0.0,False,0.0,False,0.0,False,0.0,False,0.0,3-5人気,10-20倍
202506020709,2025,4.0,7.0,3.0,7.7,27.0,4.4,False,0.0,False,0.0,False,0.0,False,0.0,False,0.0,False,0.0,False,0.0,3-5人気,5-10倍
202506020710,2025,4.0,3.0,11.0,12.2,7.1,77.8,False,0.0,True,4.066666666666666,False,0.0,False,0.0,False,0.0,False,0.0,False,0.0,3-5人気,10-20倍
202506020711,2025,1.0,5.0,3.0,1.9,14.4,6.6,False,0.0,True,0.6333333333333333,True,5.433333333333334,True,2.7359999999999998,False,0.0,False,0.0,False,0.0,1-2人気,1-2倍
202506020712,2025,1.0,2.0,3.0,3.0,4.4,5.0,False,0.0,False,0.0,False,0.0,False,0.0,False,0.0,False,0.0,False,0.0,1-2人気,2-5倍
202506020801,2025,4.0,3.0,1.0,8.5,4.4,2.1,False,0.0,False,0.0,False,0.0,False,0.0,False,0.0,False,0.0,False,0.0,3-5人気,5-10倍
202506020802,2025,4.0,12.0,1.0,5.4,147.3,4.1,True,5.4,True,1.8,False,0.0,False,0.0,False,0.0,False,0.0,False,0.0,3-5人気,5-10倍
202506020803,2025,1.0,3.0,4.0,1.6,5.8,14.6,True,1.6,True,0.5333333333333333,False,0.0,False,0.0,False,0.0,False,0.0,False,0.0,1-2人気,1-2倍
202506020804,2025,5.0,11.0,9.0,8.6,81.9,32.5,False,0.0,False,0.0,False,0.0,False,0.0,False,0.0,False,0.0,False,0.0,3-5人気,5-10倍
202506020805,2025,4.0,1.0,9.0,7.2,2.8,26.5,True,7.2,True,2.4,False,0.0,False,0.0,False,0.0,False,0.0,False,0.0,3-5人気,5-10倍
202506020806,2025,1.0,7.0,2.0,1.9,39.2,3.4,False,0.0,False,0.0,False,0.0,False,0.0,False,0.0,False,0.0,False,0.0,1-2人気,1-2倍
202506020807,2025,5.0,3.0,11.0,8.9,8.2,39.5,False,0.0,False,0.0,False,0.0,False,0.0,False,0.0,False,0.0,False,0.0,3-5人気,5-10倍
202506020808,2025,5.0,11.0,6.0,8.2,97.6,11.2,False,0.0,False,0.0,False,0.0,False,0.0,False,0.0,False,0.0,False,0.0,3-5人気,5-10倍
202506020809,2025,1.0,4.0,2.0,1.7,8.3,4.4,False,0.0,False,0.0,False,0.0,False,0.0,False,0.0,False,0.0,False,0.0,1-2人気,1-2倍
202506020810,2025,9.0,3.0,4.0,17.7,6.6,7.6,False,0.0,False,0.0,False,0.0,False,0.0,False,0.0,False,0.0,False,0.0,6-10人気,10-20倍
202506020811,2025,9.0,1.0,6.0,24.3,2.4,16.1,False,0.0,False,0.0,False,0.0,False,0.0,False,0.0,False,0.0,False,0.0,6-10人気,20-50倍
202506020812,2025,2.0,8.0,9.0,4.7,16.7,26.9,True,4.7,True,1.5666666666666667,False,0.0,False,0.0,False,0.0,False,0.0,False,0.0,1-2人気,2-5倍
202506030101,2025,1.0,9.0,7.0,1.1,89.5,71.3,True,1.1,True,0.3666666666666667,False,0.0,False,0.0,False,0.0,False,0.0,False,0.0,1-2人気,1-2倍
202506030102,2025,1.0,8.0,7.0,1.7,28.8,17.5,True,1.7,True,0.5666666666666667,False,0.0,False,0.0,False,0.0,False,0.0,False,0.0,1-2人気,1-2倍
202506030103,2025,3.0,1.0,2.0,4.0,3.0,3.8,False,0.0,True,1.3333333333333333,True,2.3333333333333335,False,0.0,False,0.0,False,0.0,False,0.0,3-5人気,2-5倍
202506030104,2025,2.0,1.0,10.0,2.3,2.2,100.4,False,0.0,True,0.7666666666666666,True,1.5,True,0.506,False,0.0,False,0.0,False,0.0,1-2人気,2-5倍
202506030105,2025,1.0,2.0,3.0,1.8,3.0,4.8,False,0.0,True,0.6,True,1.5999999999999999,False,0.0,False,0.0,True,0.8640000000000001,False,0.0,1-2人気,1-2倍
202506030106,2025,1.0,3.0,4.0,2.1,4.8,5.9,False,0.0,True,0.7000000000000001,False,0.0,False,0.0,False,0.0,False,0.0,False,0.0,1-2人気,2-5倍
202506030107,2025,8.0,6.0,3.0,36.3,18.3,6.9,False,0.0,False,0.0,False,0.0,False,0.0,False,0.0,False,0.0,False,0.0,6-10人気,20-50倍
202506030108,2025,4.0,7.0,2.0,5.3,15.1,4.7,False,0.0,False,0.0,False,0.0,False,0.0,False,0.0,False,0.0,False,0.0,3-5人気,5-10倍
202506030109,2025,4.0,1.0,3.0,8.0,2.2,6.6,False,0.0,False,0.0,False,0.0,False,0.0,False,0.0,False,0.0,False,0.0,3-5人気,5-10倍
202506030110,2025,1.0,6.0,2.0,1.3,24.6,5.3,True,1.3,True,0.43333333333333335,True,8.633333333333335,False,0.0,False,0.0,False,0.0,False,0.0,1-2人気,1-2倍
202506030111,2025,6.0,1.0,8.0,16.2,1.7,37.3,False,0.0,False,0.0,False,0.0,False,0.0,False,0.0,False,0.0,False,0.0,6-10人気,10-20倍
202506030112,2025,6.0,2.0,8.0,15.5,4.9,21.8,False,0.0,False,0.0,False,0.0,False,0.0,False,0.0,False,0.0,False,0.0,6-10人気,10-20倍
202506030201,2025,4.0,1.0,5.0,10.4,2.5,12.1,False,0.0,False,0.0,False,0.0,False,0.0,False,0.0,False,0.0,False,0.0,3-5人気,10-20倍
202506030202,2025,1.0,12.0,9.0,2.0,76.0,48.4,False,0.0,False,0.0,False,0.0,False,0.0,False,0.0,False,0.0,False,0.0,1-2人気,1-2倍
202506030203,2025,1.0,4.0,5.0,3.1,4.5,7.7,False,0.0,False,0.0,False,0.0,False,0.0,False,0.0,False,0.0,False,0.0,1-2人気,2-5倍
202506030204,2025,4.0,3.0,8.0,11.4,6.4,47.9,False,0.0,False,0.0,False,0.0,False,0.0,False,0.0,False,0.0,False,0.0,3-5人気,10-20倍
202506030205,2025,1.0,4.0,8.0,2.9,8.4,25.8,True,2.9,True,0.9666666666666667,False,0.0,False,0.0,False,0.0,False,0.0,False,0.0,1-2人気,2-5倍
202506030206,2025,13.0,3.0,1.0,79.3,4.9,3.8,False,0.0,False,0.0,False,0.0,False,0.0,False,0.0,False,0.0,False,0.0,11人気以下,50倍以上
202506030207,2025,2.0,5.0,12.0,3.9,14.1,191.9,False,0.0,False,0.0,False,0.0,False,0.0,False,0.0,False,0.0,False,0.0,1-2人気,2-5倍
202506030208,2025,9.0,3.0,10.0,28.7,5.2,47.2,False,0.0,False,0.0,False,0.0,False,0.0,False,0.0,False,0.0,False,0.0,6-10人気,20-50倍
202506030209,2025,1.0,3.0,7.0,1.7,6.7,51.4,False,0.0,True,0.5666666666666667,False,0.0,False,0.0,False,0.0,False,0.0,False,0.0,1-2人気,1-2倍
202506030210,2025,3.0,5.0,7.0,8.1,9.8,13.9,False,0.0,False,0.0,False,0.0,False,0.0,False,0.0,False,0.0,False,0.0,3-5人気,5-10倍
202506030211,2025,2.0,4.0,11.0,4.6,8.8,36.8,True,4.6,True,1.5333333333333332,False,0.0,False,0.0,False,0.0,False,0.0,False,0.0,1-2人気,2-5倍
202506030212,2025,1.0,6.0,11.0,2.2,11.2,52.8,False,0.0,True,0.7333333333333334,False,0.0,False,0.0,False,0.0,False,0.0,False,0.0,1-2人気,2-5倍
202506030301,2025,5.0,4.0,3.0,8.4,5.6,5.4,False,0.0,True,2.8000000000000003,True,4.666666666666667,True,4.704,False,0.0,False,0.0,False,0.0,3-5人気,5-10倍
202506030302,2025,1.0,8.0,10.0,1.1,72.5,194.5,True,1.1,True,0.3666666666666667,False,0.0,False,0.0,False,0.0,False,0.0,False,0.0,1-2人気,1-2倍
202506030303,2025,1.0,4.0,2.0,2.5,7.6,2.9,False,0.0,True,0.8333333333333334,False,0.0,False,0.0,False,0.0,False,0.0,False,0.0,1-2人気,2-5倍
202506030304,2025,1.0,4.0,5.0,3.4,6.7,10.3,False,0.0,True,1.1333333333333333,False,0.0,False,0.0,False,0.0,False,0.0,False,0.0,1-2人気,2-5倍
202506030305,2025,1.0,3.0,10.0,2.0,6.4,172.1,False,0.0,True,0.6666666666666666,False,0.0,False,0.0,False,0.0,False,0.0,False,0.0,1-2人気,1-2倍
202506030306,2025,1.0,8.0,13.0,1.7,86.0,241.5,True,1.7,True,0.5666666666666667,False,0.0,False,0.0,False,0.0,False,0.0,False,0.0,1-2人気,1-2倍
202506030307,2025,1.0,2.0,4.0,2.4,3.2,9.3,True,2.4,True,0.7999999999999999,True,1.8666666666666665,True,0.768,True,1.536,False,0.0,False,0.0,1-2人気,2-5倍
202506030308,2025,3.0,6.0,7.0,5.0,19.2,21.3,False,0.0,True,1.6666666666666667,False,0.0,False,0.0,False,0.0,False,0.0,False,0.0,3-5人気,2-5倍
202506030309,2025,1.0,4.0,6.0,1.6,14.0,28.7,True,1.6,True,0.5333333333333333,False,0.0,False,0.0,False,0.0,False,0.0,False,0.0,1-2人気,1-2倍
202506030310,2025,5.0,1.0,7.0,8.6,3.8,16.4,False,0.0,False,0.0,False,0.0,False,0.0,False,0.0,False,0.0,False,0.0,3-5人気,5-10倍
202506030311,2025,3.0,1.0,4.0,10.6,1.7,12.6,False,0.0,True,3.533333333333333,True,4.1,True,1.802,False,0.0,False,0.0,False,0.0,3-5人気,10-20倍
202506030312,2025,1.0,2.0,10.0,2.0,3.5,53.3,True,2.0,True,0.6666666666666666,False,0.0,False,0.0,False,0.0,False,0.0,False,0.0,1-2人気,1-2倍
202506030401,2025,1.0,2.0,5.0,2.2,2.4,14.6,False,0.0,True,0.7333333333333334,False,0.0,False,0.0,False,0.0,False,0.0,False,0.0,1-2人気,2-5倍
202506030402,2025,4.0,3.0,1.0,12.7,8.1,1.4,False,0.0,False,0.0,False,0.0,False,0.0,False,0.0,False,0.0,False,0.0,3-5人気,10-20倍
202506030403,2025,1.0,2.0,5.0,1.2,5.0,27.3,True,1.2,True,0.39999999999999997,True,2.066666666666667,False,0.0,False,0.0,False,0.0,False,0.0,1-2人気,1-2倍
202506030404,2025,5.0,2.0,6.0,7.7,4.2,9.5,True,7.7,True,2.566666666666667,False,0.0,False,0.0,False,0.0,False,0.0,False,0.0,3-5人気,5-10倍
202506030405,2025,11.0,3.0,1.0,111.7,9.7,1.9,False,0.0,False,0.0,False,0.0,False,0.0,False,0.0,False,0.0,False,0.0,11人気以下,50倍以上
202506030406,2025,2.0,3.0,8.0,3.5,4.6,32.8,False,0.0,True,1.1666666666666667,True,2.6999999999999997,True,1.6099999999999999,False,0.0,False,0.0,False,0.0,1-2人気,2-5倍
202506030407,2025,2.0,5.0,1.0,2.8,12.0,1.9,False,0.0,False,0.0,False,0.0,False,0.0,False,0.0,False,0.0,False,0.0,1-2人気,2-5倍
202506030408,2025,1.0,3.0,5.0,1.6,6.7,15.1,False,0.0,False,0.0,False,0.0,False,0.0,False,0.0,False,0.0,False,0.0,1-2人気,1-2倍
202506030409,2025,1.0,11.0,3.0,1.9,85.3,6.6,True,1.9,True,0.6333333333333333,False,0.0,False,0.0,False,0.0,False,0.0,False,0.0,1-2人気,1-2倍
202506030410,2025,8.0,4.0,11.0,22.8,10.5,54.8,False,0.0,False,0.0,False,0.0,False,0.0,False,0.0,False,0.0,False,0.0,6-10人気,20-50倍
202506030411,2025,3.0,7.0,13.0,4.4,24.6,63.7,False,0.0,False,0.0,False,0.0,False,0.0,False,0.0,False,0.0,False,0.0,3-5人気,2-5倍
202506030412,2025,1.0,3.0,8.0,1.7,6.2,34.3,True,1.7,True,0.5666666666666667,True,2.6333333333333333,False,0.0,False,0.0,False,0.0,False,0.0,1-2人気,1-2倍
202506030501,2025,1.0,4.0,3.0,1.9,11.7,4.2,False,0.0,False,0.0,False,0.0,False,0.0,False,0.0,False,0.0,False,0.0,1-2人気,1-2倍
202506030502,2025,1.0,2.0,4.0,1.9,4.1,12.0,False,0.0,True,0.6333333333333333,False,0.0,False,0.0,False,0.0,False,0.0,False,0.0,1-2人気,1-2倍
202506030503,2025,3.0,5.0,1.0,4.7,8.6,3.1,False,0.0,True,1.5666666666666667,False,0.0,False,0.0,False,0.0,False,0.0,False,0.0,3-5人気,2-5倍
202506030504,2025,1.0,8.0,7.0,2.3,18.9,16.4,True,2.3,True,0.7666666666666666,False,0.0,False,0.0,False,0.0,False,0.0,False,0.0,1-2人気,2-5倍
202506030505,2025,2.0,1.0,3.0,2.8,1.8,4.2,True,2.8,True,0.9333333333333332,True,1.5333333333333332,True,0.504,True,1.008,False,0.0,False,0.0,1-2人気,2-5倍
202506030506,2025,1.0,2.0,3.0,1.8,3.0,6.4,False,0.0,True,0.6,True,1.5999999999999999,False,0.0,False,0.0,False,0.0,False,0.0,1-2人気,1-2倍
202506030507,2025,7.0,1.0,2.0,14.3,3.5,3.9,False,0.0,False,0.0,False,0.0,False,0.0,False,0.0,False,0.0,False,0.0,6-10人気,10-20倍
202506030508,2025,2.0,4.0,11.0,3.4,14.1,27.2,False,0.0,False,0.0,False,0.0,False,0.0,False,0.0,False,0.0,False,0.0,1-2人気,2-5倍
202506030509,2025,1.0,3.0,2.0,2.1,4.2,4.2,False,0.0,True,0.7000000000000001,True,2.1,False,0.0,False,0.0,False,0.0,False,0.0,1-2人気,2-5倍
202506030510,2025,5.0,1.0,7.0,12.4,2.7,18.5,False,0.0,False,0.0,False,0.0,False,0.0,False,0.0,False,0.0,False,0.0,3-5人気,10-20倍
202506030511,2025,3.0,1.0,7.0,6.4,1.7,22.9,False,0.0,False,0.0,False,0.0,False,0.0,False,0.0,False,0.0,False,0.0,3-5人気,5-10倍
202506030512,2025,5.0,7.0,10.0,12.6,15.9,47.6,False,0.0,False,0.0,False,0.0,False,0.0,False,0.0,False,0.0,False,0.0,3-5人気,10-20倍
202506030601,2025,2.0,1.0,5.0,7.9,1.6,15.0,False,0.0,True,2.6333333333333333,True,3.1666666666666665,True,1.264,False,0.0,True,6.320000000000001,False,0.0,1-2人気,5-10倍
202506030602,2025,1.0,2.0,8.0,3.0,3.3,38.7,False,0.0,True,1.0,False,0.0,False,0.0,False,0.0,False,0.0,False,0.0,1-2人気,2-5倍
202506030603,2025,1.0,5.0,2.0,1.7,15.9,4.6,False,0.0,True,0.5666666666666667,False,0.0,False,0.0,False,0.0,False,0.0,False,0.0,1-2人気,1-2倍
202506030604,2025,1.0,3.0,4.0,3.4,5.6,5.7,True,3.4,True,1.1333333333333333,False,0.0,False,0.0,False,0.0,False,0.0,False,0.0,1-2人気,2-5倍
202506030605,2025,2.0,4.0,1.0,5.3,6.1,2.4,False,0.0,False,0.0,False,0.0,False,0.0,False,0.0,False,0.0,False,0.0,1-2人気,5-10倍
202506030606,2025,9.0,3.0,1.0,82.8,5.3,2.4,False,0.0,False,0.0,False,0.0,False,0.0,False,0.0,False,0.0,False,0.0,6-10人気,50倍以上
202506030607,2025,8.0,3.0,2.0,23.8,5.6,2.6,False,0.0,False,0.0,False,0.0,False,0.0,False,0.0,False,0.0,False,0.0,6-10人気,20-50倍
202506030608,2025,8.0,7.0,10.0,22.2,20.4,32.8,False,0.0,False,0.0,False,0.0,False,0.0,False,0.0,False,0.0,False,0.0,6-10人気,20-50倍
202506030609,2025,4.0,7.0,9.0,7.0,15.8,31.6,False,0.0,False,0.0,False,0.0,False,0.0,False,0.0,False,0.0,False,0.0,3-5人気,5-10倍
202506030610,2025,5.0,2.0,4.0,6.3,4.2,5.6,False,0.0,False,0.0,False,0.0,False,0.0,False,0.0,False,0.0,False,0.0,3-5人気,5-10倍
202506030611,2025,4.0,3.0,8.0,7.9,6.5,16.6,False,0.0,False,0.0,False,0.0,False,0.0,False,0.0,False,0.0,False,0.0,3-5人気,5-10倍
202506030612,2025,7.0,10.0,2.0,19.8,42.2,3.2,False,0.0,False,0.0,False,0.0,False,0.0,False,0.0,False,0.0,False,0.0,6-10人気,10-20倍
202506030701,2025,1.0,2.0,7.0,1.3,3.8,49.4,False,0.0,True,0.43333333333333335,True,1.7,True,0.49399999999999994,False,0.0,False,0.0,False,0.0,1-2人気,1-2倍
202506030702,2025,2.0,1.0,5.0,2.6,2.4,22.1,False,0.0,False,0.0,False,0.0,False,0.0,False,0.0,False,0.0,False,0.0,1-2人気,2-5倍
202506030703,2025,2.0,15.0,4.0,4.3,181.3,8.6,True,4.3,True,1.4333333333333333,False,0.0,False,0.0,False,0.0,False,0.0,False,0.0,1-2人気,2-5倍
202506030704,2025,1.0,2.0,4.0,1.8,2.9,15.7,True,1.8,True,0.6,True,1.5666666666666667,True,0.522,True,1.044,False,0.0,False,0.0,1-2人気,1-2倍
202506030705,2025,1.0,2.0,11.0,1.3,3.2,179.3,True,1.3,True,0.43333333333333335,True,1.5,True,0.41600000000000004,True,0.8320000000000001,False,0.0,False,0.0,1-2人気,1-2倍
202506030706,2025,1.0,2.0,3.0,1.8,3.4,5.7,False,0.0,True,0.6,True,1.7333333333333334,True,0.612,False,0.0,True,1.1628,False,0.0,1-2人気,1-2倍
202506030707,2025,3.0,8.0,6.0,6.9,33.9,14.9,False,0.0,False,0.0,False,0.0,False,0.0,False,0.0,False,0.0,False,0.0,3-5人気,5-10倍
202506030708,2025,5.0,8.0,1.0,13.6,37.9,1.8,True,13.6,True,4.533333333333333,False,0.0,False,0.0,False,0.0,False,0.0,False,0.0,3-5人気,10-20倍
202506030709,2025,1.0,2.0,4.0,1.8,3.4,14.3,True,1.8,True,0.6,False,0.0,False,0.0,False,0.0,False,0.0,False,0.0,1-2人気,1-2倍
202506030710,2025,3.0,2.0,5.0,5.4,3.7,10.5,False,0.0,False,0.0,False,0.0,False,0.0,False,0.0,False,0.0,False,0.0,3-5人気,5-10倍
202506030711,2025,6.0,1.0,3.0,16.2,3.4,4.0,False,0.0,True,5.3999999999999995,False,0.0,False,0.0,False,0.0,False,0.0,False,0.0,6-10人気,10-20倍
202506030712,2025,2.0,6.0,7.0,4.3,21.9,24.8,False,0.0,False,0.0,False,0.0,False,0.0,False,0.0,False,0.0,False,0.0,1-2人気,2-5倍
202506030801,2025,3.0,4.0,8.0,6.0,14.5,60.9,False,0.0,True,2.0,False,0.0,False,0.0,False,0.0,False,0.0,False,0.0,3-5人気,5-10倍
202506030802,2025,1.0,4.0,6.0,2.4,6.8,26.0,True,2.4,True,0.7999999999999999,True,3.0666666666666664,False,0.0,False,0.0,False,0.0,False,0.0,1-2人気,2-5倍
202506030803,2025,2.0,5.0,1.0,3.4,22.7,1.8,False,0.0,False,0.0,False,0.0,False,0.0,False,0.0,False,0.0,False,0.0,1-2人気,2-5倍
202506030804,2025,2.0,3.0,1.0,3.0,5.7,2.9,True,3.0,True,1.0,False,0.0,False,0.0,False,0.0,False,0.0,False,0.0,1-2人気,2-5倍
202506030805,2025,1.0,3.0,2.0,2.8,3.0,2.8,False,0.0,True,0.9333333333333332,True,1.9333333333333333,False,0.0,False,0.0,False,0.0,False,0.0,1-2人気,2-5倍
202506030806,2025,3.0,2.0,5.0,6.9,3.5,10.8,False,0.0,False,0.0,False,0.0,False,0.0,False,0.0,False,0.0,False,0.0,3-5人気,5-10倍
202506030807,2025,2.0,1.0,9.0,4.1,2.6,26.9,False,0.0,False,0.0,False,0.0,False,0.0,False,0.0,False,0.0,False,0.0,1-2人気,2-5倍
202506030808,2025,7.0,1.0,9.0,47.2,2.2,62.5,False,0.0,False,0.0,False,0.0,False,0.0,False,0.0,False,0.0,False,0.0,6-10人気,20-50倍
202506030809,2025,2.0,5.0,1.0,3.1,8.2,3.1,False,0.0,True,1.0333333333333334,False,0.0,False,0.0,False,0.0,False,0.0,False,0.0,1-2人気,2-5倍
202506030810,2025,7.0,3.0,2.0,31.5,6.4,3.6,False,0.0,False,0.0,False,0.0,False,0.0,False,0.0,False,0.0,False,0.0,6-10人気,20-50倍
202506030811,2025,3.0,6.0,5.0,10.6,19.8,18.7,True,10.6,True,3.533333333333333,False,0.0,False,0.0,False,0.0,False,0.0,False,0.0,3-5人気,10-20倍
202506030812,2025,3.0,5.0,1.0,3.7,12.5,2.8,False,0.0,False,0.0,False,0.0,False,0.0,False,0.0,False,0.0,False,0.0,3-5人気,2-5倍
202506040101,2025,4.0,3.0,9.0,6.1,5.7,81.4,False,0.0,False,0.0,False,0.0,False,0.0,False,0.0,False,0.0,False,0.0,3-5人気,5-10倍
202506040102,2025,1.0,2.0,3.0,2.0,3.7,7.1,False,0.0,False,0.0,False,0.0,False,0.0,False,0.0,False,0.0,False,0.0,1-2人気,1-2倍
202506040103,2025,1.0,2.0,3.0,1.8,3.7,4.3,True,1.8,True,0.6,True,1.8333333333333333,True,0.666,True,1.332,True,0.9545999999999999,True,2.8638,1-2人気,1-2倍
202506040104,2025,1.0,4.0,11.0,2.1,8.8,67.5,False,0.0,False,0.0,False,0.0,False,0.0,False,0.0,False,0.0,False,0.0,1-2人気,2-5倍
202506040105,2025,1.0,3.0,2.0,2.0,5.8,4.7,False,0.0,False,0.0,False,0.0,False,0.0,False,0.0,False,0.0,False,0.0,1-2人気,1-2倍
202506040106,2025,2.0,5.0,7.0,3.1,15.0,20.5,False,0.0,True,1.0333333333333334,False,0.0,False,0.0,False,0.0,False,0.0,False,0.0,1-2人気,2-5倍
202506040107,2025,1.0,13.0,5.0,2.9,75.7,9.7,False,0.0,False,0.0,False,0.0,False,0.0,False,0.0,False,0.0,False,0.0,1-2人気,2-5倍
202506040108,2025,2.0,1.0,6.0,3.1,1.5,79.7,True,3.1,True,1.0333333333333334,True,1.5333333333333332,True,0.465,True,0.93,False,0.0,False,0.0,1-2人気,2-5倍
202506040109,2025,2.0,7.0,4.0,5.1,24.1,10.4,True,5.1,True,1.7,False,0.0,False,0.0,False,0.0,False,0.0,False,0.0,1-2人気,5-10倍
202506040110,2025,1.0,2.0,3.0,1.8,3.0,6.3,False,0.0,True,0.6,True,1.5999999999999999,True,0.54,False,0.0,False,0.0,False,0.0,1-2人気,1-2倍
202506040111,2025,2.0,9.0,11.0,6.7,16.1,20.4,False,0.0,True,2.2333333333333334,False,0.0,False,0.0,False,0.0,False,0.0,False,0.0,1-2人気,5-10倍
202506040112,2025,6.0,9.0,1.0,10.3,35.3,3.0,False,0.0,False,0.0,False,0.0,False,0.0,False,0.0,False,0.0,False,0.0,6-10人気,10-20倍
202506040201,2025,1.0,4.0,6.0,1.7,9.7,18.2,True,1.7,True,0.5666666666666667,False,0.0,False,0.0,False,0.0,False,0.0,False,0.0,1-2人気,1-2倍
202506040202,2025,1.0,4.0,2.0,2.6,6.6,4.9,True,2.6,True,0.8666666666666667,False,0.0,False,0.0,False,0.0,False,0.0,False,0.0,1-2人気,2-5倍
202506040203,2025,2.0,1.0,3.0,3.7,1.7,4.7,False,0.0,True,1.2333333333333334,True,1.8,False,0.0,False,0.0,True,0.9854333333333334,False,0.0,1-2人気,2-5倍
202506040204,2025,1.0,3.0,2.0,1.9,5.4,3.0,False,0.0,True,0.6333333333333333,True,2.4333333333333336,False,0.0,False,0.0,True,1.026,False,0.0,1-2人気,1-2倍
202506040205,2025,2.0,1.0,4.0,3.5,1.8,10.8,False,0.0,True,1.1666666666666667,True,1.7666666666666666,True,0.63,False,0.0,False,0.0,False,0.0,1-2人気,2-5倍
202506040206,2025,2.0,5.0,12.0,5.0,7.5,42.1,False,0.0,False,0.0,False,0.0,False,0.0,False,0.0,False,0.0,False,0.0,1-2人気,2-5倍
202506040207,2025,4.0,3.0,7.0,7.9,7.3,20.0,False,0.0,True,2.6333333333333333,False,0.0,False,0.0,False,0.0,False,0.0,False,0.0,3-5人気,5-10倍
202506040208,2025,1.0,3.0,2.0,1.6,8.2,3.9,False,0.0,True,0.5333333333333333,True,3.266666666666666,True,1.3119999999999998,False,0.0,False,0.0,False,0.0,1-2人気,1-2倍
202506040209,2025,1.0,2.0,5.0,3.0,4.6,7.9,False,0.0,True,1.0,True,2.533333333333333,True,1.38,False,0.0,False,0.0,False,0.0,1-2人気,2-5倍
202506040210,2025,1.0,3.0,2.0,1.6,6.2,5.0,False,0.0,True,0.5333333333333333,False,0.0,False,0.0,False,0.0,False,0.0,False,0.0,1-2人気,1-2倍
202506040211,2025,2.0,4.0,1.0,4.8,6.2,2.4,False,0.0,True,1.5999999999999999,True,3.6666666666666665,False,0.0,False,0.0,False,0.0,False,0.0,1-2人気,2-5倍
202506040212,2025,1.0,2.0,4.0,2.8,4.2,8.1,False,0.0,False,0.0,False,0.0,False,0.0,False,0.0,False,0.0,False,0.0,1-2人気,2-5倍
202506040301,2025,1.0,3.0,4.0,2.8,4.3,5.2,False,0.0,False,0.0,False,0.0,False,0.0,False,0.0,False,0.0,False,0.0,1-2人気,2-5倍
202506040302,2025,4.0,1.0,3.0,6.7,3.3,4.7,False,0.0,False,0.0,False,0.0,False,0.0,False,0.0,False,0.0,False,0.0,3-5人気,5-10倍
202506040303,2025,7.0,1.0,5.0,19.6,3.7,10.0,False,0.0,True,6.533333333333334,True,7.766666666666667,False,0.0,False,0.0,False,0.0,False,0.0,6-10人気,10-20倍
202506040304,2025,7.0,2.0,4.0,22.6,6.9,12.6,False,0.0,False,0.0,False,0.0,False,0.0,False,0.0,False,0.0,False,0.0,6-10人気,20-50倍
202506040305,2025,1.0,7.0,3.0,2.1,18.9,6.8,False,0.0,True,0.7000000000000001,False,0.0,False,0.0,False,0.0,False,0.0,False,0.0,1-2人気,2-5倍
202506040306,2025,2.0,1.0,4.0,2.9,2.2,7.3,True,2.9,True,0.9666666666666667,False,0.0,False,0.0,False,0.0,False,0.0,False,0.0,1-2人気,2-5倍
202506040307,2025,1.0,5.0,8.0,1.8,16.9,21.6,True,1.8,True,0.6,False,0.0,False,0.0,False,0.0,False,0.0,False,0.0,1-2人気,1-2倍
202506040308,2025,1.0,2.0,4.0,2.5,3.2,10.7,False,0.0,True,0.8333333333333334,True,1.9000000000000001,True,0.8,False,0.0,False,0.0,False,0.0,1-2人気,2-5倍
202506040309,2025,2.0,1.0,3.0,3.5,3.2,3.7,False,0.0,False,0.0,False,0.0,False,0.0,False,0.0,False,0.0,False,0.0,1-2人気,2-5倍
202506040310,2025,3.0,1.0,2.0,5.2,3.7,4.2,False,0.0,False,0.0,False,0.0,False,0.0,False,0.0,False,0.0,False,0.0,3-5人気,5-10倍
202506040311,2025,1.0,2.0,4.0,3.4,3.8,7.3,False,0.0,True,1.1333333333333333,False,0.0,False,0.0,False,0.0,False,0.0,False,0.0,1-2人気,2-5倍
202506040312,2025,2.0,4.0,9.0,3.7,7.7,70.9,False,0.0,False,0.0,False,0.0,False,0.0,False,0.0,False,0.0,False,0.0,1-2人気,2-5倍
202506040401,2025,1.0,4.0,3.0,1.3,9.5,9.2,True,1.3,True,0.43333333333333335,False,0.0,False,0.0,False,0.0,False,0.0,False,0.0,1-2人気,1-2倍
202506040402,2025,2.0,1.0,8.0,2.3,2.3,62.8,True,2.3,True,0.7666666666666666,False,0.0,False,0.0,False,0.0,False,0.0,False,0.0,1-2人気,2-5倍
202506040403,2025,3.0,2.0,4.0,6.7,4.4,7.0,False,0.0,True,2.2333333333333334,True,3.7000000000000006,True,2.9480000000000004,False,0.0,False,0.0,False,0.0,3-5人気,5-10倍
202506040404,2025,1.0,5.0,7.0,1.4,14.2,26.1,False,0.0,False,0.0,False,0.0,False,0.0,False,0.0,False,0.0,False,0.0,1-2人気,1-2倍
202506040405,2025,3.0,1.0,10.0,4.7,2.3,82.1,False,0.0,False,0.0,False,0.0,False,0.0,False,0.0,False,0.0,False,0.0,3-5人気,2-5倍
202506040406,2025,1.0,10.0,9.0,2.9,43.3,32.4,False,0.0,False,0.0,False,0.0,False,0.0,False,0.0,False,0.0,False,0.0,1-2人気,2-5倍
202506040407,2025,1.0,4.0,3.0,3.5,8.0,5.3,True,3.5,True,1.1666666666666667,False,0.0,False,0.0,False,0.0,False,0.0,False,0.0,1-2人気,2-5倍
202506040408,2025,7.0,9.0,4.0,14.0,83.6,6.3,False,0.0,False,0.0,False,0.0,False,0.0,False,0.0,False,0.0,False,0.0,6-10人気,10-20倍
202506040409,2025,5.0,1.0,3.0,16.2,2.6,4.2,True,16.2,True,5.3999999999999995,False,0.0,False,0.0,False,0.0,False,0.0,False,0.0,3-5人気,10-20倍
202506040410,2025,1.0,2.0,6.0,2.6,4.4,13.8,False,0.0,True,0.8666666666666667,False,0.0,False,0.0,False,0.0,False,0.0,False,0.0,1-2人気,2-5倍
202506040411,2025,12.0,1.0,13.0,32.7,3.0,35.3,False,0.0,False,0.0,False,0.0,False,0.0,False,0.0,False,0.0,False,0.0,11人気以下,20-50倍
202506040412,2025,1.0,2.0,10.0,2.9,3.0,37.7,True,2.9,True,0.9666666666666667,False,0.0,False,0.0,False,0.0,False,0.0,False,0.0,1-2人気,2-5倍
202506040501,2025,1.0,4.0,11.0,1.2,14.9,121.7,False,0.0,False,0.0,False,0.0,False,0.0,False,0.0,False,0.0,False,0.0,1-2人気,1-2倍
202506040502,2025,6.0,4.0,1.0,14.5,5.9,2.6,False,0.0,False,0.0,False,0.0,False,0.0,False,0.0,False,0.0,False,0.0,6-10人気,10-20倍
202506040503,2025,1.0,3.0,2.0,1.7,4.7,3.5,False,0.0,True,0.5666666666666667,True,2.1333333333333333,False,0.0,False,0.0,True,0.9321666666666667,False,0.0,1-2人気,1-2倍
202506040504,2025,6.0,4.0,1.0,12.0,9.6,2.9,False,0.0,False,0.0,False,0.0,False,0.0,False,0.0,False,0.0,False,0.0,6-10人気,10-20倍
202506040505,2025,2.0,1.0,3.0,2.8,2.6,7.8,True,2.8,True,0.9333333333333332,False,0.0,False,0.0,False,0.0,False,0.0,False,0.0,1-2人気,2-5倍
202506040506,2025,5.0,2.0,3.0,9.1,4.0,4.7,False,0.0,False,0.0,False,0.0,False,0.0,False,0.0,False,0.0,False,0.0,3-5人気,5-10倍
202506040507,2025,5.0,1.0,3.0,7.3,3.8,4.9,False,0.0,True,2.433333333333333,False,0.0,False,0.0,False,0.0,False,0.0,False,0.0,3-5人気,5-10倍
202506040508,2025,1.0,3.0,2.0,1.4,7.8,5.5,False,0.0,True,0.4666666666666666,True,3.0666666666666664,True,1.092,False,0.0,False,0.0,False,0.0,1-2人気,1-2倍
202506040509,2025,1.0,2.0,3.0,1.9,2.7,6.7,True,1.9,True,0.6333333333333333,True,1.5333333333333332,True,0.513,True,1.026,False,0.0,False,0.0,1-2人気,1-2倍
202506040510,2025,4.0,1.0,2.0,15.6,1.5,3.6,False,0.0,False,0.0,False,0.0,False,0.0,False,0.0,False,0.0,False,0.0,3-5人気,10-20倍
202506040511,2025,5.0,7.0,1.0,8.2,24.1,2.6,False,0.0,False,0.0,False,0.0,False,0.0,False,0.0,False,0.0,False,0.0,3-5人気,5-10倍
202506040512,2025,2.0,1.0,4.0,5.0,2.0,8.8,False,0.0,False,0.0,False,0.0,False,0.0,False,0.0,False,0.0,False,0.0,1-2人気,2-5倍
202506040601,2025,2.0,6.0,1.0,2.8,31.2,2.0,False,0.0,True,0.9333333333333332,False,0.0,False,0.0,False,0.0,False,0.0,False,0.0,1-2人気,2-5倍
202506040602,2025,1.0,4.0,3.0,3.1,6.6,4.6,True,3.1,True,1.0333333333333334,False,0.0,False,0.0,False,0.0,False,0.0,False,0.0,1-2人気,2-5倍
202506040603,2025,1.0,2.0,6.0,2.6,3.5,15.8,False,0.0,False,0.0,False,0.0,False,0.0,False,0.0,False,0.0,False,0.0,1-2人気,2-5倍
202506040604,2025,2.0,1.0,5.0,3.9,2.0,9.3,False,0.0,True,1.3,True,1.9666666666666668,False,0.0,False,0.0,True,2.418,False,0.0,1-2人気,2-5倍
202506040605,2025,1.0,2.0,4.0,1.8,4.9,7.0,False,0.0,True,0.6,False,0.0,False,0.0,False,0.0,False,0.0,False,0.0,1-2人気,1-2倍
202506040606,2025,3.0,11.0,5.0,5.5,186.7,6.5,False,0.0,True,1.8333333333333333,False,0.0,False,0.0,False,0.0,False,0.0,False,0.0,3-5人気,5-10倍
202506040607,2025,2.0,3.0,7.0,3.5,4.8,23.6,False,0.0,True,1.1666666666666667,False,0.0,False,0.0,False,0.0,False,0.0,False,0.0,1-2人気,2-5倍
202506040608,2025,2.0,7.0,1.0,3.9,28.5,3.1,True,3.9,True,1.3,False,0.0,False,0.0,False,0.0,False,0.0,False,0.0,1-2人気,2-5倍
202506040609,2025,1.0,7.0,8.0,3.3,9.3,24.1,False,0.0,False,0.0,False,0.0,False,0.0,False,0.0,False,0.0,False,0.0,1-2人気,2-5倍
202506040610,2025,2.0,3.0,1.0,5.1,6.9,1.4,False,0.0,True,1.7,False,0.0,False,0.0,False,0.0,False,0.0,False,0.0,1-2人気,5-10倍
202506040611,2025,4.0,2.0,1.0,8.3,4.1,2.5,False,0.0,False,0.0,False,0.0,False,0.0,False,0.0,False,0.0,False,0.0,3-5人気,5-10倍
202506040612,2025,2.0,1.0,3.0,3.8,1.7,9.8,False,0.0,False,0.0,False,0.0,False,0.0,False,0.0,False,0.0,False,0.0,1-2人気,2-5倍
202506040701,2025,2.0,1.0,6.0,2.3,2.2,23.7,False,0.0,True,0.7666666666666666,True,1.5,True,0.506,False,0.0,False,0.0,False,0.0,1-2人気,2-5倍
202506040702,2025,4.0,1.0,6.0,7.6,3.6,10.4,False,0.0,False,0.0,False,0.0,False,0.0,False,0.0,False,0.0,False,0.0,3-5人気,5-10倍
202506040703,2025,1.0,2.0,8.0,1.1,4.7,94.7,True,1.1,True,0.3666666666666667,True,1.9333333333333336,False,0.0,False,0.0,False,0.0,False,0.0,1-2人気,1-2倍
202506040704,2025,3.0,2.0,6.0,7.8,3.0,13.8,False,0.0,False,0.0,False,0.0,False,0.0,False,0.0,False,0.0,False,0.0,3-5人気,5-10倍
202506040705,2025,2.0,1.0,5.0,3.8,2.0,23.2,False,0.0,True,1.2666666666666666,True,1.9333333333333333,True,0.76,False,0.0,False,0.0,False,0.0,1-2人気,2-5倍
202506040706,2025,1.0,4.0,10.0,1.7,11.0,52.3,True,1.7,True,0.5666666666666667,True,4.233333333333333,False,0.0,False,0.0,False,0.0,False,0.0,1-2人気,1-2倍
202506040707,2025,7.0,1.0,6.0,28.3,1.5,20.1,False,0.0,False,0.0,False,0.0,False,0.0,False,0.0,False,0.0,False,0.0,6-10人気,20-50倍
202506040708,2025,1.0,5.0,13.0,3.5,9.9,41.2,False,0.0,False,0.0,False,0.0,False,0.0,False,0.0,False,0.0,False,0.0,1-2人気,2-5倍
202506040709,2025,1.0,2.0,3.0,1.4,5.2,6.7,True,1.4,True,0.4666666666666666,False,0.0,False,0.0,False,0.0,False,0.0,False,0.0,1-2人気,1-2倍
202506040710,2025,2.0,3.0,1.0,4.0,9.6,1.7,True,4.0,True,1.3333333333333333,True,4.533333333333333,False,0.0,False,0.0,False,0.0,False,0.0,1-2人気,2-5倍
202506040711,2025,6.0,2.0,8.0,13.1,3.5,33.3,False,0.0,False,0.0,False,0.0,False,0.0,False,0.0,False,0.0,False,0.0,6-10人気,10-20倍
202506040712,2025,3.0,1.0,4.0,5.5,3.4,8.6,False,0.0,False,0.0,False,0.0,False,0.0,False,0.0,False,0.0,False,0.0,3-5人気,5-10倍
202506040801,2025,1.0,3.0,4.0,2.6,5.3,7.8,False,0.0,False,0.0,False,0.0,False,0.0,False,0.0,False,0.0,False,0.0,1-2人気,2-5倍
202506040802,2025,2.0,3.0,6.0,2.9,8.3,14.5,False,0.0,True,0.9666666666666667,False,0.0,False,0.0,False,0.0,False,0.0,False,0.0,1-2人気,2-5倍
202506040803,2025,1.0,5.0,6.0,1.7,20.3,24.5,False,0.0,True,0.5666666666666667,True,7.333333333333333,False,0.0,False,0.0,False,0.0,False,0.0,1-2人気,1-2倍
202506040804,2025,3.0,5.0,4.0,7.2,11.1,9.4,False,0.0,True,2.4,False,0.0,False,0.0,False,0.0,False,0.0,False,0.0,3-5人気,5-10倍
202506040805,2025,1.0,2.0,3.0,1.6,5.6,8.0,True,1.6,True,0.5333333333333333,True,2.4,True,0.8959999999999999,True,1.7919999999999998,True,2.389333333333333,True,7.167999999999999,1-2人気,1-2倍
202506040806,2025,3.0,4.0,1.0,8.8,9.7,2.0,False,0.0,True,2.9333333333333336,False,0.0,False,0.0,False,0.0,False,0.0,False,0.0,3-5人気,5-10倍
202506040807,2025,3.0,4.0,7.0,5.2,5.5,22.6,False,0.0,False,0.0,False,0.0,False,0.0,False,0.0,False,0.0,False,0.0,3-5人気,5-10倍
202506040808,2025,5.0,2.0,6.0,8.3,4.2,14.7,True,8.3,True,2.766666666666667,True,4.166666666666667,False,0.0,False,0.0,False,0.0,False,0.0,3-5人気,5-10倍
202506040809,2025,2.0,3.0,4.0,2.8,7.0,8.9,False,0.0,False,0.0,False,0.0,False,0.0,False,0.0,False,0.0,False,0.0,1-2人気,2-5倍
202506040810,2025,3.0,1.0,4.0,4.3,3.7,5.2,False,0.0,False,0.0,False,0.0,False,0.0,False,0.0,False,0.0,False,0.0,3-5人気,2-5倍
202506040811,2025,10.0,12.0,14.0,28.2,29.9,52.2,False,0.0,False,0.0,False,0.0,False,0.0,False,0.0,False,0.0,False,0.0,6-10人気,20-50倍
202506040812,2025,1.0,4.0,6.0,2.9,7.5,18.6,False,0.0,True,0.9666666666666667,False,0.0,False,0.0,False,0.0,False,0.0,False,0.0,1-2人気,2-5倍
202506040901,2025,4.0,2.0,5.0,6.1,3.7,9.6,True,6.1,True,2.033333333333333,False,0.0,False,0.0,False,0.0,False,0.0,False,0.0,3-5人気,5-10倍
202506040902,2025,3.0,1.0,4.0,5.9,2.0,9.6,False,0.0,False,0.0,False,0.0,False,0.0,False,0.0,False,0.0,False,0.0,3-5人気,5-10倍
202506040903,2025,2.0,3.0,1.0,3.4,5.9,2.0,False,0.0,True,1.1333333333333333,False,0.0,False,0.0,False,0.0,False,0.0,False,0.0,1-2人気,2-5倍
202506040904,2025,1.0,6.0,3.0,2.4,17.3,5.5,False,0.0,False,0.0,False,0.0,False,0.0,False,0.0,False,0.0,False,0.0,1-2人気,2-5倍
202506040905,2025,3.0,1.0,10.0,6.7,1.9,53.2,False,0.0,True,2.2333333333333334,True,2.8666666666666667,True,1.2730000000000001,False,0.0,False,0.0,False,0.0,3-5人気,5-10倍
202506040906,2025,2.0,14.0,6.0,5.4,96.4,9.7,False,0.0,False,0.0,False,0.0,False,0.0,False,0.0,False,0.0,False,0.0,1-2人気,5-10倍
202506040907,2025,1.0,4.0,2.0,1.6,7.4,6.4,True,1.6,True,0.5333333333333333,False,0.0,False,0.0,False,0.0,False,0.0,False,0.0,1-2人気,1-2倍
202506040908,2025,6.0,4.0,1.0,16.3,8.2,3.6,False,0.0,False,0.0,False,0.0,False,0.0,False,0.0,False,0.0,False,0.0,6-10人気,10-20倍
202506040909,2025,1.0,2.0,5.0,1.7,4.5,9.0,False,0.0,True,0.5666666666666667,True,2.066666666666667,False,0.0,False,0.0,False,0.0,False,0.0,1-2人気,1-2倍
202506040910,2025,5.0,8.0,10.0,12.6,20.5,62.1,False,0.0,False,0.0,False,0.0,False,0.0,False,0.0,False,0.0,False,0.0,3-5人気,10-20倍
202506040911,2025,1.0,3.0,6.0,2.2,8.0,12.4,False,0.0,False,0.0,False,0.0,False,0.0,False,0.0,False,0.0,False,0.0,1-2人気,2-5倍
202506040912,2025,6.0,16.0,1.0,11.0,131.1,4.0,False,0.0,False,0.0,False,0.0,False,0.0,False,0.0,False,0.0,False,0.0,6-10人気,10-20倍
202506050101,2025,1.0,3.0,4.0,1.7,6.5,9.0,True,1.7,True,0.5666666666666667,False,0.0,False,0.0,False,0.0,False,0.0,False,0.0,1-2人気,1-2倍
202506050102,2025,1.0,4.0,6.0,2.2,8.1,9.6,False,0.0,False,0.0,False,0.0,False,0.0,False,0.0,False,0.0,False,0.0,1-2人気,2-5倍
202506050103,2025,1.0,4.0,8.0,1.8,6.0,28.8,False,0.0,False,0.0,False,0.0,False,0.0,False,0.0,False,0.0,False,0.0,1-2人気,1-2倍
202506050104,2025,1.0,2.0,4.0,3.1,3.5,4.7,False,0.0,True,1.0333333333333334,False,0.0,False,0.0,False,0.0,False,0.0,False,0.0,1-2人気,2-5倍
202506050105,2025,2.0,1.0,14.0,2.8,2.0,91.7,False,0.0,False,0.0,False,0.0,False,0.0,False,0.0,False,0.0,False,0.0,1-2人気,2-5倍
202506050106,2025,5.0,7.0,1.0,9.0,13.5,3.8,False,0.0,False,0.0,False,0.0,False,0.0,False,0.0,False,0.0,False,0.0,3-5人気,5-10倍
202506050107,2025,2.0,1.0,3.0,6.2,1.5,7.7,False,0.0,False,0.0,False,0.0,False,0.0,False,0.0,False,0.0,False,0.0,1-2人気,5-10倍
202506050108,2025,5.0,3.0,11.0,9.5,6.9,48.3,False,0.0,True,3.1666666666666665,False,0.0,False,0.0,False,0.0,False,0.0,False,0.0,3-5人気,5-10倍
202506050109,2025,1.0,5.0,2.0,2.5,17.3,4.0,False,0.0,False,0.0,False,0.0,False,0.0,False,0.0,False,0.0,False,0.0,1-2人気,2-5倍
202506050110,2025,9.0,6.0,1.0,37.6,13.7,2.8,False,0.0,False,0.0,False,0.0,False,0.0,False,0.0,False,0.0,False,0.0,6-10人気,20-50倍
202506050111,2025,1.0,4.0,2.0,3.5,7.6,4.4,False,0.0,True,1.1666666666666667,False,0.0,False,0.0,False,0.0,False,0.0,False,0.0,1-2人気,2-5倍
202506050112,2025,4.0,2.0,3.0,6.5,4.2,4.4,False,0.0,True,2.1666666666666665,True,3.5666666666666664,False,0.0,False,0.0,False,0.0,False,0.0,3-5人気,5-10倍
202506050201,2025,1.0,2.0,3.0,2.1,3.6,5.7,False,0.0,False,0.0,False,0.0,False,0.0,False,0.0,False,0.0,False,0.0,1-2人気,2-5倍
202506050202,2025,1.0,2.0,5.0,3.1,5.1,6.6,False,0.0,False,0.0,False,0.0,False,0.0,False,0.0,False,0.0,False,0.0,1-2人気,2-5倍
202506050203,2025,8.0,5.0,6.0,15.7,8.8,14.8,False,0.0,False,0.0,False,0.0,False,0.0,False,0.0,False,0.0,False,0.0,6-10人気,10-20倍
202506050204,2025,1.0,5.0,2.0,1.8,15.3,3.5,True,1.8,True,0.6,True,5.7,False,0.0,False,0.0,True,3.2130000000000005,False,0.0,1-2人気,1-2倍
202506050205,2025,5.0,11.0,1.0,9.5,75.7,2.7,False,0.0,False,0.0,False,0.0,False,0.0,False,0.0,False,0.0,False,0.0,3-5人気,5-10倍
202506050206,2025,1.0,4.0,2.0,2.1,9.1,2.5,False,0.0,False,0.0,False,0.0,False,0.0,False,0.0,False,0.0,False,0.0,1-2人気,2-5倍
202506050207,2025,5.0,4.0,1.0,11.9,5.8,2.8,False,0.0,False,0.0,False,0.0,False,0.0,False,0.0,False,0.0,False,0.0,3-5人気,10-20倍
202506050208,2025,2.0,1.0,3.0,5.1,2.7,5.3,False,0.0,False,0.0,False,0.0,False,0.0,False,0.0,False,0.0,False,0.0,1-2人気,5-10倍
202506050209,2025,4.0,1.0,9.0,10.6,2.2,25.2,False,0.0,True,3.533333333333333,True,4.266666666666667,False,0.0,False,0.0,False,0.0,False,0.0,3-5人気,10-20倍
202506050210,2025,1.0,5.0,4.0,2.5,12.9,12.5,True,2.5,True,0.8333333333333334,False,0.0,False,0.0,False,0.0,False,0.0,False,0.0,1-2人気,2-5倍
202506050211,2025,4.0,7.0,3.0,11.7,20.1,4.2,False,0.0,True,3.9,False,0.0,False,0.0,False,0.0,False,0.0,False,0.0,3-5人気,10-20倍
202506050212,2025,7.0,8.0,5.0,22.9,29.5,13.8,False,0.0,False,0.0,False,0.0,False,0.0,False,0.0,False,0.0,False,0.0,6-10人気,20-50倍
202506050301,2025,4.0,1.0,2.0,5.2,3.6,4.2,False,0.0,True,1.7333333333333334,False,0.0,False,0.0,False,0.0,False,0.0,False,0.0,3-5人気,5-10倍
202506050302,2025,1.0,3.0,2.0,2.8,3.8,3.2,True,2.8,True,0.9333333333333332,True,2.1999999999999997,False,0.0,False,0.0,False,0.0,False,0.0,1-2人気,2-5倍
202506050303,2025,3.0,5.0,1.0,6.6,11.8,2.2,False,0.0,False,0.0,False,0.0,False,0.0,False,0.0,False,0.0,False,0.0,3-5人気,5-10倍
202506050304,2025,1.0,6.0,2.0,2.5,11.0,3.7,False,0.0,False,0.0,False,0.0,False,0.0,False,0.0,False,0.0,False,0.0,1-2人気,2-5倍
202506050305,2025,1.0,2.0,6.0,1.9,2.9,23.1,False,0.0,True,0.6333333333333333,True,1.5999999999999999,False,0.0,False,0.0,False,0.0,False,0.0,1-2人気,1-2倍
202506050306,2025,1.0,6.0,2.0,3.5,10.9,4.4,False,0.0,True,1.1666666666666667,False,0.0,False,0.0,False,0.0,False,0.0,False,0.0,1-2人気,2-5倍
202506050307,2025,3.0,2.0,10.0,5.2,3.8,61.6,False,0.0,True,1.7333333333333334,False,0.0,False,0.0,False,0.0,False,0.0,False,0.0,3-5人気,5-10倍
202506050308,2025,2.0,6.0,15.0,3.3,20.5,234.0,True,3.3,True,1.0999999999999999,True,7.933333333333334,True,6.764999999999999,True,13.529999999999998,False,0.0,False,0.0,1-2人気,2-5倍
202506050309,2025,3.0,1.0,2.0,5.7,4.8,5.5,False,0.0,False,0.0,False,0.0,False,0.0,False,0.0,False,0.0,False,0.0,3-5人気,5-10倍
202506050310,2025,6.0,8.0,1.0,16.7,20.3,2.3,False,0.0,False,0.0,False,0.0,False,0.0,False,0.0,False,0.0,False,0.0,6-10人気,10-20倍
202506050311,2025,2.0,1.0,12.0,5.2,3.2,77.7,False,0.0,False,0.0,False,0.0,False,0.0,False,0.0,False,0.0,False,0.0,1-2人気,5-10倍
202506050312,2025,2.0,4.0,6.0,4.8,7.6,25.8,False,0.0,False,0.0,False,0.0,False,0.0,False,0.0,False,0.0,False,0.0,1-2人気,2-5倍
202506050401,2025,1.0,2.0,3.0,1.4,3.7,12.8,True,1.4,True,0.4666666666666666,True,1.7,True,0.518,True,1.036,False,0.0,False,0.0,1-2人気,1-2倍
202506050402,2025,1.0,4.0,2.0,1.9,14.2,4.7,False,0.0,False,0.0,False,0.0,False,0.0,False,0.0,False,0.0,False,0.0,1-2人気,1-2倍
202506050403,2025,4.0,2.0,7.0,5.7,5.1,14.9,False,0.0,False,0.0,False,0.0,False,0.0,False,0.0,False,0.0,False,0.0,3-5人気,5-10倍
202506050404,2025,5.0,3.0,9.0,9.0,6.8,54.0,False,0.0,False,0.0,False,0.0,False,0.0,False,0.0,False,0.0,False,0.0,3-5人気,5-10倍
202506050405,2025,2.0,7.0,1.0,5.2,34.5,1.9,False,0.0,True,1.7333333333333334,False,0.0,False,0.0,False,0.0,False,0.0,False,0.0,1-2人気,5-10倍
202506050406,2025,3.0,9.0,2.0,3.8,53.2,3.7,True,3.8,True,1.2666666666666666,False,0.0,False,0.0,False,0.0,False,0.0,False,0.0,3-5人気,2-5倍
202506050407,2025,5.0,1.0,7.0,19.3,2.1,28.7,False,0.0,False,0.0,False,0.0,False,0.0,False,0.0,False,0.0,False,0.0,3-5人気,10-20倍
202506050408,2025,6.0,1.0,5.0,12.0,3.0,10.8,True,12.0,True,4.0,False,0.0,False,0.0,False,0.0,False,0.0,False,0.0,6-10人気,10-20倍
202506050409,2025,2.0,3.0,1.0,4.6,7.0,2.2,False,0.0,False,0.0,False,0.0,False,0.0,False,0.0,False,0.0,False,0.0,1-2人気,2-5倍
202506050410,2025,10.0,2.0,3.0,38.6,4.5,6.9,False,0.0,False,0.0,False,0.0,False,0.0,False,0.0,False,0.0,False,0.0,6-10人気,20-50倍
202506050411,2025,8.0,7.0,13.0,18.4,15.4,95.8,False,0.0,False,0.0,False,0.0,False,0.0,False,0.0,False,0.0,False,0.0,6-10人気,10-20倍
202506050412,2025,2.0,1.0,4.0,3.5,3.5,10.2,False,0.0,False,0.0,False,0.0,False,0.0,False,0.0,False,0.0,False,0.0,1-2人気,2-5倍
202506050501,2025,2.0,1.0,3.0,3.3,2.5,6.3,True,3.3,True,1.0999999999999999,False,0.0,False,0.0,False,0.0,False,0.0,False,0.0,1-2人気,2-5倍
202506050502,2025,2.0,11.0,3.0,4.4,71.1,5.2,False,0.0,True,1.4666666666666668,False,0.0,False,0.0,False,0.0,False,0.0,False,0.0,1-2人気,2-5倍
202506050503,2025,1.0,5.0,2.0,2.0,19.2,2.6,False,0.0,True,0.6666666666666666,False,0.0,False,0.0,False,0.0,False,0.0,False,0.0,1-2人気,1-2倍
202506050504,2025,1.0,2.0,8.0,1.6,4.1,23.1,False,0.0,True,0.5333333333333333,True,1.8999999999999997,False,0.0,False,0.0,False,0.0,False,0.0,1-2人気,1-2倍
202506050505,2025,1.0,2.0,5.0,2.3,3.5,12.7,True,2.3,True,0.7666666666666666,True,1.9333333333333333,True,0.8049999999999999,True,1.6099999999999999,False,0.0,False,0.0,1-2人気,2-5倍
202506050506,2025,1.0,4.0,3.0,1.7,8.3,7.8,False,0.0,False,0.0,False,0.0,False,0.0,False,0.0,False,0.0,False,0.0,1-2人気,1-2倍
202506050507,2025,1.0,4.0,2.0,3.0,8.1,4.0,False,0.0,False,0.0,False,0.0,False,0.0,False,0.0,False,0.0,False,0.0,1-2人気,2-5倍
202506050508,2025,1.0,15.0,4.0,1.7,204.0,8.9,False,0.0,True,0.5666666666666667,False,0.0,False,0.0,False,0.0,False,0.0,False,0.0,1-2人気,1-2倍
202506050509,2025,1.0,3.0,4.0,1.8,10.5,11.8,True,1.8,True,0.6,True,4.1000000000000005,True,1.8900000000000001,True,3.7800000000000002,False,0.0,False,0.0,1-2人気,1-2倍
202506050510,2025,2.0,6.0,8.0,3.9,14.7,17.4,False,0.0,False,0.0,False,0.0,False,0.0,False,0.0,False,0.0,False,0.0,1-2人気,2-5倍
202506050511,2025,1.0,7.0,2.0,3.6,12.7,5.8,False,0.0,False,0.0,False,0.0,False,0.0,False,0.0,False,0.0,False,0.0,1-2人気,2-5倍
202506050512,2025,1.0,3.0,2.0,2.7,4.5,3.5,False,0.0,False,0.0,False,0.0,False,0.0,False,0.0,False,0.0,False,0.0,1-2人気,2-5倍
202506050601,2025,1.0,5.0,2.0,2.2,8.6,7.1,True,2.2,True,0.7333333333333334,False,0.0,False,0.0,False,0.0,False,0.0,False,0.0,1-2人気,2-5倍
202506050602,2025,2.0,3.0,1.0,3.0,4.7,2.9,False,0.0,False,0.0,False,0.0,False,0.0,False,0.0,False,0.0,False,0.0,1-2人気,2-5倍
202506050603,2025,1.0,4.0,5.0,3.1,6.2,9.9,False,0.0,False,0.0,False,0.0,False,0.0,False,0.0,False,0.0,False,0.0,1-2人気,2-5倍
202506050604,2025,2.0,4.0,10.0,4.7,5.1,43.3,False,0.0,True,1.5666666666666667,False,0.0,False,0.0,False,0.0,False,0.0,False,0.0,1-2人気,2-5倍
202506050605,2025,3.0,1.0,2.0,7.1,2.7,3.6,False,0.0,False,0.0,False,0.0,False,0.0,False,0.0,False,0.0,False,0.0,3-5人気,5-10倍
202506050606,2025,7.0,4.0,3.0,17.8,6.7,6.5,False,0.0,False,0.0,False,0.0,False,0.0,False,0.0,False,0.0,False,0.0,6-10人気,10-20倍
202506050607,2025,2.0,4.0,1.0,3.7,7.4,3.6,True,3.7,True,1.2333333333333334,False,0.0,False,0.0,False,0.0,False,0.0,False,0.0,1-2人気,2-5倍
202506050608,2025,4.0,1.0,5.0,9.4,2.4,10.6,False,0.0,False,0.0,False,0.0,False,0.0,False,0.0,False,0.0,False,0.0,3-5人気,5-10倍
202506050609,2025,1.0,4.0,3.0,3.2,6.0,4.1,True,3.2,True,1.0666666666666667,True,3.0666666666666664,False,0.0,False,0.0,False,0.0,False,0.0,1-2人気,2-5倍
202506050610,2025,4.0,3.0,5.0,8.1,7.3,15.5,False,0.0,False,0.0,False,0.0,False,0.0,False,0.0,False,0.0,False,0.0,3-5人気,5-10倍
202506050611,2025,1.0,5.0,2.0,2.7,13.1,5.9,False,0.0,False,0.0,False,0.0,False,0.0,False,0.0,False,0.0,False,0.0,1-2人気,2-5倍
202506050612,2025,5.0,1.0,6.0,6.9,4.3,9.4,False,0.0,False,0.0,False,0.0,False,0.0,False,0.0,False,0.0,False,0.0,3-5人気,5-10倍
202506050701,2025,3.0,5.0,1.0,5.3,9.7,2.7,False,0.0,False,0.0,False,0.0,False,0.0,False,0.0,False,0.0,False,0.0,3-5人気,5-10倍
202506050702,2025,1.0,4.0,10.0,2.5,9.3,43.6,False,0.0,True,0.8333333333333334,False,0.0,False,0.0,False,0.0,False,0.0,False,0.0,1-2人気,2-5倍
202506050703,2025,2.0,5.0,4.0,3.0,17.2,16.7,True,3.0,True,1.0,False,0.0,False,0.0,False,0.0,False,0.0,False,0.0,1-2人気,2-5倍
202506050704,2025,3.0,2.0,1.0,5.0,3.7,2.9,False,0.0,False,0.0,False,0.0,False,0.0,False,0.0,False,0.0,False,0.0,3-5人気,2-5倍
202506050705,2025,2.0,1.0,4.0,4.6,3.7,6.4,True,4.6,True,1.5333333333333332,False,0.0,False,0.0,False,0.0,False,0.0,False,0.0,1-2人気,2-5倍
202506050706,2025,1.0,6.0,3.0,3.2,11.2,5.2,False,0.0,True,1.0666666666666667,False,0.0,False,0.0,False,0.0,False,0.0,False,0.0,1-2人気,2-5倍
202506050707,2025,1.0,3.0,8.0,2.6,7.4,24.8,True,2.6,True,0.8666666666666667,False,0.0,False,0.0,False,0.0,False,0.0,False,0.0,1-2人気,2-5倍
202506050708,2025,1.0,2.0,3.0,3.5,3.6,4.2,False,0.0,True,1.1666666666666667,True,2.3666666666666667,True,1.26,False,0.0,False,0.0,False,0.0,1-2人気,2-5倍
202506050709,2025,1.0,7.0,2.0,2.6,18.0,3.1,False,0.0,False,0.0,False,0.0,False,0.0,False,0.0,False,0.0,False,0.0,1-2人気,2-5倍
202506050710,2025,2.0,3.0,5.0,3.7,5.3,29.7,False,0.0,True,1.2333333333333334,False,0.0,False,0.0,False,0.0,False,0.0,False,0.0,1-2人気,2-5倍
202506050711,2025,1.0,4.0,7.0,3.5,6.4,19.8,False,0.0,False,0.0,False,0.0,False,0.0,False,0.0,False,0.0,False,0.0,1-2人気,2-5倍
202506050712,2025,7.0,3.0,2.0,23.4,4.6,4.0,False,0.0,False,0.0,False,0.0,False,0.0,False,0.0,False,0.0,False,0.0,6-10人気,20-50倍
202506050801,2025,3.0,2.0,1.0,4.7,3.2,3.1,False,0.0,True,1.5666666666666667,True,2.6333333333333333,False,0.0,False,0.0,False,0.0,False,0.0,3-5人気,2-5倍
202506050802,2025,1.0,2.0,3.0,1.3,6.7,7.7,False,0.0,True,0.43333333333333335,True,2.6666666666666665,False,0.0,False,0.0,False,0.0,False,0.0,1-2人気,1-2倍
202506050803,2025,4.0,3.0,1.0,9.6,4.4,3.1,False,0.0,False,0.0,False,0.0,False,0.0,False,0.0,False,0.0,False,0.0,3-5人気,5-10倍
202506050804,2025,1.0,2.0,9.0,2.2,2.8,99.4,False,0.0,True,0.7333333333333334,True,1.6666666666666667,False,0.0,False,0.0,False,0.0,False,0.0,1-2人気,2-5倍
202506050805,2025,4.0,3.0,2.0,10.0,8.0,3.6,False,0.0,False,0.0,False,0.0,False,0.0,False,0.0,False,0.0,False,0.0,3-5人気,5-10倍
202506050806,2025,1.0,4.0,5.0,2.2,8.3,17.7,False,0.0,True,0.7333333333333334,True,3.5,True,1.826,False,0.0,False,0.0,False,0.0,1-2人気,2-5倍
202506050807,2025,3.0,2.0,7.0,6.4,4.1,14.1,False,0.0,True,2.1333333333333333,False,0.0,False,0.0,False,0.0,False,0.0,False,0.0,3-5人気,5-10倍
202506050808,2025,1.0,3.0,4.0,2.5,4.8,7.8,False,0.0,True,0.8333333333333334,False,0.0,False,0.0,False,0.0,False,0.0,False,0.0,1-2人気,2-5倍
202506050809,2025,1.0,3.0,7.0,2.3,4.3,36.3,False,0.0,True,0.7666666666666666,False,0.0,False,0.0,False,0.0,False,0.0,False,0.0,1-2人気,2-5倍
202506050810,2025,4.0,3.0,10.0,9.8,8.3,26.9,False,0.0,False,0.0,False,0.0,False,0.0,False,0.0,False,0.0,False,0.0,3-5人気,5-10倍
202506050811,2025,3.0,16.0,1.0,3.8,180.3,3.3,True,3.8,True,1.2666666666666666,False,0.0,False,0.0,False,0.0,False,0.0,False,0.0,3-5人気,2-5倍
202506050812,2025,3.0,6.0,5.0,6.2,22.5,11.7,False,0.0,True,2.066666666666667,False,0.0,False,0.0,False,0.0,False,0.0,False,0.0,3-5人気,5-10倍
202507010101,2025,1.0,4.0,2.0,2.8,5.6,3.2,False,0.0,True,0.9333333333333332,False,0.0,False,0.0,False,0.0,False,0.0,False,0.0,1-2人気,2-5倍
202507010102,2025,4.0,3.0,2.0,6.0,4.9,4.7,False,0.0,False,0.0,False,0.0,False,0.0,False,0.0,False,0.0,False,0.0,3-5人気,5-10倍
202507010103,2025,2.0,4.0,5.0,4.5,19.2,26.3,False,0.0,False,0.0,False,0.0,False,0.0,False,0.0,False,0.0,False,0.0,1-2人気,2-5倍
202507010104,2025,1.0,4.0,8.0,3.1,6.4,25.3,False,0.0,True,1.0333333333333334,True,3.1666666666666665,False,0.0,False,0.0,False,0.0,False,0.0,1-2人気,2-5倍
202507010105,2025,1.0,6.0,8.0,3.1,14.8,29.2,False,0.0,True,1.0333333333333334,False,0.0,False,0.0,False,0.0,False,0.0,False,0.0,1-2人気,2-5倍
202507010106,2025,2.0,1.0,5.0,5.1,1.7,13.4,False,0.0,True,1.7,True,2.2666666666666666,True,0.867,False,0.0,False,0.0,False,0.0,1-2人気,5-10倍
202507010107,2025,7.0,4.0,2.0,22.1,5.7,4.9,False,0.0,False,0.0,False,0.0,False,0.0,False,0.0,False,0.0,False,0.0,6-10人気,20-50倍
202507010108,2025,2.0,8.0,6.0,5.6,15.6,7.8,False,0.0,False,0.0,False,0.0,False,0.0,False,0.0,False,0.0,False,0.0,1-2人気,5-10倍
202507010109,2025,1.0,3.0,4.0,1.9,4.7,17.0,False,0.0,True,0.6333333333333333,False,0.0,False,0.0,False,0.0,False,0.0,False,0.0,1-2人気,1-2倍
202507010110,2025,6.0,3.0,4.0,20.8,5.0,11.7,False,0.0,False,0.0,False,0.0,False,0.0,False,0.0,False,0.0,False,0.0,6-10人気,20-50倍
202507010111,2025,1.0,3.0,2.0,3.9,6.4,5.2,False,0.0,False,0.0,False,0.0,False,0.0,False,0.0,False,0.0,False,0.0,1-2人気,2-5倍
202507010112,2025,1.0,6.0,2.0,3.4,11.3,3.4,False,0.0,True,1.1333333333333333,True,4.9,False,0.0,False,0.0,False,0.0,False,0.0,1-2人気,2-5倍
202507010201,2025,1.0,4.0,6.0,3.0,8.6,10.0,True,3.0,True,1.0,False,0.0,False,0.0,False,0.0,False,0.0,False,0.0,1-2人気,2-5倍
202507010202,2025,1.0,5.0,4.0,2.8,9.0,8.4,True,2.8,True,0.9333333333333332,False,0.0,False,0.0,False,0.0,False,0.0,False,0.0,1-2人気,2-5倍
202507010203,2025,2.0,3.0,1.0,3.7,5.7,3.1,False,0.0,True,1.2333333333333334,False,0.0,False,0.0,False,0.0,False,0.0,False,0.0,1-2人気,2-5倍
202507010204,2025,6.0,5.0,3.0,33.0,31.0,18.1,False,0.0,False,0.0,False,0.0,False,0.0,False,0.0,False,0.0,False,0.0,6-10人気,20-50倍
202507010205,2025,1.0,2.0,6.0,2.9,4.6,13.7,False,0.0,False,0.0,False,0.0,False,0.0,False,0.0,False,0.0,False,0.0,1-2人気,2-5倍
202507010206,2025,1.0,11.0,3.0,2.4,44.4,5.0,False,0.0,True,0.7999999999999999,False,0.0,False,0.0,False,0.0,False,0.0,False,0.0,1-2人気,2-5倍
202507010207,2025,1.0,3.0,7.0,1.8,8.8,24.0,False,0.0,True,0.6,False,0.0,False,0.0,False,0.0,False,0.0,False,0.0,1-2人気,1-2倍
202507010208,2025,1.0,3.0,2.0,2.1,6.8,5.1,False,0.0,True,0.7000000000000001,True,2.966666666666667,False,0.0,False,0.0,True,2.4275999999999995,False,0.0,1-2人気,2-5倍
202507010209,2025,5.0,2.0,7.0,11.1,4.3,18.0,False,0.0,False,0.0,False,0.0,False,0.0,False,0.0,False,0.0,False,0.0,3-5人気,10-20倍
202507010210,2025,8.0,10.0,9.0,18.4,32.4,22.3,False,0.0,False,0.0,False,0.0,False,0.0,False,0.0,False,0.0,False,0.0,6-10人気,10-20倍
202507010211,2025,1.0,2.0,11.0,3.4,3.9,41.7,True,3.4,True,1.1333333333333333,True,2.433333333333333,True,1.326,True,2.652,False,0.0,False,0.0,1-2人気,2-5倍
202507010212,2025,5.0,1.0,4.0,18.5,1.8,10.2,False,0.0,False,0.0,False,0.0,False,0.0,False,0.0,False,0.0,False,0.0,3-5人気,10-20倍
202507010301,2025,1.0,5.0,3.0,3.7,9.8,5.3,False,0.0,False,0.0,False,0.0,False,0.0,False,0.0,False,0.0,False,0.0,1-2人気,2-5倍
202507010302,2025,3.0,1.0,11.0,4.6,3.3,71.0,False,0.0,False,0.0,False,0.0,False,0.0,False,0.0,False,0.0,False,0.0,3-5人気,2-5倍
202507010303,2025,4.0,9.0,2.0,7.1,28.9,4.3,False,0.0,True,2.3666666666666667,False,0.0,False,0.0,False,0.0,False,0.0,False,0.0,3-5人気,5-10倍
202507010304,2025,1.0,4.0,5.0,4.2,6.8,10.1,True,4.2,True,1.4000000000000001,True,3.6666666666666665,False,0.0,False,0.0,False,0.0,False,0.0,1-2人気,2-5倍
202507010305,2025,1.0,4.0,3.0,5.0,6.9,5.8,False,0.0,False,0.0,False,0.0,False,0.0,False,0.0,False,0.0,False,0.0,1-2人気,2-5倍
202507010306,2025,2.0,3.0,1.0,3.9,5.5,1.8,True,3.9,True,1.3,True,3.1333333333333333,True,2.145,True,4.29,False,0.0,False,0.0,1-2人気,2-5倍
202507010307,2025,1.0,9.0,7.0,3.3,37.6,19.0,False,0.0,False,0.0,False,0.0,False,0.0,False,0.0,False,0.0,False,0.0,1-2人気,2-5倍
202507010308,2025,1.0,3.0,2.0,2.2,5.7,5.5,True,2.2,True,0.7333333333333334,False,0.0,False,0.0,False,0.0,False,0.0,False,0.0,1-2人気,2-5倍
202507010309,2025,8.0,4.0,3.0,28.5,9.0,5.8,False,0.0,False,0.0,False,0.0,False,0.0,False,0.0,False,0.0,False,0.0,6-10人気,20-50倍
202507010310,2025,4.0,7.0,11.0,21.8,24.7,103.1,False,0.0,False,0.0,False,0.0,False,0.0,False,0.0,False,0.0,False,0.0,3-5人気,20-50倍
202507010311,2025,4.0,8.0,3.0,6.7,32.4,6.4,False,0.0,False,0.0,False,0.0,False,0.0,False,0.0,False,0.0,False,0.0,3-5人気,5-10倍
202507010312,2025,2.0,4.0,1.0,4.9,7.7,3.4,False,0.0,False,0.0,False,0.0,False,0.0,False,0.0,False,0.0,False,0.0,1-2人気,2-5倍
202507010401,2025,1.0,3.0,2.0,1.2,10.7,7.0,True,1.2,True,0.39999999999999997,True,3.9666666666666663,True,1.2839999999999998,True,2.5679999999999996,False,0.0,False,0.0,1-2人気,1-2倍
202507010402,2025,6.0,1.0,2.0,9.8,3.3,5.3,False,0.0,False,0.0,False,0.0,False,0.0,False,0.0,False,0.0,False,0.0,6-10人気,5-10倍
202507010403,2025,1.0,7.0,5.0,2.8,24.2,11.2,False,0.0,True,0.9333333333333332,True,9.0,True,6.775999999999999,False,0.0,False,0.0,False,0.0,1-2人気,2-5倍
202507010404,2025,1.0,5.0,4.0,1.6,20.2,15.8,False,0.0,True,0.5333333333333333,True,7.266666666666667,True,3.232,False,0.0,True,17.021866666666668,False,0.0,1-2人気,1-2倍
202507010405,2025,1.0,5.0,2.0,1.6,15.9,5.8,False,0.0,False,0.0,False,0.0,False,0.0,False,0.0,False,0.0,False,0.0,1-2人気,1-2倍
202507010406,2025,3.0,4.0,6.0,5.9,13.2,18.5,False,0.0,False,0.0,False,0.0,False,0.0,False,0.0,False,0.0,False,0.0,3-5人気,5-10倍
202507010407,2025,3.0,1.0,8.0,6.3,2.2,36.0,False,0.0,False,0.0,False,0.0,False,0.0,False,0.0,False,0.0,False,0.0,3-5人気,5-10倍
202507010408,2025,1.0,2.0,3.0,3.3,4.8,7.9,True,3.3,True,1.0999999999999999,False,0.0,False,0.0,False,0.0,False,0.0,False,0.0,1-2人気,2-5倍
202507010409,2025,4.0,3.0,1.0,17.3,13.6,1.4,False,0.0,False,0.0,False,0.0,False,0.0,False,0.0,False,0.0,False,0.0,3-5人気,10-20倍
202507010410,2025,2.0,7.0,5.0,5.1,25.2,18.1,False,0.0,False,0.0,False,0.0,False,0.0,False,0.0,False,0.0,False,0.0,1-2人気,5-10倍
202507010411,2025,1.0,4.0,3.0,1.8,10.4,8.5,True,1.8,True,0.6,False,0.0,False,0.0,False,0.0,False,0.0,False,0.0,1-2人気,1-2倍
202507010412,2025,9.0,7.0,4.0,27.4,20.0,13.0,False,0.0,False,0.0,False,0.0,False,0.0,False,0.0,False,0.0,False,0.0,6-10人気,20-50倍
202507010501,2025,2.0,3.0,9.0,5.9,6.4,21.2,False,0.0,False,0.0,False,0.0,False,0.0,False,0.0,False,0.0,False,0.0,1-2人気,5-10倍
202507010502,2025,4.0,2.0,3.0,15.2,6.2,9.3,False,0.0,True,5.066666666666666,False,0.0,False,0.0,False,0.0,False,0.0,False,0.0,3-5人気,10-20倍
202507010503,2025,2.0,1.0,4.0,4.4,2.4,6.8,False,0.0,True,1.4666666666666668,False,0.0,False,0.0,False,0.0,False,0.0,False,0.0,1-2人気,2-5倍
202507010504,2025,1.0,5.0,4.0,3.1,8.1,7.3,True,3.1,True,1.0333333333333334,False,0.0,False,0.0,False,0.0,False,0.0,False,0.0,1-2人気,2-5倍
202507010505,2025,1.0,4.0,11.0,2.7,8.6,64.4,False,0.0,True,0.9,True,3.766666666666667,False,0.0,False,0.0,False,0.0,False,0.0,1-2人気,2-5倍
202507010506,2025,3.0,2.0,4.0,5.4,4.8,7.1,False,0.0,False,0.0,False,0.0,False,0.0,False,0.0,False,0.0,False,0.0,3-5人気,5-10倍
202507010507,2025,3.0,2.0,1.0,6.9,2.7,2.3,False,0.0,True,2.3000000000000003,False,0.0,False,0.0,False,0.0,False,0.0,False,0.0,3-5人気,5-10倍
202507010508,2025,2.0,7.0,3.0,4.1,23.7,4.7,False,0.0,False,0.0,False,0.0,False,0.0,False,0.0,False,0.0,False,0.0,1-2人気,2-5倍
202507010509,2025,1.0,5.0,8.0,4.5,8.2,16.0,False,0.0,True,1.5,False,0.0,False,0.0,False,0.0,False,0.0,False,0.0,1-2人気,2-5倍
202507010510,2025,2.0,12.0,4.0,6.0,81.9,7.2,False,0.0,False,0.0,False,0.0,False,0.0,False,0.0,False,0.0,False,0.0,1-2人気,5-10倍
202507010511,2025,1.0,12.0,2.0,3.0,68.3,4.5,False,0.0,True,1.0,False,0.0,False,0.0,False,0.0,False,0.0,False,0.0,1-2人気,2-5倍
202507010512,2025,2.0,8.0,3.0,5.0,19.9,5.5,False,0.0,False,0.0,False,0.0,False,0.0,False,0.0,False,0.0,False,0.0,1-2人気,2-5倍
202507010601,2025,6.0,7.0,5.0,12.9,21.4,9.8,False,0.0,False,0.0,False,0.0,False,0.0,False,0.0,False,0.0,False,0.0,6-10人気,10-20倍
202507010602,2025,2.0,1.0,6.0,2.6,1.3,91.5,True,2.6,True,0.8666666666666667,True,1.3,True,0.338,True,0.676,False,0.0,False,0.0,1-2人気,2-5倍
202507010603,2025,1.0,6.0,4.0,2.1,17.8,6.2,False,0.0,False,0.0,False,0.0,False,0.0,False,0.0,False,0.0,False,0.0,1-2人気,2-5倍
202507010604,2025,1.0,3.0,2.0,4.1,7.4,4.4,False,0.0,False,0.0,False,0.0,False,0.0,False,0.0,False,0.0,False,0.0,1-2人気,2-5倍
202507010605,2025,3.0,7.0,6.0,5.3,12.6,12.1,True,5.3,True,1.7666666666666666,True,5.966666666666666,False,0.0,False,0.0,False,0.0,False,0.0,3-5人気,5-10倍
202507010606,2025,2.0,1.0,6.0,3.9,2.1,19.5,False,0.0,False,0.0,False,0.0,False,0.0,False,0.0,False,0.0,False,0.0,1-2人気,2-5倍
202507010607,2025,4.0,1.0,2.0,10.3,2.3,3.2,False,0.0,False,0.0,False,0.0,False,0.0,False,0.0,False,0.0,False,0.0,3-5人気,10-20倍
202507010608,2025,6.0,10.0,1.0,17.0,33.9,3.3,False,0.0,False,0.0,False,0.0,False,0.0,False,0.0,False,0.0,False,0.0,6-10人気,10-20倍
202507010609,2025,3.0,2.0,10.0,5.0,3.9,54.9,False,0.0,False,0.0,False,0.0,False,0.0,False,0.0,False,0.0,False,0.0,3-5人気,2-5倍
202507010610,2025,2.0,7.0,3.0,3.4,25.6,5.1,True,3.4,True,1.1333333333333333,False,0.0,False,0.0,False,0.0,False,0.0,False,0.0,1-2人気,2-5倍
202507010611,2025,2.0,11.0,6.0,7.1,41.3,16.0,False,0.0,False,0.0,False,0.0,False,0.0,False,0.0,False,0.0,False,0.0,1-2人気,5-10倍
202507010612,2025,1.0,2.0,7.0,3.1,3.7,17.1,False,0.0,True,1.0333333333333334,True,2.266666666666667,True,1.147,False,0.0,True,6.537900000000001,False,0.0,1-2人気,2-5倍
202507010701,2025,2.0,3.0,7.0,3.9,6.7,10.6,True,3.9,True,1.3,False,0.0,False,0.0,False,0.0,False,0.0,False,0.0,1-2人気,2-5倍
202507010702,2025,1.0,6.0,8.0,2.3,17.1,35.0,False,0.0,False,0.0,False,0.0,False,0.0,False,0.0,False,0.0,False,0.0,1-2人気,2-5倍
202507010703,2025,8.0,2.0,11.0,16.9,5.0,50.0,False,0.0,False,0.0,False,0.0,False,0.0,False,0.0,False,0.0,False,0.0,6-10人気,10-20倍
202507010704,2025,1.0,2.0,4.0,1.6,2.5,15.0,False,0.0,True,0.5333333333333333,True,1.3666666666666665,True,0.4,False,0.0,False,0.0,False,0.0,1-2人気,1-2倍
202507010705,2025,4.0,2.0,8.0,5.5,3.6,34.8,False,0.0,False,0.0,False,0.0,False,0.0,False,0.0,False,0.0,False,0.0,3-5人気,5-10倍
202507010706,2025,2.0,9.0,5.0,2.6,53.8,11.6,False,0.0,False,0.0,False,0.0,False,0.0,False,0.0,False,0.0,False,0.0,1-2人気,2-5倍
202507010707,2025,1.0,4.0,6.0,2.0,6.6,19.1,False,0.0,True,0.6666666666666666,True,2.8666666666666667,False,0.0,False,0.0,False,0.0,False,0.0,1-2人気,1-2倍
202507010708,2025,2.0,4.0,6.0,4.1,6.7,14.2,False,0.0,False,0.0,False,0.0,False,0.0,False,0.0,False,0.0,False,0.0,1-2人気,2-5倍
202507010709,2025,5.0,6.0,4.0,8.2,17.4,7.8,False,0.0,True,2.733333333333333,False,0.0,False,0.0,False,0.0,False,0.0,False,0.0,3-5人気,5-10倍
202507010710,2025,4.0,9.0,10.0,12.7,24.2,24.5,False,0.0,False,0.0,False,0.0,False,0.0,False,0.0,False,0.0,False,0.0,3-5人気,10-20倍
202507010711,2025,4.0,11.0,10.0,7.2,35.6,25.2,True,7.2,True,2.4,False,0.0,False,0.0,False,0.0,False,0.0,False,0.0,3-5人気,5-10倍
202507010712,2025,2.0,11.0,6.0,5.1,63.7,12.0,False,0.0,True,1.7,False,0.0,False,0.0,False,0.0,False,0.0,False,0.0,1-2人気,5-10倍
202507010801,2025,1.0,4.0,2.0,1.2,18.8,8.0,True,1.2,True,0.39999999999999997,True,6.666666666666667,False,0.0,False,0.0,False,0.0,False,0.0,1-2人気,1-2倍
202507010802,2025,4.0,1.0,5.0,19.4,1.5,29.2,False,0.0,False,0.0,False,0.0,False,0.0,False,0.0,False,0.0,False,0.0,3-5人気,10-20倍
202507010803,2025,8.0,4.0,3.0,50.6,6.5,5.9,False,0.0,False,0.0,False,0.0,False,0.0,False,0.0,False,0.0,False,0.0,6-10人気,50倍以上
202507010804,2025,4.0,2.0,3.0,6.4,5.4,5.6,False,0.0,True,2.1333333333333333,False,0.0,False,0.0,False,0.0,False,0.0,False,0.0,3-5人気,5-10倍
202507010805,2025,2.0,1.0,3.0,3.5,2.6,5.4,False,0.0,True,1.1666666666666667,True,2.033333333333333,True,0.9099999999999999,False,0.0,False,0.0,False,0.0,1-2人気,2-5倍
202507010806,2025,6.0,2.0,4.0,18.7,4.3,7.8,False,0.0,False,0.0,False,0.0,False,0.0,False,0.0,False,0.0,False,0.0,6-10人気,10-20倍
202507010807,2025,12.0,3.0,2.0,124.6,4.5,3.4,False,0.0,False,0.0,False,0.0,False,0.0,False,0.0,False,0.0,False,0.0,11人気以下,50倍以上
202507010808,2025,1.0,7.0,16.0,3.3,31.9,230.9,True,3.3,True,1.0999999999999999,False,0.0,False,0.0,False,0.0,False,0.0,False,0.0,1-2人気,2-5倍
202507010809,2025,5.0,1.0,3.0,8.3,2.3,6.1,False,0.0,False,0.0,False,0.0,False,0.0,False,0.0,False,0.0,False,0.0,3-5人気,5-10倍
202507010810,2025,3.0,5.0,10.0,5.4,9.8,86.7,False,0.0,False,0.0,False,0.0,False,0.0,False,0.0,False,0.0,False,0.0,3-5人気,5-10倍
202507010811,2025,4.0,7.0,3.0,8.4,23.3,5.3,False,0.0,True,2.8000000000000003,False,0.0,False,0.0,False,0.0,False,0.0,False,0.0,3-5人気,5-10倍
202507010812,2025,1.0,6.0,2.0,1.7,11.5,5.7,True,1.7,True,0.5666666666666667,True,4.3999999999999995,False,0.0,False,0.0,False,0.0,False,0.0,1-2人気,1-2倍
202507010901,2025,2.0,1.0,5.0,4.7,1.7,8.7,True,4.7,True,1.5666666666666667,False,0.0,False,0.0,False,0.0,False,0.0,False,0.0,1-2人気,2-5倍
202507010902,2025,1.0,6.0,2.0,2.2,14.3,6.0,True,2.2,True,0.7333333333333334,False,0.0,False,0.0,False,0.0,False,0.0,False,0.0,1-2人気,2-5倍
202507010903,2025,1.0,2.0,3.0,2.1,4.0,6.9,True,2.1,True,0.7000000000000001,False,0.0,False,0.0,False,0.0,False,0.0,False,0.0,1-2人気,2-5倍
202507010904,2025,4.0,1.0,6.0,7.6,2.6,21.9,False,0.0,False,0.0,False,0.0,False,0.0,False,0.0,False,0.0,False,0.0,3-5人気,5-10倍
202507010905,2025,1.0,11.0,3.0,2.2,77.7,6.0,False,0.0,False,0.0,False,0.0,False,0.0,False,0.0,False,0.0,False,0.0,1-2人気,2-5倍
202507010906,2025,10.0,2.0,9.0,38.4,5.0,29.6,False,0.0,False,0.0,False,0.0,False,0.0,False,0.0,False,0.0,False,0.0,6-10人気,20-50倍
202507010907,2025,2.0,1.0,8.0,3.8,2.1,59.5,True,3.8,True,1.2666666666666666,False,0.0,False,0.0,False,0.0,False,0.0,False,0.0,1-2人気,2-5倍
202507010908,2025,1.0,7.0,6.0,1.5,29.1,27.4,True,1.5,True,0.5,False,0.0,False,0.0,False,0.0,False,0.0,False,0.0,1-2人気,1-2倍
202507010909,2025,5.0,2.0,1.0,24.5,2.9,2.5,False,0.0,False,0.0,False,0.0,False,0.0,False,0.0,False,0.0,False,0.0,3-5人気,20-50倍
202507010910,2025,4.0,9.0,2.0,7.6,23.0,5.6,False,0.0,True,2.533333333333333,False,0.0,False,0.0,False,0.0,False,0.0,False,0.0,3-5人気,5-10倍
202507010911,2025,3.0,6.0,9.0,4.7,32.0,43.3,False,0.0,True,1.5666666666666667,False,0.0,False,0.0,False,0.0,False,0.0,False,0.0,3-5人気,2-5倍
202507010912,2025,3.0,10.0,12.0,4.5,37.7,55.7,False,0.0,False,0.0,False,0.0,False,0.0,False,0.0,False,0.0,False,0.0,3-5人気,2-5倍
202507020101,2025,2.0,4.0,1.0,4.6,8.7,2.2,False,0.0,False,0.0,False,0.0,False,0.0,False,0.0,False,0.0,False,0.0,1-2人気,2-5倍
202507020102,2025,7.0,1.0,9.0,13.6,3.5,16.8,False,0.0,False,0.0,False,0.0,False,0.0,False,0.0,False,0.0,False,0.0,6-10人気,10-20倍
202507020103,2025,1.0,3.0,4.0,1.6,11.7,22.9,False,0.0,True,0.5333333333333333,True,4.433333333333333,False,0.0,False,0.0,False,0.0,False,0.0,1-2人気,1-2倍
202507020104,2025,1.0,7.0,3.0,1.2,41.1,14.8,True,1.2,True,0.39999999999999997,False,0.0,False,0.0,False,0.0,False,0.0,False,0.0,1-2人気,1-2倍
202507020105,2025,5.0,3.0,6.0,15.3,4.6,17.2,False,0.0,False,0.0,False,0.0,False,0.0,False,0.0,False,0.0,False,0.0,3-5人気,10-20倍
202507020106,2025,10.0,3.0,5.0,24.2,5.0,9.4,False,0.0,False,0.0,False,0.0,False,0.0,False,0.0,False,0.0,False,0.0,6-10人気,20-50倍
202507020107,2025,1.0,3.0,10.0,2.9,5.2,34.9,False,0.0,False,0.0,False,0.0,False,0.0,False,0.0,False,0.0,False,0.0,1-2人気,2-5倍
202507020108,2025,9.0,2.0,6.0,34.8,2.9,24.4,False,0.0,False,0.0,False,0.0,False,0.0,False,0.0,False,0.0,False,0.0,6-10人気,20-50倍
202507020109,2025,3.0,1.0,8.0,5.3,2.2,31.2,False,0.0,False,0.0,False,0.0,False,0.0,False,0.0,False,0.0,False,0.0,3-5人気,5-10倍
202507020110,2025,9.0,1.0,2.0,29.1,2.4,5.8,False,0.0,False,0.0,False,0.0,False,0.0,False,0.0,False,0.0,False,0.0,6-10人気,20-50倍
202507020111,2025,2.0,11.0,4.0,4.3,64.3,6.3,True,4.3,True,1.4333333333333333,False,0.0,False,0.0,False,0.0,False,0.0,False,0.0,1-2人気,2-5倍
202507020112,2025,9.0,4.0,5.0,25.8,6.6,7.7,False,0.0,False,0.0,False,0.0,False,0.0,False,0.0,False,0.0,False,0.0,6-10人気,20-50倍
202507020201,2025,2.0,6.0,10.0,3.1,38.1,76.1,False,0.0,False,0.0,False,0.0,False,0.0,False,0.0,False,0.0,False,0.0,1-2人気,2-5倍
202507020202,2025,2.0,3.0,1.0,2.9,4.7,1.8,True,2.9,True,0.9666666666666667,True,2.533333333333333,True,1.363,True,2.726,False,0.0,False,0.0,1-2人気,2-5倍
202507020203,2025,4.0,7.0,12.0,10.6,13.3,81.6,False,0.0,False,0.0,False,0.0,False,0.0,False,0.0,False,0.0,False,0.0,3-5人気,10-20倍
202507020204,2025,2.0,3.0,1.0,4.1,4.2,2.6,False,0.0,False,0.0,False,0.0,False,0.0,False,0.0,False,0.0,False,0.0,1-2人気,2-5倍
202507020205,2025,6.0,5.0,12.0,17.1,8.3,96.3,False,0.0,True,5.7,True,8.466666666666667,True,14.193000000000003,False,0.0,False,0.0,False,0.0,6-10人気,10-20倍
202507020206,2025,1.0,3.0,2.0,1.7,5.7,3.9,True,1.7,True,0.5666666666666667,False,0.0,False,0.0,False,0.0,False,0.0,False,0.0,1-2人気,1-2倍
202507020207,2025,2.0,3.0,8.0,4.1,6.4,20.0,False,0.0,False,0.0,False,0.0,False,0.0,False,0.0,False,0.0,False,0.0,1-2人気,2-5倍
202507020208,2025,1.0,8.0,3.0,1.5,25.1,9.3,True,1.5,True,0.5,False,0.0,False,0.0,False,0.0,False,0.0,False,0.0,1-2人気,1-2倍
202507020209,2025,1.0,3.0,4.0,2.8,5.0,7.9,False,0.0,False,0.0,False,0.0,False,0.0,False,0.0,False,0.0,False,0.0,1-2人気,2-5倍
202507020210,2025,8.0,11.0,9.0,28.0,54.8,33.0,False,0.0,False,0.0,False,0.0,False,0.0,False,0.0,False,0.0,False,0.0,6-10人気,20-50倍
202507020211,2025,10.0,8.0,2.0,61.2,32.6,3.2,False,0.0,False,0.0,False,0.0,False,0.0,False,0.0,False,0.0,False,0.0,6-10人気,50倍以上
202507020212,2025,7.0,3.0,1.0,11.4,5.7,3.9,False,0.0,False,0.0,False,0.0,False,0.0,False,0.0,False,0.0,False,0.0,6-10人気,10-20倍
202507020301,2025,1.0,2.0,3.0,2.2,4.1,7.7,True,2.2,True,0.7333333333333334,True,2.1,True,0.9019999999999999,True,1.8039999999999998,True,2.3151333333333333,True,6.945399999999999,1-2人気,2-5倍
202507020302,2025,1.0,2.0,7.0,2.1,4.0,22.6,True,2.1,True,0.7000000000000001,False,0.0,False,0.0,False,0.0,False,0.0,False,0.0,1-2人気,2-5倍
202507020303,2025,3.0,1.0,2.0,5.0,2.0,4.7,False,0.0,False,0.0,False,0.0,False,0.0,False,0.0,False,0.0,False,0.0,3-5人気,2-5倍
202507020304,2025,1.0,5.0,4.0,1.9,16.1,11.4,False,0.0,True,0.6333333333333333,False,0.0,False,0.0,False,0.0,False,0.0,False,0.0,1-2人気,1-2倍
202507020305,2025,1.0,3.0,4.0,2.7,3.1,16.0,False,0.0,False,0.0,False,0.0,False,0.0,False,0.0,False,0.0,False,0.0,1-2人気,2-5倍
202507020306,2025,6.0,2.0,1.0,21.3,4.8,1.4,False,0.0,False,0.0,False,0.0,False,0.0,False,0.0,False,0.0,False,0.0,6-10人気,20-50倍
202507020307,2025,2.0,8.0,9.0,3.8,15.5,24.8,False,0.0,False,0.0,False,0.0,False,0.0,False,0.0,False,0.0,False,0.0,1-2人気,2-5倍
202507020308,2025,1.0,2.0,6.0,3.8,4.5,11.5,False,0.0,True,1.2666666666666666,True,2.766666666666667,False,0.0,False,0.0,False,0.0,False,0.0,1-2人気,2-5倍
202507020309,2025,3.0,1.0,6.0,4.6,2.2,19.8,False,0.0,False,0.0,False,0.0,False,0.0,False,0.0,False,0.0,False,0.0,3-5人気,2-5倍
202507020310,2025,1.0,2.0,11.0,2.5,4.0,115.3,False,0.0,False,0.0,False,0.0,False,0.0,False,0.0,False,0.0,False,0.0,1-2人気,2-5倍
202507020311,2025,2.0,3.0,1.0,4.6,6.3,4.5,False,0.0,False,0.0,False,0.0,False,0.0,False,0.0,False,0.0,False,0.0,1-2人気,2-5倍
202507020312,2025,2.0,7.0,5.0,4.9,16.1,10.8,False,0.0,False,0.0,False,0.0,False,0.0,False,0.0,False,0.0,False,0.0,1-2人気,2-5倍
202507020401,2025,2.0,1.0,3.0,4.2,2.0,4.9,False,0.0,False,0.0,False,0.0,False,0.0,False,0.0,False,0.0,False,0.0,1-2人気,2-5倍
202507020402,2025,2.0,1.0,4.0,2.8,1.9,7.8,False,0.0,True,0.9333333333333332,True,1.5666666666666664,False,0.0,False,0.0,False,0.0,False,0.0,1-2人気,2-5倍
202507020403,2025,11.0,5.0,1.0,55.5,10.1,3.4,False,0.0,False,0.0,False,0.0,False,0.0,False,0.0,False,0.0,False,0.0,11人気以下,50倍以上
202507020404,2025,1.0,7.0,3.0,2.9,14.6,5.7,False,0.0,False,0.0,False,0.0,False,0.0,False,0.0,False,0.0,False,0.0,1-2人気,2-5倍
202507020405,2025,4.0,1.0,2.0,6.7,3.8,4.3,False,0.0,False,0.0,False,0.0,False,0.0,False,0.0,False,0.0,False,0.0,3-5人気,5-10倍
202507020406,2025,2.0,13.0,1.0,5.5,145.0,2.0,False,0.0,False,0.0,False,0.0,False,0.0,False,0.0,False,0.0,False,0.0,1-2人気,5-10倍
202507020407,2025,9.0,2.0,1.0,39.6,4.2,2.7,False,0.0,False,0.0,False,0.0,False,0.0,False,0.0,False,0.0,False,0.0,6-10人気,20-50倍
202507020408,2025,1.0,4.0,8.0,3.9,5.9,27.9,True,3.9,True,1.3,False,0.0,False,0.0,False,0.0,False,0.0,False,0.0,1-2人気,2-5倍
202507020409,2025,5.0,2.0,3.0,6.8,3.9,6.1,True,6.8,True,2.2666666666666666,False,0.0,False,0.0,False,0.0,False,0.0,False,0.0,3-5人気,5-10倍
202507020410,2025,5.0,9.0,8.0,8.2,22.7,17.9,False,0.0,False,0.0,False,0.0,False,0.0,False,0.0,False,0.0,False,0.0,3-5人気,5-10倍
202507020411,2025,7.0,2.0,8.0,13.7,5.1,14.2,False,0.0,False,0.0,False,0.0,False,0.0,False,0.0,False,0.0,False,0.0,6-10人気,10-20倍
202507020412,2025,1.0,2.0,4.0,3.3,4.7,10.3,True,3.3,True,1.0999999999999999,False,0.0,False,0.0,False,0.0,False,0.0,False,0.0,1-2人気,2-5倍
202507020501,2025,3.0,5.0,2.0,8.6,12.9,4.7,False,0.0,False,0.0,False,0.0,False,0.0,False,0.0,False,0.0,False,0.0,3-5人気,5-10倍
202507020502,2025,4.0,1.0,9.0,5.7,3.4,44.9,True,5.7,True,1.9000000000000001,True,3.033333333333333,False,0.0,False,0.0,False,0.0,False,0.0,3-5人気,5-10倍
202507020503,2025,8.0,1.0,2.0,22.2,3.7,4.0,False,0.0,False,0.0,False,0.0,False,0.0,False,0.0,False,0.0,False,0.0,6-10人気,20-50倍
202507020504,2025,1.0,2.0,4.0,2.2,5.1,11.6,True,2.2,True,0.7333333333333334,False,0.0,False,0.0,False,0.0,False,0.0,False,0.0,1-2人気,2-5倍
202507020505,2025,4.0,1.0,2.0,6.1,2.5,5.6,False,0.0,False,0.0,False,0.0,False,0.0,False,0.0,False,0.0,False,0.0,3-5人気,5-10倍
202507020506,2025,2.0,3.0,10.0,4.8,4.9,57.3,False,0.0,False,0.0,False,0.0,False,0.0,False,0.0,False,0.0,False,0.0,1-2人気,2-5倍
202507020507,2025,5.0,2.0,3.0,22.0,6.7,9.4,False,0.0,False,0.0,False,0.0,False,0.0,False,0.0,False,0.0,False,0.0,3-5人気,20-50倍
202507020508,2025,5.0,1.0,2.0,7.7,2.5,5.1,False,0.0,False,0.0,False,0.0,False,0.0,False,0.0,False,0.0,False,0.0,3-5人気,5-10倍
202507020509,2025,9.0,3.0,6.0,18.4,6.4,9.8,False,0.0,False,0.0,False,0.0,False,0.0,False,0.0,False,0.0,False,0.0,6-10人気,10-20倍
202507020510,2025,3.0,2.0,4.0,4.0,3.3,4.7,False,0.0,False,0.0,False,0.0,False,0.0,False,0.0,False,0.0,False,0.0,3-5人気,2-5倍
202507020511,2025,4.0,6.0,10.0,7.9,12.0,54.9,False,0.0,False,0.0,False,0.0,False,0.0,False,0.0,False,0.0,False,0.0,3-5人気,5-10倍
202507020512,2025,1.0,3.0,2.0,3.3,4.1,3.5,True,3.3,True,1.0999999999999999,True,2.4666666666666663,True,1.3529999999999998,True,2.7059999999999995,True,1.5784999999999996,True,4.735499999999999,1-2人気,2-5倍
202507020601,2025,1.0,4.0,2.0,4.0,5.8,4.2,False,0.0,False,0.0,False,0.0,False,0.0,False,0.0,False,0.0,False,0.0,1-2人気,2-5倍
202507020602,2025,1.0,3.0,5.0,2.2,4.5,13.2,False,0.0,True,0.7333333333333334,False,0.0,False,0.0,False,0.0,False,0.0,False,0.0,1-2人気,2-5倍
202507020603,2025,5.0,2.0,8.0,7.9,3.9,28.8,True,7.9,True,2.6333333333333333,False,0.0,False,0.0,False,0.0,False,0.0,False,0.0,3-5人気,5-10倍
202507020604,2025,2.0,3.0,4.0,2.8,6.5,8.5,False,0.0,True,0.9333333333333332,True,3.1,False,0.0,False,0.0,True,5.156666666666666,False,0.0,1-2人気,2-5倍
202507020605,2025,1.0,3.0,13.0,3.6,4.2,111.1,False,0.0,True,1.2,False,0.0,False,0.0,False,0.0,False,0.0,False,0.0,1-2人気,2-5倍
202507020606,2025,2.0,3.0,1.0,4.0,6.4,2.2,True,4.0,True,1.3333333333333333,True,3.466666666666667,False,0.0,False,0.0,False,0.0,False,0.0,1-2人気,2-5倍
202507020607,2025,2.0,1.0,7.0,2.9,2.2,98.4,False,0.0,True,0.9666666666666667,False,0.0,False,0.0,False,0.0,False,0.0,False,0.0,1-2人気,2-5倍
202507020608,2025,1.0,2.0,5.0,2.4,2.6,31.1,False,0.0,True,0.7999999999999999,True,1.6666666666666667,True,0.624,False,0.0,False,0.0,False,0.0,1-2人気,2-5倍
202507020609,2025,1.0,5.0,2.0,3.5,12.5,3.8,False,0.0,False,0.0,False,0.0,False,0.0,False,0.0,False,0.0,False,0.0,1-2人気,2-5倍
202507020610,2025,6.0,5.0,8.0,14.5,14.0,32.1,False,0.0,False,0.0,False,0.0,False,0.0,False,0.0,False,0.0,False,0.0,6-10人気,10-20倍
202507020611,2025,2.0,6.0,5.0,3.8,14.6,7.3,True,3.8,True,1.2666666666666666,True,6.133333333333333,False,0.0,False,0.0,False,0.0,False,0.0,1-2人気,2-5倍
202507020612,2025,1.0,3.0,6.0,3.0,5.1,11.7,True,3.0,True,1.0,False,0.0,False,0.0,False,0.0,False,0.0,False,0.0,1-2人気,2-5倍
202507030101,2025,1.0,6.0,4.0,1.5,14.8,12.1,False,0.0,False,0.0,False,0.0,False,0.0,False,0.0,False,0.0,False,0.0,1-2人気,1-2倍
202507030102,2025,5.0,1.0,4.0,10.8,2.8,5.5,False,0.0,False,0.0,False,0.0,False,0.0,False,0.0,False,0.0,False,0.0,3-5人気,10-20倍
202507030103,2025,2.0,4.0,1.0,2.1,7.6,2.0,True,2.1,True,0.7000000000000001,False,0.0,False,0.0,False,0.0,False,0.0,False,0.0,1-2人気,2-5倍
202507030104,2025,1.0,3.0,2.0,2.2,6.5,3.7,True,2.2,True,0.7333333333333334,False,0.0,False,0.0,False,0.0,False,0.0,False,0.0,1-2人気,2-5倍
202507030105,2025,4.0,10.0,3.0,6.2,39.8,5.8,False,0.0,True,2.066666666666667,False,0.0,False,0.0,False,0.0,False,0.0,False,0.0,3-5人気,5-10倍
202507030106,2025,2.0,9.0,6.0,3.8,16.1,13.2,False,0.0,False,0.0,False,0.0,False,0.0,False,0.0,False,0.0,False,0.0,1-2人気,2-5倍
202507030107,2025,1.0,4.0,5.0,3.0,6.2,10.2,False,0.0,False,0.0,False,0.0,False,0.0,False,0.0,False,0.0,False,0.0,1-2人気,2-5倍
202507030108,2025,1.0,7.0,2.0,1.8,106.1,5.7,True,1.8,True,0.6,False,0.0,False,0.0,False,0.0,False,0.0,False,0.0,1-2人気,1-2倍
202507030109,2025,2.0,1.0,5.0,3.7,2.3,12.7,False,0.0,False,0.0,False,0.0,False,0.0,False,0.0,False,0.0,False,0.0,1-2人気,2-5倍
202507030110,2025,1.0,2.0,10.0,2.4,4.3,29.9,False,0.0,True,0.7999999999999999,False,0.0,False,0.0,False,0.0,False,0.0,False,0.0,1-2人気,2-5倍
202507030111,2025,2.0,3.0,1.0,3.8,6.1,2.5,False,0.0,False,0.0,False,0.0,False,0.0,False,0.0,False,0.0,False,0.0,1-2人気,2-5倍
202507030112,2025,1.0,3.0,9.0,2.3,6.5,52.7,False,0.0,True,0.7666666666666666,True,2.9333333333333336,False,0.0,False,0.0,False,0.0,False,0.0,1-2人気,2-5倍
202507030201,2025,2.0,3.0,1.0,4.0,6.1,1.9,False,0.0,True,1.3333333333333333,False,0.0,False,0.0,False,0.0,False,0.0,False,0.0,1-2人気,2-5倍
202507030202,2025,1.0,3.0,11.0,4.4,5.4,43.2,False,0.0,False,0.0,False,0.0,False,0.0,False,0.0,False,0.0,False,0.0,1-2人気,2-5倍
202507030203,2025,2.0,4.0,1.0,2.6,8.9,1.9,False,0.0,True,0.8666666666666667,False,0.0,False,0.0,False,0.0,False,0.0,False,0.0,1-2人気,2-5倍
202507030204,2025,2.0,6.0,9.0,5.2,8.6,21.4,False,0.0,False,0.0,False,0.0,False,0.0,False,0.0,False,0.0,False,0.0,1-2人気,5-10倍
202507030205,2025,1.0,2.0,3.0,3.2,4.0,7.3,False,0.0,False,0.0,False,0.0,False,0.0,False,0.0,False,0.0,False,0.0,1-2人気,2-5倍
202507030206,2025,1.0,3.0,2.0,1.8,8.6,2.7,False,0.0,True,0.6,True,3.466666666666667,False,0.0,False,0.0,True,1.3932000000000002,False,0.0,1-2人気,1-2倍
202507030207,2025,2.0,9.0,11.0,4.1,24.1,40.4,False,0.0,False,0.0,False,0.0,False,0.0,False,0.0,False,0.0,False,0.0,1-2人気,2-5倍
202507030208,2025,1.0,5.0,3.0,2.5,10.8,4.1,False,0.0,True,0.8333333333333334,False,0.0,False,0.0,False,0.0,False,0.0,False,0.0,1-2人気,2-5倍
202507030209,2025,1.0,2.0,4.0,2.0,3.8,6.2,False,0.0,True,0.6666666666666666,True,1.9333333333333333,False,0.0,False,0.0,False,0.0,False,0.0,1-2人気,1-2倍
202507030210,2025,1.0,2.0,3.0,2.1,5.0,8.2,True,2.1,True,0.7000000000000001,False,0.0,False,0.0,False,0.0,False,0.0,False,0.0,1-2人気,2-5倍
202507030211,2025,2.0,1.0,3.0,3.3,2.0,6.8,False,0.0,False,0.0,False,0.0,False,0.0,False,0.0,False,0.0,False,0.0,1-2人気,2-5倍
202507030212,2025,1.0,5.0,3.0,1.8,12.9,6.9,False,0.0,False,0.0,False,0.0,False,0.0,False,0.0,False,0.0,False,0.0,1-2人気,1-2倍
202507030301,2025,3.0,4.0,1.0,6.4,6.5,1.3,False,0.0,True,2.1333333333333333,True,4.3,False,0.0,False,0.0,True,1.8026666666666669,False,0.0,3-5人気,5-10倍
202507030302,2025,1.0,2.0,5.0,1.9,2.5,35.8,True,1.9,True,0.6333333333333333,True,1.4666666666666668,True,0.475,True,0.95,False,0.0,False,0.0,1-2人気,1-2倍
202507030303,2025,1.0,5.0,2.0,1.6,17.6,6.0,False,0.0,True,0.5333333333333333,False,0.0,False,0.0,False,0.0,False,0.0,False,0.0,1-2人気,1-2倍
202507030304,2025,2.0,4.0,3.0,3.2,10.8,3.6,False,0.0,True,1.0666666666666667,True,4.666666666666667,False,0.0,False,0.0,False,0.0,False,0.0,1-2人気,2-5倍
202507030305,2025,1.0,3.0,4.0,2.0,5.0,11.1,False,0.0,True,0.6666666666666666,False,0.0,False,0.0,False,0.0,False,0.0,False,0.0,1-2人気,1-2倍
202507030306,2025,1.0,6.0,9.0,1.8,13.5,42.3,False,0.0,False,0.0,False,0.0,False,0.0,False,0.0,False,0.0,False,0.0,1-2人気,1-2倍
202507030307,2025,4.0,3.0,6.0,6.6,5.8,12.5,False,0.0,True,2.1999999999999997,True,4.133333333333333,False,0.0,False,0.0,False,0.0,False,0.0,3-5人気,5-10倍
202507030308,2025,2.0,1.0,13.0,2.9,1.8,182.5,False,0.0,False,0.0,False,0.0,False,0.0,False,0.0,False,0.0,False,0.0,1-2人気,2-5倍
202507030309,2025,3.0,1.0,4.0,5.8,3.4,6.1,False,0.0,False,0.0,False,0.0,False,0.0,False,0.0,False,0.0,False,0.0,3-5人気,5-10倍
202507030310,2025,3.0,7.0,1.0,4.2,23.6,2.8,True,4.2,True,1.4000000000000001,False,0.0,False,0.0,False,0.0,False,0.0,False,0.0,3-5人気,2-5倍
202507030311,2025,1.0,5.0,2.0,4.0,12.0,4.1,False,0.0,False,0.0,False,0.0,False,0.0,False,0.0,False,0.0,False,0.0,1-2人気,2-5倍
202507030312,2025,5.0,1.0,3.0,9.8,3.5,7.0,False,0.0,True,3.266666666666667,True,4.433333333333334,False,0.0,False,0.0,False,0.0,False,0.0,3-5人気,5-10倍
202507030401,2025,1.0,2.0,3.0,1.3,3.2,12.0,True,1.3,True,0.43333333333333335,True,1.5,True,0.41600000000000004,True,0.8320000000000001,False,0.0,False,0.0,1-2人気,1-2倍
202507030402,2025,7.0,4.0,1.0,24.2,7.9,1.9,False,0.0,False,0.0,False,0.0,False,0.0,False,0.0,False,0.0,False,0.0,6-10人気,20-50倍
202507030403,2025,4.0,1.0,6.0,6.9,1.9,24.0,True,6.9,True,2.3000000000000003,False,0.0,False,0.0,False,0.0,False,0.0,False,0.0,3-5人気,5-10倍
202507030404,2025,1.0,2.0,5.0,3.0,4.0,8.1,False,0.0,True,1.0,True,2.3333333333333335,False,0.0,False,0.0,True,3.2399999999999998,False,0.0,1-2人気,2-5倍
202507030405,2025,4.0,2.0,1.0,9.1,3.5,2.8,False,0.0,False,0.0,False,0.0,False,0.0,False,0.0,False,0.0,False,0.0,3-5人気,5-10倍
202507030406,2025,2.0,9.0,1.0,5.6,22.3,2.5,False,0.0,False,0.0,False,0.0,False,0.0,False,0.0,False,0.0,False,0.0,1-2人気,5-10倍
202507030407,2025,2.0,5.0,1.0,4.8,9.0,3.0,False,0.0,True,1.5999999999999999,False,0.0,False,0.0,False,0.0,False,0.0,False,0.0,1-2人気,2-5倍
202507030408,2025,2.0,3.0,1.0,3.6,4.3,1.9,False,0.0,True,1.2,True,2.6333333333333333,False,0.0,False,0.0,True,0.9803999999999999,False,0.0,1-2人気,2-5倍
202507030409,2025,1.0,5.0,2.0,2.9,10.0,3.5,True,2.9,True,0.9666666666666667,True,4.3,False,0.0,False,0.0,True,3.3833333333333333,False,0.0,1-2人気,2-5倍
202507030410,2025,1.0,5.0,2.0,2.9,9.8,4.5,True,2.9,True,0.9666666666666667,False,0.0,False,0.0,False,0.0,False,0.0,False,0.0,1-2人気,2-5倍
202507030411,2025,2.0,1.0,4.0,3.5,2.6,7.1,False,0.0,True,1.1666666666666667,True,2.033333333333333,False,0.0,False,0.0,False,0.0,False,0.0,1-2人気,2-5倍
202507030412,2025,8.0,1.0,13.0,16.3,3.3,36.5,False,0.0,False,0.0,False,0.0,False,0.0,False,0.0,False,0.0,False,0.0,6-10人気,10-20倍
202507030501,2025,2.0,5.0,3.0,4.7,6.8,5.1,False,0.0,False,0.0,False,0.0,False,0.0,False,0.0,False,0.0,False,0.0,1-2人気,2-5倍
202507030502,2025,6.0,3.0,4.0,13.7,7.6,11.1,False,0.0,False,0.0,False,0.0,False,0.0,False,0.0,False,0.0,False,0.0,6-10人気,10-20倍
202507030503,2025,1.0,4.0,2.0,2.3,10.9,2.5,False,0.0,True,0.7666666666666666,False,0.0,False,0.0,False,0.0,False,0.0,False,0.0,1-2人気,2-5倍
202507030504,2025,1.0,4.0,5.0,3.2,8.7,10.1,True,3.2,True,1.0666666666666667,False,0.0,False,0.0,False,0.0,False,0.0,False,0.0,1-2人気,2-5倍
202507030505,2025,6.0,7.0,3.0,7.2,11.5,5.2,False,0.0,False,0.0,False,0.0,False,0.0,False,0.0,False,0.0,False,0.0,6-10人気,5-10倍
202507030506,2025,6.0,8.0,2.0,9.3,20.2,4.3,False,0.0,False,0.0,False,0.0,False,0.0,False,0.0,False,0.0,False,0.0,6-10人気,5-10倍
202507030507,2025,11.0,1.0,9.0,40.3,4.0,26.0,False,0.0,False,0.0,False,0.0,False,0.0,False,0.0,False,0.0,False,0.0,11人気以下,20-50倍
202507030508,2025,2.0,7.0,3.0,3.1,31.8,6.2,True,3.1,True,1.0333333333333334,False,0.0,False,0.0,False,0.0,False,0.0,False,0.0,1-2人気,2-5倍
202507030509,2025,2.0,1.0,4.0,3.6,1.7,11.4,False,0.0,False,0.0,False,0.0,False,0.0,False,0.0,False,0.0,False,0.0,1-2人気,2-5倍
202507030510,2025,1.0,7.0,10.0,2.1,16.2,117.2,False,0.0,False,0.0,False,0.0,False,0.0,False,0.0,False,0.0,False,0.0,1-2人気,2-5倍
202507030511,2025,3.0,1.0,2.0,5.4,3.7,5.3,False,0.0,False,0.0,False,0.0,False,0.0,False,0.0,False,0.0,False,0.0,3-5人気,5-10倍
202507030512,2025,2.0,8.0,6.0,2.9,32.1,24.1,False,0.0,True,0.9666666666666667,False,0.0,False,0.0,False,0.0,False,0.0,False,0.0,1-2人気,2-5倍
202507030601,2025,1.0,2.0,3.0,3.3,3.3,3.9,False,0.0,False,0.0,False,0.0,False,0.0,False,0.0,False,0.0,False,0.0,1-2人気,2-5倍
202507030602,2025,1.0,3.0,8.0,3.1,5.1,20.1,True,3.1,True,1.0333333333333334,False,0.0,False,0.0,False,0.0,False,0.0,False,0.0,1-2人気,2-5倍
202507030603,2025,3.0,6.0,1.0,7.7,17.2,1.4,False,0.0,False,0.0,False,0.0,False,0.0,False,0.0,False,0.0,False,0.0,3-5人気,5-10倍
202507030604,2025,2.0,1.0,3.0,3.6,3.4,4.6,True,3.6,True,1.2,True,2.3333333333333335,True,1.224,True,2.448,False,0.0,False,0.0,1-2人気,2-5倍
202507030605,2025,1.0,5.0,3.0,2.8,11.3,4.8,False,0.0,False,0.0,False,0.0,False,0.0,False,0.0,False,0.0,False,0.0,1-2人気,2-5倍
202507030606,2025,6.0,1.0,2.0,14.8,1.8,4.8,False,0.0,True,4.933333333333334,True,5.533333333333334,True,2.664,False,0.0,False,0.0,False,0.0,6-10人気,10-20倍
202507030607,2025,12.0,1.0,3.0,30.5,3.2,10.2,False,0.0,False,0.0,False,0.0,False,0.0,False,0.0,False,0.0,False,0.0,11人気以下,20-50倍
202507030608,2025,10.0,8.0,5.0,110.5,38.5,7.0,False,0.0,False,0.0,False,0.0,False,0.0,False,0.0,False,0.0,False,0.0,6-10人気,50倍以上
202507030609,2025,1.0,2.0,3.0,3.9,4.0,5.7,True,3.9,True,1.3,True,2.6333333333333333,True,1.56,True,3.12,True,2.964,True,8.892,1-2人気,2-5倍
202507030610,2025,9.0,2.0,8.0,28.0,3.9,21.5,False,0.0,False,0.0,False,0.0,False,0.0,False,0.0,False,0.0,False,0.0,6-10人気,20-50倍
202507030611,2025,1.0,5.0,9.0,4.2,7.0,44.5,False,0.0,False,0.0,False,0.0,False,0.0,False,0.0,False,0.0,False,0.0,1-2人気,2-5倍
202507030612,2025,10.0,1.0,3.0,22.3,3.0,6.6,False,0.0,False,0.0,False,0.0,False,0.0,False,0.0,False,0.0,False,0.0,6-10人気,20-50倍
202507030701,2025,1.0,3.0,2.0,1.8,6.9,3.4,False,0.0,False,0.0,False,0.0,False,0.0,False,0.0,False,0.0,False,0.0,1-2人気,1-2倍
202507030702,2025,2.0,1.0,6.0,2.8,2.3,12.1,False,0.0,True,0.9333333333333332,True,1.7,True,0.6439999999999999,False,0.0,False,0.0,False,0.0,1-2人気,2-5倍
202507030703,2025,1.0,2.0,3.0,2.4,2.5,9.4,False,0.0,False,0.0,False,0.0,False,0.0,False,0.0,False,0.0,False,0.0,1-2人気,2-5倍
202507030704,2025,2.0,1.0,13.0,3.0,2.4,168.4,True,3.0,True,1.0,True,1.8,True,0.72,True,1.44,False,0.0,False,0.0,1-2人気,2-5倍
202507030705,2025,3.0,4.0,2.0,5.1,6.2,4.1,False,0.0,True,1.7,False,0.0,False,0.0,False,0.0,False,0.0,False,0.0,3-5人気,5-10倍
202507030706,2025,1.0,4.0,3.0,1.7,12.3,7.3,True,1.7,True,0.5666666666666667,False,0.0,False,0.0,False,0.0,False,0.0,False,0.0,1-2人気,1-2倍
202507030707,2025,2.0,3.0,1.0,4.4,6.0,2.1,False,0.0,False,0.0,False,0.0,False,0.0,False,0.0,False,0.0,False,0.0,1-2人気,2-5倍
202507030708,2025,3.0,1.0,5.0,10.3,1.4,14.8,False,0.0,False,0.0,False,0.0,False,0.0,False,0.0,False,0.0,False,0.0,3-5人気,10-20倍
202507030709,2025,4.0,2.0,1.0,11.6,3.4,2.5,False,0.0,True,3.8666666666666667,True,5.0,False,0.0,False,0.0,True,3.2866666666666666,False,0.0,3-5人気,10-20倍
202507030710,2025,1.0,3.0,6.0,2.7,4.9,17.8,False,0.0,True,0.9,True,2.5333333333333337,False,0.0,False,0.0,False,0.0,False,0.0,1-2人気,2-5倍
202507030711,2025,7.0,2.0,3.0,17.8,4.0,4.0,False,0.0,False,0.0,False,0.0,False,0.0,False,0.0,False,0.0,False,0.0,6-10人気,10-20倍
202507030712,2025,7.0,2.0,1.0,13.1,3.8,2.5,False,0.0,False,0.0,False,0.0,False,0.0,False,0.0,False,0.0,False,0.0,6-10人気,10-20倍
202507030801,2025,2.0,1.0,5.0,5.3,1.1,72.9,False,0.0,True,1.7666666666666666,True,2.1333333333333333,True,0.583,False,0.0,False,0.0,False,0.0,1-2人気,5-10倍
202507030802,2025,3.0,6.0,2.0,5.2,16.3,3.8,False,0.0,False,0.0,False,0.0,False,0.0,False,0.0,False,0.0,False,0.0,3-5人気,5-10倍
202507030803,2025,4.0,1.0,3.0,7.8,2.4,6.0,False,0.0,False,0.0,False,0.0,False,0.0,False,0.0,False,0.0,False,0.0,3-5人気,5-10倍
202507030804,2025,2.0,1.0,4.0,2.7,2.4,13.9,False,0.0,False,0.0,False,0.0,False,0.0,False,0.0,False,0.0,False,0.0,1-2人気,2-5倍
202507030805,2025,10.0,9.0,1.0,37.6,35.0,3.5,True,37.6,True,12.533333333333333,False,0.0,False,0.0,False,0.0,False,0.0,False,0.0,6-10人気,20-50倍
202507030806,2025,3.0,7.0,6.0,5.7,16.8,8.2,False,0.0,False,0.0,False,0.0,False,0.0,False,0.0,False,0.0,False,0.0,3-5人気,5-10倍
202507030807,2025,1.0,8.0,9.0,3.4,29.0,52.8,False,0.0,False,0.0,False,0.0,False,0.0,False,0.0,False,0.0,False,0.0,1-2人気,2-5倍
202507030808,2025,1.0,3.0,2.0,1.1,10.3,7.7,True,1.1,True,0.3666666666666667,False,0.0,False,0.0,False,0.0,False,0.0,False,0.0,1-2人気,1-2倍
202507030809,2025,3.0,1.0,2.0,5.2,3.4,4.0,False,0.0,True,1.7333333333333334,True,2.8666666666666667,False,0.0,False,0.0,False,0.0,False,0.0,3-5人気,5-10倍
202507030810,2025,6.0,2.0,4.0,22.6,3.0,7.8,False,0.0,False,0.0,False,0.0,False,0.0,False,0.0,False,0.0,False,0.0,6-10人気,20-50倍
202507030811,2025,2.0,1.0,7.0,3.5,2.2,20.5,True,3.5,True,1.1666666666666667,True,1.9000000000000001,True,0.7700000000000001,True,1.5400000000000003,False,0.0,False,0.0,1-2人気,2-5倍
202507030812,2025,8.0,1.0,7.0,13.2,3.2,12.5,False,0.0,True,4.3999999999999995,False,0.0,False,0.0,False,0.0,False,0.0,False,0.0,6-10人気,10-20倍
202507040101,2025,1.0,3.0,4.0,1.6,7.3,9.9,False,0.0,True,0.5333333333333333,False,0.0,False,0.0,False,0.0,False,0.0,False,0.0,1-2人気,1-2倍
202507040102,2025,1.0,2.0,7.0,1.7,4.1,27.2,False,0.0,False,0.0,False,0.0,False,0.0,False,0.0,False,0.0,False,0.0,1-2人気,1-2倍
202507040103,2025,4.0,3.0,1.0,4.7,3.3,3.2,False,0.0,True,1.5666666666666667,False,0.0,False,0.0,False,0.0,False,0.0,False,0.0,3-5人気,2-5倍
202507040104,2025,6.0,2.0,8.0,10.8,5.6,19.4,False,0.0,False,0.0,False,0.0,False,0.0,False,0.0,False,0.0,False,0.0,6-10人気,10-20倍
202507040105,2025,4.0,1.0,7.0,6.7,2.1,28.3,False,0.0,False,0.0,False,0.0,False,0.0,False,0.0,False,0.0,False,0.0,3-5人気,5-10倍
202507040106,2025,1.0,3.0,9.0,3.2,4.4,27.0,False,0.0,False,0.0,False,0.0,False,0.0,False,0.0,False,0.0,False,0.0,1-2人気,2-5倍
202507040107,2025,1.0,2.0,5.0,2.5,3.9,10.0,False,0.0,False,0.0,False,0.0,False,0.0,False,0.0,False,0.0,False,0.0,1-2人気,2-5倍
202507040108,2025,1.0,4.0,5.0,1.8,12.8,14.3,False,0.0,True,0.6,False,0.0,False,0.0,False,0.0,False,0.0,False,0.0,1-2人気,1-2倍
202507040109,2025,1.0,3.0,2.0,2.4,4.9,3.7,False,0.0,False,0.0,False,0.0,False,0.0,False,0.0,False,0.0,False,0.0,1-2人気,2-5倍
202507040110,2025,3.0,1.0,4.0,4.6,2.7,7.8,False,0.0,True,1.5333333333333332,False,0.0,False,0.0,False,0.0,False,0.0,False,0.0,3-5人気,2-5倍
202507040111,2025,8.0,9.0,4.0,18.7,21.4,9.3,False,0.0,False,0.0,False,0.0,False,0.0,False,0.0,False,0.0,False,0.0,6-10人気,10-20倍
202507040112,2025,2.0,1.0,3.0,3.1,1.7,8.6,False,0.0,False,0.0,False,0.0,False,0.0,False,0.0,False,0.0,False,0.0,1-2人気,2-5倍
202507040201,2025,2.0,1.0,3.0,5.3,1.9,5.8,True,5.3,True,1.7666666666666666,False,0.0,False,0.0,False,0.0,False,0.0,False,0.0,1-2人気,5-10倍
202507040202,2025,1.0,2.0,6.0,2.1,4.7,17.5,False,0.0,False,0.0,False,0.0,False,0.0,False,0.0,False,0.0,False,0.0,1-2人気,2-5倍
202507040203,2025,1.0,2.0,3.0,2.4,3.9,6.0,False,0.0,True,0.7999999999999999,True,2.1,False,0.0,False,0.0,False,0.0,False,0.0,1-2人気,2-5倍
202507040204,2025,1.0,12.0,3.0,3.4,91.0,5.1,False,0.0,False,0.0,False,0.0,False,0.0,False,0.0,False,0.0,False,0.0,1-2人気,2-5倍
202507040205,2025,2.0,1.0,5.0,3.8,1.4,12.0,False,0.0,False,0.0,False,0.0,False,0.0,False,0.0,False,0.0,False,0.0,1-2人気,2-5倍
202507040206,2025,2.0,1.0,3.0,3.7,3.4,5.9,True,3.7,True,1.2333333333333334,True,2.3666666666666667,True,1.258,True,2.516,False,0.0,False,0.0,1-2人気,2-5倍
202507040207,2025,1.0,3.0,4.0,1.4,6.4,10.3,False,0.0,True,0.4666666666666666,True,2.6,False,0.0,False,0.0,True,3.0762666666666667,False,0.0,1-2人気,1-2倍
202507040208,2025,1.0,2.0,8.0,1.7,5.0,42.4,False,0.0,False,0.0,False,0.0,False,0.0,False,0.0,False,0.0,False,0.0,1-2人気,1-2倍
202507040209,2025,1.0,9.0,3.0,1.9,31.4,7.8,True,1.9,True,0.6333333333333333,False,0.0,False,0.0,False,0.0,False,0.0,False,0.0,1-2人気,1-2倍
202507040210,2025,14.0,2.0,6.0,95.0,4.2,14.8,False,0.0,False,0.0,False,0.0,False,0.0,False,0.0,False,0.0,False,0.0,11人気以下,50倍以上
202507040211,2025,1.0,3.0,9.0,2.7,4.4,42.3,True,2.7,True,0.9,False,0.0,False,0.0,False,0.0,False,0.0,False,0.0,1-2人気,2-5倍
202507040212,2025,1.0,5.0,3.0,2.0,12.1,5.8,False,0.0,True,0.6666666666666666,False,0.0,False,0.0,False,0.0,False,0.0,False,0.0,1-2人気,1-2倍
202507040301,2025,5.0,7.0,1.0,8.4,31.6,2.0,False,0.0,False,0.0,False,0.0,False,0.0,False,0.0,False,0.0,False,0.0,3-5人気,5-10倍
202507040302,2025,1.0,2.0,4.0,2.1,3.9,10.0,False,0.0,True,0.7000000000000001,False,0.0,False,0.0,False,0.0,False,0.0,False,0.0,1-2人気,2-5倍
202507040303,2025,4.0,1.0,5.0,8.2,2.8,12.9,False,0.0,False,0.0,False,0.0,False,0.0,False,0.0,False,0.0,False,0.0,3-5人気,5-10倍
202507040304,2025,1.0,2.0,5.0,2.4,3.3,11.4,False,0.0,True,0.7999999999999999,False,0.0,False,0.0,False,0.0,False,0.0,False,0.0,1-2人気,2-5倍
202507040305,2025,2.0,8.0,4.0,3.8,18.0,7.8,False,0.0,True,1.2666666666666666,False,0.0,False,0.0,False,0.0,False,0.0,False,0.0,1-2人気,2-5倍
202507040306,2025,1.0,2.0,11.0,2.6,3.8,38.9,True,2.6,True,0.8666666666666667,False,0.0,False,0.0,False,0.0,False,0.0,False,0.0,1-2人気,2-5倍
202507040307,2025,1.0,2.0,5.0,1.4,4.5,15.4,True,1.4,True,0.4666666666666666,True,1.9666666666666668,False,0.0,False,0.0,False,0.0,False,0.0,1-2人気,1-2倍
202507040308,2025,5.0,3.0,2.0,11.6,8.4,2.4,False,0.0,False,0.0,False,0.0,False,0.0,False,0.0,False,0.0,False,0.0,3-5人気,10-20倍
202507040309,2025,8.0,15.0,10.0,23.1,328.8,39.3,False,0.0,False,0.0,False,0.0,False,0.0,False,0.0,False,0.0,False,0.0,6-10人気,20-50倍
202507040310,2025,3.0,1.0,5.0,5.4,3.4,7.1,False,0.0,False,0.0,False,0.0,False,0.0,False,0.0,False,0.0,False,0.0,3-5人気,5-10倍
202507040311,2025,3.0,6.0,5.0,8.9,10.1,10.0,False,0.0,False,0.0,False,0.0,False,0.0,False,0.0,False,0.0,False,0.0,3-5人気,5-10倍
202507040312,2025,3.0,5.0,6.0,6.9,8.3,11.2,False,0.0,False,0.0,False,0.0,False,0.0,False,0.0,False,0.0,False,0.0,3-5人気,5-10倍
202507040401,2025,2.0,1.0,3.0,3.0,2.5,6.3,True,3.0,True,1.0,True,1.8333333333333333,False,0.0,False,0.0,False,0.0,False,0.0,1-2人気,2-5倍
202507040402,2025,9.0,2.0,3.0,34.9,4.3,5.4,False,0.0,False,0.0,False,0.0,False,0.0,False,0.0,False,0.0,False,0.0,6-10人気,20-50倍
202507040403,2025,7.0,4.0,10.0,13.8,8.8,19.5,False,0.0,False,0.0,False,0.0,False,0.0,False,0.0,False,0.0,False,0.0,6-10人気,10-20倍
202507040404,2025,1.0,3.0,5.0,2.6,5.0,11.3,True,2.6,True,0.8666666666666667,True,2.533333333333333,False,0.0,False,0.0,False,0.0,False,0.0,1-2人気,2-5倍
202507040405,2025,1.0,2.0,4.0,1.9,3.1,8.6,False,0.0,False,0.0,False,0.0,False,0.0,False,0.0,False,0.0,False,0.0,1-2人気,1-2倍
202507040406,2025,2.0,1.0,10.0,3.3,3.0,48.0,False,0.0,False,0.0,False,0.0,False,0.0,False,0.0,False,0.0,False,0.0,1-2人気,2-5倍
202507040407,2025,5.0,2.0,1.0,12.2,3.3,2.2,False,0.0,False,0.0,False,0.0,False,0.0,False,0.0,False,0.0,False,0.0,3-5人気,10-20倍
202507040408,2025,1.0,8.0,4.0,1.7,35.2,7.9,True,1.7,True,0.5666666666666667,False,0.0,False,0.0,False,0.0,False,0.0,False,0.0,1-2人気,1-2倍
202507040409,2025,2.0,3.0,5.0,2.3,5.0,19.8,True,2.3,True,0.7666666666666666,True,2.433333333333333,True,1.15,True,2.3,False,0.0,False,0.0,1-2人気,2-5倍
202507040410,2025,1.0,7.0,11.0,2.8,19.8,52.0,False,0.0,True,0.9333333333333332,True,7.533333333333334,False,0.0,False,0.0,False,0.0,False,0.0,1-2人気,2-5倍
202507040411,2025,3.0,1.0,4.0,7.9,1.7,9.9,False,0.0,True,2.6333333333333333,True,3.1999999999999997,False,0.0,False,0.0,False,0.0,False,0.0,3-5人気,5-10倍
202507040412,2025,1.0,3.0,5.0,2.6,5.0,21.8,False,0.0,False,0.0,False,0.0,False,0.0,False,0.0,False,0.0,False,0.0,1-2人気,2-5倍
202507050101,2025,4.0,3.0,2.0,7.2,6.5,6.3,False,0.0,True,2.4,False,0.0,False,0.0,False,0.0,False,0.0,False,0.0,3-5人気,5-10倍
202507050102,2025,9.0,4.0,1.0,21.8,5.6,3.8,False,0.0,False,0.0,False,0.0,False,0.0,False,0.0,False,0.0,False,0.0,6-10人気,20-50倍
202507050103,2025,9.0,1.0,5.0,31.5,2.4,14.9,True,31.5,True,10.5,False,0.0,False,0.0,False,0.0,False,0.0,False,0.0,6-10人気,20-50倍
202507050104,2025,9.0,1.0,5.0,44.7,2.7,8.8,False,0.0,False,0.0,False,0.0,False,0.0,False,0.0,False,0.0,False,0.0,6-10人気,20-50倍
202507050105,2025,1.0,2.0,4.0,1.9,4.2,8.2,False,0.0,True,0.6333333333333333,True,2.033333333333333,False,0.0,False,0.0,False,0.0,False,0.0,1-2人気,1-2倍
202507050106,2025,6.0,2.0,1.0,9.6,4.3,3.1,False,0.0,False,0.0,False,0.0,False,0.0,False,0.0,False,0.0,False,0.0,6-10人気,5-10倍
202507050107,2025,3.0,2.0,8.0,7.1,5.7,18.5,False,0.0,False,0.0,False,0.0,False,0.0,False,0.0,False,0.0,False,0.0,3-5人気,5-10倍
202507050108,2025,1.0,3.0,4.0,4.2,5.6,8.6,True,4.2,True,1.4000000000000001,False,0.0,False,0.0,False,0.0,False,0.0,False,0.0,1-2人気,2-5倍
202507050109,2025,5.0,6.0,3.0,6.2,22.2,5.0,False,0.0,False,0.0,False,0.0,False,0.0,False,0.0,False,0.0,False,0.0,3-5人気,5-10倍
202507050110,2025,3.0,2.0,5.0,13.7,5.4,17.7,False,0.0,True,4.566666666666666,True,6.366666666666667,False,0.0,False,0.0,False,0.0,False,0.0,3-5人気,10-20倍
202507050111,2025,2.0,8.0,6.0,4.1,15.5,12.5,False,0.0,True,1.3666666666666665,False,0.0,False,0.0,False,0.0,False,0.0,False,0.0,1-2人気,2-5倍
202507050112,2025,3.0,1.0,4.0,5.5,2.5,8.8,False,0.0,False,0.0,False,0.0,False,0.0,False,0.0,False,0.0,False,0.0,3-5人気,5-10倍
202507050201,2025,1.0,3.0,5.0,1.6,21.6,32.3,False,0.0,False,0.0,False,0.0,False,0.0,False,0.0,False,0.0,False,0.0,1-2人気,1-2倍
202507050202,2025,2.0,1.0,5.0,5.1,2.0,14.2,False,0.0,True,1.7,False,0.0,False,0.0,False,0.0,False,0.0,False,0.0,1-2人気,5-10倍
202507050203,2025,7.0,8.0,1.0,13.0,15.9,3.6,False,0.0,False,0.0,False,0.0,False,0.0,False,0.0,False,0.0,False,0.0,6-10人気,10-20倍
202507050204,2025,1.0,2.0,4.0,2.5,4.5,5.5,True,2.5,True,0.8333333333333334,False,0.0,False,0.0,False,0.0,False,0.0,False,0.0,1-2人気,2-5倍
202507050205,2025,1.0,2.0,5.0,3.7,5.3,7.5,False,0.0,True,1.2333333333333334,False,0.0,False,0.0,False,0.0,False,0.0,False,0.0,1-2人気,2-5倍
202507050206,2025,2.0,5.0,1.0,5.0,7.7,3.1,False,0.0,True,1.6666666666666667,False,0.0,False,0.0,False,0.0,False,0.0,False,0.0,1-2人気,2-5倍
202507050207,2025,2.0,8.0,4.0,4.5,15.5,6.0,False,0.0,False,0.0,False,0.0,False,0.0,False,0.0,False,0.0,False,0.0,1-2人気,2-5倍
202507050208,2025,12.0,2.0,1.0,69.4,3.0,2.5,False,0.0,False,0.0,False,0.0,False,0.0,False,0.0,False,0.0,False,0.0,11人気以下,50倍以上
202507050209,2025,6.0,7.0,5.0,11.4,14.3,7.3,False,0.0,False,0.0,False,0.0,False,0.0,False,0.0,False,0.0,False,0.0,6-10人気,10-20倍
202507050210,2025,1.0,11.0,4.0,3.7,66.2,9.3,False,0.0,True,1.2333333333333334,False,0.0,False,0.0,False,0.0,False,0.0,False,0.0,1-2人気,2-5倍
202507050211,2025,2.0,13.0,4.0,7.3,143.8,8.2,False,0.0,True,2.433333333333333,False,0.0,False,0.0,False,0.0,False,0.0,False,0.0,1-2人気,5-10倍
202507050212,2025,3.0,2.0,5.0,4.5,4.1,6.8,False,0.0,False,0.0,False,0.0,False,0.0,False,0.0,False,0.0,False,0.0,3-5人気,2-5倍
202507050301,2025,1.0,3.0,5.0,2.0,4.9,19.7,True,2.0,True,0.6666666666666666,True,2.3000000000000003,True,0.9800000000000001,True,1.9600000000000002,False,0.0,False,0.0,1-2人気,1-2倍
202507050302,2025,1.0,9.0,11.0,3.2,21.9,30.8,False,0.0,True,1.0666666666666667,True,8.366666666666665,False,0.0,False,0.0,False,0.0,False,0.0,1-2人気,2-5倍
202507050303,2025,1.0,2.0,3.0,1.6,4.1,6.7,True,1.6,True,0.5333333333333333,False,0.0,False,0.0,False,0.0,False,0.0,False,0.0,1-2人気,1-2倍
202507050304,2025,2.0,1.0,4.0,3.4,2.1,10.6,False,0.0,False,0.0,False,0.0,False,0.0,False,0.0,False,0.0,False,0.0,1-2人気,2-5倍
202507050305,2025,4.0,2.0,1.0,8.7,3.8,1.8,False,0.0,True,2.9,True,4.166666666666667,False,0.0,False,0.0,False,0.0,False,0.0,3-5人気,5-10倍
202507050306,2025,4.0,6.0,3.0,8.1,14.7,7.6,False,0.0,False,0.0,False,0.0,False,0.0,False,0.0,False,0.0,False,0.0,3-5人気,5-10倍
202507050307,2025,1.0,5.0,2.0,2.9,9.2,3.7,True,2.9,True,0.9666666666666667,False,0.0,False,0.0,False,0.0,False,0.0,False,0.0,1-2人気,2-5倍
202507050308,2025,2.0,1.0,6.0,4.3,2.8,13.9,False,0.0,True,1.4333333333333333,False,0.0,False,0.0,False,0.0,False,0.0,False,0.0,1-2人気,2-5倍
202507050309,2025,1.0,5.0,6.0,2.5,10.1,27.1,False,0.0,True,0.8333333333333334,False,0.0,False,0.0,False,0.0,False,0.0,False,0.0,1-2人気,2-5倍
202507050310,2025,1.0,4.0,7.0,2.1,9.7,27.6,False,0.0,False,0.0,False,0.0,False,0.0,False,0.0,False,0.0,False,0.0,1-2人気,2-5倍
202507050311,2025,10.0,7.0,3.0,21.0,14.8,5.4,False,0.0,False,0.0,False,0.0,False,0.0,False,0.0,False,0.0,False,0.0,6-10人気,20-50倍
202507050312,2025,7.0,3.0,6.0,11.9,6.9,10.1,False,0.0,True,3.966666666666667,False,0.0,False,0.0,False,0.0,False,0.0,False,0.0,6-10人気,10-20倍
202507050401,2025,1.0,2.0,3.0,2.4,3.8,5.1,False,0.0,True,0.7999999999999999,True,2.0666666666666664,False,0.0,False,0.0,False,0.0,False,0.0,1-2人気,2-5倍
202507050402,2025,5.0,3.0,1.0,10.1,7.2,3.5,False,0.0,True,3.3666666666666667,False,0.0,False,0.0,False,0.0,False,0.0,False,0.0,3-5人気,10-20倍
202507050403,2025,2.0,4.0,6.0,4.5,5.2,14.9,False,0.0,True,1.5,False,0.0,False,0.0,False,0.0,False,0.0,False,0.0,1-2人気,2-5倍
202507050404,2025,3.0,2.0,1.0,4.6,3.9,2.5,False,0.0,False,0.0,False,0.0,False,0.0,False,0.0,False,0.0,False,0.0,3-5人気,2-5倍
202507050405,2025,10.0,3.0,2.0,35.8,6.5,3.2,False,0.0,False,0.0,False,0.0,False,0.0,False,0.0,False,0.0,False,0.0,6-10人気,20-50倍
202507050406,2025,1.0,12.0,3.0,3.3,66.1,6.1,True,3.3,True,1.0999999999999999,False,0.0,False,0.0,False,0.0,False,0.0,False,0.0,1-2人気,2-5倍
202507050407,2025,2.0,3.0,4.0,3.7,7.8,8.3,False,0.0,True,1.2333333333333334,True,3.8333333333333335,False,0.0,False,0.0,False,0.0,False,0.0,1-2人気,2-5倍
202507050408,2025,1.0,10.0,4.0,2.8,33.5,8.7,False,0.0,True,0.9333333333333332,False,0.0,False,0.0,False,0.0,False,0.0,False,0.0,1-2人気,2-5倍
202507050409,2025,3.0,2.0,8.0,4.6,3.5,21.6,False,0.0,True,1.5333333333333332,True,2.6999999999999997,True,1.6099999999999999,False,0.0,False,0.0,False,0.0,3-5人気,2-5倍
202507050410,2025,2.0,1.0,3.0,4.6,1.7,4.7,False,0.0,False,0.0,False,0.0,False,0.0,False,0.0,False,0.0,False,0.0,1-2人気,2-5倍
202507050411,2025,1.0,6.0,9.0,1.9,14.5,114.9,False,0.0,False,0.0,False,0.0,False,0.0,False,0.0,False,0.0,False,0.0,1-2人気,1-2倍
202507050412,2025,2.0,1.0,7.0,4.3,3.7,17.2,False,0.0,False,0.0,False,0.0,False,0.0,False,0.0,False,0.0,False,0.0,1-2人気,2-5倍
202507050501,2025,6.0,2.0,3.0,10.9,5.5,7.5,False,0.0,True,3.6333333333333333,False,0.0,False,0.0,False,0.0,False,0.0,False,0.0,6-10人気,10-20倍
202507050502,2025,1.0,3.0,10.0,2.6,7.1,33.6,False,0.0,False,0.0,False,0.0,False,0.0,False,0.0,False,0.0,False,0.0,1-2人気,2-5倍
202507050503,2025,1.0,2.0,3.0,3.8,4.6,4.7,False,0.0,True,1.2666666666666666,False,0.0,False,0.0,False,0.0,False,0.0,False,0.0,1-2人気,2-5倍
202507050504,2025,7.0,3.0,1.0,15.7,5.8,2.9,False,0.0,False,0.0,False,0.0,False,0.0,False,0.0,False,0.0,False,0.0,6-10人気,10-20倍
202507050505,2025,5.0,1.0,7.0,8.3,2.0,25.9,False,0.0,False,0.0,False,0.0,False,0.0,False,0.0,False,0.0,False,0.0,3-5人気,5-10倍
202507050506,2025,5.0,2.0,4.0,9.8,4.2,6.4,False,0.0,True,3.266666666666667,False,0.0,False,0.0,False,0.0,False,0.0,False,0.0,3-5人気,5-10倍
202507050507,2025,1.0,6.0,5.0,2.6,12.3,8.9,False,0.0,True,0.8666666666666667,False,0.0,False,0.0,False,0.0,False,0.0,False,0.0,1-2人気,2-5倍
202507050508,2025,3.0,12.0,7.0,6.4,32.6,11.9,False,0.0,True,2.1333333333333333,False,0.0,False,0.0,False,0.0,False,0.0,False,0.0,3-5人気,5-10倍
202507050509,2025,4.0,8.0,6.0,9.2,36.0,25.5,True,9.2,True,3.0666666666666664,False,0.0,False,0.0,False,0.0,False,0.0,False,0.0,3-5人気,5-10倍
202507050510,2025,1.0,2.0,3.0,2.8,3.4,3.5,False,0.0,False,0.0,False,0.0,False,0.0,False,0.0,False,0.0,False,0.0,1-2人気,2-5倍
202507050511,2025,4.0,1.0,5.0,8.5,2.3,9.0,False,0.0,False,0.0,False,0.0,False,0.0,False,0.0,False,0.0,False,0.0,3-5人気,5-10倍
202507050512,2025,9.0,5.0,1.0,16.4,10.4,3.9,False,0.0,False,0.0,False,0.0,False,0.0,False,0.0,False,0.0,False,0.0,6-10人気,10-20倍
202507050601,2025,1.0,2.0,5.0,2.4,3.5,13.1,True,2.4,True,0.7999999999999999,False,0.0,False,0.0,False,0.0,False,0.0,False,0.0,1-2人気,2-5倍
202507050602,2025,3.0,5.0,4.0,4.5,6.2,6.0,False,0.0,False,0.0,False,0.0,False,0.0,False,0.0,False,0.0,False,0.0,3-5人気,2-5倍
202507050603,2025,5.0,1.0,7.0,10.7,2.4,18.0,False,0.0,False,0.0,False,0.0,False,0.0,False,0.0,False,0.0,False,0.0,3-5人気,10-20倍
202507050604,2025,4.0,7.0,9.0,7.6,17.7,29.0,False,0.0,False,0.0,False,0.0,False,0.0,False,0.0,False,0.0,False,0.0,3-5人気,5-10倍
202507050605,2025,6.0,1.0,7.0,16.4,2.7,18.6,False,0.0,False,0.0,False,0.0,False,0.0,False,0.0,False,0.0,False,0.0,6-10人気,10-20倍
202507050606,2025,8.0,1.0,7.0,19.7,3.1,17.6,False,0.0,False,0.0,False,0.0,False,0.0,False,0.0,False,0.0,False,0.0,6-10人気,10-20倍
202507050607,2025,10.0,3.0,1.0,50.3,5.7,4.0,False,0.0,False,0.0,False,0.0,False,0.0,False,0.0,False,0.0,False,0.0,6-10人気,50倍以上
202507050608,2025,1.0,3.0,2.0,2.8,5.6,3.8,False,0.0,False,0.0,False,0.0,False,0.0,False,0.0,False,0.0,False,0.0,1-2人気,2-5倍
202507050609,2025,5.0,11.0,2.0,11.4,52.3,4.2,False,0.0,False,0.0,False,0.0,False,0.0,False,0.0,False,0.0,False,0.0,3-5人気,10-20倍
202507050610,2025,3.0,4.0,5.0,5.1,5.5,6.1,False,0.0,False,0.0,False,0.0,False,0.0,False,0.0,False,0.0,False,0.0,3-5人気,5-10倍
202507050611,2025,5.0,9.0,8.0,10.9,21.3,19.9,False,0.0,False,0.0,False,0.0,False,0.0,False,0.0,False,0.0,False,0.0,3-5人気,10-20倍
202507050612,2025,2.0,5.0,6.0,5.3,10.6,12.2,False,0.0,False,0.0,False,0.0,False,0.0,False,0.0,False,0.0,False,0.0,1-2人気,5-10倍
202508010101,2025,3.0,7.0,6.0,5.0,28.6,13.7,False,0.0,False,0.0,False,0.0,False,0.0,False,0.0,False,0.0,False,0.0,3-5人気,2-5倍
202508010102,2025,2.0,5.0,1.0,3.6,7.1,2.7,False,0.0,False,0.0,False,0.0,False,0.0,False,0.0,False,0.0,False,0.0,1-2人気,2-5倍
202508010103,2025,1.0,6.0,4.0,2.2,19.3,9.4,False,0.0,True,0.7333333333333334,True,7.166666666666667,False,0.0,False,0.0,False,0.0,False,0.0,1-2人気,2-5倍
202508010104,2025,1.0,3.0,4.0,1.4,6.1,10.4,False,0.0,False,0.0,False,0.0,False,0.0,False,0.0,False,0.0,False,0.0,1-2人気,1-2倍
202508010105,2025,4.0,2.0,8.0,5.9,5.4,22.4,False,0.0,False,0.0,False,0.0,False,0.0,False,0.0,False,0.0,False,0.0,3-5人気,5-10倍
202508010106,2025,1.0,2.0,4.0,1.8,3.3,8.2,False,0.0,True,0.6,False,0.0,False,0.0,False,0.0,False,0.0,False,0.0,1-2人気,1-2倍
202508010107,2025,2.0,4.0,1.0,2.8,10.3,2.0,False,0.0,False,0.0,False,0.0,False,0.0,False,0.0,False,0.0,False,0.0,1-2人気,2-5倍
202508010108,2025,1.0,6.0,2.0,2.1,13.2,6.3,True,2.1,True,0.7000000000000001,False,0.0,False,0.0,False,0.0,False,0.0,False,0.0,1-2人気,2-5倍
202508010109,2025,3.0,1.0,4.0,5.1,3.2,6.5,False,0.0,False,0.0,False,0.0,False,0.0,False,0.0,False,0.0,False,0.0,3-5人気,5-10倍
202508010110,2025,5.0,6.0,7.0,9.0,14.6,14.8,False,0.0,False,0.0,False,0.0,False,0.0,False,0.0,False,0.0,False,0.0,3-5人気,5-10倍
202508010111,2025,7.0,8.0,6.0,58.8,65.1,22.3,False,0.0,False,0.0,False,0.0,False,0.0,False,0.0,False,0.0,False,0.0,6-10人気,50倍以上
202508010112,2025,1.0,2.0,4.0,2.0,3.2,5.7,False,0.0,False,0.0,False,0.0,False,0.0,False,0.0,False,0.0,False,0.0,1-2人気,1-2倍
202508010201,2025,1.0,2.0,3.0,2.9,3.7,5.1,False,0.0,True,0.9666666666666667,True,2.1999999999999997,True,1.073,False,0.0,True,1.8241,False,0.0,1-2人気,2-5倍
202508010202,2025,4.0,3.0,2.0,5.0,3.7,3.3,False,0.0,True,1.6666666666666667,False,0.0,False,0.0,False,0.0,False,0.0,False,0.0,3-5人気,2-5倍
202508010203,2025,5.0,2.0,1.0,8.2,4.6,1.9,False,0.0,False,0.0,False,0.0,False,0.0,False,0.0,False,0.0,False,0.0,3-5人気,5-10倍
202508010204,2025,1.0,2.0,4.0,1.6,5.5,6.9,True,1.6,True,0.5333333333333333,True,2.3666666666666667,True,0.8800000000000001,True,1.7600000000000002,False,0.0,False,0.0,1-2人気,1-2倍
202508010205,2025,6.0,4.0,11.0,21.6,6.7,110.1,False,0.0,False,0.0,False,0.0,False,0.0,False,0.0,False,0.0,False,0.0,6-10人気,20-50倍
202508010206,2025,5.0,4.0,1.0,8.4,7.5,2.9,False,0.0,False,0.0,False,0.0,False,0.0,False,0.0,False,0.0,False,0.0,3-5人気,5-10倍
202508010207,2025,3.0,1.0,2.0,6.2,2.3,3.2,False,0.0,False,0.0,False,0.0,False,0.0,False,0.0,False,0.0,False,0.0,3-5人気,5-10倍
202508010208,2025,5.0,2.0,4.0,10.7,4.3,6.8,False,0.0,False,0.0,False,0.0,False,0.0,False,0.0,False,0.0,False,0.0,3-5人気,10-20倍
202508010209,2025,4.0,3.0,2.0,7.2,5.2,4.5,True,7.2,True,2.4,False,0.0,False,0.0,False,0.0,False,0.0,False,0.0,3-5人気,5-10倍
202508010210,2025,4.0,1.0,3.0,14.9,1.5,4.7,False,0.0,True,4.966666666666667,True,5.466666666666666,False,0.0,False,0.0,True,3.5015000000000005,False,0.0,3-5人気,10-20倍
202508010211,2025,8.0,6.0,10.0,26.5,13.6,30.5,False,0.0,False,0.0,False,0.0,False,0.0,False,0.0,False,0.0,False,0.0,6-10人気,20-50倍
202508010212,2025,8.0,4.0,1.0,15.9,10.1,2.7,True,15.9,True,5.3,True,8.666666666666666,True,16.059,True,32.118,True,14.453100000000001,True,43.359300000000005,6-10人気,10-20倍
202508010301,2025,1.0,2.0,9.0,1.7,3.9,50.1,True,1.7,True,0.5666666666666667,True,1.8666666666666665,True,0.663,True,1.326,False,0.0,False,0.0,1-2人気,1-2倍
202508010302,2025,1.0,6.0,4.0,1.6,20.9,8.8,True,1.6,True,0.5333333333333333,False,0.0,False,0.0,False,0.0,False,0.0,False,0.0,1-2人気,1-2倍
202508010303,2025,1.0,5.0,3.0,2.1,11.8,5.9,True,2.1,True,0.7000000000000001,False,0.0,False,0.0,False,0.0,False,0.0,False,0.0,1-2人気,2-5倍
202508010304,2025,2.0,4.0,5.0,5.1,8.8,10.2,False,0.0,True,1.7,True,4.633333333333334,False,0.0,False,0.0,False,0.0,False,0.0,1-2人気,5-10倍
202508010305,2025,2.0,8.0,12.0,4.3,22.2,46.0,True,4.3,True,1.4333333333333333,False,0.0,False,0.0,False,0.0,False,0.0,False,0.0,1-2人気,2-5倍
202508010306,2025,5.0,2.0,1.0,17.1,3.9,1.6,False,0.0,False,0.0,False,0.0,False,0.0,False,0.0,False,0.0,False,0.0,3-5人気,10-20倍
202508010307,2025,2.0,11.0,7.0,4.7,51.8,18.5,False,0.0,True,1.5666666666666667,True,18.833333333333332,False,0.0,False,0.0,False,0.0,False,0.0,1-2人気,2-5倍
202508010308,2025,1.0,2.0,5.0,3.0,3.9,8.3,False,0.0,True,1.0,False,0.0,False,0.0,False,0.0,False,0.0,False,0.0,1-2人気,2-5倍
202508010309,2025,1.0,2.0,11.0,2.7,4.1,42.3,False,0.0,False,0.0,False,0.0,False,0.0,False,0.0,False,0.0,False,0.0,1-2人気,2-5倍
202508010310,2025,3.0,4.0,2.0,3.8,11.7,3.2,False,0.0,False,0.0,False,0.0,False,0.0,False,0.0,False,0.0,False,0.0,3-5人気,2-5倍
202508010311,2025,4.0,10.0,5.0,8.3,48.5,9.8,True,8.3,True,2.766666666666667,False,0.0,False,0.0,False,0.0,False,0.0,False,0.0,3-5人気,5-10倍
202508010312,2025,5.0,2.0,11.0,6.2,5.5,24.1,False,0.0,True,2.066666666666667,False,0.0,False,0.0,False,0.0,False,0.0,False,0.0,3-5人気,5-10倍
202508010401,2025,1.0,5.0,3.0,2.2,9.5,5.6,False,0.0,True,0.7333333333333334,False,0.0,False,0.0,False,0.0,False,0.0,False,0.0,1-2人気,2-5倍
202508010402,2025,1.0,4.0,13.0,3.2,6.1,141.3,False,0.0,False,0.0,False,0.0,False,0.0,False,0.0,False,0.0,False,0.0,1-2人気,2-5倍
202508010403,2025,1.0,6.0,4.0,2.9,23.5,5.4,False,0.0,True,0.9666666666666667,False,0.0,False,0.0,False,0.0,False,0.0,False,0.0,1-2人気,2-5倍
202508010404,2025,1.0,7.0,2.0,1.4,44.2,3.6,True,1.4,True,0.4666666666666666,False,0.0,False,0.0,False,0.0,False,0.0,False,0.0,1-2人気,1-2倍
202508010405,2025,4.0,6.0,11.0,6.2,10.1,34.3,False,0.0,False,0.0,False,0.0,False,0.0,False,0.0,False,0.0,False,0.0,3-5人気,5-10倍
202508010406,2025,3.0,1.0,4.0,4.3,3.1,5.6,False,0.0,False,0.0,False,0.0,False,0.0,False,0.0,False,0.0,False,0.0,3-5人気,2-5倍
202508010407,2025,1.0,3.0,4.0,1.8,6.5,7.8,True,1.8,True,0.6,False,0.0,False,0.0,False,0.0,False,0.0,False,0.0,1-2人気,1-2倍
202508010408,2025,6.0,10.0,9.0,10.0,51.1,27.3,False,0.0,False,0.0,False,0.0,False,0.0,False,0.0,False,0.0,False,0.0,6-10人気,5-10倍
202508010409,2025,3.0,2.0,4.0,5.3,4.1,7.0,False,0.0,True,1.7666666666666666,False,0.0,False,0.0,False,0.0,False,0.0,False,0.0,3-5人気,5-10倍
202508010410,2025,3.0,4.0,7.0,6.5,9.7,16.6,True,6.5,True,2.1666666666666665,False,0.0,False,0.0,False,0.0,False,0.0,False,0.0,3-5人気,5-10倍
202508010411,2025,2.0,3.0,1.0,3.2,6.8,2.7,False,0.0,False,0.0,False,0.0,False,0.0,False,0.0,False,0.0,False,0.0,1-2人気,2-5倍
202508010412,2025,1.0,6.0,2.0,2.7,11.9,5.1,False,0.0,False,0.0,False,0.0,False,0.0,False,0.0,False,0.0,False,0.0,1-2人気,2-5倍
202508010501,2025,1.0,6.0,2.0,1.8,13.9,5.3,False,0.0,True,0.6,False,0.0,False,0.0,False,0.0,False,0.0,False,0.0,1-2人気,1-2倍
202508010502,2025,2.0,3.0,1.0,3.3,4.9,3.2,False,0.0,True,1.0999999999999999,True,2.733333333333333,False,0.0,False,0.0,True,1.7248000000000003,False,0.0,1-2人気,2-5倍
202508010503,2025,6.0,2.0,4.0,11.6,6.3,6.5,False,0.0,False,0.0,False,0.0,False,0.0,False,0.0,False,0.0,False,0.0,6-10人気,10-20倍
202508010504,2025,2.0,1.0,3.0,2.4,2.3,6.9,False,0.0,True,0.7999999999999999,False,0.0,False,0.0,False,0.0,False,0.0,False,0.0,1-2人気,2-5倍
202508010505,2025,3.0,1.0,2.0,7.2,1.7,5.0,False,0.0,False,0.0,False,0.0,False,0.0,False,0.0,False,0.0,False,0.0,3-5人気,5-10倍
202508010506,2025,1.0,2.0,7.0,3.7,3.8,13.9,False,0.0,True,1.2333333333333334,True,2.5,True,1.4060000000000001,False,0.0,False,0.0,False,0.0,1-2人気,2-5倍
202508010507,2025,4.0,2.0,1.0,7.4,4.4,2.9,False,0.0,False,0.0,False,0.0,False,0.0,False,0.0,False,0.0,False,0.0,3-5人気,5-10倍
202508010508,2025,2.0,4.0,3.0,3.3,7.3,7.0,False,0.0,False,0.0,False,0.0,False,0.0,False,0.0,False,0.0,False,0.0,1-2人気,2-5倍
202508010509,2025,1.0,3.0,2.0,2.3,5.5,2.5,True,2.3,True,0.7666666666666666,True,2.6,True,1.265,True,2.53,True,1.0541666666666665,True,3.1624999999999996,1-2人気,2-5倍
202508010510,2025,5.0,1.0,9.0,7.0,2.6,65.9,False,0.0,False,0.0,False,0.0,False,0.0,False,0.0,False,0.0,False,0.0,3-5人気,5-10倍
202508010511,2025,3.0,5.0,4.0,5.3,8.2,6.6,True,5.3,True,1.7666666666666666,False,0.0,False,0.0,False,0.0,False,0.0,False,0.0,3-5人気,5-10倍
202508010512,2025,5.0,4.0,3.0,7.7,6.5,5.2,False,0.0,False,0.0,False,0.0,False,0.0,False,0.0,False,0.0,False,0.0,3-5人気,5-10倍
202508010601,2025,1.0,4.0,2.0,1.6,10.9,2.9,False,0.0,True,0.5333333333333333,False,0.0,False,0.0,False,0.0,False,0.0,False,0.0,1-2人気,1-2倍
202508010602,2025,5.0,2.0,7.0,9.1,3.5,12.2,False,0.0,False,0.0,False,0.0,False,0.0,False,0.0,False,0.0,False,0.0,3-5人気,5-10倍
202508010603,2025,1.0,2.0,5.0,2.3,2.8,14.8,False,0.0,False,0.0,False,0.0,False,0.0,False,0.0,False,0.0,False,0.0,1-2人気,2-5倍
202508010604,2025,3.0,2.0,1.0,5.0,4.5,2.0,False,0.0,False,0.0,False,0.0,False,0.0,False,0.0,False,0.0,False,0.0,3-5人気,2-5倍
202508010605,2025,2.0,6.0,1.0,4.9,29.0,1.3,False,0.0,False,0.0,False,0.0,False,0.0,False,0.0,False,0.0,False,0.0,1-2人気,2-5倍
202508010606,2025,2.0,7.0,1.0,4.8,12.9,3.0,False,0.0,False,0.0,False,0.0,False,0.0,False,0.0,False,0.0,False,0.0,1-2人気,2-5倍
202508010607,2025,3.0,6.0,1.0,5.4,28.9,2.1,False,0.0,False,0.0,False,0.0,False,0.0,False,0.0,False,0.0,False,0.0,3-5人気,5-10倍
202508010608,2025,1.0,2.0,5.0,2.5,3.6,13.4,False,0.0,True,0.8333333333333334,True,2.033333333333333,True,0.9,False,0.0,False,0.0,False,0.0,1-2人気,2-5倍
202508010609,2025,2.0,7.0,1.0,3.7,42.6,2.3,False,0.0,True,1.2333333333333334,True,15.433333333333335,False,0.0,False,0.0,True,12.084200000000001,False,0.0,1-2人気,2-5倍
202508010610,2025,1.0,6.0,5.0,1.9,21.9,15.3,False,0.0,True,0.6333333333333333,False,0.0,False,0.0,False,0.0,False,0.0,False,0.0,1-2人気,1-2倍
202508010611,2025,1.0,5.0,4.0,1.8,9.5,8.4,False,0.0,False,0.0,False,0.0,False,0.0,False,0.0,False,0.0,False,0.0,1-2人気,1-2倍
202508010612,2025,9.0,2.0,14.0,25.9,4.6,62.3,False,0.0,False,0.0,False,0.0,False,0.0,False,0.0,False,0.0,False,0.0,6-10人気,20-50倍
202508010701,2025,1.0,4.0,3.0,2.2,12.1,5.6,False,0.0,False,0.0,False,0.0,False,0.0,False,0.0,False,0.0,False,0.0,1-2人気,2-5倍
202508010702,2025,1.0,7.0,3.0,3.1,20.5,4.3,True,3.1,True,1.0333333333333334,False,0.0,False,0.0,False,0.0,False,0.0,False,0.0,1-2人気,2-5倍
202508010703,2025,2.0,7.0,4.0,4.7,27.1,6.8,True,4.7,True,1.5666666666666667,False,0.0,False,0.0,False,0.0,False,0.0,False,0.0,1-2人気,2-5倍
202508010704,2025,8.0,6.0,5.0,15.2,11.8,11.1,False,0.0,False,0.0,False,0.0,False,0.0,False,0.0,False,0.0,False,0.0,6-10人気,10-20倍
202508010705,2025,6.0,3.0,1.0,16.2,7.2,1.9,False,0.0,False,0.0,False,0.0,False,0.0,False,0.0,False,0.0,False,0.0,6-10人気,10-20倍
202508010706,2025,3.0,1.0,2.0,4.6,2.6,3.6,True,4.6,True,1.5333333333333332,False,0.0,False,0.0,False,0.0,False,0.0,False,0.0,3-5人気,2-5倍
202508010707,2025,9.0,3.0,2.0,39.4,4.7,3.5,False,0.0,False,0.0,False,0.0,False,0.0,False,0.0,False,0.0,False,0.0,6-10人気,20-50倍
202508010708,2025,2.0,6.0,4.0,4.3,38.0,6.9,False,0.0,True,1.4333333333333333,False,0.0,False,0.0,False,0.0,False,0.0,False,0.0,1-2人気,2-5倍
202508010709,2025,5.0,6.0,4.0,9.5,11.7,8.3,False,0.0,False,0.0,False,0.0,False,0.0,False,0.0,False,0.0,False,0.0,3-5人気,5-10倍
202508010710,2025,3.0,4.0,1.0,4.7,5.6,4.1,False,0.0,False,0.0,False,0.0,False,0.0,False,0.0,False,0.0,False,0.0,3-5人気,2-5倍
202508010711,2025,1.0,3.0,2.0,3.4,4.9,4.5,False,0.0,False,0.0,False,0.0,False,0.0,False,0.0,False,0.0,False,0.0,1-2人気,2-5倍
202508010712,2025,2.0,1.0,4.0,4.5,4.2,5.6,False,0.0,True,1.5,False,0.0,False,0.0,False,0.0,False,0.0,False,0.0,1-2人気,2-5倍
202508010801,2025,4.0,1.0,7.0,8.5,2.8,14.1,False,0.0,False,0.0,False,0.0,False,0.0,False,0.0,False,0.0,False,0.0,3-5人気,5-10倍
202508010802,2025,6.0,1.0,3.0,24.4,1.6,10.8,False,0.0,False,0.0,False,0.0,False,0.0,False,0.0,False,0.0,False,0.0,6-10人気,20-50倍
202508010803,2025,1.0,4.0,6.0,2.9,8.7,11.4,False,0.0,True,0.9666666666666667,False,0.0,False,0.0,False,0.0,False,0.0,False,0.0,1-2人気,2-5倍
202508010804,2025,2.0,1.0,5.0,3.6,2.1,12.6,True,3.6,True,1.2,False,0.0,False,0.0,False,0.0,False,0.0,False,0.0,1-2人気,2-5倍
202508010805,2025,1.0,4.0,7.0,3.1,7.6,22.5,False,0.0,True,1.0333333333333334,False,0.0,False,0.0,False,0.0,False,0.0,False,0.0,1-2人気,2-5倍
202508010806,2025,2.0,9.0,3.0,3.9,39.7,4.0,False,0.0,True,1.3,True,14.533333333333333,False,0.0,False,0.0,False,0.0,False,0.0,1-2人気,2-5倍
202508010807,2025,3.0,2.0,1.0,4.8,3.4,2.3,False,0.0,True,1.5999999999999999,False,0.0,False,0.0,False,0.0,False,0.0,False,0.0,3-5人気,2-5倍
202508010808,2025,2.0,4.0,6.0,3.8,6.2,16.4,False,0.0,False,0.0,False,0.0,False,0.0,False,0.0,False,0.0,False,0.0,1-2人気,2-5倍
202508010809,2025,3.0,1.0,7.0,6.8,3.6,8.2,False,0.0,False,0.0,False,0.0,False,0.0,False,0.0,False,0.0,False,0.0,3-5人気,5-10倍
202508010810,2025,4.0,3.0,5.0,8.4,5.4,9.5,False,0.0,False,0.0,False,0.0,False,0.0,False,0.0,False,0.0,False,0.0,3-5人気,5-10倍
202508010811,2025,2.0,11.0,7.0,3.7,67.9,15.2,True,3.7,True,1.2333333333333334,False,0.0,False,0.0,False,0.0,False,0.0,False,0.0,1-2人気,2-5倍
202508010812,2025,2.0,7.0,3.0,3.4,20.6,4.7,True,3.4,True,1.1333333333333333,False,0.0,False,0.0,False,0.0,False,0.0,False,0.0,1-2人気,2-5倍
202508020101,2025,1.0,3.0,4.0,1.4,10.2,11.4,True,1.4,True,0.4666666666666666,False,0.0,False,0.0,False,0.0,False,0.0,False,0.0,1-2人気,1-2倍
202508020102,2025,5.0,10.0,3.0,9.5,14.7,7.5,False,0.0,False,0.0,False,0.0,False,0.0,False,0.0,False,0.0,False,0.0,3-5人気,5-10倍
202508020103,2025,1.0,15.0,5.0,2.6,162.5,19.3,False,0.0,False,0.0,False,0.0,False,0.0,False,0.0,False,0.0,False,0.0,1-2人気,2-5倍
202508020104,2025,3.0,1.0,6.0,6.1,2.2,16.0,True,6.1,True,2.033333333333333,True,2.766666666666667,True,1.342,True,2.684,False,0.0,False,0.0,3-5人気,5-10倍
202508020105,2025,1.0,4.0,7.0,3.4,7.5,12.1,False,0.0,False,0.0,False,0.0,False,0.0,False,0.0,False,0.0,False,0.0,1-2人気,2-5倍
202508020106,2025,1.0,2.0,3.0,1.7,6.3,8.1,False,0.0,True,0.5666666666666667,False,0.0,False,0.0,False,0.0,False,0.0,False,0.0,1-2人気,1-2倍
202508020107,2025,1.0,7.0,8.0,3.0,12.8,16.6,True,3.0,True,1.0,False,0.0,False,0.0,False,0.0,False,0.0,False,0.0,1-2人気,2-5倍
202508020108,2025,1.0,2.0,3.0,3.1,3.1,4.0,False,0.0,True,1.0333333333333334,True,2.066666666666667,False,0.0,False,0.0,True,1.2813333333333334,False,0.0,1-2人気,2-5倍
202508020109,2025,4.0,5.0,1.0,5.4,6.5,3.5,False,0.0,True,1.8,False,0.0,False,0.0,False,0.0,False,0.0,False,0.0,3-5人気,5-10倍
202508020110,2025,6.0,2.0,7.0,20.7,5.4,39.0,False,0.0,True,6.8999999999999995,True,8.700000000000001,False,0.0,False,0.0,False,0.0,False,0.0,6-10人気,20-50倍
202508020111,2025,8.0,2.0,1.0,20.2,5.0,2.7,False,0.0,False,0.0,False,0.0,False,0.0,False,0.0,False,0.0,False,0.0,6-10人気,20-50倍
202508020112,2025,3.0,4.0,2.0,4.7,5.1,3.3,False,0.0,False,0.0,False,0.0,False,0.0,False,0.0,False,0.0,False,0.0,3-5人気,2-5倍
202508020201,2025,1.0,9.0,5.0,3.2,24.0,7.5,False,0.0,False,0.0,False,0.0,False,0.0,False,0.0,False,0.0,False,0.0,1-2人気,2-5倍
202508020202,2025,3.0,7.0,2.0,3.9,58.3,3.4,False,0.0,False,0.0,False,0.0,False,0.0,False,0.0,False,0.0,False,0.0,3-5人気,2-5倍
202508020203,2025,2.0,1.0,4.0,5.6,1.5,15.5,True,5.6,True,1.8666666666666665,True,2.3666666666666667,False,0.0,False,0.0,False,0.0,False,0.0,1-2人気,5-10倍
202508020204,2025,8.0,12.0,5.0,31.6,140.2,14.5,False,0.0,False,0.0,False,0.0,False,0.0,False,0.0,False,0.0,False,0.0,6-10人気,20-50倍
202508020205,2025,2.0,3.0,1.0,3.6,4.9,2.7,False,0.0,False,0.0,False,0.0,False,0.0,False,0.0,False,0.0,False,0.0,1-2人気,2-5倍
202508020206,2025,2.0,8.0,4.0,3.8,57.9,5.9,False,0.0,False,0.0,False,0.0,False,0.0,False,0.0,False,0.0,False,0.0,1-2人気,2-5倍
202508020207,2025,6.0,2.0,3.0,8.1,3.4,4.5,False,0.0,False,0.0,False,0.0,False,0.0,False,0.0,False,0.0,False,0.0,6-10人気,5-10倍
202508020208,2025,8.0,3.0,2.0,17.7,5.9,3.7,False,0.0,True,5.8999999999999995,False,0.0,False,0.0,False,0.0,False,0.0,False,0.0,6-10人気,10-20倍
202508020209,2025,3.0,1.0,7.0,5.7,2.7,15.9,False,0.0,True,1.9000000000000001,False,0.0,False,0.0,False,0.0,False,0.0,False,0.0,3-5人気,5-10倍
202508020210,2025,10.0,5.0,3.0,28.6,15.6,6.3,False,0.0,False,0.0,False,0.0,False,0.0,False,0.0,False,0.0,False,0.0,6-10人気,20-50倍
202508020211,2025,2.0,1.0,5.0,4.4,2.1,10.2,False,0.0,True,1.4666666666666668,True,2.1666666666666665,False,0.0,False,0.0,True,3.141600000000001,False,0.0,1-2人気,2-5倍
202508020212,2025,3.0,10.0,6.0,9.2,24.2,12.8,False,0.0,True,3.0666666666666664,False,0.0,False,0.0,False,0.0,False,0.0,False,0.0,3-5人気,5-10倍
202508020301,2025,3.0,4.0,1.0,6.0,9.1,2.4,False,0.0,True,2.0,False,0.0,False,0.0,False,0.0,False,0.0,False,0.0,3-5人気,5-10倍
202508020302,2025,2.0,1.0,6.0,3.0,2.1,25.0,True,3.0,True,1.0,True,1.7,False,0.0,False,0.0,False,0.0,False,0.0,1-2人気,2-5倍
202508020303,2025,1.0,6.0,3.0,1.8,20.5,6.8,False,0.0,True,0.6,False,0.0,False,0.0,False,0.0,False,0.0,False,0.0,1-2人気,1-2倍
202508020304,2025,2.0,1.0,8.0,2.9,2.4,32.3,False,0.0,False,0.0,False,0.0,False,0.0,False,0.0,False,0.0,False,0.0,1-2人気,2-5倍
202508020305,2025,1.0,3.0,4.0,1.3,6.2,10.1,False,0.0,False,0.0,False,0.0,False,0.0,False,0.0,False,0.0,False,0.0,1-2人気,1-2倍
202508020306,2025,2.0,6.0,1.0,3.9,17.5,2.3,False,0.0,True,1.3,False,0.0,False,0.0,False,0.0,False,0.0,False,0.0,1-2人気,2-5倍
202508020307,2025,1.0,2.0,5.0,2.0,3.2,20.1,True,2.0,True,0.6666666666666666,True,1.7333333333333334,False,0.0,False,0.0,False,0.0,False,0.0,1-2人気,1-2倍
202508020308,2025,5.0,3.0,14.0,7.2,5.3,131.3,True,7.2,True,2.4,False,0.0,False,0.0,False,0.0,False,0.0,False,0.0,3-5人気,5-10倍
202508020309,2025,3.0,2.0,4.0,4.3,3.0,12.9,False,0.0,True,1.4333333333333333,True,2.433333333333333,True,1.2899999999999998,False,0.0,False,0.0,False,0.0,3-5人気,2-5倍
202508020310,2025,2.0,3.0,1.0,2.5,4.2,1.9,False,0.0,True,0.8333333333333334,False,0.0,False,0.0,False,0.0,False,0.0,False,0.0,1-2人気,2-5倍
202508020311,2025,2.0,1.0,10.0,5.7,1.6,67.3,False,0.0,True,1.9000000000000001,True,2.4333333333333336,False,0.0,False,0.0,False,0.0,False,0.0,1-2人気,5-10倍
202508020312,2025,1.0,3.0,5.0,3.0,6.5,11.1,False,0.0,False,0.0,False,0.0,False,0.0,False,0.0,False,0.0,False,0.0,1-2人気,2-5倍
202508020401,2025,1.0,3.0,6.0,3.5,6.2,12.0,False,0.0,False,0.0,False,0.0,False,0.0,False,0.0,False,0.0,False,0.0,1-2人気,2-5倍
202508020402,2025,1.0,2.0,5.0,2.3,2.7,18.5,True,2.3,True,0.7666666666666666,True,1.6666666666666667,False,0.0,False,0.0,False,0.0,False,0.0,1-2人気,2-5倍
202508020403,2025,1.0,2.0,6.0,3.0,7.8,12.4,False,0.0,False,0.0,False,0.0,False,0.0,False,0.0,False,0.0,False,0.0,1-2人気,2-5倍
202508020404,2025,2.0,1.0,5.0,2.8,1.5,43.0,False,0.0,True,0.9333333333333332,True,1.4333333333333333,False,0.0,False,0.0,True,6.019999999999999,False,0.0,1-2人気,2-5倍
202508020405,2025,6.0,2.0,8.0,16.2,4.3,33.0,False,0.0,False,0.0,False,0.0,False,0.0,False,0.0,False,0.0,False,0.0,6-10人気,10-20倍
202508020406,2025,1.0,3.0,6.0,1.5,5.4,24.9,True,1.5,True,0.5,False,0.0,False,0.0,False,0.0,False,0.0,False,0.0,1-2人気,1-2倍
202508020407,2025,5.0,1.0,3.0,11.4,2.5,4.5,False,0.0,False,0.0,False,0.0,False,0.0,False,0.0,False,0.0,False,0.0,3-5人気,10-20倍
202508020408,2025,1.0,2.0,3.0,2.5,4.3,4.4,True,2.5,True,0.8333333333333334,True,2.2666666666666666,True,1.075,True,2.15,False,0.0,False,0.0,1-2人気,2-5倍
202508020409,2025,3.0,2.0,7.0,5.6,3.5,68.2,True,5.6,True,1.8666666666666665,False,0.0,False,0.0,False,0.0,False,0.0,False,0.0,3-5人気,5-10倍
202508020410,2025,1.0,6.0,8.0,2.3,17.7,30.9,False,0.0,True,0.7666666666666666,False,0.0,False,0.0,False,0.0,False,0.0,False,0.0,1-2人気,2-5倍
202508020411,2025,14.0,5.0,3.0,249.4,11.4,4.9,False,0.0,False,0.0,False,0.0,False,0.0,False,0.0,False,0.0,False,0.0,11人気以下,50倍以上
202508020412,2025,15.0,9.0,8.0,107.1,30.7,26.7,False,0.0,False,0.0,False,0.0,False,0.0,False,0.0,False,0.0,False,0.0,11人気以下,50倍以上
202508020501,2025,1.0,8.0,2.0,2.9,27.6,3.6,False,0.0,True,0.9666666666666667,False,0.0,False,0.0,False,0.0,False,0.0,False,0.0,1-2人気,2-5倍
202508020502,2025,4.0,2.0,6.0,7.0,5.7,13.3,False,0.0,False,0.0,False,0.0,False,0.0,False,0.0,False,0.0,False,0.0,3-5人気,5-10倍
202508020503,2025,4.0,3.0,11.0,5.5,5.5,50.9,False,0.0,False,0.0,False,0.0,False,0.0,False,0.0,False,0.0,False,0.0,3-5人気,5-10倍
202508020504,2025,2.0,3.0,1.0,3.5,5.8,2.1,False,0.0,True,1.1666666666666667,True,3.1,False,0.0,False,0.0,True,1.421,False,0.0,1-2人気,2-5倍
202508020505,2025,1.0,2.0,6.0,3.1,3.1,16.9,False,0.0,True,1.0333333333333334,True,2.066666666666667,False,0.0,False,0.0,False,0.0,False,0.0,1-2人気,2-5倍
202508020506,2025,1.0,3.0,2.0,3.4,5.5,3.8,False,0.0,True,1.1333333333333333,True,2.966666666666667,False,0.0,False,0.0,False,0.0,False,0.0,1-2人気,2-5倍
202508020507,2025,2.0,3.0,4.0,3.6,3.9,4.3,False,0.0,True,1.2,False,0.0,False,0.0,False,0.0,False,0.0,False,0.0,1-2人気,2-5倍
202508020508,2025,2.0,1.0,4.0,2.8,2.1,9.7,False,0.0,True,0.9333333333333332,False,0.0,False,0.0,False,0.0,False,0.0,False,0.0,1-2人気,2-5倍
202508020509,2025,5.0,4.0,2.0,6.1,5.2,3.1,False,0.0,True,2.033333333333333,False,0.0,False,0.0,False,0.0,False,0.0,False,0.0,3-5人気,5-10倍
202508020510,2025,1.0,2.0,5.0,1.9,4.4,6.8,False,0.0,True,0.6333333333333333,True,2.1,False,0.0,False,0.0,False,0.0,False,0.0,1-2人気,1-2倍
202508020511,2025,5.0,1.0,8.0,10.7,2.4,21.7,True,10.7,True,3.5666666666666664,False,0.0,False,0.0,False,0.0,False,0.0,False,0.0,3-5人気,10-20倍
202508020512,2025,5.0,3.0,1.0,17.1,7.2,1.4,False,0.0,True,5.7,True,8.1,False,0.0,False,0.0,True,5.7456000000000005,False,0.0,3-5人気,10-20倍
202508020601,2025,9.0,2.0,5.0,48.4,4.1,9.3,False,0.0,False,0.0,False,0.0,False,0.0,False,0.0,False,0.0,False,0.0,6-10人気,20-50倍
202508020602,2025,1.0,2.0,9.0,1.6,5.4,132.3,True,1.6,True,0.5333333333333333,False,0.0,False,0.0,False,0.0,False,0.0,False,0.0,1-2人気,1-2倍
202508020603,2025,8.0,1.0,2.0,13.4,4.1,5.2,False,0.0,False,0.0,False,0.0,False,0.0,False,0.0,False,0.0,False,0.0,6-10人気,10-20倍
202508020604,2025,3.0,1.0,10.0,3.6,2.7,87.8,False,0.0,False,0.0,False,0.0,False,0.0,False,0.0,False,0.0,False,0.0,3-5人気,2-5倍
202508020605,2025,8.0,1.0,6.0,26.4,3.0,14.0,False,0.0,False,0.0,False,0.0,False,0.0,False,0.0,False,0.0,False,0.0,6-10人気,20-50倍
202508020606,2025,1.0,2.0,5.0,1.9,3.9,14.1,False,0.0,False,0.0,False,0.0,False,0.0,False,0.0,False,0.0,False,0.0,1-2人気,1-2倍
202508020607,2025,2.0,3.0,5.0,3.0,3.7,12.3,False,0.0,False,0.0,False,0.0,False,0.0,False,0.0,False,0.0,False,0.0,1-2人気,2-5倍
202508020608,2025,1.0,2.0,7.0,2.7,4.6,23.5,False,0.0,True,0.9,False,0.0,False,0.0,False,0.0,False,0.0,False,0.0,1-2人気,2-5倍
202508020609,2025,11.0,1.0,2.0,57.5,2.4,4.1,False,0.0,False,0.0,False,0.0,False,0.0,False,0.0,False,0.0,False,0.0,11人気以下,50倍以上
202508020610,2025,2.0,10.0,1.0,4.0,51.7,3.0,False,0.0,True,1.3333333333333333,False,0.0,False,0.0,False,0.0,False,0.0,False,0.0,1-2人気,2-5倍
202508020611,2025,4.0,8.0,9.0,8.4,13.5,24.9,False,0.0,False,0.0,False,0.0,False,0.0,False,0.0,False,0.0,False,0.0,3-5人気,5-10倍
202508020612,2025,4.0,6.0,5.0,7.0,7.9,7.2,False,0.0,False,0.0,False,0.0,False,0.0,False,0.0,False,0.0,False,0.0,3-5人気,5-10倍
202508020701,2025,2.0,1.0,4.0,2.8,2.4,11.5,True,2.8,True,0.9333333333333332,False,0.0,False,0.0,False,0.0,False,0.0,False,0.0,1-2人気,2-5倍
202508020702,2025,1.0,2.0,3.0,2.3,2.7,6.4,True,2.3,True,0.7666666666666666,False,0.0,False,0.0,False,0.0,False,0.0,False,0.0,1-2人気,2-5倍
202508020703,2025,1.0,2.0,7.0,2.4,3.7,15.2,True,2.4,True,0.7999999999999999,False,0.0,False,0.0,False,0.0,False,0.0,False,0.0,1-2人気,2-5倍
202508020704,2025,2.0,4.0,1.0,4.7,11.0,2.6,False,0.0,False,0.0,False,0.0,False,0.0,False,0.0,False,0.0,False,0.0,1-2人気,2-5倍
202508020705,2025,3.0,2.0,4.0,5.4,4.1,8.7,False,0.0,False,0.0,False,0.0,False,0.0,False,0.0,False,0.0,False,0.0,3-5人気,5-10倍
202508020706,2025,5.0,2.0,4.0,11.8,6.0,11.4,False,0.0,False,0.0,False,0.0,False,0.0,False,0.0,False,0.0,False,0.0,3-5人気,10-20倍
202508020707,2025,10.0,3.0,2.0,76.9,6.7,4.4,False,0.0,False,0.0,False,0.0,False,0.0,False,0.0,False,0.0,False,0.0,6-10人気,50倍以上
202508020708,2025,2.0,1.0,3.0,4.1,2.0,6.3,False,0.0,True,1.3666666666666665,True,2.033333333333333,True,0.82,False,0.0,False,0.0,False,0.0,1-2人気,2-5倍
202508020709,2025,5.0,1.0,3.0,7.3,2.7,5.8,False,0.0,False,0.0,False,0.0,False,0.0,False,0.0,False,0.0,False,0.0,3-5人気,5-10倍
202508020710,2025,4.0,7.0,2.0,6.1,16.7,5.3,False,0.0,True,2.033333333333333,True,7.599999999999999,True,10.187,False,0.0,False,0.0,False,0.0,3-5人気,5-10倍
202508020711,2025,1.0,2.0,7.0,2.5,3.9,30.3,False,0.0,False,0.0,False,0.0,False,0.0,False,0.0,False,0.0,False,0.0,1-2人気,2-5倍
202508020712,2025,2.0,9.0,1.0,4.1,21.6,2.9,False,0.0,False,0.0,False,0.0,False,0.0,False,0.0,False,0.0,False,0.0,1-2人気,2-5倍
202508020801,2025,1.0,6.0,2.0,1.2,21.4,8.4,True,1.2,True,0.39999999999999997,False,0.0,False,0.0,False,0.0,False,0.0,False,0.0,1-2人気,1-2倍
202508020802,2025,1.0,3.0,5.0,2.8,5.1,6.4,True,2.8,True,0.9333333333333332,False,0.0,False,0.0,False,0.0,False,0.0,False,0.0,1-2人気,2-5倍
202508020803,2025,3.0,4.0,2.0,5.6,8.0,3.7,False,0.0,False,0.0,False,0.0,False,0.0,False,0.0,False,0.0,False,0.0,3-5人気,5-10倍
202508020804,2025,1.0,4.0,5.0,1.9,6.6,9.5,True,1.9,True,0.6333333333333333,True,2.8333333333333335,True,1.254,True,2.508,False,0.0,False,0.0,1-2人気,1-2倍
202508020805,2025,1.0,10.0,3.0,2.3,43.1,7.4,False,0.0,True,0.7666666666666666,False,0.0,False,0.0,False,0.0,False,0.0,False,0.0,1-2人気,2-5倍
202508020806,2025,1.0,8.0,6.0,3.0,17.8,10.3,False,0.0,False,0.0,False,0.0,False,0.0,False,0.0,False,0.0,False,0.0,1-2人気,2-5倍
202508020807,2025,1.0,2.0,4.0,3.1,4.1,5.2,False,0.0,False,0.0,False,0.0,False,0.0,False,0.0,False,0.0,False,0.0,1-2人気,2-5倍
202508020808,2025,6.0,2.0,1.0,12.2,3.1,2.7,False,0.0,False,0.0,False,0.0,False,0.0,False,0.0,False,0.0,False,0.0,6-10人気,10-20倍
202508020809,2025,2.0,8.0,4.0,5.1,88.1,9.3,False,0.0,True,1.7,False,0.0,False,0.0,False,0.0,False,0.0,False,0.0,1-2人気,5-10倍
202508020810,2025,2.0,7.0,6.0,3.9,15.4,11.1,True,3.9,True,1.3,True,6.433333333333334,False,0.0,False,0.0,False,0.0,False,0.0,1-2人気,2-5倍
202508020811,2025,2.0,6.0,5.0,3.9,11.5,9.4,False,0.0,False,0.0,False,0.0,False,0.0,False,0.0,False,0.0,False,0.0,1-2人気,2-5倍
202508020812,2025,5.0,7.0,10.0,9.4,12.1,18.3,False,0.0,True,3.1333333333333333,True,7.166666666666667,False,0.0,False,0.0,False,0.0,False,0.0,3-5人気,5-10倍
202508020901,2025,6.0,4.0,5.0,8.4,7.6,8.2,False,0.0,False,0.0,False,0.0,False,0.0,False,0.0,False,0.0,False,0.0,6-10人気,5-10倍
202508020902,2025,1.0,6.0,8.0,2.3,25.9,41.2,False,0.0,False,0.0,False,0.0,False,0.0,False,0.0,False,0.0,False,0.0,1-2人気,2-5倍
202508020903,2025,4.0,7.0,3.0,11.9,16.4,5.6,False,0.0,True,3.966666666666667,False,0.0,False,0.0,False,0.0,False,0.0,False,0.0,3-5人気,10-20倍
202508020904,2025,6.0,1.0,7.0,13.8,2.3,14.8,False,0.0,False,0.0,False,0.0,False,0.0,False,0.0,False,0.0,False,0.0,6-10人気,10-20倍
202508020905,2025,5.0,3.0,1.0,11.8,6.3,3.0,False,0.0,False,0.0,False,0.0,False,0.0,False,0.0,False,0.0,False,0.0,3-5人気,10-20倍
202508020906,2025,2.0,4.0,6.0,6.1,6.7,21.9,False,0.0,False,0.0,False,0.0,False,0.0,False,0.0,False,0.0,False,0.0,1-2人気,5-10倍
202508020907,2025,1.0,6.0,5.0,1.6,20.1,14.8,True,1.6,True,0.5333333333333333,False,0.0,False,0.0,False,0.0,False,0.0,False,0.0,1-2人気,1-2倍
202508020908,2025,4.0,1.0,2.0,10.5,1.5,8.5,False,0.0,True,3.5,True,4.0,True,1.575,False,0.0,False,0.0,False,0.0,3-5人気,10-20倍
202508020909,2025,1.0,2.0,5.0,1.9,4.6,14.7,False,0.0,True,0.6333333333333333,False,0.0,False,0.0,False,0.0,False,0.0,False,0.0,1-2人気,1-2倍
202508020910,2025,5.0,4.0,3.0,7.5,7.0,4.3,False,0.0,False,0.0,False,0.0,False,0.0,False,0.0,False,0.0,False,0.0,3-5人気,5-10倍
202508020911,2025,1.0,4.0,6.0,4.7,6.0,10.1,False,0.0,False,0.0,False,0.0,False,0.0,False,0.0,False,0.0,False,0.0,1-2人気,2-5倍
202508020912,2025,5.0,8.0,2.0,18.1,37.5,3.6,False,0.0,False,0.0,False,0.0,False,0.0,False,0.0,False,0.0,False,0.0,3-5人気,10-20倍
202508021001,2025,1.0,4.0,6.0,2.1,7.6,38.1,False,0.0,True,0.7000000000000001,False,0.0,False,0.0,False,0.0,False,0.0,False,0.0,1-2人気,2-5倍
202508021002,2025,2.0,1.0,6.0,4.4,2.0,29.5,False,0.0,False,0.0,False,0.0,False,0.0,False,0.0,False,0.0,False,0.0,1-2人気,2-5倍
202508021003,2025,3.0,2.0,4.0,6.7,3.2,9.0,False,0.0,False,0.0,False,0.0,False,0.0,False,0.0,False,0.0,False,0.0,3-5人気,5-10倍
202508021004,2025,13.0,1.0,3.0,101.2,3.9,4.4,False,0.0,False,0.0,False,0.0,False,0.0,False,0.0,False,0.0,False,0.0,11人気以下,50倍以上
202508021005,2025,2.0,4.0,5.0,2.8,9.8,11.2,False,0.0,True,0.9333333333333332,False,0.0,False,0.0,False,0.0,False,0.0,False,0.0,1-2人気,2-5倍
202508021006,2025,2.0,1.0,3.0,4.0,2.6,5.8,False,0.0,False,0.0,False,0.0,False,0.0,False,0.0,False,0.0,False,0.0,1-2人気,2-5倍
202508021007,2025,6.0,2.0,3.0,14.5,4.2,6.2,False,0.0,False,0.0,False,0.0,False,0.0,False,0.0,False,0.0,False,0.0,6-10人気,10-20倍
202508021008,2025,1.0,3.0,2.0,1.7,6.8,2.6,False,0.0,True,0.5666666666666667,True,2.8333333333333335,False,0.0,False,0.0,True,1.0018666666666667,False,0.0,1-2人気,1-2倍
202508021009,2025,1.0,3.0,5.0,2.3,6.2,11.7,False,0.0,True,0.7666666666666666,False,0.0,False,0.0,False,0.0,False,0.0,False,0.0,1-2人気,2-5倍
202508021010,2025,4.0,2.0,10.0,7.8,5.0,34.4,False,0.0,False,0.0,False,0.0,False,0.0,False,0.0,False,0.0,False,0.0,3-5人気,5-10倍
202508021011,2025,5.0,2.0,6.0,10.1,4.0,12.8,False,0.0,False,0.0,False,0.0,False,0.0,False,0.0,False,0.0,False,0.0,3-5人気,10-20倍
202508021012,2025,1.0,4.0,7.0,2.6,7.8,15.2,False,0.0,False,0.0,False,0.0,False,0.0,False,0.0,False,0.0,False,0.0,1-2人気,2-5倍
202508021101,2025,5.0,1.0,3.0,12.8,1.9,7.1,False,0.0,False,0.0,False,0.0,False,0.0,False,0.0,False,0.0,False,0.0,3-5人気,10-20倍
202508021102,2025,2.0,14.0,3.0,6.6,188.9,8.1,True,6.6,True,2.1999999999999997,False,0.0,False,0.0,False,0.0,False,0.0,False,0.0,1-2人気,5-10倍
202508021103,2025,1.0,7.0,2.0,2.7,22.1,3.2,True,2.7,True,0.9,True,8.266666666666667,True,5.9670000000000005,True,11.934000000000001,False,0.0,False,0.0,1-2人気,2-5倍
202508021104,2025,5.0,4.0,2.0,9.5,8.9,4.5,False,0.0,False,0.0,False,0.0,False,0.0,False,0.0,False,0.0,False,0.0,3-5人気,5-10倍
202508021105,2025,1.0,2.0,8.0,3.5,3.9,15.8,False,0.0,False,0.0,False,0.0,False,0.0,False,0.0,False,0.0,False,0.0,1-2人気,2-5倍
202508021106,2025,5.0,2.0,3.0,9.1,5.6,5.6,False,0.0,False,0.0,False,0.0,False,0.0,False,0.0,False,0.0,False,0.0,3-5人気,5-10倍
202508021107,2025,1.0,3.0,2.0,1.7,4.9,4.6,False,0.0,False,0.0,False,0.0,False,0.0,False,0.0,False,0.0,False,0.0,1-2人気,1-2倍
202508021108,2025,1.0,4.0,5.0,2.9,7.0,8.3,False,0.0,True,0.9666666666666667,False,0.0,False,0.0,False,0.0,False,0.0,False,0.0,1-2人気,2-5倍
202508021109,2025,1.0,3.0,4.0,2.2,5.1,7.6,False,0.0,False,0.0,False,0.0,False,0.0,False,0.0,False,0.0,False,0.0,1-2人気,2-5倍
202508021110,2025,8.0,9.0,3.0,25.3,31.3,4.8,False,0.0,False,0.0,False,0.0,False,0.0,False,0.0,False,0.0,False,0.0,6-10人気,20-50倍
202508021111,2025,1.0,3.0,15.0,5.6,6.9,60.5,False,0.0,False,0.0,False,0.0,False,0.0,False,0.0,False,0.0,False,0.0,1-2人気,5-10倍
202508021112,2025,3.0,1.0,11.0,5.2,2.6,47.5,True,5.2,True,1.7333333333333334,False,0.0,False,0.0,False,0.0,False,0.0,False,0.0,3-5人気,5-10倍
202508021201,2025,2.0,5.0,4.0,3.7,7.4,6.5,True,3.7,True,1.2333333333333334,True,3.7000000000000006,False,0.0,False,0.0,False,0.0,False,0.0,1-2人気,2-5倍
202508021202,2025,5.0,2.0,1.0,11.1,3.7,2.5,False,0.0,False,0.0,False,0.0,False,0.0,False,0.0,False,0.0,False,0.0,3-5人気,10-20倍
202508021203,2025,2.0,5.0,8.0,5.0,7.8,20.1,False,0.0,False,0.0,False,0.0,False,0.0,False,0.0,False,0.0,False,0.0,1-2人気,2-5倍
202508021204,2025,1.0,2.0,5.0,1.7,3.5,16.8,True,1.7,True,0.5666666666666667,True,1.7333333333333334,True,0.595,True,1.19,False,0.0,False,0.0,1-2人気,1-2倍
202508021205,2025,1.0,7.0,4.0,1.5,35.2,8.8,True,1.5,True,0.5,False,0.0,False,0.0,False,0.0,False,0.0,False,0.0,1-2人気,1-2倍
202508021206,2025,4.0,1.0,9.0,7.5,3.2,19.5,False,0.0,True,2.5,True,3.5666666666666664,False,0.0,False,0.0,False,0.0,False,0.0,3-5人気,5-10倍
202508021207,2025,2.0,11.0,9.0,5.0,70.6,23.8,False,0.0,True,1.6666666666666667,False,0.0,False,0.0,False,0.0,False,0.0,False,0.0,1-2人気,2-5倍
202508021208,2025,7.0,3.0,5.0,13.6,7.9,10.9,False,0.0,False,0.0,False,0.0,False,0.0,False,0.0,False,0.0,False,0.0,6-10人気,10-20倍
202508021209,2025,7.0,4.0,11.0,16.0,10.8,24.7,False,0.0,False,0.0,False,0.0,False,0.0,False,0.0,False,0.0,False,0.0,6-10人気,10-20倍
202508021210,2025,1.0,7.0,6.0,4.1,11.8,11.2,False,0.0,False,0.0,False,0.0,False,0.0,False,0.0,False,0.0,False,0.0,1-2人気,2-5倍
202508021211,2025,1.0,3.0,5.0,3.1,5.4,9.8,False,0.0,False,0.0,False,0.0,False,0.0,False,0.0,False,0.0,False,0.0,1-2人気,2-5倍
202508021212,2025,7.0,6.0,2.0,12.1,8.2,4.8,False,0.0,False,0.0,False,0.0,False,0.0,False,0.0,False,0.0,False,0.0,6-10人気,10-20倍
202508030101,2025,1.0,2.0,6.0,4.3,4.5,7.8,False,0.0,False,0.0,False,0.0,False,0.0,False,0.0,False,0.0,False,0.0,1-2人気,2-5倍
202508030102,2025,1.0,3.0,4.0,1.1,7.2,32.2,False,0.0,True,0.3666666666666667,True,2.766666666666667,True,0.792,False,0.0,False,0.0,False,0.0,1-2人気,1-2倍
202508030103,2025,7.0,1.0,2.0,21.4,2.1,3.5,False,0.0,False,0.0,False,0.0,False,0.0,False,0.0,False,0.0,False,0.0,6-10人気,20-50倍
202508030104,2025,1.0,2.0,4.0,1.3,6.1,17.0,True,1.3,True,0.43333333333333335,False,0.0,False,0.0,False,0.0,False,0.0,False,0.0,1-2人気,1-2倍
202508030105,2025,3.0,5.0,11.0,5.1,12.8,62.6,True,5.1,True,1.7,False,0.0,False,0.0,False,0.0,False,0.0,False,0.0,3-5人気,5-10倍
202508030106,2025,2.0,6.0,4.0,4.5,9.5,7.7,False,0.0,False,0.0,False,0.0,False,0.0,False,0.0,False,0.0,False,0.0,1-2人気,2-5倍
202508030107,2025,2.0,1.0,13.0,3.7,3.0,49.6,False,0.0,False,0.0,False,0.0,False,0.0,False,0.0,False,0.0,False,0.0,1-2人気,2-5倍
202508030108,2025,2.0,6.0,11.0,3.3,13.9,97.8,False,0.0,True,1.0999999999999999,False,0.0,False,0.0,False,0.0,False,0.0,False,0.0,1-2人気,2-5倍
202508030109,2025,4.0,3.0,2.0,5.3,4.6,4.5,False,0.0,False,0.0,False,0.0,False,0.0,False,0.0,False,0.0,False,0.0,3-5人気,5-10倍
202508030110,2025,9.0,2.0,1.0,20.7,4.0,3.4,False,0.0,False,0.0,False,0.0,False,0.0,False,0.0,False,0.0,False,0.0,6-10人気,20-50倍
202508030111,2025,8.0,1.0,4.0,18.4,3.5,8.3,False,0.0,False,0.0,False,0.0,False,0.0,False,0.0,False,0.0,False,0.0,6-10人気,10-20倍
202508030112,2025,1.0,5.0,7.0,1.6,12.0,18.1,True,1.6,True,0.5333333333333333,False,0.0,False,0.0,False,0.0,False,0.0,False,0.0,1-2人気,1-2倍
202508030201,2025,1.0,2.0,3.0,2.5,4.7,5.2,False,0.0,True,0.8333333333333334,False,0.0,False,0.0,False,0.0,False,0.0,False,0.0,1-2人気,2-5倍
202508030202,2025,3.0,2.0,1.0,5.1,4.2,2.2,True,5.1,True,1.7,False,0.0,False,0.0,False,0.0,False,0.0,False,0.0,3-5人気,5-10倍
202508030203,2025,1.0,2.0,4.0,3.4,3.4,11.6,False,0.0,True,1.1333333333333333,True,2.2666666666666666,True,1.156,False,0.0,False,0.0,False,0.0,1-2人気,2-5倍
202508030204,2025,2.0,7.0,12.0,4.7,18.4,58.3,False,0.0,False,0.0,False,0.0,False,0.0,False,0.0,False,0.0,False,0.0,1-2人気,2-5倍
202508030205,2025,1.0,4.0,9.0,2.3,14.8,30.5,False,0.0,True,0.7666666666666666,False,0.0,False,0.0,False,0.0,False,0.0,False,0.0,1-2人気,2-5倍
202508030206,2025,5.0,2.0,8.0,9.7,4.7,29.0,False,0.0,True,3.233333333333333,False,0.0,False,0.0,False,0.0,False,0.0,False,0.0,3-5人気,5-10倍
202508030207,2025,1.0,3.0,4.0,1.7,7.0,9.0,False,0.0,True,0.5666666666666667,False,0.0,False,0.0,False,0.0,False,0.0,False,0.0,1-2人気,1-2倍
202508030208,2025,1.0,15.0,7.0,2.5,305.4,17.2,False,0.0,True,0.8333333333333334,False,0.0,False,0.0,False,0.0,False,0.0,False,0.0,1-2人気,2-5倍
202508030209,2025,1.0,6.0,3.0,2.2,16.5,6.0,False,0.0,False,0.0,False,0.0,False,0.0,False,0.0,False,0.0,False,0.0,1-2人気,2-5倍
202508030210,2025,5.0,3.0,8.0,11.9,8.2,22.0,False,0.0,False,0.0,False,0.0,False,0.0,False,0.0,False,0.0,False,0.0,3-5人気,10-20倍
202508030211,2025,5.0,1.0,4.0,11.3,3.1,5.9,True,11.3,True,3.766666666666667,False,0.0,False,0.0,False,0.0,False,0.0,False,0.0,3-5人気,10-20倍
202508030212,2025,1.0,3.0,5.0,4.0,6.3,8.2,False,0.0,True,1.3333333333333333,True,3.4333333333333336,True,2.52,False,0.0,False,0.0,False,0.0,1-2人気,2-5倍
202508030301,2025,3.0,1.0,4.0,5.6,2.9,8.8,False,0.0,False,0.0,False,0.0,False,0.0,False,0.0,False,0.0,False,0.0,3-5人気,5-10倍
202508030302,2025,1.0,3.0,2.0,1.3,6.7,4.6,True,1.3,True,0.43333333333333335,False,0.0,False,0.0,False,0.0,False,0.0,False,0.0,1-2人気,1-2倍
202508030303,2025,3.0,2.0,1.0,4.2,3.1,2.1,False,0.0,True,1.4000000000000001,True,2.4333333333333336,True,1.302,False,0.0,True,0.9114000000000001,False,0.0,3-5人気,2-5倍
202508030304,2025,3.0,1.0,5.0,5.7,2.1,25.0,False,0.0,False,0.0,False,0.0,False,0.0,False,0.0,False,0.0,False,0.0,3-5人気,5-10倍
202508030305,2025,2.0,7.0,11.0,3.8,20.9,34.8,False,0.0,False,0.0,False,0.0,False,0.0,False,0.0,False,0.0,False,0.0,1-2人気,2-5倍
202508030306,2025,5.0,2.0,7.0,9.4,3.2,13.4,False,0.0,False,0.0,False,0.0,False,0.0,False,0.0,False,0.0,False,0.0,3-5人気,5-10倍
202508030307,2025,1.0,5.0,3.0,2.2,12.2,5.8,False,0.0,True,0.7333333333333334,False,0.0,False,0.0,False,0.0,False,0.0,False,0.0,1-2人気,2-5倍
202508030308,2025,1.0,3.0,2.0,1.7,4.4,2.8,True,1.7,True,0.5666666666666667,True,2.0333333333333337,True,0.748,True,1.496,False,0.0,False,0.0,1-2人気,1-2倍
202508030309,2025,4.0,1.0,3.0,5.9,2.2,4.9,False,0.0,False,0.0,False,0.0,False,0.0,False,0.0,False,0.0,False,0.0,3-5人気,5-10倍
202508030310,2025,1.0,6.0,4.0,1.5,24.2,16.7,False,0.0,True,0.5,False,0.0,False,0.0,False,0.0,False,0.0,False,0.0,1-2人気,1-2倍
202508030311,2025,2.0,5.0,1.0,3.5,11.4,3.2,False,0.0,False,0.0,False,0.0,False,0.0,False,0.0,False,0.0,False,0.0,1-2人気,2-5倍
202508030312,2025,1.0,4.0,3.0,2.0,7.9,7.0,True,2.0,True,0.6666666666666666,False,0.0,False,0.0,False,0.0,False,0.0,False,0.0,1-2人気,1-2倍
202508030401,2025,1.0,2.0,7.0,3.9,4.0,29.6,False,0.0,False,0.0,False,0.0,False,0.0,False,0.0,False,0.0,False,0.0,1-2人気,2-5倍
202508030402,2025,4.0,3.0,2.0,4.8,4.3,4.2,False,0.0,True,1.5999999999999999,False,0.0,False,0.0,False,0.0,False,0.0,False,0.0,3-5人気,2-5倍
202508030403,2025,1.0,5.0,4.0,1.8,20.6,13.0,False,0.0,True,0.6,False,0.0,False,0.0,False,0.0,False,0.0,False,0.0,1-2人気,1-2倍
202508030404,2025,3.0,2.0,1.0,8.4,4.6,2.2,False,0.0,True,2.8000000000000003,True,4.333333333333333,False,0.0,False,0.0,True,2.8336,False,0.0,3-5人気,5-10倍
202508030405,2025,1.0,5.0,4.0,2.2,14.0,8.7,False,0.0,False,0.0,False,0.0,False,0.0,False,0.0,False,0.0,False,0.0,1-2人気,2-5倍
202508030406,2025,1.0,3.0,6.0,3.3,5.0,19.8,False,0.0,True,1.0999999999999999,False,0.0,False,0.0,False,0.0,False,0.0,False,0.0,1-2人気,2-5倍
202508030407,2025,1.0,3.0,6.0,2.7,7.0,9.6,False,0.0,False,0.0,False,0.0,False,0.0,False,0.0,False,0.0,False,0.0,1-2人気,2-5倍
202508030408,2025,10.0,6.0,4.0,37.8,14.3,10.1,False,0.0,True,12.6,False,0.0,False,0.0,False,0.0,False,0.0,False,0.0,6-10人気,20-50倍
202508030409,2025,2.0,1.0,8.0,4.4,2.2,27.2,False,0.0,True,1.4666666666666668,True,2.2,True,0.9680000000000002,False,0.0,False,0.0,False,0.0,1-2人気,2-5倍
202508030410,2025,3.0,6.0,4.0,6.9,12.9,9.0,True,6.9,True,2.3000000000000003,False,0.0,False,0.0,False,0.0,False,0.0,False,0.0,3-5人気,5-10倍
202508030411,2025,4.0,6.0,1.0,8.7,16.0,1.9,False,0.0,False,0.0,False,0.0,False,0.0,False,0.0,False,0.0,False,0.0,3-5人気,5-10倍
202508030412,2025,1.0,5.0,7.0,4.7,8.3,11.1,False,0.0,False,0.0,False,0.0,False,0.0,False,0.0,False,0.0,False,0.0,1-2人気,2-5倍
202508030501,2025,4.0,3.0,1.0,8.7,4.8,1.7,True,8.7,True,2.9,True,4.5,False,0.0,False,0.0,True,2.3663999999999996,False,0.0,3-5人気,5-10倍
202508030502,2025,2.0,6.0,3.0,2.6,19.9,4.2,False,0.0,True,0.8666666666666667,False,0.0,False,0.0,False,0.0,False,0.0,False,0.0,1-2人気,2-5倍
202508030503,2025,3.0,1.0,2.0,4.7,4.0,4.2,False,0.0,True,1.5666666666666667,False,0.0,False,0.0,False,0.0,False,0.0,False,0.0,3-5人気,2-5倍
202508030504,2025,2.0,4.0,5.0,3.8,8.3,12.6,False,0.0,True,1.2666666666666666,False,0.0,False,0.0,False,0.0,False,0.0,False,0.0,1-2人気,2-5倍
202508030505,2025,4.0,2.0,5.0,7.1,4.6,7.2,False,0.0,True,2.3666666666666667,True,3.9,False,0.0,False,0.0,True,7.838399999999999,False,0.0,3-5人気,5-10倍
202508030506,2025,4.0,5.0,2.0,5.7,13.9,3.9,False,0.0,False,0.0,False,0.0,False,0.0,False,0.0,False,0.0,False,0.0,3-5人気,5-10倍
202508030507,2025,6.0,5.0,3.0,10.2,7.3,4.9,False,0.0,False,0.0,False,0.0,False,0.0,False,0.0,False,0.0,False,0.0,6-10人気,10-20倍
202508030508,2025,5.0,4.0,3.0,7.1,5.6,5.6,False,0.0,False,0.0,False,0.0,False,0.0,False,0.0,False,0.0,False,0.0,3-5人気,5-10倍
202508030509,2025,7.0,1.0,3.0,37.8,1.9,6.4,False,0.0,False,0.0,False,0.0,False,0.0,False,0.0,False,0.0,False,0.0,6-10人気,20-50倍
202508030510,2025,2.0,4.0,1.0,5.3,7.5,1.6,False,0.0,False,0.0,False,0.0,False,0.0,False,0.0,False,0.0,False,0.0,1-2人気,5-10倍
202508030511,2025,3.0,1.0,8.0,5.9,4.4,19.1,False,0.0,False,0.0,False,0.0,False,0.0,False,0.0,False,0.0,False,0.0,3-5人気,5-10倍
202508030512,2025,3.0,4.0,1.0,5.8,7.3,4.0,False,0.0,False,0.0,False,0.0,False,0.0,False,0.0,False,0.0,False,0.0,3-5人気,5-10倍
202508030601,2025,2.0,3.0,1.0,3.7,5.1,2.0,True,3.7,True,1.2333333333333334,False,0.0,False,0.0,False,0.0,False,0.0,False,0.0,1-2人気,2-5倍
202508030602,2025,2.0,1.0,4.0,3.6,2.6,6.0,False,0.0,True,1.2,True,2.066666666666667,True,0.9360000000000002,False,0.0,True,1.8720000000000003,False,0.0,1-2人気,2-5倍
202508030603,2025,2.0,1.0,4.0,2.4,1.9,10.5,True,2.4,True,0.7999999999999999,False,0.0,False,0.0,False,0.0,False,0.0,False,0.0,1-2人気,2-5倍
202508030604,2025,8.0,7.0,6.0,22.1,21.3,16.0,False,0.0,False,0.0,False,0.0,False,0.0,False,0.0,False,0.0,False,0.0,6-10人気,20-50倍
202508030605,2025,2.0,9.0,3.0,3.3,43.9,4.1,False,0.0,True,1.0999999999999999,False,0.0,False,0.0,False,0.0,False,0.0,False,0.0,1-2人気,2-5倍
202508030606,2025,1.0,15.0,6.0,2.0,86.8,16.7,True,2.0,True,0.6666666666666666,False,0.0,False,0.0,False,0.0,False,0.0,False,0.0,1-2人気,1-2倍
202508030607,2025,3.0,2.0,1.0,4.0,3.3,2.6,False,0.0,True,1.3333333333333333,True,2.433333333333333,True,1.3199999999999998,False,0.0,True,1.144,False,0.0,3-5人気,2-5倍
202508030608,2025,7.0,6.0,2.0,25.2,23.5,3.4,False,0.0,False,0.0,False,0.0,False,0.0,False,0.0,False,0.0,False,0.0,6-10人気,20-50倍
202508030609,2025,6.0,3.0,2.0,16.3,5.9,3.1,False,0.0,False,0.0,False,0.0,False,0.0,False,0.0,False,0.0,False,0.0,6-10人気,10-20倍
202508030610,2025,5.0,1.0,3.0,22.4,2.0,4.0,False,0.0,False,0.0,False,0.0,False,0.0,False,0.0,False,0.0,False,0.0,3-5人気,20-50倍
202508030611,2025,10.0,2.0,9.0,37.7,5.7,22.6,False,0.0,False,0.0,False,0.0,False,0.0,False,0.0,False,0.0,False,0.0,6-10人気,20-50倍
202508030612,2025,5.0,1.0,12.0,13.1,3.5,40.3,False,0.0,False,0.0,False,0.0,False,0.0,False,0.0,False,0.0,False,0.0,3-5人気,10-20倍
202508030701,2025,1.0,2.0,7.0,1.4,3.3,47.2,True,1.4,True,0.4666666666666666,True,1.5666666666666664,True,0.4619999999999999,True,0.9239999999999998,False,0.0,False,0.0,1-2人気,1-2倍
202508030702,2025,1.0,2.0,3.0,1.6,2.8,8.5,True,1.6,True,0.5333333333333333,True,1.4666666666666668,True,0.44799999999999995,True,0.8959999999999999,True,1.2693333333333332,True,3.808,1-2人気,1-2倍
202508030703,2025,2.0,12.0,8.0,3.4,267.6,22.5,True,3.4,True,1.1333333333333333,False,0.0,False,0.0,False,0.0,False,0.0,False,0.0,1-2人気,2-5倍
202508030704,2025,1.0,2.0,4.0,1.8,4.5,12.5,False,0.0,True,0.6,False,0.0,False,0.0,False,0.0,False,0.0,False,0.0,1-2人気,1-2倍
202508030705,2025,3.0,7.0,1.0,5.1,14.6,2.6,False,0.0,False,0.0,False,0.0,False,0.0,False,0.0,False,0.0,False,0.0,3-5人気,5-10倍
202508030706,2025,1.0,2.0,9.0,2.2,2.4,56.1,False,0.0,False,0.0,False,0.0,False,0.0,False,0.0,False,0.0,False,0.0,1-2人気,2-5倍
202508030707,2025,1.0,2.0,3.0,1.9,3.7,8.2,False,0.0,True,0.6333333333333333,False,0.0,False,0.0,False,0.0,False,0.0,False,0.0,1-2人気,1-2倍
202508030708,2025,3.0,7.0,4.0,5.8,25.0,7.7,False,0.0,False,0.0,False,0.0,False,0.0,False,0.0,False,0.0,False,0.0,3-5人気,5-10倍
202508030709,2025,2.0,1.0,4.0,2.7,2.5,13.4,True,2.7,True,0.9,True,1.7333333333333334,True,0.675,True,1.35,False,0.0,False,0.0,1-2人気,2-5倍
202508030710,2025,5.0,1.0,8.0,17.8,1.5,29.9,False,0.0,False,0.0,False,0.0,False,0.0,False,0.0,False,0.0,False,0.0,3-5人気,10-20倍
202508030711,2025,1.0,4.0,8.0,2.1,12.5,19.4,False,0.0,False,0.0,False,0.0,False,0.0,False,0.0,False,0.0,False,0.0,1-2人気,2-5倍
202508030712,2025,5.0,10.0,12.0,8.4,39.0,63.6,False,0.0,True,2.8000000000000003,False,0.0,False,0.0,False,0.0,False,0.0,False,0.0,3-5人気,5-10倍
202508030801,2025,3.0,1.0,2.0,5.5,2.5,4.5,False,0.0,False,0.0,False,0.0,False,0.0,False,0.0,False,0.0,False,0.0,3-5人気,5-10倍
202508030802,2025,1.0,2.0,9.0,2.0,3.3,95.4,False,0.0,True,0.6666666666666666,True,1.7666666666666666,False,0.0,False,0.0,False,0.0,False,0.0,1-2人気,1-2倍
202508030803,2025,2.0,1.0,6.0,4.6,1.5,25.8,True,4.6,True,1.5333333333333332,False,0.0,False,0.0,False,0.0,False,0.0,False,0.0,1-2人気,2-5倍
202508030804,2025,2.0,3.0,7.0,3.9,9.0,55.7,True,3.9,True,1.3,True,4.3,True,3.5100000000000002,True,7.0200000000000005,False,0.0,False,0.0,1-2人気,2-5倍
202508030805,2025,11.0,3.0,8.0,57.9,5.5,26.8,False,0.0,False,0.0,False,0.0,False,0.0,False,0.0,False,0.0,False,0.0,11人気以下,50倍以上
202508030806,2025,5.0,1.0,13.0,13.4,3.1,76.3,False,0.0,False,0.0,False,0.0,False,0.0,False,0.0,False,0.0,False,0.0,3-5人気,10-20倍
202508030807,2025,2.0,3.0,5.0,3.7,5.5,9.9,False,0.0,True,1.2333333333333334,False,0.0,False,0.0,False,0.0,False,0.0,False,0.0,1-2人気,2-5倍
202508030808,2025,3.0,2.0,4.0,5.0,3.5,14.2,False,0.0,False,0.0,False,0.0,False,0.0,False,0.0,False,0.0,False,0.0,3-5人気,2-5倍
202508030809,2025,10.0,1.0,5.0,46.2,1.9,11.7,False,0.0,False,0.0,False,0.0,False,0.0,False,0.0,False,0.0,False,0.0,6-10人気,20-50倍
202508030810,2025,5.0,8.0,4.0,9.4,47.6,5.5,False,0.0,True,3.1333333333333333,False,0.0,False,0.0,False,0.0,False,0.0,False,0.0,3-5人気,5-10倍
202508030811,2025,5.0,3.0,2.0,8.8,3.9,3.9,False,0.0,False,0.0,False,0.0,False,0.0,False,0.0,False,0.0,False,0.0,3-5人気,5-10倍
202508030812,2025,2.0,6.0,4.0,5.3,10.2,5.8,False,0.0,True,1.7666666666666666,False,0.0,False,0.0,False,0.0,False,0.0,False,0.0,1-2人気,5-10倍
202508030901,2025,2.0,3.0,5.0,2.8,4.3,10.2,False,0.0,False,0.0,False,0.0,False,0.0,False,0.0,False,0.0,False,0.0,1-2人気,2-5倍
202508030902,2025,1.0,2.0,4.0,2.7,2.8,8.6,False,0.0,True,0.9,True,1.8333333333333333,True,0.756,False,0.0,False,0.0,False,0.0,1-2人気,2-5倍
202508030903,2025,5.0,4.0,1.0,12.5,6.7,2.3,False,0.0,False,0.0,False,0.0,False,0.0,False,0.0,False,0.0,False,0.0,3-5人気,10-20倍
202508030904,2025,3.0,6.0,15.0,5.4,12.1,101.5,True,5.4,True,1.8,False,0.0,False,0.0,False,0.0,False,0.0,False,0.0,3-5人気,5-10倍
202508030905,2025,1.0,2.0,4.0,1.4,6.4,8.3,False,0.0,True,0.4666666666666666,False,0.0,False,0.0,False,0.0,False,0.0,False,0.0,1-2人気,1-2倍
202508030906,2025,2.0,7.0,11.0,2.8,25.9,91.9,False,0.0,False,0.0,False,0.0,False,0.0,False,0.0,False,0.0,False,0.0,1-2人気,2-5倍
202508030907,2025,5.0,1.0,4.0,12.1,2.0,11.2,False,0.0,False,0.0,False,0.0,False,0.0,False,0.0,False,0.0,False,0.0,3-5人気,10-20倍
202508030908,2025,2.0,7.0,14.0,3.8,14.0,87.8,False,0.0,False,0.0,False,0.0,False,0.0,False,0.0,False,0.0,False,0.0,1-2人気,2-5倍
202508030909,2025,1.0,2.0,4.0,1.9,3.6,10.1,False,0.0,True,0.6333333333333333,False,0.0,False,0.0,False,0.0,False,0.0,False,0.0,1-2人気,1-2倍
202508030910,2025,4.0,2.0,7.0,7.3,4.0,19.2,True,7.3,True,2.433333333333333,True,3.766666666666667,True,2.92,True,5.84,False,0.0,False,0.0,3-5人気,5-10倍
202508030911,2025,1.0,2.0,12.0,3.8,4.3,45.9,True,3.8,True,1.2666666666666666,True,2.6999999999999997,True,1.634,True,3.268,False,0.0,False,0.0,1-2人気,2-5倍
202508030912,2025,1.0,5.0,2.0,2.5,9.4,4.7,True,2.5,True,0.8333333333333334,False,0.0,False,0.0,False,0.0,False,0.0,False,0.0,1-2人気,2-5倍
202508031001,2025,1.0,2.0,6.0,1.9,2.5,20.5,False,0.0,True,0.6333333333333333,True,1.4666666666666668,False,0.0,False,0.0,True,3.245833333333333,False,0.0,1-2人気,1-2倍
202508031002,2025,1.0,6.0,4.0,3.1,12.6,7.5,False,0.0,True,1.0333333333333334,False,0.0,False,0.0,False,0.0,False,0.0,False,0.0,1-2人気,2-5倍
202508031003,2025,1.0,3.0,2.0,1.9,3.9,2.8,True,1.9,True,0.6333333333333333,True,1.9333333333333333,True,0.7409999999999999,True,1.4819999999999998,False,0.0,False,0.0,1-2人気,1-2倍
202508031004,2025,3.0,4.0,8.0,4.4,7.1,39.6,False,0.0,True,1.4666666666666668,False,0.0,False,0.0,False,0.0,False,0.0,False,0.0,3-5人気,2-5倍
202508031005,2025,1.0,3.0,2.0,1.5,5.4,4.5,False,0.0,True,0.5,False,0.0,False,0.0,False,0.0,False,0.0,False,0.0,1-2人気,1-2倍
202508031006,2025,1.0,13.0,8.0,2.3,63.7,16.2,False,0.0,False,0.0,False,0.0,False,0.0,False,0.0,False,0.0,False,0.0,1-2人気,2-5倍
202508031007,2025,3.0,4.0,7.0,5.7,7.2,19.4,False,0.0,False,0.0,False,0.0,False,0.0,False,0.0,False,0.0,False,0.0,3-5人気,5-10倍
202508031008,2025,3.0,5.0,10.0,6.5,10.9,24.1,False,0.0,False,0.0,False,0.0,False,0.0,False,0.0,False,0.0,False,0.0,3-5人気,5-10倍
202508031009,2025,3.0,4.0,1.0,6.2,6.3,2.5,False,0.0,True,2.066666666666667,True,4.166666666666667,False,0.0,False,0.0,True,3.2550000000000003,False,0.0,3-5人気,5-10倍
202508031010,2025,5.0,2.0,1.0,6.4,3.8,3.6,False,0.0,True,2.1333333333333333,False,0.0,False,0.0,False,0.0,False,0.0,False,0.0,3-5人気,5-10倍
202508031011,2025,1.0,3.0,2.0,2.8,5.8,4.3,True,2.8,True,0.9333333333333332,True,2.8666666666666667,False,0.0,False,0.0,False,0.0,False,0.0,1-2人気,2-5倍
202508031012,2025,2.0,1.0,6.0,3.3,2.0,21.0,False,0.0,False,0.0,False,0.0,False,0.0,False,0.0,False,0.0,False,0.0,1-2人気,2-5倍
202508031101,2025,2.0,6.0,4.0,3.7,13.1,7.9,True,3.7,True,1.2333333333333334,False,0.0,False,0.0,False,0.0,False,0.0,False,0.0,1-2人気,2-5倍
202508031102,2025,2.0,1.0,7.0,4.1,1.5,86.1,False,0.0,False,0.0,False,0.0,False,0.0,False,0.0,False,0.0,False,0.0,1-2人気,2-5倍
202508031103,2025,1.0,3.0,2.0,1.6,7.6,5.3,False,0.0,True,0.5333333333333333,False,0.0,False,0.0,False,0.0,False,0.0,False,0.0,1-2人気,1-2倍
202508031104,2025,2.0,5.0,4.0,3.7,8.3,6.0,False,0.0,True,1.2333333333333334,False,0.0,False,0.0,False,0.0,False,0.0,False,0.0,1-2人気,2-5倍
202508031105,2025,2.0,7.0,6.0,4.2,20.9,17.0,False,0.0,True,1.4000000000000001,False,0.0,False,0.0,False,0.0,False,0.0,False,0.0,1-2人気,2-5倍
202508031106,2025,3.0,5.0,2.0,5.8,10.5,3.6,False,0.0,False,0.0,False,0.0,False,0.0,False,0.0,False,0.0,False,0.0,3-5人気,5-10倍
202508031107,2025,8.0,6.0,4.0,15.0,10.5,6.1,False,0.0,False,0.0,False,0.0,False,0.0,False,0.0,False,0.0,False,0.0,6-10人気,10-20倍
202508031108,2025,8.0,2.0,7.0,50.5,3.6,27.2,False,0.0,False,0.0,False,0.0,False,0.0,False,0.0,False,0.0,False,0.0,6-10人気,50倍以上
202508031109,2025,1.0,10.0,9.0,3.0,37.4,36.6,True,3.0,True,1.0,False,0.0,False,0.0,False,0.0,False,0.0,False,0.0,1-2人気,2-5倍
202508031110,2025,3.0,2.0,8.0,5.3,4.9,16.6,False,0.0,False,0.0,False,0.0,False,0.0,False,0.0,False,0.0,False,0.0,3-5人気,5-10倍
202508031111,2025,7.0,2.0,4.0,14.9,5.1,6.4,False,0.0,False,0.0,False,0.0,False,0.0,False,0.0,False,0.0,False,0.0,6-10人気,10-20倍
202508031112,2025,3.0,4.0,5.0,5.7,7.2,7.9,False,0.0,False,0.0,False,0.0,False,0.0,False,0.0,False,0.0,False,0.0,3-5人気,5-10倍
202508040101,2025,1.0,4.0,2.0,2.3,7.2,5.5,True,2.3,True,0.7666666666666666,True,3.1666666666666665,True,1.656,True,3.312,True,3.036,True,9.108,1-2人気,2-5倍
202508040102,2025,1.0,8.0,2.0,3.8,21.3,4.2,False,0.0,False,0.0,False,0.0,False,0.0,False,0.0,False,0.0,False,0.0,1-2人気,2-5倍
202508040103,2025,3.0,4.0,2.0,3.9,5.8,3.5,False,0.0,True,1.3,False,0.0,False,0.0,False,0.0,False,0.0,False,0.0,3-5人気,2-5倍
202508040104,2025,1.0,3.0,4.0,1.8,3.8,25.3,True,1.8,True,0.6,True,1.8666666666666665,False,0.0,False,0.0,False,0.0,False,0.0,1-2人気,1-2倍
202508040105,2025,1.0,5.0,4.0,2.4,10.6,6.0,True,2.4,True,0.7999999999999999,False,0.0,False,0.0,False,0.0,False,0.0,False,0.0,1-2人気,2-5倍
202508040106,2025,1.0,2.0,3.0,2.1,4.0,6.5,False,0.0,False,0.0,False,0.0,False,0.0,False,0.0,False,0.0,False,0.0,1-2人気,2-5倍
202508040107,2025,1.0,2.0,3.0,2.1,3.0,5.2,False,0.0,True,0.7000000000000001,False,0.0,False,0.0,False,0.0,False,0.0,False,0.0,1-2人気,2-5倍
202508040108,2025,3.0,2.0,8.0,7.7,3.8,89.1,False,0.0,False,0.0,False,0.0,False,0.0,False,0.0,False,0.0,False,0.0,3-5人気,5-10倍
202508040109,2025,6.0,1.0,2.0,20.0,3.0,3.7,False,0.0,False,0.0,False,0.0,False,0.0,False,0.0,False,0.0,False,0.0,6-10人気,10-20倍
202508040110,2025,2.0,1.0,3.0,3.6,3.4,3.9,False,0.0,False,0.0,False,0.0,False,0.0,False,0.0,False,0.0,False,0.0,1-2人気,2-5倍
202508040111,2025,6.0,1.0,2.0,14.4,2.7,6.4,False,0.0,False,0.0,False,0.0,False,0.0,False,0.0,False,0.0,False,0.0,6-10人気,10-20倍
202508040112,2025,1.0,8.0,5.0,2.4,34.3,12.9,False,0.0,True,0.7999999999999999,True,12.233333333333333,False,0.0,False,0.0,True,35.3976,False,0.0,1-2人気,2-5倍
202508040201,2025,4.0,3.0,1.0,10.7,5.0,2.4,True,10.7,True,3.5666666666666664,False,0.0,False,0.0,False,0.0,False,0.0,False,0.0,3-5人気,10-20倍
202508040202,2025,1.0,2.0,3.0,2.2,3.1,5.7,True,2.2,True,0.7333333333333334,True,1.7666666666666668,True,0.6820000000000002,True,1.3640000000000003,False,0.0,False,0.0,1-2人気,2-5倍
202508040203,2025,2.0,3.0,5.0,4.0,5.4,13.8,False,0.0,False,0.0,False,0.0,False,0.0,False,0.0,False,0.0,False,0.0,1-2人気,2-5倍
202508040204,2025,1.0,9.0,6.0,2.2,30.6,15.9,False,0.0,True,0.7333333333333334,False,0.0,False,0.0,False,0.0,False,0.0,False,0.0,1-2人気,2-5倍
202508040205,2025,1.0,3.0,2.0,1.7,7.6,2.9,False,0.0,True,0.5666666666666667,True,3.0999999999999996,False,0.0,False,0.0,True,1.2489333333333332,False,0.0,1-2人気,1-2倍
202508040206,2025,1.0,2.0,10.0,1.6,7.1,52.6,False,0.0,True,0.5333333333333333,False,0.0,False,0.0,False,0.0,False,0.0,False,0.0,1-2人気,1-2倍
202508040207,2025,1.0,2.0,7.0,1.7,3.2,95.4,False,0.0,True,0.5666666666666667,False,0.0,False,0.0,False,0.0,False,0.0,False,0.0,1-2人気,1-2倍
202508040208,2025,4.0,8.0,10.0,9.2,24.9,32.8,False,0.0,False,0.0,False,0.0,False,0.0,False,0.0,False,0.0,False,0.0,3-5人気,5-10倍
202508040209,2025,1.0,2.0,4.0,1.9,3.5,8.6,True,1.9,True,0.6333333333333333,True,1.8,True,0.6649999999999999,True,1.3299999999999998,False,0.0,False,0.0,1-2人気,1-2倍
202508040210,2025,2.0,1.0,9.0,2.8,2.1,42.8,False,0.0,False,0.0,False,0.0,False,0.0,False,0.0,False,0.0,False,0.0,1-2人気,2-5倍
202508040211,2025,7.0,9.0,1.0,19.6,22.3,3.1,False,0.0,True,6.533333333333334,False,0.0,False,0.0,False,0.0,False,0.0,False,0.0,6-10人気,10-20倍
202508040212,2025,6.0,2.0,4.0,10.2,6.1,8.2,False,0.0,False,0.0,False,0.0,False,0.0,False,0.0,False,0.0,False,0.0,6-10人気,10-20倍
202508040301,2025,1.0,2.0,5.0,3.3,3.6,12.6,True,3.3,True,1.0999999999999999,False,0.0,False,0.0,False,0.0,False,0.0,False,0.0,1-2人気,2-5倍
202508040302,2025,1.0,2.0,3.0,1.2,5.5,12.2,True,1.2,True,0.39999999999999997,False,0.0,False,0.0,False,0.0,False,0.0,False,0.0,1-2人気,1-2倍
202508040303,2025,2.0,3.0,1.0,3.7,4.7,2.4,False,0.0,False,0.0,False,0.0,False,0.0,False,0.0,False,0.0,False,0.0,1-2人気,2-5倍
202508040304,2025,3.0,1.0,4.0,5.9,1.9,7.2,False,0.0,False,0.0,False,0.0,False,0.0,False,0.0,False,0.0,False,0.0,3-5人気,5-10倍
202508040305,2025,4.0,2.0,6.0,7.5,3.8,10.2,False,0.0,False,0.0,False,0.0,False,0.0,False,0.0,False,0.0,False,0.0,3-5人気,5-10倍
202508040306,2025,1.0,7.0,3.0,1.7,23.1,8.5,True,1.7,True,0.5666666666666667,False,0.0,False,0.0,False,0.0,False,0.0,False,0.0,1-2人気,1-2倍
202508040307,2025,1.0,2.0,3.0,2.7,4.2,6.5,False,0.0,True,0.9,True,2.3000000000000003,True,1.1340000000000001,False,0.0,False,0.0,False,0.0,1-2人気,2-5倍
202508040308,2025,1.0,7.0,4.0,2.2,34.0,7.9,False,0.0,True,0.7333333333333334,False,0.0,False,0.0,False,0.0,False,0.0,False,0.0,1-2人気,2-5倍
202508040309,2025,1.0,5.0,6.0,1.9,17.8,18.1,False,0.0,True,0.6333333333333333,False,0.0,False,0.0,False,0.0,False,0.0,False,0.0,1-2人気,1-2倍
202508040310,2025,3.0,8.0,7.0,6.8,19.5,18.6,False,0.0,False,0.0,False,0.0,False,0.0,False,0.0,False,0.0,False,0.0,3-5人気,5-10倍
202508040311,2025,2.0,8.0,7.0,2.6,37.2,34.0,False,0.0,True,0.8666666666666667,False,0.0,False,0.0,False,0.0,False,0.0,False,0.0,1-2人気,2-5倍
202508040312,2025,3.0,1.0,10.0,4.7,3.3,23.5,True,4.7,True,1.5666666666666667,False,0.0,False,0.0,False,0.0,False,0.0,False,0.0,3-5人気,2-5倍
202508040401,2025,2.0,1.0,3.0,4.2,2.3,4.6,False,0.0,True,1.4000000000000001,False,0.0,False,0.0,False,0.0,False,0.0,False,0.0,1-2人気,2-5倍
202508040402,2025,3.0,1.0,10.0,5.5,2.6,36.4,False,0.0,False,0.0,False,0.0,False,0.0,False,0.0,False,0.0,False,0.0,3-5人気,5-10倍
202508040403,2025,2.0,1.0,5.0,5.8,1.4,18.8,True,5.8,True,1.9333333333333333,True,2.4,True,0.8119999999999999,True,1.6239999999999999,True,5.0885333333333325,True,15.265599999999997,1-2人気,5-10倍
202508040404,2025,1.0,3.0,2.0,2.5,4.2,3.8,False,0.0,True,0.8333333333333334,False,0.0,False,0.0,False,0.0,False,0.0,False,0.0,1-2人気,2-5倍
202508040405,2025,5.0,3.0,2.0,13.3,7.3,2.5,False,0.0,True,4.433333333333334,False,0.0,False,0.0,False,0.0,False,0.0,False,0.0,3-5人気,10-20倍
202508040406,2025,3.0,2.0,1.0,6.3,2.4,2.2,False,0.0,False,0.0,False,0.0,False,0.0,False,0.0,False,0.0,False,0.0,3-5人気,5-10倍
202508040407,2025,1.0,6.0,9.0,1.8,37.8,76.4,True,1.8,True,0.6,False,0.0,False,0.0,False,0.0,False,0.0,False,0.0,1-2人気,1-2倍
202508040408,2025,6.0,1.0,4.0,12.4,1.9,8.1,False,0.0,False,0.0,False,0.0,False,0.0,False,0.0,False,0.0,False,0.0,6-10人気,10-20倍
202508040409,2025,1.0,3.0,4.0,1.8,5.3,7.5,False,0.0,False,0.0,False,0.0,False,0.0,False,0.0,False,0.0,False,0.0,1-2人気,1-2倍
202508040410,2025,7.0,1.0,3.0,12.2,3.8,5.9,False,0.0,False,0.0,False,0.0,False,0.0,False,0.0,False,0.0,False,0.0,6-10人気,10-20倍
202508040411,2025,7.0,3.0,9.0,26.5,6.2,32.7,False,0.0,False,0.0,False,0.0,False,0.0,False,0.0,False,0.0,False,0.0,6-10人気,20-50倍
202508040412,2025,5.0,3.0,2.0,10.3,5.7,4.0,False,0.0,False,0.0,False,0.0,False,0.0,False,0.0,False,0.0,False,0.0,3-5人気,10-20倍
202508040501,2025,2.0,4.0,3.0,3.2,12.5,3.3,False,0.0,True,1.0666666666666667,False,0.0,False,0.0,False,0.0,False,0.0,False,0.0,1-2人気,2-5倍
202508040502,2025,1.0,2.0,3.0,1.1,7.5,23.5,True,1.1,True,0.3666666666666667,True,2.8666666666666667,True,0.825,True,1.65,False,0.0,False,0.0,1-2人気,1-2倍
202508040503,2025,1.0,3.0,6.0,2.1,4.9,25.3,False,0.0,False,0.0,False,0.0,False,0.0,False,0.0,False,0.0,False,0.0,1-2人気,2-5倍
202508040504,2025,1.0,4.0,2.0,1.8,11.7,3.1,False,0.0,True,0.6,True,4.5,False,0.0,False,0.0,False,0.0,False,0.0,1-2人気,1-2倍
202508040505,2025,1.0,6.0,3.0,2.2,17.7,6.2,True,2.2,True,0.7333333333333334,False,0.0,False,0.0,False,0.0,False,0.0,False,0.0,1-2人気,2-5倍
202508040506,2025,3.0,9.0,2.0,5.8,23.0,5.0,False,0.0,False,0.0,False,0.0,False,0.0,False,0.0,False,0.0,False,0.0,3-5人気,5-10倍
202508040507,2025,1.0,6.0,5.0,1.5,18.8,16.6,True,1.5,True,0.5,False,0.0,False,0.0,False,0.0,False,0.0,False,0.0,1-2人気,1-2倍
202508040508,2025,1.0,2.0,7.0,3.0,3.8,18.7,False,0.0,False,0.0,False,0.0,False,0.0,False,0.0,False,0.0,False,0.0,1-2人気,2-5倍
202508040509,2025,1.0,2.0,5.0,2.2,3.9,17.3,False,0.0,True,0.7333333333333334,True,2.033333333333333,False,0.0,False,0.0,False,0.0,False,0.0,1-2人気,2-5倍
202508040510,2025,10.0,1.0,11.0,37.4,2.1,52.8,False,0.0,False,0.0,False,0.0,False,0.0,False,0.0,False,0.0,False,0.0,6-10人気,20-50倍
202508040511,2025,5.0,7.0,2.0,13.4,17.2,7.0,False,0.0,False,0.0,False,0.0,False,0.0,False,0.0,False,0.0,False,0.0,3-5人気,10-20倍
202508040512,2025,7.0,2.0,8.0,19.4,2.8,30.6,False,0.0,False,0.0,False,0.0,False,0.0,False,0.0,False,0.0,False,0.0,6-10人気,10-20倍
202508040601,2025,1.0,2.0,3.0,2.6,3.6,3.9,True,2.6,True,0.8666666666666667,False,0.0,False,0.0,False,0.0,False,0.0,False,0.0,1-2人気,2-5倍
202508040602,2025,2.0,6.0,4.0,4.1,9.0,7.9,True,4.1,True,1.3666666666666665,False,0.0,False,0.0,False,0.0,False,0.0,False,0.0,1-2人気,2-5倍
202508040603,2025,3.0,1.0,2.0,7.4,1.9,3.4,False,0.0,True,2.466666666666667,False,0.0,False,0.0,False,0.0,False,0.0,False,0.0,3-5人気,5-10倍
202508040604,2025,2.0,3.0,1.0,3.2,4.8,3.0,True,3.2,True,1.0666666666666667,False,0.0,False,0.0,False,0.0,False,0.0,False,0.0,1-2人気,2-5倍
202508040605,2025,7.0,3.0,1.0,20.0,7.5,1.5,False,0.0,False,0.0,False,0.0,False,0.0,False,0.0,False,0.0,False,0.0,6-10人気,10-20倍
202508040606,2025,4.0,3.0,6.0,8.1,7.2,17.6,False,0.0,False,0.0,False,0.0,False,0.0,False,0.0,False,0.0,False,0.0,3-5人気,5-10倍
202508040607,2025,1.0,5.0,2.0,2.0,14.9,4.8,False,0.0,True,0.6666666666666666,True,5.633333333333333,False,0.0,False,0.0,False,0.0,False,0.0,1-2人気,1-2倍
202508040608,2025,5.0,1.0,2.0,14.1,1.7,4.3,False,0.0,False,0.0,False,0.0,False,0.0,False,0.0,False,0.0,False,0.0,3-5人気,10-20倍
202508040609,2025,1.0,3.0,2.0,1.7,7.4,4.1,False,0.0,True,0.5666666666666667,False,0.0,False,0.0,False,0.0,False,0.0,False,0.0,1-2人気,1-2倍
202508040610,2025,7.0,6.0,4.0,14.5,10.1,6.7,False,0.0,True,4.833333333333333,False,0.0,False,0.0,False,0.0,False,0.0,False,0.0,6-10人気,10-20倍
202508040611,2025,5.0,1.0,3.0,19.3,1.8,7.5,False,0.0,False,0.0,False,0.0,False,0.0,False,0.0,False,0.0,False,0.0,3-5人気,10-20倍
202508040612,2025,1.0,9.0,4.0,2.5,24.4,9.9,False,0.0,False,0.0,False,0.0,False,0.0,False,0.0,False,0.0,False,0.0,1-2人気,2-5倍
202508040701,2025,1.0,5.0,4.0,2.9,9.0,8.0,True,2.9,True,0.9666666666666667,False,0.0,False,0.0,False,0.0,False,0.0,False,0.0,1-2人気,2-5倍
202508040702,2025,1.0,3.0,5.0,2.6,4.3,8.8,False,0.0,True,0.8666666666666667,True,2.3000000000000003,False,0.0,False,0.0,False,0.0,False,0.0,1-2人気,2-5倍
202508040703,2025,2.0,3.0,8.0,3.3,6.0,30.8,False,0.0,False,0.0,False,0.0,False,0.0,False,0.0,False,0.0,False,0.0,1-2人気,2-5倍
202508040704,2025,4.0,2.0,5.0,6.2,3.6,10.5,False,0.0,True,2.066666666666667,False,0.0,False,0.0,False,0.0,False,0.0,False,0.0,3-5人気,5-10倍
202508040705,2025,1.0,7.0,5.0,2.7,18.2,14.0,False,0.0,False,0.0,False,0.0,False,0.0,False,0.0,False,0.0,False,0.0,1-2人気,2-5倍
202508040706,2025,1.0,2.0,3.0,1.8,3.0,7.8,True,1.8,True,0.6,False,0.0,False,0.0,False,0.0,False,0.0,False,0.0,1-2人気,1-2倍
202508040707,2025,6.0,10.0,12.0,13.5,26.0,61.6,False,0.0,False,0.0,False,0.0,False,0.0,False,0.0,False,0.0,False,0.0,6-10人気,10-20倍
202508040708,2025,1.0,3.0,2.0,3.2,4.2,4.0,False,0.0,True,1.0666666666666667,False,0.0,False,0.0,False,0.0,False,0.0,False,0.0,1-2人気,2-5倍
202508040709,2025,6.0,1.0,5.0,13.1,1.9,11.3,False,0.0,False,0.0,False,0.0,False,0.0,False,0.0,False,0.0,False,0.0,6-10人気,10-20倍
202508040710,2025,1.0,5.0,3.0,2.9,8.5,6.1,False,0.0,True,0.9666666666666667,False,0.0,False,0.0,False,0.0,False,0.0,False,0.0,1-2人気,2-5倍
202508040711,2025,1.0,7.0,6.0,2.2,23.5,11.8,False,0.0,False,0.0,False,0.0,False,0.0,False,0.0,False,0.0,False,0.0,1-2人気,2-5倍
202508040712,2025,1.0,9.0,3.0,1.7,88.8,7.7,True,1.7,True,0.5666666666666667,False,0.0,False,0.0,False,0.0,False,0.0,False,0.0,1-2人気,1-2倍
202508040801,2025,1.0,5.0,3.0,2.5,15.6,5.3,False,0.0,False,0.0,False,0.0,False,0.0,False,0.0,False,0.0,False,0.0,1-2人気,2-5倍
202508040802,2025,1.0,2.0,3.0,1.8,2.5,15.5,False,0.0,True,0.6,True,1.4333333333333333,True,0.45,False,0.0,False,0.0,False,0.0,1-2人気,1-2倍
202508040803,2025,1.0,9.0,4.0,3.2,38.0,9.0,False,0.0,False,0.0,False,0.0,False,0.0,False,0.0,False,0.0,False,0.0,1-2人気,2-5倍
202508040804,2025,6.0,2.0,1.0,12.7,5.0,2.0,False,0.0,False,0.0,False,0.0,False,0.0,False,0.0,False,0.0,False,0.0,6-10人気,10-20倍
202508040805,2025,2.0,1.0,7.0,2.5,2.3,23.3,False,0.0,True,0.8333333333333334,True,1.5999999999999999,False,0.0,False,0.0,False,0.0,False,0.0,1-2人気,2-5倍
202508040806,2025,4.0,3.0,2.0,6.6,5.5,5.2,False,0.0,False,0.0,False,0.0,False,0.0,False,0.0,False,0.0,False,0.0,3-5人気,5-10倍
202508040807,2025,3.0,5.0,2.0,6.3,12.3,4.6,True,6.3,True,2.1,True,6.2,True,7.7490000000000006,True,15.498000000000001,False,0.0,False,0.0,3-5人気,5-10倍
202508040808,2025,1.0,2.0,4.0,2.3,2.6,17.6,False,0.0,False,0.0,False,0.0,False,0.0,False,0.0,False,0.0,False,0.0,1-2人気,2-5倍
202508040809,2025,1.0,3.0,6.0,2.8,4.0,22.6,False,0.0,False,0.0,False,0.0,False,0.0,False,0.0,False,0.0,False,0.0,1-2人気,2-5倍
202508040810,2025,1.0,7.0,2.0,3.7,13.2,4.5,False,0.0,False,0.0,False,0.0,False,0.0,False,0.0,False,0.0,False,0.0,1-2人気,2-5倍
202508040811,2025,3.0,2.0,6.0,7.9,4.3,18.4,False,0.0,False,0.0,False,0.0,False,0.0,False,0.0,False,0.0,False,0.0,3-5人気,5-10倍
202508040812,2025,2.0,13.0,3.0,5.1,57.3,7.5,False,0.0,False,0.0,False,0.0,False,0.0,False,0.0,False,0.0,False,0.0,1-2人気,5-10倍
202509010101,2025,5.0,6.0,10.0,10.9,15.7,54.1,True,10.9,True,3.6333333333333333,True,8.866666666666667,True,17.113,True,34.226,False,0.0,False,0.0,3-5人気,10-20倍
202509010102,2025,1.0,8.0,2.0,2.2,36.7,2.5,True,2.2,True,0.7333333333333334,False,0.0,False,0.0,False,0.0,False,0.0,False,0.0,1-2人気,2-5倍
202509010103,2025,1.0,2.0,3.0,2.0,4.7,6.2,False,0.0,True,0.6666666666666666,True,2.2333333333333334,True,0.9400000000000001,False,0.0,False,0.0,False,0.0,1-2人気,1-2倍
202509010104,2025,3.0,2.0,1.0,5.9,3.9,2.4,False,0.0,False,0.0,False,0.0,False,0.0,False,0.0,False,0.0,False,0.0,3-5人気,5-10倍
202509010105,2025,5.0,3.0,7.0,13.1,4.6,17.1,False,0.0,True,4.366666666666666,False,0.0,False,0.0,False,0.0,False,0.0,False,0.0,3-5人気,10-20倍
202509010106,2025,5.0,6.0,2.0,15.9,21.2,3.0,False,0.0,False,0.0,False,0.0,False,0.0,False,0.0,False,0.0,False,0.0,3-5人気,10-20倍
202509010107,2025,7.0,3.0,5.0,15.3,5.3,10.5,False,0.0,False,0.0,False,0.0,False,0.0,False,0.0,False,0.0,False,0.0,6-10人気,10-20倍
202509010108,2025,4.0,1.0,6.0,6.8,2.2,16.5,False,0.0,False,0.0,False,0.0,False,0.0,False,0.0,False,0.0,False,0.0,3-5人気,5-10倍
202509010109,2025,1.0,4.0,3.0,2.8,5.2,4.5,False,0.0,True,0.9333333333333332,True,2.6666666666666665,False,0.0,False,0.0,True,2.1839999999999997,False,0.0,1-2人気,2-5倍
202509010110,2025,5.0,3.0,2.0,13.7,6.7,2.7,False,0.0,True,4.566666666666666,False,0.0,False,0.0,False,0.0,False,0.0,False,0.0,3-5人気,10-20倍
202509010111,2025,9.0,5.0,3.0,31.0,10.4,5.3,True,31.0,True,10.333333333333334,False,0.0,False,0.0,False,0.0,False,0.0,False,0.0,6-10人気,20-50倍
202509010112,2025,6.0,5.0,11.0,8.2,6.8,53.7,False,0.0,True,2.733333333333333,False,0.0,False,0.0,False,0.0,False,0.0,False,0.0,6-10人気,5-10倍
202509010201,2025,3.0,2.0,1.0,3.3,3.2,2.4,True,3.3,True,1.0999999999999999,False,0.0,False,0.0,False,0.0,False,0.0,False,0.0,3-5人気,2-5倍
202509010202,2025,2.0,1.0,8.0,3.2,3.0,37.0,False,0.0,True,1.0666666666666667,False,0.0,False,0.0,False,0.0,False,0.0,False,0.0,1-2人気,2-5倍
202509010203,2025,2.0,1.0,3.0,4.9,1.9,5.1,False,0.0,True,1.6333333333333335,True,2.266666666666667,True,0.931,False,0.0,True,1.5827,False,0.0,1-2人気,2-5倍
202509010204,2025,1.0,4.0,8.0,2.3,11.5,21.8,False,0.0,False,0.0,False,0.0,False,0.0,False,0.0,False,0.0,False,0.0,1-2人気,2-5倍
202509010205,2025,2.0,3.0,8.0,5.8,6.5,23.2,False,0.0,False,0.0,False,0.0,False,0.0,False,0.0,False,0.0,False,0.0,1-2人気,5-10倍
202509010206,2025,5.0,2.0,6.0,6.2,5.6,7.5,False,0.0,True,2.066666666666667,False,0.0,False,0.0,False,0.0,False,0.0,False,0.0,3-5人気,5-10倍
202509010207,2025,5.0,1.0,2.0,12.7,1.8,5.3,False,0.0,False,0.0,False,0.0,False,0.0,False,0.0,False,0.0,False,0.0,3-5人気,10-20倍
202509010208,2025,2.0,3.0,5.0,3.0,5.2,17.9,False,0.0,False,0.0,False,0.0,False,0.0,False,0.0,False,0.0,False,0.0,1-2人気,2-5倍
202509010209,2025,5.0,3.0,4.0,31.0,4.4,9.2,False,0.0,True,10.333333333333334,False,0.0,False,0.0,False,0.0,False,0.0,False,0.0,3-5人気,20-50倍
202509010210,2025,3.0,2.0,7.0,12.9,3.5,36.9,False,0.0,True,4.3,True,5.466666666666666,False,0.0,False,0.0,False,0.0,False,0.0,3-5人気,10-20倍
202509010211,2025,6.0,8.0,4.0,15.0,19.6,6.3,False,0.0,False,0.0,False,0.0,False,0.0,False,0.0,False,0.0,False,0.0,6-10人気,10-20倍
202509010212,2025,9.0,4.0,8.0,25.0,5.7,18.7,False,0.0,False,0.0,False,0.0,False,0.0,False,0.0,False,0.0,False,0.0,6-10人気,20-50倍
202509010301,2025,5.0,14.0,3.0,8.3,91.7,7.1,False,0.0,False,0.0,False,0.0,False,0.0,False,0.0,False,0.0,False,0.0,3-5人気,5-10倍
202509010302,2025,2.0,1.0,9.0,3.4,2.4,40.7,True,3.4,True,1.1333333333333333,True,1.9333333333333333,True,0.8160000000000001,True,1.6320000000000001,False,0.0,False,0.0,1-2人気,2-5倍
202509010303,2025,2.0,1.0,6.0,3.2,1.6,24.4,False,0.0,False,0.0,False,0.0,False,0.0,False,0.0,False,0.0,False,0.0,1-2人気,2-5倍
202509010304,2025,1.0,4.0,3.0,2.6,6.8,6.6,True,2.6,True,0.8666666666666667,True,3.1333333333333333,True,1.768,True,3.536,False,0.0,False,0.0,1-2人気,2-5倍
202509010305,2025,2.0,4.0,1.0,3.1,14.1,2.2,True,3.1,True,1.0333333333333334,False,0.0,False,0.0,False,0.0,False,0.0,False,0.0,1-2人気,2-5倍
202509010306,2025,1.0,2.0,4.0,2.0,4.1,5.2,True,2.0,True,0.6666666666666666,True,2.033333333333333,False,0.0,False,0.0,True,1.4213333333333333,False,0.0,1-2人気,1-2倍
202509010307,2025,1.0,5.0,4.0,2.8,9.4,7.4,False,0.0,False,0.0,False,0.0,False,0.0,False,0.0,False,0.0,False,0.0,1-2人気,2-5倍
202509010308,2025,1.0,2.0,5.0,3.0,3.6,11.7,False,0.0,False,0.0,False,0.0,False,0.0,False,0.0,False,0.0,False,0.0,1-2人気,2-5倍
202509010309,2025,1.0,4.0,7.0,2.0,9.3,26.3,False,0.0,True,0.6666666666666666,True,3.766666666666667,False,0.0,False,0.0,False,0.0,False,0.0,1-2人気,1-2倍
202509010310,2025,5.0,4.0,2.0,20.4,6.1,4.4,False,0.0,False,0.0,False,0.0,False,0.0,False,0.0,False,0.0,False,0.0,3-5人気,20-50倍
202509010311,2025,7.0,2.0,11.0,9.7,6.0,36.7,False,0.0,True,3.233333333333333,False,0.0,False,0.0,False,0.0,False,0.0,False,0.0,6-10人気,5-10倍
202509010312,2025,5.0,1.0,2.0,13.1,2.5,3.7,False,0.0,False,0.0,False,0.0,False,0.0,False,0.0,False,0.0,False,0.0,3-5人気,10-20倍
202509010401,2025,4.0,2.0,5.0,5.0,4.3,12.6,False,0.0,True,1.6666666666666667,False,0.0,False,0.0,False,0.0,False,0.0,False,0.0,3-5人気,2-5倍
202509010402,2025,3.0,2.0,1.0,6.6,4.3,2.4,False,0.0,False,0.0,False,0.0,False,0.0,False,0.0,False,0.0,False,0.0,3-5人気,5-10倍
202509010403,2025,2.0,6.0,1.0,2.2,26.7,1.9,False,0.0,True,0.7333333333333334,False,0.0,False,0.0,False,0.0,False,0.0,False,0.0,1-2人気,2-5倍
202509010404,2025,6.0,7.0,4.0,12.1,15.7,6.8,False,0.0,False,0.0,False,0.0,False,0.0,False,0.0,False,0.0,False,0.0,6-10人気,10-20倍
202509010405,2025,5.0,4.0,10.0,6.4,5.3,50.1,False,0.0,True,2.1333333333333333,False,0.0,False,0.0,False,0.0,False,0.0,False,0.0,3-5人気,5-10倍
202509010406,2025,6.0,4.0,1.0,24.6,18.4,1.2,False,0.0,False,0.0,False,0.0,False,0.0,False,0.0,False,0.0,False,0.0,6-10人気,20-50倍
202509010407,2025,1.0,2.0,7.0,2.6,3.7,36.7,False,0.0,False,0.0,False,0.0,False,0.0,False,0.0,False,0.0,False,0.0,1-2人気,2-5倍
202509010408,2025,3.0,4.0,6.0,6.5,7.3,9.2,False,0.0,False,0.0,False,0.0,False,0.0,False,0.0,False,0.0,False,0.0,3-5人気,5-10倍
202509010409,2025,2.0,5.0,1.0,3.8,7.2,2.9,False,0.0,False,0.0,False,0.0,False,0.0,False,0.0,False,0.0,False,0.0,1-2人気,2-5倍
202509010410,2025,2.0,5.0,8.0,2.9,13.3,33.4,False,0.0,True,0.9666666666666667,True,5.3999999999999995,False,0.0,False,0.0,False,0.0,False,0.0,1-2人気,2-5倍
202509010411,2025,3.0,5.0,4.0,4.3,9.5,6.9,True,4.3,True,1.4333333333333333,False,0.0,False,0.0,False,0.0,False,0.0,False,0.0,3-5人気,2-5倍
202509010412,2025,5.0,2.0,1.0,11.0,3.4,3.3,True,11.0,True,3.6666666666666665,True,4.8,False,0.0,False,0.0,True,4.114,False,0.0,3-5人気,10-20倍
202509010501,2025,2.0,1.0,3.0,3.2,2.2,4.1,False,0.0,False,0.0,False,0.0,False,0.0,False,0.0,False,0.0,False,0.0,1-2人気,2-5倍
202509010502,2025,9.0,11.0,4.0,15.0,19.1,7.5,False,0.0,False,0.0,False,0.0,False,0.0,False,0.0,False,0.0,False,0.0,6-10人気,10-20倍
202509010503,2025,2.0,1.0,3.0,4.2,2.2,5.4,False,0.0,False,0.0,False,0.0,False,0.0,False,0.0,False,0.0,False,0.0,1-2人気,2-5倍
202509010504,2025,2.0,4.0,6.0,5.8,7.8,9.4,False,0.0,False,0.0,False,0.0,False,0.0,False,0.0,False,0.0,False,0.0,1-2人気,5-10倍
202509010505,2025,1.0,2.0,9.0,2.6,3.9,27.9,True,2.6,True,0.8666666666666667,False,0.0,False,0.0,False,0.0,False,0.0,False,0.0,1-2人気,2-5倍
202509010506,2025,1.0,3.0,14.0,2.1,5.0,217.3,False,0.0,False,0.0,False,0.0,False,0.0,False,0.0,False,0.0,False,0.0,1-2人気,2-5倍
202509010507,2025,8.0,1.0,6.0,32.1,2.8,25.9,False,0.0,False,0.0,False,0.0,False,0.0,False,0.0,False,0.0,False,0.0,6-10人気,20-50倍
202509010508,2025,3.0,1.0,4.0,4.8,2.3,13.9,False,0.0,True,1.5999999999999999,True,2.3666666666666667,False,0.0,False,0.0,True,5.1152,False,0.0,3-5人気,2-5倍
202509010509,2025,1.0,4.0,8.0,3.9,5.3,33.1,False,0.0,False,0.0,False,0.0,False,0.0,False,0.0,False,0.0,False,0.0,1-2人気,2-5倍
202509010510,2025,5.0,10.0,11.0,12.2,59.6,72.8,False,0.0,False,0.0,False,0.0,False,0.0,False,0.0,False,0.0,False,0.0,3-5人気,10-20倍
202509010511,2025,2.0,1.0,6.0,5.1,2.2,13.5,False,0.0,False,0.0,False,0.0,False,0.0,False,0.0,False,0.0,False,0.0,1-2人気,5-10倍
202509010512,2025,3.0,1.0,2.0,4.7,2.5,2.9,False,0.0,False,0.0,False,0.0,False,0.0,False,0.0,False,0.0,False,0.0,3-5人気,2-5倍
202509010601,2025,1.0,6.0,4.0,1.6,19.3,13.2,True,1.6,True,0.5333333333333333,False,0.0,False,0.0,False,0.0,False,0.0,False,0.0,1-2人気,1-2倍
202509010602,2025,1.0,4.0,3.0,1.7,6.2,5.6,True,1.7,True,0.5666666666666667,True,2.6333333333333333,False,0.0,False,0.0,True,1.9674666666666665,False,0.0,1-2人気,1-2倍
202509010603,2025,1.0,5.0,2.0,2.2,11.4,4.4,False,0.0,False,0.0,False,0.0,False,0.0,False,0.0,False,0.0,False,0.0,1-2人気,2-5倍
202509010604,2025,1.0,4.0,9.0,1.7,12.3,75.7,False,0.0,True,0.5666666666666667,False,0.0,False,0.0,False,0.0,False,0.0,False,0.0,1-2人気,1-2倍
202509010605,2025,1.0,2.0,6.0,2.1,5.0,15.8,False,0.0,False,0.0,False,0.0,False,0.0,False,0.0,False,0.0,False,0.0,1-2人気,2-5倍
202509010606,2025,2.0,3.0,4.0,4.1,4.5,7.0,False,0.0,True,1.3666666666666665,False,0.0,False,0.0,False,0.0,False,0.0,False,0.0,1-2人気,2-5倍
202509010607,2025,5.0,3.0,6.0,13.1,7.7,21.8,False,0.0,False,0.0,False,0.0,False,0.0,False,0.0,False,0.0,False,0.0,3-5人気,10-20倍
202509010608,2025,3.0,11.0,10.0,4.4,128.5,77.4,False,0.0,False,0.0,False,0.0,False,0.0,False,0.0,False,0.0,False,0.0,3-5人気,2-5倍
202509010609,2025,1.0,7.0,8.0,2.5,19.6,60.5,False,0.0,False,0.0,False,0.0,False,0.0,False,0.0,False,0.0,False,0.0,1-2人気,2-5倍
202509010610,2025,4.0,7.0,13.0,8.8,19.6,40.1,False,0.0,True,2.9333333333333336,False,0.0,False,0.0,False,0.0,False,0.0,False,0.0,3-5人気,5-10倍
202509010611,2025,4.0,1.0,7.0,11.9,2.9,16.8,False,0.0,False,0.0,False,0.0,False,0.0,False,0.0,False,0.0,False,0.0,3-5人気,10-20倍
202509010612,2025,7.0,4.0,2.0,13.7,6.8,4.3,False,0.0,False,0.0,False,0.0,False,0.0,False,0.0,False,0.0,False,0.0,6-10人気,10-20倍
202509010701,2025,3.0,1.0,6.0,7.8,1.7,22.7,False,0.0,True,2.6,True,3.1666666666666665,False,0.0,False,0.0,False,0.0,False,0.0,3-5人気,5-10倍
202509010702,2025,3.0,1.0,4.0,7.3,1.4,20.2,True,7.3,True,2.433333333333333,True,2.9,True,1.0219999999999998,True,2.0439999999999996,False,0.0,False,0.0,3-5人気,5-10倍
202509010703,2025,2.0,1.0,8.0,2.5,2.1,48.4,False,0.0,True,0.8333333333333334,True,1.5333333333333332,True,0.525,False,0.0,False,0.0,False,0.0,1-2人気,2-5倍
202509010704,2025,2.0,1.0,3.0,4.1,2.6,4.3,False,0.0,True,1.3666666666666665,True,2.233333333333333,True,1.066,False,0.0,False,0.0,False,0.0,1-2人気,2-5倍
202509010705,2025,1.0,2.0,4.0,2.9,3.0,9.1,False,0.0,False,0.0,False,0.0,False,0.0,False,0.0,False,0.0,False,0.0,1-2人気,2-5倍
202509010706,2025,1.0,8.0,2.0,2.1,31.8,3.1,False,0.0,True,0.7000000000000001,False,0.0,False,0.0,False,0.0,False,0.0,False,0.0,1-2人気,2-5倍
202509010707,2025,8.0,4.0,9.0,21.4,6.2,24.4,False,0.0,False,0.0,False,0.0,False,0.0,False,0.0,False,0.0,False,0.0,6-10人気,20-50倍
202509010708,2025,1.0,2.0,3.0,2.7,3.0,4.5,True,2.7,True,0.9,False,0.0,False,0.0,False,0.0,False,0.0,False,0.0,1-2人気,2-5倍
202509010709,2025,1.0,5.0,9.0,5.1,8.1,22.3,False,0.0,False,0.0,False,0.0,False,0.0,False,0.0,False,0.0,False,0.0,1-2人気,5-10倍
202509010710,2025,8.0,3.0,4.0,29.9,7.2,11.0,False,0.0,False,0.0,False,0.0,False,0.0,False,0.0,False,0.0,False,0.0,6-10人気,20-50倍
202509010711,2025,3.0,2.0,5.0,7.8,4.0,9.7,False,0.0,False,0.0,False,0.0,False,0.0,False,0.0,False,0.0,False,0.0,3-5人気,5-10倍
202509010712,2025,2.0,6.0,7.0,4.6,11.0,11.5,False,0.0,True,1.5333333333333332,False,0.0,False,0.0,False,0.0,False,0.0,False,0.0,1-2人気,2-5倍
202509010801,2025,2.0,6.0,5.0,3.5,8.9,6.9,False,0.0,False,0.0,False,0.0,False,0.0,False,0.0,False,0.0,False,0.0,1-2人気,2-5倍
202509010802,2025,3.0,4.0,2.0,4.4,5.1,3.9,False,0.0,False,0.0,False,0.0,False,0.0,False,0.0,False,0.0,False,0.0,3-5人気,2-5倍
202509010803,2025,2.0,1.0,5.0,3.6,3.2,6.6,False,0.0,True,1.2,False,0.0,False,0.0,False,0.0,False,0.0,False,0.0,1-2人気,2-5倍
202509010804,2025,1.0,10.0,9.0,3.5,32.7,22.1,False,0.0,False,0.0,False,0.0,False,0.0,False,0.0,False,0.0,False,0.0,1-2人気,2-5倍
202509010805,2025,3.0,2.0,4.0,4.8,4.4,8.3,False,0.0,False,0.0,False,0.0,False,0.0,False,0.0,False,0.0,False,0.0,3-5人気,2-5倍
202509010806,2025,5.0,2.0,8.0,7.3,5.2,15.1,False,0.0,False,0.0,False,0.0,False,0.0,False,0.0,False,0.0,False,0.0,3-5人気,5-10倍
202509010807,2025,4.0,2.0,6.0,9.6,2.5,44.4,False,0.0,False,0.0,False,0.0,False,0.0,False,0.0,False,0.0,False,0.0,3-5人気,5-10倍
202509010808,2025,7.0,3.0,4.0,15.8,5.1,5.2,False,0.0,False,0.0,False,0.0,False,0.0,False,0.0,False,0.0,False,0.0,6-10人気,10-20倍
202509010809,2025,9.0,10.0,7.0,28.0,28.7,12.8,False,0.0,False,0.0,False,0.0,False,0.0,False,0.0,False,0.0,False,0.0,6-10人気,20-50倍
202509010810,2025,3.0,8.0,6.0,9.1,34.3,22.6,False,0.0,True,3.033333333333333,False,0.0,False,0.0,False,0.0,False,0.0,False,0.0,3-5人気,5-10倍
202509010811,2025,6.0,3.0,7.0,8.7,5.4,18.9,False,0.0,False,0.0,False,0.0,False,0.0,False,0.0,False,0.0,False,0.0,6-10人気,5-10倍
202509010812,2025,5.0,6.0,10.0,17.7,17.9,33.3,False,0.0,False,0.0,False,0.0,False,0.0,False,0.0,False,0.0,False,0.0,3-5人気,10-20倍
202509020101,2025,1.0,6.0,3.0,2.7,8.0,6.8,True,2.7,True,0.9,False,0.0,False,0.0,False,0.0,False,0.0,False,0.0,1-2人気,2-5倍
202509020102,2025,2.0,3.0,1.0,3.3,4.0,1.9,False,0.0,False,0.0,False,0.0,False,0.0,False,0.0,False,0.0,False,0.0,1-2人気,2-5倍
202509020103,2025,6.0,7.0,2.0,12.1,13.1,3.7,False,0.0,False,0.0,False,0.0,False,0.0,False,0.0,False,0.0,False,0.0,6-10人気,10-20倍
202509020104,2025,1.0,6.0,2.0,3.3,17.5,3.6,False,0.0,False,0.0,False,0.0,False,0.0,False,0.0,False,0.0,False,0.0,1-2人気,2-5倍
202509020105,2025,1.0,5.0,2.0,2.0,16.5,3.9,False,0.0,True,0.6666666666666666,True,6.166666666666667,False,0.0,False,0.0,False,0.0,False,0.0,1-2人気,1-2倍
202509020106,2025,8.0,5.0,1.0,23.0,10.7,3.3,False,0.0,False,0.0,False,0.0,False,0.0,False,0.0,False,0.0,False,0.0,6-10人気,20-50倍
202509020107,2025,2.0,3.0,6.0,4.2,5.1,14.2,False,0.0,True,1.4000000000000001,False,0.0,False,0.0,False,0.0,False,0.0,False,0.0,1-2人気,2-5倍
202509020108,2025,1.0,3.0,7.0,2.5,5.3,31.0,False,0.0,True,0.8333333333333334,True,2.6,True,1.325,False,0.0,False,0.0,False,0.0,1-2人気,2-5倍
202509020109,2025,2.0,6.0,1.0,4.0,17.1,2.5,False,0.0,False,0.0,False,0.0,False,0.0,False,0.0,False,0.0,False,0.0,1-2人気,2-5倍
202509020110,2025,1.0,3.0,5.0,2.1,5.4,10.6,False,0.0,True,0.7000000000000001,False,0.0,False,0.0,False,0.0,False,0.0,False,0.0,1-2人気,2-5倍
202509020111,2025,9.0,4.0,6.0,138.3,7.9,15.2,False,0.0,False,0.0,False,0.0,False,0.0,False,0.0,False,0.0,False,0.0,6-10人気,50倍以上
202509020112,2025,2.0,1.0,3.0,2.5,2.3,5.5,True,2.5,True,0.8333333333333334,True,1.5999999999999999,False,0.0,False,0.0,False,0.0,False,0.0,1-2人気,2-5倍
202509020201,2025,6.0,4.0,1.0,22.5,16.0,1.4,False,0.0,True,7.5,False,0.0,False,0.0,False,0.0,False,0.0,False,0.0,6-10人気,20-50倍
202509020202,2025,6.0,2.0,1.0,12.0,4.7,3.2,False,0.0,False,0.0,False,0.0,False,0.0,False,0.0,False,0.0,False,0.0,6-10人気,10-20倍
202509020203,2025,1.0,5.0,2.0,1.4,12.6,4.3,True,1.4,True,0.4666666666666666,True,4.666666666666667,False,0.0,False,0.0,False,0.0,False,0.0,1-2人気,1-2倍
202509020204,2025,2.0,1.0,5.0,4.4,1.9,18.6,False,0.0,True,1.4666666666666668,False,0.0,False,0.0,False,0.0,False,0.0,False,0.0,1-2人気,2-5倍
202509020205,2025,8.0,1.0,2.0,31.1,2.3,2.7,False,0.0,False,0.0,False,0.0,False,0.0,False,0.0,False,0.0,False,0.0,6-10人気,20-50倍
202509020206,2025,3.0,1.0,7.0,11.6,1.3,38.6,False,0.0,True,3.8666666666666667,True,4.3,True,1.508,False,0.0,False,0.0,False,0.0,3-5人気,10-20倍
202509020207,2025,1.0,5.0,13.0,3.2,7.3,80.1,False,0.0,False,0.0,False,0.0,False,0.0,False,0.0,False,0.0,False,0.0,1-2人気,2-5倍
202509020208,2025,2.0,5.0,3.0,4.5,22.0,4.9,False,0.0,True,1.5,False,0.0,False,0.0,False,0.0,False,0.0,False,0.0,1-2人気,2-5倍
202509020209,2025,8.0,1.0,2.0,35.5,2.2,3.4,False,0.0,False,0.0,False,0.0,False,0.0,False,0.0,False,0.0,False,0.0,6-10人気,20-50倍
202509020210,2025,5.0,2.0,1.0,17.2,3.8,2.2,True,17.2,True,5.733333333333333,False,0.0,False,0.0,False,0.0,False,0.0,False,0.0,3-5人気,10-20倍
202509020211,2025,1.0,2.0,6.0,2.9,3.3,13.9,False,0.0,False,0.0,False,0.0,False,0.0,False,0.0,False,0.0,False,0.0,1-2人気,2-5倍
202509020212,2025,2.0,8.0,6.0,4.8,17.3,8.6,False,0.0,False,0.0,False,0.0,False,0.0,False,0.0,False,0.0,False,0.0,1-2人気,2-5倍
202509020301,2025,1.0,2.0,10.0,1.3,6.1,82.1,False,0.0,True,0.43333333333333335,False,0.0,False,0.0,False,0.0,False,0.0,False,0.0,1-2人気,1-2倍
202509020302,2025,1.0,4.0,2.0,1.5,17.1,5.4,True,1.5,True,0.5,True,6.2,True,2.5650000000000004,True,5.130000000000001,False,0.0,False,0.0,1-2人気,1-2倍
202509020303,2025,1.0,11.0,4.0,2.7,71.4,7.2,False,0.0,False,0.0,False,0.0,False,0.0,False,0.0,False,0.0,False,0.0,1-2人気,2-5倍
202509020304,2025,1.0,6.0,3.0,3.9,11.3,5.6,False,0.0,True,1.3,False,0.0,False,0.0,False,0.0,False,0.0,False,0.0,1-2人気,2-5倍
202509020305,2025,1.0,2.0,3.0,1.6,6.0,6.4,True,1.6,True,0.5333333333333333,True,2.533333333333333,False,0.0,False,0.0,False,0.0,False,0.0,1-2人気,1-2倍
202509020306,2025,1.0,4.0,3.0,2.8,4.9,4.5,False,0.0,False,0.0,False,0.0,False,0.0,False,0.0,False,0.0,False,0.0,1-2人気,2-5倍
202509020307,2025,4.0,3.0,5.0,9.3,4.2,9.9,False,0.0,False,0.0,False,0.0,False,0.0,False,0.0,False,0.0,False,0.0,3-5人気,5-10倍
202509020308,2025,2.0,3.0,4.0,3.1,5.2,6.5,False,0.0,True,1.0333333333333334,False,0.0,False,0.0,False,0.0,False,0.0,False,0.0,1-2人気,2-5倍
202509020309,2025,1.0,2.0,3.0,1.7,3.4,9.5,True,1.7,True,0.5666666666666667,False,0.0,False,0.0,False,0.0,False,0.0,False,0.0,1-2人気,1-2倍
202509020310,2025,1.0,4.0,7.0,2.4,7.9,18.6,True,2.4,True,0.7999999999999999,False,0.0,False,0.0,False,0.0,False,0.0,False,0.0,1-2人気,2-5倍
202509020311,2025,6.0,1.0,7.0,18.5,2.7,20.9,False,0.0,False,0.0,False,0.0,False,0.0,False,0.0,False,0.0,False,0.0,6-10人気,10-20倍
202509020312,2025,8.0,1.0,5.0,18.8,4.5,10.1,True,18.8,True,6.266666666666667,False,0.0,False,0.0,False,0.0,False,0.0,False,0.0,6-10人気,10-20倍
202509020401,2025,1.0,7.0,6.0,1.6,27.4,27.3,True,1.6,True,0.5333333333333333,False,0.0,False,0.0,False,0.0,False,0.0,False,0.0,1-2人気,1-2倍
202509020402,2025,1.0,3.0,5.0,1.3,12.3,29.4,False,0.0,True,0.43333333333333335,True,4.533333333333334,False,0.0,False,0.0,False,0.0,False,0.0,1-2人気,1-2倍
202509020403,2025,1.0,4.0,5.0,2.5,13.6,16.8,False,0.0,False,0.0,False,0.0,False,0.0,False,0.0,False,0.0,False,0.0,1-2人気,2-5倍
202509020404,2025,3.0,2.0,1.0,6.2,5.1,2.5,False,0.0,False,0.0,False,0.0,False,0.0,False,0.0,False,0.0,False,0.0,3-5人気,5-10倍
202509020405,2025,1.0,3.0,10.0,1.8,5.3,54.2,False,0.0,True,0.6,False,0.0,False,0.0,False,0.0,False,0.0,False,0.0,1-2人気,1-2倍
202509020406,2025,2.0,4.0,1.0,4.4,6.7,2.0,False,0.0,True,1.4666666666666668,True,3.7000000000000006,False,0.0,False,0.0,False,0.0,False,0.0,1-2人気,2-5倍
202509020407,2025,5.0,3.0,1.0,11.3,9.8,1.6,False,0.0,True,3.766666666666667,True,7.033333333333334,False,0.0,False,0.0,True,5.906133333333334,False,0.0,3-5人気,10-20倍
202509020408,2025,7.0,5.0,6.0,31.7,8.0,8.2,False,0.0,False,0.0,False,0.0,False,0.0,False,0.0,False,0.0,False,0.0,6-10人気,20-50倍
202509020409,2025,1.0,7.0,3.0,2.7,24.3,5.4,False,0.0,False,0.0,False,0.0,False,0.0,False,0.0,False,0.0,False,0.0,1-2人気,2-5倍
202509020410,2025,2.0,3.0,1.0,4.3,5.2,3.3,False,0.0,False,0.0,False,0.0,False,0.0,False,0.0,False,0.0,False,0.0,1-2人気,2-5倍
202509020411,2025,4.0,2.0,12.0,6.5,5.1,48.1,False,0.0,True,2.1666666666666665,True,3.8666666666666667,True,3.315,False,0.0,False,0.0,False,0.0,3-5人気,5-10倍
202509020412,2025,1.0,6.0,10.0,2.4,13.9,33.3,True,2.4,True,0.7999999999999999,False,0.0,False,0.0,False,0.0,False,0.0,False,0.0,1-2人気,2-5倍
202509020501,2025,1.0,9.0,2.0,2.4,30.6,4.6,False,0.0,False,0.0,False,0.0,False,0.0,False,0.0,False,0.0,False,0.0,1-2人気,2-5倍
202509020502,2025,1.0,5.0,8.0,1.9,11.4,30.5,False,0.0,True,0.6333333333333333,False,0.0,False,0.0,False,0.0,False,0.0,False,0.0,1-2人気,1-2倍
202509020503,2025,1.0,3.0,6.0,1.7,7.2,24.7,False,0.0,False,0.0,False,0.0,False,0.0,False,0.0,False,0.0,False,0.0,1-2人気,1-2倍
202509020504,2025,10.0,3.0,7.0,41.6,4.6,16.1,False,0.0,False,0.0,False,0.0,False,0.0,False,0.0,False,0.0,False,0.0,6-10人気,20-50倍
202509020505,2025,2.0,3.0,7.0,3.1,5.3,29.6,False,0.0,False,0.0,False,0.0,False,0.0,False,0.0,False,0.0,False,0.0,1-2人気,2-5倍
202509020506,2025,5.0,4.0,3.0,10.0,7.7,4.1,False,0.0,True,3.3333333333333335,False,0.0,False,0.0,False,0.0,False,0.0,False,0.0,3-5人気,5-10倍
202509020507,2025,3.0,1.0,5.0,4.7,2.3,9.2,False,0.0,False,0.0,False,0.0,False,0.0,False,0.0,False,0.0,False,0.0,3-5人気,2-5倍
202509020508,2025,1.0,11.0,7.0,3.2,26.9,14.2,True,3.2,True,1.0666666666666667,False,0.0,False,0.0,False,0.0,False,0.0,False,0.0,1-2人気,2-5倍
202509020509,2025,2.0,5.0,4.0,3.1,31.3,7.2,False,0.0,False,0.0,False,0.0,False,0.0,False,0.0,False,0.0,False,0.0,1-2人気,2-5倍
202509020510,2025,1.0,7.0,4.0,3.9,19.7,8.9,False,0.0,False,0.0,False,0.0,False,0.0,False,0.0,False,0.0,False,0.0,1-2人気,2-5倍
202509020511,2025,9.0,6.0,1.0,29.7,15.3,2.5,True,29.7,True,9.9,False,0.0,False,0.0,False,0.0,False,0.0,False,0.0,6-10人気,20-50倍
202509020512,2025,2.0,4.0,5.0,3.9,7.2,7.7,False,0.0,False,0.0,False,0.0,False,0.0,False,0.0,False,0.0,False,0.0,1-2人気,2-5倍
202509020601,2025,5.0,1.0,4.0,14.1,2.3,11.1,False,0.0,False,0.0,False,0.0,False,0.0,False,0.0,False,0.0,False,0.0,3-5人気,10-20倍
202509020602,2025,7.0,5.0,4.0,16.1,9.1,7.4,False,0.0,False,0.0,False,0.0,False,0.0,False,0.0,False,0.0,False,0.0,6-10人気,10-20倍
202509020603,2025,1.0,2.0,4.0,2.5,3.5,8.1,False,0.0,False,0.0,False,0.0,False,0.0,False,0.0,False,0.0,False,0.0,1-2人気,2-5倍
202509020604,2025,1.0,2.0,3.0,2.0,3.1,6.1,False,0.0,True,0.6666666666666666,True,1.7,False,0.0,False,0.0,False,0.0,False,0.0,1-2人気,1-2倍
202509020605,2025,3.0,10.0,7.0,5.1,35.9,14.0,False,0.0,True,1.7,False,0.0,False,0.0,False,0.0,False,0.0,False,0.0,3-5人気,5-10倍
202509020606,2025,3.0,5.0,9.0,5.7,12.7,117.3,False,0.0,True,1.9000000000000001,False,0.0,False,0.0,False,0.0,False,0.0,False,0.0,3-5人気,5-10倍
202509020607,2025,3.0,1.0,4.0,4.4,3.0,6.1,False,0.0,False,0.0,False,0.0,False,0.0,False,0.0,False,0.0,False,0.0,3-5人気,2-5倍
202509020608,2025,2.0,8.0,6.0,3.5,21.7,10.9,False,0.0,False,0.0,False,0.0,False,0.0,False,0.0,False,0.0,False,0.0,1-2人気,2-5倍
202509020609,2025,1.0,6.0,3.0,2.1,19.4,5.8,False,0.0,True,0.7000000000000001,False,0.0,False,0.0,False,0.0,False,0.0,False,0.0,1-2人気,2-5倍
202509020610,2025,1.0,5.0,2.0,2.4,14.6,2.7,True,2.4,True,0.7999999999999999,False,0.0,False,0.0,False,0.0,False,0.0,False,0.0,1-2人気,2-5倍
202509020611,2025,13.0,4.0,3.0,77.3,6.8,5.0,False,0.0,False,0.0,False,0.0,False,0.0,False,0.0,False,0.0,False,0.0,11人気以下,50倍以上
202509020612,2025,6.0,5.0,1.0,9.5,8.5,3.1,False,0.0,False,0.0,False,0.0,False,0.0,False,0.0,False,0.0,False,0.0,6-10人気,5-10倍
202509020701,2025,2.0,3.0,1.0,4.8,12.1,1.6,False,0.0,True,1.5999999999999999,False,0.0,False,0.0,False,0.0,False,0.0,False,0.0,1-2人気,2-5倍
202509020702,2025,5.0,3.0,15.0,8.9,4.6,138.0,False,0.0,False,0.0,False,0.0,False,0.0,False,0.0,False,0.0,False,0.0,3-5人気,5-10倍
202509020703,2025,3.0,1.0,7.0,9.7,2.5,24.0,False,0.0,False,0.0,False,0.0,False,0.0,False,0.0,False,0.0,False,0.0,3-5人気,5-10倍
202509020704,2025,2.0,1.0,5.0,3.6,2.0,22.6,False,0.0,True,1.2,True,1.8666666666666665,True,0.72,False,0.0,False,0.0,False,0.0,1-2人気,2-5倍
202509020705,2025,2.0,1.0,3.0,3.3,1.7,4.0,False,0.0,True,1.0999999999999999,True,1.6666666666666667,True,0.5609999999999999,False,0.0,True,0.7479999999999999,False,0.0,1-2人気,2-5倍
202509020706,2025,2.0,4.0,1.0,3.7,4.5,2.9,False,0.0,False,0.0,False,0.0,False,0.0,False,0.0,False,0.0,False,0.0,1-2人気,2-5倍
202509020707,2025,2.0,3.0,6.0,2.7,4.3,27.5,False,0.0,True,0.9,True,2.3333333333333335,False,0.0,False,0.0,False,0.0,False,0.0,1-2人気,2-5倍
202509020708,2025,2.0,9.0,5.0,4.6,20.1,8.3,False,0.0,False,0.0,False,0.0,False,0.0,False,0.0,False,0.0,False,0.0,1-2人気,2-5倍
202509020709,2025,2.0,4.0,7.0,3.8,11.5,19.0,False,0.0,True,1.2666666666666666,False,0.0,False,0.0,False,0.0,False,0.0,False,0.0,1-2人気,2-5倍
202509020710,2025,4.0,2.0,3.0,6.8,6.0,6.7,False,0.0,False,0.0,False,0.0,False,0.0,False,0.0,False,0.0,False,0.0,3-5人気,5-10倍
202509020711,2025,2.0,1.0,3.0,4.8,1.8,7.4,False,0.0,False,0.0,False,0.0,False,0.0,False,0.0,False,0.0,False,0.0,1-2人気,2-5倍
202509020712,2025,5.0,6.0,3.0,20.9,21.1,6.2,False,0.0,False,0.0,False,0.0,False,0.0,False,0.0,False,0.0,False,0.0,3-5人気,20-50倍
202509020801,2025,2.0,1.0,10.0,4.5,3.5,40.2,False,0.0,False,0.0,False,0.0,False,0.0,False,0.0,False,0.0,False,0.0,1-2人気,2-5倍
202509020802,2025,3.0,1.0,2.0,4.0,2.2,4.0,False,0.0,False,0.0,False,0.0,False,0.0,False,0.0,False,0.0,False,0.0,3-5人気,2-5倍
202509020803,2025,4.0,2.0,3.0,5.8,4.3,4.4,False,0.0,False,0.0,False,0.0,False,0.0,False,0.0,False,0.0,False,0.0,3-5人気,5-10倍
202509020804,2025,1.0,6.0,8.0,3.8,9.0,32.1,True,3.8,True,1.2666666666666666,True,4.266666666666667,False,0.0,False,0.0,False,0.0,False,0.0,1-2人気,2-5倍
202509020805,2025,8.0,1.0,2.0,34.3,2.4,4.7,False,0.0,False,0.0,False,0.0,False,0.0,False,0.0,False,0.0,False,0.0,6-10人気,20-50倍
202509020806,2025,10.0,4.0,1.0,47.7,10.3,2.2,False,0.0,False,0.0,False,0.0,False,0.0,False,0.0,False,0.0,False,0.0,6-10人気,20-50倍
202509020807,2025,2.0,1.0,6.0,3.0,2.7,13.0,False,0.0,True,1.0,True,1.9000000000000001,True,0.8100000000000002,False,0.0,False,0.0,False,0.0,1-2人気,2-5倍
202509020808,2025,5.0,4.0,1.0,13.9,8.6,2.6,False,0.0,False,0.0,False,0.0,False,0.0,False,0.0,False,0.0,False,0.0,3-5人気,10-20倍
202509020809,2025,1.0,4.0,8.0,2.5,4.9,34.9,False,0.0,True,0.8333333333333334,True,2.466666666666667,False,0.0,False,0.0,True,14.250833333333333,False,0.0,1-2人気,2-5倍
202509020810,2025,4.0,1.0,3.0,7.2,4.0,6.1,False,0.0,False,0.0,False,0.0,False,0.0,False,0.0,False,0.0,False,0.0,3-5人気,5-10倍
202509020811,2025,5.0,10.0,6.0,9.8,52.7,22.2,False,0.0,False,0.0,False,0.0,False,0.0,False,0.0,False,0.0,False,0.0,3-5人気,5-10倍
202509020812,2025,6.0,4.0,12.0,15.5,8.0,54.3,False,0.0,False,0.0,False,0.0,False,0.0,False,0.0,False,0.0,False,0.0,6-10人気,10-20倍
202509030101,2025,1.0,4.0,2.0,1.3,14.8,8.0,True,1.3,True,0.43333333333333335,False,0.0,False,0.0,False,0.0,False,0.0,False,0.0,1-2人気,1-2倍
202509030102,2025,2.0,1.0,6.0,3.9,2.1,21.2,True,3.9,True,1.3,True,2.0,False,0.0,False,0.0,False,0.0,False,0.0,1-2人気,2-5倍
202509030103,2025,3.0,4.0,2.0,5.4,5.6,4.3,False,0.0,False,0.0,False,0.0,False,0.0,False,0.0,False,0.0,False,0.0,3-5人気,5-10倍
202509030104,2025,1.0,3.0,2.0,2.8,5.5,3.5,False,0.0,False,0.0,False,0.0,False,0.0,False,0.0,False,0.0,False,0.0,1-2人気,2-5倍
202509030105,2025,5.0,6.0,1.0,6.8,14.3,2.1,False,0.0,False,0.0,False,0.0,False,0.0,False,0.0,False,0.0,False,0.0,3-5人気,5-10倍
202509030106,2025,1.0,3.0,2.0,2.5,5.2,4.6,False,0.0,True,0.8333333333333334,False,0.0,False,0.0,False,0.0,False,0.0,False,0.0,1-2人気,2-5倍
202509030107,2025,1.0,3.0,2.0,1.3,10.1,3.6,True,1.3,True,0.43333333333333335,False,0.0,False,0.0,False,0.0,False,0.0,False,0.0,1-2人気,1-2倍
202509030108,2025,2.0,1.0,3.0,3.2,2.1,3.3,False,0.0,True,1.0666666666666667,True,1.7666666666666668,False,0.0,False,0.0,False,0.0,False,0.0,1-2人気,2-5倍
202509030109,2025,2.0,5.0,3.0,4.0,11.1,8.3,False,0.0,True,1.3333333333333333,True,5.033333333333333,True,4.4399999999999995,False,0.0,True,12.284,False,0.0,1-2人気,2-5倍
202509030110,2025,1.0,2.0,5.0,1.3,3.8,26.3,False,0.0,True,0.43333333333333335,True,1.7,True,0.49399999999999994,False,0.0,False,0.0,False,0.0,1-2人気,1-2倍
202509030111,2025,11.0,4.0,6.0,36.1,5.6,13.6,False,0.0,False,0.0,False,0.0,False,0.0,False,0.0,False,0.0,False,0.0,11人気以下,20-50倍
202509030112,2025,1.0,3.0,4.0,2.1,5.6,8.1,True,2.1,True,0.7000000000000001,True,2.5666666666666664,False,0.0,False,0.0,False,0.0,False,0.0,1-2人気,2-5倍
202509030201,2025,1.0,7.0,4.0,2.4,28.1,5.6,False,0.0,True,0.7999999999999999,False,0.0,False,0.0,False,0.0,False,0.0,False,0.0,1-2人気,2-5倍
202509030202,2025,2.0,4.0,1.0,3.9,5.8,2.8,True,3.9,True,1.3,False,0.0,False,0.0,False,0.0,False,0.0,False,0.0,1-2人気,2-5倍
202509030203,2025,3.0,4.0,2.0,5.1,6.2,4.3,True,5.1,True,1.7,False,0.0,False,0.0,False,0.0,False,0.0,False,0.0,3-5人気,5-10倍
202509030204,2025,3.0,5.0,2.0,6.2,8.3,3.2,False,0.0,False,0.0,False,0.0,False,0.0,False,0.0,False,0.0,False,0.0,3-5人気,5-10倍
202509030205,2025,3.0,5.0,4.0,5.9,17.7,8.4,False,0.0,False,0.0,False,0.0,False,0.0,False,0.0,False,0.0,False,0.0,3-5人気,5-10倍
202509030206,2025,2.0,8.0,5.0,4.5,20.9,8.7,True,4.5,True,1.5,False,0.0,False,0.0,False,0.0,False,0.0,False,0.0,1-2人気,2-5倍
202509030207,2025,1.0,5.0,2.0,3.4,10.8,3.8,False,0.0,True,1.1333333333333333,False,0.0,False,0.0,False,0.0,False,0.0,False,0.0,1-2人気,2-5倍
202509030208,2025,3.0,1.0,6.0,5.7,2.8,17.0,False,0.0,False,0.0,False,0.0,False,0.0,False,0.0,False,0.0,False,0.0,3-5人気,5-10倍
202509030209,2025,3.0,4.0,1.0,5.6,5.9,1.8,False,0.0,False,0.0,False,0.0,False,0.0,False,0.0,False,0.0,False,0.0,3-5人気,5-10倍
202509030210,2025,12.0,8.0,2.0,45.9,32.8,4.5,False,0.0,False,0.0,False,0.0,False,0.0,False,0.0,False,0.0,False,0.0,11人気以下,20-50倍
202509030211,2025,2.0,6.0,8.0,5.4,9.2,12.1,False,0.0,False,0.0,False,0.0,False,0.0,False,0.0,False,0.0,False,0.0,1-2人気,5-10倍
202509030212,2025,1.0,2.0,3.0,3.0,5.0,6.3,False,0.0,True,1.0,True,2.6666666666666665,True,1.5,False,0.0,False,0.0,False,0.0,1-2人気,2-5倍
202509030301,2025,6.0,3.0,2.0,20.1,10.6,3.8,False,0.0,False,0.0,False,0.0,False,0.0,False,0.0,False,0.0,False,0.0,6-10人気,20-50倍
202509030302,2025,5.0,4.0,1.0,9.8,6.4,3.0,False,0.0,False,0.0,False,0.0,False,0.0,False,0.0,False,0.0,False,0.0,3-5人気,5-10倍
202509030303,2025,1.0,9.0,6.0,2.7,55.2,11.9,True,2.7,True,0.9,True,19.3,False,0.0,False,0.0,False,0.0,False,0.0,1-2人気,2-5倍
202509030304,2025,4.0,2.0,1.0,7.6,6.0,2.4,True,7.6,True,2.533333333333333,False,0.0,False,0.0,False,0.0,False,0.0,False,0.0,3-5人気,5-10倍
202509030305,2025,1.0,3.0,2.0,2.6,4.1,3.5,False,0.0,True,0.8666666666666667,True,2.233333333333333,False,0.0,False,0.0,True,1.2436666666666667,False,0.0,1-2人気,2-5倍
202509030306,2025,2.0,3.0,1.0,3.4,5.7,2.2,False,0.0,True,1.1333333333333333,True,3.033333333333333,False,0.0,False,0.0,True,1.4212,False,0.0,1-2人気,2-5倍
202509030307,2025,5.0,3.0,1.0,14.6,5.3,2.0,False,0.0,False,0.0,False,0.0,False,0.0,False,0.0,False,0.0,False,0.0,3-5人気,10-20倍
202509030308,2025,2.0,1.0,3.0,2.2,1.5,10.8,False,0.0,True,0.7333333333333334,True,1.2333333333333334,False,0.0,False,0.0,True,1.1880000000000002,False,0.0,1-2人気,2-5倍
202509030309,2025,4.0,1.0,2.0,9.0,2.2,3.3,False,0.0,False,0.0,False,0.0,False,0.0,False,0.0,False,0.0,False,0.0,3-5人気,5-10倍
202509030310,2025,4.0,8.0,5.0,9.7,26.0,13.6,False,0.0,True,3.233333333333333,False,0.0,False,0.0,False,0.0,False,0.0,False,0.0,3-5人気,5-10倍
202509030311,2025,4.0,6.0,1.0,6.8,17.4,1.8,False,0.0,False,0.0,False,0.0,False,0.0,False,0.0,False,0.0,False,0.0,3-5人気,5-10倍
202509030312,2025,1.0,3.0,2.0,3.2,6.6,5.0,False,0.0,False,0.0,False,0.0,False,0.0,False,0.0,False,0.0,False,0.0,1-2人気,2-5倍
202509030401,2025,1.0,6.0,2.0,2.8,16.8,3.8,False,0.0,True,0.9333333333333332,False,0.0,False,0.0,False,0.0,False,0.0,False,0.0,1-2人気,2-5倍
202509030402,2025,2.0,6.0,5.0,3.1,11.3,9.6,False,0.0,True,1.0333333333333334,True,4.8,False,0.0,False,0.0,False,0.0,False,0.0,1-2人気,2-5倍
202509030403,2025,5.0,1.0,4.0,7.1,4.1,6.9,False,0.0,False,0.0,False,0.0,False,0.0,False,0.0,False,0.0,False,0.0,3-5人気,5-10倍
202509030404,2025,1.0,6.0,10.0,1.5,14.1,72.7,False,0.0,False,0.0,False,0.0,False,0.0,False,0.0,False,0.0,False,0.0,1-2人気,1-2倍
202509030405,2025,1.0,5.0,2.0,1.7,9.2,4.1,True,1.7,True,0.5666666666666667,False,0.0,False,0.0,False,0.0,False,0.0,False,0.0,1-2人気,1-2倍
202509030406,2025,7.0,2.0,5.0,37.5,3.9,18.0,False,0.0,False,0.0,False,0.0,False,0.0,False,0.0,False,0.0,False,0.0,6-10人気,20-50倍
202509030407,2025,1.0,2.0,7.0,1.6,4.5,18.5,True,1.6,True,0.5333333333333333,True,2.033333333333333,False,0.0,False,0.0,False,0.0,False,0.0,1-2人気,1-2倍
202509030408,2025,1.0,3.0,10.0,3.6,6.2,42.4,False,0.0,False,0.0,False,0.0,False,0.0,False,0.0,False,0.0,False,0.0,1-2人気,2-5倍
202509030409,2025,1.0,7.0,2.0,2.1,25.2,3.1,True,2.1,True,0.7000000000000001,False,0.0,False,0.0,False,0.0,False,0.0,False,0.0,1-2人気,2-5倍
202509030410,2025,3.0,7.0,2.0,4.7,25.5,4.2,True,4.7,True,1.5666666666666667,True,10.066666666666666,True,11.985000000000001,True,23.970000000000002,True,16.779000000000003,True,50.337,3-5人気,2-5倍
202509030411,2025,3.0,4.0,5.0,6.2,6.7,8.8,False,0.0,False,0.0,False,0.0,False,0.0,False,0.0,False,0.0,False,0.0,3-5人気,5-10倍
202509030412,2025,6.0,4.0,1.0,10.5,5.6,4.4,False,0.0,False,0.0,False,0.0,False,0.0,False,0.0,False,0.0,False,0.0,6-10人気,10-20倍
202509030501,2025,2.0,1.0,3.0,3.6,1.8,12.5,False,0.0,True,1.2,False,0.0,False,0.0,False,0.0,False,0.0,False,0.0,1-2人気,2-5倍
202509030502,2025,1.0,5.0,3.0,1.8,11.3,9.2,True,1.8,True,0.6,False,0.0,False,0.0,False,0.0,False,0.0,False,0.0,1-2人気,1-2倍
202509030503,2025,1.0,5.0,8.0,1.9,13.3,34.0,False,0.0,False,0.0,False,0.0,False,0.0,False,0.0,False,0.0,False,0.0,1-2人気,1-2倍
202509030504,2025,1.0,3.0,2.0,2.4,6.2,2.8,False,0.0,True,0.7999999999999999,False,0.0,False,0.0,False,0.0,False,0.0,False,0.0,1-2人気,2-5倍
202509030505,2025,4.0,3.0,1.0,6.7,6.1,2.9,False,0.0,False,0.0,False,0.0,False,0.0,False,0.0,False,0.0,False,0.0,3-5人気,5-10倍
202509030506,2025,1.0,2.0,3.0,3.2,3.5,4.9,False,0.0,True,1.0666666666666667,True,2.2333333333333334,True,1.12,False,0.0,False,0.0,False,0.0,1-2人気,2-5倍
202509030507,2025,9.0,1.0,8.0,52.6,1.5,31.0,False,0.0,False,0.0,False,0.0,False,0.0,False,0.0,False,0.0,False,0.0,6-10人気,50倍以上
202509030508,2025,2.0,5.0,13.0,3.0,13.9,151.5,True,3.0,True,1.0,True,5.633333333333333,True,4.17,True,8.34,False,0.0,False,0.0,1-2人気,2-5倍
202509030509,2025,3.0,5.0,9.0,6.2,9.5,22.9,False,0.0,False,0.0,False,0.0,False,0.0,False,0.0,False,0.0,False,0.0,3-5人気,5-10倍
202509030510,2025,8.0,11.0,4.0,25.6,42.6,6.0,False,0.0,False,0.0,False,0.0,False,0.0,False,0.0,False,0.0,False,0.0,6-10人気,20-50倍
202509030511,2025,8.0,3.0,14.0,17.6,5.7,84.1,False,0.0,False,0.0,False,0.0,False,0.0,False,0.0,False,0.0,False,0.0,6-10人気,10-20倍
202509030512,2025,5.0,8.0,1.0,11.4,22.7,3.0,False,0.0,False,0.0,False,0.0,False,0.0,False,0.0,False,0.0,False,0.0,3-5人気,10-20倍
202509030601,2025,4.0,1.0,11.0,16.5,1.2,61.0,False,0.0,False,0.0,False,0.0,False,0.0,False,0.0,False,0.0,False,0.0,3-5人気,10-20倍
202509030602,2025,1.0,5.0,2.0,1.5,15.8,4.4,True,1.5,True,0.5,True,5.766666666666667,False,0.0,False,0.0,False,0.0,False,0.0,1-2人気,1-2倍
202509030603,2025,4.0,6.0,3.0,4.9,16.1,4.6,False,0.0,True,1.6333333333333335,False,0.0,False,0.0,False,0.0,False,0.0,False,0.0,3-5人気,2-5倍
202509030604,2025,3.0,1.0,4.0,5.7,1.8,9.6,True,5.7,True,1.9000000000000001,True,2.5,True,1.026,True,2.052,True,3.2832,True,9.849599999999999,3-5人気,5-10倍
202509030605,2025,4.0,2.0,3.0,9.7,4.6,7.9,False,0.0,False,0.0,False,0.0,False,0.0,False,0.0,False,0.0,False,0.0,3-5人気,5-10倍
202509030606,2025,8.0,1.0,5.0,22.7,2.6,10.9,False,0.0,False,0.0,False,0.0,False,0.0,False,0.0,False,0.0,False,0.0,6-10人気,20-50倍
202509030607,2025,1.0,2.0,3.0,1.8,2.9,5.9,False,0.0,False,0.0,False,0.0,False,0.0,False,0.0,False,0.0,False,0.0,1-2人気,1-2倍
202509030608,2025,1.0,2.0,4.0,1.9,6.5,11.3,False,0.0,True,0.6333333333333333,False,0.0,False,0.0,False,0.0,False,0.0,False,0.0,1-2人気,1-2倍
202509030609,2025,3.0,2.0,4.0,6.6,2.9,6.8,False,0.0,False,0.0,False,0.0,False,0.0,False,0.0,False,0.0,False,0.0,3-5人気,5-10倍
202509030610,2025,4.0,2.0,7.0,12.1,4.3,45.7,False,0.0,False,0.0,False,0.0,False,0.0,False,0.0,False,0.0,False,0.0,3-5人気,10-20倍
202509030611,2025,2.0,1.0,6.0,4.1,4.0,18.0,False,0.0,False,0.0,False,0.0,False,0.0,False,0.0,False,0.0,False,0.0,1-2人気,2-5倍
202509030612,2025,3.0,1.0,10.0,7.4,2.1,80.1,False,0.0,False,0.0,False,0.0,False,0.0,False,0.0,False,0.0,False,0.0,3-5人気,5-10倍
202509040101,2025,1.0,2.0,3.0,2.4,2.6,6.5,False,0.0,True,0.7999999999999999,False,0.0,False,0.0,False,0.0,False,0.0,False,0.0,1-2人気,2-5倍
202509040102,2025,2.0,4.0,1.0,2.9,9.2,1.4,False,0.0,True,0.9666666666666667,False,0.0,False,0.0,False,0.0,False,0.0,False,0.0,1-2人気,2-5倍
202509040103,2025,3.0,1.0,2.0,5.2,3.0,3.9,True,5.2,True,1.7333333333333334,False,0.0,False,0.0,False,0.0,False,0.0,False,0.0,3-5人気,5-10倍
202509040104,2025,1.0,2.0,8.0,3.5,4.7,15.0,False,0.0,False,0.0,False,0.0,False,0.0,False,0.0,False,0.0,False,0.0,1-2人気,2-5倍
202509040105,2025,4.0,3.0,6.0,5.5,4.7,11.0,False,0.0,True,1.8333333333333333,False,0.0,False,0.0,False,0.0,False,0.0,False,0.0,3-5人気,5-10倍
202509040106,2025,1.0,6.0,3.0,1.1,28.8,15.3,True,1.1,True,0.3666666666666667,False,0.0,False,0.0,False,0.0,False,0.0,False,0.0,1-2人気,1-2倍
202509040107,2025,4.0,1.0,6.0,8.7,2.6,12.1,False,0.0,False,0.0,False,0.0,False,0.0,False,0.0,False,0.0,False,0.0,3-5人気,5-10倍
202509040108,2025,5.0,2.0,1.0,9.0,4.2,2.0,False,0.0,False,0.0,False,0.0,False,0.0,False,0.0,False,0.0,False,0.0,3-5人気,5-10倍
202509040109,2025,3.0,1.0,6.0,7.4,1.6,25.8,False,0.0,False,0.0,False,0.0,False,0.0,False,0.0,False,0.0,False,0.0,3-5人気,5-10倍
202509040110,2025,2.0,10.0,6.0,4.6,31.7,11.3,False,0.0,False,0.0,False,0.0,False,0.0,False,0.0,False,0.0,False,0.0,1-2人気,2-5倍
202509040111,2025,4.0,3.0,6.0,12.2,8.0,17.5,False,0.0,False,0.0,False,0.0,False,0.0,False,0.0,False,0.0,False,0.0,3-5人気,10-20倍
202509040112,2025,1.0,4.0,6.0,1.7,9.8,18.8,False,0.0,False,0.0,False,0.0,False,0.0,False,0.0,False,0.0,False,0.0,1-2人気,1-2倍
202509040201,2025,3.0,5.0,2.0,3.9,7.6,3.4,True,3.9,True,1.3,False,0.0,False,0.0,False,0.0,False,0.0,False,0.0,3-5人気,2-5倍
202509040202,2025,1.0,2.0,4.0,1.4,2.5,16.9,False,0.0,True,0.4666666666666666,True,1.3,True,0.35,False,0.0,False,0.0,False,0.0,1-2人気,1-2倍
202509040203,2025,4.0,1.0,9.0,7.1,3.2,28.5,False,0.0,False,0.0,False,0.0,False,0.0,False,0.0,False,0.0,False,0.0,3-5人気,5-10倍
202509040204,2025,2.0,1.0,9.0,4.6,3.3,16.8,False,0.0,True,1.5333333333333332,True,2.6333333333333333,False,0.0,False,0.0,False,0.0,False,0.0,1-2人気,2-5倍
202509040205,2025,2.0,5.0,1.0,2.3,26.4,1.7,True,2.3,True,0.7666666666666666,False,0.0,False,0.0,False,0.0,False,0.0,False,0.0,1-2人気,2-5倍
202509040206,2025,1.0,7.0,9.0,3.3,20.2,26.8,False,0.0,False,0.0,False,0.0,False,0.0,False,0.0,False,0.0,False,0.0,1-2人気,2-5倍
202509040207,2025,2.0,1.0,4.0,2.8,2.2,12.1,False,0.0,False,0.0,False,0.0,False,0.0,False,0.0,False,0.0,False,0.0,1-2人気,2-5倍
202509040208,2025,1.0,2.0,5.0,1.6,2.2,21.0,False,0.0,True,0.5333333333333333,True,1.2666666666666668,True,0.35200000000000004,False,0.0,False,0.0,False,0.0,1-2人気,1-2倍
202509040209,2025,1.0,4.0,2.0,2.2,6.2,5.7,False,0.0,True,0.7333333333333334,False,0.0,False,0.0,False,0.0,False,0.0,False,0.0,1-2人気,2-5倍
202509040210,2025,7.0,2.0,1.0,63.1,5.7,1.3,False,0.0,False,0.0,False,0.0,False,0.0,False,0.0,False,0.0,False,0.0,6-10人気,50倍以上
202509040211,2025,2.0,1.0,3.0,3.2,2.5,9.4,False,0.0,True,1.0666666666666667,True,1.9000000000000001,False,0.0,False,0.0,False,0.0,False,0.0,1-2人気,2-5倍
202509040212,2025,7.0,1.0,5.0,15.0,2.7,11.2,False,0.0,False,0.0,False,0.0,False,0.0,False,0.0,False,0.0,False,0.0,6-10人気,10-20倍
202509040301,2025,1.0,5.0,2.0,1.8,12.8,4.3,False,0.0,True,0.6,False,0.0,False,0.0,False,0.0,False,0.0,False,0.0,1-2人気,1-2倍
202509040302,2025,2.0,1.0,3.0,3.9,1.4,6.0,False,0.0,True,1.3,True,1.7666666666666666,True,0.546,False,0.0,False,0.0,False,0.0,1-2人気,2-5倍
202509040303,2025,2.0,1.0,3.0,2.4,1.5,6.9,True,2.4,True,0.7999999999999999,True,1.3,True,0.36,True,0.72,True,0.828,True,2.484,1-2人気,2-5倍
202509040304,2025,2.0,6.0,3.0,4.8,10.0,5.2,False,0.0,False,0.0,False,0.0,False,0.0,False,0.0,False,0.0,False,0.0,1-2人気,2-5倍
202509040305,2025,1.0,5.0,2.0,2.7,11.6,3.0,False,0.0,False,0.0,False,0.0,False,0.0,False,0.0,False,0.0,False,0.0,1-2人気,2-5倍
202509040306,2025,2.0,1.0,3.0,3.8,3.7,3.8,False,0.0,False,0.0,False,0.0,False,0.0,False,0.0,False,0.0,False,0.0,1-2人気,2-5倍
202509040307,2025,1.0,10.0,3.0,3.7,19.8,6.6,False,0.0,False,0.0,False,0.0,False,0.0,False,0.0,False,0.0,False,0.0,1-2人気,2-5倍
202509040308,2025,1.0,2.0,3.0,1.8,2.5,4.7,False,0.0,False,0.0,False,0.0,False,0.0,False,0.0,False,0.0,False,0.0,1-2人気,1-2倍
202509040309,2025,1.0,2.0,5.0,2.4,4.5,10.5,True,2.4,True,0.7999999999999999,False,0.0,False,0.0,False,0.0,False,0.0,False,0.0,1-2人気,2-5倍
202509040310,2025,8.0,6.0,4.0,27.7,10.2,6.4,False,0.0,False,0.0,False,0.0,False,0.0,False,0.0,False,0.0,False,0.0,6-10人気,20-50倍
202509040311,2025,4.0,1.0,2.0,12.1,3.1,4.7,False,0.0,True,4.033333333333333,True,5.066666666666666,False,0.0,False,0.0,True,5.876566666666666,False,0.0,3-5人気,10-20倍
202509040312,2025,1.0,2.0,9.0,1.8,5.0,63.1,False,0.0,True,0.6,True,2.2666666666666666,False,0.0,False,0.0,False,0.0,False,0.0,1-2人気,1-2倍
202509040401,2025,1.0,2.0,4.0,2.2,3.4,8.5,True,2.2,True,0.7333333333333334,False,0.0,False,0.0,False,0.0,False,0.0,False,0.0,1-2人気,2-5倍
202509040402,2025,1.0,3.0,4.0,3.1,4.4,4.9,False,0.0,True,1.0333333333333334,True,2.5,True,1.3640000000000003,False,0.0,False,0.0,False,0.0,1-2人気,2-5倍
202509040403,2025,1.0,2.0,11.0,1.5,7.4,76.2,False,0.0,True,0.5,True,2.966666666666667,False,0.0,False,0.0,False,0.0,False,0.0,1-2人気,1-2倍
202509040404,2025,2.0,8.0,6.0,4.2,23.3,13.9,False,0.0,True,1.4000000000000001,False,0.0,False,0.0,False,0.0,False,0.0,False,0.0,1-2人気,2-5倍
202509040405,2025,1.0,2.0,6.0,1.6,3.1,65.3,False,0.0,True,0.5333333333333333,True,1.5666666666666667,False,0.0,False,0.0,False,0.0,False,0.0,1-2人気,1-2倍
202509040406,2025,1.0,3.0,2.0,1.7,7.8,2.9,True,1.7,True,0.5666666666666667,False,0.0,False,0.0,False,0.0,False,0.0,False,0.0,1-2人気,1-2倍
202509040407,2025,1.0,3.0,2.0,1.9,11.1,3.1,False,0.0,False,0.0,False,0.0,False,0.0,False,0.0,False,0.0,False,0.0,1-2人気,1-2倍
202509040408,2025,2.0,1.0,4.0,3.3,1.7,13.2,False,0.0,True,1.0999999999999999,True,1.6666666666666667,True,0.5609999999999999,False,0.0,False,0.0,False,0.0,1-2人気,2-5倍
202509040409,2025,1.0,8.0,5.0,1.1,146.9,57.1,False,0.0,True,0.3666666666666667,False,0.0,False,0.0,False,0.0,False,0.0,False,0.0,1-2人気,1-2倍
202509040410,2025,5.0,3.0,4.0,11.3,4.9,6.1,False,0.0,True,3.766666666666667,False,0.0,False,0.0,False,0.0,False,0.0,False,0.0,3-5人気,10-20倍
202509040411,2025,2.0,5.0,1.0,5.7,8.8,2.9,False,0.0,False,0.0,False,0.0,False,0.0,False,0.0,False,0.0,False,0.0,1-2人気,5-10倍
202509040412,2025,1.0,3.0,2.0,1.8,9.3,3.4,True,1.8,True,0.6,False,0.0,False,0.0,False,0.0,False,0.0,False,0.0,1-2人気,1-2倍
202509040501,2025,1.0,2.0,4.0,1.6,2.3,19.9,False,0.0,True,0.5333333333333333,True,1.3,False,0.0,False,0.0,False,0.0,False,0.0,1-2人気,1-2倍
202509040502,2025,1.0,6.0,4.0,2.3,34.9,6.7,False,0.0,False,0.0,False,0.0,False,0.0,False,0.0,False,0.0,False,0.0,1-2人気,2-5倍
202509040503,2025,3.0,1.0,2.0,3.8,1.7,2.9,False,0.0,False,0.0,False,0.0,False,0.0,False,0.0,False,0.0,False,0.0,3-5人気,2-5倍
202509040504,2025,2.0,5.0,6.0,4.3,9.5,15.3,False,0.0,False,0.0,False,0.0,False,0.0,False,0.0,False,0.0,False,0.0,1-2人気,2-5倍
202509040505,2025,1.0,3.0,2.0,1.7,6.5,5.1,False,0.0,False,0.0,False,0.0,False,0.0,False,0.0,False,0.0,False,0.0,1-2人気,1-2倍
202509040506,2025,1.0,6.0,2.0,1.9,14.8,5.1,True,1.9,True,0.6333333333333333,False,0.0,False,0.0,False,0.0,False,0.0,False,0.0,1-2人気,1-2倍
202509040507,2025,2.0,4.0,3.0,3.3,11.6,4.0,True,3.3,True,1.0999999999999999,False,0.0,False,0.0,False,0.0,False,0.0,False,0.0,1-2人気,2-5倍
202509040508,2025,3.0,1.0,2.0,5.9,2.2,2.6,False,0.0,True,1.9666666666666668,True,2.7000000000000006,False,0.0,False,0.0,True,1.1249333333333336,False,0.0,3-5人気,5-10倍
202509040509,2025,1.0,2.0,5.0,1.7,4.0,23.4,True,1.7,True,0.5666666666666667,False,0.0,False,0.0,False,0.0,False,0.0,False,0.0,1-2人気,1-2倍
202509040510,2025,1.0,4.0,3.0,1.9,11.7,3.6,False,0.0,False,0.0,False,0.0,False,0.0,False,0.0,False,0.0,False,0.0,1-2人気,1-2倍
202509040511,2025,1.0,4.0,8.0,2.8,8.9,22.8,False,0.0,True,0.9333333333333332,False,0.0,False,0.0,False,0.0,False,0.0,False,0.0,1-2人気,2-5倍
202509040512,2025,2.0,8.0,10.0,5.0,13.1,30.1,False,0.0,False,0.0,False,0.0,False,0.0,False,0.0,False,0.0,False,0.0,1-2人気,2-5倍
202509040601,2025,1.0,2.0,3.0,2.1,2.5,4.0,True,2.1,True,0.7000000000000001,False,0.0,False,0.0,False,0.0,False,0.0,False,0.0,1-2人気,2-5倍
202509040602,2025,4.0,5.0,1.0,17.1,20.2,1.7,False,0.0,False,0.0,False,0.0,False,0.0,False,0.0,False,0.0,False,0.0,3-5人気,10-20倍
202509040603,2025,3.0,2.0,9.0,4.9,3.7,52.4,False,0.0,True,1.6333333333333335,False,0.0,False,0.0,False,0.0,False,0.0,False,0.0,3-5人気,2-5倍
202509040604,2025,4.0,2.0,1.0,12.7,2.7,1.7,False,0.0,True,4.233333333333333,True,5.133333333333333,False,0.0,False,0.0,True,1.9431,False,0.0,3-5人気,10-20倍
202509040605,2025,1.0,11.0,7.0,2.3,62.6,26.6,False,0.0,False,0.0,False,0.0,False,0.0,False,0.0,False,0.0,False,0.0,1-2人気,2-5倍
202509040606,2025,1.0,2.0,6.0,2.5,3.0,23.6,False,0.0,True,0.8333333333333334,True,1.8333333333333333,True,0.75,False,0.0,False,0.0,False,0.0,1-2人気,2-5倍
202509040607,2025,2.0,4.0,1.0,3.2,12.2,2.5,False,0.0,True,1.0666666666666667,False,0.0,False,0.0,False,0.0,False,0.0,False,0.0,1-2人気,2-5倍
202509040608,2025,4.0,1.0,6.0,15.1,1.8,28.6,False,0.0,False,0.0,False,0.0,False,0.0,False,0.0,False,0.0,False,0.0,3-5人気,10-20倍
202509040609,2025,3.0,2.0,5.0,9.5,5.7,14.2,False,0.0,True,3.1666666666666665,False,0.0,False,0.0,False,0.0,False,0.0,False,0.0,3-5人気,5-10倍
202509040610,2025,2.0,1.0,5.0,4.2,1.4,14.9,False,0.0,True,1.4000000000000001,True,1.8666666666666665,True,0.588,False,0.0,False,0.0,False,0.0,1-2人気,2-5倍
202509040611,2025,1.0,2.0,5.0,3.3,3.6,7.5,False,0.0,False,0.0,False,0.0,False,0.0,False,0.0,False,0.0,False,0.0,1-2人気,2-5倍
202509040612,2025,1.0,3.0,13.0,2.4,7.1,104.3,False,0.0,True,0.7999999999999999,False,0.0,False,0.0,False,0.0,False,0.0,False,0.0,1-2人気,2-5倍
202509040701,2025,3.0,2.0,5.0,6.5,4.3,9.6,False,0.0,False,0.0,False,0.0,False,0.0,False,0.0,False,0.0,False,0.0,3-5人気,5-10倍
202509040702,2025,1.0,4.0,3.0,3.1,6.3,4.1,False,0.0,True,1.0333333333333334,False,0.0,False,0.0,False,0.0,False,0.0,False,0.0,1-2人気,2-5倍
202509040703,2025,2.0,1.0,6.0,3.2,2.4,18.3,False,0.0,True,1.0666666666666667,False,0.0,False,0.0,False,0.0,False,0.0,False,0.0,1-2人気,2-5倍
202509040704,2025,2.0,3.0,5.0,2.8,4.2,16.7,False,0.0,True,0.9333333333333332,True,2.3333333333333335,False,0.0,False,0.0,False,0.0,False,0.0,1-2人気,2-5倍
202509040705,2025,3.0,7.0,4.0,5.6,25.5,6.9,False,0.0,False,0.0,False,0.0,False,0.0,False,0.0,False,0.0,False,0.0,3-5人気,5-10倍
202509040706,2025,1.0,4.0,5.0,1.8,7.8,8.3,False,0.0,True,0.6,False,0.0,False,0.0,False,0.0,False,0.0,False,0.0,1-2人気,1-2倍
202509040707,2025,5.0,6.0,1.0,11.2,13.3,2.4,False,0.0,False,0.0,False,0.0,False,0.0,False,0.0,False,0.0,False,0.0,3-5人気,10-20倍
202509040708,2025,1.0,2.0,5.0,1.7,4.6,18.9,False,0.0,False,0.0,False,0.0,False,0.0,False,0.0,False,0.0,False,0.0,1-2人気,1-2倍
202509040709,2025,1.0,4.0,5.0,2.0,12.0,13.4,False,0.0,False,0.0,False,0.0,False,0.0,False,0.0,False,0.0,False,0.0,1-2人気,1-2倍
202509040710,2025,1.0,8.0,2.0,2.1,21.5,4.0,False,0.0,True,0.7000000000000001,False,0.0,False,0.0,False,0.0,False,0.0,False,0.0,1-2人気,2-5倍
202509040711,2025,2.0,6.0,1.0,2.7,19.4,2.5,True,2.7,True,0.9,False,0.0,False,0.0,False,0.0,False,0.0,False,0.0,1-2人気,2-5倍
202509040712,2025,1.0,9.0,3.0,3.2,23.1,5.3,True,3.2,True,1.0666666666666667,False,0.0,False,0.0,False,0.0,False,0.0,False,0.0,1-2人気,2-5倍
202509040801,2025,6.0,10.0,4.0,13.0,26.4,5.9,False,0.0,False,0.0,False,0.0,False,0.0,False,0.0,False,0.0,False,0.0,6-10人気,10-20倍
202509040802,2025,1.0,2.0,5.0,1.3,3.6,23.2,True,1.3,True,0.43333333333333335,True,1.6333333333333335,False,0.0,False,0.0,False,0.0,False,0.0,1-2人気,1-2倍
202509040803,2025,1.0,2.0,7.0,2.1,4.1,17.1,True,2.1,True,0.7000000000000001,False,0.0,False,0.0,False,0.0,False,0.0,False,0.0,1-2人気,2-5倍
202509040804,2025,3.0,4.0,2.0,5.0,8.5,3.1,False,0.0,False,0.0,False,0.0,False,0.0,False,0.0,False,0.0,False,0.0,3-5人気,2-5倍
202509040805,2025,1.0,5.0,6.0,2.5,14.4,21.1,False,0.0,True,0.8333333333333334,False,0.0,False,0.0,False,0.0,False,0.0,False,0.0,1-2人気,2-5倍
202509040806,2025,3.0,2.0,7.0,4.8,3.5,12.1,False,0.0,True,1.5999999999999999,True,2.766666666666667,False,0.0,False,0.0,False,0.0,False,0.0,3-5人気,2-5倍
202509040807,2025,1.0,3.0,2.0,2.6,4.9,3.0,False,0.0,False,0.0,False,0.0,False,0.0,False,0.0,False,0.0,False,0.0,1-2人気,2-5倍
202509040808,2025,4.0,1.0,2.0,4.9,2.7,3.1,False,0.0,False,0.0,False,0.0,False,0.0,False,0.0,False,0.0,False,0.0,3-5人気,2-5倍
202509040809,2025,2.0,1.0,4.0,2.8,2.2,9.0,True,2.8,True,0.9333333333333332,False,0.0,False,0.0,False,0.0,False,0.0,False,0.0,1-2人気,2-5倍
202509040810,2025,2.0,1.0,4.0,5.2,2.9,8.9,True,5.2,True,1.7333333333333334,False,0.0,False,0.0,False,0.0,False,0.0,False,0.0,1-2人気,5-10倍
202509040811,2025,5.0,9.0,7.0,12.7,37.4,19.7,False,0.0,False,0.0,False,0.0,False,0.0,False,0.0,False,0.0,False,0.0,3-5人気,10-20倍
202509040812,2025,1.0,3.0,15.0,2.2,6.0,157.3,False,0.0,False,0.0,False,0.0,False,0.0,False,0.0,False,0.0,False,0.0,1-2人気,2-5倍
202509040901,2025,2.0,1.0,8.0,2.8,2.7,29.8,False,0.0,False,0.0,False,0.0,False,0.0,False,0.0,False,0.0,False,0.0,1-2人気,2-5倍
202509040902,2025,1.0,9.0,2.0,1.9,27.8,5.6,False,0.0,False,0.0,False,0.0,False,0.0,False,0.0,False,0.0,False,0.0,1-2人気,1-2倍
202509040903,2025,5.0,7.0,2.0,10.3,24.8,2.5,False,0.0,False,0.0,False,0.0,False,0.0,False,0.0,False,0.0,False,0.0,3-5人気,10-20倍
202509040904,2025,2.0,1.0,4.0,3.0,2.9,7.3,False,0.0,False,0.0,False,0.0,False,0.0,False,0.0,False,0.0,False,0.0,1-2人気,2-5倍
202509040905,2025,6.0,3.0,10.0,9.6,5.9,31.6,False,0.0,False,0.0,False,0.0,False,0.0,False,0.0,False,0.0,False,0.0,6-10人気,5-10倍
202509040906,2025,2.0,9.0,1.0,6.3,21.0,3.1,False,0.0,False,0.0,False,0.0,False,0.0,False,0.0,False,0.0,False,0.0,1-2人気,5-10倍
202509040907,2025,2.0,4.0,5.0,4.5,7.7,10.2,False,0.0,False,0.0,False,0.0,False,0.0,False,0.0,False,0.0,False,0.0,1-2人気,2-5倍
202509040908,2025,2.0,1.0,3.0,5.0,2.0,6.6,False,0.0,False,0.0,False,0.0,False,0.0,False,0.0,False,0.0,False,0.0,1-2人気,2-5倍
202509040909,2025,1.0,5.0,6.0,1.3,13.8,17.2,True,1.3,True,0.43333333333333335,False,0.0,False,0.0,False,0.0,False,0.0,False,0.0,1-2人気,1-2倍
202509040910,2025,9.0,4.0,6.0,26.2,5.9,9.3,False,0.0,False,0.0,False,0.0,False,0.0,False,0.0,False,0.0,False,0.0,6-10人気,20-50倍
202509040911,2025,3.0,2.0,8.0,5.7,4.0,20.2,False,0.0,True,1.9000000000000001,False,0.0,False,0.0,False,0.0,False,0.0,False,0.0,3-5人気,5-10倍
202509040912,2025,3.0,5.0,6.0,5.4,9.3,21.0,False,0.0,False,0.0,False,0.0,False,0.0,False,0.0,False,0.0,False,0.0,3-5人気,5-10倍
202509050101,2025,8.0,1.0,4.0,39.6,1.6,10.4,False,0.0,False,0.0,False,0.0,False,0.0,False,0.0,False,0.0,False,0.0,6-10人気,20-50倍
202509050102,2025,2.0,4.0,11.0,3.2,13.7,45.9,False,0.0,False,0.0,False,0.0,False,0.0,False,0.0,False,0.0,False,0.0,1-2人気,2-5倍
202509050103,2025,3.0,2.0,5.0,8.9,3.8,14.0,True,8.9,True,2.966666666666667,True,4.233333333333333,True,3.382,True,6.764,False,0.0,False,0.0,3-5人気,5-10倍
202509050104,2025,1.0,2.0,4.0,1.4,4.3,11.2,True,1.4,True,0.4666666666666666,True,1.8999999999999997,True,0.602,True,1.204,False,0.0,False,0.0,1-2人気,1-2倍
202509050105,2025,1.0,5.0,4.0,1.5,28.4,13.0,False,0.0,False,0.0,False,0.0,False,0.0,False,0.0,False,0.0,False,0.0,1-2人気,1-2倍
202509050106,2025,1.0,6.0,4.0,2.0,22.2,8.6,False,0.0,False,0.0,False,0.0,False,0.0,False,0.0,False,0.0,False,0.0,1-2人気,1-2倍
202509050107,2025,1.0,2.0,4.0,2.2,5.7,7.7,False,0.0,False,0.0,False,0.0,False,0.0,False,0.0,False,0.0,False,0.0,1-2人気,2-5倍
202509050108,2025,1.0,5.0,4.0,2.3,14.6,9.6,False,0.0,False,0.0,False,0.0,False,0.0,False,0.0,False,0.0,False,0.0,1-2人気,2-5倍
202509050109,2025,1.0,3.0,2.0,2.1,3.8,3.3,True,2.1,True,0.7000000000000001,True,1.9666666666666668,False,0.0,False,0.0,True,0.8777999999999999,False,0.0,1-2人気,2-5倍
202509050110,2025,6.0,2.0,1.0,9.8,4.0,3.3,False,0.0,True,3.266666666666667,True,4.6000000000000005,False,0.0,False,0.0,False,0.0,False,0.0,6-10人気,5-10倍
202509050111,2025,1.0,2.0,10.0,2.6,4.3,36.3,False,0.0,False,0.0,False,0.0,False,0.0,False,0.0,False,0.0,False,0.0,1-2人気,2-5倍
202509050112,2025,3.0,9.0,1.0,5.8,32.3,2.8,False,0.0,False,0.0,False,0.0,False,0.0,False,0.0,False,0.0,False,0.0,3-5人気,5-10倍
202509050201,2025,2.0,3.0,5.0,4.0,5.9,15.3,False,0.0,False,0.0,False,0.0,False,0.0,False,0.0,False,0.0,False,0.0,1-2人気,2-5倍
202509050202,2025,4.0,3.0,13.0,9.0,8.4,101.2,False,0.0,False,0.0,False,0.0,False,0.0,False,0.0,False,0.0,False,0.0,3-5人気,5-10倍
202509050203,2025,7.0,5.0,1.0,19.2,10.1,3.3,False,0.0,True,6.3999999999999995,False,0.0,False,0.0,False,0.0,False,0.0,False,0.0,6-10人気,10-20倍
202509050204,2025,3.0,4.0,1.0,4.9,7.7,2.6,False,0.0,False,0.0,False,0.0,False,0.0,False,0.0,False,0.0,False,0.0,3-5人気,2-5倍
202509050205,2025,2.0,11.0,4.0,4.4,31.3,11.1,True,4.4,True,1.4666666666666668,False,0.0,False,0.0,False,0.0,False,0.0,False,0.0,1-2人気,2-5倍
202509050206,2025,2.0,1.0,4.0,4.0,3.1,5.1,False,0.0,False,0.0,False,0.0,False,0.0,False,0.0,False,0.0,False,0.0,1-2人気,2-5倍
202509050207,2025,6.0,1.0,5.0,14.7,2.9,9.7,False,0.0,False,0.0,False,0.0,False,0.0,False,0.0,False,0.0,False,0.0,6-10人気,10-20倍
202509050208,2025,2.0,1.0,3.0,2.9,2.2,4.3,False,0.0,True,0.9666666666666667,False,0.0,False,0.0,False,0.0,False,0.0,False,0.0,1-2人気,2-5倍
202509050209,2025,5.0,7.0,2.0,15.1,19.5,4.6,False,0.0,False,0.0,False,0.0,False,0.0,False,0.0,False,0.0,False,0.0,3-5人気,10-20倍
202509050210,2025,5.0,9.0,8.0,8.4,20.6,15.8,False,0.0,True,2.8000000000000003,False,0.0,False,0.0,False,0.0,False,0.0,False,0.0,3-5人気,5-10倍
202509050211,2025,10.0,5.0,9.0,20.6,8.1,18.8,False,0.0,False,0.0,False,0.0,False,0.0,False,0.0,False,0.0,False,0.0,6-10人気,20-50倍
202509050212,2025,4.0,5.0,6.0,10.0,10.8,12.0,False,0.0,False,0.0,False,0.0,False,0.0,False,0.0,False,0.0,False,0.0,3-5人気,5-10倍
202509050301,2025,4.0,2.0,3.0,5.2,4.5,4.7,False,0.0,False,0.0,False,0.0,False,0.0,False,0.0,False,0.0,False,0.0,3-5人気,5-10倍
202509050302,2025,2.0,1.0,3.0,2.6,2.0,5.4,True,2.6,True,0.8666666666666667,True,1.5333333333333332,True,0.52,True,1.04,True,0.936,True,2.8080000000000003,1-2人気,2-5倍
202509050303,2025,5.0,8.0,2.0,7.6,34.4,4.4,False,0.0,False,0.0,False,0.0,False,0.0,False,0.0,False,0.0,False,0.0,3-5人気,5-10倍
202509050304,2025,1.0,6.0,2.0,3.0,19.1,3.2,False,0.0,False,0.0,False,0.0,False,0.0,False,0.0,False,0.0,False,0.0,1-2人気,2-5倍
202509050305,2025,2.0,3.0,4.0,3.0,4.1,9.9,True,3.0,True,1.0,True,2.3666666666666667,False,0.0,False,0.0,False,0.0,False,0.0,1-2人気,2-5倍
202509050306,2025,1.0,3.0,7.0,2.1,7.0,31.1,False,0.0,True,0.7000000000000001,True,3.033333333333333,False,0.0,False,0.0,False,0.0,False,0.0,1-2人気,2-5倍
202509050307,2025,1.0,5.0,3.0,1.5,8.2,6.1,False,0.0,True,0.5,True,3.233333333333333,False,0.0,False,0.0,False,0.0,False,0.0,1-2人気,1-2倍
202509050308,2025,1.0,4.0,3.0,2.7,7.8,4.9,True,2.7,True,0.9,False,0.0,False,0.0,False,0.0,False,0.0,False,0.0,1-2人気,2-5倍
202509050309,2025,3.0,4.0,1.0,4.7,7.5,1.7,False,0.0,False,0.0,False,0.0,False,0.0,False,0.0,False,0.0,False,0.0,3-5人気,2-5倍
202509050310,2025,1.0,5.0,2.0,2.7,12.8,3.2,False,0.0,True,0.9,False,0.0,False,0.0,False,0.0,False,0.0,False,0.0,1-2人気,2-5倍
202509050311,2025,3.0,2.0,8.0,5.7,2.9,42.3,False,0.0,False,0.0,False,0.0,False,0.0,False,0.0,False,0.0,False,0.0,3-5人気,5-10倍
202509050312,2025,2.0,1.0,3.0,3.6,1.7,7.4,False,0.0,True,1.2,False,0.0,False,0.0,False,0.0,False,0.0,False,0.0,1-2人気,2-5倍
202509050401,2025,2.0,6.0,3.0,3.6,20.1,5.6,True,3.6,True,1.2,False,0.0,False,0.0,False,0.0,False,0.0,False,0.0,1-2人気,2-5倍
202509050402,2025,5.0,1.0,2.0,12.0,1.7,5.4,False,0.0,False,0.0,False,0.0,False,0.0,False,0.0,False,0.0,False,0.0,3-5人気,10-20倍
202509050403,2025,1.0,6.0,7.0,1.5,11.8,22.0,True,1.5,True,0.5,False,0.0,False,0.0,False,0.0,False,0.0,False,0.0,1-2人気,1-2倍
202509050404,2025,2.0,1.0,5.0,3.3,2.5,20.1,False,0.0,False,0.0,False,0.0,False,0.0,False,0.0,False,0.0,False,0.0,1-2人気,2-5倍
202509050405,2025,1.0,4.0,2.0,1.3,9.7,4.0,True,1.3,True,0.43333333333333335,True,3.6666666666666665,True,1.261,True,2.522,True,1.6813333333333333,True,5.044,1-2人気,1-2倍
202509050406,2025,2.0,3.0,6.0,2.3,6.5,23.4,False,0.0,True,0.7666666666666666,False,0.0,False,0.0,False,0.0,False,0.0,False,0.0,1-2人気,2-5倍
202509050407,2025,2.0,3.0,1.0,2.8,7.8,2.7,False,0.0,False,0.0,False,0.0,False,0.0,False,0.0,False,0.0,False,0.0,1-2人気,2-5倍
202509050408,2025,2.0,5.0,3.0,3.3,11.9,4.0,False,0.0,False,0.0,False,0.0,False,0.0,False,0.0,False,0.0,False,0.0,1-2人気,2-5倍
202509050409,2025,1.0,2.0,3.0,2.8,3.3,5.4,False,0.0,False,0.0,False,0.0,False,0.0,False,0.0,False,0.0,False,0.0,1-2人気,2-5倍
202509050410,2025,4.0,3.0,1.0,14.6,6.2,2.1,False,0.0,False,0.0,False,0.0,False,0.0,False,0.0,False,0.0,False,0.0,3-5人気,10-20倍
202509050411,2025,4.0,2.0,6.0,7.2,5.0,11.5,False,0.0,True,2.4,True,4.066666666666666,True,3.6,False,0.0,True,13.8,False,0.0,3-5人気,5-10倍
202509050412,2025,2.0,3.0,1.0,3.0,4.6,2.7,False,0.0,True,1.0,True,2.533333333333333,False,0.0,False,0.0,False,0.0,False,0.0,1-2人気,2-5倍
202509050501,2025,1.0,3.0,5.0,2.4,5.1,8.8,False,0.0,True,0.7999999999999999,False,0.0,False,0.0,False,0.0,False,0.0,False,0.0,1-2人気,2-5倍
202509050502,2025,4.0,1.0,2.0,10.8,1.5,3.3,False,0.0,True,3.6,True,4.1000000000000005,True,1.6200000000000003,False,0.0,True,1.7820000000000003,False,0.0,3-5人気,10-20倍
202509050503,2025,5.0,1.0,2.0,8.0,3.0,3.5,False,0.0,True,2.6666666666666665,True,3.6666666666666665,False,0.0,False,0.0,False,0.0,False,0.0,3-5人気,5-10倍
202509050504,2025,7.0,1.0,2.0,17.0,3.6,3.7,False,0.0,False,0.0,False,0.0,False,0.0,False,0.0,False,0.0,False,0.0,6-10人気,10-20倍
202509050505,2025,1.0,3.0,9.0,2.4,6.3,28.5,False,0.0,False,0.0,False,0.0,False,0.0,False,0.0,False,0.0,False,0.0,1-2人気,2-5倍
202509050506,2025,3.0,2.0,1.0,4.1,3.5,2.4,False,0.0,False,0.0,False,0.0,False,0.0,False,0.0,False,0.0,False,0.0,3-5人気,2-5倍
202509050507,2025,6.0,1.0,5.0,23.5,1.5,21.1,False,0.0,True,7.833333333333333,True,8.333333333333334,True,3.525,False,0.0,False,0.0,False,0.0,6-10人気,20-50倍
202509050508,2025,1.0,2.0,3.0,2.4,3.6,5.1,False,0.0,True,0.7999999999999999,False,0.0,False,0.0,False,0.0,False,0.0,False,0.0,1-2人気,2-5倍
202509050509,2025,1.0,5.0,4.0,2.6,14.3,6.1,False,0.0,False,0.0,False,0.0,False,0.0,False,0.0,False,0.0,False,0.0,1-2人気,2-5倍
202509050510,2025,4.0,3.0,1.0,21.6,3.3,2.0,False,0.0,False,0.0,False,0.0,False,0.0,False,0.0,False,0.0,False,0.0,3-5人気,20-50倍
202509050511,2025,3.0,13.0,1.0,5.4,44.3,3.1,False,0.0,False,0.0,False,0.0,False,0.0,False,0.0,False,0.0,False,0.0,3-5人気,5-10倍
202509050512,2025,5.0,2.0,1.0,7.2,4.4,3.6,False,0.0,False,0.0,False,0.0,False,0.0,False,0.0,False,0.0,False,0.0,3-5人気,5-10倍
202509050601,2025,1.0,5.0,4.0,1.2,32.7,13.7,False,0.0,True,0.39999999999999997,False,0.0,False,0.0,False,0.0,False,0.0,False,0.0,1-2人気,1-2倍
202509050602,2025,1.0,2.0,7.0,2.4,4.6,13.7,True,2.4,True,0.7999999999999999,False,0.0,False,0.0,False,0.0,False,0.0,False,0.0,1-2人気,2-5倍
202509050603,2025,3.0,1.0,5.0,7.5,3.0,10.7,False,0.0,False,0.0,False,0.0,False,0.0,False,0.0,False,0.0,False,0.0,3-5人気,5-10倍
202509050604,2025,4.0,1.0,2.0,6.2,1.9,4.0,False,0.0,False,0.0,False,0.0,False,0.0,False,0.0,False,0.0,False,0.0,3-5人気,5-10倍
202509050605,2025,5.0,1.0,3.0,9.0,3.5,5.4,True,9.0,True,3.0,True,4.166666666666667,False,0.0,False,0.0,False,0.0,False,0.0,3-5人気,5-10倍
202509050606,2025,4.0,3.0,2.0,6.7,6.4,4.0,False,0.0,True,2.2333333333333334,False,0.0,False,0.0,False,0.0,False,0.0,False,0.0,3-5人気,5-10倍
202509050607,2025,4.0,2.0,6.0,7.2,5.4,14.0,False,0.0,False,0.0,False,0.0,False,0.0,False,0.0,False,0.0,False,0.0,3-5人気,5-10倍
202509050608,2025,4.0,2.0,1.0,5.7,3.5,3.1,False,0.0,False,0.0,False,0.0,False,0.0,False,0.0,False,0.0,False,0.0,3-5人気,5-10倍
202509050609,2025,3.0,5.0,9.0,9.6,13.4,44.7,False,0.0,False,0.0,False,0.0,False,0.0,False,0.0,False,0.0,False,0.0,3-5人気,5-10倍
202509050610,2025,6.0,4.0,1.0,9.6,8.7,3.1,False,0.0,True,3.1999999999999997,False,0.0,False,0.0,False,0.0,False,0.0,False,0.0,6-10人気,5-10倍
202509050611,2025,2.0,6.0,5.0,3.6,22.2,8.3,True,3.6,True,1.2,False,0.0,False,0.0,False,0.0,False,0.0,False,0.0,1-2人気,2-5倍
202509050612,2025,9.0,1.0,3.0,25.8,2.5,5.5,False,0.0,False,0.0,False,0.0,False,0.0,False,0.0,False,0.0,False,0.0,6-10人気,20-50倍
202509050701,2025,3.0,1.0,2.0,8.8,2.2,2.8,True,8.8,True,2.9333333333333336,True,3.6666666666666665,True,1.9360000000000004,True,3.8720000000000008,False,0.0,False,0.0,3-5人気,5-10倍
202509050702,2025,1.0,4.0,2.0,1.8,7.2,3.8,False,0.0,False,0.0,False,0.0,False,0.0,False,0.0,False,0.0,False,0.0,1-2人気,1-2倍
202509050703,2025,2.0,1.0,3.0,2.8,1.8,8.8,False,0.0,True,0.9333333333333332,True,1.5333333333333332,True,0.504,False,0.0,False,0.0,False,0.0,1-2人気,2-5倍
202509050704,2025,3.0,4.0,2.0,4.6,5.2,4.0,False,0.0,False,0.0,False,0.0,False,0.0,False,0.0,False,0.0,False,0.0,3-5人気,2-5倍
202509050705,2025,4.0,1.0,3.0,6.2,3.2,3.9,False,0.0,True,2.066666666666667,False,0.0,False,0.0,False,0.0,False,0.0,False,0.0,3-5人気,5-10倍
202509050706,2025,5.0,1.0,3.0,6.0,3.7,5.0,False,0.0,False,0.0,False,0.0,False,0.0,False,0.0,False,0.0,False,0.0,3-5人気,5-10倍
202509050707,2025,2.0,1.0,4.0,4.7,2.4,5.7,False,0.0,False,0.0,False,0.0,False,0.0,False,0.0,False,0.0,False,0.0,1-2人気,2-5倍
202509050708,2025,2.0,8.0,1.0,3.9,16.5,3.7,False,0.0,False,0.0,False,0.0,False,0.0,False,0.0,False,0.0,False,0.0,1-2人気,2-5倍
202509050709,2025,5.0,2.0,3.0,7.8,4.9,6.9,False,0.0,False,0.0,False,0.0,False,0.0,False,0.0,False,0.0,False,0.0,3-5人気,5-10倍
202509050710,2025,2.0,11.0,7.0,4.2,50.6,14.7,True,4.2,True,1.4000000000000001,False,0.0,False,0.0,False,0.0,False,0.0,False,0.0,1-2人気,2-5倍
202509050711,2025,1.0,6.0,2.0,1.9,22.8,6.4,False,0.0,True,0.6333333333333333,False,0.0,False,0.0,False,0.0,False,0.0,False,0.0,1-2人気,1-2倍
202509050712,2025,3.0,1.0,4.0,6.5,1.8,8.5,False,0.0,False,0.0,False,0.0,False,0.0,False,0.0,False,0.0,False,0.0,3-5人気,5-10倍
202509050801,2025,1.0,3.0,6.0,1.8,7.3,24.4,True,1.8,True,0.6,False,0.0,False,0.0,False,0.0,False,0.0,False,0.0,1-2人気,1-2倍
202509050802,2025,1.0,2.0,6.0,1.5,7.7,22.2,True,1.5,True,0.5,True,3.0666666666666664,True,1.155,True,2.31,False,0.0,False,0.0,1-2人気,1-2倍
202509050803,2025,2.0,5.0,9.0,4.3,8.9,36.9,False,0.0,False,0.0,False,0.0,False,0.0,False,0.0,False,0.0,False,0.0,1-2人気,2-5倍
202509050804,2025,9.0,6.0,12.0,41.7,16.8,82.9,False,0.0,False,0.0,False,0.0,False,0.0,False,0.0,False,0.0,False,0.0,6-10人気,20-50倍
202509050805,2025,2.0,12.0,1.0,3.7,77.9,3.1,False,0.0,False,0.0,False,0.0,False,0.0,False,0.0,False,0.0,False,0.0,1-2人気,2-5倍
202509050806,2025,6.0,2.0,3.0,15.0,4.5,4.6,False,0.0,False,0.0,False,0.0,False,0.0,False,0.0,False,0.0,False,0.0,6-10人気,10-20倍
202509050807,2025,3.0,1.0,6.0,6.2,2.0,12.4,False,0.0,False,0.0,False,0.0,False,0.0,False,0.0,False,0.0,False,0.0,3-5人気,5-10倍
202509050808,2025,1.0,2.0,4.0,3.6,4.6,6.8,False,0.0,True,1.2,True,2.733333333333333,False,0.0,False,0.0,False,0.0,False,0.0,1-2人気,2-5倍
202509050809,2025,2.0,1.0,4.0,3.7,2.7,5.9,False,0.0,False,0.0,False,0.0,False,0.0,False,0.0,False,0.0,False,0.0,1-2人気,2-5倍
202509050810,2025,1.0,2.0,7.0,1.4,3.8,52.2,True,1.4,True,0.4666666666666666,False,0.0,False,0.0,False,0.0,False,0.0,False,0.0,1-2人気,1-2倍
202509050811,2025,9.0,6.0,4.0,26.2,10.8,6.9,False,0.0,False,0.0,False,0.0,False,0.0,False,0.0,False,0.0,False,0.0,6-10人気,20-50倍
202509050812,2025,7.0,3.0,6.0,21.3,4.6,9.6,False,0.0,False,0.0,False,0.0,False,0.0,False,0.0,False,0.0,False,0.0,6-10人気,20-50倍
202510010101,2025,6.0,2.0,1.0,23.9,2.7,2.1,False,0.0,True,7.966666666666666,False,0.0,False,0.0,False,0.0,False,0.0,False,0.0,6-10人気,20-50倍
202510010102,2025,1.0,2.0,6.0,1.8,5.7,12.1,False,0.0,False,0.0,False,0.0,False,0.0,False,0.0,False,0.0,False,0.0,1-2人気,1-2倍
202510010103,2025,2.0,4.0,3.0,4.5,7.2,4.8,False,0.0,False,0.0,False,0.0,False,0.0,False,0.0,False,0.0,False,0.0,1-2人気,2-5倍
202510010104,2025,1.0,2.0,6.0,2.3,2.7,19.8,False,0.0,True,0.7666666666666666,True,1.6666666666666667,True,0.621,False,0.0,False,0.0,False,0.0,1-2人気,2-5倍
202510010105,2025,1.0,2.0,5.0,1.3,3.7,22.2,False,0.0,True,0.43333333333333335,True,1.6666666666666667,True,0.48100000000000004,False,0.0,True,3.5594000000000006,False,0.0,1-2人気,1-2倍
202510010106,2025,1.0,3.0,5.0,1.9,7.0,17.7,False,0.0,False,0.0,False,0.0,False,0.0,False,0.0,False,0.0,False,0.0,1-2人気,1-2倍
202510010107,2025,2.0,4.0,1.0,5.0,6.9,4.4,False,0.0,False,0.0,False,0.0,False,0.0,False,0.0,False,0.0,False,0.0,1-2人気,2-5倍
202510010108,2025,2.0,5.0,6.0,4.4,8.1,9.5,False,0.0,False,0.0,False,0.0,False,0.0,False,0.0,False,0.0,False,0.0,1-2人気,2-5倍
202510010109,2025,8.0,2.0,6.0,18.5,6.5,14.4,False,0.0,True,6.166666666666667,False,0.0,False,0.0,False,0.0,False,0.0,False,0.0,6-10人気,10-20倍
202510010110,2025,1.0,2.0,10.0,2.3,6.2,31.2,False,0.0,True,0.7666666666666666,True,2.8333333333333335,False,0.0,False,0.0,True,14.8304,False,0.0,1-2人気,2-5倍
202510010111,2025,7.0,5.0,2.0,14.4,12.4,3.7,True,14.4,True,4.8,True,8.933333333333334,False,0.0,False,0.0,False,0.0,False,0.0,6-10人気,10-20倍
202510010112,2025,1.0,2.0,7.0,2.6,3.5,14.4,True,2.6,True,0.8666666666666667,True,2.033333333333333,False,0.0,False,0.0,False,0.0,False,0.0,1-2人気,2-5倍
202510010201,2025,1.0,3.0,2.0,1.9,5.4,5.3,True,1.9,True,0.6333333333333333,False,0.0,False,0.0,False,0.0,False,0.0,False,0.0,1-2人気,1-2倍
202510010202,2025,1.0,2.0,5.0,2.1,2.2,21.9,False,0.0,True,0.7000000000000001,True,1.4333333333333336,False,0.0,False,0.0,False,0.0,False,0.0,1-2人気,2-5倍
202510010203,2025,2.0,1.0,7.0,4.0,3.7,30.2,False,0.0,True,1.3333333333333333,False,0.0,False,0.0,False,0.0,False,0.0,False,0.0,1-2人気,2-5倍
202510010204,2025,4.0,2.0,8.0,13.2,3.8,43.3,False,0.0,True,4.3999999999999995,True,5.666666666666667,True,5.016,False,0.0,False,0.0,False,0.0,3-5人気,10-20倍
202510010205,2025,6.0,4.0,3.0,18.5,7.5,5.6,False,0.0,False,0.0,False,0.0,False,0.0,False,0.0,False,0.0,False,0.0,6-10人気,10-20倍
202510010206,2025,2.0,14.0,9.0,4.4,102.9,27.6,False,0.0,False,0.0,False,0.0,False,0.0,False,0.0,False,0.0,False,0.0,1-2人気,2-5倍
202510010207,2025,1.0,2.0,6.0,4.0,4.1,11.6,False,0.0,False,0.0,False,0.0,False,0.0,False,0.0,False,0.0,False,0.0,1-2人気,2-5倍
202510010208,2025,3.0,10.0,2.0,5.6,22.3,4.2,False,0.0,False,0.0,False,0.0,False,0.0,False,0.0,False,0.0,False,0.0,3-5人気,5-10倍
202510010209,2025,13.0,8.0,1.0,43.9,34.3,2.2,False,0.0,False,0.0,False,0.0,False,0.0,False,0.0,False,0.0,False,0.0,11人気以下,20-50倍
202510010210,2025,8.0,2.0,12.0,48.0,4.3,110.2,False,0.0,False,0.0,False,0.0,False,0.0,False,0.0,False,0.0,False,0.0,6-10人気,20-50倍
202510010211,2025,4.0,2.0,5.0,5.8,3.9,9.0,False,0.0,False,0.0,False,0.0,False,0.0,False,0.0,False,0.0,False,0.0,3-5人気,5-10倍
202510010212,2025,7.0,5.0,2.0,23.9,8.1,4.9,False,0.0,True,7.966666666666666,False,0.0,False,0.0,False,0.0,False,0.0,False,0.0,6-10人気,20-50倍
202510010301,2025,2.0,11.0,5.0,5.2,93.0,7.0,False,0.0,False,0.0,False,0.0,False,0.0,False,0.0,False,0.0,False,0.0,1-2人気,5-10倍
202510010302,2025,1.0,2.0,7.0,3.5,4.1,14.5,False,0.0,True,1.1666666666666667,True,2.533333333333333,True,1.4349999999999998,False,0.0,False,0.0,False,0.0,1-2人気,2-5倍
202510010303,2025,5.0,3.0,1.0,14.6,7.8,2.0,False,0.0,True,4.866666666666666,False,0.0,False,0.0,False,0.0,False,0.0,False,0.0,3-5人気,10-20倍
202510010304,2025,1.0,2.0,4.0,1.5,3.4,18.6,False,0.0,True,0.5,False,0.0,False,0.0,False,0.0,False,0.0,False,0.0,1-2人気,1-2倍
202510010305,2025,8.0,2.0,3.0,15.7,4.1,4.7,False,0.0,False,0.0,False,0.0,False,0.0,False,0.0,False,0.0,False,0.0,6-10人気,10-20倍
202510010306,2025,5.0,4.0,1.0,7.7,7.0,3.6,False,0.0,False,0.0,False,0.0,False,0.0,False,0.0,False,0.0,False,0.0,3-5人気,5-10倍
202510010307,2025,1.0,12.0,2.0,2.0,128.2,4.5,True,2.0,True,0.6666666666666666,False,0.0,False,0.0,False,0.0,False,0.0,False,0.0,1-2人気,1-2倍
202510010308,2025,3.0,4.0,1.0,5.2,6.6,3.8,False,0.0,True,1.7333333333333334,False,0.0,False,0.0,False,0.0,False,0.0,False,0.0,3-5人気,5-10倍
202510010309,2025,5.0,2.0,1.0,8.0,5.0,3.5,False,0.0,False,0.0,False,0.0,False,0.0,False,0.0,False,0.0,False,0.0,3-5人気,5-10倍
202510010310,2025,2.0,13.0,10.0,8.2,130.0,81.8,False,0.0,False,0.0,False,0.0,False,0.0,False,0.0,False,0.0,False,0.0,1-2人気,5-10倍
202510010311,2025,6.0,4.0,9.0,15.3,6.5,19.3,False,0.0,False,0.0,False,0.0,False,0.0,False,0.0,False,0.0,False,0.0,6-10人気,10-20倍
202510010312,2025,4.0,13.0,9.0,6.7,40.8,22.0,False,0.0,False,0.0,False,0.0,False,0.0,False,0.0,False,0.0,False,0.0,3-5人気,5-10倍
202510010401,2025,1.0,2.0,9.0,3.8,4.3,26.8,False,0.0,False,0.0,False,0.0,False,0.0,False,0.0,False,0.0,False,0.0,1-2人気,2-5倍
202510010402,2025,2.0,4.0,5.0,4.6,5.8,8.7,False,0.0,False,0.0,False,0.0,False,0.0,False,0.0,False,0.0,False,0.0,1-2人気,2-5倍
202510010403,2025,2.0,1.0,8.0,3.9,3.8,14.7,False,0.0,True,1.3,False,0.0,False,0.0,False,0.0,False,0.0,False,0.0,1-2人気,2-5倍
202510010404,2025,1.0,4.0,3.0,3.6,7.1,6.0,False,0.0,False,0.0,False,0.0,False,0.0,False,0.0,False,0.0,False,0.0,1-2人気,2-5倍
202510010405,2025,2.0,1.0,10.0,3.6,3.3,32.9,False,0.0,False,0.0,False,0.0,False,0.0,False,0.0,False,0.0,False,0.0,1-2人気,2-5倍
202510010406,2025,1.0,6.0,4.0,2.9,11.4,7.3,False,0.0,False,0.0,False,0.0,False,0.0,False,0.0,False,0.0,False,0.0,1-2人気,2-5倍
202510010407,2025,1.0,3.0,8.0,4.0,7.2,18.1,False,0.0,False,0.0,False,0.0,False,0.0,False,0.0,False,0.0,False,0.0,1-2人気,2-5倍
202510010408,2025,1.0,4.0,2.0,2.6,5.1,3.2,False,0.0,False,0.0,False,0.0,False,0.0,False,0.0,False,0.0,False,0.0,1-2人気,2-5倍
202510010409,2025,4.0,8.0,1.0,7.2,16.5,3.3,False,0.0,True,2.4,True,7.8999999999999995,False,0.0,False,0.0,False,0.0,False,0.0,3-5人気,5-10倍
202510010410,2025,2.0,12.0,4.0,4.6,31.0,8.8,False,0.0,False,0.0,False,0.0,False,0.0,False,0.0,False,0.0,False,0.0,1-2人気,2-5倍
202510010411,2025,5.0,3.0,2.0,13.6,6.0,3.9,False,0.0,False,0.0,False,0.0,False,0.0,False,0.0,False,0.0,False,0.0,3-5人気,10-20倍
202510010412,2025,17.0,13.0,1.0,72.6,40.7,4.6,False,0.0,False,0.0,False,0.0,False,0.0,False,0.0,False,0.0,False,0.0,11人気以下,50倍以上
202510010501,2025,1.0,4.0,2.0,3.7,7.4,3.9,True,3.7,True,1.2333333333333334,False,0.0,False,0.0,False,0.0,False,0.0,False,0.0,1-2人気,2-5倍
202510010502,2025,5.0,2.0,1.0,13.1,3.5,3.0,False,0.0,False,0.0,False,0.0,False,0.0,False,0.0,False,0.0,False,0.0,3-5人気,10-20倍
202510010503,2025,1.0,3.0,2.0,2.3,4.5,4.3,False,0.0,False,0.0,False,0.0,False,0.0,False,0.0,False,0.0,False,0.0,1-2人気,2-5倍
202510010504,2025,2.0,1.0,3.0,3.5,2.8,4.7,False,0.0,True,1.1666666666666667,True,2.1,True,0.9799999999999999,False,0.0,False,0.0,False,0.0,1-2人気,2-5倍
202510010505,2025,4.0,2.0,6.0,6.7,3.9,10.2,False,0.0,True,2.2333333333333334,False,0.0,False,0.0,False,0.0,False,0.0,False,0.0,3-5人気,5-10倍
202510010506,2025,1.0,2.0,4.0,2.8,4.2,7.4,True,2.8,True,0.9333333333333332,True,2.3333333333333335,False,0.0,False,0.0,False,0.0,False,0.0,1-2人気,2-5倍
202510010507,2025,1.0,2.0,4.0,2.2,4.8,8.9,False,0.0,False,0.0,False,0.0,False,0.0,False,0.0,False,0.0,False,0.0,1-2人気,2-5倍
202510010508,2025,2.0,10.0,4.0,3.8,50.3,8.4,False,0.0,False,0.0,False,0.0,False,0.0,False,0.0,False,0.0,False,0.0,1-2人気,2-5倍
202510010509,2025,1.0,3.0,4.0,2.9,5.6,8.5,False,0.0,True,0.9666666666666667,False,0.0,False,0.0,False,0.0,False,0.0,False,0.0,1-2人気,2-5倍
202510010510,2025,3.0,9.0,7.0,4.5,27.4,21.5,False,0.0,False,0.0,False,0.0,False,0.0,False,0.0,False,0.0,False,0.0,3-5人気,2-5倍
202510010511,2025,5.0,7.0,4.0,8.9,17.8,5.9,True,8.9,True,2.966666666666667,False,0.0,False,0.0,False,0.0,False,0.0,False,0.0,3-5人気,5-10倍
202510010512,2025,9.0,4.0,1.0,21.7,9.0,2.7,False,0.0,True,7.233333333333333,False,0.0,False,0.0,False,0.0,False,0.0,False,0.0,6-10人気,20-50倍
202510010601,2025,6.0,10.0,2.0,22.6,50.6,2.9,True,22.6,True,7.533333333333334,False,0.0,False,0.0,False,0.0,False,0.0,False,0.0,6-10人気,20-50倍
202510010602,2025,9.0,6.0,1.0,23.8,9.2,3.9,False,0.0,False,0.0,False,0.0,False,0.0,False,0.0,False,0.0,False,0.0,6-10人気,20-50倍
202510010603,2025,1.0,5.0,8.0,1.7,15.4,22.8,False,0.0,False,0.0,False,0.0,False,0.0,False,0.0,False,0.0,False,0.0,1-2人気,1-2倍
202510010604,2025,1.0,8.0,7.0,1.6,44.5,23.3,False,0.0,False,0.0,False,0.0,False,0.0,False,0.0,False,0.0,False,0.0,1-2人気,1-2倍
202510010605,2025,1.0,4.0,10.0,2.8,9.9,20.5,False,0.0,False,0.0,False,0.0,False,0.0,False,0.0,False,0.0,False,0.0,1-2人気,2-5倍
202510010606,2025,1.0,2.0,3.0,2.2,6.9,7.1,False,0.0,False,0.0,False,0.0,False,0.0,False,0.0,False,0.0,False,0.0,1-2人気,2-5倍
202510010607,2025,9.0,7.0,1.0,22.6,16.2,3.5,False,0.0,False,0.0,False,0.0,False,0.0,False,0.0,False,0.0,False,0.0,6-10人気,20-50倍
202510010608,2025,2.0,1.0,4.0,4.2,3.7,5.6,False,0.0,True,1.4000000000000001,True,2.6333333333333333,False,0.0,False,0.0,False,0.0,False,0.0,1-2人気,2-5倍
202510010609,2025,6.0,2.0,1.0,16.1,4.9,2.5,True,16.1,True,5.366666666666667,True,7.0,False,0.0,False,0.0,False,0.0,False,0.0,6-10人気,10-20倍
202510010610,2025,3.0,8.0,5.0,5.0,27.3,13.9,False,0.0,True,1.6666666666666667,False,0.0,False,0.0,False,0.0,False,0.0,False,0.0,3-5人気,2-5倍
202510010611,2025,5.0,11.0,3.0,7.1,62.4,5.2,False,0.0,False,0.0,False,0.0,False,0.0,False,0.0,False,0.0,False,0.0,3-5人気,5-10倍
202510010612,2025,1.0,2.0,3.0,3.5,4.4,9.1,False,0.0,False,0.0,False,0.0,False,0.0,False,0.0,False,0.0,False,0.0,1-2人気,2-5倍
202510010701,2025,2.0,3.0,4.0,3.2,3.9,8.0,False,0.0,False,0.0,False,0.0,False,0.0,False,0.0,False,0.0,False,0.0,1-2人気,2-5倍
202510010702,2025,7.0,13.0,3.0,15.1,84.7,5.6,False,0.0,False,0.0,False,0.0,False,0.0,False,0.0,False,0.0,False,0.0,6-10人気,10-20倍
202510010703,2025,4.0,2.0,1.0,9.7,4.6,2.9,False,0.0,False,0.0,False,0.0,False,0.0,False,0.0,False,0.0,False,0.0,3-5人気,5-10倍
202510010704,2025,6.0,1.0,8.0,17.3,2.0,39.6,False,0.0,True,5.766666666666667,True,6.433333333333334,True,3.46,False,0.0,False,0.0,False,0.0,6-10人気,10-20倍
202510010705,2025,1.0,12.0,3.0,3.2,102.3,4.8,True,3.2,True,1.0666666666666667,False,0.0,False,0.0,False,0.0,False,0.0,False,0.0,1-2人気,2-5倍
202510010706,2025,16.0,3.0,2.0,111.0,5.8,3.3,False,0.0,False,0.0,False,0.0,False,0.0,False,0.0,False,0.0,False,0.0,11人気以下,50倍以上
202510010707,2025,4.0,3.0,11.0,9.1,4.6,126.2,False,0.0,False,0.0,False,0.0,False,0.0,False,0.0,False,0.0,False,0.0,3-5人気,5-10倍
202510010708,2025,3.0,2.0,1.0,6.3,6.1,1.6,False,0.0,False,0.0,False,0.0,False,0.0,False,0.0,False,0.0,False,0.0,3-5人気,5-10倍
202510010709,2025,4.0,1.0,5.0,4.8,3.0,8.7,False,0.0,False,0.0,False,0.0,False,0.0,False,0.0,False,0.0,False,0.0,3-5人気,2-5倍
202510010710,2025,5.0,2.0,7.0,12.9,3.3,17.4,False,0.0,False,0.0,False,0.0,False,0.0,False,0.0,False,0.0,False,0.0,3-5人気,10-20倍
202510010711,2025,3.0,1.0,11.0,6.0,4.3,21.6,False,0.0,False,0.0,False,0.0,False,0.0,False,0.0,False,0.0,False,0.0,3-5人気,5-10倍
202510010712,2025,1.0,5.0,4.0,2.9,10.3,7.8,False,0.0,False,0.0,False,0.0,False,0.0,False,0.0,False,0.0,False,0.0,1-2人気,2-5倍
202510010801,2025,1.0,2.0,5.0,2.3,4.4,9.9,False,0.0,False,0.0,False,0.0,False,0.0,False,0.0,False,0.0,False,0.0,1-2人気,2-5倍
202510010802,2025,1.0,5.0,7.0,3.7,8.5,18.3,True,3.7,True,1.2333333333333334,False,0.0,False,0.0,False,0.0,False,0.0,False,0.0,1-2人気,2-5倍
202510010803,2025,6.0,1.0,9.0,10.6,4.1,34.5,False,0.0,True,3.533333333333333,False,0.0,False,0.0,False,0.0,False,0.0,False,0.0,6-10人気,10-20倍
202510010804,2025,1.0,3.0,9.0,1.6,6.4,61.1,False,0.0,True,0.5333333333333333,False,0.0,False,0.0,False,0.0,False,0.0,False,0.0,1-2人気,1-2倍
202510010805,2025,1.0,2.0,5.0,3.3,3.6,9.2,False,0.0,True,1.0999999999999999,False,0.0,False,0.0,False,0.0,False,0.0,False,0.0,1-2人気,2-5倍
202510010806,2025,5.0,1.0,6.0,7.4,4.4,7.7,False,0.0,False,0.0,False,0.0,False,0.0,False,0.0,False,0.0,False,0.0,3-5人気,5-10倍
202510010807,2025,1.0,10.0,2.0,2.8,42.0,3.8,False,0.0,False,0.0,False,0.0,False,0.0,False,0.0,False,0.0,False,0.0,1-2人気,2-5倍
202510010808,2025,3.0,13.0,2.0,7.4,159.6,6.9,False,0.0,False,0.0,False,0.0,False,0.0,False,0.0,False,0.0,False,0.0,3-5人気,5-10倍
202510010809,2025,2.0,8.0,15.0,4.6,19.8,57.0,False,0.0,True,1.5333333333333332,False,0.0,False,0.0,False,0.0,False,0.0,False,0.0,1-2人気,2-5倍
202510010810,2025,2.0,1.0,7.0,4.5,4.2,17.2,False,0.0,False,0.0,False,0.0,False,0.0,False,0.0,False,0.0,False,0.0,1-2人気,2-5倍
202510010811,2025,4.0,3.0,10.0,7.3,6.9,42.0,False,0.0,False,0.0,False,0.0,False,0.0,False,0.0,False,0.0,False,0.0,3-5人気,5-10倍
202510010812,2025,3.0,11.0,15.0,5.7,42.1,208.8,False,0.0,False,0.0,False,0.0,False,0.0,False,0.0,False,0.0,False,0.0,3-5人気,5-10倍
202510010901,2025,3.0,2.0,1.0,5.7,5.1,4.1,False,0.0,False,0.0,False,0.0,False,0.0,False,0.0,False,0.0,False,0.0,3-5人気,5-10倍
202510010902,2025,2.0,6.0,1.0,2.6,23.0,2.5,False,0.0,True,0.8666666666666667,True,8.533333333333333,False,0.0,False,0.0,True,4.983333333333333,False,0.0,1-2人気,2-5倍
202510010903,2025,4.0,2.0,1.0,5.3,3.6,3.2,False,0.0,True,1.7666666666666666,False,0.0,False,0.0,False,0.0,False,0.0,False,0.0,3-5人気,5-10倍
202510010904,2025,3.0,1.0,2.0,6.4,2.1,4.6,False,0.0,True,2.1333333333333333,True,2.8333333333333335,False,0.0,False,0.0,False,0.0,False,0.0,3-5人気,5-10倍
202510010905,2025,2.0,1.0,4.0,3.5,2.5,5.5,True,3.5,True,1.1666666666666667,False,0.0,False,0.0,False,0.0,False,0.0,False,0.0,1-2人気,2-5倍
202510010906,2025,1.0,4.0,2.0,2.3,6.0,5.0,False,0.0,True,0.7666666666666666,False,0.0,False,0.0,False,0.0,False,0.0,False,0.0,1-2人気,2-5倍
202510010907,2025,1.0,3.0,6.0,2.7,5.5,17.1,False,0.0,False,0.0,False,0.0,False,0.0,False,0.0,False,0.0,False,0.0,1-2人気,2-5倍
202510010908,2025,4.0,5.0,2.0,9.9,11.2,5.3,False,0.0,False,0.0,False,0.0,False,0.0,False,0.0,False,0.0,False,0.0,3-5人気,5-10倍
202510010909,2025,1.0,14.0,9.0,4.8,48.0,18.9,False,0.0,True,1.5999999999999999,False,0.0,False,0.0,False,0.0,False,0.0,False,0.0,1-2人気,2-5倍
202510010910,2025,1.0,6.0,2.0,2.8,17.6,4.7,False,0.0,False,0.0,False,0.0,False,0.0,False,0.0,False,0.0,False,0.0,1-2人気,2-5倍
202510010911,2025,1.0,2.0,5.0,3.0,3.6,9.5,False,0.0,False,0.0,False,0.0,False,0.0,False,0.0,False,0.0,False,0.0,1-2人気,2-5倍
202510010912,2025,4.0,5.0,6.0,6.5,17.4,22.7,False,0.0,False,0.0,False,0.0,False,0.0,False,0.0,False,0.0,False,0.0,3-5人気,5-10倍
202510011001,2025,4.0,5.0,1.0,5.9,12.2,3.0,False,0.0,True,1.9666666666666668,False,0.0,False,0.0,False,0.0,False,0.0,False,0.0,3-5人気,5-10倍
202510011002,2025,1.0,7.0,3.0,2.7,19.1,4.1,True,2.7,True,0.9,False,0.0,False,0.0,False,0.0,False,0.0,False,0.0,1-2人気,2-5倍
202510011003,2025,2.0,1.0,4.0,3.0,2.4,8.4,False,0.0,False,0.0,False,0.0,False,0.0,False,0.0,False,0.0,False,0.0,1-2人気,2-5倍
202510011004,2025,2.0,1.0,12.0,5.2,1.8,142.7,True,5.2,True,1.7333333333333334,False,0.0,False,0.0,False,0.0,False,0.0,False,0.0,1-2人気,5-10倍
202510011005,2025,3.0,6.0,4.0,5.8,9.3,8.9,False,0.0,False,0.0,False,0.0,False,0.0,False,0.0,False,0.0,False,0.0,3-5人気,5-10倍
202510011006,2025,1.0,2.0,6.0,1.9,5.2,21.6,True,1.9,True,0.6333333333333333,True,2.3666666666666667,False,0.0,False,0.0,False,0.0,False,0.0,1-2人気,1-2倍
202510011007,2025,3.0,1.0,7.0,6.1,2.7,25.4,False,0.0,True,2.033333333333333,True,2.9333333333333336,False,0.0,False,0.0,False,0.0,False,0.0,3-5人気,5-10倍
202510011008,2025,8.0,1.0,10.0,43.7,2.3,67.7,False,0.0,False,0.0,False,0.0,False,0.0,False,0.0,False,0.0,False,0.0,6-10人気,20-50倍
202510011009,2025,2.0,1.0,5.0,3.5,2.8,14.3,False,0.0,False,0.0,False,0.0,False,0.0,False,0.0,False,0.0,False,0.0,1-2人気,2-5倍
202510011010,2025,2.0,1.0,9.0,4.4,4.0,12.6,False,0.0,False,0.0,False,0.0,False,0.0,False,0.0,False,0.0,False,0.0,1-2人気,2-5倍
202510011011,2025,1.0,8.0,3.0,4.4,17.6,6.4,False,0.0,False,0.0,False,0.0,False,0.0,False,0.0,False,0.0,False,0.0,1-2人気,2-5倍
202510011012,2025,3.0,7.0,5.0,6.5,14.5,12.6,False,0.0,False,0.0,False,0.0,False,0.0,False,0.0,False,0.0,False,0.0,3-5人気,5-10倍
202510011101,2025,2.0,1.0,5.0,4.6,3.5,8.5,False,0.0,True,1.5333333333333332,False,0.0,False,0.0,False,0.0,False,0.0,False,0.0,1-2人気,2-5倍
202510011102,2025,4.0,5.0,1.0,8.0,8.8,3.4,False,0.0,False,0.0,False,0.0,False,0.0,False,0.0,False,0.0,False,0.0,3-5人気,5-10倍
202510011103,2025,2.0,1.0,8.0,3.6,3.2,31.6,True,3.6,True,1.2,True,2.266666666666667,False,0.0,False,0.0,False,0.0,False,0.0,1-2人気,2-5倍
202510011104,2025,4.0,1.0,2.0,10.9,2.0,3.7,False,0.0,True,3.6333333333333333,False,0.0,False,0.0,False,0.0,False,0.0,False,0.0,3-5人気,10-20倍
202510011105,2025,3.0,1.0,2.0,9.1,1.6,6.6,False,0.0,False,0.0,False,0.0,False,0.0,False,0.0,False,0.0,False,0.0,3-5人気,5-10倍
202510011106,2025,7.0,3.0,14.0,17.4,5.8,113.3,False,0.0,False,0.0,False,0.0,False,0.0,False,0.0,False,0.0,False,0.0,6-10人気,10-20倍
202510011107,2025,4.0,2.0,1.0,6.5,4.6,2.5,False,0.0,True,2.1666666666666665,True,3.6999999999999997,True,2.9899999999999998,False,0.0,True,2.4916666666666667,False,0.0,3-5人気,5-10倍
202510011108,2025,1.0,10.0,2.0,1.9,97.6,4.0,True,1.9,True,0.6333333333333333,False,0.0,False,0.0,False,0.0,False,0.0,False,0.0,1-2人気,1-2倍
202510011109,2025,12.0,4.0,10.0,103.6,6.3,28.2,False,0.0,False,0.0,False,0.0,False,0.0,False,0.0,False,0.0,False,0.0,11人気以下,50倍以上
202510011110,2025,1.0,7.0,3.0,2.4,17.6,7.4,False,0.0,True,0.7999999999999999,True,6.666666666666667,False,0.0,False,0.0,False,0.0,False,0.0,1-2人気,2-5倍
202510011111,2025,2.0,1.0,5.0,4.0,3.3,9.3,False,0.0,False,0.0,False,0.0,False,0.0,False,0.0,False,0.0,False,0.0,1-2人気,2-5倍
202510011112,2025,2.0,7.0,1.0,5.3,27.7,3.8,False,0.0,False,0.0,False,0.0,False,0.0,False,0.0,False,0.0,False,0.0,1-2人気,5-10倍
202510011201,2025,1.0,2.0,4.0,1.4,4.3,19.4,True,1.4,True,0.4666666666666666,False,0.0,False,0.0,False,0.0,False,0.0,False,0.0,1-2人気,1-2倍
202510011202,2025,1.0,3.0,14.0,3.1,5.5,100.0,False,0.0,True,1.0333333333333334,True,2.8666666666666667,True,1.705,False,0.0,False,0.0,False,0.0,1-2人気,2-5倍
202510011203,2025,1.0,3.0,2.0,2.3,5.6,3.1,True,2.3,True,0.7666666666666666,False,0.0,False,0.0,False,0.0,False,0.0,False,0.0,1-2人気,2-5倍
202510011204,2025,4.0,3.0,1.0,11.0,7.2,1.6,False,0.0,False,0.0,False,0.0,False,0.0,False,0.0,False,0.0,False,0.0,3-5人気,10-20倍
202510011205,2025,3.0,1.0,4.0,6.9,3.0,8.5,False,0.0,False,0.0,False,0.0,False,0.0,False,0.0,False,0.0,False,0.0,3-5人気,5-10倍
202510011206,2025,2.0,10.0,9.0,5.6,29.2,25.8,False,0.0,False,0.0,False,0.0,False,0.0,False,0.0,False,0.0,False,0.0,1-2人気,5-10倍
202510011207,2025,3.0,7.0,8.0,7.8,13.7,19.8,False,0.0,False,0.0,False,0.0,False,0.0,False,0.0,False,0.0,False,0.0,3-5人気,5-10倍
202510011208,2025,14.0,1.0,8.0,113.9,3.2,29.7,False,0.0,False,0.0,False,0.0,False,0.0,False,0.0,False,0.0,False,0.0,11人気以下,50倍以上
202510011209,2025,1.0,7.0,2.0,1.9,22.0,4.9,False,0.0,True,0.6333333333333333,False,0.0,False,0.0,False,0.0,False,0.0,False,0.0,1-2人気,1-2倍
202510011210,2025,3.0,7.0,15.0,7.1,15.3,50.3,False,0.0,False,0.0,False,0.0,False,0.0,False,0.0,False,0.0,False,0.0,3-5人気,5-10倍
202510011211,2025,8.0,10.0,3.0,12.4,20.4,6.9,True,12.4,True,4.133333333333334,False,0.0,False,0.0,False,0.0,False,0.0,False,0.0,6-10人気,10-20倍
202510011212,2025,4.0,5.0,7.0,7.5,7.6,12.9,False,0.0,False,0.0,False,0.0,False,0.0,False,0.0,False,0.0,False,0.0,3-5人気,5-10倍
202510020101,2025,1.0,3.0,2.0,2.4,4.5,4.0,False,0.0,False,0.0,False,0.0,False,0.0,False,0.0,False,0.0,False,0.0,1-2人気,2-5倍
202510020102,2025,1.0,4.0,2.0,1.9,10.5,2.2,False,0.0,False,0.0,False,0.0,False,0.0,False,0.0,False,0.0,False,0.0,1-2人気,1-2倍
202510020103,2025,1.0,4.0,2.0,1.8,11.0,4.0,False,0.0,False,0.0,False,0.0,False,0.0,False,0.0,False,0.0,False,0.0,1-2人気,1-2倍
202510020104,2025,1.0,2.0,4.0,2.5,3.9,8.2,True,2.5,True,0.8333333333333334,True,2.1333333333333333,False,0.0,False,0.0,True,2.6649999999999996,False,0.0,1-2人気,2-5倍
202510020105,2025,2.0,7.0,1.0,3.5,43.8,2.0,False,0.0,True,1.1666666666666667,False,0.0,False,0.0,False,0.0,False,0.0,False,0.0,1-2人気,2-5倍
202510020106,2025,2.0,3.0,4.0,4.2,6.7,6.7,False,0.0,True,1.4000000000000001,False,0.0,False,0.0,False,0.0,False,0.0,False,0.0,1-2人気,2-5倍
202510020107,2025,1.0,2.0,5.0,1.8,6.0,15.8,False,0.0,True,0.6,True,2.6,False,0.0,False,0.0,False,0.0,False,0.0,1-2人気,1-2倍
202510020108,2025,2.0,6.0,3.0,5.9,13.0,6.0,False,0.0,False,0.0,False,0.0,False,0.0,False,0.0,False,0.0,False,0.0,1-2人気,5-10倍
202510020109,2025,1.0,3.0,5.0,1.8,4.6,15.8,False,0.0,True,0.6,False,0.0,False,0.0,False,0.0,False,0.0,False,0.0,1-2人気,1-2倍
202510020110,2025,3.0,1.0,2.0,4.3,1.7,3.0,False,0.0,True,1.4333333333333333,True,2.0,False,0.0,False,0.0,True,0.731,False,0.0,3-5人気,2-5倍
202510020111,2025,1.0,4.0,7.0,2.5,7.5,22.3,True,2.5,True,0.8333333333333334,False,0.0,False,0.0,False,0.0,False,0.0,False,0.0,1-2人気,2-5倍
202510020112,2025,1.0,4.0,2.0,1.7,9.9,6.1,True,1.7,True,0.5666666666666667,False,0.0,False,0.0,False,0.0,False,0.0,False,0.0,1-2人気,1-2倍
202510020201,2025,2.0,1.0,4.0,3.0,2.6,8.7,False,0.0,True,1.0,False,0.0,False,0.0,False,0.0,False,0.0,False,0.0,1-2人気,2-5倍
202510020202,2025,1.0,2.0,3.0,2.2,3.4,12.4,True,2.2,True,0.7333333333333334,True,1.8666666666666665,True,0.748,True,1.496,False,0.0,False,0.0,1-2人気,2-5倍
202510020203,2025,4.0,2.0,5.0,7.6,4.3,8.1,False,0.0,False,0.0,False,0.0,False,0.0,False,0.0,False,0.0,False,0.0,3-5人気,5-10倍
202510020204,2025,4.0,1.0,6.0,6.5,3.5,10.0,False,0.0,True,2.1666666666666665,False,0.0,False,0.0,False,0.0,False,0.0,False,0.0,3-5人気,5-10倍
202510020205,2025,1.0,7.0,2.0,2.6,13.6,5.6,True,2.6,True,0.8666666666666667,False,0.0,False,0.0,False,0.0,False,0.0,False,0.0,1-2人気,2-5倍
202510020206,2025,6.0,3.0,1.0,29.7,5.7,1.7,False,0.0,False,0.0,False,0.0,False,0.0,False,0.0,False,0.0,False,0.0,6-10人気,20-50倍
202510020207,2025,3.0,1.0,6.0,5.1,3.4,18.3,True,5.1,True,1.7,True,2.8333333333333335,True,1.734,True,3.468,False,0.0,False,0.0,3-5人気,5-10倍
202510020208,2025,1.0,4.0,2.0,2.9,9.1,3.8,False,0.0,True,0.9666666666666667,True,4.0,False,0.0,False,0.0,False,0.0,False,0.0,1-2人気,2-5倍
202510020209,2025,4.0,2.0,5.0,5.1,4.1,7.4,False,0.0,True,1.7,True,3.0666666666666664,False,0.0,False,0.0,False,0.0,False,0.0,3-5人気,5-10倍
202510020210,2025,6.0,13.0,9.0,18.8,64.6,21.4,False,0.0,False,0.0,False,0.0,False,0.0,False,0.0,False,0.0,False,0.0,6-10人気,10-20倍
202510020211,2025,5.0,1.0,6.0,11.1,3.1,11.3,False,0.0,False,0.0,False,0.0,False,0.0,False,0.0,False,0.0,False,0.0,3-5人気,10-20倍
202510020212,2025,4.0,1.0,3.0,6.5,2.6,5.6,True,6.5,True,2.1666666666666665,True,3.033333333333333,False,0.0,False,0.0,True,3.1546666666666665,False,0.0,3-5人気,5-10倍
202510020301,2025,1.0,3.0,2.0,1.1,23.3,12.1,True,1.1,True,0.3666666666666667,True,8.133333333333335,False,0.0,False,0.0,True,10.337433333333335,False,0.0,1-2人気,1-2倍
202510020302,2025,2.0,4.0,3.0,6.2,9.0,8.2,False,0.0,False,0.0,False,0.0,False,0.0,False,0.0,False,0.0,False,0.0,1-2人気,5-10倍
202510020303,2025,1.0,2.0,12.0,2.3,3.4,82.1,False,0.0,False,0.0,False,0.0,False,0.0,False,0.0,False,0.0,False,0.0,1-2人気,2-5倍
202510020304,2025,5.0,9.0,2.0,10.6,63.8,3.7,False,0.0,True,3.533333333333333,False,0.0,False,0.0,False,0.0,False,0.0,False,0.0,3-5人気,10-20倍
202510020305,2025,2.0,1.0,6.0,2.5,2.3,13.6,True,2.5,True,0.8333333333333334,True,1.5999999999999999,False,0.0,False,0.0,False,0.0,False,0.0,1-2人気,2-5倍
202510020306,2025,2.0,1.0,4.0,4.8,3.5,6.0,False,0.0,False,0.0,False,0.0,False,0.0,False,0.0,False,0.0,False,0.0,1-2人気,2-5倍
202510020307,2025,1.0,3.0,6.0,2.8,5.4,13.6,False,0.0,True,0.9333333333333332,True,2.733333333333333,False,0.0,False,0.0,False,0.0,False,0.0,1-2人気,2-5倍
202510020308,2025,2.0,5.0,1.0,3.5,16.0,3.0,False,0.0,True,1.1666666666666667,False,0.0,False,0.0,False,0.0,False,0.0,False,0.0,1-2人気,2-5倍
202510020309,2025,2.0,4.0,3.0,3.0,9.3,4.4,False,0.0,False,0.0,False,0.0,False,0.0,False,0.0,False,0.0,False,0.0,1-2人気,2-5倍
202510020310,2025,1.0,4.0,3.0,1.2,15.8,14.5,True,1.2,True,0.39999999999999997,False,0.0,False,0.0,False,0.0,False,0.0,False,0.0,1-2人気,1-2倍
202510020311,2025,1.0,5.0,3.0,2.1,10.8,7.6,False,0.0,False,0.0,False,0.0,False,0.0,False,0.0,False,0.0,False,0.0,1-2人気,2-5倍
202510020312,2025,6.0,1.0,7.0,11.9,3.4,20.7,False,0.0,False,0.0,False,0.0,False,0.0,False,0.0,False,0.0,False,0.0,6-10人気,10-20倍
202510020401,2025,4.0,6.0,1.0,10.7,13.7,2.1,False,0.0,False,0.0,False,0.0,False,0.0,False,0.0,False,0.0,False,0.0,3-5人気,10-20倍
202510020402,2025,7.0,5.0,3.0,26.9,7.8,4.4,False,0.0,False,0.0,False,0.0,False,0.0,False,0.0,False,0.0,False,0.0,6-10人気,20-50倍
202510020403,2025,1.0,3.0,5.0,3.1,5.5,8.2,False,0.0,False,0.0,False,0.0,False,0.0,False,0.0,False,0.0,False,0.0,1-2人気,2-5倍
202510020404,2025,3.0,2.0,5.0,5.0,3.8,12.2,False,0.0,True,1.6666666666666667,False,0.0,False,0.0,False,0.0,False,0.0,False,0.0,3-5人気,2-5倍
202510020405,2025,2.0,8.0,3.0,3.8,48.1,6.5,True,3.8,True,1.2666666666666666,False,0.0,False,0.0,False,0.0,False,0.0,False,0.0,1-2人気,2-5倍
202510020406,2025,2.0,1.0,3.0,3.8,1.4,5.0,False,0.0,False,0.0,False,0.0,False,0.0,False,0.0,False,0.0,False,0.0,1-2人気,2-5倍
202510020407,2025,1.0,4.0,2.0,2.4,9.3,2.5,False,0.0,True,0.7999999999999999,True,3.9000000000000004,False,0.0,False,0.0,True,1.8599999999999999,False,0.0,1-2人気,2-5倍
202510020408,2025,2.0,5.0,6.0,3.8,10.1,12.9,False,0.0,True,1.2666666666666666,False,0.0,False,0.0,False,0.0,False,0.0,False,0.0,1-2人気,2-5倍
202510020409,2025,2.0,3.0,4.0,3.8,5.3,9.4,False,0.0,True,1.2666666666666666,True,3.033333333333333,False,0.0,False,0.0,True,6.310533333333333,False,0.0,1-2人気,2-5倍
202510020410,2025,1.0,3.0,4.0,1.9,4.7,10.6,True,1.9,True,0.6333333333333333,True,2.1999999999999997,True,0.893,True,1.786,False,0.0,False,0.0,1-2人気,1-2倍
202510020411,2025,2.0,14.0,16.0,5.8,29.2,48.9,False,0.0,False,0.0,False,0.0,False,0.0,False,0.0,False,0.0,False,0.0,1-2人気,5-10倍
202510020412,2025,2.0,1.0,7.0,3.9,2.0,16.1,False,0.0,True,1.3,False,0.0,False,0.0,False,0.0,False,0.0,False,0.0,1-2人気,2-5倍
202510020501,2025,2.0,4.0,1.0,2.9,6.2,2.2,False,0.0,False,0.0,False,0.0,False,0.0,False,0.0,False,0.0,False,0.0,1-2人気,2-5倍
202510020502,2025,4.0,2.0,1.0,6.3,4.9,2.4,False,0.0,False,0.0,False,0.0,False,0.0,False,0.0,False,0.0,False,0.0,3-5人気,5-10倍
202510020503,2025,2.0,5.0,8.0,5.2,14.1,24.4,True,5.2,True,1.7333333333333334,False,0.0,False,0.0,False,0.0,False,0.0,False,0.0,1-2人気,5-10倍
202510020504,2025,1.0,3.0,2.0,2.1,9.5,2.2,True,2.1,True,0.7000000000000001,True,3.8666666666666667,False,0.0,False,0.0,True,1.463,False,0.0,1-2人気,2-5倍
202510020505,2025,3.0,1.0,8.0,4.4,2.2,52.9,False,0.0,False,0.0,False,0.0,False,0.0,False,0.0,False,0.0,False,0.0,3-5人気,2-5倍
202510020506,2025,1.0,14.0,3.0,2.3,137.1,6.0,False,0.0,False,0.0,False,0.0,False,0.0,False,0.0,False,0.0,False,0.0,1-2人気,2-5倍
202510020507,2025,1.0,12.0,2.0,1.5,58.0,7.1,False,0.0,True,0.5,True,19.833333333333332,False,0.0,False,0.0,False,0.0,False,0.0,1-2人気,1-2倍
202510020508,2025,5.0,6.0,1.0,7.5,8.7,4.5,False,0.0,True,2.5,True,5.3999999999999995,False,0.0,False,0.0,False,0.0,False,0.0,3-5人気,5-10倍
202510020509,2025,1.0,5.0,7.0,1.9,13.6,19.4,True,1.9,True,0.6333333333333333,False,0.0,False,0.0,False,0.0,False,0.0,False,0.0,1-2人気,1-2倍
202510020510,2025,7.0,3.0,8.0,19.0,10.0,21.0,False,0.0,False,0.0,False,0.0,False,0.0,False,0.0,False,0.0,False,0.0,6-10人気,10-20倍
202510020511,2025,6.0,5.0,4.0,12.1,8.1,6.9,True,12.1,True,4.033333333333333,False,0.0,False,0.0,False,0.0,False,0.0,False,0.0,6-10人気,10-20倍
202510020512,2025,1.0,2.0,8.0,3.0,4.7,24.3,False,0.0,True,1.0,False,0.0,False,0.0,False,0.0,False,0.0,False,0.0,1-2人気,2-5倍
202510020601,2025,1.0,3.0,4.0,1.5,11.6,13.1,False,0.0,False,0.0,False,0.0,False,0.0,False,0.0,False,0.0,False,0.0,1-2人気,1-2倍
202510020602,2025,4.0,9.0,6.0,9.8,18.7,11.7,False,0.0,False,0.0,False,0.0,False,0.0,False,0.0,False,0.0,False,0.0,3-5人気,5-10倍
202510020603,2025,1.0,2.0,6.0,2.9,3.6,19.5,False,0.0,True,0.9666666666666667,False,0.0,False,0.0,False,0.0,False,0.0,False,0.0,1-2人気,2-5倍
202510020604,2025,1.0,2.0,4.0,3.0,3.4,8.6,True,3.0,True,1.0,False,0.0,False,0.0,False,0.0,False,0.0,False,0.0,1-2人気,2-5倍
202510020605,2025,2.0,1.0,5.0,4.6,1.5,12.9,True,4.6,True,1.5333333333333332,True,2.033333333333333,False,0.0,False,0.0,False,0.0,False,0.0,1-2人気,2-5倍
202510020606,2025,1.0,2.0,3.0,3.4,3.6,4.1,True,3.4,True,1.1333333333333333,False,0.0,False,0.0,False,0.0,False,0.0,False,0.0,1-2人気,2-5倍
202510020607,2025,1.0,7.0,3.0,2.7,16.7,6.7,False,0.0,False,0.0,False,0.0,False,0.0,False,0.0,False,0.0,False,0.0,1-2人気,2-5倍
202510020608,2025,1.0,4.0,3.0,2.9,7.4,6.4,True,2.9,True,0.9666666666666667,False,0.0,False,0.0,False,0.0,False,0.0,False,0.0,1-2人気,2-5倍
202510020609,2025,10.0,3.0,14.0,50.9,4.8,210.9,False,0.0,False,0.0,False,0.0,False,0.0,False,0.0,False,0.0,False,0.0,6-10人気,50倍以上
202510020610,2025,4.0,1.0,9.0,6.7,4.0,15.9,False,0.0,True,2.2333333333333334,True,3.5666666666666664,False,0.0,False,0.0,False,0.0,False,0.0,3-5人気,5-10倍
202510020611,2025,5.0,2.0,4.0,9.1,5.5,8.6,True,9.1,True,3.033333333333333,False,0.0,False,0.0,False,0.0,False,0.0,False,0.0,3-5人気,5-10倍
202510020612,2025,4.0,1.0,2.0,8.1,3.5,3.7,False,0.0,False,0.0,False,0.0,False,0.0,False,0.0,False,0.0,False,0.0,3-5人気,5-10倍
202510020701,2025,2.0,4.0,1.0,2.9,7.5,2.5,False,0.0,True,0.9666666666666667,False,0.0,False,0.0,False,0.0,False,0.0,False,0.0,1-2人気,2-5倍
202510020702,2025,3.0,1.0,4.0,4.1,2.9,8.7,False,0.0,False,0.0,False,0.0,False,0.0,False,0.0,False,0.0,False,0.0,3-5人気,2-5倍
202510020703,2025,4.0,2.0,1.0,9.4,3.5,2.6,False,0.0,False,0.0,False,0.0,False,0.0,False,0.0,False,0.0,False,0.0,3-5人気,5-10倍
202510020704,2025,2.0,4.0,1.0,3.6,7.9,3.3,False,0.0,False,0.0,False,0.0,False,0.0,False,0.0,False,0.0,False,0.0,1-2人気,2-5倍
202510020705,2025,2.0,3.0,7.0,3.1,3.6,39.6,True,3.1,True,1.0333333333333334,False,0.0,False,0.0,False,0.0,False,0.0,False,0.0,1-2人気,2-5倍
202510020706,2025,2.0,8.0,1.0,4.5,21.7,3.0,False,0.0,True,1.5,False,0.0,False,0.0,False,0.0,False,0.0,False,0.0,1-2人気,2-5倍
202510020707,2025,1.0,8.0,7.0,1.6,40.5,37.3,False,0.0,False,0.0,False,0.0,False,0.0,False,0.0,False,0.0,False,0.0,1-2人気,1-2倍
202510020708,2025,3.0,2.0,9.0,4.6,4.3,76.4,True,4.6,True,1.5333333333333332,False,0.0,False,0.0,False,0.0,False,0.0,False,0.0,3-5人気,2-5倍
202510020709,2025,3.0,2.0,8.0,5.5,4.6,36.1,True,5.5,True,1.8333333333333333,False,0.0,False,0.0,False,0.0,False,0.0,False,0.0,3-5人気,5-10倍
202510020710,2025,3.0,11.0,7.0,6.4,80.1,15.5,False,0.0,False,0.0,False,0.0,False,0.0,False,0.0,False,0.0,False,0.0,3-5人気,5-10倍
202510020711,2025,1.0,2.0,5.0,3.7,4.4,16.6,False,0.0,False,0.0,False,0.0,False,0.0,False,0.0,False,0.0,False,0.0,1-2人気,2-5倍
202510020712,2025,8.0,1.0,2.0,19.5,2.0,5.9,False,0.0,False,0.0,False,0.0,False,0.0,False,0.0,False,0.0,False,0.0,6-10人気,10-20倍
202510020801,2025,1.0,10.0,3.0,2.2,128.4,7.0,False,0.0,False,0.0,False,0.0,False,0.0,False,0.0,False,0.0,False,0.0,1-2人気,2-5倍
202510020802,2025,1.0,5.0,2.0,3.1,14.1,4.4,False,0.0,False,0.0,False,0.0,False,0.0,False,0.0,False,0.0,False,0.0,1-2人気,2-5倍
202510020803,2025,2.0,1.0,5.0,5.0,3.0,8.2,False,0.0,False,0.0,False,0.0,False,0.0,False,0.0,False,0.0,False,0.0,1-2人気,2-5倍
202510020804,2025,1.0,5.0,3.0,2.6,10.7,6.8,False,0.0,False,0.0,False,0.0,False,0.0,False,0.0,False,0.0,False,0.0,1-2人気,2-5倍
202510020805,2025,3.0,1.0,6.0,7.6,1.5,32.3,False,0.0,False,0.0,False,0.0,False,0.0,False,0.0,False,0.0,False,0.0,3-5人気,5-10倍
202510020806,2025,6.0,2.0,8.0,10.3,4.2,36.5,False,0.0,True,3.4333333333333336,True,4.833333333333333,False,0.0,False,0.0,False,0.0,False,0.0,6-10人気,10-20倍
202510020807,2025,1.0,9.0,5.0,2.0,53.7,8.8,False,0.0,False,0.0,False,0.0,False,0.0,False,0.0,False,0.0,False,0.0,1-2人気,1-2倍
202510020808,2025,1.0,8.0,5.0,2.7,15.4,8.9,True,2.7,True,0.9,False,0.0,False,0.0,False,0.0,False,0.0,False,0.0,1-2人気,2-5倍
202510020809,2025,1.0,2.0,3.0,2.8,4.1,4.2,False,0.0,True,0.9333333333333332,False,0.0,False,0.0,False,0.0,False,0.0,False,0.0,1-2人気,2-5倍
202510020810,2025,4.0,1.0,12.0,6.2,4.0,46.3,False,0.0,True,2.066666666666667,False,0.0,False,0.0,False,0.0,False,0.0,False,0.0,3-5人気,5-10倍
202510020811,2025,1.0,2.0,4.0,5.0,5.8,6.6,False,0.0,False,0.0,False,0.0,False,0.0,False,0.0,False,0.0,False,0.0,1-2人気,2-5倍
202510020812,2025,2.0,5.0,1.0,4.3,18.1,2.1,False,0.0,True,1.4333333333333333,False,0.0,False,0.0,False,0.0,False,0.0,False,0.0,1-2人気,2-5倍
