year,odds_range,ev_threshold,score_pctl,pop_min,roi,bet_count,hit_count,hit_rate
2025,5-30,0.5,0.4,all,60.538922155688624,167,14,8.383233532934131
2025,5-30,0.5,0.4,3,59.01960784313726,153,12,7.8431372549019605
2025,5-30,0.5,0.4,4,44.78632478632478,117,6,5.128205128205128
2025,5-30,0.5,0.4,5,13.414634146341465,82,1,1.2195121951219512
2025,5-30,0.5,0.5,all,69.31506849315068,73,7,9.58904109589041
2025,5-30,0.5,0.5,3,70.0,65,6,9.230769230769232
2025,5-30,0.5,0.5,4,46.078431372549026,51,3,5.88235294117647
2025,5-30,0.5,0.5,5,0.0,35,0,0.0
2025,5-30,0.5,0.6,all,56.315789473684205,38,3,7.894736842105263
2025,5-30,0.5,0.6,3,66.875,32,3,9.375
2025,5-30,0.5,0.6,4,33.6,25,1,4.0
2025,5-30,0.5,0.6,5,0.0,17,0,0.0
2025,5-30,0.5,0.7,all,38.23529411764706,17,1,5.88235294117647
2025,5-30,0.5,0.7,3,54.166666666666664,12,1,8.333333333333332
2025,5-30,0.5,0.7,4,0.0,9,0,0.0
2025,5-30,0.5,0.7,5,0.0,6,0,0.0
2025,5-30,0.6,0.4,all,60.538922155688624,167,14,8.383233532934131
2025,5-30,0.6,0.4,3,59.01960784313726,153,12,7.8431372549019605
2025,5-30,0.6,0.4,4,44.78632478632478,117,6,5.128205128205128
2025,5-30,0.6,0.4,5,13.414634146341465,82,1,1.2195121951219512
2025,5-30,0.6,0.5,all,69.31506849315068,73,7,9.58904109589041
2025,5-30,0.6,0.5,3,70.0,65,6,9.230769230769232
2025,5-30,0.6,0.5,4,46.078431372549026,51,3,5.88235294117647
2025,5-30,0.6,0.5,5,0.0,35,0,0.0
2025,5-30,0.6,0.6,all,56.315789473684205,38,3,7.894736842105263
2025,5-30,0.6,0.6,3,66.875,32,3,9.375
2025,5-30,0.6,0.6,4,33.6,25,1,4.0
2025,5-30,0.6,0.6,5,0.0,17,0,0.0
2025,5-30,0.6,0.7,all,38.23529411764706,17,1,5.88235294117647
2025,5-30,0.6,0.7,3,54.166666666666664,12,1,8.333333333333332
2025,5-30,0.6,0.7,4,0.0,9,0,0.0
2025,5-30,0.6,0.7,5,0.0,6,0,0.0
2025,5-30,0.7,0.4,all,60.538922155688624,167,14,8.383233532934131
2025,5-30,0.7,0.4,3,59.01960784313726,153,12,7.8431372549019605
2025,5-30,0.7,0.4,4,44.78632478632478,117,6,5.128205128205128
2025,5-30,0.7,0.4,5,13.414634146341465,82,1,1.2195121951219512
2025,5-30,0.7,0.5,all,69.31506849315068,73,7,9.58904109589041
2025,5-30,0.7,0.5,3,70.0,65,6,9.230769230769232
2025,5-30,0.7,0.5,4,46.078431372549026,51,3,5.88235294117647
2025,5-30,0.7,0.5,5,0.0,35,0,0.0
2025,5-30,0.7,0.6,all,56.315789473684205,38,3,7.894736842105263
2025,5-30,0.7,0.6,3,66.875,32,3,9.375
2025,5-30,0.7,0.6,4,33.6,25,1,4.0
2025,5-30,0.7,0.6,5,0.0,17,0,0.0
2025,5-30,0.7,0.7,all,38.23529411764706,17,1,5.88235294117647
2025,5-30,0.7,0.7,3,54.166666666666664,12,1,8.333333333333332
2025,5-30,0.7,0.7,4,0.0,9,0,0.0
2025,5-30,0.7,0.7,5,0.0,6,0,0.0
2025,5-30,0.8,0.4,all,60.538922155688624,167,14,8.383233532934131
2025,5-30,0.8,0.4,3,59.01960784313726,153,12,7.8431372549019605
2025,5-30,0.8,0.4,4,44.78632478632478,117,6,5.128205128205128
2025,5-30,0.8,0.4,5,13.414634146341465,82,1,1.2195121951219512
2025,5-30,0.8,0.5,all,69.31506849315068,73,7,9.58904109589041
2025,5-30,0.8,0.5,3,70.0,65,6,9.230769230769232
2025,5-30,0.8,0.5,4,46.078431372549026,51,3,5.88235294117647
2025,5-30,0.8,0.5,5,0.0,35,0,0.0
2025,5-30,0.8,0.6,all,56.315789473684205,38,3,7.894736842105263
2025,5-30,0.8,0.6,3,66.875,32,3,9.375
2025,5-30,0.8,0.6,4,33.6,25,1,4.0
2025,5-30,0.8,0.6,5,0.0,17,0,0.0
2025,5-30,0.8,0.7,all,38.23529411764706,17,1,5.88235294117647
2025,5-30,0.8,0.7,3,54.166666666666664,12,1,8.333333333333332
2025,5-30,0.8,0.7,4,0.0,9,0,0.0
2025,5-30,0.8,0.7,5,0.0,6,0,0.0
2025,5-30,0.9,0.4,all,60.538922155688624,167,14,8.383233532934131
2025,5-30,0.9,0.4,3,59.01960784313726,153,12,7.8431372549019605
2025,5-30,0.9,0.4,4,44.78632478632478,117,6,5.128205128205128
2025,5-30,0.9,0.4,5,13.414634146341465,82,1,1.2195121951219512
2025,5-30,0.9,0.5,all,69.31506849315068,73,7,9.58904109589041
2025,5-30,0.9,0.5,3,70.0,65,6,9.230769230769232
2025,5-30,0.9,0.5,4,46.078431372549026,51,3,5.88235294117647
2025,5-30,0.9,0.5,5,0.0,35,0,0.0
2025,5-30,0.9,0.6,all,56.315789473684205,38,3,7.894736842105263
2025,5-30,0.9,0.6,3,66.875,32,3,9.375
2025,5-30,0.9,0.6,4,33.6,25,1,4.0
2025,5-30,0.9,0.6,5,0.0,17,0,0.0
2025,5-30,0.9,0.7,all,38.23529411764706,17,1,5.88235294117647
2025,5-30,0.9,0.7,3,54.166666666666664,12,1,8.333333333333332
2025,5-30,0.9,0.7,4,0.0,9,0,0.0
2025,5-30,0.9,0.7,5,0.0,6,0,0.0
2025,5-30,1.0,0.4,all,60.538922155688624,167,14,8.383233532934131
2025,5-30,1.0,0.4,3,59.01960784313726,153,12,7.8431372549019605
2025,5-30,1.0,0.4,4,44.78632478632478,117,6,5.128205128205128
2025,5-30,1.0,0.4,5,13.414634146341465,82,1,1.2195121951219512
2025,5-30,1.0,0.5,all,69.31506849315068,73,7,9.58904109589041
2025,5-30,1.0,0.5,3,70.0,65,6,9.230769230769232
2025,5-30,1.0,0.5,4,46.078431372549026,51,3,5.88235294117647
2025,5-30,1.0,0.5,5,0.0,35,0,0.0
2025,5-30,1.0,0.6,all,56.315789473684205,38,3,7.894736842105263
2025,5-30,1.0,0.6,3,66.875,32,3,9.375
2025,5-30,1.0,0.6,4,33.6,25,1,4.0
2025,5-30,1.0,0.6,5,0.0,17,0,0.0
2025,5-30,1.0,0.7,all,38.23529411764706,17,1,5.88235294117647
2025,5-30,1.0,0.7,3,54.166666666666664,12,1,8.333333333333332
2025,5-30,1.0,0.7,4,0.0,9,0,0.0
2025,5-30,1.0,0.7,5,0.0,6,0,0.0
2025,5-30,1.2,0.4,all,60.538922155688624,167,14,8.383233532934131
2025,5-30,1.2,0.4,3,59.01960784313726,153,12,7.8431372549019605
2025,5-30,1.2,0.4,4,44.78632478632478,117,6,5.128205128205128
2025,5-30,1.2,0.4,5,13.414634146341465,82,1,1.2195121951219512
2025,5-30,1.2,0.5,all,69.31506849315068,73,7,9.58904109589041
2025,5-30,1.2,0.5,3,70.0,65,6,9.230769230769232
2025,5-30,1.2,0.5,4,46.078431372549026,51,3,5.88235294117647
2025,5-30,1.2,0.5,5,0.0,35,0,0.0
2025,5-30,1.2,0.6,all,56.315789473684205,38,3,7.894736842105263
2025,5-30,1.2,0.6,3,66.875,32,3,9.375
2025,5-30,1.2,0.6,4,33.6,25,1,4.0
2025,5-30,1.2,0.6,5,0.0,17,0,0.0
2025,5-30,1.2,0.7,all,38.23529411764706,17,1,5.88235294117647
2025,5-30,1.2,0.7,3,54.166666666666664,12,1,8.333333333333332
2025,5-30,1.2,0.7,4,0.0,9,0,0.0
2025,5-30,1.2,0.7,5,0.0,6,0,0.0
2025,5-50,0.5,0.4,all,75.91954022988507,174,15,8.620689655172415
2025,5-50,0.5,0.4,3,75.8125,160,13,8.125
2025,5-50,0.5,0.4,4,67.25806451612904,124,7,5.64516129032258
2025,5-50,0.5,0.4,5,47.19101123595505,89,2,2.247191011235955
2025,5-50,0.5,0.5,all,102.0,80,8,10.0
2025,5-50,0.5,0.5,3,106.25,72,7,9.722222222222223
2025,5-50,0.5,0.5,4,93.96551724137929,58,4,6.896551724137931
2025,5-50,0.5,0.5,5,73.80952380952381,42,1,2.380952380952381
2025,5-50,0.5,0.6,all,131.0,40,4,10.0
2025,5-50,0.5,0.6,3,154.1176470588235,34,4,11.76470588235294
2025,5-50,0.5,0.6,4,145.92592592592592,27,2,7.4074074074074066
2025,5-50,0.5,0.6,5,163.1578947368421,19,1,5.263157894736842
2025,5-50,0.5,0.7,all,38.23529411764706,17,1,5.88235294117647
2025,5-50,0.5,0.7,3,54.166666666666664,12,1,8.333333333333332
2025,5-50,0.5,0.7,4,0.0,9,0,0.0
2025,5-50,0.5,0.7,5,0.0,6,0,0.0
2025,5-50,0.6,0.4,all,75.91954022988507,174,15,8.620689655172415
2025,5-50,0.6,0.4,3,75.8125,160,13,8.125
2025,5-50,0.6,0.4,4,67.25806451612904,124,7,5.64516129032258
2025,5-50,0.6,0.4,5,47.19101123595505,89,2,2.247191011235955
2025,5-50,0.6,0.5,all,102.0,80,8,10.0
2025,5-50,0.6,0.5,3,106.25,72,7,9.722222222222223
2025,5-50,0.6,0.5,4,93.96551724137929,58,4,6.896551724137931
2025,5-50,0.6,0.5,5,73.80952380952381,42,1,2.380952380952381
2025,5-50,0.6,0.6,all,131.0,40,4,10.0
2025,5-50,0.6,0.6,3,154.1176470588235,34,4,11.76470588235294
2025,5-50,0.6,0.6,4,145.92592592592592,27,2,7.4074074074074066
2025,5-50,0.6,0.6,5,163.1578947368421,19,1,5.263157894736842
2025,5-50,0.6,0.7,all,38.23529411764706,17,1,5.88235294117647
2025,5-50,0.6,0.7,3,54.166666666666664,12,1,8.333333333333332
2025,5-50,0.6,0.7,4,0.0,9,0,0.0
2025,5-50,0.6,0.7,5,0.0,6,0,0.0
2025,5-50,0.7,0.4,all,75.91954022988507,174,15,8.620689655172415
2025,5-50,0.7,0.4,3,75.8125,160,13,8.125
2025,5-50,0.7,0.4,4,67.25806451612904,124,7,5.64516129032258
2025,5-50,0.7,0.4,5,47.19101123595505,89,2,2.247191011235955
2025,5-50,0.7,0.5,all,102.0,80,8,10.0
2025,5-50,0.7,0.5,3,106.25,72,7,9.722222222222223
2025,5-50,0.7,0.5,4,93.96551724137929,58,4,6.896551724137931
2025,5-50,0.7,0.5,5,73.80952380952381,42,1,2.380952380952381
2025,5-50,0.7,0.6,all,131.0,40,4,10.0
2025,5-50,0.7,0.6,3,154.1176470588235,34,4,11.76470588235294
2025,5-50,0.7,0.6,4,145.92592592592592,27,2,7.4074074074074066
2025,5-50,0.7,0.6,5,163.1578947368421,19,1,5.263157894736842
2025,5-50,0.7,0.7,all,38.23529411764706,17,1,5.88235294117647
2025,5-50,0.7,0.7,3,54.166666666666664,12,1,8.333333333333332
2025,5-50,0.7,0.7,4,0.0,9,0,0.0
2025,5-50,0.7,0.7,5,0.0,6,0,0.0
2025,5-50,0.8,0.4,all,75.91954022988507,174,15,8.620689655172415
2025,5-50,0.8,0.4,3,75.8125,160,13,8.125
2025,5-50,0.8,0.4,4,67.25806451612904,124,7,5.64516129032258
2025,5-50,0.8,0.4,5,47.19101123595505,89,2,2.247191011235955
2025,5-50,0.8,0.5,all,102.0,80,8,10.0
2025,5-50,0.8,0.5,3,106.25,72,7,9.722222222222223
2025,5-50,0.8,0.5,4,93.96551724137929,58,4,6.896551724137931
2025,5-50,0.8,0.5,5,73.80952380952381,42,1,2.380952380952381
2025,5-50,0.8,0.6,all,131.0,40,4,10.0
2025,5-50,0.8,0.6,3,154.1176470588235,34,4,11.76470588235294
2025,5-50,0.8,0.6,4,145.92592592592592,27,2,7.4074074074074066
2025,5-50,0.8,0.6,5,163.1578947368421,19,1,5.263157894736842
2025,5-50,0.8,0.7,all,38.23529411764706,17,1,5.88235294117647
2025,5-50,0.8,0.7,3,54.166666666666664,12,1,8.333333333333332
2025,5-50,0.8,0.7,4,0.0,9,0,0.0
2025,5-50,0.8,0.7,5,0.0,6,0,0.0
2025,5-50,0.9,0.4,all,75.91954022988507,174,15,8.620689655172415
2025,5-50,0.9,0.4,3,75.8125,160,13,8.125
2025,5-50,0.9,0.4,4,67.25806451612904,124,7,5.64516129032258
2025,5-50,0.9,0.4,5,47.19101123595505,89,2,2.247191011235955
2025,5-50,0.9,0.5,all,102.0,80,8,10.0
2025,5-50,0.9,0.5,3,106.25,72,7,9.722222222222223
2025,5-50,0.9,0.5,4,93.96551724137929,58,4,6.896551724137931
2025,5-50,0.9,0.5,5,73.80952380952381,42,1,2.380952380952381
2025,5-50,0.9,0.6,all,131.0,40,4,10.0
2025,5-50,0.9,0.6,3,154.1176470588235,34,4,11.76470588235294
2025,5-50,0.9,0.6,4,145.92592592592592,27,2,7.4074074074074066
2025,5-50,0.9,0.6,5,163.1578947368421,19,1,5.263157894736842
2025,5-50,0.9,0.7,all,38.23529411764706,17,1,5.88235294117647
2025,5-50,0.9,0.7,3,54.166666666666664,12,1,8.333333333333332
2025,5-50,0.9,0.7,4,0.0,9,0,0.0
2025,5-50,0.9,0.7,5,0.0,6,0,0.0
2025,5-50,1.0,0.4,all,75.91954022988507,174,15,8.620689655172415
2025,5-50,1.0,0.4,3,75.8125,160,13,8.125
2025,5-50,1.0,0.4,4,67.25806451612904,124,7,5.64516129032258
2025,5-50,1.0,0.4,5,47.19101123595505,89,2,2.247191011235955
2025,5-50,1.0,0.5,all,102.0,80,8,10.0
2025,5-50,1.0,0.5,3,106.25,72,7,9.722222222222223
2025,5-50,1.0,0.5,4,93.96551724137929,58,4,6.896551724137931
2025,5-50,1.0,0.5,5,73.80952380952381,42,1,2.380952380952381
2025,5-50,1.0,0.6,all,131.0,40,4,10.0
2025,5-50,1.0,0.6,3,154.1176470588235,34,4,11.76470588235294
2025,5-50,1.0,0.6,4,145.92592592592592,27,2,7.4074074074074066
2025,5-50,1.0,0.6,5,163.1578947368421,19,1,5.263157894736842
2025,5-50,1.0,0.7,all,38.23529411764706,17,1,5.88235294117647
2025,5-50,1.0,0.7,3,54.166666666666664,12,1,8.333333333333332
2025,5-50,1.0,0.7,4,0.0,9,0,0.0
2025,5-50,1.0,0.7,5,0.0,6,0,0.0
2025,5-50,1.2,0.4,all,75.91954022988507,174,15,8.620689655172415
2025,5-50,1.2,0.4,3,75.8125,160,13,8.125
2025,5-50,1.2,0.4,4,67.25806451612904,124,7,5.64516129032258
2025,5-50,1.2,0.4,5,47.19101123595505,89,2,2.247191011235955
2025,5-50,1.2,0.5,all,102.0,80,8,10.0
2025,5-50,1.2,0.5,3,106.25,72,7,9.722222222222223
2025,5-50,1.2,0.5,4,93.96551724137929,58,4,6.896551724137931
2025,5-50,1.2,0.5,5,73.80952380952381,42,1,2.380952380952381
2025,5-50,1.2,0.6,all,131.0,40,4,10.0
2025,5-50,1.2,0.6,3,154.1176470588235,34,4,11.76470588235294
2025,5-50,1.2,0.6,4,145.92592592592592,27,2,7.4074074074074066
2025,5-50,1.2,0.6,5,163.1578947368421,19,1,5.263157894736842
2025,5-50,1.2,0.7,all,38.23529411764706,17,1,5.88235294117647
2025,5-50,1.2,0.7,3,54.166666666666664,12,1,8.333333333333332
2025,5-50,1.2,0.7,4,0.0,9,0,0.0
2025,5-50,1.2,0.7,5,0.0,6,0,0.0
2025,10-30,0.5,0.4,all,26.144578313253007,83,2,2.4096385542168677
2025,10-30,0.5,0.4,3,26.144578313253007,83,2,2.4096385542168677
2025,10-30,0.5,0.4,4,27.125,80,2,2.5
2025,10-30,0.5,0.4,5,15.714285714285714,70,1,1.4285714285714286
2025,10-30,0.5,0.5,all,0.0,33,0,0.0
2025,10-30,0.5,0.5,3,0.0,33,0,0.0
2025,10-30,0.5,0.5,4,0.0,32,0,0.0
2025,10-30,0.5,0.5,5,0.0,29,0,0.0
2025,10-30,0.5,0.6,all,0.0,17,0,0.0
2025,10-30,0.5,0.6,3,0.0,17,0,0.0
2025,10-30,0.5,0.6,4,0.0,16,0,0.0
2025,10-30,0.5,0.6,5,0.0,15,0,0.0
2025,10-30,0.5,0.7,all,0.0,5,0,0.0
2025,10-30,0.5,0.7,3,0.0,5,0,0.0
2025,10-30,0.5,0.7,4,0.0,5,0,0.0
2025,10-30,0.5,0.7,5,0.0,5,0,0.0
2025,10-30,0.6,0.4,all,26.144578313253007,83,2,2.4096385542168677
2025,10-30,0.6,0.4,3,26.144578313253007,83,2,2.4096385542168677
2025,10-30,0.6,0.4,4,27.125,80,2,2.5
2025,10-30,0.6,0.4,5,15.714285714285714,70,1,1.4285714285714286
2025,10-30,0.6,0.5,all,0.0,33,0,0.0
2025,10-30,0.6,0.5,3,0.0,33,0,0.0
2025,10-30,0.6,0.5,4,0.0,32,0,0.0
2025,10-30,0.6,0.5,5,0.0,29,0,0.0
2025,10-30,0.6,0.6,all,0.0,17,0,0.0
2025,10-30,0.6,0.6,3,0.0,17,0,0.0
2025,10-30,0.6,0.6,4,0.0,16,0,0.0
2025,10-30,0.6,0.6,5,0.0,15,0,0.0
2025,10-30,0.6,0.7,all,0.0,5,0,0.0
2025,10-30,0.6,0.7,3,0.0,5,0,0.0
2025,10-30,0.6,0.7,4,0.0,5,0,0.0
2025,10-30,0.6,0.7,5,0.0,5,0,0.0
2025,10-30,0.7,0.4,all,26.144578313253007,83,2,2.4096385542168677
2025,10-30,0.7,0.4,3,26.144578313253007,83,2,2.4096385542168677
2025,10-30,0.7,0.4,4,27.125,80,2,2.5
2025,10-30,0.7,0.4,5,15.714285714285714,70,1,1.4285714285714286
2025,10-30,0.7,0.5,all,0.0,33,0,0.0
2025,10-30,0.7,0.5,3,0.0,33,0,0.0
2025,10-30,0.7,0.5,4,0.0,32,0,0.0
2025,10-30,0.7,0.5,5,0.0,29,0,0.0
2025,10-30,0.7,0.6,all,0.0,17,0,0.0
2025,10-30,0.7,0.6,3,0.0,17,0,0.0
2025,10-30,0.7,0.6,4,0.0,16,0,0.0
2025,10-30,0.7,0.6,5,0.0,15,0,0.0
2025,10-30,0.7,0.7,all,0.0,5,0,0.0
2025,10-30,0.7,0.7,3,0.0,5,0,0.0
2025,10-30,0.7,0.7,4,0.0,5,0,0.0
2025,10-30,0.7,0.7,5,0.0,5,0,0.0
2025,10-30,0.8,0.4,all,26.144578313253007,83,2,2.4096385542168677
2025,10-30,0.8,0.4,3,26.144578313253007,83,2,2.4096385542168677
2025,10-30,0.8,0.4,4,27.125,80,2,2.5
2025,10-30,0.8,0.4,5,15.714285714285714,70,1,1.4285714285714286
2025,10-30,0.8,0.5,all,0.0,33,0,0.0
2025,10-30,0.8,0.5,3,0.0,33,0,0.0
2025,10-30,0.8,0.5,4,0.0,32,0,0.0
2025,10-30,0.8,0.5,5,0.0,29,0,0.0
2025,10-30,0.8,0.6,all,0.0,17,0,0.0
2025,10-30,0.8,0.6,3,0.0,17,0,0.0
2025,10-30,0.8,0.6,4,0.0,16,0,0.0
2025,10-30,0.8,0.6,5,0.0,15,0,0.0
2025,10-30,0.8,0.7,all,0.0,5,0,0.0
2025,10-30,0.8,0.7,3,0.0,5,0,0.0
2025,10-30,0.8,0.7,4,0.0,5,0,0.0
2025,10-30,0.8,0.7,5,0.0,5,0,0.0
2025,10-30,0.9,0.4,all,26.144578313253007,83,2,2.4096385542168677
2025,10-30,0.9,0.4,3,26.144578313253007,83,2,2.4096385542168677
2025,10-30,0.9,0.4,4,27.125,80,2,2.5
2025,10-30,0.9,0.4,5,15.714285714285714,70,1,1.4285714285714286
2025,10-30,0.9,0.5,all,0.0,33,0,0.0
2025,10-30,0.9,0.5,3,0.0,33,0,0.0
2025,10-30,0.9,0.5,4,0.0,32,0,0.0
2025,10-30,0.9,0.5,5,0.0,29,0,0.0
2025,10-30,0.9,0.6,all,0.0,17,0,0.0
2025,10-30,0.9,0.6,3,0.0,17,0,0.0
2025,10-30,0.9,0.6,4,0.0,16,0,0.0
2025,10-30,0.9,0.6,5,0.0,15,0,0.0
2025,10-30,0.9,0.7,all,0.0,5,0,0.0
2025,10-30,0.9,0.7,3,0.0,5,0,0.0
2025,10-30,0.9,0.7,4,0.0,5,0,0.0
2025,10-30,0.9,0.7,5,0.0,5,0,0.0
2025,10-30,1.0,0.4,all,26.144578313253007,83,2,2.4096385542168677
2025,10-30,1.0,0.4,3,26.144578313253007,83,2,2.4096385542168677
2025,10-30,1.0,0.4,4,27.125,80,2,2.5
2025,10-30,1.0,0.4,5,15.714285714285714,70,1,1.4285714285714286
2025,10-30,1.0,0.5,all,0.0,33,0,0.0
2025,10-30,1.0,0.5,3,0.0,33,0,0.0
2025,10-30,1.0,0.5,4,0.0,32,0,0.0
2025,10-30,1.0,0.5,5,0.0,29,0,0.0
2025,10-30,1.0,0.6,all,0.0,17,0,0.0
2025,10-30,1.0,0.6,3,0.0,17,0,0.0
2025,10-30,1.0,0.6,4,0.0,16,0,0.0
2025,10-30,1.0,0.6,5,0.0,15,0,0.0
2025,10-30,1.0,0.7,all,0.0,5,0,0.0
2025,10-30,1.0,0.7,3,0.0,5,0,0.0
2025,10-30,1.0,0.7,4,0.0,5,0,0.0
2025,10-30,1.0,0.7,5,0.0,5,0,0.0
2025,10-30,1.2,0.4,all,26.144578313253007,83,2,2.4096385542168677
2025,10-30,1.2,0.4,3,26.144578313253007,83,2,2.4096385542168677
2025,10-30,1.2,0.4,4,27.125,80,2,2.5
2025,10-30,1.2,0.4,5,15.714285714285714,70,1,1.4285714285714286
2025,10-30,1.2,0.5,all,0.0,33,0,0.0
2025,10-30,1.2,0.5,3,0.0,33,0,0.0
2025,10-30,1.2,0.5,4,0.0,32,0,0.0
2025,10-30,1.2,0.5,5,0.0,29,0,0.0
2025,10-30,1.2,0.6,all,0.0,17,0,0.0
2025,10-30,1.2,0.6,3,0.0,17,0,0.0
2025,10-30,1.2,0.6,4,0.0,16,0,0.0
2025,10-30,1.2,0.6,5,0.0,15,0,0.0
2025,10-30,1.2,0.7,all,0.0,5,0,0.0
2025,10-30,1.2,0.7,3,0.0,5,0,0.0
2025,10-30,1.2,0.7,4,0.0,5,0,0.0
2025,10-30,1.2,0.7,5,0.0,5,0,0.0
2025,10-50,0.5,0.4,all,58.55555555555556,90,3,3.3333333333333335
2025,10-50,0.5,0.4,3,58.55555555555556,90,3,3.3333333333333335
2025,10-50,0.5,0.4,4,60.57471264367816,87,3,3.4482758620689653
2025,10-50,0.5,0.4,5,54.54545454545454,77,2,2.5974025974025974
2025,10-50,0.5,0.5,all,77.5,40,1,2.5
2025,10-50,0.5,0.5,3,77.5,40,1,2.5
2025,10-50,0.5,0.5,4,79.48717948717949,39,1,2.564102564102564
2025,10-50,0.5,0.5,5,86.11111111111111,36,1,2.7777777777777777
2025,10-50,0.5,0.6,all,163.1578947368421,19,1,5.263157894736842
2025,10-50,0.5,0.6,3,163.1578947368421,19,1,5.263157894736842
2025,10-50,0.5,0.6,4,172.22222222222223,18,1,5.555555555555555
2025,10-50,0.5,0.6,5,182.35294117647058,17,1,5.88235294117647
2025,10-50,0.5,0.7,all,0.0,5,0,0.0
2025,10-50,0.5,0.7,3,0.0,5,0,0.0
2025,10-50,0.5,0.7,4,0.0,5,0,0.0
2025,10-50,0.5,0.7,5,0.0,5,0,0.0
2025,10-50,0.6,0.4,all,58.55555555555556,90,3,3.3333333333333335
2025,10-50,0.6,0.4,3,58.55555555555556,90,3,3.3333333333333335
2025,10-50,0.6,0.4,4,60.57471264367816,87,3,3.4482758620689653
2025,10-50,0.6,0.4,5,54.54545454545454,77,2,2.5974025974025974
2025,10-50,0.6,0.5,all,77.5,40,1,2.5
2025,10-50,0.6,0.5,3,77.5,40,1,2.5
2025,10-50,0.6,0.5,4,79.48717948717949,39,1,2.564102564102564
2025,10-50,0.6,0.5,5,86.11111111111111,36,1,2.7777777777777777
2025,10-50,0.6,0.6,all,163.1578947368421,19,1,5.263157894736842
2025,10-50,0.6,0.6,3,163.1578947368421,19,1,5.263157894736842
2025,10-50,0.6,0.6,4,172.22222222222223,18,1,5.555555555555555
2025,10-50,0.6,0.6,5,182.35294117647058,17,1,5.88235294117647
2025,10-50,0.6,0.7,all,0.0,5,0,0.0
2025,10-50,0.6,0.7,3,0.0,5,0,0.0
2025,10-50,0.6,0.7,4,0.0,5,0,0.0
2025,10-50,0.6,0.7,5,0.0,5,0,0.0
2025,10-50,0.7,0.4,all,58.55555555555556,90,3,3.3333333333333335
2025,10-50,0.7,0.4,3,58.55555555555556,90,3,3.3333333333333335
2025,10-50,0.7,0.4,4,60.57471264367816,87,3,3.4482758620689653
2025,10-50,0.7,0.4,5,54.54545454545454,77,2,2.5974025974025974
2025,10-50,0.7,0.5,all,77.5,40,1,2.5
2025,10-50,0.7,0.5,3,77.5,40,1,2.5
2025,10-50,0.7,0.5,4,79.48717948717949,39,1,2.564102564102564
2025,10-50,0.7,0.5,5,86.11111111111111,36,1,2.7777777777777777
2025,10-50,0.7,0.6,all,163.1578947368421,19,1,5.263157894736842
2025,10-50,0.7,0.6,3,163.1578947368421,19,1,5.263157894736842
2025,10-50,0.7,0.6,4,172.22222222222223,18,1,5.555555555555555
2025,10-50,0.7,0.6,5,182.35294117647058,17,1,5.88235294117647
2025,10-50,0.7,0.7,all,0.0,5,0,0.0
2025,10-50,0.7,0.7,3,0.0,5,0,0.0
2025,10-50,0.7,0.7,4,0.0,5,0,0.0
2025,10-50,0.7,0.7,5,0.0,5,0,0.0
2025,10-50,0.8,0.4,all,58.55555555555556,90,3,3.3333333333333335
2025,10-50,0.8,0.4,3,58.55555555555556,90,3,3.3333333333333335
2025,10-50,0.8,0.4,4,60.57471264367816,87,3,3.4482758620689653
2025,10-50,0.8,0.4,5,54.54545454545454,77,2,2.5974025974025974
2025,10-50,0.8,0.5,all,77.5,40,1,2.5
2025,10-50,0.8,0.5,3,77.5,40,1,2.5
2025,10-50,0.8,0.5,4,79.48717948717949,39,1,2.564102564102564
2025,10-50,0.8,0.5,5,86.11111111111111,36,1,2.7777777777777777
2025,10-50,0.8,0.6,all,163.1578947368421,19,1,5.263157894736842
2025,10-50,0.8,0.6,3,163.1578947368421,19,1,5.263157894736842
2025,10-50,0.8,0.6,4,172.22222222222223,18,1,5.555555555555555
2025,10-50,0.8,0.6,5,182.35294117647058,17,1,5.88235294117647
2025,10-50,0.8,0.7,all,0.0,5,0,0.0
2025,10-50,0.8,0.7,3,0.0,5,0,0.0
2025,10-50,0.8,0.7,4,0.0,5,0,0.0
2025,10-50,0.8,0.7,5,0.0,5,0,0.0
2025,10-50,0.9,0.4,all,58.55555555555556,90,3,3.3333333333333335
2025,10-50,0.9,0.4,3,58.55555555555556,90,3,3.3333333333333335
2025,10-50,0.9,0.4,4,60.57471264367816,87,3,3.4482758620689653
2025,10-50,0.9,0.4,5,54.54545454545454,77,2,2.5974025974025974
2025,10-50,0.9,0.5,all,77.5,40,1,2.5
2025,10-50,0.9,0.5,3,77.5,40,1,2.5
2025,10-50,0.9,0.5,4,79.48717948717949,39,1,2.564102564102564
2025,10-50,0.9,0.5,5,86.11111111111111,36,1,2.7777777777777777
2025,10-50,0.9,0.6,all,163.1578947368421,19,1,5.263157894736842
2025,10-50,0.9,0.6,3,163.1578947368421,19,1,5.263157894736842
2025,10-50,0.9,0.6,4,172.22222222222223,18,1,5.555555555555555
2025,10-50,0.9,0.6,5,182.35294117647058,17,1,5.88235294117647
2025,10-50,0.9,0.7,all,0.0,5,0,0.0
2025,10-50,0.9,0.7,3,0.0,5,0,0.0
2025,10-50,0.9,0.7,4,0.0,5,0,0.0
2025,10-50,0.9,0.7,5,0.0,5,0,0.0
2025,10-50,1.0,0.4,all,58.55555555555556,90,3,3.3333333333333335
2025,10-50,1.0,0.4,3,58.55555555555556,90,3,3.3333333333333335
2025,10-50,1.0,0.4,4,60.57471264367816,87,3,3.4482758620689653
2025,10-50,1.0,0.4,5,54.54545454545454,77,2,2.5974025974025974
2025,10-50,1.0,0.5,all,77.5,40,1,2.5
2025,10-50,1.0,0.5,3,77.5,40,1,2.5
2025,10-50,1.0,0.5,4,79.48717948717949,39,1,2.564102564102564
2025,10-50,1.0,0.5,5,86.11111111111111,36,1,2.7777777777777777
2025,10-50,1.0,0.6,all,163.1578947368421,19,1,5.263157894736842
2025,10-50,1.0,0.6,3,163.1578947368421,19,1,5.263157894736842
2025,10-50,1.0,0.6,4,172.22222222222223,18,1,5.555555555555555
2025,10-50,1.0,0.6,5,182.35294117647058,17,1,5.88235294117647
2025,10-50,1.0,0.7,all,0.0,5,0,0.0
2025,10-50,1.0,0.7,3,0.0,5,0,0.0
2025,10-50,1.0,0.7,4,0.0,5,0,0.0
2025,10-50,1.0,0.7,5,0.0,5,0,0.0
2025,10-50,1.2,0.4,all,58.55555555555556,90,3,3.3333333333333335
2025,10-50,1.2,0.4,3,58.55555555555556,90,3,3.3333333333333335
2025,10-50,1.2,0.4,4,60.57471264367816,87,3,3.4482758620689653
2025,10-50,1.2,0.4,5,54.54545454545454,77,2,2.5974025974025974
2025,10-50,1.2,0.5,all,77.5,40,1,2.5
2025,10-50,1.2,0.5,3,77.5,40,1,2.5
2025,10-50,1.2,0.5,4,79.48717948717949,39,1,2.564102564102564
2025,10-50,1.2,0.5,5,86.11111111111111,36,1,2.7777777777777777
2025,10-50,1.2,0.6,all,163.1578947368421,19,1,5.263157894736842
2025,10-50,1.2,0.6,3,163.1578947368421,19,1,5.263157894736842
2025,10-50,1.2,0.6,4,172.22222222222223,18,1,5.555555555555555
2025,10-50,1.2,0.6,5,182.35294117647058,17,1,5.88235294117647
2025,10-50,1.2,0.7,all,0.0,5,0,0.0
2025,10-50,1.2,0.7,3,0.0,5,0,0.0
2025,10-50,1.2,0.7,4,0.0,5,0,0.0
2025,10-50,1.2,0.7,5,0.0,5,0,0.0
2025,15-40,0.5,0.4,all,60.78431372549019,51,1,1.9607843137254901
2025,15-40,0.5,0.4,3,60.78431372549019,51,1,1.9607843137254901
2025,15-40,0.5,0.4,4,60.78431372549019,51,1,1.9607843137254901
2025,15-40,0.5,0.4,5,63.26530612244898,49,1,2.0408163265306123
2025,15-40,0.5,0.5,all,103.33333333333334,30,1,3.3333333333333335
2025,15-40,0.5,0.5,3,103.33333333333334,30,1,3.3333333333333335
2025,15-40,0.5,0.5,4,103.33333333333334,30,1,3.3333333333333335
2025,15-40,0.5,0.5,5,103.33333333333334,30,1,3.3333333333333335
2025,15-40,0.5,0.6,all,193.75,16,1,6.25
2025,15-40,0.5,0.6,3,193.75,16,1,6.25
2025,15-40,0.5,0.6,4,193.75,16,1,6.25
2025,15-40,0.5,0.6,5,193.75,16,1,6.25
2025,15-40,0.6,0.4,all,60.78431372549019,51,1,1.9607843137254901
2025,15-40,0.6,0.4,3,60.78431372549019,51,1,1.9607843137254901
2025,15-40,0.6,0.4,4,60.78431372549019,51,1,1.9607843137254901
2025,15-40,0.6,0.4,5,63.26530612244898,49,1,2.0408163265306123
2025,15-40,0.6,0.5,all,103.33333333333334,30,1,3.3333333333333335
2025,15-40,0.6,0.5,3,103.33333333333334,30,1,3.3333333333333335
2025,15-40,0.6,0.5,4,103.33333333333334,30,1,3.3333333333333335
2025,15-40,0.6,0.5,5,103.33333333333334,30,1,3.3333333333333335
2025,15-40,0.6,0.6,all,193.75,16,1,6.25
2025,15-40,0.6,0.6,3,193.75,16,1,6.25
2025,15-40,0.6,0.6,4,193.75,16,1,6.25
2025,15-40,0.6,0.6,5,193.75,16,1,6.25
2025,15-40,0.7,0.4,all,60.78431372549019,51,1,1.9607843137254901
2025,15-40,0.7,0.4,3,60.78431372549019,51,1,1.9607843137254901
2025,15-40,0.7,0.4,4,60.78431372549019,51,1,1.9607843137254901
2025,15-40,0.7,0.4,5,63.26530612244898,49,1,2.0408163265306123
2025,15-40,0.7,0.5,all,103.33333333333334,30,1,3.3333333333333335
2025,15-40,0.7,0.5,3,103.33333333333334,30,1,3.3333333333333335
2025,15-40,0.7,0.5,4,103.33333333333334,30,1,3.3333333333333335
2025,15-40,0.7,0.5,5,103.33333333333334,30,1,3.3333333333333335
2025,15-40,0.7,0.6,all,193.75,16,1,6.25
2025,15-40,0.7,0.6,3,193.75,16,1,6.25
2025,15-40,0.7,0.6,4,193.75,16,1,6.25
2025,15-40,0.7,0.6,5,193.75,16,1,6.25
2025,15-40,0.8,0.4,all,60.78431372549019,51,1,1.9607843137254901
2025,15-40,0.8,0.4,3,60.78431372549019,51,1,1.9607843137254901
2025,15-40,0.8,0.4,4,60.78431372549019,51,1,1.9607843137254901
2025,15-40,0.8,0.4,5,63.26530612244898,49,1,2.0408163265306123
2025,15-40,0.8,0.5,all,103.33333333333334,30,1,3.3333333333333335
2025,15-40,0.8,0.5,3,103.33333333333334,30,1,3.3333333333333335
2025,15-40,0.8,0.5,4,103.33333333333334,30,1,3.3333333333333335
2025,15-40,0.8,0.5,5,103.33333333333334,30,1,3.3333333333333335
2025,15-40,0.8,0.6,all,193.75,16,1,6.25
2025,15-40,0.8,0.6,3,193.75,16,1,6.25
2025,15-40,0.8,0.6,4,193.75,16,1,6.25
2025,15-40,0.8,0.6,5,193.75,16,1,6.25
2025,15-40,0.9,0.4,all,60.78431372549019,51,1,1.9607843137254901
2025,15-40,0.9,0.4,3,60.78431372549019,51,1,1.9607843137254901
2025,15-40,0.9,0.4,4,60.78431372549019,51,1,1.9607843137254901
2025,15-40,0.9,0.4,5,63.26530612244898,49,1,2.0408163265306123
2025,15-40,0.9,0.5,all,103.33333333333334,30,1,3.3333333333333335
2025,15-40,0.9,0.5,3,103.33333333333334,30,1,3.3333333333333335
2025,15-40,0.9,0.5,4,103.33333333333334,30,1,3.3333333333333335
2025,15-40,0.9,0.5,5,103.33333333333334,30,1,3.3333333333333335
2025,15-40,0.9,0.6,all,193.75,16,1,6.25
2025,15-40,0.9,0.6,3,193.75,16,1,6.25
2025,15-40,0.9,0.6,4,193.75,16,1,6.25
2025,15-40,0.9,0.6,5,193.75,16,1,6.25
2025,15-40,1.0,0.4,all,60.78431372549019,51,1,1.9607843137254901
2025,15-40,1.0,0.4,3,60.78431372549019,51,1,1.9607843137254901
2025,15-40,1.0,0.4,4,60.78431372549019,51,1,1.9607843137254901
2025,15-40,1.0,0.4,5,63.26530612244898,49,1,2.0408163265306123
2025,15-40,1.0,0.5,all,103.33333333333334,30,1,3.3333333333333335
2025,15-40,1.0,0.5,3,103.33333333333334,30,1,3.3333333333333335
2025,15-40,1.0,0.5,4,103.33333333333334,30,1,3.3333333333333335
2025,15-40,1.0,0.5,5,103.33333333333334,30,1,3.3333333333333335
2025,15-40,1.0,0.6,all,193.75,16,1,6.25
2025,15-40,1.0,0.6,3,193.75,16,1,6.25
2025,15-40,1.0,0.6,4,193.75,16,1,6.25
2025,15-40,1.0,0.6,5,193.75,16,1,6.25
2025,15-40,1.2,0.4,all,60.78431372549019,51,1,1.9607843137254901
2025,15-40,1.2,0.4,3,60.78431372549019,51,1,1.9607843137254901
2025,15-40,1.2,0.4,4,60.78431372549019,51,1,1.9607843137254901
2025,15-40,1.2,0.4,5,63.26530612244898,49,1,2.0408163265306123
2025,15-40,1.2,0.5,all,103.33333333333334,30,1,3.3333333333333335
2025,15-40,1.2,0.5,3,103.33333333333334,30,1,3.3333333333333335
2025,15-40,1.2,0.5,4,103.33333333333334,30,1,3.3333333333333335
2025,15-40,1.2,0.5,5,103.33333333333334,30,1,3.3333333333333335
2025,15-40,1.2,0.6,all,193.75,16,1,6.25
2025,15-40,1.2,0.6,3,193.75,16,1,6.25
2025,15-40,1.2,0.6,4,193.75,16,1,6.25
2025,15-40,1.2,0.6,5,193.75,16,1,6.25
2025,20-50,0.5,0.4,all,114.81481481481481,27,1,3.7037037037037033
2025,20-50,0.5,0.4,3,114.81481481481481,27,1,3.7037037037037033
2025,20-50,0.5,0.4,4,114.81481481481481,27,1,3.7037037037037033
2025,20-50,0.5,0.4,5,114.81481481481481,27,1,3.7037037037037033
2025,20-50,0.5,0.5,all,172.22222222222223,18,1,5.555555555555555
2025,20-50,0.5,0.5,3,172.22222222222223,18,1,5.555555555555555
2025,20-50,0.5,0.5,4,172.22222222222223,18,1,5.555555555555555
2025,20-50,0.5,0.5,5,172.22222222222223,18,1,5.555555555555555
2025,20-50,0.5,0.6,all,442.8571428571429,7,1,14.285714285714285
2025,20-50,0.5,0.6,3,442.8571428571429,7,1,14.285714285714285
2025,20-50,0.5,0.6,4,442.8571428571429,7,1,14.285714285714285
2025,20-50,0.5,0.6,5,442.8571428571429,7,1,14.285714285714285
2025,20-50,0.6,0.4,all,114.81481481481481,27,1,3.7037037037037033
2025,20-50,0.6,0.4,3,114.81481481481481,27,1,3.7037037037037033
2025,20-50,0.6,0.4,4,114.81481481481481,27,1,3.7037037037037033
2025,20-50,0.6,0.4,5,114.81481481481481,27,1,3.7037037037037033
2025,20-50,0.6,0.5,all,172.22222222222223,18,1,5.555555555555555
2025,20-50,0.6,0.5,3,172.22222222222223,18,1,5.555555555555555
2025,20-50,0.6,0.5,4,172.22222222222223,18,1,5.555555555555555
2025,20-50,0.6,0.5,5,172.22222222222223,18,1,5.555555555555555
2025,20-50,0.6,0.6,all,442.8571428571429,7,1,14.285714285714285
2025,20-50,0.6,0.6,3,442.8571428571429,7,1,14.285714285714285
2025,20-50,0.6,0.6,4,442.8571428571429,7,1,14.285714285714285
2025,20-50,0.6,0.6,5,442.8571428571429,7,1,14.285714285714285
2025,20-50,0.7,0.4,all,114.81481481481481,27,1,3.7037037037037033
2025,20-50,0.7,0.4,3,114.81481481481481,27,1,3.7037037037037033
2025,20-50,0.7,0.4,4,114.81481481481481,27,1,3.7037037037037033
2025,20-50,0.7,0.4,5,114.81481481481481,27,1,3.7037037037037033
2025,20-50,0.7,0.5,all,172.22222222222223,18,1,5.555555555555555
2025,20-50,0.7,0.5,3,172.22222222222223,18,1,5.555555555555555
2025,20-50,0.7,0.5,4,172.22222222222223,18,1,5.555555555555555
2025,20-50,0.7,0.5,5,172.22222222222223,18,1,5.555555555555555
2025,20-50,0.7,0.6,all,442.8571428571429,7,1,14.285714285714285
2025,20-50,0.7,0.6,3,442.8571428571429,7,1,14.285714285714285
2025,20-50,0.7,0.6,4,442.8571428571429,7,1,14.285714285714285
2025,20-50,0.7,0.6,5,442.8571428571429,7,1,14.285714285714285
2025,20-50,0.8,0.4,all,114.81481481481481,27,1,3.7037037037037033
2025,20-50,0.8,0.4,3,114.81481481481481,27,1,3.7037037037037033
2025,20-50,0.8,0.4,4,114.81481481481481,27,1,3.7037037037037033
2025,20-50,0.8,0.4,5,114.81481481481481,27,1,3.7037037037037033
2025,20-50,0.8,0.5,all,172.22222222222223,18,1,5.555555555555555
2025,20-50,0.8,0.5,3,172.22222222222223,18,1,5.555555555555555
2025,20-50,0.8,0.5,4,172.22222222222223,18,1,5.555555555555555
2025,20-50,0.8,0.5,5,172.22222222222223,18,1,5.555555555555555
2025,20-50,0.8,0.6,all,442.8571428571429,7,1,14.285714285714285
2025,20-50,0.8,0.6,3,442.8571428571429,7,1,14.285714285714285
2025,20-50,0.8,0.6,4,442.8571428571429,7,1,14.285714285714285
2025,20-50,0.8,0.6,5,442.8571428571429,7,1,14.285714285714285
2025,20-50,0.9,0.4,all,114.81481481481481,27,1,3.7037037037037033
2025,20-50,0.9,0.4,3,114.81481481481481,27,1,3.7037037037037033
2025,20-50,0.9,0.4,4,114.81481481481481,27,1,3.7037037037037033
2025,20-50,0.9,0.4,5,114.81481481481481,27,1,3.7037037037037033
2025,20-50,0.9,0.5,all,172.22222222222223,18,1,5.555555555555555
2025,20-50,0.9,0.5,3,172.22222222222223,18,1,5.555555555555555
2025,20-50,0.9,0.5,4,172.22222222222223,18,1,5.555555555555555
2025,20-50,0.9,0.5,5,172.22222222222223,18,1,5.555555555555555
2025,20-50,0.9,0.6,all,442.8571428571429,7,1,14.285714285714285
2025,20-50,0.9,0.6,3,442.8571428571429,7,1,14.285714285714285
2025,20-50,0.9,0.6,4,442.8571428571429,7,1,14.285714285714285
2025,20-50,0.9,0.6,5,442.8571428571429,7,1,14.285714285714285
2025,20-50,1.0,0.4,all,114.81481481481481,27,1,3.7037037037037033
2025,20-50,1.0,0.4,3,114.81481481481481,27,1,3.7037037037037033
2025,20-50,1.0,0.4,4,114.81481481481481,27,1,3.7037037037037033
2025,20-50,1.0,0.4,5,114.81481481481481,27,1,3.7037037037037033
2025,20-50,1.0,0.5,all,172.22222222222223,18,1,5.555555555555555
2025,20-50,1.0,0.5,3,172.22222222222223,18,1,5.555555555555555
2025,20-50,1.0,0.5,4,172.22222222222223,18,1,5.555555555555555
2025,20-50,1.0,0.5,5,172.22222222222223,18,1,5.555555555555555
2025,20-50,1.0,0.6,all,442.8571428571429,7,1,14.285714285714285
2025,20-50,1.0,0.6,3,442.8571428571429,7,1,14.285714285714285
2025,20-50,1.0,0.6,4,442.8571428571429,7,1,14.285714285714285
2025,20-50,1.0,0.6,5,442.8571428571429,7,1,14.285714285714285
2025,20-50,1.2,0.4,all,114.81481481481481,27,1,3.7037037037037033
2025,20-50,1.2,0.4,3,114.81481481481481,27,1,3.7037037037037033
2025,20-50,1.2,0.4,4,114.81481481481481,27,1,3.7037037037037033
2025,20-50,1.2,0.4,5,114.81481481481481,27,1,3.7037037037037033
2025,20-50,1.2,0.5,all,172.22222222222223,18,1,5.555555555555555
2025,20-50,1.2,0.5,3,172.22222222222223,18,1,5.555555555555555
2025,20-50,1.2,0.5,4,172.22222222222223,18,1,5.555555555555555
2025,20-50,1.2,0.5,5,172.22222222222223,18,1,5.555555555555555
2025,20-50,1.2,0.6,all,442.8571428571429,7,1,14.285714285714285
2025,20-50,1.2,0.6,3,442.8571428571429,7,1,14.285714285714285
2025,20-50,1.2,0.6,4,442.8571428571429,7,1,14.285714285714285
2025,20-50,1.2,0.6,5,442.8571428571429,7,1,14.285714285714285
2025,5-20,0.5,0.4,all,68.77551020408163,147,14,9.523809523809524
2025,5-20,0.5,0.4,3,67.89473684210526,133,12,9.022556390977442
2025,5-20,0.5,0.4,4,54.02061855670103,97,6,6.185567010309279
2025,5-20,0.5,0.4,5,17.741935483870968,62,1,1.6129032258064515
2025,5-20,0.5,0.5,all,81.61290322580645,62,7,11.29032258064516
2025,5-20,0.5,0.5,3,84.25925925925925,54,6,11.11111111111111
2025,5-20,0.5,0.5,4,58.750000000000014,40,3,7.5
2025,5-20,0.5,0.5,5,0.0,24,0,0.0
2025,5-20,0.5,0.6,all,64.84848484848484,33,3,9.090909090909092
2025,5-20,0.5,0.6,3,79.25925925925925,27,3,11.11111111111111
2025,5-20,0.5,0.6,4,42.00000000000001,20,1,5.0
2025,5-20,0.5,0.6,5,0.0,12,0,0.0
2025,5-20,0.5,0.7,all,40.625,16,1,6.25
2025,5-20,0.5,0.7,3,59.09090909090909,11,1,9.090909090909092
2025,5-20,0.5,0.7,4,0.0,8,0,0.0
2025,5-20,0.5,0.7,5,0.0,5,0,0.0
2025,5-20,0.6,0.4,all,68.77551020408163,147,14,9.523809523809524
2025,5-20,0.6,0.4,3,67.89473684210526,133,12,9.022556390977442
2025,5-20,0.6,0.4,4,54.02061855670103,97,6,6.185567010309279
2025,5-20,0.6,0.4,5,17.741935483870968,62,1,1.6129032258064515
2025,5-20,0.6,0.5,all,81.61290322580645,62,7,11.29032258064516
2025,5-20,0.6,0.5,3,84.25925925925925,54,6,11.11111111111111
2025,5-20,0.6,0.5,4,58.750000000000014,40,3,7.5
2025,5-20,0.6,0.5,5,0.0,24,0,0.0
2025,5-20,0.6,0.6,all,64.84848484848484,33,3,9.090909090909092
2025,5-20,0.6,0.6,3,79.25925925925925,27,3,11.11111111111111
2025,5-20,0.6,0.6,4,42.00000000000001,20,1,5.0
2025,5-20,0.6,0.6,5,0.0,12,0,0.0
2025,5-20,0.6,0.7,all,40.625,16,1,6.25
2025,5-20,0.6,0.7,3,59.09090909090909,11,1,9.090909090909092
2025,5-20,0.6,0.7,4,0.0,8,0,0.0
2025,5-20,0.6,0.7,5,0.0,5,0,0.0
2025,5-20,0.7,0.4,all,68.77551020408163,147,14,9.523809523809524
2025,5-20,0.7,0.4,3,67.89473684210526,133,12,9.022556390977442
2025,5-20,0.7,0.4,4,54.02061855670103,97,6,6.185567010309279
2025,5-20,0.7,0.4,5,17.741935483870968,62,1,1.6129032258064515
2025,5-20,0.7,0.5,all,81.61290322580645,62,7,11.29032258064516
2025,5-20,0.7,0.5,3,84.25925925925925,54,6,11.11111111111111
2025,5-20,0.7,0.5,4,58.750000000000014,40,3,7.5
2025,5-20,0.7,0.5,5,0.0,24,0,0.0
2025,5-20,0.7,0.6,all,64.84848484848484,33,3,9.090909090909092
2025,5-20,0.7,0.6,3,79.25925925925925,27,3,11.11111111111111
2025,5-20,0.7,0.6,4,42.00000000000001,20,1,5.0
2025,5-20,0.7,0.6,5,0.0,12,0,0.0
2025,5-20,0.7,0.7,all,40.625,16,1,6.25
2025,5-20,0.7,0.7,3,59.09090909090909,11,1,9.090909090909092
2025,5-20,0.7,0.7,4,0.0,8,0,0.0
2025,5-20,0.7,0.7,5,0.0,5,0,0.0
2025,5-20,0.8,0.4,all,68.77551020408163,147,14,9.523809523809524
2025,5-20,0.8,0.4,3,67.89473684210526,133,12,9.022556390977442
2025,5-20,0.8,0.4,4,54.02061855670103,97,6,6.185567010309279
2025,5-20,0.8,0.4,5,17.741935483870968,62,1,1.6129032258064515
2025,5-20,0.8,0.5,all,81.61290322580645,62,7,11.29032258064516
2025,5-20,0.8,0.5,3,84.25925925925925,54,6,11.11111111111111
2025,5-20,0.8,0.5,4,58.750000000000014,40,3,7.5
2025,5-20,0.8,0.5,5,0.0,24,0,0.0
2025,5-20,0.8,0.6,all,64.84848484848484,33,3,9.090909090909092
2025,5-20,0.8,0.6,3,79.25925925925925,27,3,11.11111111111111
2025,5-20,0.8,0.6,4,42.00000000000001,20,1,5.0
2025,5-20,0.8,0.6,5,0.0,12,0,0.0
2025,5-20,0.8,0.7,all,40.625,16,1,6.25
2025,5-20,0.8,0.7,3,59.09090909090909,11,1,9.090909090909092
2025,5-20,0.8,0.7,4,0.0,8,0,0.0
2025,5-20,0.8,0.7,5,0.0,5,0,0.0
2025,5-20,0.9,0.4,all,68.77551020408163,147,14,9.523809523809524
2025,5-20,0.9,0.4,3,67.89473684210526,133,12,9.022556390977442
2025,5-20,0.9,0.4,4,54.02061855670103,97,6,6.185567010309279
2025,5-20,0.9,0.4,5,17.741935483870968,62,1,1.6129032258064515
2025,5-20,0.9,0.5,all,81.61290322580645,62,7,11.29032258064516
2025,5-20,0.9,0.5,3,84.25925925925925,54,6,11.11111111111111
2025,5-20,0.9,0.5,4,58.750000000000014,40,3,7.5
2025,5-20,0.9,0.5,5,0.0,24,0,0.0
2025,5-20,0.9,0.6,all,64.84848484848484,33,3,9.090909090909092
2025,5-20,0.9,0.6,3,79.25925925925925,27,3,11.11111111111111
2025,5-20,0.9,0.6,4,42.00000000000001,20,1,5.0
2025,5-20,0.9,0.6,5,0.0,12,0,0.0
2025,5-20,0.9,0.7,all,40.625,16,1,6.25
2025,5-20,0.9,0.7,3,59.09090909090909,11,1,9.090909090909092
2025,5-20,0.9,0.7,4,0.0,8,0,0.0
2025,5-20,0.9,0.7,5,0.0,5,0,0.0
2025,5-20,1.0,0.4,all,68.77551020408163,147,14,9.523809523809524
2025,5-20,1.0,0.4,3,67.89473684210526,133,12,9.022556390977442
2025,5-20,1.0,0.4,4,54.02061855670103,97,6,6.185567010309279
2025,5-20,1.0,0.4,5,17.741935483870968,62,1,1.6129032258064515
2025,5-20,1.0,0.5,all,81.61290322580645,62,7,11.29032258064516
2025,5-20,1.0,0.5,3,84.25925925925925,54,6,11.11111111111111
2025,5-20,1.0,0.5,4,58.750000000000014,40,3,7.5
2025,5-20,1.0,0.5,5,0.0,24,0,0.0
2025,5-20,1.0,0.6,all,64.84848484848484,33,3,9.090909090909092
2025,5-20,1.0,0.6,3,79.25925925925925,27,3,11.11111111111111
2025,5-20,1.0,0.6,4,42.00000000000001,20,1,5.0
2025,5-20,1.0,0.6,5,0.0,12,0,0.0
2025,5-20,1.0,0.7,all,40.625,16,1,6.25
2025,5-20,1.0,0.7,3,59.09090909090909,11,1,9.090909090909092
2025,5-20,1.0,0.7,4,0.0,8,0,0.0
2025,5-20,1.0,0.7,5,0.0,5,0,0.0
2025,5-20,1.2,0.4,all,68.77551020408163,147,14,9.523809523809524
2025,5-20,1.2,0.4,3,67.89473684210526,133,12,9.022556390977442
2025,5-20,1.2,0.4,4,54.02061855670103,97,6,6.185567010309279
2025,5-20,1.2,0.4,5,17.741935483870968,62,1,1.6129032258064515
2025,5-20,1.2,0.5,all,81.61290322580645,62,7,11.29032258064516
2025,5-20,1.2,0.5,3,84.25925925925925,54,6,11.11111111111111
2025,5-20,1.2,0.5,4,58.750000000000014,40,3,7.5
2025,5-20,1.2,0.5,5,0.0,24,0,0.0
2025,5-20,1.2,0.6,all,64.84848484848484,33,3,9.090909090909092
2025,5-20,1.2,0.6,3,79.25925925925925,27,3,11.11111111111111
2025,5-20,1.2,0.6,4,42.00000000000001,20,1,5.0
2025,5-20,1.2,0.6,5,0.0,12,0,0.0
2025,5-20,1.2,0.7,all,40.625,16,1,6.25
2025,5-20,1.2,0.7,3,59.09090909090909,11,1,9.090909090909092
2025,5-20,1.2,0.7,4,0.0,8,0,0.0
2025,5-20,1.2,0.7,5,0.0,5,0,0.0
2025,7-35,0.5,0.4,all,70.16393442622952,122,7,5.737704918032787
2025,7-35,0.5,0.4,3,70.74380165289257,121,7,5.785123966942149
2025,7-35,0.5,0.4,4,70.27522935779817,109,6,5.5045871559633035
2025,7-35,0.5,0.4,5,50.602409638554214,83,2,2.4096385542168677
2025,7-35,0.5,0.5,all,109.03846153846153,52,4,7.6923076923076925
2025,7-35,0.5,0.5,3,109.03846153846153,52,4,7.6923076923076925
2025,7-35,0.5,0.5,4,99.37499999999999,48,3,6.25
2025,7-35,0.5,0.5,5,83.78378378378379,37,1,2.7027027027027026
2025,7-35,0.5,0.6,all,151.53846153846155,26,2,7.6923076923076925
2025,7-35,0.5,0.6,3,151.53846153846155,26,2,7.6923076923076925
2025,7-35,0.5,0.6,4,164.16666666666666,24,2,8.333333333333332
2025,7-35,0.5,0.6,5,163.1578947368421,19,1,5.263157894736842
2025,7-35,0.5,0.7,all,0.0,7,0,0.0
2025,7-35,0.5,0.7,3,0.0,7,0,0.0
2025,7-35,0.5,0.7,4,0.0,6,0,0.0
2025,7-35,0.5,0.7,5,0.0,6,0,0.0
2025,7-35,0.6,0.4,all,70.16393442622952,122,7,5.737704918032787
2025,7-35,0.6,0.4,3,70.74380165289257,121,7,5.785123966942149
2025,7-35,0.6,0.4,4,70.27522935779817,109,6,5.5045871559633035
2025,7-35,0.6,0.4,5,50.602409638554214,83,2,2.4096385542168677
2025,7-35,0.6,0.5,all,109.03846153846153,52,4,7.6923076923076925
2025,7-35,0.6,0.5,3,109.03846153846153,52,4,7.6923076923076925
2025,7-35,0.6,0.5,4,99.37499999999999,48,3,6.25
2025,7-35,0.6,0.5,5,83.78378378378379,37,1,2.7027027027027026
2025,7-35,0.6,0.6,all,151.53846153846155,26,2,7.6923076923076925
2025,7-35,0.6,0.6,3,151.53846153846155,26,2,7.6923076923076925
2025,7-35,0.6,0.6,4,164.16666666666666,24,2,8.333333333333332
2025,7-35,0.6,0.6,5,163.1578947368421,19,1,5.263157894736842
2025,7-35,0.6,0.7,all,0.0,7,0,0.0
2025,7-35,0.6,0.7,3,0.0,7,0,0.0
2025,7-35,0.6,0.7,4,0.0,6,0,0.0
2025,7-35,0.6,0.7,5,0.0,6,0,0.0
2025,7-35,0.7,0.4,all,70.16393442622952,122,7,5.737704918032787
2025,7-35,0.7,0.4,3,70.74380165289257,121,7,5.785123966942149
2025,7-35,0.7,0.4,4,70.27522935779817,109,6,5.5045871559633035
2025,7-35,0.7,0.4,5,50.602409638554214,83,2,2.4096385542168677
2025,7-35,0.7,0.5,all,109.03846153846153,52,4,7.6923076923076925
2025,7-35,0.7,0.5,3,109.03846153846153,52,4,7.6923076923076925
2025,7-35,0.7,0.5,4,99.37499999999999,48,3,6.25
2025,7-35,0.7,0.5,5,83.78378378378379,37,1,2.7027027027027026
2025,7-35,0.7,0.6,all,151.53846153846155,26,2,7.6923076923076925
2025,7-35,0.7,0.6,3,151.53846153846155,26,2,7.6923076923076925
2025,7-35,0.7,0.6,4,164.16666666666666,24,2,8.333333333333332
2025,7-35,0.7,0.6,5,163.1578947368421,19,1,5.263157894736842
2025,7-35,0.7,0.7,all,0.0,7,0,0.0
2025,7-35,0.7,0.7,3,0.0,7,0,0.0
2025,7-35,0.7,0.7,4,0.0,6,0,0.0
2025,7-35,0.7,0.7,5,0.0,6,0,0.0
2025,7-35,0.8,0.4,all,70.16393442622952,122,7,5.737704918032787
2025,7-35,0.8,0.4,3,70.74380165289257,121,7,5.785123966942149
2025,7-35,0.8,0.4,4,70.27522935779817,109,6,5.5045871559633035
2025,7-35,0.8,0.4,5,50.602409638554214,83,2,2.4096385542168677
2025,7-35,0.8,0.5,all,109.03846153846153,52,4,7.6923076923076925
2025,7-35,0.8,0.5,3,109.03846153846153,52,4,7.6923076923076925
2025,7-35,0.8,0.5,4,99.37499999999999,48,3,6.25
2025,7-35,0.8,0.5,5,83.78378378378379,37,1,2.7027027027027026
2025,7-35,0.8,0.6,all,151.53846153846155,26,2,7.6923076923076925
2025,7-35,0.8,0.6,3,151.53846153846155,26,2,7.6923076923076925
2025,7-35,0.8,0.6,4,164.16666666666666,24,2,8.333333333333332
2025,7-35,0.8,0.6,5,163.1578947368421,19,1,5.263157894736842
2025,7-35,0.8,0.7,all,0.0,7,0,0.0
2025,7-35,0.8,0.7,3,0.0,7,0,0.0
2025,7-35,0.8,0.7,4,0.0,6,0,0.0
2025,7-35,0.8,0.7,5,0.0,6,0,0.0
2025,7-35,0.9,0.4,all,70.16393442622952,122,7,5.737704918032787
2025,7-35,0.9,0.4,3,70.74380165289257,121,7,5.785123966942149
2025,7-35,0.9,0.4,4,70.27522935779817,109,6,5.5045871559633035
2025,7-35,0.9,0.4,5,50.602409638554214,83,2,2.4096385542168677
2025,7-35,0.9,0.5,all,109.03846153846153,52,4,7.6923076923076925
2025,7-35,0.9,0.5,3,109.03846153846153,52,4,7.6923076923076925
2025,7-35,0.9,0.5,4,99.37499999999999,48,3,6.25
2025,7-35,0.9,0.5,5,83.78378378378379,37,1,2.7027027027027026
2025,7-35,0.9,0.6,all,151.53846153846155,26,2,7.6923076923076925
2025,7-35,0.9,0.6,3,151.53846153846155,26,2,7.6923076923076925
2025,7-35,0.9,0.6,4,164.16666666666666,24,2,8.333333333333332
2025,7-35,0.9,0.6,5,163.1578947368421,19,1,5.263157894736842
2025,7-35,0.9,0.7,all,0.0,7,0,0.0
2025,7-35,0.9,0.7,3,0.0,7,0,0.0
2025,7-35,0.9,0.7,4,0.0,6,0,0.0
2025,7-35,0.9,0.7,5,0.0,6,0,0.0
2025,7-35,1.0,0.4,all,70.16393442622952,122,7,5.737704918032787
2025,7-35,1.0,0.4,3,70.74380165289257,121,7,5.785123966942149
2025,7-35,1.0,0.4,4,70.27522935779817,109,6,5.5045871559633035
2025,7-35,1.0,0.4,5,50.602409638554214,83,2,2.4096385542168677
2025,7-35,1.0,0.5,all,109.03846153846153,52,4,7.6923076923076925
2025,7-35,1.0,0.5,3,109.03846153846153,52,4,7.6923076923076925
2025,7-35,1.0,0.5,4,99.37499999999999,48,3,6.25
2025,7-35,1.0,0.5,5,83.78378378378379,37,1,2.7027027027027026
2025,7-35,1.0,0.6,all,151.53846153846155,26,2,7.6923076923076925
2025,7-35,1.0,0.6,3,151.53846153846155,26,2,7.6923076923076925
2025,7-35,1.0,0.6,4,164.16666666666666,24,2,8.333333333333332
2025,7-35,1.0,0.6,5,163.1578947368421,19,1,5.263157894736842
2025,7-35,1.0,0.7,all,0.0,7,0,0.0
2025,7-35,1.0,0.7,3,0.0,7,0,0.0
2025,7-35,1.0,0.7,4,0.0,6,0,0.0
2025,7-35,1.0,0.7,5,0.0,6,0,0.0
2025,7-35,1.2,0.4,all,70.16393442622952,122,7,5.737704918032787
2025,7-35,1.2,0.4,3,70.74380165289257,121,7,5.785123966942149
2025,7-35,1.2,0.4,4,70.27522935779817,109,6,5.5045871559633035
2025,7-35,1.2,0.4,5,50.602409638554214,83,2,2.4096385542168677
2025,7-35,1.2,0.5,all,109.03846153846153,52,4,7.6923076923076925
2025,7-35,1.2,0.5,3,109.03846153846153,52,4,7.6923076923076925
2025,7-35,1.2,0.5,4,99.37499999999999,48,3,6.25
2025,7-35,1.2,0.5,5,83.78378378378379,37,1,2.7027027027027026
2025,7-35,1.2,0.6,all,151.53846153846155,26,2,7.6923076923076925
2025,7-35,1.2,0.6,3,151.53846153846155,26,2,7.6923076923076925
2025,7-35,1.2,0.6,4,164.16666666666666,24,2,8.333333333333332
2025,7-35,1.2,0.6,5,163.1578947368421,19,1,5.263157894736842
2025,7-35,1.2,0.7,all,0.0,7,0,0.0
2025,7-35,1.2,0.7,3,0.0,7,0,0.0
2025,7-35,1.2,0.7,4,0.0,6,0,0.0
2025,7-35,1.2,0.7,5,0.0,6,0,0.0
2025,8-40,0.5,0.4,all,73.9622641509434,106,6,5.660377358490567
2025,8-40,0.5,0.4,3,73.9622641509434,106,6,5.660377358490567
2025,8-40,0.5,0.4,4,69.4,100,5,5.0
2025,8-40,0.5,0.4,5,51.21951219512195,82,2,2.4390243902439024
2025,8-40,0.5,0.5,all,115.71428571428571,49,4,8.16326530612245
2025,8-40,0.5,0.5,3,115.71428571428571,49,4,8.16326530612245
2025,8-40,0.5,0.5,4,101.48936170212765,47,3,6.382978723404255
2025,8-40,0.5,0.5,5,79.48717948717949,39,1,2.564102564102564
2025,8-40,0.5,0.6,all,171.30434782608694,23,2,8.695652173913043
2025,8-40,0.5,0.6,3,171.30434782608694,23,2,8.695652173913043
2025,8-40,0.5,0.6,4,179.09090909090907,22,2,9.090909090909092
2025,8-40,0.5,0.6,5,172.22222222222223,18,1,5.555555555555555
2025,8-40,0.5,0.7,all,0.0,5,0,0.0
2025,8-40,0.5,0.7,3,0.0,5,0,0.0
2025,8-40,0.5,0.7,4,0.0,5,0,0.0
2025,8-40,0.5,0.7,5,0.0,5,0,0.0
2025,8-40,0.6,0.4,all,73.9622641509434,106,6,5.660377358490567
2025,8-40,0.6,0.4,3,73.9622641509434,106,6,5.660377358490567
2025,8-40,0.6,0.4,4,69.4,100,5,5.0
2025,8-40,0.6,0.4,5,51.21951219512195,82,2,2.4390243902439024
2025,8-40,0.6,0.5,all,115.71428571428571,49,4,8.16326530612245
2025,8-40,0.6,0.5,3,115.71428571428571,49,4,8.16326530612245
2025,8-40,0.6,0.5,4,101.48936170212765,47,3,6.382978723404255
2025,8-40,0.6,0.5,5,79.48717948717949,39,1,2.564102564102564
2025,8-40,0.6,0.6,all,171.30434782608694,23,2,8.695652173913043
2025,8-40,0.6,0.6,3,171.30434782608694,23,2,8.695652173913043
2025,8-40,0.6,0.6,4,179.09090909090907,22,2,9.090909090909092
2025,8-40,0.6,0.6,5,172.22222222222223,18,1,5.555555555555555
2025,8-40,0.6,0.7,all,0.0,5,0,0.0
2025,8-40,0.6,0.7,3,0.0,5,0,0.0
2025,8-40,0.6,0.7,4,0.0,5,0,0.0
2025,8-40,0.6,0.7,5,0.0,5,0,0.0
2025,8-40,0.7,0.4,all,73.9622641509434,106,6,5.660377358490567
2025,8-40,0.7,0.4,3,73.9622641509434,106,6,5.660377358490567
2025,8-40,0.7,0.4,4,69.4,100,5,5.0
2025,8-40,0.7,0.4,5,51.21951219512195,82,2,2.4390243902439024
2025,8-40,0.7,0.5,all,115.71428571428571,49,4,8.16326530612245
2025,8-40,0.7,0.5,3,115.71428571428571,49,4,8.16326530612245
2025,8-40,0.7,0.5,4,101.48936170212765,47,3,6.382978723404255
2025,8-40,0.7,0.5,5,79.48717948717949,39,1,2.564102564102564
2025,8-40,0.7,0.6,all,171.30434782608694,23,2,8.695652173913043
2025,8-40,0.7,0.6,3,171.30434782608694,23,2,8.695652173913043
2025,8-40,0.7,0.6,4,179.09090909090907,22,2,9.090909090909092
2025,8-40,0.7,0.6,5,172.22222222222223,18,1,5.555555555555555
2025,8-40,0.7,0.7,all,0.0,5,0,0.0
2025,8-40,0.7,0.7,3,0.0,5,0,0.0
2025,8-40,0.7,0.7,4,0.0,5,0,0.0
2025,8-40,0.7,0.7,5,0.0,5,0,0.0
2025,8-40,0.8,0.4,all,73.9622641509434,106,6,5.660377358490567
2025,8-40,0.8,0.4,3,73.9622641509434,106,6,5.660377358490567
2025,8-40,0.8,0.4,4,69.4,100,5,5.0
2025,8-40,0.8,0.4,5,51.21951219512195,82,2,2.4390243902439024
2025,8-40,0.8,0.5,all,115.71428571428571,49,4,8.16326530612245
2025,8-40,0.8,0.5,3,115.71428571428571,49,4,8.16326530612245
2025,8-40,0.8,0.5,4,101.48936170212765,47,3,6.382978723404255
2025,8-40,0.8,0.5,5,79.48717948717949,39,1,2.564102564102564
2025,8-40,0.8,0.6,all,171.30434782608694,23,2,8.695652173913043
2025,8-40,0.8,0.6,3,171.30434782608694,23,2,8.695652173913043
2025,8-40,0.8,0.6,4,179.09090909090907,22,2,9.090909090909092
2025,8-40,0.8,0.6,5,172.22222222222223,18,1,5.555555555555555
2025,8-40,0.8,0.7,all,0.0,5,0,0.0
2025,8-40,0.8,0.7,3,0.0,5,0,0.0
2025,8-40,0.8,0.7,4,0.0,5,0,0.0
2025,8-40,0.8,0.7,5,0.0,5,0,0.0
2025,8-40,0.9,0.4,all,73.9622641509434,106,6,5.660377358490567
2025,8-40,0.9,0.4,3,73.9622641509434,106,6,5.660377358490567
2025,8-40,0.9,0.4,4,69.4,100,5,5.0
2025,8-40,0.9,0.4,5,51.21951219512195,82,2,2.4390243902439024
2025,8-40,0.9,0.5,all,115.71428571428571,49,4,8.16326530612245
2025,8-40,0.9,0.5,3,115.71428571428571,49,4,8.16326530612245
2025,8-40,0.9,0.5,4,101.48936170212765,47,3,6.382978723404255
2025,8-40,0.9,0.5,5,79.48717948717949,39,1,2.564102564102564
2025,8-40,0.9,0.6,all,171.30434782608694,23,2,8.695652173913043
2025,8-40,0.9,0.6,3,171.30434782608694,23,2,8.695652173913043
2025,8-40,0.9,0.6,4,179.09090909090907,22,2,9.090909090909092
2025,8-40,0.9,0.6,5,172.22222222222223,18,1,5.555555555555555
2025,8-40,0.9,0.7,all,0.0,5,0,0.0
2025,8-40,0.9,0.7,3,0.0,5,0,0.0
2025,8-40,0.9,0.7,4,0.0,5,0,0.0
2025,8-40,0.9,0.7,5,0.0,5,0,0.0
2025,8-40,1.0,0.4,all,73.9622641509434,106,6,5.660377358490567
2025,8-40,1.0,0.4,3,73.9622641509434,106,6,5.660377358490567
2025,8-40,1.0,0.4,4,69.4,100,5,5.0
2025,8-40,1.0,0.4,5,51.21951219512195,82,2,2.4390243902439024
2025,8-40,1.0,0.5,all,115.71428571428571,49,4,8.16326530612245
2025,8-40,1.0,0.5,3,115.71428571428571,49,4,8.16326530612245
2025,8-40,1.0,0.5,4,101.48936170212765,47,3,6.382978723404255
2025,8-40,1.0,0.5,5,79.48717948717949,39,1,2.564102564102564
2025,8-40,1.0,0.6,all,171.30434782608694,23,2,8.695652173913043
2025,8-40,1.0,0.6,3,171.30434782608694,23,2,8.695652173913043
2025,8-40,1.0,0.6,4,179.09090909090907,22,2,9.090909090909092
2025,8-40,1.0,0.6,5,172.22222222222223,18,1,5.555555555555555
2025,8-40,1.0,0.7,all,0.0,5,0,0.0
2025,8-40,1.0,0.7,3,0.0,5,0,0.0
2025,8-40,1.0,0.7,4,0.0,5,0,0.0
2025,8-40,1.0,0.7,5,0.0,5,0,0.0
2025,8-40,1.2,0.4,all,73.9622641509434,106,6,5.660377358490567
2025,8-40,1.2,0.4,3,73.9622641509434,106,6,5.660377358490567
2025,8-40,1.2,0.4,4,69.4,100,5,5.0
2025,8-40,1.2,0.4,5,51.21951219512195,82,2,2.4390243902439024
2025,8-40,1.2,0.5,all,115.71428571428571,49,4,8.16326530612245
2025,8-40,1.2,0.5,3,115.71428571428571,49,4,8.16326530612245
2025,8-40,1.2,0.5,4,101.48936170212765,47,3,6.382978723404255
2025,8-40,1.2,0.5,5,79.48717948717949,39,1,2.564102564102564
2025,8-40,1.2,0.6,all,171.30434782608694,23,2,8.695652173913043
2025,8-40,1.2,0.6,3,171.30434782608694,23,2,8.695652173913043
2025,8-40,1.2,0.6,4,179.09090909090907,22,2,9.090909090909092
2025,8-40,1.2,0.6,5,172.22222222222223,18,1,5.555555555555555
2025,8-40,1.2,0.7,all,0.0,5,0,0.0
2025,8-40,1.2,0.7,3,0.0,5,0,0.0
2025,8-40,1.2,0.7,4,0.0,5,0,0.0
2025,8-40,1.2,0.7,5,0.0,5,0,0.0
2024,5-30,0.5,0.4,all,41.578947368421055,152,9,5.921052631578947
2024,5-30,0.5,0.4,3,45.142857142857146,140,9,6.428571428571428
2024,5-30,0.5,0.4,4,42.28260869565218,92,5,5.434782608695652
2024,5-30,0.5,0.4,5,41.25,64,3,4.6875
2024,5-30,0.5,0.5,all,24.000000000000004,70,3,4.285714285714286
2024,5-30,0.5,0.5,3,25.846153846153847,65,3,4.615384615384616
2024,5-30,0.5,0.5,4,14.634146341463413,41,1,2.4390243902439024
2024,5-30,0.5,0.5,5,0.0,26,0,0.0
2024,5-30,0.5,0.6,all,17.5,32,1,3.125
2024,5-30,0.5,0.6,3,20.0,28,1,3.571428571428571
2024,5-30,0.5,0.6,4,0.0,20,0,0.0
2024,5-30,0.5,0.6,5,0.0,12,0,0.0
2024,5-30,0.5,0.7,all,0.0,14,0,0.0
2024,5-30,0.5,0.7,3,0.0,14,0,0.0
2024,5-30,0.5,0.7,4,0.0,12,0,0.0
2024,5-30,0.5,0.7,5,0.0,6,0,0.0
2024,5-30,0.6,0.4,all,41.578947368421055,152,9,5.921052631578947
2024,5-30,0.6,0.4,3,45.142857142857146,140,9,6.428571428571428
2024,5-30,0.6,0.4,4,42.28260869565218,92,5,5.434782608695652
2024,5-30,0.6,0.4,5,41.25,64,3,4.6875
2024,5-30,0.6,0.5,all,24.000000000000004,70,3,4.285714285714286
2024,5-30,0.6,0.5,3,25.846153846153847,65,3,4.615384615384616
2024,5-30,0.6,0.5,4,14.634146341463413,41,1,2.4390243902439024
2024,5-30,0.6,0.5,5,0.0,26,0,0.0
2024,5-30,0.6,0.6,all,17.5,32,1,3.125
2024,5-30,0.6,0.6,3,20.0,28,1,3.571428571428571
2024,5-30,0.6,0.6,4,0.0,20,0,0.0
2024,5-30,0.6,0.6,5,0.0,12,0,0.0
2024,5-30,0.6,0.7,all,0.0,14,0,0.0
2024,5-30,0.6,0.7,3,0.0,14,0,0.0
2024,5-30,0.6,0.7,4,0.0,12,0,0.0
2024,5-30,0.6,0.7,5,0.0,6,0,0.0
2024,5-30,0.7,0.4,all,41.578947368421055,152,9,5.921052631578947
2024,5-30,0.7,0.4,3,45.142857142857146,140,9,6.428571428571428
2024,5-30,0.7,0.4,4,42.28260869565218,92,5,5.434782608695652
2024,5-30,0.7,0.4,5,41.25,64,3,4.6875
2024,5-30,0.7,0.5,all,24.000000000000004,70,3,4.285714285714286
2024,5-30,0.7,0.5,3,25.846153846153847,65,3,4.615384615384616
2024,5-30,0.7,0.5,4,14.634146341463413,41,1,2.4390243902439024
2024,5-30,0.7,0.5,5,0.0,26,0,0.0
2024,5-30,0.7,0.6,all,17.5,32,1,3.125
2024,5-30,0.7,0.6,3,20.0,28,1,3.571428571428571
2024,5-30,0.7,0.6,4,0.0,20,0,0.0
2024,5-30,0.7,0.6,5,0.0,12,0,0.0
2024,5-30,0.7,0.7,all,0.0,14,0,0.0
2024,5-30,0.7,0.7,3,0.0,14,0,0.0
2024,5-30,0.7,0.7,4,0.0,12,0,0.0
2024,5-30,0.7,0.7,5,0.0,6,0,0.0
2024,5-30,0.8,0.4,all,41.578947368421055,152,9,5.921052631578947
2024,5-30,0.8,0.4,3,45.142857142857146,140,9,6.428571428571428
2024,5-30,0.8,0.4,4,42.28260869565218,92,5,5.434782608695652
2024,5-30,0.8,0.4,5,41.25,64,3,4.6875
2024,5-30,0.8,0.5,all,24.000000000000004,70,3,4.285714285714286
2024,5-30,0.8,0.5,3,25.846153846153847,65,3,4.615384615384616
2024,5-30,0.8,0.5,4,14.634146341463413,41,1,2.4390243902439024
2024,5-30,0.8,0.5,5,0.0,26,0,0.0
2024,5-30,0.8,0.6,all,17.5,32,1,3.125
2024,5-30,0.8,0.6,3,20.0,28,1,3.571428571428571
2024,5-30,0.8,0.6,4,0.0,20,0,0.0
2024,5-30,0.8,0.6,5,0.0,12,0,0.0
2024,5-30,0.8,0.7,all,0.0,14,0,0.0
2024,5-30,0.8,0.7,3,0.0,14,0,0.0
2024,5-30,0.8,0.7,4,0.0,12,0,0.0
2024,5-30,0.8,0.7,5,0.0,6,0,0.0
2024,5-30,0.9,0.4,all,41.578947368421055,152,9,5.921052631578947
2024,5-30,0.9,0.4,3,45.142857142857146,140,9,6.428571428571428
2024,5-30,0.9,0.4,4,42.28260869565218,92,5,5.434782608695652
2024,5-30,0.9,0.4,5,41.25,64,3,4.6875
2024,5-30,0.9,0.5,all,24.000000000000004,70,3,4.285714285714286
2024,5-30,0.9,0.5,3,25.846153846153847,65,3,4.615384615384616
2024,5-30,0.9,0.5,4,14.634146341463413,41,1,2.4390243902439024
2024,5-30,0.9,0.5,5,0.0,26,0,0.0
2024,5-30,0.9,0.6,all,17.5,32,1,3.125
2024,5-30,0.9,0.6,3,20.0,28,1,3.571428571428571
2024,5-30,0.9,0.6,4,0.0,20,0,0.0
2024,5-30,0.9,0.6,5,0.0,12,0,0.0
2024,5-30,0.9,0.7,all,0.0,14,0,0.0
2024,5-30,0.9,0.7,3,0.0,14,0,0.0
2024,5-30,0.9,0.7,4,0.0,12,0,0.0
2024,5-30,0.9,0.7,5,0.0,6,0,0.0
2024,5-30,1.0,0.4,all,41.578947368421055,152,9,5.921052631578947
2024,5-30,1.0,0.4,3,45.142857142857146,140,9,6.428571428571428
2024,5-30,1.0,0.4,4,42.28260869565218,92,5,5.434782608695652
2024,5-30,1.0,0.4,5,41.25,64,3,4.6875
2024,5-30,1.0,0.5,all,24.000000000000004,70,3,4.285714285714286
2024,5-30,1.0,0.5,3,25.846153846153847,65,3,4.615384615384616
2024,5-30,1.0,0.5,4,14.634146341463413,41,1,2.4390243902439024
2024,5-30,1.0,0.5,5,0.0,26,0,0.0
2024,5-30,1.0,0.6,all,17.5,32,1,3.125
2024,5-30,1.0,0.6,3,20.0,28,1,3.571428571428571
2024,5-30,1.0,0.6,4,0.0,20,0,0.0
2024,5-30,1.0,0.6,5,0.0,12,0,0.0
2024,5-30,1.0,0.7,all,0.0,14,0,0.0
2024,5-30,1.0,0.7,3,0.0,14,0,0.0
2024,5-30,1.0,0.7,4,0.0,12,0,0.0
2024,5-30,1.0,0.7,5,0.0,6,0,0.0
2024,5-30,1.2,0.4,all,41.578947368421055,152,9,5.921052631578947
2024,5-30,1.2,0.4,3,45.142857142857146,140,9,6.428571428571428
2024,5-30,1.2,0.4,4,42.28260869565218,92,5,5.434782608695652
2024,5-30,1.2,0.4,5,41.25,64,3,4.6875
2024,5-30,1.2,0.5,all,24.000000000000004,70,3,4.285714285714286
2024,5-30,1.2,0.5,3,25.846153846153847,65,3,4.615384615384616
2024,5-30,1.2,0.5,4,14.634146341463413,41,1,2.4390243902439024
2024,5-30,1.2,0.5,5,0.0,26,0,0.0
2024,5-30,1.2,0.6,all,17.5,32,1,3.125
2024,5-30,1.2,0.6,3,20.0,28,1,3.571428571428571
2024,5-30,1.2,0.6,4,0.0,20,0,0.0
2024,5-30,1.2,0.6,5,0.0,12,0,0.0
2024,5-30,1.2,0.7,all,0.0,14,0,0.0
2024,5-30,1.2,0.7,3,0.0,14,0,0.0
2024,5-30,1.2,0.7,4,0.0,12,0,0.0
2024,5-30,1.2,0.7,5,0.0,6,0,0.0
2024,5-50,0.5,0.4,all,39.25465838509317,161,9,5.590062111801243
2024,5-50,0.5,0.4,3,42.41610738255034,149,9,6.0402684563758395
2024,5-50,0.5,0.4,4,38.51485148514852,101,5,4.9504950495049505
2024,5-50,0.5,0.4,5,36.16438356164384,73,3,4.10958904109589
2024,5-50,0.5,0.5,all,22.702702702702705,74,3,4.054054054054054
2024,5-50,0.5,0.5,3,24.347826086956523,69,3,4.3478260869565215
2024,5-50,0.5,0.5,4,13.333333333333334,45,1,2.2222222222222223
2024,5-50,0.5,0.5,5,0.0,30,0,0.0
2024,5-50,0.5,0.6,all,16.96969696969697,33,1,3.0303030303030303
2024,5-50,0.5,0.6,3,19.310344827586206,29,1,3.4482758620689653
2024,5-50,0.5,0.6,4,0.0,21,0,0.0
2024,5-50,0.5,0.6,5,0.0,13,0,0.0
2024,5-50,0.5,0.7,all,0.0,14,0,0.0
2024,5-50,0.5,0.7,3,0.0,14,0,0.0
2024,5-50,0.5,0.7,4,0.0,12,0,0.0
2024,5-50,0.5,0.7,5,0.0,6,0,0.0
2024,5-50,0.6,0.4,all,39.25465838509317,161,9,5.590062111801243
2024,5-50,0.6,0.4,3,42.41610738255034,149,9,6.0402684563758395
2024,5-50,0.6,0.4,4,38.51485148514852,101,5,4.9504950495049505
2024,5-50,0.6,0.4,5,36.16438356164384,73,3,4.10958904109589
2024,5-50,0.6,0.5,all,22.702702702702705,74,3,4.054054054054054
2024,5-50,0.6,0.5,3,24.347826086956523,69,3,4.3478260869565215
2024,5-50,0.6,0.5,4,13.333333333333334,45,1,2.2222222222222223
2024,5-50,0.6,0.5,5,0.0,30,0,0.0
2024,5-50,0.6,0.6,all,16.96969696969697,33,1,3.0303030303030303
2024,5-50,0.6,0.6,3,19.310344827586206,29,1,3.4482758620689653
2024,5-50,0.6,0.6,4,0.0,21,0,0.0
2024,5-50,0.6,0.6,5,0.0,13,0,0.0
2024,5-50,0.6,0.7,all,0.0,14,0,0.0
2024,5-50,0.6,0.7,3,0.0,14,0,0.0
2024,5-50,0.6,0.7,4,0.0,12,0,0.0
2024,5-50,0.6,0.7,5,0.0,6,0,0.0
2024,5-50,0.7,0.4,all,39.25465838509317,161,9,5.590062111801243
2024,5-50,0.7,0.4,3,42.41610738255034,149,9,6.0402684563758395
2024,5-50,0.7,0.4,4,38.51485148514852,101,5,4.9504950495049505
2024,5-50,0.7,0.4,5,36.16438356164384,73,3,4.10958904109589
2024,5-50,0.7,0.5,all,22.702702702702705,74,3,4.054054054054054
2024,5-50,0.7,0.5,3,24.347826086956523,69,3,4.3478260869565215
2024,5-50,0.7,0.5,4,13.333333333333334,45,1,2.2222222222222223
2024,5-50,0.7,0.5,5,0.0,30,0,0.0
2024,5-50,0.7,0.6,all,16.96969696969697,33,1,3.0303030303030303
2024,5-50,0.7,0.6,3,19.310344827586206,29,1,3.4482758620689653
2024,5-50,0.7,0.6,4,0.0,21,0,0.0
2024,5-50,0.7,0.6,5,0.0,13,0,0.0
2024,5-50,0.7,0.7,all,0.0,14,0,0.0
2024,5-50,0.7,0.7,3,0.0,14,0,0.0
2024,5-50,0.7,0.7,4,0.0,12,0,0.0
2024,5-50,0.7,0.7,5,0.0,6,0,0.0
2024,5-50,0.8,0.4,all,39.25465838509317,161,9,5.590062111801243
2024,5-50,0.8,0.4,3,42.41610738255034,149,9,6.0402684563758395
2024,5-50,0.8,0.4,4,38.51485148514852,101,5,4.9504950495049505
2024,5-50,0.8,0.4,5,36.16438356164384,73,3,4.10958904109589
2024,5-50,0.8,0.5,all,22.702702702702705,74,3,4.054054054054054
2024,5-50,0.8,0.5,3,24.347826086956523,69,3,4.3478260869565215
2024,5-50,0.8,0.5,4,13.333333333333334,45,1,2.2222222222222223
2024,5-50,0.8,0.5,5,0.0,30,0,0.0
2024,5-50,0.8,0.6,all,16.96969696969697,33,1,3.0303030303030303
2024,5-50,0.8,0.6,3,19.310344827586206,29,1,3.4482758620689653
2024,5-50,0.8,0.6,4,0.0,21,0,0.0
2024,5-50,0.8,0.6,5,0.0,13,0,0.0
2024,5-50,0.8,0.7,all,0.0,14,0,0.0
2024,5-50,0.8,0.7,3,0.0,14,0,0.0
2024,5-50,0.8,0.7,4,0.0,12,0,0.0
2024,5-50,0.8,0.7,5,0.0,6,0,0.0
2024,5-50,0.9,0.4,all,39.25465838509317,161,9,5.590062111801243
2024,5-50,0.9,0.4,3,42.41610738255034,149,9,6.0402684563758395
2024,5-50,0.9,0.4,4,38.51485148514852,101,5,4.9504950495049505
2024,5-50,0.9,0.4,5,36.16438356164384,73,3,4.10958904109589
2024,5-50,0.9,0.5,all,22.702702702702705,74,3,4.054054054054054
2024,5-50,0.9,0.5,3,24.347826086956523,69,3,4.3478260869565215
2024,5-50,0.9,0.5,4,13.333333333333334,45,1,2.2222222222222223
2024,5-50,0.9,0.5,5,0.0,30,0,0.0
2024,5-50,0.9,0.6,all,16.96969696969697,33,1,3.0303030303030303
2024,5-50,0.9,0.6,3,19.310344827586206,29,1,3.4482758620689653
2024,5-50,0.9,0.6,4,0.0,21,0,0.0
2024,5-50,0.9,0.6,5,0.0,13,0,0.0
2024,5-50,0.9,0.7,all,0.0,14,0,0.0
2024,5-50,0.9,0.7,3,0.0,14,0,0.0
2024,5-50,0.9,0.7,4,0.0,12,0,0.0
2024,5-50,0.9,0.7,5,0.0,6,0,0.0
2024,5-50,1.0,0.4,all,39.25465838509317,161,9,5.590062111801243
2024,5-50,1.0,0.4,3,42.41610738255034,149,9,6.0402684563758395
2024,5-50,1.0,0.4,4,38.51485148514852,101,5,4.9504950495049505
2024,5-50,1.0,0.4,5,36.16438356164384,73,3,4.10958904109589
2024,5-50,1.0,0.5,all,22.702702702702705,74,3,4.054054054054054
2024,5-50,1.0,0.5,3,24.347826086956523,69,3,4.3478260869565215
2024,5-50,1.0,0.5,4,13.333333333333334,45,1,2.2222222222222223
2024,5-50,1.0,0.5,5,0.0,30,0,0.0
2024,5-50,1.0,0.6,all,16.96969696969697,33,1,3.0303030303030303
2024,5-50,1.0,0.6,3,19.310344827586206,29,1,3.4482758620689653
2024,5-50,1.0,0.6,4,0.0,21,0,0.0
2024,5-50,1.0,0.6,5,0.0,13,0,0.0
2024,5-50,1.0,0.7,all,0.0,14,0,0.0
2024,5-50,1.0,0.7,3,0.0,14,0,0.0
2024,5-50,1.0,0.7,4,0.0,12,0,0.0
2024,5-50,1.0,0.7,5,0.0,6,0,0.0
2024,5-50,1.2,0.4,all,39.25465838509317,161,9,5.590062111801243
2024,5-50,1.2,0.4,3,42.41610738255034,149,9,6.0402684563758395
2024,5-50,1.2,0.4,4,38.51485148514852,101,5,4.9504950495049505
2024,5-50,1.2,0.4,5,36.16438356164384,73,3,4.10958904109589
2024,5-50,1.2,0.5,all,22.702702702702705,74,3,4.054054054054054
2024,5-50,1.2,0.5,3,24.347826086956523,69,3,4.3478260869565215
2024,5-50,1.2,0.5,4,13.333333333333334,45,1,2.2222222222222223
2024,5-50,1.2,0.5,5,0.0,30,0,0.0
2024,5-50,1.2,0.6,all,16.96969696969697,33,1,3.0303030303030303
2024,5-50,1.2,0.6,3,19.310344827586206,29,1,3.4482758620689653
2024,5-50,1.2,0.6,4,0.0,21,0,0.0
2024,5-50,1.2,0.6,5,0.0,13,0,0.0
2024,5-50,1.2,0.7,all,0.0,14,0,0.0
2024,5-50,1.2,0.7,3,0.0,14,0,0.0
2024,5-50,1.2,0.7,4,0.0,12,0,0.0
2024,5-50,1.2,0.7,5,0.0,6,0,0.0
2024,10-30,0.5,0.4,all,18.947368421052634,57,1,1.7543859649122806
2024,10-30,0.5,0.4,3,18.947368421052634,57,1,1.7543859649122806
2024,10-30,0.5,0.4,4,20.0,54,1,1.8518518518518516
2024,10-30,0.5,0.4,5,22.040816326530614,49,1,2.0408163265306123
2024,10-30,0.5,0.5,all,0.0,24,0,0.0
2024,10-30,0.5,0.5,3,0.0,24,0,0.0
2024,10-30,0.5,0.5,4,0.0,22,0,0.0
2024,10-30,0.5,0.5,5,0.0,20,0,0.0
2024,10-30,0.5,0.6,all,0.0,11,0,0.0
2024,10-30,0.5,0.6,3,0.0,11,0,0.0
2024,10-30,0.5,0.6,4,0.0,11,0,0.0
2024,10-30,0.5,0.6,5,0.0,10,0,0.0
2024,10-30,0.5,0.7,all,0.0,6,0,0.0
2024,10-30,0.5,0.7,3,0.0,6,0,0.0
2024,10-30,0.5,0.7,4,0.0,6,0,0.0
2024,10-30,0.5,0.7,5,0.0,5,0,0.0
2024,10-30,0.6,0.4,all,18.947368421052634,57,1,1.7543859649122806
2024,10-30,0.6,0.4,3,18.947368421052634,57,1,1.7543859649122806
2024,10-30,0.6,0.4,4,20.0,54,1,1.8518518518518516
2024,10-30,0.6,0.4,5,22.040816326530614,49,1,2.0408163265306123
2024,10-30,0.6,0.5,all,0.0,24,0,0.0
2024,10-30,0.6,0.5,3,0.0,24,0,0.0
2024,10-30,0.6,0.5,4,0.0,22,0,0.0
2024,10-30,0.6,0.5,5,0.0,20,0,0.0
2024,10-30,0.6,0.6,all,0.0,11,0,0.0
2024,10-30,0.6,0.6,3,0.0,11,0,0.0
2024,10-30,0.6,0.6,4,0.0,11,0,0.0
2024,10-30,0.6,0.6,5,0.0,10,0,0.0
2024,10-30,0.6,0.7,all,0.0,6,0,0.0
2024,10-30,0.6,0.7,3,0.0,6,0,0.0
2024,10-30,0.6,0.7,4,0.0,6,0,0.0
2024,10-30,0.6,0.7,5,0.0,5,0,0.0
2024,10-30,0.7,0.4,all,18.947368421052634,57,1,1.7543859649122806
2024,10-30,0.7,0.4,3,18.947368421052634,57,1,1.7543859649122806
2024,10-30,0.7,0.4,4,20.0,54,1,1.8518518518518516
2024,10-30,0.7,0.4,5,22.040816326530614,49,1,2.0408163265306123
2024,10-30,0.7,0.5,all,0.0,24,0,0.0
2024,10-30,0.7,0.5,3,0.0,24,0,0.0
2024,10-30,0.7,0.5,4,0.0,22,0,0.0
2024,10-30,0.7,0.5,5,0.0,20,0,0.0
2024,10-30,0.7,0.6,all,0.0,11,0,0.0
2024,10-30,0.7,0.6,3,0.0,11,0,0.0
2024,10-30,0.7,0.6,4,0.0,11,0,0.0
2024,10-30,0.7,0.6,5,0.0,10,0,0.0
2024,10-30,0.7,0.7,all,0.0,6,0,0.0
2024,10-30,0.7,0.7,3,0.0,6,0,0.0
2024,10-30,0.7,0.7,4,0.0,6,0,0.0
2024,10-30,0.7,0.7,5,0.0,5,0,0.0
2024,10-30,0.8,0.4,all,18.947368421052634,57,1,1.7543859649122806
2024,10-30,0.8,0.4,3,18.947368421052634,57,1,1.7543859649122806
2024,10-30,0.8,0.4,4,20.0,54,1,1.8518518518518516
2024,10-30,0.8,0.4,5,22.040816326530614,49,1,2.0408163265306123
2024,10-30,0.8,0.5,all,0.0,24,0,0.0
2024,10-30,0.8,0.5,3,0.0,24,0,0.0
2024,10-30,0.8,0.5,4,0.0,22,0,0.0
2024,10-30,0.8,0.5,5,0.0,20,0,0.0
2024,10-30,0.8,0.6,all,0.0,11,0,0.0
2024,10-30,0.8,0.6,3,0.0,11,0,0.0
2024,10-30,0.8,0.6,4,0.0,11,0,0.0
2024,10-30,0.8,0.6,5,0.0,10,0,0.0
2024,10-30,0.8,0.7,all,0.0,6,0,0.0
2024,10-30,0.8,0.7,3,0.0,6,0,0.0
2024,10-30,0.8,0.7,4,0.0,6,0,0.0
2024,10-30,0.8,0.7,5,0.0,5,0,0.0
2024,10-30,0.9,0.4,all,18.947368421052634,57,1,1.7543859649122806
2024,10-30,0.9,0.4,3,18.947368421052634,57,1,1.7543859649122806
2024,10-30,0.9,0.4,4,20.0,54,1,1.8518518518518516
2024,10-30,0.9,0.4,5,22.040816326530614,49,1,2.0408163265306123
2024,10-30,0.9,0.5,all,0.0,24,0,0.0
2024,10-30,0.9,0.5,3,0.0,24,0,0.0
2024,10-30,0.9,0.5,4,0.0,22,0,0.0
2024,10-30,0.9,0.5,5,0.0,20,0,0.0
2024,10-30,0.9,0.6,all,0.0,11,0,0.0
2024,10-30,0.9,0.6,3,0.0,11,0,0.0
2024,10-30,0.9,0.6,4,0.0,11,0,0.0
2024,10-30,0.9,0.6,5,0.0,10,0,0.0
2024,10-30,0.9,0.7,all,0.0,6,0,0.0
2024,10-30,0.9,0.7,3,0.0,6,0,0.0
2024,10-30,0.9,0.7,4,0.0,6,0,0.0
2024,10-30,0.9,0.7,5,0.0,5,0,0.0
2024,10-30,1.0,0.4,all,18.947368421052634,57,1,1.7543859649122806
2024,10-30,1.0,0.4,3,18.947368421052634,57,1,1.7543859649122806
2024,10-30,1.0,0.4,4,20.0,54,1,1.8518518518518516
2024,10-30,1.0,0.4,5,22.040816326530614,49,1,2.0408163265306123
2024,10-30,1.0,0.5,all,0.0,24,0,0.0
2024,10-30,1.0,0.5,3,0.0,24,0,0.0
2024,10-30,1.0,0.5,4,0.0,22,0,0.0
2024,10-30,1.0,0.5,5,0.0,20,0,0.0
2024,10-30,1.0,0.6,all,0.0,11,0,0.0
2024,10-30,1.0,0.6,3,0.0,11,0,0.0
2024,10-30,1.0,0.6,4,0.0,11,0,0.0
2024,10-30,1.0,0.6,5,0.0,10,0,0.0
2024,10-30,1.0,0.7,all,0.0,6,0,0.0
2024,10-30,1.0,0.7,3,0.0,6,0,0.0
2024,10-30,1.0,0.7,4,0.0,6,0,0.0
2024,10-30,1.0,0.7,5,0.0,5,0,0.0
2024,10-30,1.2,0.4,all,18.947368421052634,57,1,1.7543859649122806
2024,10-30,1.2,0.4,3,18.947368421052634,57,1,1.7543859649122806
2024,10-30,1.2,0.4,4,20.0,54,1,1.8518518518518516
2024,10-30,1.2,0.4,5,22.040816326530614,49,1,2.0408163265306123
2024,10-30,1.2,0.5,all,0.0,24,0,0.0
2024,10-30,1.2,0.5,3,0.0,24,0,0.0
2024,10-30,1.2,0.5,4,0.0,22,0,0.0
2024,10-30,1.2,0.5,5,0.0,20,0,0.0
2024,10-30,1.2,0.6,all,0.0,11,0,0.0
2024,10-30,1.2,0.6,3,0.0,11,0,0.0
2024,10-30,1.2,0.6,4,0.0,11,0,0.0
2024,10-30,1.2,0.6,5,0.0,10,0,0.0
2024,10-30,1.2,0.7,all,0.0,6,0,0.0
2024,10-30,1.2,0.7,3,0.0,6,0,0.0
2024,10-30,1.2,0.7,4,0.0,6,0,0.0
2024,10-30,1.2,0.7,5,0.0,5,0,0.0
2024,10-50,0.5,0.4,all,16.363636363636363,66,1,1.5151515151515151
2024,10-50,0.5,0.4,3,16.363636363636363,66,1,1.5151515151515151
2024,10-50,0.5,0.4,4,17.142857142857142,63,1,1.5873015873015872
2024,10-50,0.5,0.4,5,18.620689655172416,58,1,1.7241379310344827
2024,10-50,0.5,0.5,all,0.0,28,0,0.0
2024,10-50,0.5,0.5,3,0.0,28,0,0.0
2024,10-50,0.5,0.5,4,0.0,26,0,0.0
2024,10-50,0.5,0.5,5,0.0,24,0,0.0
2024,10-50,0.5,0.6,all,0.0,12,0,0.0
2024,10-50,0.5,0.6,3,0.0,12,0,0.0
2024,10-50,0.5,0.6,4,0.0,12,0,0.0
2024,10-50,0.5,0.6,5,0.0,11,0,0.0
2024,10-50,0.5,0.7,all,0.0,6,0,0.0
2024,10-50,0.5,0.7,3,0.0,6,0,0.0
2024,10-50,0.5,0.7,4,0.0,6,0,0.0
2024,10-50,0.5,0.7,5,0.0,5,0,0.0
2024,10-50,0.6,0.4,all,16.363636363636363,66,1,1.5151515151515151
2024,10-50,0.6,0.4,3,16.363636363636363,66,1,1.5151515151515151
2024,10-50,0.6,0.4,4,17.142857142857142,63,1,1.5873015873015872
2024,10-50,0.6,0.4,5,18.620689655172416,58,1,1.7241379310344827
2024,10-50,0.6,0.5,all,0.0,28,0,0.0
2024,10-50,0.6,0.5,3,0.0,28,0,0.0
2024,10-50,0.6,0.5,4,0.0,26,0,0.0
2024,10-50,0.6,0.5,5,0.0,24,0,0.0
2024,10-50,0.6,0.6,all,0.0,12,0,0.0
2024,10-50,0.6,0.6,3,0.0,12,0,0.0
2024,10-50,0.6,0.6,4,0.0,12,0,0.0
2024,10-50,0.6,0.6,5,0.0,11,0,0.0
2024,10-50,0.6,0.7,all,0.0,6,0,0.0
2024,10-50,0.6,0.7,3,0.0,6,0,0.0
2024,10-50,0.6,0.7,4,0.0,6,0,0.0
2024,10-50,0.6,0.7,5,0.0,5,0,0.0
2024,10-50,0.7,0.4,all,16.363636363636363,66,1,1.5151515151515151
2024,10-50,0.7,0.4,3,16.363636363636363,66,1,1.5151515151515151
2024,10-50,0.7,0.4,4,17.142857142857142,63,1,1.5873015873015872
2024,10-50,0.7,0.4,5,18.620689655172416,58,1,1.7241379310344827
2024,10-50,0.7,0.5,all,0.0,28,0,0.0
2024,10-50,0.7,0.5,3,0.0,28,0,0.0
2024,10-50,0.7,0.5,4,0.0,26,0,0.0
2024,10-50,0.7,0.5,5,0.0,24,0,0.0
2024,10-50,0.7,0.6,all,0.0,12,0,0.0
2024,10-50,0.7,0.6,3,0.0,12,0,0.0
2024,10-50,0.7,0.6,4,0.0,12,0,0.0
2024,10-50,0.7,0.6,5,0.0,11,0,0.0
2024,10-50,0.7,0.7,all,0.0,6,0,0.0
2024,10-50,0.7,0.7,3,0.0,6,0,0.0
2024,10-50,0.7,0.7,4,0.0,6,0,0.0
2024,10-50,0.7,0.7,5,0.0,5,0,0.0
2024,10-50,0.8,0.4,all,16.363636363636363,66,1,1.5151515151515151
2024,10-50,0.8,0.4,3,16.363636363636363,66,1,1.5151515151515151
2024,10-50,0.8,0.4,4,17.142857142857142,63,1,1.5873015873015872
2024,10-50,0.8,0.4,5,18.620689655172416,58,1,1.7241379310344827
2024,10-50,0.8,0.5,all,0.0,28,0,0.0
2024,10-50,0.8,0.5,3,0.0,28,0,0.0
2024,10-50,0.8,0.5,4,0.0,26,0,0.0
2024,10-50,0.8,0.5,5,0.0,24,0,0.0
2024,10-50,0.8,0.6,all,0.0,12,0,0.0
2024,10-50,0.8,0.6,3,0.0,12,0,0.0
2024,10-50,0.8,0.6,4,0.0,12,0,0.0
2024,10-50,0.8,0.6,5,0.0,11,0,0.0
2024,10-50,0.8,0.7,all,0.0,6,0,0.0
2024,10-50,0.8,0.7,3,0.0,6,0,0.0
2024,10-50,0.8,0.7,4,0.0,6,0,0.0
2024,10-50,0.8,0.7,5,0.0,5,0,0.0
2024,10-50,0.9,0.4,all,16.363636363636363,66,1,1.5151515151515151
2024,10-50,0.9,0.4,3,16.363636363636363,66,1,1.5151515151515151
2024,10-50,0.9,0.4,4,17.142857142857142,63,1,1.5873015873015872
2024,10-50,0.9,0.4,5,18.620689655172416,58,1,1.7241379310344827
2024,10-50,0.9,0.5,all,0.0,28,0,0.0
2024,10-50,0.9,0.5,3,0.0,28,0,0.0
2024,10-50,0.9,0.5,4,0.0,26,0,0.0
2024,10-50,0.9,0.5,5,0.0,24,0,0.0
2024,10-50,0.9,0.6,all,0.0,12,0,0.0
2024,10-50,0.9,0.6,3,0.0,12,0,0.0
2024,10-50,0.9,0.6,4,0.0,12,0,0.0
2024,10-50,0.9,0.6,5,0.0,11,0,0.0
2024,10-50,0.9,0.7,all,0.0,6,0,0.0
2024,10-50,0.9,0.7,3,0.0,6,0,0.0
2024,10-50,0.9,0.7,4,0.0,6,0,0.0
2024,10-50,0.9,0.7,5,0.0,5,0,0.0
2024,10-50,1.0,0.4,all,16.363636363636363,66,1,1.5151515151515151
2024,10-50,1.0,0.4,3,16.363636363636363,66,1,1.5151515151515151
2024,10-50,1.0,0.4,4,17.142857142857142,63,1,1.5873015873015872
2024,10-50,1.0,0.4,5,18.620689655172416,58,1,1.7241379310344827
2024,10-50,1.0,0.5,all,0.0,28,0,0.0
2024,10-50,1.0,0.5,3,0.0,28,0,0.0
2024,10-50,1.0,0.5,4,0.0,26,0,0.0
2024,10-50,1.0,0.5,5,0.0,24,0,0.0
2024,10-50,1.0,0.6,all,0.0,12,0,0.0
2024,10-50,1.0,0.6,3,0.0,12,0,0.0
2024,10-50,1.0,0.6,4,0.0,12,0,0.0
2024,10-50,1.0,0.6,5,0.0,11,0,0.0
2024,10-50,1.0,0.7,all,0.0,6,0,0.0
2024,10-50,1.0,0.7,3,0.0,6,0,0.0
2024,10-50,1.0,0.7,4,0.0,6,0,0.0
2024,10-50,1.0,0.7,5,0.0,5,0,0.0
2024,10-50,1.2,0.4,all,16.363636363636363,66,1,1.5151515151515151
2024,10-50,1.2,0.4,3,16.363636363636363,66,1,1.5151515151515151
2024,10-50,1.2,0.4,4,17.142857142857142,63,1,1.5873015873015872
2024,10-50,1.2,0.4,5,18.620689655172416,58,1,1.7241379310344827
2024,10-50,1.2,0.5,all,0.0,28,0,0.0
2024,10-50,1.2,0.5,3,0.0,28,0,0.0
2024,10-50,1.2,0.5,4,0.0,26,0,0.0
2024,10-50,1.2,0.5,5,0.0,24,0,0.0
2024,10-50,1.2,0.6,all,0.0,12,0,0.0
2024,10-50,1.2,0.6,3,0.0,12,0,0.0
2024,10-50,1.2,0.6,4,0.0,12,0,0.0
2024,10-50,1.2,0.6,5,0.0,11,0,0.0
2024,10-50,1.2,0.7,all,0.0,6,0,0.0
2024,10-50,1.2,0.7,3,0.0,6,0,0.0
2024,10-50,1.2,0.7,4,0.0,6,0,0.0
2024,10-50,1.2,0.7,5,0.0,5,0,0.0
2024,15-40,0.5,0.4,all,0.0,26,0,0.0
2024,15-40,0.5,0.4,3,0.0,26,0,0.0
2024,15-40,0.5,0.4,4,0.0,26,0,0.0
2024,15-40,0.5,0.4,5,0.0,25,0,0.0
2024,15-40,0.5,0.5,all,0.0,9,0,0.0
2024,15-40,0.5,0.5,3,0.0,9,0,0.0
2024,15-40,0.5,0.5,4,0.0,9,0,0.0
2024,15-40,0.5,0.5,5,0.0,8,0,0.0
2024,15-40,0.5,0.6,all,0.0,5,0,0.0
2024,15-40,0.5,0.6,3,0.0,5,0,0.0
2024,15-40,0.5,0.6,4,0.0,5,0,0.0
2024,15-40,0.6,0.4,all,0.0,26,0,0.0
2024,15-40,0.6,0.4,3,0.0,26,0,0.0
2024,15-40,0.6,0.4,4,0.0,26,0,0.0
2024,15-40,0.6,0.4,5,0.0,25,0,0.0
2024,15-40,0.6,0.5,all,0.0,9,0,0.0
2024,15-40,0.6,0.5,3,0.0,9,0,0.0
2024,15-40,0.6,0.5,4,0.0,9,0,0.0
2024,15-40,0.6,0.5,5,0.0,8,0,0.0
2024,15-40,0.6,0.6,all,0.0,5,0,0.0
2024,15-40,0.6,0.6,3,0.0,5,0,0.0
2024,15-40,0.6,0.6,4,0.0,5,0,0.0
2024,15-40,0.7,0.4,all,0.0,26,0,0.0
2024,15-40,0.7,0.4,3,0.0,26,0,0.0
2024,15-40,0.7,0.4,4,0.0,26,0,0.0
2024,15-40,0.7,0.4,5,0.0,25,0,0.0
2024,15-40,0.7,0.5,all,0.0,9,0,0.0
2024,15-40,0.7,0.5,3,0.0,9,0,0.0
2024,15-40,0.7,0.5,4,0.0,9,0,0.0
2024,15-40,0.7,0.5,5,0.0,8,0,0.0
2024,15-40,0.7,0.6,all,0.0,5,0,0.0
2024,15-40,0.7,0.6,3,0.0,5,0,0.0
2024,15-40,0.7,0.6,4,0.0,5,0,0.0
2024,15-40,0.8,0.4,all,0.0,26,0,0.0
2024,15-40,0.8,0.4,3,0.0,26,0,0.0
2024,15-40,0.8,0.4,4,0.0,26,0,0.0
2024,15-40,0.8,0.4,5,0.0,25,0,0.0
2024,15-40,0.8,0.5,all,0.0,9,0,0.0
2024,15-40,0.8,0.5,3,0.0,9,0,0.0
2024,15-40,0.8,0.5,4,0.0,9,0,0.0
2024,15-40,0.8,0.5,5,0.0,8,0,0.0
2024,15-40,0.8,0.6,all,0.0,5,0,0.0
2024,15-40,0.8,0.6,3,0.0,5,0,0.0
2024,15-40,0.8,0.6,4,0.0,5,0,0.0
2024,15-40,0.9,0.4,all,0.0,26,0,0.0
2024,15-40,0.9,0.4,3,0.0,26,0,0.0
2024,15-40,0.9,0.4,4,0.0,26,0,0.0
2024,15-40,0.9,0.4,5,0.0,25,0,0.0
2024,15-40,0.9,0.5,all,0.0,9,0,0.0
2024,15-40,0.9,0.5,3,0.0,9,0,0.0
2024,15-40,0.9,0.5,4,0.0,9,0,0.0
2024,15-40,0.9,0.5,5,0.0,8,0,0.0
2024,15-40,0.9,0.6,all,0.0,5,0,0.0
2024,15-40,0.9,0.6,3,0.0,5,0,0.0
2024,15-40,0.9,0.6,4,0.0,5,0,0.0
2024,15-40,1.0,0.4,all,0.0,26,0,0.0
2024,15-40,1.0,0.4,3,0.0,26,0,0.0
2024,15-40,1.0,0.4,4,0.0,26,0,0.0
2024,15-40,1.0,0.4,5,0.0,25,0,0.0
2024,15-40,1.0,0.5,all,0.0,9,0,0.0
2024,15-40,1.0,0.5,3,0.0,9,0,0.0
2024,15-40,1.0,0.5,4,0.0,9,0,0.0
2024,15-40,1.0,0.5,5,0.0,8,0,0.0
2024,15-40,1.0,0.6,all,0.0,5,0,0.0
2024,15-40,1.0,0.6,3,0.0,5,0,0.0
2024,15-40,1.0,0.6,4,0.0,5,0,0.0
2024,15-40,1.2,0.4,all,0.0,26,0,0.0
2024,15-40,1.2,0.4,3,0.0,26,0,0.0
2024,15-40,1.2,0.4,4,0.0,26,0,0.0
2024,15-40,1.2,0.4,5,0.0,25,0,0.0
2024,15-40,1.2,0.5,all,0.0,9,0,0.0
2024,15-40,1.2,0.5,3,0.0,9,0,0.0
2024,15-40,1.2,0.5,4,0.0,9,0,0.0
2024,15-40,1.2,0.5,5,0.0,8,0,0.0
2024,15-40,1.2,0.6,all,0.0,5,0,0.0
2024,15-40,1.2,0.6,3,0.0,5,0,0.0
2024,15-40,1.2,0.6,4,0.0,5,0,0.0
2024,20-50,0.5,0.4,all,0.0,18,0,0.0
2024,20-50,0.5,0.4,3,0.0,18,0,0.0
2024,20-50,0.5,0.4,4,0.0,18,0,0.0
2024,20-50,0.5,0.4,5,0.0,17,0,0.0
2024,20-50,0.5,0.5,all,0.0,8,0,0.0
2024,20-50,0.5,0.5,3,0.0,8,0,0.0
2024,20-50,0.5,0.5,4,0.0,8,0,0.0
2024,20-50,0.5,0.5,5,0.0,7,0,0.0
2024,20-50,0.6,0.4,all,0.0,18,0,0.0
2024,20-50,0.6,0.4,3,0.0,18,0,0.0
2024,20-50,0.6,0.4,4,0.0,18,0,0.0
2024,20-50,0.6,0.4,5,0.0,17,0,0.0
2024,20-50,0.6,0.5,all,0.0,8,0,0.0
2024,20-50,0.6,0.5,3,0.0,8,0,0.0
2024,20-50,0.6,0.5,4,0.0,8,0,0.0
2024,20-50,0.6,0.5,5,0.0,7,0,0.0
2024,20-50,0.7,0.4,all,0.0,18,0,0.0
2024,20-50,0.7,0.4,3,0.0,18,0,0.0
2024,20-50,0.7,0.4,4,0.0,18,0,0.0
2024,20-50,0.7,0.4,5,0.0,17,0,0.0
2024,20-50,0.7,0.5,all,0.0,8,0,0.0
2024,20-50,0.7,0.5,3,0.0,8,0,0.0
2024,20-50,0.7,0.5,4,0.0,8,0,0.0
2024,20-50,0.7,0.5,5,0.0,7,0,0.0
2024,20-50,0.8,0.4,all,0.0,18,0,0.0
2024,20-50,0.8,0.4,3,0.0,18,0,0.0
2024,20-50,0.8,0.4,4,0.0,18,0,0.0
2024,20-50,0.8,0.4,5,0.0,17,0,0.0
2024,20-50,0.8,0.5,all,0.0,8,0,0.0
2024,20-50,0.8,0.5,3,0.0,8,0,0.0
2024,20-50,0.8,0.5,4,0.0,8,0,0.0
2024,20-50,0.8,0.5,5,0.0,7,0,0.0
2024,20-50,0.9,0.4,all,0.0,18,0,0.0
2024,20-50,0.9,0.4,3,0.0,18,0,0.0
2024,20-50,0.9,0.4,4,0.0,18,0,0.0
2024,20-50,0.9,0.4,5,0.0,17,0,0.0
2024,20-50,0.9,0.5,all,0.0,8,0,0.0
2024,20-50,0.9,0.5,3,0.0,8,0,0.0
2024,20-50,0.9,0.5,4,0.0,8,0,0.0
2024,20-50,0.9,0.5,5,0.0,7,0,0.0
2024,20-50,1.0,0.4,all,0.0,18,0,0.0
2024,20-50,1.0,0.4,3,0.0,18,0,0.0
2024,20-50,1.0,0.4,4,0.0,18,0,0.0
2024,20-50,1.0,0.4,5,0.0,17,0,0.0
2024,20-50,1.0,0.5,all,0.0,8,0,0.0
2024,20-50,1.0,0.5,3,0.0,8,0,0.0
2024,20-50,1.0,0.5,4,0.0,8,0,0.0
2024,20-50,1.0,0.5,5,0.0,7,0,0.0
2024,20-50,1.2,0.4,all,0.0,18,0,0.0
2024,20-50,1.2,0.4,3,0.0,18,0,0.0
2024,20-50,1.2,0.4,4,0.0,18,0,0.0
2024,20-50,1.2,0.4,5,0.0,17,0,0.0
2024,20-50,1.2,0.5,all,0.0,8,0,0.0
2024,20-50,1.2,0.5,3,0.0,8,0,0.0
2024,20-50,1.2,0.5,4,0.0,8,0,0.0
2024,20-50,1.2,0.5,5,0.0,7,0,0.0
2024,5-20,0.5,0.4,all,44.1958041958042,143,9,6.293706293706294
2024,5-20,0.5,0.4,3,48.24427480916031,131,9,6.870229007633588
2024,5-20,0.5,0.4,4,46.86746987951808,83,5,6.024096385542169
2024,5-20,0.5,0.4,5,47.142857142857146,56,3,5.357142857142857
2024,5-20,0.5,0.5,all,25.454545454545457,66,3,4.545454545454546
2024,5-20,0.5,0.5,3,27.54098360655738,61,3,4.918032786885246
2024,5-20,0.5,0.5,4,16.216216216216218,37,1,2.7027027027027026
2024,5-20,0.5,0.5,5,0.0,23,0,0.0
2024,5-20,0.5,0.6,all,19.310344827586206,29,1,3.4482758620689653
2024,5-20,0.5,0.6,3,22.4,25,1,4.0
2024,5-20,0.5,0.6,4,0.0,17,0,0.0
2024,5-20,0.5,0.6,5,0.0,10,0,0.0
2024,5-20,0.5,0.7,all,0.0,13,0,0.0
2024,5-20,0.5,0.7,3,0.0,13,0,0.0
2024,5-20,0.5,0.7,4,0.0,11,0,0.0
2024,5-20,0.5,0.7,5,0.0,6,0,0.0
2024,5-20,0.6,0.4,all,44.1958041958042,143,9,6.293706293706294
2024,5-20,0.6,0.4,3,48.24427480916031,131,9,6.870229007633588
2024,5-20,0.6,0.4,4,46.86746987951808,83,5,6.024096385542169
2024,5-20,0.6,0.4,5,47.142857142857146,56,3,5.357142857142857
2024,5-20,0.6,0.5,all,25.454545454545457,66,3,4.545454545454546
2024,5-20,0.6,0.5,3,27.54098360655738,61,3,4.918032786885246
2024,5-20,0.6,0.5,4,16.216216216216218,37,1,2.7027027027027026
2024,5-20,0.6,0.5,5,0.0,23,0,0.0
2024,5-20,0.6,0.6,all,19.310344827586206,29,1,3.4482758620689653
2024,5-20,0.6,0.6,3,22.4,25,1,4.0
2024,5-20,0.6,0.6,4,0.0,17,0,0.0
2024,5-20,0.6,0.6,5,0.0,10,0,0.0
2024,5-20,0.6,0.7,all,0.0,13,0,0.0
2024,5-20,0.6,0.7,3,0.0,13,0,0.0
2024,5-20,0.6,0.7,4,0.0,11,0,0.0
2024,5-20,0.6,0.7,5,0.0,6,0,0.0
2024,5-20,0.7,0.4,all,44.1958041958042,143,9,6.293706293706294
2024,5-20,0.7,0.4,3,48.24427480916031,131,9,6.870229007633588
2024,5-20,0.7,0.4,4,46.86746987951808,83,5,6.024096385542169
2024,5-20,0.7,0.4,5,47.142857142857146,56,3,5.357142857142857
2024,5-20,0.7,0.5,all,25.454545454545457,66,3,4.545454545454546
2024,5-20,0.7,0.5,3,27.54098360655738,61,3,4.918032786885246
2024,5-20,0.7,0.5,4,16.216216216216218,37,1,2.7027027027027026
2024,5-20,0.7,0.5,5,0.0,23,0,0.0
2024,5-20,0.7,0.6,all,19.310344827586206,29,1,3.4482758620689653
2024,5-20,0.7,0.6,3,22.4,25,1,4.0
2024,5-20,0.7,0.6,4,0.0,17,0,0.0
2024,5-20,0.7,0.6,5,0.0,10,0,0.0
2024,5-20,0.7,0.7,all,0.0,13,0,0.0
2024,5-20,0.7,0.7,3,0.0,13,0,0.0
2024,5-20,0.7,0.7,4,0.0,11,0,0.0
2024,5-20,0.7,0.7,5,0.0,6,0,0.0
2024,5-20,0.8,0.4,all,44.1958041958042,143,9,6.293706293706294
2024,5-20,0.8,0.4,3,48.24427480916031,131,9,6.870229007633588
2024,5-20,0.8,0.4,4,46.86746987951808,83,5,6.024096385542169
2024,5-20,0.8,0.4,5,47.142857142857146,56,3,5.357142857142857
2024,5-20,0.8,0.5,all,25.454545454545457,66,3,4.545454545454546
2024,5-20,0.8,0.5,3,27.54098360655738,61,3,4.918032786885246
2024,5-20,0.8,0.5,4,16.216216216216218,37,1,2.7027027027027026
2024,5-20,0.8,0.5,5,0.0,23,0,0.0
2024,5-20,0.8,0.6,all,19.310344827586206,29,1,3.4482758620689653
2024,5-20,0.8,0.6,3,22.4,25,1,4.0
2024,5-20,0.8,0.6,4,0.0,17,0,0.0
2024,5-20,0.8,0.6,5,0.0,10,0,0.0
2024,5-20,0.8,0.7,all,0.0,13,0,0.0
2024,5-20,0.8,0.7,3,0.0,13,0,0.0
2024,5-20,0.8,0.7,4,0.0,11,0,0.0
2024,5-20,0.8,0.7,5,0.0,6,0,0.0
2024,5-20,0.9,0.4,all,44.1958041958042,143,9,6.293706293706294
2024,5-20,0.9,0.4,3,48.24427480916031,131,9,6.870229007633588
2024,5-20,0.9,0.4,4,46.86746987951808,83,5,6.024096385542169
2024,5-20,0.9,0.4,5,47.142857142857146,56,3,5.357142857142857
2024,5-20,0.9,0.5,all,25.454545454545457,66,3,4.545454545454546
2024,5-20,0.9,0.5,3,27.54098360655738,61,3,4.918032786885246
2024,5-20,0.9,0.5,4,16.216216216216218,37,1,2.7027027027027026
2024,5-20,0.9,0.5,5,0.0,23,0,0.0
2024,5-20,0.9,0.6,all,19.310344827586206,29,1,3.4482758620689653
2024,5-20,0.9,0.6,3,22.4,25,1,4.0
2024,5-20,0.9,0.6,4,0.0,17,0,0.0
2024,5-20,0.9,0.6,5,0.0,10,0,0.0
2024,5-20,0.9,0.7,all,0.0,13,0,0.0
2024,5-20,0.9,0.7,3,0.0,13,0,0.0
2024,5-20,0.9,0.7,4,0.0,11,0,0.0
2024,5-20,0.9,0.7,5,0.0,6,0,0.0
2024,5-20,1.0,0.4,all,44.1958041958042,143,9,6.293706293706294
2024,5-20,1.0,0.4,3,48.24427480916031,131,9,6.870229007633588
2024,5-20,1.0,0.4,4,46.86746987951808,83,5,6.024096385542169
2024,5-20,1.0,0.4,5,47.142857142857146,56,3,5.357142857142857
2024,5-20,1.0,0.5,all,25.454545454545457,66,3,4.545454545454546
2024,5-20,1.0,0.5,3,27.54098360655738,61,3,4.918032786885246
2024,5-20,1.0,0.5,4,16.216216216216218,37,1,2.7027027027027026
2024,5-20,1.0,0.5,5,0.0,23,0,0.0
2024,5-20,1.0,0.6,all,19.310344827586206,29,1,3.4482758620689653
2024,5-20,1.0,0.6,3,22.4,25,1,4.0
2024,5-20,1.0,0.6,4,0.0,17,0,0.0
2024,5-20,1.0,0.6,5,0.0,10,0,0.0
2024,5-20,1.0,0.7,all,0.0,13,0,0.0
2024,5-20,1.0,0.7,3,0.0,13,0,0.0
2024,5-20,1.0,0.7,4,0.0,11,0,0.0
2024,5-20,1.0,0.7,5,0.0,6,0,0.0
2024,5-20,1.2,0.4,all,44.1958041958042,143,9,6.293706293706294
2024,5-20,1.2,0.4,3,48.24427480916031,131,9,6.870229007633588
2024,5-20,1.2,0.4,4,46.86746987951808,83,5,6.024096385542169
2024,5-20,1.2,0.4,5,47.142857142857146,56,3,5.357142857142857
2024,5-20,1.2,0.5,all,25.454545454545457,66,3,4.545454545454546
2024,5-20,1.2,0.5,3,27.54098360655738,61,3,4.918032786885246
2024,5-20,1.2,0.5,4,16.216216216216218,37,1,2.7027027027027026
2024,5-20,1.2,0.5,5,0.0,23,0,0.0
2024,5-20,1.2,0.6,all,19.310344827586206,29,1,3.4482758620689653
2024,5-20,1.2,0.6,3,22.4,25,1,4.0
2024,5-20,1.2,0.6,4,0.0,17,0,0.0
2024,5-20,1.2,0.6,5,0.0,10,0,0.0
2024,5-20,1.2,0.7,all,0.0,13,0,0.0
2024,5-20,1.2,0.7,3,0.0,13,0,0.0
2024,5-20,1.2,0.7,4,0.0,11,0,0.0
2024,5-20,1.2,0.7,5,0.0,6,0,0.0
2024,7-35,0.5,0.4,all,33.86138613861387,101,4,3.9603960396039604
2024,7-35,0.5,0.4,3,33.86138613861387,101,4,3.9603960396039604
2024,7-35,0.5,0.4,4,31.807228915662655,83,3,3.614457831325301
2024,7-35,0.5,0.4,5,40.61538461538462,65,3,4.615384615384616
2024,7-35,0.5,0.5,all,0.0,43,0,0.0
2024,7-35,0.5,0.5,3,0.0,43,0,0.0
2024,7-35,0.5,0.5,4,0.0,37,0,0.0
2024,7-35,0.5,0.5,5,0.0,27,0,0.0
2024,7-35,0.5,0.6,all,0.0,21,0,0.0
2024,7-35,0.5,0.6,3,0.0,21,0,0.0
2024,7-35,0.5,0.6,4,0.0,19,0,0.0
2024,7-35,0.5,0.6,5,0.0,13,0,0.0
2024,7-35,0.5,0.7,all,0.0,10,0,0.0
2024,7-35,0.5,0.7,3,0.0,10,0,0.0
2024,7-35,0.5,0.7,4,0.0,10,0,0.0
2024,7-35,0.5,0.7,5,0.0,6,0,0.0
2024,7-35,0.6,0.4,all,33.86138613861387,101,4,3.9603960396039604
2024,7-35,0.6,0.4,3,33.86138613861387,101,4,3.9603960396039604
2024,7-35,0.6,0.4,4,31.807228915662655,83,3,3.614457831325301
2024,7-35,0.6,0.4,5,40.61538461538462,65,3,4.615384615384616
2024,7-35,0.6,0.5,all,0.0,43,0,0.0
2024,7-35,0.6,0.5,3,0.0,43,0,0.0
2024,7-35,0.6,0.5,4,0.0,37,0,0.0
2024,7-35,0.6,0.5,5,0.0,27,0,0.0
2024,7-35,0.6,0.6,all,0.0,21,0,0.0
2024,7-35,0.6,0.6,3,0.0,21,0,0.0
2024,7-35,0.6,0.6,4,0.0,19,0,0.0
2024,7-35,0.6,0.6,5,0.0,13,0,0.0
2024,7-35,0.6,0.7,all,0.0,10,0,0.0
2024,7-35,0.6,0.7,3,0.0,10,0,0.0
2024,7-35,0.6,0.7,4,0.0,10,0,0.0
2024,7-35,0.6,0.7,5,0.0,6,0,0.0
2024,7-35,0.7,0.4,all,33.86138613861387,101,4,3.9603960396039604
2024,7-35,0.7,0.4,3,33.86138613861387,101,4,3.9603960396039604
2024,7-35,0.7,0.4,4,31.807228915662655,83,3,3.614457831325301
2024,7-35,0.7,0.4,5,40.61538461538462,65,3,4.615384615384616
2024,7-35,0.7,0.5,all,0.0,43,0,0.0
2024,7-35,0.7,0.5,3,0.0,43,0,0.0
2024,7-35,0.7,0.5,4,0.0,37,0,0.0
2024,7-35,0.7,0.5,5,0.0,27,0,0.0
2024,7-35,0.7,0.6,all,0.0,21,0,0.0
2024,7-35,0.7,0.6,3,0.0,21,0,0.0
2024,7-35,0.7,0.6,4,0.0,19,0,0.0
2024,7-35,0.7,0.6,5,0.0,13,0,0.0
2024,7-35,0.7,0.7,all,0.0,10,0,0.0
2024,7-35,0.7,0.7,3,0.0,10,0,0.0
2024,7-35,0.7,0.7,4,0.0,10,0,0.0
2024,7-35,0.7,0.7,5,0.0,6,0,0.0
2024,7-35,0.8,0.4,all,33.86138613861387,101,4,3.9603960396039604
2024,7-35,0.8,0.4,3,33.86138613861387,101,4,3.9603960396039604
2024,7-35,0.8,0.4,4,31.807228915662655,83,3,3.614457831325301
2024,7-35,0.8,0.4,5,40.61538461538462,65,3,4.615384615384616
2024,7-35,0.8,0.5,all,0.0,43,0,0.0
2024,7-35,0.8,0.5,3,0.0,43,0,0.0
2024,7-35,0.8,0.5,4,0.0,37,0,0.0
2024,7-35,0.8,0.5,5,0.0,27,0,0.0
2024,7-35,0.8,0.6,all,0.0,21,0,0.0
2024,7-35,0.8,0.6,3,0.0,21,0,0.0
2024,7-35,0.8,0.6,4,0.0,19,0,0.0
2024,7-35,0.8,0.6,5,0.0,13,0,0.0
2024,7-35,0.8,0.7,all,0.0,10,0,0.0
2024,7-35,0.8,0.7,3,0.0,10,0,0.0
2024,7-35,0.8,0.7,4,0.0,10,0,0.0
2024,7-35,0.8,0.7,5,0.0,6,0,0.0
2024,7-35,0.9,0.4,all,33.86138613861387,101,4,3.9603960396039604
2024,7-35,0.9,0.4,3,33.86138613861387,101,4,3.9603960396039604
2024,7-35,0.9,0.4,4,31.807228915662655,83,3,3.614457831325301
2024,7-35,0.9,0.4,5,40.61538461538462,65,3,4.615384615384616
2024,7-35,0.9,0.5,all,0.0,43,0,0.0
2024,7-35,0.9,0.5,3,0.0,43,0,0.0
2024,7-35,0.9,0.5,4,0.0,37,0,0.0
2024,7-35,0.9,0.5,5,0.0,27,0,0.0
2024,7-35,0.9,0.6,all,0.0,21,0,0.0
2024,7-35,0.9,0.6,3,0.0,21,0,0.0
2024,7-35,0.9,0.6,4,0.0,19,0,0.0
2024,7-35,0.9,0.6,5,0.0,13,0,0.0
2024,7-35,0.9,0.7,all,0.0,10,0,0.0
2024,7-35,0.9,0.7,3,0.0,10,0,0.0
2024,7-35,0.9,0.7,4,0.0,10,0,0.0
2024,7-35,0.9,0.7,5,0.0,6,0,0.0
2024,7-35,1.0,0.4,all,33.86138613861387,101,4,3.9603960396039604
2024,7-35,1.0,0.4,3,33.86138613861387,101,4,3.9603960396039604
2024,7-35,1.0,0.4,4,31.807228915662655,83,3,3.614457831325301
2024,7-35,1.0,0.4,5,40.61538461538462,65,3,4.615384615384616
2024,7-35,1.0,0.5,all,0.0,43,0,0.0
2024,7-35,1.0,0.5,3,0.0,43,0,0.0
2024,7-35,1.0,0.5,4,0.0,37,0,0.0
2024,7-35,1.0,0.5,5,0.0,27,0,0.0
2024,7-35,1.0,0.6,all,0.0,21,0,0.0
2024,7-35,1.0,0.6,3,0.0,21,0,0.0
2024,7-35,1.0,0.6,4,0.0,19,0,0.0
2024,7-35,1.0,0.6,5,0.0,13,0,0.0
2024,7-35,1.0,0.7,all,0.0,10,0,0.0
2024,7-35,1.0,0.7,3,0.0,10,0,0.0
2024,7-35,1.0,0.7,4,0.0,10,0,0.0
2024,7-35,1.0,0.7,5,0.0,6,0,0.0
2024,7-35,1.2,0.4,all,33.86138613861387,101,4,3.9603960396039604
2024,7-35,1.2,0.4,3,33.86138613861387,101,4,3.9603960396039604
2024,7-35,1.2,0.4,4,31.807228915662655,83,3,3.614457831325301
2024,7-35,1.2,0.4,5,40.61538461538462,65,3,4.615384615384616
2024,7-35,1.2,0.5,all,0.0,43,0,0.0
2024,7-35,1.2,0.5,3,0.0,43,0,0.0
2024,7-35,1.2,0.5,4,0.0,37,0,0.0
2024,7-35,1.2,0.5,5,0.0,27,0,0.0
2024,7-35,1.2,0.6,all,0.0,21,0,0.0
2024,7-35,1.2,0.6,3,0.0,21,0,0.0
2024,7-35,1.2,0.6,4,0.0,19,0,0.0
2024,7-35,1.2,0.6,5,0.0,13,0,0.0
2024,7-35,1.2,0.7,all,0.0,10,0,0.0
2024,7-35,1.2,0.7,3,0.0,10,0,0.0
2024,7-35,1.2,0.7,4,0.0,10,0,0.0
2024,7-35,1.2,0.7,5,0.0,6,0,0.0
2024,8-40,0.5,0.4,all,12.413793103448278,87,1,1.1494252873563218
2024,8-40,0.5,0.4,3,12.413793103448278,87,1,1.1494252873563218
2024,8-40,0.5,0.4,4,13.670886075949367,79,1,1.2658227848101267
2024,8-40,0.5,0.4,5,16.615384615384617,65,1,1.5384615384615385
2024,8-40,0.5,0.5,all,0.0,37,0,0.0
2024,8-40,0.5,0.5,3,0.0,37,0,0.0
2024,8-40,0.5,0.5,4,0.0,34,0,0.0
2024,8-40,0.5,0.5,5,0.0,28,0,0.0
2024,8-40,0.5,0.6,all,0.0,17,0,0.0
2024,8-40,0.5,0.6,3,0.0,17,0,0.0
2024,8-40,0.5,0.6,4,0.0,17,0,0.0
2024,8-40,0.5,0.6,5,0.0,13,0,0.0
2024,8-40,0.5,0.7,all,0.0,9,0,0.0
2024,8-40,0.5,0.7,3,0.0,9,0,0.0
2024,8-40,0.5,0.7,4,0.0,9,0,0.0
2024,8-40,0.5,0.7,5,0.0,6,0,0.0
2024,8-40,0.6,0.4,all,12.413793103448278,87,1,1.1494252873563218
2024,8-40,0.6,0.4,3,12.413793103448278,87,1,1.1494252873563218
2024,8-40,0.6,0.4,4,13.670886075949367,79,1,1.2658227848101267
2024,8-40,0.6,0.4,5,16.615384615384617,65,1,1.5384615384615385
2024,8-40,0.6,0.5,all,0.0,37,0,0.0
2024,8-40,0.6,0.5,3,0.0,37,0,0.0
2024,8-40,0.6,0.5,4,0.0,34,0,0.0
2024,8-40,0.6,0.5,5,0.0,28,0,0.0
2024,8-40,0.6,0.6,all,0.0,17,0,0.0
2024,8-40,0.6,0.6,3,0.0,17,0,0.0
2024,8-40,0.6,0.6,4,0.0,17,0,0.0
2024,8-40,0.6,0.6,5,0.0,13,0,0.0
2024,8-40,0.6,0.7,all,0.0,9,0,0.0
2024,8-40,0.6,0.7,3,0.0,9,0,0.0
2024,8-40,0.6,0.7,4,0.0,9,0,0.0
2024,8-40,0.6,0.7,5,0.0,6,0,0.0
2024,8-40,0.7,0.4,all,12.413793103448278,87,1,1.1494252873563218
2024,8-40,0.7,0.4,3,12.413793103448278,87,1,1.1494252873563218
2024,8-40,0.7,0.4,4,13.670886075949367,79,1,1.2658227848101267
2024,8-40,0.7,0.4,5,16.615384615384617,65,1,1.5384615384615385
2024,8-40,0.7,0.5,all,0.0,37,0,0.0
2024,8-40,0.7,0.5,3,0.0,37,0,0.0
2024,8-40,0.7,0.5,4,0.0,34,0,0.0
2024,8-40,0.7,0.5,5,0.0,28,0,0.0
2024,8-40,0.7,0.6,all,0.0,17,0,0.0
2024,8-40,0.7,0.6,3,0.0,17,0,0.0
2024,8-40,0.7,0.6,4,0.0,17,0,0.0
2024,8-40,0.7,0.6,5,0.0,13,0,0.0
2024,8-40,0.7,0.7,all,0.0,9,0,0.0
2024,8-40,0.7,0.7,3,0.0,9,0,0.0
2024,8-40,0.7,0.7,4,0.0,9,0,0.0
2024,8-40,0.7,0.7,5,0.0,6,0,0.0
2024,8-40,0.8,0.4,all,12.413793103448278,87,1,1.1494252873563218
2024,8-40,0.8,0.4,3,12.413793103448278,87,1,1.1494252873563218
2024,8-40,0.8,0.4,4,13.670886075949367,79,1,1.2658227848101267
2024,8-40,0.8,0.4,5,16.615384615384617,65,1,1.5384615384615385
2024,8-40,0.8,0.5,all,0.0,37,0,0.0
2024,8-40,0.8,0.5,3,0.0,37,0,0.0
2024,8-40,0.8,0.5,4,0.0,34,0,0.0
2024,8-40,0.8,0.5,5,0.0,28,0,0.0
2024,8-40,0.8,0.6,all,0.0,17,0,0.0
2024,8-40,0.8,0.6,3,0.0,17,0,0.0
2024,8-40,0.8,0.6,4,0.0,17,0,0.0
2024,8-40,0.8,0.6,5,0.0,13,0,0.0
2024,8-40,0.8,0.7,all,0.0,9,0,0.0
2024,8-40,0.8,0.7,3,0.0,9,0,0.0
2024,8-40,0.8,0.7,4,0.0,9,0,0.0
2024,8-40,0.8,0.7,5,0.0,6,0,0.0
2024,8-40,0.9,0.4,all,12.413793103448278,87,1,1.1494252873563218
2024,8-40,0.9,0.4,3,12.413793103448278,87,1,1.1494252873563218
2024,8-40,0.9,0.4,4,13.670886075949367,79,1,1.2658227848101267
2024,8-40,0.9,0.4,5,16.615384615384617,65,1,1.5384615384615385
2024,8-40,0.9,0.5,all,0.0,37,0,0.0
2024,8-40,0.9,0.5,3,0.0,37,0,0.0
2024,8-40,0.9,0.5,4,0.0,34,0,0.0
2024,8-40,0.9,0.5,5,0.0,28,0,0.0
2024,8-40,0.9,0.6,all,0.0,17,0,0.0
2024,8-40,0.9,0.6,3,0.0,17,0,0.0
2024,8-40,0.9,0.6,4,0.0,17,0,0.0
2024,8-40,0.9,0.6,5,0.0,13,0,0.0
2024,8-40,0.9,0.7,all,0.0,9,0,0.0
2024,8-40,0.9,0.7,3,0.0,9,0,0.0
2024,8-40,0.9,0.7,4,0.0,9,0,0.0
2024,8-40,0.9,0.7,5,0.0,6,0,0.0
2024,8-40,1.0,0.4,all,12.413793103448278,87,1,1.1494252873563218
2024,8-40,1.0,0.4,3,12.413793103448278,87,1,1.1494252873563218
2024,8-40,1.0,0.4,4,13.670886075949367,79,1,1.2658227848101267
2024,8-40,1.0,0.4,5,16.615384615384617,65,1,1.5384615384615385
2024,8-40,1.0,0.5,all,0.0,37,0,0.0
2024,8-40,1.0,0.5,3,0.0,37,0,0.0
2024,8-40,1.0,0.5,4,0.0,34,0,0.0
2024,8-40,1.0,0.5,5,0.0,28,0,0.0
2024,8-40,1.0,0.6,all,0.0,17,0,0.0
2024,8-40,1.0,0.6,3,0.0,17,0,0.0
2024,8-40,1.0,0.6,4,0.0,17,0,0.0
2024,8-40,1.0,0.6,5,0.0,13,0,0.0
2024,8-40,1.0,0.7,all,0.0,9,0,0.0
2024,8-40,1.0,0.7,3,0.0,9,0,0.0
2024,8-40,1.0,0.7,4,0.0,9,0,0.0
2024,8-40,1.0,0.7,5,0.0,6,0,0.0
2024,8-40,1.2,0.4,all,12.413793103448278,87,1,1.1494252873563218
2024,8-40,1.2,0.4,3,12.413793103448278,87,1,1.1494252873563218
2024,8-40,1.2,0.4,4,13.670886075949367,79,1,1.2658227848101267
2024,8-40,1.2,0.4,5,16.615384615384617,65,1,1.5384615384615385
2024,8-40,1.2,0.5,all,0.0,37,0,0.0
2024,8-40,1.2,0.5,3,0.0,37,0,0.0
2024,8-40,1.2,0.5,4,0.0,34,0,0.0
2024,8-40,1.2,0.5,5,0.0,28,0,0.0
2024,8-40,1.2,0.6,all,0.0,17,0,0.0
2024,8-40,1.2,0.6,3,0.0,17,0,0.0
2024,8-40,1.2,0.6,4,0.0,17,0,0.0
2024,8-40,1.2,0.6,5,0.0,13,0,0.0
2024,8-40,1.2,0.7,all,0.0,9,0,0.0
2024,8-40,1.2,0.7,3,0.0,9,0,0.0
2024,8-40,1.2,0.7,4,0.0,9,0,0.0
2024,8-40,1.2,0.7,5,0.0,6,0,0.0
2023,5-30,0.5,0.4,all,74.56043956043955,182,16,8.791208791208792
2023,5-30,0.5,0.4,3,76.98224852071004,169,15,8.875739644970414
2023,5-30,0.5,0.4,4,78.57142857142857,126,10,7.936507936507936
2023,5-30,0.5,0.4,5,58.387096774193544,93,3,3.225806451612903
2023,5-30,0.5,0.5,all,71.51162790697676,86,7,8.13953488372093
2023,5-30,0.5,0.5,3,80.92105263157896,76,7,9.210526315789473
2023,5-30,0.5,0.5,4,74.3859649122807,57,4,7.017543859649122
2023,5-30,0.5,0.5,5,74.76190476190476,42,2,4.761904761904762
2023,5-30,0.5,0.6,all,109.34782608695653,46,5,10.869565217391305
2023,5-30,0.5,0.6,3,122.68292682926831,41,5,12.195121951219512
2023,5-30,0.5,0.6,4,126.20689655172414,29,3,10.344827586206897
2023,5-30,0.5,0.6,5,136.52173913043478,23,2,8.695652173913043
2023,5-30,0.5,0.7,all,22.608695652173914,23,1,4.3478260869565215
2023,5-30,0.5,0.7,3,22.608695652173914,23,1,4.3478260869565215
2023,5-30,0.5,0.7,4,28.888888888888893,18,1,5.555555555555555
2023,5-30,0.5,0.7,5,0.0,13,0,0.0
2023,5-30,0.6,0.4,all,74.56043956043955,182,16,8.791208791208792
2023,5-30,0.6,0.4,3,76.98224852071004,169,15,8.875739644970414
2023,5-30,0.6,0.4,4,78.57142857142857,126,10,7.936507936507936
2023,5-30,0.6,0.4,5,58.387096774193544,93,3,3.225806451612903
2023,5-30,0.6,0.5,all,71.51162790697676,86,7,8.13953488372093
2023,5-30,0.6,0.5,3,80.92105263157896,76,7,9.210526315789473
2023,5-30,0.6,0.5,4,74.3859649122807,57,4,7.017543859649122
2023,5-30,0.6,0.5,5,74.76190476190476,42,2,4.761904761904762
2023,5-30,0.6,0.6,all,109.34782608695653,46,5,10.869565217391305
2023,5-30,0.6,0.6,3,122.68292682926831,41,5,12.195121951219512
2023,5-30,0.6,0.6,4,126.20689655172414,29,3,10.344827586206897
2023,5-30,0.6,0.6,5,136.52173913043478,23,2,8.695652173913043
2023,5-30,0.6,0.7,all,22.608695652173914,23,1,4.3478260869565215
2023,5-30,0.6,0.7,3,22.608695652173914,23,1,4.3478260869565215
2023,5-30,0.6,0.7,4,28.888888888888893,18,1,5.555555555555555
2023,5-30,0.6,0.7,5,0.0,13,0,0.0
2023,5-30,0.7,0.4,all,74.56043956043955,182,16,8.791208791208792
2023,5-30,0.7,0.4,3,76.98224852071004,169,15,8.875739644970414
2023,5-30,0.7,0.4,4,78.57142857142857,126,10,7.936507936507936
2023,5-30,0.7,0.4,5,58.387096774193544,93,3,3.225806451612903
2023,5-30,0.7,0.5,all,71.51162790697676,86,7,8.13953488372093
2023,5-30,0.7,0.5,3,80.92105263157896,76,7,9.210526315789473
2023,5-30,0.7,0.5,4,74.3859649122807,57,4,7.017543859649122
2023,5-30,0.7,0.5,5,74.76190476190476,42,2,4.761904761904762
2023,5-30,0.7,0.6,all,109.34782608695653,46,5,10.869565217391305
2023,5-30,0.7,0.6,3,122.68292682926831,41,5,12.195121951219512
2023,5-30,0.7,0.6,4,126.20689655172414,29,3,10.344827586206897
2023,5-30,0.7,0.6,5,136.52173913043478,23,2,8.695652173913043
2023,5-30,0.7,0.7,all,22.608695652173914,23,1,4.3478260869565215
2023,5-30,0.7,0.7,3,22.608695652173914,23,1,4.3478260869565215
2023,5-30,0.7,0.7,4,28.888888888888893,18,1,5.555555555555555
2023,5-30,0.7,0.7,5,0.0,13,0,0.0
2023,5-30,0.8,0.4,all,74.56043956043955,182,16,8.791208791208792
2023,5-30,0.8,0.4,3,76.98224852071004,169,15,8.875739644970414
2023,5-30,0.8,0.4,4,78.57142857142857,126,10,7.936507936507936
2023,5-30,0.8,0.4,5,58.387096774193544,93,3,3.225806451612903
2023,5-30,0.8,0.5,all,71.51162790697676,86,7,8.13953488372093
2023,5-30,0.8,0.5,3,80.92105263157896,76,7,9.210526315789473
2023,5-30,0.8,0.5,4,74.3859649122807,57,4,7.017543859649122
2023,5-30,0.8,0.5,5,74.76190476190476,42,2,4.761904761904762
2023,5-30,0.8,0.6,all,109.34782608695653,46,5,10.869565217391305
2023,5-30,0.8,0.6,3,122.68292682926831,41,5,12.195121951219512
2023,5-30,0.8,0.6,4,126.20689655172414,29,3,10.344827586206897
2023,5-30,0.8,0.6,5,136.52173913043478,23,2,8.695652173913043
2023,5-30,0.8,0.7,all,22.608695652173914,23,1,4.3478260869565215
2023,5-30,0.8,0.7,3,22.608695652173914,23,1,4.3478260869565215
2023,5-30,0.8,0.7,4,28.888888888888893,18,1,5.555555555555555
2023,5-30,0.8,0.7,5,0.0,13,0,0.0
2023,5-30,0.9,0.4,all,74.56043956043955,182,16,8.791208791208792
2023,5-30,0.9,0.4,3,76.98224852071004,169,15,8.875739644970414
2023,5-30,0.9,0.4,4,78.57142857142857,126,10,7.936507936507936
2023,5-30,0.9,0.4,5,58.387096774193544,93,3,3.225806451612903
2023,5-30,0.9,0.5,all,71.51162790697676,86,7,8.13953488372093
2023,5-30,0.9,0.5,3,80.92105263157896,76,7,9.210526315789473
2023,5-30,0.9,0.5,4,74.3859649122807,57,4,7.017543859649122
2023,5-30,0.9,0.5,5,74.76190476190476,42,2,4.761904761904762
2023,5-30,0.9,0.6,all,109.34782608695653,46,5,10.869565217391305
2023,5-30,0.9,0.6,3,122.68292682926831,41,5,12.195121951219512
2023,5-30,0.9,0.6,4,126.20689655172414,29,3,10.344827586206897
2023,5-30,0.9,0.6,5,136.52173913043478,23,2,8.695652173913043
2023,5-30,0.9,0.7,all,22.608695652173914,23,1,4.3478260869565215
2023,5-30,0.9,0.7,3,22.608695652173914,23,1,4.3478260869565215
2023,5-30,0.9,0.7,4,28.888888888888893,18,1,5.555555555555555
2023,5-30,0.9,0.7,5,0.0,13,0,0.0
2023,5-30,1.0,0.4,all,74.56043956043955,182,16,8.791208791208792
2023,5-30,1.0,0.4,3,76.98224852071004,169,15,8.875739644970414
2023,5-30,1.0,0.4,4,78.57142857142857,126,10,7.936507936507936
2023,5-30,1.0,0.4,5,58.387096774193544,93,3,3.225806451612903
2023,5-30,1.0,0.5,all,71.51162790697676,86,7,8.13953488372093
2023,5-30,1.0,0.5,3,80.92105263157896,76,7,9.210526315789473
2023,5-30,1.0,0.5,4,74.3859649122807,57,4,7.017543859649122
2023,5-30,1.0,0.5,5,74.76190476190476,42,2,4.761904761904762
2023,5-30,1.0,0.6,all,109.34782608695653,46,5,10.869565217391305
2023,5-30,1.0,0.6,3,122.68292682926831,41,5,12.195121951219512
2023,5-30,1.0,0.6,4,126.20689655172414,29,3,10.344827586206897
2023,5-30,1.0,0.6,5,136.52173913043478,23,2,8.695652173913043
2023,5-30,1.0,0.7,all,22.608695652173914,23,1,4.3478260869565215
2023,5-30,1.0,0.7,3,22.608695652173914,23,1,4.3478260869565215
2023,5-30,1.0,0.7,4,28.888888888888893,18,1,5.555555555555555
2023,5-30,1.0,0.7,5,0.0,13,0,0.0
2023,5-30,1.2,0.4,all,74.56043956043955,182,16,8.791208791208792
2023,5-30,1.2,0.4,3,76.98224852071004,169,15,8.875739644970414
2023,5-30,1.2,0.4,4,78.57142857142857,126,10,7.936507936507936
2023,5-30,1.2,0.4,5,58.387096774193544,93,3,3.225806451612903
2023,5-30,1.2,0.5,all,71.51162790697676,86,7,8.13953488372093
2023,5-30,1.2,0.5,3,80.92105263157896,76,7,9.210526315789473
2023,5-30,1.2,0.5,4,74.3859649122807,57,4,7.017543859649122
2023,5-30,1.2,0.5,5,74.76190476190476,42,2,4.761904761904762
2023,5-30,1.2,0.6,all,109.34782608695653,46,5,10.869565217391305
2023,5-30,1.2,0.6,3,122.68292682926831,41,5,12.195121951219512
2023,5-30,1.2,0.6,4,126.20689655172414,29,3,10.344827586206897
2023,5-30,1.2,0.6,5,136.52173913043478,23,2,8.695652173913043
2023,5-30,1.2,0.7,all,22.608695652173914,23,1,4.3478260869565215
2023,5-30,1.2,0.7,3,22.608695652173914,23,1,4.3478260869565215
2023,5-30,1.2,0.7,4,28.888888888888893,18,1,5.555555555555555
2023,5-30,1.2,0.7,5,0.0,13,0,0.0
2023,5-50,0.5,0.4,all,68.53535353535352,198,16,8.080808080808081
2023,5-50,0.5,0.4,3,70.32432432432432,185,15,8.108108108108109
2023,5-50,0.5,0.4,4,69.71830985915493,142,10,7.042253521126761
2023,5-50,0.5,0.4,5,49.816513761467895,109,3,2.7522935779816518
2023,5-50,0.5,0.5,all,69.10112359550563,89,7,7.865168539325842
2023,5-50,0.5,0.5,3,77.84810126582279,79,7,8.860759493670885
2023,5-50,0.5,0.5,4,70.66666666666667,60,4,6.666666666666667
2023,5-50,0.5,0.5,5,69.77777777777777,45,2,4.444444444444445
2023,5-50,0.5,0.6,all,109.34782608695653,46,5,10.869565217391305
2023,5-50,0.5,0.6,3,122.68292682926831,41,5,12.195121951219512
2023,5-50,0.5,0.6,4,126.20689655172414,29,3,10.344827586206897
2023,5-50,0.5,0.6,5,136.52173913043478,23,2,8.695652173913043
2023,5-50,0.5,0.7,all,22.608695652173914,23,1,4.3478260869565215
2023,5-50,0.5,0.7,3,22.608695652173914,23,1,4.3478260869565215
2023,5-50,0.5,0.7,4,28.888888888888893,18,1,5.555555555555555
2023,5-50,0.5,0.7,5,0.0,13,0,0.0
2023,5-50,0.6,0.4,all,68.53535353535352,198,16,8.080808080808081
2023,5-50,0.6,0.4,3,70.32432432432432,185,15,8.108108108108109
2023,5-50,0.6,0.4,4,69.71830985915493,142,10,7.042253521126761
2023,5-50,0.6,0.4,5,49.816513761467895,109,3,2.7522935779816518
2023,5-50,0.6,0.5,all,69.10112359550563,89,7,7.865168539325842
2023,5-50,0.6,0.5,3,77.84810126582279,79,7,8.860759493670885
2023,5-50,0.6,0.5,4,70.66666666666667,60,4,6.666666666666667
2023,5-50,0.6,0.5,5,69.77777777777777,45,2,4.444444444444445
2023,5-50,0.6,0.6,all,109.34782608695653,46,5,10.869565217391305
2023,5-50,0.6,0.6,3,122.68292682926831,41,5,12.195121951219512
2023,5-50,0.6,0.6,4,126.20689655172414,29,3,10.344827586206897
2023,5-50,0.6,0.6,5,136.52173913043478,23,2,8.695652173913043
2023,5-50,0.6,0.7,all,22.608695652173914,23,1,4.3478260869565215
2023,5-50,0.6,0.7,3,22.608695652173914,23,1,4.3478260869565215
2023,5-50,0.6,0.7,4,28.888888888888893,18,1,5.555555555555555
2023,5-50,0.6,0.7,5,0.0,13,0,0.0
2023,5-50,0.7,0.4,all,68.53535353535352,198,16,8.080808080808081
2023,5-50,0.7,0.4,3,70.32432432432432,185,15,8.108108108108109
2023,5-50,0.7,0.4,4,69.71830985915493,142,10,7.042253521126761
2023,5-50,0.7,0.4,5,49.816513761467895,109,3,2.7522935779816518
2023,5-50,0.7,0.5,all,69.10112359550563,89,7,7.865168539325842
2023,5-50,0.7,0.5,3,77.84810126582279,79,7,8.860759493670885
2023,5-50,0.7,0.5,4,70.66666666666667,60,4,6.666666666666667
2023,5-50,0.7,0.5,5,69.77777777777777,45,2,4.444444444444445
2023,5-50,0.7,0.6,all,109.34782608695653,46,5,10.869565217391305
2023,5-50,0.7,0.6,3,122.68292682926831,41,5,12.195121951219512
2023,5-50,0.7,0.6,4,126.20689655172414,29,3,10.344827586206897
2023,5-50,0.7,0.6,5,136.52173913043478,23,2,8.695652173913043
2023,5-50,0.7,0.7,all,22.608695652173914,23,1,4.3478260869565215
2023,5-50,0.7,0.7,3,22.608695652173914,23,1,4.3478260869565215
2023,5-50,0.7,0.7,4,28.888888888888893,18,1,5.555555555555555
2023,5-50,0.7,0.7,5,0.0,13,0,0.0
2023,5-50,0.8,0.4,all,68.53535353535352,198,16,8.080808080808081
2023,5-50,0.8,0.4,3,70.32432432432432,185,15,8.108108108108109
2023,5-50,0.8,0.4,4,69.71830985915493,142,10,7.042253521126761
2023,5-50,0.8,0.4,5,49.816513761467895,109,3,2.7522935779816518
2023,5-50,0.8,0.5,all,69.10112359550563,89,7,7.865168539325842
2023,5-50,0.8,0.5,3,77.84810126582279,79,7,8.860759493670885
2023,5-50,0.8,0.5,4,70.66666666666667,60,4,6.666666666666667
2023,5-50,0.8,0.5,5,69.77777777777777,45,2,4.444444444444445
2023,5-50,0.8,0.6,all,109.34782608695653,46,5,10.869565217391305
2023,5-50,0.8,0.6,3,122.68292682926831,41,5,12.195121951219512
2023,5-50,0.8,0.6,4,126.20689655172414,29,3,10.344827586206897
2023,5-50,0.8,0.6,5,136.52173913043478,23,2,8.695652173913043
2023,5-50,0.8,0.7,all,22.608695652173914,23,1,4.3478260869565215
2023,5-50,0.8,0.7,3,22.608695652173914,23,1,4.3478260869565215
2023,5-50,0.8,0.7,4,28.888888888888893,18,1,5.555555555555555
2023,5-50,0.8,0.7,5,0.0,13,0,0.0
2023,5-50,0.9,0.4,all,68.53535353535352,198,16,8.080808080808081
2023,5-50,0.9,0.4,3,70.32432432432432,185,15,8.108108108108109
2023,5-50,0.9,0.4,4,69.71830985915493,142,10,7.042253521126761
2023,5-50,0.9,0.4,5,49.816513761467895,109,3,2.7522935779816518
2023,5-50,0.9,0.5,all,69.10112359550563,89,7,7.865168539325842
2023,5-50,0.9,0.5,3,77.84810126582279,79,7,8.860759493670885
2023,5-50,0.9,0.5,4,70.66666666666667,60,4,6.666666666666667
2023,5-50,0.9,0.5,5,69.77777777777777,45,2,4.444444444444445
2023,5-50,0.9,0.6,all,109.34782608695653,46,5,10.869565217391305
2023,5-50,0.9,0.6,3,122.68292682926831,41,5,12.195121951219512
2023,5-50,0.9,0.6,4,126.20689655172414,29,3,10.344827586206897
2023,5-50,0.9,0.6,5,136.52173913043478,23,2,8.695652173913043
2023,5-50,0.9,0.7,all,22.608695652173914,23,1,4.3478260869565215
2023,5-50,0.9,0.7,3,22.608695652173914,23,1,4.3478260869565215
2023,5-50,0.9,0.7,4,28.888888888888893,18,1,5.555555555555555
2023,5-50,0.9,0.7,5,0.0,13,0,0.0
2023,5-50,1.0,0.4,all,68.53535353535352,198,16,8.080808080808081
2023,5-50,1.0,0.4,3,70.32432432432432,185,15,8.108108108108109
2023,5-50,1.0,0.4,4,69.71830985915493,142,10,7.042253521126761
2023,5-50,1.0,0.4,5,49.816513761467895,109,3,2.7522935779816518
2023,5-50,1.0,0.5,all,69.10112359550563,89,7,7.865168539325842
2023,5-50,1.0,0.5,3,77.84810126582279,79,7,8.860759493670885
2023,5-50,1.0,0.5,4,70.66666666666667,60,4,6.666666666666667
2023,5-50,1.0,0.5,5,69.77777777777777,45,2,4.444444444444445
2023,5-50,1.0,0.6,all,109.34782608695653,46,5,10.869565217391305
2023,5-50,1.0,0.6,3,122.68292682926831,41,5,12.195121951219512
2023,5-50,1.0,0.6,4,126.20689655172414,29,3,10.344827586206897
2023,5-50,1.0,0.6,5,136.52173913043478,23,2,8.695652173913043
2023,5-50,1.0,0.7,all,22.608695652173914,23,1,4.3478260869565215
2023,5-50,1.0,0.7,3,22.608695652173914,23,1,4.3478260869565215
2023,5-50,1.0,0.7,4,28.888888888888893,18,1,5.555555555555555
2023,5-50,1.0,0.7,5,0.0,13,0,0.0
2023,5-50,1.2,0.4,all,68.53535353535352,198,16,8.080808080808081
2023,5-50,1.2,0.4,3,70.32432432432432,185,15,8.108108108108109
2023,5-50,1.2,0.4,4,69.71830985915493,142,10,7.042253521126761
2023,5-50,1.2,0.4,5,49.816513761467895,109,3,2.7522935779816518
2023,5-50,1.2,0.5,all,69.10112359550563,89,7,7.865168539325842
2023,5-50,1.2,0.5,3,77.84810126582279,79,7,8.860759493670885
2023,5-50,1.2,0.5,4,70.66666666666667,60,4,6.666666666666667
2023,5-50,1.2,0.5,5,69.77777777777777,45,2,4.444444444444445
2023,5-50,1.2,0.6,all,109.34782608695653,46,5,10.869565217391305
2023,5-50,1.2,0.6,3,122.68292682926831,41,5,12.195121951219512
2023,5-50,1.2,0.6,4,126.20689655172414,29,3,10.344827586206897
2023,5-50,1.2,0.6,5,136.52173913043478,23,2,8.695652173913043
2023,5-50,1.2,0.7,all,22.608695652173914,23,1,4.3478260869565215
2023,5-50,1.2,0.7,3,22.608695652173914,23,1,4.3478260869565215
2023,5-50,1.2,0.7,4,28.888888888888893,18,1,5.555555555555555
2023,5-50,1.2,0.7,5,0.0,13,0,0.0
2023,10-30,0.5,0.4,all,67.87500000000001,80,3,3.75
2023,10-30,0.5,0.4,3,67.87500000000001,80,3,3.75
2023,10-30,0.5,0.4,4,71.44736842105263,76,3,3.9473684210526314
2023,10-30,0.5,0.4,5,75.41666666666667,72,3,4.166666666666666
2023,10-30,0.5,0.5,all,87.22222222222223,36,2,5.555555555555555
2023,10-30,0.5,0.5,3,87.22222222222223,36,2,5.555555555555555
2023,10-30,0.5,0.5,4,89.71428571428571,35,2,5.714285714285714
2023,10-30,0.5,0.5,5,92.35294117647058,34,2,5.88235294117647
2023,10-30,0.5,0.6,all,165.26315789473685,19,2,10.526315789473683
2023,10-30,0.5,0.6,3,165.26315789473685,19,2,10.526315789473683
2023,10-30,0.5,0.6,4,165.26315789473685,19,2,10.526315789473683
2023,10-30,0.5,0.6,5,174.44444444444446,18,2,11.11111111111111
2023,10-30,0.5,0.7,all,0.0,10,0,0.0
2023,10-30,0.5,0.7,3,0.0,10,0,0.0
2023,10-30,0.5,0.7,4,0.0,10,0,0.0
2023,10-30,0.5,0.7,5,0.0,9,0,0.0
2023,10-30,0.6,0.4,all,67.87500000000001,80,3,3.75
2023,10-30,0.6,0.4,3,67.87500000000001,80,3,3.75
2023,10-30,0.6,0.4,4,71.44736842105263,76,3,3.9473684210526314
2023,10-30,0.6,0.4,5,75.41666666666667,72,3,4.166666666666666
2023,10-30,0.6,0.5,all,87.22222222222223,36,2,5.555555555555555
2023,10-30,0.6,0.5,3,87.22222222222223,36,2,5.555555555555555
2023,10-30,0.6,0.5,4,89.71428571428571,35,2,5.714285714285714
2023,10-30,0.6,0.5,5,92.35294117647058,34,2,5.88235294117647
2023,10-30,0.6,0.6,all,165.26315789473685,19,2,10.526315789473683
2023,10-30,0.6,0.6,3,165.26315789473685,19,2,10.526315789473683
2023,10-30,0.6,0.6,4,165.26315789473685,19,2,10.526315789473683
2023,10-30,0.6,0.6,5,174.44444444444446,18,2,11.11111111111111
2023,10-30,0.6,0.7,all,0.0,10,0,0.0
2023,10-30,0.6,0.7,3,0.0,10,0,0.0
2023,10-30,0.6,0.7,4,0.0,10,0,0.0
2023,10-30,0.6,0.7,5,0.0,9,0,0.0
2023,10-30,0.7,0.4,all,67.87500000000001,80,3,3.75
2023,10-30,0.7,0.4,3,67.87500000000001,80,3,3.75
2023,10-30,0.7,0.4,4,71.44736842105263,76,3,3.9473684210526314
2023,10-30,0.7,0.4,5,75.41666666666667,72,3,4.166666666666666
2023,10-30,0.7,0.5,all,87.22222222222223,36,2,5.555555555555555
2023,10-30,0.7,0.5,3,87.22222222222223,36,2,5.555555555555555
2023,10-30,0.7,0.5,4,89.71428571428571,35,2,5.714285714285714
2023,10-30,0.7,0.5,5,92.35294117647058,34,2,5.88235294117647
2023,10-30,0.7,0.6,all,165.26315789473685,19,2,10.526315789473683
2023,10-30,0.7,0.6,3,165.26315789473685,19,2,10.526315789473683
2023,10-30,0.7,0.6,4,165.26315789473685,19,2,10.526315789473683
2023,10-30,0.7,0.6,5,174.44444444444446,18,2,11.11111111111111
2023,10-30,0.7,0.7,all,0.0,10,0,0.0
2023,10-30,0.7,0.7,3,0.0,10,0,0.0
2023,10-30,0.7,0.7,4,0.0,10,0,0.0
2023,10-30,0.7,0.7,5,0.0,9,0,0.0
2023,10-30,0.8,0.4,all,67.87500000000001,80,3,3.75
2023,10-30,0.8,0.4,3,67.87500000000001,80,3,3.75
2023,10-30,0.8,0.4,4,71.44736842105263,76,3,3.9473684210526314
2023,10-30,0.8,0.4,5,75.41666666666667,72,3,4.166666666666666
2023,10-30,0.8,0.5,all,87.22222222222223,36,2,5.555555555555555
2023,10-30,0.8,0.5,3,87.22222222222223,36,2,5.555555555555555
2023,10-30,0.8,0.5,4,89.71428571428571,35,2,5.714285714285714
2023,10-30,0.8,0.5,5,92.35294117647058,34,2,5.88235294117647
2023,10-30,0.8,0.6,all,165.26315789473685,19,2,10.526315789473683
2023,10-30,0.8,0.6,3,165.26315789473685,19,2,10.526315789473683
2023,10-30,0.8,0.6,4,165.26315789473685,19,2,10.526315789473683
2023,10-30,0.8,0.6,5,174.44444444444446,18,2,11.11111111111111
2023,10-30,0.8,0.7,all,0.0,10,0,0.0
2023,10-30,0.8,0.7,3,0.0,10,0,0.0
2023,10-30,0.8,0.7,4,0.0,10,0,0.0
2023,10-30,0.8,0.7,5,0.0,9,0,0.0
2023,10-30,0.9,0.4,all,67.87500000000001,80,3,3.75
2023,10-30,0.9,0.4,3,67.87500000000001,80,3,3.75
2023,10-30,0.9,0.4,4,71.44736842105263,76,3,3.9473684210526314
2023,10-30,0.9,0.4,5,75.41666666666667,72,3,4.166666666666666
2023,10-30,0.9,0.5,all,87.22222222222223,36,2,5.555555555555555
2023,10-30,0.9,0.5,3,87.22222222222223,36,2,5.555555555555555
2023,10-30,0.9,0.5,4,89.71428571428571,35,2,5.714285714285714
2023,10-30,0.9,0.5,5,92.35294117647058,34,2,5.88235294117647
2023,10-30,0.9,0.6,all,165.26315789473685,19,2,10.526315789473683
2023,10-30,0.9,0.6,3,165.26315789473685,19,2,10.526315789473683
2023,10-30,0.9,0.6,4,165.26315789473685,19,2,10.526315789473683
2023,10-30,0.9,0.6,5,174.44444444444446,18,2,11.11111111111111
2023,10-30,0.9,0.7,all,0.0,10,0,0.0
2023,10-30,0.9,0.7,3,0.0,10,0,0.0
2023,10-30,0.9,0.7,4,0.0,10,0,0.0
2023,10-30,0.9,0.7,5,0.0,9,0,0.0
2023,10-30,1.0,0.4,all,67.87500000000001,80,3,3.75
2023,10-30,1.0,0.4,3,67.87500000000001,80,3,3.75
2023,10-30,1.0,0.4,4,71.44736842105263,76,3,3.9473684210526314
2023,10-30,1.0,0.4,5,75.41666666666667,72,3,4.166666666666666
2023,10-30,1.0,0.5,all,87.22222222222223,36,2,5.555555555555555
2023,10-30,1.0,0.5,3,87.22222222222223,36,2,5.555555555555555
2023,10-30,1.0,0.5,4,89.71428571428571,35,2,5.714285714285714
2023,10-30,1.0,0.5,5,92.35294117647058,34,2,5.88235294117647
2023,10-30,1.0,0.6,all,165.26315789473685,19,2,10.526315789473683
2023,10-30,1.0,0.6,3,165.26315789473685,19,2,10.526315789473683
2023,10-30,1.0,0.6,4,165.26315789473685,19,2,10.526315789473683
2023,10-30,1.0,0.6,5,174.44444444444446,18,2,11.11111111111111
2023,10-30,1.0,0.7,all,0.0,10,0,0.0
2023,10-30,1.0,0.7,3,0.0,10,0,0.0
2023,10-30,1.0,0.7,4,0.0,10,0,0.0
2023,10-30,1.0,0.7,5,0.0,9,0,0.0
2023,10-30,1.2,0.4,all,67.87500000000001,80,3,3.75
2023,10-30,1.2,0.4,3,67.87500000000001,80,3,3.75
2023,10-30,1.2,0.4,4,71.44736842105263,76,3,3.9473684210526314
2023,10-30,1.2,0.4,5,75.41666666666667,72,3,4.166666666666666
2023,10-30,1.2,0.5,all,87.22222222222223,36,2,5.555555555555555
2023,10-30,1.2,0.5,3,87.22222222222223,36,2,5.555555555555555
2023,10-30,1.2,0.5,4,89.71428571428571,35,2,5.714285714285714
2023,10-30,1.2,0.5,5,92.35294117647058,34,2,5.88235294117647
2023,10-30,1.2,0.6,all,165.26315789473685,19,2,10.526315789473683
2023,10-30,1.2,0.6,3,165.26315789473685,19,2,10.526315789473683
2023,10-30,1.2,0.6,4,165.26315789473685,19,2,10.526315789473683
2023,10-30,1.2,0.6,5,174.44444444444446,18,2,11.11111111111111
2023,10-30,1.2,0.7,all,0.0,10,0,0.0
2023,10-30,1.2,0.7,3,0.0,10,0,0.0
2023,10-30,1.2,0.7,4,0.0,10,0,0.0
2023,10-30,1.2,0.7,5,0.0,9,0,0.0
2023,10-50,0.5,0.4,all,56.56250000000001,96,3,3.125
2023,10-50,0.5,0.4,3,56.56250000000001,96,3,3.125
2023,10-50,0.5,0.4,4,59.02173913043479,92,3,3.260869565217391
2023,10-50,0.5,0.4,5,61.70454545454545,88,3,3.4090909090909087
2023,10-50,0.5,0.5,all,80.51282051282051,39,2,5.128205128205128
2023,10-50,0.5,0.5,3,80.51282051282051,39,2,5.128205128205128
2023,10-50,0.5,0.5,4,82.63157894736842,38,2,5.263157894736842
2023,10-50,0.5,0.5,5,84.86486486486487,37,2,5.405405405405405
2023,10-50,0.5,0.6,all,165.26315789473685,19,2,10.526315789473683
2023,10-50,0.5,0.6,3,165.26315789473685,19,2,10.526315789473683
2023,10-50,0.5,0.6,4,165.26315789473685,19,2,10.526315789473683
2023,10-50,0.5,0.6,5,174.44444444444446,18,2,11.11111111111111
2023,10-50,0.5,0.7,all,0.0,10,0,0.0
2023,10-50,0.5,0.7,3,0.0,10,0,0.0
2023,10-50,0.5,0.7,4,0.0,10,0,0.0
2023,10-50,0.5,0.7,5,0.0,9,0,0.0
2023,10-50,0.6,0.4,all,56.56250000000001,96,3,3.125
2023,10-50,0.6,0.4,3,56.56250000000001,96,3,3.125
2023,10-50,0.6,0.4,4,59.02173913043479,92,3,3.260869565217391
2023,10-50,0.6,0.4,5,61.70454545454545,88,3,3.4090909090909087
2023,10-50,0.6,0.5,all,80.51282051282051,39,2,5.128205128205128
2023,10-50,0.6,0.5,3,80.51282051282051,39,2,5.128205128205128
2023,10-50,0.6,0.5,4,82.63157894736842,38,2,5.263157894736842
2023,10-50,0.6,0.5,5,84.86486486486487,37,2,5.405405405405405
2023,10-50,0.6,0.6,all,165.26315789473685,19,2,10.526315789473683
2023,10-50,0.6,0.6,3,165.26315789473685,19,2,10.526315789473683
2023,10-50,0.6,0.6,4,165.26315789473685,19,2,10.526315789473683
2023,10-50,0.6,0.6,5,174.44444444444446,18,2,11.11111111111111
2023,10-50,0.6,0.7,all,0.0,10,0,0.0
2023,10-50,0.6,0.7,3,0.0,10,0,0.0
2023,10-50,0.6,0.7,4,0.0,10,0,0.0
2023,10-50,0.6,0.7,5,0.0,9,0,0.0
2023,10-50,0.7,0.4,all,56.56250000000001,96,3,3.125
2023,10-50,0.7,0.4,3,56.56250000000001,96,3,3.125
2023,10-50,0.7,0.4,4,59.02173913043479,92,3,3.260869565217391
2023,10-50,0.7,0.4,5,61.70454545454545,88,3,3.4090909090909087
2023,10-50,0.7,0.5,all,80.51282051282051,39,2,5.128205128205128
2023,10-50,0.7,0.5,3,80.51282051282051,39,2,5.128205128205128
2023,10-50,0.7,0.5,4,82.63157894736842,38,2,5.263157894736842
2023,10-50,0.7,0.5,5,84.86486486486487,37,2,5.405405405405405
2023,10-50,0.7,0.6,all,165.26315789473685,19,2,10.526315789473683
2023,10-50,0.7,0.6,3,165.26315789473685,19,2,10.526315789473683
2023,10-50,0.7,0.6,4,165.26315789473685,19,2,10.526315789473683
2023,10-50,0.7,0.6,5,174.44444444444446,18,2,11.11111111111111
2023,10-50,0.7,0.7,all,0.0,10,0,0.0
2023,10-50,0.7,0.7,3,0.0,10,0,0.0
2023,10-50,0.7,0.7,4,0.0,10,0,0.0
2023,10-50,0.7,0.7,5,0.0,9,0,0.0
2023,10-50,0.8,0.4,all,56.56250000000001,96,3,3.125
2023,10-50,0.8,0.4,3,56.56250000000001,96,3,3.125
2023,10-50,0.8,0.4,4,59.02173913043479,92,3,3.260869565217391
2023,10-50,0.8,0.4,5,61.70454545454545,88,3,3.4090909090909087
2023,10-50,0.8,0.5,all,80.51282051282051,39,2,5.128205128205128
2023,10-50,0.8,0.5,3,80.51282051282051,39,2,5.128205128205128
2023,10-50,0.8,0.5,4,82.63157894736842,38,2,5.263157894736842
2023,10-50,0.8,0.5,5,84.86486486486487,37,2,5.405405405405405
2023,10-50,0.8,0.6,all,165.26315789473685,19,2,10.526315789473683
2023,10-50,0.8,0.6,3,165.26315789473685,19,2,10.526315789473683
2023,10-50,0.8,0.6,4,165.26315789473685,19,2,10.526315789473683
2023,10-50,0.8,0.6,5,174.44444444444446,18,2,11.11111111111111
2023,10-50,0.8,0.7,all,0.0,10,0,0.0
2023,10-50,0.8,0.7,3,0.0,10,0,0.0
2023,10-50,0.8,0.7,4,0.0,10,0,0.0
2023,10-50,0.8,0.7,5,0.0,9,0,0.0
2023,10-50,0.9,0.4,all,56.56250000000001,96,3,3.125
2023,10-50,0.9,0.4,3,56.56250000000001,96,3,3.125
2023,10-50,0.9,0.4,4,59.02173913043479,92,3,3.260869565217391
2023,10-50,0.9,0.4,5,61.70454545454545,88,3,3.4090909090909087
2023,10-50,0.9,0.5,all,80.51282051282051,39,2,5.128205128205128
2023,10-50,0.9,0.5,3,80.51282051282051,39,2,5.128205128205128
2023,10-50,0.9,0.5,4,82.63157894736842,38,2,5.263157894736842
2023,10-50,0.9,0.5,5,84.86486486486487,37,2,5.405405405405405
2023,10-50,0.9,0.6,all,165.26315789473685,19,2,10.526315789473683
2023,10-50,0.9,0.6,3,165.26315789473685,19,2,10.526315789473683
2023,10-50,0.9,0.6,4,165.26315789473685,19,2,10.526315789473683
2023,10-50,0.9,0.6,5,174.44444444444446,18,2,11.11111111111111
2023,10-50,0.9,0.7,all,0.0,10,0,0.0
2023,10-50,0.9,0.7,3,0.0,10,0,0.0
2023,10-50,0.9,0.7,4,0.0,10,0,0.0
2023,10-50,0.9,0.7,5,0.0,9,0,0.0
2023,10-50,1.0,0.4,all,56.56250000000001,96,3,3.125
2023,10-50,1.0,0.4,3,56.56250000000001,96,3,3.125
2023,10-50,1.0,0.4,4,59.02173913043479,92,3,3.260869565217391
2023,10-50,1.0,0.4,5,61.70454545454545,88,3,3.4090909090909087
2023,10-50,1.0,0.5,all,80.51282051282051,39,2,5.128205128205128
2023,10-50,1.0,0.5,3,80.51282051282051,39,2,5.128205128205128
2023,10-50,1.0,0.5,4,82.63157894736842,38,2,5.263157894736842
2023,10-50,1.0,0.5,5,84.86486486486487,37,2,5.405405405405405
2023,10-50,1.0,0.6,all,165.26315789473685,19,2,10.526315789473683
2023,10-50,1.0,0.6,3,165.26315789473685,19,2,10.526315789473683
2023,10-50,1.0,0.6,4,165.26315789473685,19,2,10.526315789473683
2023,10-50,1.0,0.6,5,174.44444444444446,18,2,11.11111111111111
2023,10-50,1.0,0.7,all,0.0,10,0,0.0
2023,10-50,1.0,0.7,3,0.0,10,0,0.0
2023,10-50,1.0,0.7,4,0.0,10,0,0.0
2023,10-50,1.0,0.7,5,0.0,9,0,0.0
2023,10-50,1.2,0.4,all,56.56250000000001,96,3,3.125
2023,10-50,1.2,0.4,3,56.56250000000001,96,3,3.125
2023,10-50,1.2,0.4,4,59.02173913043479,92,3,3.260869565217391
2023,10-50,1.2,0.4,5,61.70454545454545,88,3,3.4090909090909087
2023,10-50,1.2,0.5,all,80.51282051282051,39,2,5.128205128205128
2023,10-50,1.2,0.5,3,80.51282051282051,39,2,5.128205128205128
2023,10-50,1.2,0.5,4,82.63157894736842,38,2,5.263157894736842
2023,10-50,1.2,0.5,5,84.86486486486487,37,2,5.405405405405405
2023,10-50,1.2,0.6,all,165.26315789473685,19,2,10.526315789473683
2023,10-50,1.2,0.6,3,165.26315789473685,19,2,10.526315789473683
2023,10-50,1.2,0.6,4,165.26315789473685,19,2,10.526315789473683
2023,10-50,1.2,0.6,5,174.44444444444446,18,2,11.11111111111111
2023,10-50,1.2,0.7,all,0.0,10,0,0.0
2023,10-50,1.2,0.7,3,0.0,10,0,0.0
2023,10-50,1.2,0.7,4,0.0,10,0,0.0
2023,10-50,1.2,0.7,5,0.0,9,0,0.0
2023,15-40,0.5,0.4,all,63.01587301587303,63,2,3.1746031746031744
2023,15-40,0.5,0.4,3,63.01587301587303,63,2,3.1746031746031744
2023,15-40,0.5,0.4,4,64.03225806451613,62,2,3.225806451612903
2023,15-40,0.5,0.4,5,65.08196721311475,61,2,3.278688524590164
2023,15-40,0.5,0.5,all,64.61538461538461,26,1,3.8461538461538463
2023,15-40,0.5,0.5,3,64.61538461538461,26,1,3.8461538461538463
2023,15-40,0.5,0.5,4,64.61538461538461,26,1,3.8461538461538463
2023,15-40,0.5,0.5,5,64.61538461538461,26,1,3.8461538461538463
2023,15-40,0.5,0.6,all,112.00000000000001,15,1,6.666666666666667
2023,15-40,0.5,0.6,3,112.00000000000001,15,1,6.666666666666667
2023,15-40,0.5,0.6,4,112.00000000000001,15,1,6.666666666666667
2023,15-40,0.5,0.6,5,112.00000000000001,15,1,6.666666666666667
2023,15-40,0.5,0.7,all,0.0,8,0,0.0
2023,15-40,0.5,0.7,3,0.0,8,0,0.0
2023,15-40,0.5,0.7,4,0.0,8,0,0.0
2023,15-40,0.5,0.7,5,0.0,8,0,0.0
2023,15-40,0.6,0.4,all,63.01587301587303,63,2,3.1746031746031744
2023,15-40,0.6,0.4,3,63.01587301587303,63,2,3.1746031746031744
2023,15-40,0.6,0.4,4,64.03225806451613,62,2,3.225806451612903
2023,15-40,0.6,0.4,5,65.08196721311475,61,2,3.278688524590164
2023,15-40,0.6,0.5,all,64.61538461538461,26,1,3.8461538461538463
2023,15-40,0.6,0.5,3,64.61538461538461,26,1,3.8461538461538463
2023,15-40,0.6,0.5,4,64.61538461538461,26,1,3.8461538461538463
2023,15-40,0.6,0.5,5,64.61538461538461,26,1,3.8461538461538463
2023,15-40,0.6,0.6,all,112.00000000000001,15,1,6.666666666666667
2023,15-40,0.6,0.6,3,112.00000000000001,15,1,6.666666666666667
2023,15-40,0.6,0.6,4,112.00000000000001,15,1,6.666666666666667
2023,15-40,0.6,0.6,5,112.00000000000001,15,1,6.666666666666667
2023,15-40,0.6,0.7,all,0.0,8,0,0.0
2023,15-40,0.6,0.7,3,0.0,8,0,0.0
2023,15-40,0.6,0.7,4,0.0,8,0,0.0
2023,15-40,0.6,0.7,5,0.0,8,0,0.0
2023,15-40,0.7,0.4,all,63.01587301587303,63,2,3.1746031746031744
2023,15-40,0.7,0.4,3,63.01587301587303,63,2,3.1746031746031744
2023,15-40,0.7,0.4,4,64.03225806451613,62,2,3.225806451612903
2023,15-40,0.7,0.4,5,65.08196721311475,61,2,3.278688524590164
2023,15-40,0.7,0.5,all,64.61538461538461,26,1,3.8461538461538463
2023,15-40,0.7,0.5,3,64.61538461538461,26,1,3.8461538461538463
2023,15-40,0.7,0.5,4,64.61538461538461,26,1,3.8461538461538463
2023,15-40,0.7,0.5,5,64.61538461538461,26,1,3.8461538461538463
2023,15-40,0.7,0.6,all,112.00000000000001,15,1,6.666666666666667
2023,15-40,0.7,0.6,3,112.00000000000001,15,1,6.666666666666667
2023,15-40,0.7,0.6,4,112.00000000000001,15,1,6.666666666666667
2023,15-40,0.7,0.6,5,112.00000000000001,15,1,6.666666666666667
2023,15-40,0.7,0.7,all,0.0,8,0,0.0
2023,15-40,0.7,0.7,3,0.0,8,0,0.0
2023,15-40,0.7,0.7,4,0.0,8,0,0.0
2023,15-40,0.7,0.7,5,0.0,8,0,0.0
2023,15-40,0.8,0.4,all,63.01587301587303,63,2,3.1746031746031744
2023,15-40,0.8,0.4,3,63.01587301587303,63,2,3.1746031746031744
2023,15-40,0.8,0.4,4,64.03225806451613,62,2,3.225806451612903
2023,15-40,0.8,0.4,5,65.08196721311475,61,2,3.278688524590164
2023,15-40,0.8,0.5,all,64.61538461538461,26,1,3.8461538461538463
2023,15-40,0.8,0.5,3,64.61538461538461,26,1,3.8461538461538463
2023,15-40,0.8,0.5,4,64.61538461538461,26,1,3.8461538461538463
2023,15-40,0.8,0.5,5,64.61538461538461,26,1,3.8461538461538463
2023,15-40,0.8,0.6,all,112.00000000000001,15,1,6.666666666666667
2023,15-40,0.8,0.6,3,112.00000000000001,15,1,6.666666666666667
2023,15-40,0.8,0.6,4,112.00000000000001,15,1,6.666666666666667
2023,15-40,0.8,0.6,5,112.00000000000001,15,1,6.666666666666667
2023,15-40,0.8,0.7,all,0.0,8,0,0.0
2023,15-40,0.8,0.7,3,0.0,8,0,0.0
2023,15-40,0.8,0.7,4,0.0,8,0,0.0
2023,15-40,0.8,0.7,5,0.0,8,0,0.0
2023,15-40,0.9,0.4,all,63.01587301587303,63,2,3.1746031746031744
2023,15-40,0.9,0.4,3,63.01587301587303,63,2,3.1746031746031744
2023,15-40,0.9,0.4,4,64.03225806451613,62,2,3.225806451612903
2023,15-40,0.9,0.4,5,65.08196721311475,61,2,3.278688524590164
2023,15-40,0.9,0.5,all,64.61538461538461,26,1,3.8461538461538463
2023,15-40,0.9,0.5,3,64.61538461538461,26,1,3.8461538461538463
2023,15-40,0.9,0.5,4,64.61538461538461,26,1,3.8461538461538463
2023,15-40,0.9,0.5,5,64.61538461538461,26,1,3.8461538461538463
2023,15-40,0.9,0.6,all,112.00000000000001,15,1,6.666666666666667
2023,15-40,0.9,0.6,3,112.00000000000001,15,1,6.666666666666667
2023,15-40,0.9,0.6,4,112.00000000000001,15,1,6.666666666666667
2023,15-40,0.9,0.6,5,112.00000000000001,15,1,6.666666666666667
2023,15-40,0.9,0.7,all,0.0,8,0,0.0
2023,15-40,0.9,0.7,3,0.0,8,0,0.0
2023,15-40,0.9,0.7,4,0.0,8,0,0.0
2023,15-40,0.9,0.7,5,0.0,8,0,0.0
2023,15-40,1.0,0.4,all,63.01587301587303,63,2,3.1746031746031744
2023,15-40,1.0,0.4,3,63.01587301587303,63,2,3.1746031746031744
2023,15-40,1.0,0.4,4,64.03225806451613,62,2,3.225806451612903
2023,15-40,1.0,0.4,5,65.08196721311475,61,2,3.278688524590164
2023,15-40,1.0,0.5,all,64.61538461538461,26,1,3.8461538461538463
2023,15-40,1.0,0.5,3,64.61538461538461,26,1,3.8461538461538463
2023,15-40,1.0,0.5,4,64.61538461538461,26,1,3.8461538461538463
2023,15-40,1.0,0.5,5,64.61538461538461,26,1,3.8461538461538463
2023,15-40,1.0,0.6,all,112.00000000000001,15,1,6.666666666666667
2023,15-40,1.0,0.6,3,112.00000000000001,15,1,6.666666666666667
2023,15-40,1.0,0.6,4,112.00000000000001,15,1,6.666666666666667
2023,15-40,1.0,0.6,5,112.00000000000001,15,1,6.666666666666667
2023,15-40,1.0,0.7,all,0.0,8,0,0.0
2023,15-40,1.0,0.7,3,0.0,8,0,0.0
2023,15-40,1.0,0.7,4,0.0,8,0,0.0
2023,15-40,1.0,0.7,5,0.0,8,0,0.0
2023,15-40,1.2,0.4,all,63.01587301587303,63,2,3.1746031746031744
2023,15-40,1.2,0.4,3,63.01587301587303,63,2,3.1746031746031744
2023,15-40,1.2,0.4,4,64.03225806451613,62,2,3.225806451612903
2023,15-40,1.2,0.4,5,65.08196721311475,61,2,3.278688524590164
2023,15-40,1.2,0.5,all,64.61538461538461,26,1,3.8461538461538463
2023,15-40,1.2,0.5,3,64.61538461538461,26,1,3.8461538461538463
2023,15-40,1.2,0.5,4,64.61538461538461,26,1,3.8461538461538463
2023,15-40,1.2,0.5,5,64.61538461538461,26,1,3.8461538461538463
2023,15-40,1.2,0.6,all,112.00000000000001,15,1,6.666666666666667
2023,15-40,1.2,0.6,3,112.00000000000001,15,1,6.666666666666667
2023,15-40,1.2,0.6,4,112.00000000000001,15,1,6.666666666666667
2023,15-40,1.2,0.6,5,112.00000000000001,15,1,6.666666666666667
2023,15-40,1.2,0.7,all,0.0,8,0,0.0
2023,15-40,1.2,0.7,3,0.0,8,0,0.0
2023,15-40,1.2,0.7,4,0.0,8,0,0.0
2023,15-40,1.2,0.7,5,0.0,8,0,0.0
2023,20-50,0.5,0.4,all,50.888888888888886,45,1,2.2222222222222223
2023,20-50,0.5,0.4,3,50.888888888888886,45,1,2.2222222222222223
2023,20-50,0.5,0.4,4,50.888888888888886,45,1,2.2222222222222223
2023,20-50,0.5,0.4,5,50.888888888888886,45,1,2.2222222222222223
2023,20-50,0.5,0.5,all,0.0,13,0,0.0
2023,20-50,0.5,0.5,3,0.0,13,0,0.0
2023,20-50,0.5,0.5,4,0.0,13,0,0.0
2023,20-50,0.5,0.5,5,0.0,13,0,0.0
2023,20-50,0.5,0.6,all,0.0,6,0,0.0
2023,20-50,0.5,0.6,3,0.0,6,0,0.0
2023,20-50,0.5,0.6,4,0.0,6,0,0.0
2023,20-50,0.5,0.6,5,0.0,6,0,0.0
2023,20-50,0.6,0.4,all,50.888888888888886,45,1,2.2222222222222223
2023,20-50,0.6,0.4,3,50.888888888888886,45,1,2.2222222222222223
2023,20-50,0.6,0.4,4,50.888888888888886,45,1,2.2222222222222223
2023,20-50,0.6,0.4,5,50.888888888888886,45,1,2.2222222222222223
2023,20-50,0.6,0.5,all,0.0,13,0,0.0
2023,20-50,0.6,0.5,3,0.0,13,0,0.0
2023,20-50,0.6,0.5,4,0.0,13,0,0.0
2023,20-50,0.6,0.5,5,0.0,13,0,0.0
2023,20-50,0.6,0.6,all,0.0,6,0,0.0
2023,20-50,0.6,0.6,3,0.0,6,0,0.0
2023,20-50,0.6,0.6,4,0.0,6,0,0.0
2023,20-50,0.6,0.6,5,0.0,6,0,0.0
2023,20-50,0.7,0.4,all,50.888888888888886,45,1,2.2222222222222223
2023,20-50,0.7,0.4,3,50.888888888888886,45,1,2.2222222222222223
2023,20-50,0.7,0.4,4,50.888888888888886,45,1,2.2222222222222223
2023,20-50,0.7,0.4,5,50.888888888888886,45,1,2.2222222222222223
2023,20-50,0.7,0.5,all,0.0,13,0,0.0
2023,20-50,0.7,0.5,3,0.0,13,0,0.0
2023,20-50,0.7,0.5,4,0.0,13,0,0.0
2023,20-50,0.7,0.5,5,0.0,13,0,0.0
2023,20-50,0.7,0.6,all,0.0,6,0,0.0
2023,20-50,0.7,0.6,3,0.0,6,0,0.0
2023,20-50,0.7,0.6,4,0.0,6,0,0.0
2023,20-50,0.7,0.6,5,0.0,6,0,0.0
2023,20-50,0.8,0.4,all,50.888888888888886,45,1,2.2222222222222223
2023,20-50,0.8,0.4,3,50.888888888888886,45,1,2.2222222222222223
2023,20-50,0.8,0.4,4,50.888888888888886,45,1,2.2222222222222223
2023,20-50,0.8,0.4,5,50.888888888888886,45,1,2.2222222222222223
2023,20-50,0.8,0.5,all,0.0,13,0,0.0
2023,20-50,0.8,0.5,3,0.0,13,0,0.0
2023,20-50,0.8,0.5,4,0.0,13,0,0.0
2023,20-50,0.8,0.5,5,0.0,13,0,0.0
2023,20-50,0.8,0.6,all,0.0,6,0,0.0
2023,20-50,0.8,0.6,3,0.0,6,0,0.0
2023,20-50,0.8,0.6,4,0.0,6,0,0.0
2023,20-50,0.8,0.6,5,0.0,6,0,0.0
2023,20-50,0.9,0.4,all,50.888888888888886,45,1,2.2222222222222223
2023,20-50,0.9,0.4,3,50.888888888888886,45,1,2.2222222222222223
2023,20-50,0.9,0.4,4,50.888888888888886,45,1,2.2222222222222223
2023,20-50,0.9,0.4,5,50.888888888888886,45,1,2.2222222222222223
2023,20-50,0.9,0.5,all,0.0,13,0,0.0
2023,20-50,0.9,0.5,3,0.0,13,0,0.0
2023,20-50,0.9,0.5,4,0.0,13,0,0.0
2023,20-50,0.9,0.5,5,0.0,13,0,0.0
2023,20-50,0.9,0.6,all,0.0,6,0,0.0
2023,20-50,0.9,0.6,3,0.0,6,0,0.0
2023,20-50,0.9,0.6,4,0.0,6,0,0.0
2023,20-50,0.9,0.6,5,0.0,6,0,0.0
2023,20-50,1.0,0.4,all,50.888888888888886,45,1,2.2222222222222223
2023,20-50,1.0,0.4,3,50.888888888888886,45,1,2.2222222222222223
2023,20-50,1.0,0.4,4,50.888888888888886,45,1,2.2222222222222223
2023,20-50,1.0,0.4,5,50.888888888888886,45,1,2.2222222222222223
2023,20-50,1.0,0.5,all,0.0,13,0,0.0
2023,20-50,1.0,0.5,3,0.0,13,0,0.0
2023,20-50,1.0,0.5,4,0.0,13,0,0.0
2023,20-50,1.0,0.5,5,0.0,13,0,0.0
2023,20-50,1.0,0.6,all,0.0,6,0,0.0
2023,20-50,1.0,0.6,3,0.0,6,0,0.0
2023,20-50,1.0,0.6,4,0.0,6,0,0.0
2023,20-50,1.0,0.6,5,0.0,6,0,0.0
2023,20-50,1.2,0.4,all,50.888888888888886,45,1,2.2222222222222223
2023,20-50,1.2,0.4,3,50.888888888888886,45,1,2.2222222222222223
2023,20-50,1.2,0.4,4,50.888888888888886,45,1,2.2222222222222223
2023,20-50,1.2,0.4,5,50.888888888888886,45,1,2.2222222222222223
2023,20-50,1.2,0.5,all,0.0,13,0,0.0
2023,20-50,1.2,0.5,3,0.0,13,0,0.0
2023,20-50,1.2,0.5,4,0.0,13,0,0.0
2023,20-50,1.2,0.5,5,0.0,13,0,0.0
2023,20-50,1.2,0.6,all,0.0,6,0,0.0
2023,20-50,1.2,0.6,3,0.0,6,0,0.0
2023,20-50,1.2,0.6,4,0.0,6,0,0.0
2023,20-50,1.2,0.6,5,0.0,6,0,0.0
2023,5-20,0.5,0.4,all,73.72549019607843,153,15,9.803921568627452
2023,5-20,0.5,0.4,3,76.57142857142857,140,14,10.0
2023,5-20,0.5,0.4,4,78.45360824742268,97,9,9.278350515463918
2023,5-20,0.5,0.4,5,49.0625,64,2,3.125
2023,5-20,0.5,0.5,all,80.92105263157896,76,7,9.210526315789473
2023,5-20,0.5,0.5,3,93.18181818181819,66,7,10.606060606060606
2023,5-20,0.5,0.5,4,90.2127659574468,47,4,8.51063829787234
2023,5-20,0.5,0.5,5,98.125,32,2,6.25
2023,5-20,0.5,0.6,all,125.75,40,5,12.5
2023,5-20,0.5,0.6,3,143.71428571428572,35,5,14.285714285714285
2023,5-20,0.5,0.6,4,159.13043478260872,23,3,13.043478260869565
2023,5-20,0.5,0.6,5,184.70588235294116,17,2,11.76470588235294
2023,5-20,0.5,0.7,all,26.0,20,1,5.0
2023,5-20,0.5,0.7,3,26.0,20,1,5.0
2023,5-20,0.5,0.7,4,34.66666666666667,15,1,6.666666666666667
2023,5-20,0.5,0.7,5,0.0,10,0,0.0
2023,5-20,0.6,0.4,all,73.72549019607843,153,15,9.803921568627452
2023,5-20,0.6,0.4,3,76.57142857142857,140,14,10.0
2023,5-20,0.6,0.4,4,78.45360824742268,97,9,9.278350515463918
2023,5-20,0.6,0.4,5,49.0625,64,2,3.125
2023,5-20,0.6,0.5,all,80.92105263157896,76,7,9.210526315789473
2023,5-20,0.6,0.5,3,93.18181818181819,66,7,10.606060606060606
2023,5-20,0.6,0.5,4,90.2127659574468,47,4,8.51063829787234
2023,5-20,0.6,0.5,5,98.125,32,2,6.25
2023,5-20,0.6,0.6,all,125.75,40,5,12.5
2023,5-20,0.6,0.6,3,143.71428571428572,35,5,14.285714285714285
2023,5-20,0.6,0.6,4,159.13043478260872,23,3,13.043478260869565
2023,5-20,0.6,0.6,5,184.70588235294116,17,2,11.76470588235294
2023,5-20,0.6,0.7,all,26.0,20,1,5.0
2023,5-20,0.6,0.7,3,26.0,20,1,5.0
2023,5-20,0.6,0.7,4,34.66666666666667,15,1,6.666666666666667
2023,5-20,0.6,0.7,5,0.0,10,0,0.0
2023,5-20,0.7,0.4,all,73.72549019607843,153,15,9.803921568627452
2023,5-20,0.7,0.4,3,76.57142857142857,140,14,10.0
2023,5-20,0.7,0.4,4,78.45360824742268,97,9,9.278350515463918
2023,5-20,0.7,0.4,5,49.0625,64,2,3.125
2023,5-20,0.7,0.5,all,80.92105263157896,76,7,9.210526315789473
2023,5-20,0.7,0.5,3,93.18181818181819,66,7,10.606060606060606
2023,5-20,0.7,0.5,4,90.2127659574468,47,4,8.51063829787234
2023,5-20,0.7,0.5,5,98.125,32,2,6.25
2023,5-20,0.7,0.6,all,125.75,40,5,12.5
2023,5-20,0.7,0.6,3,143.71428571428572,35,5,14.285714285714285
2023,5-20,0.7,0.6,4,159.13043478260872,23,3,13.043478260869565
2023,5-20,0.7,0.6,5,184.70588235294116,17,2,11.76470588235294
2023,5-20,0.7,0.7,all,26.0,20,1,5.0
2023,5-20,0.7,0.7,3,26.0,20,1,5.0
2023,5-20,0.7,0.7,4,34.66666666666667,15,1,6.666666666666667
2023,5-20,0.7,0.7,5,0.0,10,0,0.0
2023,5-20,0.8,0.4,all,73.72549019607843,153,15,9.803921568627452
2023,5-20,0.8,0.4,3,76.57142857142857,140,14,10.0
2023,5-20,0.8,0.4,4,78.45360824742268,97,9,9.278350515463918
2023,5-20,0.8,0.4,5,49.0625,64,2,3.125
2023,5-20,0.8,0.5,all,80.92105263157896,76,7,9.210526315789473
2023,5-20,0.8,0.5,3,93.18181818181819,66,7,10.606060606060606
2023,5-20,0.8,0.5,4,90.2127659574468,47,4,8.51063829787234
2023,5-20,0.8,0.5,5,98.125,32,2,6.25
2023,5-20,0.8,0.6,all,125.75,40,5,12.5
2023,5-20,0.8,0.6,3,143.71428571428572,35,5,14.285714285714285
2023,5-20,0.8,0.6,4,159.13043478260872,23,3,13.043478260869565
2023,5-20,0.8,0.6,5,184.70588235294116,17,2,11.76470588235294
2023,5-20,0.8,0.7,all,26.0,20,1,5.0
2023,5-20,0.8,0.7,3,26.0,20,1,5.0
2023,5-20,0.8,0.7,4,34.66666666666667,15,1,6.666666666666667
2023,5-20,0.8,0.7,5,0.0,10,0,0.0
2023,5-20,0.9,0.4,all,73.72549019607843,153,15,9.803921568627452
2023,5-20,0.9,0.4,3,76.57142857142857,140,14,10.0
2023,5-20,0.9,0.4,4,78.45360824742268,97,9,9.278350515463918
2023,5-20,0.9,0.4,5,49.0625,64,2,3.125
2023,5-20,0.9,0.5,all,80.92105263157896,76,7,9.210526315789473
2023,5-20,0.9,0.5,3,93.18181818181819,66,7,10.606060606060606
2023,5-20,0.9,0.5,4,90.2127659574468,47,4,8.51063829787234
2023,5-20,0.9,0.5,5,98.125,32,2,6.25
2023,5-20,0.9,0.6,all,125.75,40,5,12.5
2023,5-20,0.9,0.6,3,143.71428571428572,35,5,14.285714285714285
2023,5-20,0.9,0.6,4,159.13043478260872,23,3,13.043478260869565
2023,5-20,0.9,0.6,5,184.70588235294116,17,2,11.76470588235294
2023,5-20,0.9,0.7,all,26.0,20,1,5.0
2023,5-20,0.9,0.7,3,26.0,20,1,5.0
2023,5-20,0.9,0.7,4,34.66666666666667,15,1,6.666666666666667
2023,5-20,0.9,0.7,5,0.0,10,0,0.0
2023,5-20,1.0,0.4,all,73.72549019607843,153,15,9.803921568627452
2023,5-20,1.0,0.4,3,76.57142857142857,140,14,10.0
2023,5-20,1.0,0.4,4,78.45360824742268,97,9,9.278350515463918
2023,5-20,1.0,0.4,5,49.0625,64,2,3.125
2023,5-20,1.0,0.5,all,80.92105263157896,76,7,9.210526315789473
2023,5-20,1.0,0.5,3,93.18181818181819,66,7,10.606060606060606
2023,5-20,1.0,0.5,4,90.2127659574468,47,4,8.51063829787234
2023,5-20,1.0,0.5,5,98.125,32,2,6.25
2023,5-20,1.0,0.6,all,125.75,40,5,12.5
2023,5-20,1.0,0.6,3,143.71428571428572,35,5,14.285714285714285
2023,5-20,1.0,0.6,4,159.13043478260872,23,3,13.043478260869565
2023,5-20,1.0,0.6,5,184.70588235294116,17,2,11.76470588235294
2023,5-20,1.0,0.7,all,26.0,20,1,5.0
2023,5-20,1.0,0.7,3,26.0,20,1,5.0
2023,5-20,1.0,0.7,4,34.66666666666667,15,1,6.666666666666667
2023,5-20,1.0,0.7,5,0.0,10,0,0.0
2023,5-20,1.2,0.4,all,73.72549019607843,153,15,9.803921568627452
2023,5-20,1.2,0.4,3,76.57142857142857,140,14,10.0
2023,5-20,1.2,0.4,4,78.45360824742268,97,9,9.278350515463918
2023,5-20,1.2,0.4,5,49.0625,64,2,3.125
2023,5-20,1.2,0.5,all,80.92105263157896,76,7,9.210526315789473
2023,5-20,1.2,0.5,3,93.18181818181819,66,7,10.606060606060606
2023,5-20,1.2,0.5,4,90.2127659574468,47,4,8.51063829787234
2023,5-20,1.2,0.5,5,98.125,32,2,6.25
2023,5-20,1.2,0.6,all,125.75,40,5,12.5
2023,5-20,1.2,0.6,3,143.71428571428572,35,5,14.285714285714285
2023,5-20,1.2,0.6,4,159.13043478260872,23,3,13.043478260869565
2023,5-20,1.2,0.6,5,184.70588235294116,17,2,11.76470588235294
2023,5-20,1.2,0.7,all,26.0,20,1,5.0
2023,5-20,1.2,0.7,3,26.0,20,1,5.0
2023,5-20,1.2,0.7,4,34.66666666666667,15,1,6.666666666666667
2023,5-20,1.2,0.7,5,0.0,10,0,0.0
2023,7-35,0.5,0.4,all,55.64285714285714,140,6,4.285714285714286
2023,7-35,0.5,0.4,3,55.64285714285714,140,6,4.285714285714286
2023,7-35,0.5,0.4,4,57.355371900826434,121,5,4.132231404958678
2023,7-35,0.5,0.4,5,54.84848484848486,99,3,3.0303030303030303
2023,7-35,0.5,0.5,all,65.40983606557377,61,3,4.918032786885246
2023,7-35,0.5,0.5,3,65.40983606557377,61,3,4.918032786885246
2023,7-35,0.5,0.5,4,60.38461538461538,52,2,3.8461538461538463
2023,7-35,0.5,0.5,5,74.76190476190476,42,2,4.761904761904762
2023,7-35,0.5,0.6,all,120.9090909090909,33,3,9.090909090909092
2023,7-35,0.5,0.6,3,120.9090909090909,33,3,9.090909090909092
2023,7-35,0.5,0.6,4,112.14285714285714,28,2,7.142857142857142
2023,7-35,0.5,0.6,5,136.52173913043478,23,2,8.695652173913043
2023,7-35,0.5,0.7,all,0.0,19,0,0.0
2023,7-35,0.5,0.7,3,0.0,19,0,0.0
2023,7-35,0.5,0.7,4,0.0,17,0,0.0
2023,7-35,0.5,0.7,5,0.0,13,0,0.0
2023,7-35,0.6,0.4,all,55.64285714285714,140,6,4.285714285714286
2023,7-35,0.6,0.4,3,55.64285714285714,140,6,4.285714285714286
2023,7-35,0.6,0.4,4,57.355371900826434,121,5,4.132231404958678
2023,7-35,0.6,0.4,5,54.84848484848486,99,3,3.0303030303030303
2023,7-35,0.6,0.5,all,65.40983606557377,61,3,4.918032786885246
2023,7-35,0.6,0.5,3,65.40983606557377,61,3,4.918032786885246
2023,7-35,0.6,0.5,4,60.38461538461538,52,2,3.8461538461538463
2023,7-35,0.6,0.5,5,74.76190476190476,42,2,4.761904761904762
2023,7-35,0.6,0.6,all,120.9090909090909,33,3,9.090909090909092
2023,7-35,0.6,0.6,3,120.9090909090909,33,3,9.090909090909092
2023,7-35,0.6,0.6,4,112.14285714285714,28,2,7.142857142857142
2023,7-35,0.6,0.6,5,136.52173913043478,23,2,8.695652173913043
2023,7-35,0.6,0.7,all,0.0,19,0,0.0
2023,7-35,0.6,0.7,3,0.0,19,0,0.0
2023,7-35,0.6,0.7,4,0.0,17,0,0.0
2023,7-35,0.6,0.7,5,0.0,13,0,0.0
2023,7-35,0.7,0.4,all,55.64285714285714,140,6,4.285714285714286
2023,7-35,0.7,0.4,3,55.64285714285714,140,6,4.285714285714286
2023,7-35,0.7,0.4,4,57.355371900826434,121,5,4.132231404958678
2023,7-35,0.7,0.4,5,54.84848484848486,99,3,3.0303030303030303
2023,7-35,0.7,0.5,all,65.40983606557377,61,3,4.918032786885246
2023,7-35,0.7,0.5,3,65.40983606557377,61,3,4.918032786885246
2023,7-35,0.7,0.5,4,60.38461538461538,52,2,3.8461538461538463
2023,7-35,0.7,0.5,5,74.76190476190476,42,2,4.761904761904762
2023,7-35,0.7,0.6,all,120.9090909090909,33,3,9.090909090909092
2023,7-35,0.7,0.6,3,120.9090909090909,33,3,9.090909090909092
2023,7-35,0.7,0.6,4,112.14285714285714,28,2,7.142857142857142
2023,7-35,0.7,0.6,5,136.52173913043478,23,2,8.695652173913043
2023,7-35,0.7,0.7,all,0.0,19,0,0.0
2023,7-35,0.7,0.7,3,0.0,19,0,0.0
2023,7-35,0.7,0.7,4,0.0,17,0,0.0
2023,7-35,0.7,0.7,5,0.0,13,0,0.0
2023,7-35,0.8,0.4,all,55.64285714285714,140,6,4.285714285714286
2023,7-35,0.8,0.4,3,55.64285714285714,140,6,4.285714285714286
2023,7-35,0.8,0.4,4,57.355371900826434,121,5,4.132231404958678
2023,7-35,0.8,0.4,5,54.84848484848486,99,3,3.0303030303030303
2023,7-35,0.8,0.5,all,65.40983606557377,61,3,4.918032786885246
2023,7-35,0.8,0.5,3,65.40983606557377,61,3,4.918032786885246
2023,7-35,0.8,0.5,4,60.38461538461538,52,2,3.8461538461538463
2023,7-35,0.8,0.5,5,74.76190476190476,42,2,4.761904761904762
2023,7-35,0.8,0.6,all,120.9090909090909,33,3,9.090909090909092
2023,7-35,0.8,0.6,3,120.9090909090909,33,3,9.090909090909092
2023,7-35,0.8,0.6,4,112.14285714285714,28,2,7.142857142857142
2023,7-35,0.8,0.6,5,136.52173913043478,23,2,8.695652173913043
2023,7-35,0.8,0.7,all,0.0,19,0,0.0
2023,7-35,0.8,0.7,3,0.0,19,0,0.0
2023,7-35,0.8,0.7,4,0.0,17,0,0.0
2023,7-35,0.8,0.7,5,0.0,13,0,0.0
2023,7-35,0.9,0.4,all,55.64285714285714,140,6,4.285714285714286
2023,7-35,0.9,0.4,3,55.64285714285714,140,6,4.285714285714286
2023,7-35,0.9,0.4,4,57.355371900826434,121,5,4.132231404958678
2023,7-35,0.9,0.4,5,54.84848484848486,99,3,3.0303030303030303
2023,7-35,0.9,0.5,all,65.40983606557377,61,3,4.918032786885246
2023,7-35,0.9,0.5,3,65.40983606557377,61,3,4.918032786885246
2023,7-35,0.9,0.5,4,60.38461538461538,52,2,3.8461538461538463
2023,7-35,0.9,0.5,5,74.76190476190476,42,2,4.761904761904762
2023,7-35,0.9,0.6,all,120.9090909090909,33,3,9.090909090909092
2023,7-35,0.9,0.6,3,120.9090909090909,33,3,9.090909090909092
2023,7-35,0.9,0.6,4,112.14285714285714,28,2,7.142857142857142
2023,7-35,0.9,0.6,5,136.52173913043478,23,2,8.695652173913043
2023,7-35,0.9,0.7,all,0.0,19,0,0.0
2023,7-35,0.9,0.7,3,0.0,19,0,0.0
2023,7-35,0.9,0.7,4,0.0,17,0,0.0
2023,7-35,0.9,0.7,5,0.0,13,0,0.0
2023,7-35,1.0,0.4,all,55.64285714285714,140,6,4.285714285714286
2023,7-35,1.0,0.4,3,55.64285714285714,140,6,4.285714285714286
2023,7-35,1.0,0.4,4,57.355371900826434,121,5,4.132231404958678
2023,7-35,1.0,0.4,5,54.84848484848486,99,3,3.0303030303030303
2023,7-35,1.0,0.5,all,65.40983606557377,61,3,4.918032786885246
2023,7-35,1.0,0.5,3,65.40983606557377,61,3,4.918032786885246
2023,7-35,1.0,0.5,4,60.38461538461538,52,2,3.8461538461538463
2023,7-35,1.0,0.5,5,74.76190476190476,42,2,4.761904761904762
2023,7-35,1.0,0.6,all,120.9090909090909,33,3,9.090909090909092
2023,7-35,1.0,0.6,3,120.9090909090909,33,3,9.090909090909092
2023,7-35,1.0,0.6,4,112.14285714285714,28,2,7.142857142857142
2023,7-35,1.0,0.6,5,136.52173913043478,23,2,8.695652173913043
2023,7-35,1.0,0.7,all,0.0,19,0,0.0
2023,7-35,1.0,0.7,3,0.0,19,0,0.0
2023,7-35,1.0,0.7,4,0.0,17,0,0.0
2023,7-35,1.0,0.7,5,0.0,13,0,0.0
2023,7-35,1.2,0.4,all,55.64285714285714,140,6,4.285714285714286
2023,7-35,1.2,0.4,3,55.64285714285714,140,6,4.285714285714286
2023,7-35,1.2,0.4,4,57.355371900826434,121,5,4.132231404958678
2023,7-35,1.2,0.4,5,54.84848484848486,99,3,3.0303030303030303
2023,7-35,1.2,0.5,all,65.40983606557377,61,3,4.918032786885246
2023,7-35,1.2,0.5,3,65.40983606557377,61,3,4.918032786885246
2023,7-35,1.2,0.5,4,60.38461538461538,52,2,3.8461538461538463
2023,7-35,1.2,0.5,5,74.76190476190476,42,2,4.761904761904762
2023,7-35,1.2,0.6,all,120.9090909090909,33,3,9.090909090909092
2023,7-35,1.2,0.6,3,120.9090909090909,33,3,9.090909090909092
2023,7-35,1.2,0.6,4,112.14285714285714,28,2,7.142857142857142
2023,7-35,1.2,0.6,5,136.52173913043478,23,2,8.695652173913043
2023,7-35,1.2,0.7,all,0.0,19,0,0.0
2023,7-35,1.2,0.7,3,0.0,19,0,0.0
2023,7-35,1.2,0.7,4,0.0,17,0,0.0
2023,7-35,1.2,0.7,5,0.0,13,0,0.0
2023,8-40,0.5,0.4,all,53.22033898305085,118,4,3.389830508474576
2023,8-40,0.5,0.4,3,53.22033898305085,118,4,3.389830508474576
2023,8-40,0.5,0.4,4,50.27777777777778,108,3,2.7777777777777777
2023,8-40,0.5,0.4,5,54.84848484848486,99,3,3.0303030303030303
2023,8-40,0.5,0.5,all,78.23529411764706,51,3,5.88235294117647
2023,8-40,0.5,0.5,3,78.23529411764706,51,3,5.88235294117647
2023,8-40,0.5,0.5,4,68.26086956521739,46,2,4.3478260869565215
2023,8-40,0.5,0.5,5,74.76190476190476,42,2,4.761904761904762
2023,8-40,0.5,0.6,all,137.58620689655172,29,3,10.344827586206897
2023,8-40,0.5,0.6,3,137.58620689655172,29,3,10.344827586206897
2023,8-40,0.5,0.6,4,120.76923076923076,26,2,7.6923076923076925
2023,8-40,0.5,0.6,5,136.52173913043478,23,2,8.695652173913043
2023,8-40,0.5,0.7,all,0.0,17,0,0.0
2023,8-40,0.5,0.7,3,0.0,17,0,0.0
2023,8-40,0.5,0.7,4,0.0,15,0,0.0
2023,8-40,0.5,0.7,5,0.0,13,0,0.0
2023,8-40,0.6,0.4,all,53.22033898305085,118,4,3.389830508474576
2023,8-40,0.6,0.4,3,53.22033898305085,118,4,3.389830508474576
2023,8-40,0.6,0.4,4,50.27777777777778,108,3,2.7777777777777777
2023,8-40,0.6,0.4,5,54.84848484848486,99,3,3.0303030303030303
2023,8-40,0.6,0.5,all,78.23529411764706,51,3,5.88235294117647
2023,8-40,0.6,0.5,3,78.23529411764706,51,3,5.88235294117647
2023,8-40,0.6,0.5,4,68.26086956521739,46,2,4.3478260869565215
2023,8-40,0.6,0.5,5,74.76190476190476,42,2,4.761904761904762
2023,8-40,0.6,0.6,all,137.58620689655172,29,3,10.344827586206897
2023,8-40,0.6,0.6,3,137.58620689655172,29,3,10.344827586206897
2023,8-40,0.6,0.6,4,120.76923076923076,26,2,7.6923076923076925
2023,8-40,0.6,0.6,5,136.52173913043478,23,2,8.695652173913043
2023,8-40,0.6,0.7,all,0.0,17,0,0.0
2023,8-40,0.6,0.7,3,0.0,17,0,0.0
2023,8-40,0.6,0.7,4,0.0,15,0,0.0
2023,8-40,0.6,0.7,5,0.0,13,0,0.0
2023,8-40,0.7,0.4,all,53.22033898305085,118,4,3.389830508474576
2023,8-40,0.7,0.4,3,53.22033898305085,118,4,3.389830508474576
2023,8-40,0.7,0.4,4,50.27777777777778,108,3,2.7777777777777777
2023,8-40,0.7,0.4,5,54.84848484848486,99,3,3.0303030303030303
2023,8-40,0.7,0.5,all,78.23529411764706,51,3,5.88235294117647
2023,8-40,0.7,0.5,3,78.23529411764706,51,3,5.88235294117647
2023,8-40,0.7,0.5,4,68.26086956521739,46,2,4.3478260869565215
2023,8-40,0.7,0.5,5,74.76190476190476,42,2,4.761904761904762
2023,8-40,0.7,0.6,all,137.58620689655172,29,3,10.344827586206897
2023,8-40,0.7,0.6,3,137.58620689655172,29,3,10.344827586206897
2023,8-40,0.7,0.6,4,120.76923076923076,26,2,7.6923076923076925
2023,8-40,0.7,0.6,5,136.52173913043478,23,2,8.695652173913043
2023,8-40,0.7,0.7,all,0.0,17,0,0.0
2023,8-40,0.7,0.7,3,0.0,17,0,0.0
2023,8-40,0.7,0.7,4,0.0,15,0,0.0
2023,8-40,0.7,0.7,5,0.0,13,0,0.0
2023,8-40,0.8,0.4,all,53.22033898305085,118,4,3.389830508474576
2023,8-40,0.8,0.4,3,53.22033898305085,118,4,3.389830508474576
2023,8-40,0.8,0.4,4,50.27777777777778,108,3,2.7777777777777777
2023,8-40,0.8,0.4,5,54.84848484848486,99,3,3.0303030303030303
2023,8-40,0.8,0.5,all,78.23529411764706,51,3,5.88235294117647
2023,8-40,0.8,0.5,3,78.23529411764706,51,3,5.88235294117647
2023,8-40,0.8,0.5,4,68.26086956521739,46,2,4.3478260869565215
2023,8-40,0.8,0.5,5,74.76190476190476,42,2,4.761904761904762
2023,8-40,0.8,0.6,all,137.58620689655172,29,3,10.344827586206897
2023,8-40,0.8,0.6,3,137.58620689655172,29,3,10.344827586206897
2023,8-40,0.8,0.6,4,120.76923076923076,26,2,7.6923076923076925
2023,8-40,0.8,0.6,5,136.52173913043478,23,2,8.695652173913043
2023,8-40,0.8,0.7,all,0.0,17,0,0.0
2023,8-40,0.8,0.7,3,0.0,17,0,0.0
2023,8-40,0.8,0.7,4,0.0,15,0,0.0
2023,8-40,0.8,0.7,5,0.0,13,0,0.0
2023,8-40,0.9,0.4,all,53.22033898305085,118,4,3.389830508474576
2023,8-40,0.9,0.4,3,53.22033898305085,118,4,3.389830508474576
2023,8-40,0.9,0.4,4,50.27777777777778,108,3,2.7777777777777777
2023,8-40,0.9,0.4,5,54.84848484848486,99,3,3.0303030303030303
2023,8-40,0.9,0.5,all,78.23529411764706,51,3,5.88235294117647
2023,8-40,0.9,0.5,3,78.23529411764706,51,3,5.88235294117647
2023,8-40,0.9,0.5,4,68.26086956521739,46,2,4.3478260869565215
2023,8-40,0.9,0.5,5,74.76190476190476,42,2,4.761904761904762
2023,8-40,0.9,0.6,all,137.58620689655172,29,3,10.344827586206897
2023,8-40,0.9,0.6,3,137.58620689655172,29,3,10.344827586206897
2023,8-40,0.9,0.6,4,120.76923076923076,26,2,7.6923076923076925
2023,8-40,0.9,0.6,5,136.52173913043478,23,2,8.695652173913043
2023,8-40,0.9,0.7,all,0.0,17,0,0.0
2023,8-40,0.9,0.7,3,0.0,17,0,0.0
2023,8-40,0.9,0.7,4,0.0,15,0,0.0
2023,8-40,0.9,0.7,5,0.0,13,0,0.0
2023,8-40,1.0,0.4,all,53.22033898305085,118,4,3.389830508474576
2023,8-40,1.0,0.4,3,53.22033898305085,118,4,3.389830508474576
2023,8-40,1.0,0.4,4,50.27777777777778,108,3,2.7777777777777777
2023,8-40,1.0,0.4,5,54.84848484848486,99,3,3.0303030303030303
2023,8-40,1.0,0.5,all,78.23529411764706,51,3,5.88235294117647
2023,8-40,1.0,0.5,3,78.23529411764706,51,3,5.88235294117647
2023,8-40,1.0,0.5,4,68.26086956521739,46,2,4.3478260869565215
2023,8-40,1.0,0.5,5,74.76190476190476,42,2,4.761904761904762
2023,8-40,1.0,0.6,all,137.58620689655172,29,3,10.344827586206897
2023,8-40,1.0,0.6,3,137.58620689655172,29,3,10.344827586206897
2023,8-40,1.0,0.6,4,120.76923076923076,26,2,7.6923076923076925
2023,8-40,1.0,0.6,5,136.52173913043478,23,2,8.695652173913043
2023,8-40,1.0,0.7,all,0.0,17,0,0.0
2023,8-40,1.0,0.7,3,0.0,17,0,0.0
2023,8-40,1.0,0.7,4,0.0,15,0,0.0
2023,8-40,1.0,0.7,5,0.0,13,0,0.0
2023,8-40,1.2,0.4,all,53.22033898305085,118,4,3.389830508474576
2023,8-40,1.2,0.4,3,53.22033898305085,118,4,3.389830508474576
2023,8-40,1.2,0.4,4,50.27777777777778,108,3,2.7777777777777777
2023,8-40,1.2,0.4,5,54.84848484848486,99,3,3.0303030303030303
2023,8-40,1.2,0.5,all,78.23529411764706,51,3,5.88235294117647
2023,8-40,1.2,0.5,3,78.23529411764706,51,3,5.88235294117647
2023,8-40,1.2,0.5,4,68.26086956521739,46,2,4.3478260869565215
2023,8-40,1.2,0.5,5,74.76190476190476,42,2,4.761904761904762
2023,8-40,1.2,0.6,all,137.58620689655172,29,3,10.344827586206897
2023,8-40,1.2,0.6,3,137.58620689655172,29,3,10.344827586206897
2023,8-40,1.2,0.6,4,120.76923076923076,26,2,7.6923076923076925
2023,8-40,1.2,0.6,5,136.52173913043478,23,2,8.695652173913043
2023,8-40,1.2,0.7,all,0.0,17,0,0.0
2023,8-40,1.2,0.7,3,0.0,17,0,0.0
2023,8-40,1.2,0.7,4,0.0,15,0,0.0
2023,8-40,1.2,0.7,5,0.0,13,0,0.0
2022,5-30,0.5,0.4,all,90.8786610878661,239,27,11.297071129707113
2022,5-30,0.5,0.4,3,88.38862559241704,211,22,10.42654028436019
2022,5-30,0.5,0.4,4,86.27450980392157,153,13,8.49673202614379
2022,5-30,0.5,0.4,5,98.9887640449438,89,7,7.865168539325842
2022,5-30,0.5,0.5,all,98.5263157894737,95,11,11.578947368421053
2022,5-30,0.5,0.5,3,96.82926829268294,82,9,10.975609756097562
2022,5-30,0.5,0.5,4,80.6896551724138,58,4,6.896551724137931
2022,5-30,0.5,0.5,5,122.12121212121212,33,3,9.090909090909092
2022,5-30,0.5,0.6,all,123.88888888888887,36,5,13.88888888888889
2022,5-30,0.5,0.6,3,139.37499999999997,32,5,15.625
2022,5-30,0.5,0.6,4,145.90909090909093,22,3,13.636363636363635
2022,5-30,0.5,0.6,5,182.85714285714286,14,2,14.285714285714285
2022,5-30,0.5,0.7,all,127.49999999999999,16,2,12.5
2022,5-30,0.5,0.7,3,156.92307692307693,13,2,15.384615384615385
2022,5-30,0.5,0.7,4,192.5,8,1,12.5
2022,5-30,0.5,0.7,5,256.6666666666667,6,1,16.666666666666664
2022,5-30,0.6,0.4,all,90.8786610878661,239,27,11.297071129707113
2022,5-30,0.6,0.4,3,88.38862559241704,211,22,10.42654028436019
2022,5-30,0.6,0.4,4,86.27450980392157,153,13,8.49673202614379
2022,5-30,0.6,0.4,5,98.9887640449438,89,7,7.865168539325842
2022,5-30,0.6,0.5,all,98.5263157894737,95,11,11.578947368421053
2022,5-30,0.6,0.5,3,96.82926829268294,82,9,10.975609756097562
2022,5-30,0.6,0.5,4,80.6896551724138,58,4,6.896551724137931
2022,5-30,0.6,0.5,5,122.12121212121212,33,3,9.090909090909092
2022,5-30,0.6,0.6,all,123.88888888888887,36,5,13.88888888888889
2022,5-30,0.6,0.6,3,139.37499999999997,32,5,15.625
2022,5-30,0.6,0.6,4,145.90909090909093,22,3,13.636363636363635
2022,5-30,0.6,0.6,5,182.85714285714286,14,2,14.285714285714285
2022,5-30,0.6,0.7,all,127.49999999999999,16,2,12.5
2022,5-30,0.6,0.7,3,156.92307692307693,13,2,15.384615384615385
2022,5-30,0.6,0.7,4,192.5,8,1,12.5
2022,5-30,0.6,0.7,5,256.6666666666667,6,1,16.666666666666664
2022,5-30,0.7,0.4,all,90.8786610878661,239,27,11.297071129707113
2022,5-30,0.7,0.4,3,88.38862559241704,211,22,10.42654028436019
2022,5-30,0.7,0.4,4,86.27450980392157,153,13,8.49673202614379
2022,5-30,0.7,0.4,5,98.9887640449438,89,7,7.865168539325842
2022,5-30,0.7,0.5,all,98.5263157894737,95,11,11.578947368421053
2022,5-30,0.7,0.5,3,96.82926829268294,82,9,10.975609756097562
2022,5-30,0.7,0.5,4,80.6896551724138,58,4,6.896551724137931
2022,5-30,0.7,0.5,5,122.12121212121212,33,3,9.090909090909092
2022,5-30,0.7,0.6,all,123.88888888888887,36,5,13.88888888888889
2022,5-30,0.7,0.6,3,139.37499999999997,32,5,15.625
2022,5-30,0.7,0.6,4,145.90909090909093,22,3,13.636363636363635
2022,5-30,0.7,0.6,5,182.85714285714286,14,2,14.285714285714285
2022,5-30,0.7,0.7,all,127.49999999999999,16,2,12.5
2022,5-30,0.7,0.7,3,156.92307692307693,13,2,15.384615384615385
2022,5-30,0.7,0.7,4,192.5,8,1,12.5
2022,5-30,0.7,0.7,5,256.6666666666667,6,1,16.666666666666664
2022,5-30,0.8,0.4,all,90.8786610878661,239,27,11.297071129707113
2022,5-30,0.8,0.4,3,88.38862559241704,211,22,10.42654028436019
2022,5-30,0.8,0.4,4,86.27450980392157,153,13,8.49673202614379
2022,5-30,0.8,0.4,5,98.9887640449438,89,7,7.865168539325842
2022,5-30,0.8,0.5,all,98.5263157894737,95,11,11.578947368421053
2022,5-30,0.8,0.5,3,96.82926829268294,82,9,10.975609756097562
2022,5-30,0.8,0.5,4,80.6896551724138,58,4,6.896551724137931
2022,5-30,0.8,0.5,5,122.12121212121212,33,3,9.090909090909092
2022,5-30,0.8,0.6,all,123.88888888888887,36,5,13.88888888888889
2022,5-30,0.8,0.6,3,139.37499999999997,32,5,15.625
2022,5-30,0.8,0.6,4,145.90909090909093,22,3,13.636363636363635
2022,5-30,0.8,0.6,5,182.85714285714286,14,2,14.285714285714285
2022,5-30,0.8,0.7,all,127.49999999999999,16,2,12.5
2022,5-30,0.8,0.7,3,156.92307692307693,13,2,15.384615384615385
2022,5-30,0.8,0.7,4,192.5,8,1,12.5
2022,5-30,0.8,0.7,5,256.6666666666667,6,1,16.666666666666664
2022,5-30,0.9,0.4,all,90.8786610878661,239,27,11.297071129707113
2022,5-30,0.9,0.4,3,88.38862559241704,211,22,10.42654028436019
2022,5-30,0.9,0.4,4,86.27450980392157,153,13,8.49673202614379
2022,5-30,0.9,0.4,5,98.9887640449438,89,7,7.865168539325842
2022,5-30,0.9,0.5,all,98.5263157894737,95,11,11.578947368421053
2022,5-30,0.9,0.5,3,96.82926829268294,82,9,10.975609756097562
2022,5-30,0.9,0.5,4,80.6896551724138,58,4,6.896551724137931
2022,5-30,0.9,0.5,5,122.12121212121212,33,3,9.090909090909092
2022,5-30,0.9,0.6,all,123.88888888888887,36,5,13.88888888888889
2022,5-30,0.9,0.6,3,139.37499999999997,32,5,15.625
2022,5-30,0.9,0.6,4,145.90909090909093,22,3,13.636363636363635
2022,5-30,0.9,0.6,5,182.85714285714286,14,2,14.285714285714285
2022,5-30,0.9,0.7,all,127.49999999999999,16,2,12.5
2022,5-30,0.9,0.7,3,156.92307692307693,13,2,15.384615384615385
2022,5-30,0.9,0.7,4,192.5,8,1,12.5
2022,5-30,0.9,0.7,5,256.6666666666667,6,1,16.666666666666664
2022,5-30,1.0,0.4,all,90.8786610878661,239,27,11.297071129707113
2022,5-30,1.0,0.4,3,88.38862559241704,211,22,10.42654028436019
2022,5-30,1.0,0.4,4,86.27450980392157,153,13,8.49673202614379
2022,5-30,1.0,0.4,5,98.9887640449438,89,7,7.865168539325842
2022,5-30,1.0,0.5,all,98.5263157894737,95,11,11.578947368421053
2022,5-30,1.0,0.5,3,96.82926829268294,82,9,10.975609756097562
2022,5-30,1.0,0.5,4,80.6896551724138,58,4,6.896551724137931
2022,5-30,1.0,0.5,5,122.12121212121212,33,3,9.090909090909092
2022,5-30,1.0,0.6,all,123.88888888888887,36,5,13.88888888888889
2022,5-30,1.0,0.6,3,139.37499999999997,32,5,15.625
2022,5-30,1.0,0.6,4,145.90909090909093,22,3,13.636363636363635
2022,5-30,1.0,0.6,5,182.85714285714286,14,2,14.285714285714285
2022,5-30,1.0,0.7,all,127.49999999999999,16,2,12.5
2022,5-30,1.0,0.7,3,156.92307692307693,13,2,15.384615384615385
2022,5-30,1.0,0.7,4,192.5,8,1,12.5
2022,5-30,1.0,0.7,5,256.6666666666667,6,1,16.666666666666664
2022,5-30,1.2,0.4,all,90.8786610878661,239,27,11.297071129707113
2022,5-30,1.2,0.4,3,88.38862559241704,211,22,10.42654028436019
2022,5-30,1.2,0.4,4,86.27450980392157,153,13,8.49673202614379
2022,5-30,1.2,0.4,5,98.9887640449438,89,7,7.865168539325842
2022,5-30,1.2,0.5,all,98.5263157894737,95,11,11.578947368421053
2022,5-30,1.2,0.5,3,96.82926829268294,82,9,10.975609756097562
2022,5-30,1.2,0.5,4,80.6896551724138,58,4,6.896551724137931
2022,5-30,1.2,0.5,5,122.12121212121212,33,3,9.090909090909092
2022,5-30,1.2,0.6,all,123.88888888888887,36,5,13.88888888888889
2022,5-30,1.2,0.6,3,139.37499999999997,32,5,15.625
2022,5-30,1.2,0.6,4,145.90909090909093,22,3,13.636363636363635
2022,5-30,1.2,0.6,5,182.85714285714286,14,2,14.285714285714285
2022,5-30,1.2,0.7,all,127.49999999999999,16,2,12.5
2022,5-30,1.2,0.7,3,156.92307692307693,13,2,15.384615384615385
2022,5-30,1.2,0.7,4,192.5,8,1,12.5
2022,5-30,1.2,0.7,5,256.6666666666667,6,1,16.666666666666664
2022,5-50,0.5,0.4,all,83.53846153846153,260,27,10.384615384615385
2022,5-50,0.5,0.4,3,80.38793103448275,232,22,9.482758620689655
2022,5-50,0.5,0.4,4,75.86206896551724,174,13,7.471264367816093
2022,5-50,0.5,0.4,5,80.0909090909091,110,7,6.363636363636363
2022,5-50,0.5,0.5,all,90.00000000000001,104,11,10.576923076923077
2022,5-50,0.5,0.5,3,87.25274725274726,91,9,9.89010989010989
2022,5-50,0.5,0.5,4,69.85074626865672,67,4,5.970149253731343
2022,5-50,0.5,0.5,5,95.95238095238095,42,3,7.142857142857142
2022,5-50,0.5,0.6,all,111.49999999999997,40,5,12.5
2022,5-50,0.5,0.6,3,123.88888888888887,36,5,13.88888888888889
2022,5-50,0.5,0.6,4,123.46153846153847,26,3,11.538461538461538
2022,5-50,0.5,0.6,5,142.22222222222223,18,2,11.11111111111111
2022,5-50,0.5,0.7,all,120.0,17,2,11.76470588235294
2022,5-50,0.5,0.7,3,145.7142857142857,14,2,14.285714285714285
2022,5-50,0.5,0.7,4,171.11111111111111,9,1,11.11111111111111
2022,5-50,0.5,0.7,5,220.00000000000003,7,1,14.285714285714285
2022,5-50,0.6,0.4,all,83.53846153846153,260,27,10.384615384615385
2022,5-50,0.6,0.4,3,80.38793103448275,232,22,9.482758620689655
2022,5-50,0.6,0.4,4,75.86206896551724,174,13,7.471264367816093
2022,5-50,0.6,0.4,5,80.0909090909091,110,7,6.363636363636363
2022,5-50,0.6,0.5,all,90.00000000000001,104,11,10.576923076923077
2022,5-50,0.6,0.5,3,87.25274725274726,91,9,9.89010989010989
2022,5-50,0.6,0.5,4,69.85074626865672,67,4,5.970149253731343
2022,5-50,0.6,0.5,5,95.95238095238095,42,3,7.142857142857142
2022,5-50,0.6,0.6,all,111.49999999999997,40,5,12.5
2022,5-50,0.6,0.6,3,123.88888888888887,36,5,13.88888888888889
2022,5-50,0.6,0.6,4,123.46153846153847,26,3,11.538461538461538
2022,5-50,0.6,0.6,5,142.22222222222223,18,2,11.11111111111111
2022,5-50,0.6,0.7,all,120.0,17,2,11.76470588235294
2022,5-50,0.6,0.7,3,145.7142857142857,14,2,14.285714285714285
2022,5-50,0.6,0.7,4,171.11111111111111,9,1,11.11111111111111
2022,5-50,0.6,0.7,5,220.00000000000003,7,1,14.285714285714285
2022,5-50,0.7,0.4,all,83.53846153846153,260,27,10.384615384615385
2022,5-50,0.7,0.4,3,80.38793103448275,232,22,9.482758620689655
2022,5-50,0.7,0.4,4,75.86206896551724,174,13,7.471264367816093
2022,5-50,0.7,0.4,5,80.0909090909091,110,7,6.363636363636363
2022,5-50,0.7,0.5,all,90.00000000000001,104,11,10.576923076923077
2022,5-50,0.7,0.5,3,87.25274725274726,91,9,9.89010989010989
2022,5-50,0.7,0.5,4,69.85074626865672,67,4,5.970149253731343
2022,5-50,0.7,0.5,5,95.95238095238095,42,3,7.142857142857142
2022,5-50,0.7,0.6,all,111.49999999999997,40,5,12.5
2022,5-50,0.7,0.6,3,123.88888888888887,36,5,13.88888888888889
2022,5-50,0.7,0.6,4,123.46153846153847,26,3,11.538461538461538
2022,5-50,0.7,0.6,5,142.22222222222223,18,2,11.11111111111111
2022,5-50,0.7,0.7,all,120.0,17,2,11.76470588235294
2022,5-50,0.7,0.7,3,145.7142857142857,14,2,14.285714285714285
2022,5-50,0.7,0.7,4,171.11111111111111,9,1,11.11111111111111
2022,5-50,0.7,0.7,5,220.00000000000003,7,1,14.285714285714285
2022,5-50,0.8,0.4,all,83.53846153846153,260,27,10.384615384615385
2022,5-50,0.8,0.4,3,80.38793103448275,232,22,9.482758620689655
2022,5-50,0.8,0.4,4,75.86206896551724,174,13,7.471264367816093
2022,5-50,0.8,0.4,5,80.0909090909091,110,7,6.363636363636363
2022,5-50,0.8,0.5,all,90.00000000000001,104,11,10.576923076923077
2022,5-50,0.8,0.5,3,87.25274725274726,91,9,9.89010989010989
2022,5-50,0.8,0.5,4,69.85074626865672,67,4,5.970149253731343
2022,5-50,0.8,0.5,5,95.95238095238095,42,3,7.142857142857142
2022,5-50,0.8,0.6,all,111.49999999999997,40,5,12.5
2022,5-50,0.8,0.6,3,123.88888888888887,36,5,13.88888888888889
2022,5-50,0.8,0.6,4,123.46153846153847,26,3,11.538461538461538
2022,5-50,0.8,0.6,5,142.22222222222223,18,2,11.11111111111111
2022,5-50,0.8,0.7,all,120.0,17,2,11.76470588235294
2022,5-50,0.8,0.7,3,145.7142857142857,14,2,14.285714285714285
2022,5-50,0.8,0.7,4,171.11111111111111,9,1,11.11111111111111
2022,5-50,0.8,0.7,5,220.00000000000003,7,1,14.285714285714285
2022,5-50,0.9,0.4,all,83.53846153846153,260,27,10.384615384615385
2022,5-50,0.9,0.4,3,80.38793103448275,232,22,9.482758620689655
2022,5-50,0.9,0.4,4,75.86206896551724,174,13,7.471264367816093
2022,5-50,0.9,0.4,5,80.0909090909091,110,7,6.363636363636363
2022,5-50,0.9,0.5,all,90.00000000000001,104,11,10.576923076923077
2022,5-50,0.9,0.5,3,87.25274725274726,91,9,9.89010989010989
2022,5-50,0.9,0.5,4,69.85074626865672,67,4,5.970149253731343
2022,5-50,0.9,0.5,5,95.95238095238095,42,3,7.142857142857142
2022,5-50,0.9,0.6,all,111.49999999999997,40,5,12.5
2022,5-50,0.9,0.6,3,123.88888888888887,36,5,13.88888888888889
2022,5-50,0.9,0.6,4,123.46153846153847,26,3,11.538461538461538
2022,5-50,0.9,0.6,5,142.22222222222223,18,2,11.11111111111111
2022,5-50,0.9,0.7,all,120.0,17,2,11.76470588235294
2022,5-50,0.9,0.7,3,145.7142857142857,14,2,14.285714285714285
2022,5-50,0.9,0.7,4,171.11111111111111,9,1,11.11111111111111
2022,5-50,0.9,0.7,5,220.00000000000003,7,1,14.285714285714285
2022,5-50,1.0,0.4,all,83.53846153846153,260,27,10.384615384615385
2022,5-50,1.0,0.4,3,80.38793103448275,232,22,9.482758620689655
2022,5-50,1.0,0.4,4,75.86206896551724,174,13,7.471264367816093
2022,5-50,1.0,0.4,5,80.0909090909091,110,7,6.363636363636363
2022,5-50,1.0,0.5,all,90.00000000000001,104,11,10.576923076923077
2022,5-50,1.0,0.5,3,87.25274725274726,91,9,9.89010989010989
2022,5-50,1.0,0.5,4,69.85074626865672,67,4,5.970149253731343
2022,5-50,1.0,0.5,5,95.95238095238095,42,3,7.142857142857142
2022,5-50,1.0,0.6,all,111.49999999999997,40,5,12.5
2022,5-50,1.0,0.6,3,123.88888888888887,36,5,13.88888888888889
2022,5-50,1.0,0.6,4,123.46153846153847,26,3,11.538461538461538
2022,5-50,1.0,0.6,5,142.22222222222223,18,2,11.11111111111111
2022,5-50,1.0,0.7,all,120.0,17,2,11.76470588235294
2022,5-50,1.0,0.7,3,145.7142857142857,14,2,14.285714285714285
2022,5-50,1.0,0.7,4,171.11111111111111,9,1,11.11111111111111
2022,5-50,1.0,0.7,5,220.00000000000003,7,1,14.285714285714285
2022,5-50,1.2,0.4,all,83.53846153846153,260,27,10.384615384615385
2022,5-50,1.2,0.4,3,80.38793103448275,232,22,9.482758620689655
2022,5-50,1.2,0.4,4,75.86206896551724,174,13,7.471264367816093
2022,5-50,1.2,0.4,5,80.0909090909091,110,7,6.363636363636363
2022,5-50,1.2,0.5,all,90.00000000000001,104,11,10.576923076923077
2022,5-50,1.2,0.5,3,87.25274725274726,91,9,9.89010989010989
2022,5-50,1.2,0.5,4,69.85074626865672,67,4,5.970149253731343
2022,5-50,1.2,0.5,5,95.95238095238095,42,3,7.142857142857142
2022,5-50,1.2,0.6,all,111.49999999999997,40,5,12.5
2022,5-50,1.2,0.6,3,123.88888888888887,36,5,13.88888888888889
2022,5-50,1.2,0.6,4,123.46153846153847,26,3,11.538461538461538
2022,5-50,1.2,0.6,5,142.22222222222223,18,2,11.11111111111111
2022,5-50,1.2,0.7,all,120.0,17,2,11.76470588235294
2022,5-50,1.2,0.7,3,145.7142857142857,14,2,14.285714285714285
2022,5-50,1.2,0.7,4,171.11111111111111,9,1,11.11111111111111
2022,5-50,1.2,0.7,5,220.00000000000003,7,1,14.285714285714285
2022,10-30,0.5,0.4,all,100.56818181818181,88,7,7.954545454545454
2022,10-30,0.5,0.4,3,100.56818181818181,88,7,7.954545454545454
2022,10-30,0.5,0.4,4,102.90697674418605,86,7,8.13953488372093
2022,10-30,0.5,0.4,5,101.94805194805194,77,6,7.792207792207792
2022,10-30,0.5,0.5,all,125.93749999999999,32,3,9.375
2022,10-30,0.5,0.5,3,125.93749999999999,32,3,9.375
2022,10-30,0.5,0.5,4,125.93749999999999,32,3,9.375
2022,10-30,0.5,0.5,5,149.25925925925924,27,3,11.11111111111111
2022,10-30,0.5,0.6,all,213.33333333333334,12,2,16.666666666666664
2022,10-30,0.5,0.6,3,213.33333333333334,12,2,16.666666666666664
2022,10-30,0.5,0.6,4,213.33333333333334,12,2,16.666666666666664
2022,10-30,0.5,0.6,5,213.33333333333334,12,2,16.666666666666664
2022,10-30,0.5,0.7,all,308.0,5,1,20.0
2022,10-30,0.5,0.7,3,308.0,5,1,20.0
2022,10-30,0.5,0.7,4,308.0,5,1,20.0
2022,10-30,0.5,0.7,5,308.0,5,1,20.0
2022,10-30,0.6,0.4,all,100.56818181818181,88,7,7.954545454545454
2022,10-30,0.6,0.4,3,100.56818181818181,88,7,7.954545454545454
2022,10-30,0.6,0.4,4,102.90697674418605,86,7,8.13953488372093
2022,10-30,0.6,0.4,5,101.94805194805194,77,6,7.792207792207792
2022,10-30,0.6,0.5,all,125.93749999999999,32,3,9.375
2022,10-30,0.6,0.5,3,125.93749999999999,32,3,9.375
2022,10-30,0.6,0.5,4,125.93749999999999,32,3,9.375
2022,10-30,0.6,0.5,5,149.25925925925924,27,3,11.11111111111111
2022,10-30,0.6,0.6,all,213.33333333333334,12,2,16.666666666666664
2022,10-30,0.6,0.6,3,213.33333333333334,12,2,16.666666666666664
2022,10-30,0.6,0.6,4,213.33333333333334,12,2,16.666666666666664
2022,10-30,0.6,0.6,5,213.33333333333334,12,2,16.666666666666664
2022,10-30,0.6,0.7,all,308.0,5,1,20.0
2022,10-30,0.6,0.7,3,308.0,5,1,20.0
2022,10-30,0.6,0.7,4,308.0,5,1,20.0
2022,10-30,0.6,0.7,5,308.0,5,1,20.0
2022,10-30,0.7,0.4,all,100.56818181818181,88,7,7.954545454545454
2022,10-30,0.7,0.4,3,100.56818181818181,88,7,7.954545454545454
2022,10-30,0.7,0.4,4,102.90697674418605,86,7,8.13953488372093
2022,10-30,0.7,0.4,5,101.94805194805194,77,6,7.792207792207792
2022,10-30,0.7,0.5,all,125.93749999999999,32,3,9.375
2022,10-30,0.7,0.5,3,125.93749999999999,32,3,9.375
2022,10-30,0.7,0.5,4,125.93749999999999,32,3,9.375
2022,10-30,0.7,0.5,5,149.25925925925924,27,3,11.11111111111111
2022,10-30,0.7,0.6,all,213.33333333333334,12,2,16.666666666666664
2022,10-30,0.7,0.6,3,213.33333333333334,12,2,16.666666666666664
2022,10-30,0.7,0.6,4,213.33333333333334,12,2,16.666666666666664
2022,10-30,0.7,0.6,5,213.33333333333334,12,2,16.666666666666664
2022,10-30,0.7,0.7,all,308.0,5,1,20.0
2022,10-30,0.7,0.7,3,308.0,5,1,20.0
2022,10-30,0.7,0.7,4,308.0,5,1,20.0
2022,10-30,0.7,0.7,5,308.0,5,1,20.0
2022,10-30,0.8,0.4,all,100.56818181818181,88,7,7.954545454545454
2022,10-30,0.8,0.4,3,100.56818181818181,88,7,7.954545454545454
2022,10-30,0.8,0.4,4,102.90697674418605,86,7,8.13953488372093
2022,10-30,0.8,0.4,5,101.94805194805194,77,6,7.792207792207792
2022,10-30,0.8,0.5,all,125.93749999999999,32,3,9.375
2022,10-30,0.8,0.5,3,125.93749999999999,32,3,9.375
2022,10-30,0.8,0.5,4,125.93749999999999,32,3,9.375
2022,10-30,0.8,0.5,5,149.25925925925924,27,3,11.11111111111111
2022,10-30,0.8,0.6,all,213.33333333333334,12,2,16.666666666666664
2022,10-30,0.8,0.6,3,213.33333333333334,12,2,16.666666666666664
2022,10-30,0.8,0.6,4,213.33333333333334,12,2,16.666666666666664
2022,10-30,0.8,0.6,5,213.33333333333334,12,2,16.666666666666664
2022,10-30,0.8,0.7,all,308.0,5,1,20.0
2022,10-30,0.8,0.7,3,308.0,5,1,20.0
2022,10-30,0.8,0.7,4,308.0,5,1,20.0
2022,10-30,0.8,0.7,5,308.0,5,1,20.0
2022,10-30,0.9,0.4,all,100.56818181818181,88,7,7.954545454545454
2022,10-30,0.9,0.4,3,100.56818181818181,88,7,7.954545454545454
2022,10-30,0.9,0.4,4,102.90697674418605,86,7,8.13953488372093
2022,10-30,0.9,0.4,5,101.94805194805194,77,6,7.792207792207792
2022,10-30,0.9,0.5,all,125.93749999999999,32,3,9.375
2022,10-30,0.9,0.5,3,125.93749999999999,32,3,9.375
2022,10-30,0.9,0.5,4,125.93749999999999,32,3,9.375
2022,10-30,0.9,0.5,5,149.25925925925924,27,3,11.11111111111111
2022,10-30,0.9,0.6,all,213.33333333333334,12,2,16.666666666666664
2022,10-30,0.9,0.6,3,213.33333333333334,12,2,16.666666666666664
2022,10-30,0.9,0.6,4,213.33333333333334,12,2,16.666666666666664
2022,10-30,0.9,0.6,5,213.33333333333334,12,2,16.666666666666664
2022,10-30,0.9,0.7,all,308.0,5,1,20.0
2022,10-30,0.9,0.7,3,308.0,5,1,20.0
2022,10-30,0.9,0.7,4,308.0,5,1,20.0
2022,10-30,0.9,0.7,5,308.0,5,1,20.0
2022,10-30,1.0,0.4,all,100.56818181818181,88,7,7.954545454545454
2022,10-30,1.0,0.4,3,100.56818181818181,88,7,7.954545454545454
2022,10-30,1.0,0.4,4,102.90697674418605,86,7,8.13953488372093
2022,10-30,1.0,0.4,5,101.94805194805194,77,6,7.792207792207792
2022,10-30,1.0,0.5,all,125.93749999999999,32,3,9.375
2022,10-30,1.0,0.5,3,125.93749999999999,32,3,9.375
2022,10-30,1.0,0.5,4,125.93749999999999,32,3,9.375
2022,10-30,1.0,0.5,5,149.25925925925924,27,3,11.11111111111111
2022,10-30,1.0,0.6,all,213.33333333333334,12,2,16.666666666666664
2022,10-30,1.0,0.6,3,213.33333333333334,12,2,16.666666666666664
2022,10-30,1.0,0.6,4,213.33333333333334,12,2,16.666666666666664
2022,10-30,1.0,0.6,5,213.33333333333334,12,2,16.666666666666664
2022,10-30,1.0,0.7,all,308.0,5,1,20.0
2022,10-30,1.0,0.7,3,308.0,5,1,20.0
2022,10-30,1.0,0.7,4,308.0,5,1,20.0
2022,10-30,1.0,0.7,5,308.0,5,1,20.0
2022,10-30,1.2,0.4,all,100.56818181818181,88,7,7.954545454545454
2022,10-30,1.2,0.4,3,100.56818181818181,88,7,7.954545454545454
2022,10-30,1.2,0.4,4,102.90697674418605,86,7,8.13953488372093
2022,10-30,1.2,0.4,5,101.94805194805194,77,6,7.792207792207792
2022,10-30,1.2,0.5,all,125.93749999999999,32,3,9.375
2022,10-30,1.2,0.5,3,125.93749999999999,32,3,9.375
2022,10-30,1.2,0.5,4,125.93749999999999,32,3,9.375
2022,10-30,1.2,0.5,5,149.25925925925924,27,3,11.11111111111111
2022,10-30,1.2,0.6,all,213.33333333333334,12,2,16.666666666666664
2022,10-30,1.2,0.6,3,213.33333333333334,12,2,16.666666666666664
2022,10-30,1.2,0.6,4,213.33333333333334,12,2,16.666666666666664
2022,10-30,1.2,0.6,5,213.33333333333334,12,2,16.666666666666664
2022,10-30,1.2,0.7,all,308.0,5,1,20.0
2022,10-30,1.2,0.7,3,308.0,5,1,20.0
2022,10-30,1.2,0.7,4,308.0,5,1,20.0
2022,10-30,1.2,0.7,5,308.0,5,1,20.0
2022,10-50,0.5,0.4,all,81.19266055045871,109,7,6.422018348623854
2022,10-50,0.5,0.4,3,81.19266055045871,109,7,6.422018348623854
2022,10-50,0.5,0.4,4,82.71028037383178,107,7,6.5420560747663545
2022,10-50,0.5,0.4,5,80.10204081632652,98,6,6.122448979591836
2022,10-50,0.5,0.5,all,98.29268292682927,41,3,7.317073170731707
2022,10-50,0.5,0.5,3,98.29268292682927,41,3,7.317073170731707
2022,10-50,0.5,0.5,4,98.29268292682927,41,3,7.317073170731707
2022,10-50,0.5,0.5,5,111.94444444444444,36,3,8.333333333333332
2022,10-50,0.5,0.6,all,160.0,16,2,12.5
2022,10-50,0.5,0.6,3,160.0,16,2,12.5
2022,10-50,0.5,0.6,4,160.0,16,2,12.5
2022,10-50,0.5,0.6,5,160.0,16,2,12.5
2022,10-50,0.5,0.7,all,256.6666666666667,6,1,16.666666666666664
2022,10-50,0.5,0.7,3,256.6666666666667,6,1,16.666666666666664
2022,10-50,0.5,0.7,4,256.6666666666667,6,1,16.666666666666664
2022,10-50,0.5,0.7,5,256.6666666666667,6,1,16.666666666666664
2022,10-50,0.6,0.4,all,81.19266055045871,109,7,6.422018348623854
2022,10-50,0.6,0.4,3,81.19266055045871,109,7,6.422018348623854
2022,10-50,0.6,0.4,4,82.71028037383178,107,7,6.5420560747663545
2022,10-50,0.6,0.4,5,80.10204081632652,98,6,6.122448979591836
2022,10-50,0.6,0.5,all,98.29268292682927,41,3,7.317073170731707
2022,10-50,0.6,0.5,3,98.29268292682927,41,3,7.317073170731707
2022,10-50,0.6,0.5,4,98.29268292682927,41,3,7.317073170731707
2022,10-50,0.6,0.5,5,111.94444444444444,36,3,8.333333333333332
2022,10-50,0.6,0.6,all,160.0,16,2,12.5
2022,10-50,0.6,0.6,3,160.0,16,2,12.5
2022,10-50,0.6,0.6,4,160.0,16,2,12.5
2022,10-50,0.6,0.6,5,160.0,16,2,12.5
2022,10-50,0.6,0.7,all,256.6666666666667,6,1,16.666666666666664
2022,10-50,0.6,0.7,3,256.6666666666667,6,1,16.666666666666664
2022,10-50,0.6,0.7,4,256.6666666666667,6,1,16.666666666666664
2022,10-50,0.6,0.7,5,256.6666666666667,6,1,16.666666666666664
2022,10-50,0.7,0.4,all,81.19266055045871,109,7,6.422018348623854
2022,10-50,0.7,0.4,3,81.19266055045871,109,7,6.422018348623854
2022,10-50,0.7,0.4,4,82.71028037383178,107,7,6.5420560747663545
2022,10-50,0.7,0.4,5,80.10204081632652,98,6,6.122448979591836
2022,10-50,0.7,0.5,all,98.29268292682927,41,3,7.317073170731707
2022,10-50,0.7,0.5,3,98.29268292682927,41,3,7.317073170731707
2022,10-50,0.7,0.5,4,98.29268292682927,41,3,7.317073170731707
2022,10-50,0.7,0.5,5,111.94444444444444,36,3,8.333333333333332
2022,10-50,0.7,0.6,all,160.0,16,2,12.5
2022,10-50,0.7,0.6,3,160.0,16,2,12.5
2022,10-50,0.7,0.6,4,160.0,16,2,12.5
2022,10-50,0.7,0.6,5,160.0,16,2,12.5
2022,10-50,0.7,0.7,all,256.6666666666667,6,1,16.666666666666664
2022,10-50,0.7,0.7,3,256.6666666666667,6,1,16.666666666666664
2022,10-50,0.7,0.7,4,256.6666666666667,6,1,16.666666666666664
2022,10-50,0.7,0.7,5,256.6666666666667,6,1,16.666666666666664
2022,10-50,0.8,0.4,all,81.19266055045871,109,7,6.422018348623854
2022,10-50,0.8,0.4,3,81.19266055045871,109,7,6.422018348623854
2022,10-50,0.8,0.4,4,82.71028037383178,107,7,6.5420560747663545
2022,10-50,0.8,0.4,5,80.10204081632652,98,6,6.122448979591836
2022,10-50,0.8,0.5,all,98.29268292682927,41,3,7.317073170731707
2022,10-50,0.8,0.5,3,98.29268292682927,41,3,7.317073170731707
2022,10-50,0.8,0.5,4,98.29268292682927,41,3,7.317073170731707
2022,10-50,0.8,0.5,5,111.94444444444444,36,3,8.333333333333332
2022,10-50,0.8,0.6,all,160.0,16,2,12.5
2022,10-50,0.8,0.6,3,160.0,16,2,12.5
2022,10-50,0.8,0.6,4,160.0,16,2,12.5
2022,10-50,0.8,0.6,5,160.0,16,2,12.5
2022,10-50,0.8,0.7,all,256.6666666666667,6,1,16.666666666666664
2022,10-50,0.8,0.7,3,256.6666666666667,6,1,16.666666666666664
2022,10-50,0.8,0.7,4,256.6666666666667,6,1,16.666666666666664
2022,10-50,0.8,0.7,5,256.6666666666667,6,1,16.666666666666664
2022,10-50,0.9,0.4,all,81.19266055045871,109,7,6.422018348623854
2022,10-50,0.9,0.4,3,81.19266055045871,109,7,6.422018348623854
2022,10-50,0.9,0.4,4,82.71028037383178,107,7,6.5420560747663545
2022,10-50,0.9,0.4,5,80.10204081632652,98,6,6.122448979591836
2022,10-50,0.9,0.5,all,98.29268292682927,41,3,7.317073170731707
2022,10-50,0.9,0.5,3,98.29268292682927,41,3,7.317073170731707
2022,10-50,0.9,0.5,4,98.29268292682927,41,3,7.317073170731707
2022,10-50,0.9,0.5,5,111.94444444444444,36,3,8.333333333333332
2022,10-50,0.9,0.6,all,160.0,16,2,12.5
2022,10-50,0.9,0.6,3,160.0,16,2,12.5
2022,10-50,0.9,0.6,4,160.0,16,2,12.5
2022,10-50,0.9,0.6,5,160.0,16,2,12.5
2022,10-50,0.9,0.7,all,256.6666666666667,6,1,16.666666666666664
2022,10-50,0.9,0.7,3,256.6666666666667,6,1,16.666666666666664
2022,10-50,0.9,0.7,4,256.6666666666667,6,1,16.666666666666664
2022,10-50,0.9,0.7,5,256.6666666666667,6,1,16.666666666666664
2022,10-50,1.0,0.4,all,81.19266055045871,109,7,6.422018348623854
2022,10-50,1.0,0.4,3,81.19266055045871,109,7,6.422018348623854
2022,10-50,1.0,0.4,4,82.71028037383178,107,7,6.5420560747663545
2022,10-50,1.0,0.4,5,80.10204081632652,98,6,6.122448979591836
2022,10-50,1.0,0.5,all,98.29268292682927,41,3,7.317073170731707
2022,10-50,1.0,0.5,3,98.29268292682927,41,3,7.317073170731707
2022,10-50,1.0,0.5,4,98.29268292682927,41,3,7.317073170731707
2022,10-50,1.0,0.5,5,111.94444444444444,36,3,8.333333333333332
2022,10-50,1.0,0.6,all,160.0,16,2,12.5
2022,10-50,1.0,0.6,3,160.0,16,2,12.5
2022,10-50,1.0,0.6,4,160.0,16,2,12.5
2022,10-50,1.0,0.6,5,160.0,16,2,12.5
2022,10-50,1.0,0.7,all,256.6666666666667,6,1,16.666666666666664
2022,10-50,1.0,0.7,3,256.6666666666667,6,1,16.666666666666664
2022,10-50,1.0,0.7,4,256.6666666666667,6,1,16.666666666666664
2022,10-50,1.0,0.7,5,256.6666666666667,6,1,16.666666666666664
2022,10-50,1.2,0.4,all,81.19266055045871,109,7,6.422018348623854
2022,10-50,1.2,0.4,3,81.19266055045871,109,7,6.422018348623854
2022,10-50,1.2,0.4,4,82.71028037383178,107,7,6.5420560747663545
2022,10-50,1.2,0.4,5,80.10204081632652,98,6,6.122448979591836
2022,10-50,1.2,0.5,all,98.29268292682927,41,3,7.317073170731707
2022,10-50,1.2,0.5,3,98.29268292682927,41,3,7.317073170731707
2022,10-50,1.2,0.5,4,98.29268292682927,41,3,7.317073170731707
2022,10-50,1.2,0.5,5,111.94444444444444,36,3,8.333333333333332
2022,10-50,1.2,0.6,all,160.0,16,2,12.5
2022,10-50,1.2,0.6,3,160.0,16,2,12.5
2022,10-50,1.2,0.6,4,160.0,16,2,12.5
2022,10-50,1.2,0.6,5,160.0,16,2,12.5
2022,10-50,1.2,0.7,all,256.6666666666667,6,1,16.666666666666664
2022,10-50,1.2,0.7,3,256.6666666666667,6,1,16.666666666666664
2022,10-50,1.2,0.7,4,256.6666666666667,6,1,16.666666666666664
2022,10-50,1.2,0.7,5,256.6666666666667,6,1,16.666666666666664
2022,15-40,0.5,0.4,all,28.51851851851852,54,1,1.8518518518518516
2022,15-40,0.5,0.4,3,28.51851851851852,54,1,1.8518518518518516
2022,15-40,0.5,0.4,4,28.51851851851852,54,1,1.8518518518518516
2022,15-40,0.5,0.4,5,29.056603773584904,53,1,1.8867924528301887
2022,15-40,0.5,0.5,all,81.05263157894737,19,1,5.263157894736842
2022,15-40,0.5,0.5,3,81.05263157894737,19,1,5.263157894736842
2022,15-40,0.5,0.5,4,81.05263157894737,19,1,5.263157894736842
2022,15-40,0.5,0.5,5,81.05263157894737,19,1,5.263157894736842
2022,15-40,0.5,0.6,all,171.11111111111111,9,1,11.11111111111111
2022,15-40,0.5,0.6,3,171.11111111111111,9,1,11.11111111111111
2022,15-40,0.5,0.6,4,171.11111111111111,9,1,11.11111111111111
2022,15-40,0.5,0.6,5,171.11111111111111,9,1,11.11111111111111
2022,15-40,0.6,0.4,all,28.51851851851852,54,1,1.8518518518518516
2022,15-40,0.6,0.4,3,28.51851851851852,54,1,1.8518518518518516
2022,15-40,0.6,0.4,4,28.51851851851852,54,1,1.8518518518518516
2022,15-40,0.6,0.4,5,29.056603773584904,53,1,1.8867924528301887
2022,15-40,0.6,0.5,all,81.05263157894737,19,1,5.263157894736842
2022,15-40,0.6,0.5,3,81.05263157894737,19,1,5.263157894736842
2022,15-40,0.6,0.5,4,81.05263157894737,19,1,5.263157894736842
2022,15-40,0.6,0.5,5,81.05263157894737,19,1,5.263157894736842
2022,15-40,0.6,0.6,all,171.11111111111111,9,1,11.11111111111111
2022,15-40,0.6,0.6,3,171.11111111111111,9,1,11.11111111111111
2022,15-40,0.6,0.6,4,171.11111111111111,9,1,11.11111111111111
2022,15-40,0.6,0.6,5,171.11111111111111,9,1,11.11111111111111
2022,15-40,0.7,0.4,all,28.51851851851852,54,1,1.8518518518518516
2022,15-40,0.7,0.4,3,28.51851851851852,54,1,1.8518518518518516
2022,15-40,0.7,0.4,4,28.51851851851852,54,1,1.8518518518518516
2022,15-40,0.7,0.4,5,29.056603773584904,53,1,1.8867924528301887
2022,15-40,0.7,0.5,all,81.05263157894737,19,1,5.263157894736842
2022,15-40,0.7,0.5,3,81.05263157894737,19,1,5.263157894736842
2022,15-40,0.7,0.5,4,81.05263157894737,19,1,5.263157894736842
2022,15-40,0.7,0.5,5,81.05263157894737,19,1,5.263157894736842
2022,15-40,0.7,0.6,all,171.11111111111111,9,1,11.11111111111111
2022,15-40,0.7,0.6,3,171.11111111111111,9,1,11.11111111111111
2022,15-40,0.7,0.6,4,171.11111111111111,9,1,11.11111111111111
2022,15-40,0.7,0.6,5,171.11111111111111,9,1,11.11111111111111
2022,15-40,0.8,0.4,all,28.51851851851852,54,1,1.8518518518518516
2022,15-40,0.8,0.4,3,28.51851851851852,54,1,1.8518518518518516
2022,15-40,0.8,0.4,4,28.51851851851852,54,1,1.8518518518518516
2022,15-40,0.8,0.4,5,29.056603773584904,53,1,1.8867924528301887
2022,15-40,0.8,0.5,all,81.05263157894737,19,1,5.263157894736842
2022,15-40,0.8,0.5,3,81.05263157894737,19,1,5.263157894736842
2022,15-40,0.8,0.5,4,81.05263157894737,19,1,5.263157894736842
2022,15-40,0.8,0.5,5,81.05263157894737,19,1,5.263157894736842
2022,15-40,0.8,0.6,all,171.11111111111111,9,1,11.11111111111111
2022,15-40,0.8,0.6,3,171.11111111111111,9,1,11.11111111111111
2022,15-40,0.8,0.6,4,171.11111111111111,9,1,11.11111111111111
2022,15-40,0.8,0.6,5,171.11111111111111,9,1,11.11111111111111
2022,15-40,0.9,0.4,all,28.51851851851852,54,1,1.8518518518518516
2022,15-40,0.9,0.4,3,28.51851851851852,54,1,1.8518518518518516
2022,15-40,0.9,0.4,4,28.51851851851852,54,1,1.8518518518518516
2022,15-40,0.9,0.4,5,29.056603773584904,53,1,1.8867924528301887
2022,15-40,0.9,0.5,all,81.05263157894737,19,1,5.263157894736842
2022,15-40,0.9,0.5,3,81.05263157894737,19,1,5.263157894736842
2022,15-40,0.9,0.5,4,81.05263157894737,19,1,5.263157894736842
2022,15-40,0.9,0.5,5,81.05263157894737,19,1,5.263157894736842
2022,15-40,0.9,0.6,all,171.11111111111111,9,1,11.11111111111111
2022,15-40,0.9,0.6,3,171.11111111111111,9,1,11.11111111111111
2022,15-40,0.9,0.6,4,171.11111111111111,9,1,11.11111111111111
2022,15-40,0.9,0.6,5,171.11111111111111,9,1,11.11111111111111
2022,15-40,1.0,0.4,all,28.51851851851852,54,1,1.8518518518518516
2022,15-40,1.0,0.4,3,28.51851851851852,54,1,1.8518518518518516
2022,15-40,1.0,0.4,4,28.51851851851852,54,1,1.8518518518518516
2022,15-40,1.0,0.4,5,29.056603773584904,53,1,1.8867924528301887
2022,15-40,1.0,0.5,all,81.05263157894737,19,1,5.263157894736842
2022,15-40,1.0,0.5,3,81.05263157894737,19,1,5.263157894736842
2022,15-40,1.0,0.5,4,81.05263157894737,19,1,5.263157894736842
2022,15-40,1.0,0.5,5,81.05263157894737,19,1,5.263157894736842
2022,15-40,1.0,0.6,all,171.11111111111111,9,1,11.11111111111111
2022,15-40,1.0,0.6,3,171.11111111111111,9,1,11.11111111111111
2022,15-40,1.0,0.6,4,171.11111111111111,9,1,11.11111111111111
2022,15-40,1.0,0.6,5,171.11111111111111,9,1,11.11111111111111
2022,15-40,1.2,0.4,all,28.51851851851852,54,1,1.8518518518518516
2022,15-40,1.2,0.4,3,28.51851851851852,54,1,1.8518518518518516
2022,15-40,1.2,0.4,4,28.51851851851852,54,1,1.8518518518518516
2022,15-40,1.2,0.4,5,29.056603773584904,53,1,1.8867924528301887
2022,15-40,1.2,0.5,all,81.05263157894737,19,1,5.263157894736842
2022,15-40,1.2,0.5,3,81.05263157894737,19,1,5.263157894736842
2022,15-40,1.2,0.5,4,81.05263157894737,19,1,5.263157894736842
2022,15-40,1.2,0.5,5,81.05263157894737,19,1,5.263157894736842
2022,15-40,1.2,0.6,all,171.11111111111111,9,1,11.11111111111111
2022,15-40,1.2,0.6,3,171.11111111111111,9,1,11.11111111111111
2022,15-40,1.2,0.6,4,171.11111111111111,9,1,11.11111111111111
2022,15-40,1.2,0.6,5,171.11111111111111,9,1,11.11111111111111
2022,20-50,0.5,0.4,all,0.0,44,0,0.0
2022,20-50,0.5,0.4,3,0.0,44,0,0.0
2022,20-50,0.5,0.4,4,0.0,44,0,0.0
2022,20-50,0.5,0.4,5,0.0,43,0,0.0
2022,20-50,0.5,0.5,all,0.0,17,0,0.0
2022,20-50,0.5,0.5,3,0.0,17,0,0.0
2022,20-50,0.5,0.5,4,0.0,17,0,0.0
2022,20-50,0.5,0.5,5,0.0,17,0,0.0
2022,20-50,0.5,0.6,all,0.0,8,0,0.0
2022,20-50,0.5,0.6,3,0.0,8,0,0.0
2022,20-50,0.5,0.6,4,0.0,8,0,0.0
2022,20-50,0.5,0.6,5,0.0,8,0,0.0
2022,20-50,0.6,0.4,all,0.0,44,0,0.0
2022,20-50,0.6,0.4,3,0.0,44,0,0.0
2022,20-50,0.6,0.4,4,0.0,44,0,0.0
2022,20-50,0.6,0.4,5,0.0,43,0,0.0
2022,20-50,0.6,0.5,all,0.0,17,0,0.0
2022,20-50,0.6,0.5,3,0.0,17,0,0.0
2022,20-50,0.6,0.5,4,0.0,17,0,0.0
2022,20-50,0.6,0.5,5,0.0,17,0,0.0
2022,20-50,0.6,0.6,all,0.0,8,0,0.0
2022,20-50,0.6,0.6,3,0.0,8,0,0.0
2022,20-50,0.6,0.6,4,0.0,8,0,0.0
2022,20-50,0.6,0.6,5,0.0,8,0,0.0
2022,20-50,0.7,0.4,all,0.0,44,0,0.0
2022,20-50,0.7,0.4,3,0.0,44,0,0.0
2022,20-50,0.7,0.4,4,0.0,44,0,0.0
2022,20-50,0.7,0.4,5,0.0,43,0,0.0
2022,20-50,0.7,0.5,all,0.0,17,0,0.0
2022,20-50,0.7,0.5,3,0.0,17,0,0.0
2022,20-50,0.7,0.5,4,0.0,17,0,0.0
2022,20-50,0.7,0.5,5,0.0,17,0,0.0
2022,20-50,0.7,0.6,all,0.0,8,0,0.0
2022,20-50,0.7,0.6,3,0.0,8,0,0.0
2022,20-50,0.7,0.6,4,0.0,8,0,0.0
2022,20-50,0.7,0.6,5,0.0,8,0,0.0
2022,20-50,0.8,0.4,all,0.0,44,0,0.0
2022,20-50,0.8,0.4,3,0.0,44,0,0.0
2022,20-50,0.8,0.4,4,0.0,44,0,0.0
2022,20-50,0.8,0.4,5,0.0,43,0,0.0
2022,20-50,0.8,0.5,all,0.0,17,0,0.0
2022,20-50,0.8,0.5,3,0.0,17,0,0.0
2022,20-50,0.8,0.5,4,0.0,17,0,0.0
2022,20-50,0.8,0.5,5,0.0,17,0,0.0
2022,20-50,0.8,0.6,all,0.0,8,0,0.0
2022,20-50,0.8,0.6,3,0.0,8,0,0.0
2022,20-50,0.8,0.6,4,0.0,8,0,0.0
2022,20-50,0.8,0.6,5,0.0,8,0,0.0
2022,20-50,0.9,0.4,all,0.0,44,0,0.0
2022,20-50,0.9,0.4,3,0.0,44,0,0.0
2022,20-50,0.9,0.4,4,0.0,44,0,0.0
2022,20-50,0.9,0.4,5,0.0,43,0,0.0
2022,20-50,0.9,0.5,all,0.0,17,0,0.0
2022,20-50,0.9,0.5,3,0.0,17,0,0.0
2022,20-50,0.9,0.5,4,0.0,17,0,0.0
2022,20-50,0.9,0.5,5,0.0,17,0,0.0
2022,20-50,0.9,0.6,all,0.0,8,0,0.0
2022,20-50,0.9,0.6,3,0.0,8,0,0.0
2022,20-50,0.9,0.6,4,0.0,8,0,0.0
2022,20-50,0.9,0.6,5,0.0,8,0,0.0
2022,20-50,1.0,0.4,all,0.0,44,0,0.0
2022,20-50,1.0,0.4,3,0.0,44,0,0.0
2022,20-50,1.0,0.4,4,0.0,44,0,0.0
2022,20-50,1.0,0.4,5,0.0,43,0,0.0
2022,20-50,1.0,0.5,all,0.0,17,0,0.0
2022,20-50,1.0,0.5,3,0.0,17,0,0.0
2022,20-50,1.0,0.5,4,0.0,17,0,0.0
2022,20-50,1.0,0.5,5,0.0,17,0,0.0
2022,20-50,1.0,0.6,all,0.0,8,0,0.0
2022,20-50,1.0,0.6,3,0.0,8,0,0.0
2022,20-50,1.0,0.6,4,0.0,8,0,0.0
2022,20-50,1.0,0.6,5,0.0,8,0,0.0
2022,20-50,1.2,0.4,all,0.0,44,0,0.0
2022,20-50,1.2,0.4,3,0.0,44,0,0.0
2022,20-50,1.2,0.4,4,0.0,44,0,0.0
2022,20-50,1.2,0.4,5,0.0,43,0,0.0
2022,20-50,1.2,0.5,all,0.0,17,0,0.0
2022,20-50,1.2,0.5,3,0.0,17,0,0.0
2022,20-50,1.2,0.5,4,0.0,17,0,0.0
2022,20-50,1.2,0.5,5,0.0,17,0,0.0
2022,20-50,1.2,0.6,all,0.0,8,0,0.0
2022,20-50,1.2,0.6,3,0.0,8,0,0.0
2022,20-50,1.2,0.6,4,0.0,8,0,0.0
2022,20-50,1.2,0.6,5,0.0,8,0,0.0
2022,5-20,0.5,0.4,all,100.55555555555556,216,27,12.5
2022,5-20,0.5,0.4,3,99.20212765957446,188,22,11.702127659574469
2022,5-20,0.5,0.4,4,101.53846153846153,130,13,10.0
2022,5-20,0.5,0.4,5,131.49253731343282,67,7,10.44776119402985
2022,5-20,0.5,0.5,all,107.58620689655174,87,11,12.643678160919542
2022,5-20,0.5,0.5,3,107.2972972972973,74,9,12.162162162162163
2022,5-20,0.5,0.5,4,93.6,50,4,8.0
2022,5-20,0.5,0.5,5,161.2,25,3,12.0
2022,5-20,0.5,0.6,all,139.37499999999997,32,5,15.625
2022,5-20,0.5,0.6,3,159.28571428571428,28,5,17.857142857142858
2022,5-20,0.5,0.6,4,178.33333333333334,18,3,16.666666666666664
2022,5-20,0.5,0.6,5,256.0,10,2,20.0
2022,5-20,0.5,0.7,all,145.7142857142857,14,2,14.285714285714285
2022,5-20,0.5,0.7,3,185.45454545454544,11,2,18.181818181818183
2022,5-20,0.5,0.7,4,256.6666666666667,6,1,16.666666666666664
2022,5-20,0.6,0.4,all,100.55555555555556,216,27,12.5
2022,5-20,0.6,0.4,3,99.20212765957446,188,22,11.702127659574469
2022,5-20,0.6,0.4,4,101.53846153846153,130,13,10.0
2022,5-20,0.6,0.4,5,131.49253731343282,67,7,10.44776119402985
2022,5-20,0.6,0.5,all,107.58620689655174,87,11,12.643678160919542
2022,5-20,0.6,0.5,3,107.2972972972973,74,9,12.162162162162163
2022,5-20,0.6,0.5,4,93.6,50,4,8.0
2022,5-20,0.6,0.5,5,161.2,25,3,12.0
2022,5-20,0.6,0.6,all,139.37499999999997,32,5,15.625
2022,5-20,0.6,0.6,3,159.28571428571428,28,5,17.857142857142858
2022,5-20,0.6,0.6,4,178.33333333333334,18,3,16.666666666666664
2022,5-20,0.6,0.6,5,256.0,10,2,20.0
2022,5-20,0.6,0.7,all,145.7142857142857,14,2,14.285714285714285
2022,5-20,0.6,0.7,3,185.45454545454544,11,2,18.181818181818183
2022,5-20,0.6,0.7,4,256.6666666666667,6,1,16.666666666666664
2022,5-20,0.7,0.4,all,100.55555555555556,216,27,12.5
2022,5-20,0.7,0.4,3,99.20212765957446,188,22,11.702127659574469
2022,5-20,0.7,0.4,4,101.53846153846153,130,13,10.0
2022,5-20,0.7,0.4,5,131.49253731343282,67,7,10.44776119402985
2022,5-20,0.7,0.5,all,107.58620689655174,87,11,12.643678160919542
2022,5-20,0.7,0.5,3,107.2972972972973,74,9,12.162162162162163
2022,5-20,0.7,0.5,4,93.6,50,4,8.0
2022,5-20,0.7,0.5,5,161.2,25,3,12.0
2022,5-20,0.7,0.6,all,139.37499999999997,32,5,15.625
2022,5-20,0.7,0.6,3,159.28571428571428,28,5,17.857142857142858
2022,5-20,0.7,0.6,4,178.33333333333334,18,3,16.666666666666664
2022,5-20,0.7,0.6,5,256.0,10,2,20.0
2022,5-20,0.7,0.7,all,145.7142857142857,14,2,14.285714285714285
2022,5-20,0.7,0.7,3,185.45454545454544,11,2,18.181818181818183
2022,5-20,0.7,0.7,4,256.6666666666667,6,1,16.666666666666664
2022,5-20,0.8,0.4,all,100.55555555555556,216,27,12.5
2022,5-20,0.8,0.4,3,99.20212765957446,188,22,11.702127659574469
2022,5-20,0.8,0.4,4,101.53846153846153,130,13,10.0
2022,5-20,0.8,0.4,5,131.49253731343282,67,7,10.44776119402985
2022,5-20,0.8,0.5,all,107.58620689655174,87,11,12.643678160919542
2022,5-20,0.8,0.5,3,107.2972972972973,74,9,12.162162162162163
2022,5-20,0.8,0.5,4,93.6,50,4,8.0
2022,5-20,0.8,0.5,5,161.2,25,3,12.0
2022,5-20,0.8,0.6,all,139.37499999999997,32,5,15.625
2022,5-20,0.8,0.6,3,159.28571428571428,28,5,17.857142857142858
2022,5-20,0.8,0.6,4,178.33333333333334,18,3,16.666666666666664
2022,5-20,0.8,0.6,5,256.0,10,2,20.0
2022,5-20,0.8,0.7,all,145.7142857142857,14,2,14.285714285714285
2022,5-20,0.8,0.7,3,185.45454545454544,11,2,18.181818181818183
2022,5-20,0.8,0.7,4,256.6666666666667,6,1,16.666666666666664
2022,5-20,0.9,0.4,all,100.55555555555556,216,27,12.5
2022,5-20,0.9,0.4,3,99.20212765957446,188,22,11.702127659574469
2022,5-20,0.9,0.4,4,101.53846153846153,130,13,10.0
2022,5-20,0.9,0.4,5,131.49253731343282,67,7,10.44776119402985
2022,5-20,0.9,0.5,all,107.58620689655174,87,11,12.643678160919542
2022,5-20,0.9,0.5,3,107.2972972972973,74,9,12.162162162162163
2022,5-20,0.9,0.5,4,93.6,50,4,8.0
2022,5-20,0.9,0.5,5,161.2,25,3,12.0
2022,5-20,0.9,0.6,all,139.37499999999997,32,5,15.625
2022,5-20,0.9,0.6,3,159.28571428571428,28,5,17.857142857142858
2022,5-20,0.9,0.6,4,178.33333333333334,18,3,16.666666666666664
2022,5-20,0.9,0.6,5,256.0,10,2,20.0
2022,5-20,0.9,0.7,all,145.7142857142857,14,2,14.285714285714285
2022,5-20,0.9,0.7,3,185.45454545454544,11,2,18.181818181818183
2022,5-20,0.9,0.7,4,256.6666666666667,6,1,16.666666666666664
2022,5-20,1.0,0.4,all,100.55555555555556,216,27,12.5
2022,5-20,1.0,0.4,3,99.20212765957446,188,22,11.702127659574469
2022,5-20,1.0,0.4,4,101.53846153846153,130,13,10.0
2022,5-20,1.0,0.4,5,131.49253731343282,67,7,10.44776119402985
2022,5-20,1.0,0.5,all,107.58620689655174,87,11,12.643678160919542
2022,5-20,1.0,0.5,3,107.2972972972973,74,9,12.162162162162163
2022,5-20,1.0,0.5,4,93.6,50,4,8.0
2022,5-20,1.0,0.5,5,161.2,25,3,12.0
2022,5-20,1.0,0.6,all,139.37499999999997,32,5,15.625
2022,5-20,1.0,0.6,3,159.28571428571428,28,5,17.857142857142858
2022,5-20,1.0,0.6,4,178.33333333333334,18,3,16.666666666666664
2022,5-20,1.0,0.6,5,256.0,10,2,20.0
2022,5-20,1.0,0.7,all,145.7142857142857,14,2,14.285714285714285
2022,5-20,1.0,0.7,3,185.45454545454544,11,2,18.181818181818183
2022,5-20,1.0,0.7,4,256.6666666666667,6,1,16.666666666666664
2022,5-20,1.2,0.4,all,100.55555555555556,216,27,12.5
2022,5-20,1.2,0.4,3,99.20212765957446,188,22,11.702127659574469
2022,5-20,1.2,0.4,4,101.53846153846153,130,13,10.0
2022,5-20,1.2,0.4,5,131.49253731343282,67,7,10.44776119402985
2022,5-20,1.2,0.5,all,107.58620689655174,87,11,12.643678160919542
2022,5-20,1.2,0.5,3,107.2972972972973,74,9,12.162162162162163
2022,5-20,1.2,0.5,4,93.6,50,4,8.0
2022,5-20,1.2,0.5,5,161.2,25,3,12.0
2022,5-20,1.2,0.6,all,139.37499999999997,32,5,15.625
2022,5-20,1.2,0.6,3,159.28571428571428,28,5,17.857142857142858
2022,5-20,1.2,0.6,4,178.33333333333334,18,3,16.666666666666664
2022,5-20,1.2,0.6,5,256.0,10,2,20.0
2022,5-20,1.2,0.7,all,145.7142857142857,14,2,14.285714285714285
2022,5-20,1.2,0.7,3,185.45454545454544,11,2,18.181818181818183
2022,5-20,1.2,0.7,4,256.6666666666667,6,1,16.666666666666664
2022,7-35,0.5,0.4,all,93.54838709677419,155,14,9.032258064516128
2022,7-35,0.5,0.4,3,88.88888888888889,153,13,8.49673202614379
2022,7-35,0.5,0.4,4,82.2463768115942,138,10,7.246376811594203
2022,7-35,0.5,0.4,5,89.89795918367346,98,7,7.142857142857142
2022,7-35,0.5,0.5,all,117.70491803278689,61,7,11.475409836065573
2022,7-35,0.5,0.5,3,104.66666666666666,60,6,10.0
2022,7-35,0.5,0.5,4,74.62962962962962,54,3,5.555555555555555
2022,7-35,0.5,0.5,5,106.05263157894736,38,3,7.894736842105263
2022,7-35,0.5,0.6,all,150.45454545454547,22,3,13.636363636363635
2022,7-35,0.5,0.6,3,150.45454545454547,22,3,13.636363636363635
2022,7-35,0.5,0.6,4,142.22222222222223,18,2,11.11111111111111
2022,7-35,0.5,0.6,5,170.66666666666669,15,2,13.333333333333334
2022,7-35,0.5,0.7,all,171.11111111111111,9,1,11.11111111111111
2022,7-35,0.5,0.7,3,171.11111111111111,9,1,11.11111111111111
2022,7-35,0.5,0.7,4,220.00000000000003,7,1,14.285714285714285
2022,7-35,0.5,0.7,5,256.6666666666667,6,1,16.666666666666664
2022,7-35,0.6,0.4,all,93.54838709677419,155,14,9.032258064516128
2022,7-35,0.6,0.4,3,88.88888888888889,153,13,8.49673202614379
2022,7-35,0.6,0.4,4,82.2463768115942,138,10,7.246376811594203
2022,7-35,0.6,0.4,5,89.89795918367346,98,7,7.142857142857142
2022,7-35,0.6,0.5,all,117.70491803278689,61,7,11.475409836065573
2022,7-35,0.6,0.5,3,104.66666666666666,60,6,10.0
2022,7-35,0.6,0.5,4,74.62962962962962,54,3,5.555555555555555
2022,7-35,0.6,0.5,5,106.05263157894736,38,3,7.894736842105263
2022,7-35,0.6,0.6,all,150.45454545454547,22,3,13.636363636363635
2022,7-35,0.6,0.6,3,150.45454545454547,22,3,13.636363636363635
2022,7-35,0.6,0.6,4,142.22222222222223,18,2,11.11111111111111
2022,7-35,0.6,0.6,5,170.66666666666669,15,2,13.333333333333334
2022,7-35,0.6,0.7,all,171.11111111111111,9,1,11.11111111111111
2022,7-35,0.6,0.7,3,171.11111111111111,9,1,11.11111111111111
2022,7-35,0.6,0.7,4,220.00000000000003,7,1,14.285714285714285
2022,7-35,0.6,0.7,5,256.6666666666667,6,1,16.666666666666664
2022,7-35,0.7,0.4,all,93.54838709677419,155,14,9.032258064516128
2022,7-35,0.7,0.4,3,88.88888888888889,153,13,8.49673202614379
2022,7-35,0.7,0.4,4,82.2463768115942,138,10,7.246376811594203
2022,7-35,0.7,0.4,5,89.89795918367346,98,7,7.142857142857142
2022,7-35,0.7,0.5,all,117.70491803278689,61,7,11.475409836065573
2022,7-35,0.7,0.5,3,104.66666666666666,60,6,10.0
2022,7-35,0.7,0.5,4,74.62962962962962,54,3,5.555555555555555
2022,7-35,0.7,0.5,5,106.05263157894736,38,3,7.894736842105263
2022,7-35,0.7,0.6,all,150.45454545454547,22,3,13.636363636363635
2022,7-35,0.7,0.6,3,150.45454545454547,22,3,13.636363636363635
2022,7-35,0.7,0.6,4,142.22222222222223,18,2,11.11111111111111
2022,7-35,0.7,0.6,5,170.66666666666669,15,2,13.333333333333334
2022,7-35,0.7,0.7,all,171.11111111111111,9,1,11.11111111111111
2022,7-35,0.7,0.7,3,171.11111111111111,9,1,11.11111111111111
2022,7-35,0.7,0.7,4,220.00000000000003,7,1,14.285714285714285
2022,7-35,0.7,0.7,5,256.6666666666667,6,1,16.666666666666664
2022,7-35,0.8,0.4,all,93.54838709677419,155,14,9.032258064516128
2022,7-35,0.8,0.4,3,88.88888888888889,153,13,8.49673202614379
2022,7-35,0.8,0.4,4,82.2463768115942,138,10,7.246376811594203
2022,7-35,0.8,0.4,5,89.89795918367346,98,7,7.142857142857142
2022,7-35,0.8,0.5,all,117.70491803278689,61,7,11.475409836065573
2022,7-35,0.8,0.5,3,104.66666666666666,60,6,10.0
2022,7-35,0.8,0.5,4,74.62962962962962,54,3,5.555555555555555
2022,7-35,0.8,0.5,5,106.05263157894736,38,3,7.894736842105263
2022,7-35,0.8,0.6,all,150.45454545454547,22,3,13.636363636363635
2022,7-35,0.8,0.6,3,150.45454545454547,22,3,13.636363636363635
2022,7-35,0.8,0.6,4,142.22222222222223,18,2,11.11111111111111
2022,7-35,0.8,0.6,5,170.66666666666669,15,2,13.333333333333334
2022,7-35,0.8,0.7,all,171.11111111111111,9,1,11.11111111111111
2022,7-35,0.8,0.7,3,171.11111111111111,9,1,11.11111111111111
2022,7-35,0.8,0.7,4,220.00000000000003,7,1,14.285714285714285
2022,7-35,0.8,0.7,5,256.6666666666667,6,1,16.666666666666664
2022,7-35,0.9,0.4,all,93.54838709677419,155,14,9.032258064516128
2022,7-35,0.9,0.4,3,88.88888888888889,153,13,8.49673202614379
2022,7-35,0.9,0.4,4,82.2463768115942,138,10,7.246376811594203
2022,7-35,0.9,0.4,5,89.89795918367346,98,7,7.142857142857142
2022,7-35,0.9,0.5,all,117.70491803278689,61,7,11.475409836065573
2022,7-35,0.9,0.5,3,104.66666666666666,60,6,10.0
2022,7-35,0.9,0.5,4,74.62962962962962,54,3,5.555555555555555
2022,7-35,0.9,0.5,5,106.05263157894736,38,3,7.894736842105263
2022,7-35,0.9,0.6,all,150.45454545454547,22,3,13.636363636363635
2022,7-35,0.9,0.6,3,150.45454545454547,22,3,13.636363636363635
2022,7-35,0.9,0.6,4,142.22222222222223,18,2,11.11111111111111
2022,7-35,0.9,0.6,5,170.66666666666669,15,2,13.333333333333334
2022,7-35,0.9,0.7,all,171.11111111111111,9,1,11.11111111111111
2022,7-35,0.9,0.7,3,171.11111111111111,9,1,11.11111111111111
2022,7-35,0.9,0.7,4,220.00000000000003,7,1,14.285714285714285
2022,7-35,0.9,0.7,5,256.6666666666667,6,1,16.666666666666664
2022,7-35,1.0,0.4,all,93.54838709677419,155,14,9.032258064516128
2022,7-35,1.0,0.4,3,88.88888888888889,153,13,8.49673202614379
2022,7-35,1.0,0.4,4,82.2463768115942,138,10,7.246376811594203
2022,7-35,1.0,0.4,5,89.89795918367346,98,7,7.142857142857142
2022,7-35,1.0,0.5,all,117.70491803278689,61,7,11.475409836065573
2022,7-35,1.0,0.5,3,104.66666666666666,60,6,10.0
2022,7-35,1.0,0.5,4,74.62962962962962,54,3,5.555555555555555
2022,7-35,1.0,0.5,5,106.05263157894736,38,3,7.894736842105263
2022,7-35,1.0,0.6,all,150.45454545454547,22,3,13.636363636363635
2022,7-35,1.0,0.6,3,150.45454545454547,22,3,13.636363636363635
2022,7-35,1.0,0.6,4,142.22222222222223,18,2,11.11111111111111
2022,7-35,1.0,0.6,5,170.66666666666669,15,2,13.333333333333334
2022,7-35,1.0,0.7,all,171.11111111111111,9,1,11.11111111111111
2022,7-35,1.0,0.7,3,171.11111111111111,9,1,11.11111111111111
2022,7-35,1.0,0.7,4,220.00000000000003,7,1,14.285714285714285
2022,7-35,1.0,0.7,5,256.6666666666667,6,1,16.666666666666664
2022,7-35,1.2,0.4,all,93.54838709677419,155,14,9.032258064516128
2022,7-35,1.2,0.4,3,88.88888888888889,153,13,8.49673202614379
2022,7-35,1.2,0.4,4,82.2463768115942,138,10,7.246376811594203
2022,7-35,1.2,0.4,5,89.89795918367346,98,7,7.142857142857142
2022,7-35,1.2,0.5,all,117.70491803278689,61,7,11.475409836065573
2022,7-35,1.2,0.5,3,104.66666666666666,60,6,10.0
2022,7-35,1.2,0.5,4,74.62962962962962,54,3,5.555555555555555
2022,7-35,1.2,0.5,5,106.05263157894736,38,3,7.894736842105263
2022,7-35,1.2,0.6,all,150.45454545454547,22,3,13.636363636363635
2022,7-35,1.2,0.6,3,150.45454545454547,22,3,13.636363636363635
2022,7-35,1.2,0.6,4,142.22222222222223,18,2,11.11111111111111
2022,7-35,1.2,0.6,5,170.66666666666669,15,2,13.333333333333334
2022,7-35,1.2,0.7,all,171.11111111111111,9,1,11.11111111111111
2022,7-35,1.2,0.7,3,171.11111111111111,9,1,11.11111111111111
2022,7-35,1.2,0.7,4,220.00000000000003,7,1,14.285714285714285
2022,7-35,1.2,0.7,5,256.6666666666667,6,1,16.666666666666664
2022,8-40,0.5,0.4,all,87.34848484848484,132,10,7.575757575757576
2022,8-40,0.5,0.4,3,81.76923076923077,130,9,6.923076923076923
2022,8-40,0.5,0.4,4,85.03999999999999,125,9,7.199999999999999
2022,8-40,0.5,0.4,5,88.1,100,7,7.000000000000001
2022,8-40,0.5,0.5,all,98.6,50,4,8.0
2022,8-40,0.5,0.5,3,82.24489795918367,49,3,6.122448979591836
2022,8-40,0.5,0.5,4,85.74468085106382,47,3,6.382978723404255
2022,8-40,0.5,0.5,5,106.05263157894736,38,3,7.894736842105263
2022,8-40,0.5,0.6,all,142.22222222222223,18,2,11.11111111111111
2022,8-40,0.5,0.6,3,142.22222222222223,18,2,11.11111111111111
2022,8-40,0.5,0.6,4,160.0,16,2,12.5
2022,8-40,0.5,0.6,5,160.0,16,2,12.5
2022,8-40,0.5,0.7,all,192.5,8,1,12.5
2022,8-40,0.5,0.7,3,192.5,8,1,12.5
2022,8-40,0.5,0.7,4,256.6666666666667,6,1,16.666666666666664
2022,8-40,0.5,0.7,5,256.6666666666667,6,1,16.666666666666664
2022,8-40,0.6,0.4,all,87.34848484848484,132,10,7.575757575757576
2022,8-40,0.6,0.4,3,81.76923076923077,130,9,6.923076923076923
2022,8-40,0.6,0.4,4,85.03999999999999,125,9,7.199999999999999
2022,8-40,0.6,0.4,5,88.1,100,7,7.000000000000001
2022,8-40,0.6,0.5,all,98.6,50,4,8.0
2022,8-40,0.6,0.5,3,82.24489795918367,49,3,6.122448979591836
2022,8-40,0.6,0.5,4,85.74468085106382,47,3,6.382978723404255
2022,8-40,0.6,0.5,5,106.05263157894736,38,3,7.894736842105263
2022,8-40,0.6,0.6,all,142.22222222222223,18,2,11.11111111111111
2022,8-40,0.6,0.6,3,142.22222222222223,18,2,11.11111111111111
2022,8-40,0.6,0.6,4,160.0,16,2,12.5
2022,8-40,0.6,0.6,5,160.0,16,2,12.5
2022,8-40,0.6,0.7,all,192.5,8,1,12.5
2022,8-40,0.6,0.7,3,192.5,8,1,12.5
2022,8-40,0.6,0.7,4,256.6666666666667,6,1,16.666666666666664
2022,8-40,0.6,0.7,5,256.6666666666667,6,1,16.666666666666664
2022,8-40,0.7,0.4,all,87.34848484848484,132,10,7.575757575757576
2022,8-40,0.7,0.4,3,81.76923076923077,130,9,6.923076923076923
2022,8-40,0.7,0.4,4,85.03999999999999,125,9,7.199999999999999
2022,8-40,0.7,0.4,5,88.1,100,7,7.000000000000001
2022,8-40,0.7,0.5,all,98.6,50,4,8.0
2022,8-40,0.7,0.5,3,82.24489795918367,49,3,6.122448979591836
2022,8-40,0.7,0.5,4,85.74468085106382,47,3,6.382978723404255
2022,8-40,0.7,0.5,5,106.05263157894736,38,3,7.894736842105263
2022,8-40,0.7,0.6,all,142.22222222222223,18,2,11.11111111111111
2022,8-40,0.7,0.6,3,142.22222222222223,18,2,11.11111111111111
2022,8-40,0.7,0.6,4,160.0,16,2,12.5
2022,8-40,0.7,0.6,5,160.0,16,2,12.5
2022,8-40,0.7,0.7,all,192.5,8,1,12.5
2022,8-40,0.7,0.7,3,192.5,8,1,12.5
2022,8-40,0.7,0.7,4,256.6666666666667,6,1,16.666666666666664
2022,8-40,0.7,0.7,5,256.6666666666667,6,1,16.666666666666664
2022,8-40,0.8,0.4,all,87.34848484848484,132,10,7.575757575757576
2022,8-40,0.8,0.4,3,81.76923076923077,130,9,6.923076923076923
2022,8-40,0.8,0.4,4,85.03999999999999,125,9,7.199999999999999
2022,8-40,0.8,0.4,5,88.1,100,7,7.000000000000001
2022,8-40,0.8,0.5,all,98.6,50,4,8.0
2022,8-40,0.8,0.5,3,82.24489795918367,49,3,6.122448979591836
2022,8-40,0.8,0.5,4,85.74468085106382,47,3,6.382978723404255
2022,8-40,0.8,0.5,5,106.05263157894736,38,3,7.894736842105263
2022,8-40,0.8,0.6,all,142.22222222222223,18,2,11.11111111111111
2022,8-40,0.8,0.6,3,142.22222222222223,18,2,11.11111111111111
2022,8-40,0.8,0.6,4,160.0,16,2,12.5
2022,8-40,0.8,0.6,5,160.0,16,2,12.5
2022,8-40,0.8,0.7,all,192.5,8,1,12.5
2022,8-40,0.8,0.7,3,192.5,8,1,12.5
2022,8-40,0.8,0.7,4,256.6666666666667,6,1,16.666666666666664
2022,8-40,0.8,0.7,5,256.6666666666667,6,1,16.666666666666664
2022,8-40,0.9,0.4,all,87.34848484848484,132,10,7.575757575757576
2022,8-40,0.9,0.4,3,81.76923076923077,130,9,6.923076923076923
2022,8-40,0.9,0.4,4,85.03999999999999,125,9,7.199999999999999
2022,8-40,0.9,0.4,5,88.1,100,7,7.000000000000001
2022,8-40,0.9,0.5,all,98.6,50,4,8.0
2022,8-40,0.9,0.5,3,82.24489795918367,49,3,6.122448979591836
2022,8-40,0.9,0.5,4,85.74468085106382,47,3,6.382978723404255
2022,8-40,0.9,0.5,5,106.05263157894736,38,3,7.894736842105263
2022,8-40,0.9,0.6,all,142.22222222222223,18,2,11.11111111111111
2022,8-40,0.9,0.6,3,142.22222222222223,18,2,11.11111111111111
2022,8-40,0.9,0.6,4,160.0,16,2,12.5
2022,8-40,0.9,0.6,5,160.0,16,2,12.5
2022,8-40,0.9,0.7,all,192.5,8,1,12.5
2022,8-40,0.9,0.7,3,192.5,8,1,12.5
2022,8-40,0.9,0.7,4,256.6666666666667,6,1,16.666666666666664
2022,8-40,0.9,0.7,5,256.6666666666667,6,1,16.666666666666664
2022,8-40,1.0,0.4,all,87.34848484848484,132,10,7.575757575757576
2022,8-40,1.0,0.4,3,81.76923076923077,130,9,6.923076923076923
2022,8-40,1.0,0.4,4,85.03999999999999,125,9,7.199999999999999
2022,8-40,1.0,0.4,5,88.1,100,7,7.000000000000001
2022,8-40,1.0,0.5,all,98.6,50,4,8.0
2022,8-40,1.0,0.5,3,82.24489795918367,49,3,6.122448979591836
2022,8-40,1.0,0.5,4,85.74468085106382,47,3,6.382978723404255
2022,8-40,1.0,0.5,5,106.05263157894736,38,3,7.894736842105263
2022,8-40,1.0,0.6,all,142.22222222222223,18,2,11.11111111111111
2022,8-40,1.0,0.6,3,142.22222222222223,18,2,11.11111111111111
2022,8-40,1.0,0.6,4,160.0,16,2,12.5
2022,8-40,1.0,0.6,5,160.0,16,2,12.5
2022,8-40,1.0,0.7,all,192.5,8,1,12.5
2022,8-40,1.0,0.7,3,192.5,8,1,12.5
2022,8-40,1.0,0.7,4,256.6666666666667,6,1,16.666666666666664
2022,8-40,1.0,0.7,5,256.6666666666667,6,1,16.666666666666664
2022,8-40,1.2,0.4,all,87.34848484848484,132,10,7.575757575757576
2022,8-40,1.2,0.4,3,81.76923076923077,130,9,6.923076923076923
2022,8-40,1.2,0.4,4,85.03999999999999,125,9,7.199999999999999
2022,8-40,1.2,0.4,5,88.1,100,7,7.000000000000001
2022,8-40,1.2,0.5,all,98.6,50,4,8.0
2022,8-40,1.2,0.5,3,82.24489795918367,49,3,6.122448979591836
2022,8-40,1.2,0.5,4,85.74468085106382,47,3,6.382978723404255
2022,8-40,1.2,0.5,5,106.05263157894736,38,3,7.894736842105263
2022,8-40,1.2,0.6,all,142.22222222222223,18,2,11.11111111111111
2022,8-40,1.2,0.6,3,142.22222222222223,18,2,11.11111111111111
2022,8-40,1.2,0.6,4,160.0,16,2,12.5
2022,8-40,1.2,0.6,5,160.0,16,2,12.5
2022,8-40,1.2,0.7,all,192.5,8,1,12.5
2022,8-40,1.2,0.7,3,192.5,8,1,12.5
2022,8-40,1.2,0.7,4,256.6666666666667,6,1,16.666666666666664
2022,8-40,1.2,0.7,5,256.6666666666667,6,1,16.666666666666664
2021,5-30,0.5,0.4,all,105.6896551724138,116,15,12.931034482758621
2021,5-30,0.5,0.4,3,104.392523364486,107,13,12.149532710280374
2021,5-30,0.5,0.4,4,133.38028169014086,71,10,14.084507042253522
2021,5-30,0.5,0.4,5,138.6046511627907,43,5,11.627906976744185
2021,5-30,0.5,0.5,all,68.0,25,3,12.0
2021,5-30,0.5,0.5,3,49.583333333333336,24,2,8.333333333333332
2021,5-30,0.5,0.5,4,38.23529411764706,17,1,5.88235294117647
2021,5-30,0.5,0.5,5,0.0,8,0,0.0
2021,5-30,0.6,0.4,all,105.6896551724138,116,15,12.931034482758621
2021,5-30,0.6,0.4,3,104.392523364486,107,13,12.149532710280374
2021,5-30,0.6,0.4,4,133.38028169014086,71,10,14.084507042253522
2021,5-30,0.6,0.4,5,138.6046511627907,43,5,11.627906976744185
2021,5-30,0.6,0.5,all,68.0,25,3,12.0
2021,5-30,0.6,0.5,3,49.583333333333336,24,2,8.333333333333332
2021,5-30,0.6,0.5,4,38.23529411764706,17,1,5.88235294117647
2021,5-30,0.6,0.5,5,0.0,8,0,0.0
2021,5-30,0.7,0.4,all,105.6896551724138,116,15,12.931034482758621
2021,5-30,0.7,0.4,3,104.392523364486,107,13,12.149532710280374
2021,5-30,0.7,0.4,4,133.38028169014086,71,10,14.084507042253522
2021,5-30,0.7,0.4,5,138.6046511627907,43,5,11.627906976744185
2021,5-30,0.7,0.5,all,68.0,25,3,12.0
2021,5-30,0.7,0.5,3,49.583333333333336,24,2,8.333333333333332
2021,5-30,0.7,0.5,4,38.23529411764706,17,1,5.88235294117647
2021,5-30,0.7,0.5,5,0.0,8,0,0.0
2021,5-30,0.8,0.4,all,105.6896551724138,116,15,12.931034482758621
2021,5-30,0.8,0.4,3,104.392523364486,107,13,12.149532710280374
2021,5-30,0.8,0.4,4,133.38028169014086,71,10,14.084507042253522
2021,5-30,0.8,0.4,5,138.6046511627907,43,5,11.627906976744185
2021,5-30,0.8,0.5,all,68.0,25,3,12.0
2021,5-30,0.8,0.5,3,49.583333333333336,24,2,8.333333333333332
2021,5-30,0.8,0.5,4,38.23529411764706,17,1,5.88235294117647
2021,5-30,0.8,0.5,5,0.0,8,0,0.0
2021,5-30,0.9,0.4,all,105.6896551724138,116,15,12.931034482758621
2021,5-30,0.9,0.4,3,104.392523364486,107,13,12.149532710280374
2021,5-30,0.9,0.4,4,133.38028169014086,71,10,14.084507042253522
2021,5-30,0.9,0.4,5,138.6046511627907,43,5,11.627906976744185
2021,5-30,0.9,0.5,all,68.0,25,3,12.0
2021,5-30,0.9,0.5,3,49.583333333333336,24,2,8.333333333333332
2021,5-30,0.9,0.5,4,38.23529411764706,17,1,5.88235294117647
2021,5-30,0.9,0.5,5,0.0,8,0,0.0
2021,5-30,1.0,0.4,all,105.6896551724138,116,15,12.931034482758621
2021,5-30,1.0,0.4,3,104.392523364486,107,13,12.149532710280374
2021,5-30,1.0,0.4,4,133.38028169014086,71,10,14.084507042253522
2021,5-30,1.0,0.4,5,138.6046511627907,43,5,11.627906976744185
2021,5-30,1.0,0.5,all,68.0,25,3,12.0
2021,5-30,1.0,0.5,3,49.583333333333336,24,2,8.333333333333332
2021,5-30,1.0,0.5,4,38.23529411764706,17,1,5.88235294117647
2021,5-30,1.0,0.5,5,0.0,8,0,0.0
2021,5-30,1.2,0.4,all,105.6896551724138,116,15,12.931034482758621
2021,5-30,1.2,0.4,3,104.392523364486,107,13,12.149532710280374
2021,5-30,1.2,0.4,4,133.38028169014086,71,10,14.084507042253522
2021,5-30,1.2,0.4,5,138.6046511627907,43,5,11.627906976744185
2021,5-30,1.2,0.5,all,68.0,25,3,12.0
2021,5-30,1.2,0.5,3,49.583333333333336,24,2,8.333333333333332
2021,5-30,1.2,0.5,4,38.23529411764706,17,1,5.88235294117647
2021,5-30,1.2,0.5,5,0.0,8,0,0.0
2021,5-50,0.5,0.4,all,135.60000000000002,125,16,12.8
2021,5-50,0.5,0.4,3,136.72413793103448,116,14,12.068965517241379
2021,5-50,0.5,0.4,4,177.0,80,11,13.750000000000002
2021,5-50,0.5,0.4,5,204.8076923076923,52,6,11.538461538461538
2021,5-50,0.5,0.5,all,213.0,30,4,13.333333333333334
2021,5-50,0.5,0.5,3,202.75862068965517,29,3,10.344827586206897
2021,5-50,0.5,0.5,4,242.72727272727272,22,2,9.090909090909092
2021,5-50,0.5,0.5,5,360.7692307692308,13,1,7.6923076923076925
2021,5-50,0.6,0.4,all,135.60000000000002,125,16,12.8
2021,5-50,0.6,0.4,3,136.72413793103448,116,14,12.068965517241379
2021,5-50,0.6,0.4,4,177.0,80,11,13.750000000000002
2021,5-50,0.6,0.4,5,204.8076923076923,52,6,11.538461538461538
2021,5-50,0.6,0.5,all,213.0,30,4,13.333333333333334
2021,5-50,0.6,0.5,3,202.75862068965517,29,3,10.344827586206897
2021,5-50,0.6,0.5,4,242.72727272727272,22,2,9.090909090909092
2021,5-50,0.6,0.5,5,360.7692307692308,13,1,7.6923076923076925
2021,5-50,0.7,0.4,all,135.60000000000002,125,16,12.8
2021,5-50,0.7,0.4,3,136.72413793103448,116,14,12.068965517241379
2021,5-50,0.7,0.4,4,177.0,80,11,13.750000000000002
2021,5-50,0.7,0.4,5,204.8076923076923,52,6,11.538461538461538
2021,5-50,0.7,0.5,all,213.0,30,4,13.333333333333334
2021,5-50,0.7,0.5,3,202.75862068965517,29,3,10.344827586206897
2021,5-50,0.7,0.5,4,242.72727272727272,22,2,9.090909090909092
2021,5-50,0.7,0.5,5,360.7692307692308,13,1,7.6923076923076925
2021,5-50,0.8,0.4,all,135.60000000000002,125,16,12.8
2021,5-50,0.8,0.4,3,136.72413793103448,116,14,12.068965517241379
2021,5-50,0.8,0.4,4,177.0,80,11,13.750000000000002
2021,5-50,0.8,0.4,5,204.8076923076923,52,6,11.538461538461538
2021,5-50,0.8,0.5,all,213.0,30,4,13.333333333333334
2021,5-50,0.8,0.5,3,202.75862068965517,29,3,10.344827586206897
2021,5-50,0.8,0.5,4,242.72727272727272,22,2,9.090909090909092
2021,5-50,0.8,0.5,5,360.7692307692308,13,1,7.6923076923076925
2021,5-50,0.9,0.4,all,135.60000000000002,125,16,12.8
2021,5-50,0.9,0.4,3,136.72413793103448,116,14,12.068965517241379
2021,5-50,0.9,0.4,4,177.0,80,11,13.750000000000002
2021,5-50,0.9,0.4,5,204.8076923076923,52,6,11.538461538461538
2021,5-50,0.9,0.5,all,213.0,30,4,13.333333333333334
2021,5-50,0.9,0.5,3,202.75862068965517,29,3,10.344827586206897
2021,5-50,0.9,0.5,4,242.72727272727272,22,2,9.090909090909092
2021,5-50,0.9,0.5,5,360.7692307692308,13,1,7.6923076923076925
2021,5-50,1.0,0.4,all,135.60000000000002,125,16,12.8
2021,5-50,1.0,0.4,3,136.72413793103448,116,14,12.068965517241379
2021,5-50,1.0,0.4,4,177.0,80,11,13.750000000000002
2021,5-50,1.0,0.4,5,204.8076923076923,52,6,11.538461538461538
2021,5-50,1.0,0.5,all,213.0,30,4,13.333333333333334
2021,5-50,1.0,0.5,3,202.75862068965517,29,3,10.344827586206897
2021,5-50,1.0,0.5,4,242.72727272727272,22,2,9.090909090909092
2021,5-50,1.0,0.5,5,360.7692307692308,13,1,7.6923076923076925
2021,5-50,1.2,0.4,all,135.60000000000002,125,16,12.8
2021,5-50,1.2,0.4,3,136.72413793103448,116,14,12.068965517241379
2021,5-50,1.2,0.4,4,177.0,80,11,13.750000000000002
2021,5-50,1.2,0.4,5,204.8076923076923,52,6,11.538461538461538
2021,5-50,1.2,0.5,all,213.0,30,4,13.333333333333334
2021,5-50,1.2,0.5,3,202.75862068965517,29,3,10.344827586206897
2021,5-50,1.2,0.5,4,242.72727272727272,22,2,9.090909090909092
2021,5-50,1.2,0.5,5,360.7692307692308,13,1,7.6923076923076925
2021,10-30,0.5,0.4,all,110.78947368421052,38,3,7.894736842105263
2021,10-30,0.5,0.4,3,110.78947368421052,38,3,7.894736842105263
2021,10-30,0.5,0.4,4,113.7837837837838,37,3,8.108108108108109
2021,10-30,0.5,0.4,5,140.33333333333334,30,3,10.0
2021,10-30,0.5,0.5,all,0.0,8,0,0.0
2021,10-30,0.5,0.5,3,0.0,8,0,0.0
2021,10-30,0.5,0.5,4,0.0,7,0,0.0
2021,10-30,0.5,0.5,5,0.0,5,0,0.0
2021,10-30,0.6,0.4,all,110.78947368421052,38,3,7.894736842105263
2021,10-30,0.6,0.4,3,110.78947368421052,38,3,7.894736842105263
2021,10-30,0.6,0.4,4,113.7837837837838,37,3,8.108108108108109
2021,10-30,0.6,0.4,5,140.33333333333334,30,3,10.0
2021,10-30,0.6,0.5,all,0.0,8,0,0.0
2021,10-30,0.6,0.5,3,0.0,8,0,0.0
2021,10-30,0.6,0.5,4,0.0,7,0,0.0
2021,10-30,0.6,0.5,5,0.0,5,0,0.0
2021,10-30,0.7,0.4,all,110.78947368421052,38,3,7.894736842105263
2021,10-30,0.7,0.4,3,110.78947368421052,38,3,7.894736842105263
2021,10-30,0.7,0.4,4,113.7837837837838,37,3,8.108108108108109
2021,10-30,0.7,0.4,5,140.33333333333334,30,3,10.0
2021,10-30,0.7,0.5,all,0.0,8,0,0.0
2021,10-30,0.7,0.5,3,0.0,8,0,0.0
2021,10-30,0.7,0.5,4,0.0,7,0,0.0
2021,10-30,0.7,0.5,5,0.0,5,0,0.0
2021,10-30,0.8,0.4,all,110.78947368421052,38,3,7.894736842105263
2021,10-30,0.8,0.4,3,110.78947368421052,38,3,7.894736842105263
2021,10-30,0.8,0.4,4,113.7837837837838,37,3,8.108108108108109
2021,10-30,0.8,0.4,5,140.33333333333334,30,3,10.0
2021,10-30,0.8,0.5,all,0.0,8,0,0.0
2021,10-30,0.8,0.5,3,0.0,8,0,0.0
2021,10-30,0.8,0.5,4,0.0,7,0,0.0
2021,10-30,0.8,0.5,5,0.0,5,0,0.0
2021,10-30,0.9,0.4,all,110.78947368421052,38,3,7.894736842105263
2021,10-30,0.9,0.4,3,110.78947368421052,38,3,7.894736842105263
2021,10-30,0.9,0.4,4,113.7837837837838,37,3,8.108108108108109
2021,10-30,0.9,0.4,5,140.33333333333334,30,3,10.0
2021,10-30,0.9,0.5,all,0.0,8,0,0.0
2021,10-30,0.9,0.5,3,0.0,8,0,0.0
2021,10-30,0.9,0.5,4,0.0,7,0,0.0
2021,10-30,0.9,0.5,5,0.0,5,0,0.0
2021,10-30,1.0,0.4,all,110.78947368421052,38,3,7.894736842105263
2021,10-30,1.0,0.4,3,110.78947368421052,38,3,7.894736842105263
2021,10-30,1.0,0.4,4,113.7837837837838,37,3,8.108108108108109
2021,10-30,1.0,0.4,5,140.33333333333334,30,3,10.0
2021,10-30,1.0,0.5,all,0.0,8,0,0.0
2021,10-30,1.0,0.5,3,0.0,8,0,0.0
2021,10-30,1.0,0.5,4,0.0,7,0,0.0
2021,10-30,1.0,0.5,5,0.0,5,0,0.0
2021,10-30,1.2,0.4,all,110.78947368421052,38,3,7.894736842105263
2021,10-30,1.2,0.4,3,110.78947368421052,38,3,7.894736842105263
2021,10-30,1.2,0.4,4,113.7837837837838,37,3,8.108108108108109
2021,10-30,1.2,0.4,5,140.33333333333334,30,3,10.0
2021,10-30,1.2,0.5,all,0.0,8,0,0.0
2021,10-30,1.2,0.5,3,0.0,8,0,0.0
2021,10-30,1.2,0.5,4,0.0,7,0,0.0
2021,10-30,1.2,0.5,5,0.0,5,0,0.0
2021,10-50,0.5,0.4,all,189.36170212765958,47,4,8.51063829787234
2021,10-50,0.5,0.4,3,189.36170212765958,47,4,8.51063829787234
2021,10-50,0.5,0.4,4,193.47826086956522,46,4,8.695652173913043
2021,10-50,0.5,0.4,5,228.2051282051282,39,4,10.256410256410255
2021,10-50,0.5,0.5,all,360.7692307692308,13,1,7.6923076923076925
2021,10-50,0.5,0.5,3,360.7692307692308,13,1,7.6923076923076925
2021,10-50,0.5,0.5,4,390.8333333333333,12,1,8.333333333333332
2021,10-50,0.5,0.5,5,468.99999999999994,10,1,10.0
2021,10-50,0.6,0.4,all,189.36170212765958,47,4,8.51063829787234
2021,10-50,0.6,0.4,3,189.36170212765958,47,4,8.51063829787234
2021,10-50,0.6,0.4,4,193.47826086956522,46,4,8.695652173913043
2021,10-50,0.6,0.4,5,228.2051282051282,39,4,10.256410256410255
2021,10-50,0.6,0.5,all,360.7692307692308,13,1,7.6923076923076925
2021,10-50,0.6,0.5,3,360.7692307692308,13,1,7.6923076923076925
2021,10-50,0.6,0.5,4,390.8333333333333,12,1,8.333333333333332
2021,10-50,0.6,0.5,5,468.99999999999994,10,1,10.0
2021,10-50,0.7,0.4,all,189.36170212765958,47,4,8.51063829787234
2021,10-50,0.7,0.4,3,189.36170212765958,47,4,8.51063829787234
2021,10-50,0.7,0.4,4,193.47826086956522,46,4,8.695652173913043
2021,10-50,0.7,0.4,5,228.2051282051282,39,4,10.256410256410255
2021,10-50,0.7,0.5,all,360.7692307692308,13,1,7.6923076923076925
2021,10-50,0.7,0.5,3,360.7692307692308,13,1,7.6923076923076925
2021,10-50,0.7,0.5,4,390.8333333333333,12,1,8.333333333333332
2021,10-50,0.7,0.5,5,468.99999999999994,10,1,10.0
2021,10-50,0.8,0.4,all,189.36170212765958,47,4,8.51063829787234
2021,10-50,0.8,0.4,3,189.36170212765958,47,4,8.51063829787234
2021,10-50,0.8,0.4,4,193.47826086956522,46,4,8.695652173913043
2021,10-50,0.8,0.4,5,228.2051282051282,39,4,10.256410256410255
2021,10-50,0.8,0.5,all,360.7692307692308,13,1,7.6923076923076925
2021,10-50,0.8,0.5,3,360.7692307692308,13,1,7.6923076923076925
2021,10-50,0.8,0.5,4,390.8333333333333,12,1,8.333333333333332
2021,10-50,0.8,0.5,5,468.99999999999994,10,1,10.0
2021,10-50,0.9,0.4,all,189.36170212765958,47,4,8.51063829787234
2021,10-50,0.9,0.4,3,189.36170212765958,47,4,8.51063829787234
2021,10-50,0.9,0.4,4,193.47826086956522,46,4,8.695652173913043
2021,10-50,0.9,0.4,5,228.2051282051282,39,4,10.256410256410255
2021,10-50,0.9,0.5,all,360.7692307692308,13,1,7.6923076923076925
2021,10-50,0.9,0.5,3,360.7692307692308,13,1,7.6923076923076925
2021,10-50,0.9,0.5,4,390.8333333333333,12,1,8.333333333333332
2021,10-50,0.9,0.5,5,468.99999999999994,10,1,10.0
2021,10-50,1.0,0.4,all,189.36170212765958,47,4,8.51063829787234
2021,10-50,1.0,0.4,3,189.36170212765958,47,4,8.51063829787234
2021,10-50,1.0,0.4,4,193.47826086956522,46,4,8.695652173913043
2021,10-50,1.0,0.4,5,228.2051282051282,39,4,10.256410256410255
2021,10-50,1.0,0.5,all,360.7692307692308,13,1,7.6923076923076925
2021,10-50,1.0,0.5,3,360.7692307692308,13,1,7.6923076923076925
2021,10-50,1.0,0.5,4,390.8333333333333,12,1,8.333333333333332
2021,10-50,1.0,0.5,5,468.99999999999994,10,1,10.0
2021,10-50,1.2,0.4,all,189.36170212765958,47,4,8.51063829787234
2021,10-50,1.2,0.4,3,189.36170212765958,47,4,8.51063829787234
2021,10-50,1.2,0.4,4,193.47826086956522,46,4,8.695652173913043
2021,10-50,1.2,0.4,5,228.2051282051282,39,4,10.256410256410255
2021,10-50,1.2,0.5,all,360.7692307692308,13,1,7.6923076923076925
2021,10-50,1.2,0.5,3,360.7692307692308,13,1,7.6923076923076925
2021,10-50,1.2,0.5,4,390.8333333333333,12,1,8.333333333333332
2021,10-50,1.2,0.5,5,468.99999999999994,10,1,10.0
2021,15-40,0.5,0.4,all,62.96296296296296,27,1,3.7037037037037033
2021,15-40,0.5,0.4,3,62.96296296296296,27,1,3.7037037037037033
2021,15-40,0.5,0.4,4,62.96296296296296,27,1,3.7037037037037033
2021,15-40,0.5,0.4,5,62.96296296296296,27,1,3.7037037037037033
2021,15-40,0.5,0.5,all,0.0,7,0,0.0
2021,15-40,0.5,0.5,3,0.0,7,0,0.0
2021,15-40,0.5,0.5,4,0.0,7,0,0.0
2021,15-40,0.5,0.5,5,0.0,7,0,0.0
2021,15-40,0.6,0.4,all,62.96296296296296,27,1,3.7037037037037033
2021,15-40,0.6,0.4,3,62.96296296296296,27,1,3.7037037037037033
2021,15-40,0.6,0.4,4,62.96296296296296,27,1,3.7037037037037033
2021,15-40,0.6,0.4,5,62.96296296296296,27,1,3.7037037037037033
2021,15-40,0.6,0.5,all,0.0,7,0,0.0
2021,15-40,0.6,0.5,3,0.0,7,0,0.0
2021,15-40,0.6,0.5,4,0.0,7,0,0.0
2021,15-40,0.6,0.5,5,0.0,7,0,0.0
2021,15-40,0.7,0.4,all,62.96296296296296,27,1,3.7037037037037033
2021,15-40,0.7,0.4,3,62.96296296296296,27,1,3.7037037037037033
2021,15-40,0.7,0.4,4,62.96296296296296,27,1,3.7037037037037033
2021,15-40,0.7,0.4,5,62.96296296296296,27,1,3.7037037037037033
2021,15-40,0.7,0.5,all,0.0,7,0,0.0
2021,15-40,0.7,0.5,3,0.0,7,0,0.0
2021,15-40,0.7,0.5,4,0.0,7,0,0.0
2021,15-40,0.7,0.5,5,0.0,7,0,0.0
2021,15-40,0.8,0.4,all,62.96296296296296,27,1,3.7037037037037033
2021,15-40,0.8,0.4,3,62.96296296296296,27,1,3.7037037037037033
2021,15-40,0.8,0.4,4,62.96296296296296,27,1,3.7037037037037033
2021,15-40,0.8,0.4,5,62.96296296296296,27,1,3.7037037037037033
2021,15-40,0.8,0.5,all,0.0,7,0,0.0
2021,15-40,0.8,0.5,3,0.0,7,0,0.0
2021,15-40,0.8,0.5,4,0.0,7,0,0.0
2021,15-40,0.8,0.5,5,0.0,7,0,0.0
2021,15-40,0.9,0.4,all,62.96296296296296,27,1,3.7037037037037033
2021,15-40,0.9,0.4,3,62.96296296296296,27,1,3.7037037037037033
2021,15-40,0.9,0.4,4,62.96296296296296,27,1,3.7037037037037033
2021,15-40,0.9,0.4,5,62.96296296296296,27,1,3.7037037037037033
2021,15-40,0.9,0.5,all,0.0,7,0,0.0
2021,15-40,0.9,0.5,3,0.0,7,0,0.0
2021,15-40,0.9,0.5,4,0.0,7,0,0.0
2021,15-40,0.9,0.5,5,0.0,7,0,0.0
2021,15-40,1.0,0.4,all,62.96296296296296,27,1,3.7037037037037033
2021,15-40,1.0,0.4,3,62.96296296296296,27,1,3.7037037037037033
2021,15-40,1.0,0.4,4,62.96296296296296,27,1,3.7037037037037033
2021,15-40,1.0,0.4,5,62.96296296296296,27,1,3.7037037037037033
2021,15-40,1.0,0.5,all,0.0,7,0,0.0
2021,15-40,1.0,0.5,3,0.0,7,0,0.0
2021,15-40,1.0,0.5,4,0.0,7,0,0.0
2021,15-40,1.0,0.5,5,0.0,7,0,0.0
2021,15-40,1.2,0.4,all,62.96296296296296,27,1,3.7037037037037033
2021,15-40,1.2,0.4,3,62.96296296296296,27,1,3.7037037037037033
2021,15-40,1.2,0.4,4,62.96296296296296,27,1,3.7037037037037033
2021,15-40,1.2,0.4,5,62.96296296296296,27,1,3.7037037037037033
2021,15-40,1.2,0.5,all,0.0,7,0,0.0
2021,15-40,1.2,0.5,3,0.0,7,0,0.0
2021,15-40,1.2,0.5,4,0.0,7,0,0.0
2021,15-40,1.2,0.5,5,0.0,7,0,0.0
2021,20-50,0.5,0.4,all,260.55555555555554,18,1,5.555555555555555
2021,20-50,0.5,0.4,3,260.55555555555554,18,1,5.555555555555555
2021,20-50,0.5,0.4,4,260.55555555555554,18,1,5.555555555555555
2021,20-50,0.5,0.4,5,260.55555555555554,18,1,5.555555555555555
2021,20-50,0.5,0.5,all,781.6666666666666,6,1,16.666666666666664
2021,20-50,0.5,0.5,3,781.6666666666666,6,1,16.666666666666664
2021,20-50,0.5,0.5,4,781.6666666666666,6,1,16.666666666666664
2021,20-50,0.5,0.5,5,781.6666666666666,6,1,16.666666666666664
2021,20-50,0.6,0.4,all,260.55555555555554,18,1,5.555555555555555
2021,20-50,0.6,0.4,3,260.55555555555554,18,1,5.555555555555555
2021,20-50,0.6,0.4,4,260.55555555555554,18,1,5.555555555555555
2021,20-50,0.6,0.4,5,260.55555555555554,18,1,5.555555555555555
2021,20-50,0.6,0.5,all,781.6666666666666,6,1,16.666666666666664
2021,20-50,0.6,0.5,3,781.6666666666666,6,1,16.666666666666664
2021,20-50,0.6,0.5,4,781.6666666666666,6,1,16.666666666666664
2021,20-50,0.6,0.5,5,781.6666666666666,6,1,16.666666666666664
2021,20-50,0.7,0.4,all,260.55555555555554,18,1,5.555555555555555
2021,20-50,0.7,0.4,3,260.55555555555554,18,1,5.555555555555555
2021,20-50,0.7,0.4,4,260.55555555555554,18,1,5.555555555555555
2021,20-50,0.7,0.4,5,260.55555555555554,18,1,5.555555555555555
2021,20-50,0.7,0.5,all,781.6666666666666,6,1,16.666666666666664
2021,20-50,0.7,0.5,3,781.6666666666666,6,1,16.666666666666664
2021,20-50,0.7,0.5,4,781.6666666666666,6,1,16.666666666666664
2021,20-50,0.7,0.5,5,781.6666666666666,6,1,16.666666666666664
2021,20-50,0.8,0.4,all,260.55555555555554,18,1,5.555555555555555
2021,20-50,0.8,0.4,3,260.55555555555554,18,1,5.555555555555555
2021,20-50,0.8,0.4,4,260.55555555555554,18,1,5.555555555555555
2021,20-50,0.8,0.4,5,260.55555555555554,18,1,5.555555555555555
2021,20-50,0.8,0.5,all,781.6666666666666,6,1,16.666666666666664
2021,20-50,0.8,0.5,3,781.6666666666666,6,1,16.666666666666664
2021,20-50,0.8,0.5,4,781.6666666666666,6,1,16.666666666666664
2021,20-50,0.8,0.5,5,781.6666666666666,6,1,16.666666666666664
2021,20-50,0.9,0.4,all,260.55555555555554,18,1,5.555555555555555
2021,20-50,0.9,0.4,3,260.55555555555554,18,1,5.555555555555555
2021,20-50,0.9,0.4,4,260.55555555555554,18,1,5.555555555555555
2021,20-50,0.9,0.4,5,260.55555555555554,18,1,5.555555555555555
2021,20-50,0.9,0.5,all,781.6666666666666,6,1,16.666666666666664
2021,20-50,0.9,0.5,3,781.6666666666666,6,1,16.666666666666664
2021,20-50,0.9,0.5,4,781.6666666666666,6,1,16.666666666666664
2021,20-50,0.9,0.5,5,781.6666666666666,6,1,16.666666666666664
2021,20-50,1.0,0.4,all,260.55555555555554,18,1,5.555555555555555
2021,20-50,1.0,0.4,3,260.55555555555554,18,1,5.555555555555555
2021,20-50,1.0,0.4,4,260.55555555555554,18,1,5.555555555555555
2021,20-50,1.0,0.4,5,260.55555555555554,18,1,5.555555555555555
2021,20-50,1.0,0.5,all,781.6666666666666,6,1,16.666666666666664
2021,20-50,1.0,0.5,3,781.6666666666666,6,1,16.666666666666664
2021,20-50,1.0,0.5,4,781.6666666666666,6,1,16.666666666666664
2021,20-50,1.0,0.5,5,781.6666666666666,6,1,16.666666666666664
2021,20-50,1.2,0.4,all,260.55555555555554,18,1,5.555555555555555
2021,20-50,1.2,0.4,3,260.55555555555554,18,1,5.555555555555555
2021,20-50,1.2,0.4,4,260.55555555555554,18,1,5.555555555555555
2021,20-50,1.2,0.4,5,260.55555555555554,18,1,5.555555555555555
2021,20-50,1.2,0.5,all,781.6666666666666,6,1,16.666666666666664
2021,20-50,1.2,0.5,3,781.6666666666666,6,1,16.666666666666664
2021,20-50,1.2,0.5,4,781.6666666666666,6,1,16.666666666666664
2021,20-50,1.2,0.5,5,781.6666666666666,6,1,16.666666666666664
2021,5-20,0.5,0.4,all,114.57943925233644,107,15,14.018691588785046
2021,5-20,0.5,0.4,3,113.97959183673471,98,13,13.26530612244898
2021,5-20,0.5,0.4,4,152.741935483871,62,10,16.129032258064516
2021,5-20,0.5,0.4,5,175.2941176470588,34,5,14.705882352941178
2021,5-20,0.5,0.5,all,70.83333333333334,24,3,12.5
2021,5-20,0.5,0.5,3,51.73913043478261,23,2,8.695652173913043
2021,5-20,0.5,0.5,4,40.625,16,1,6.25
2021,5-20,0.5,0.5,5,0.0,7,0,0.0
2021,5-20,0.6,0.4,all,114.57943925233644,107,15,14.018691588785046
2021,5-20,0.6,0.4,3,113.97959183673471,98,13,13.26530612244898
2021,5-20,0.6,0.4,4,152.741935483871,62,10,16.129032258064516
2021,5-20,0.6,0.4,5,175.2941176470588,34,5,14.705882352941178
2021,5-20,0.6,0.5,all,70.83333333333334,24,3,12.5
2021,5-20,0.6,0.5,3,51.73913043478261,23,2,8.695652173913043
2021,5-20,0.6,0.5,4,40.625,16,1,6.25
2021,5-20,0.6,0.5,5,0.0,7,0,0.0
2021,5-20,0.7,0.4,all,114.57943925233644,107,15,14.018691588785046
2021,5-20,0.7,0.4,3,113.97959183673471,98,13,13.26530612244898
2021,5-20,0.7,0.4,4,152.741935483871,62,10,16.129032258064516
2021,5-20,0.7,0.4,5,175.2941176470588,34,5,14.705882352941178
2021,5-20,0.7,0.5,all,70.83333333333334,24,3,12.5
2021,5-20,0.7,0.5,3,51.73913043478261,23,2,8.695652173913043
2021,5-20,0.7,0.5,4,40.625,16,1,6.25
2021,5-20,0.7,0.5,5,0.0,7,0,0.0
2021,5-20,0.8,0.4,all,114.57943925233644,107,15,14.018691588785046
2021,5-20,0.8,0.4,3,113.97959183673471,98,13,13.26530612244898
2021,5-20,0.8,0.4,4,152.741935483871,62,10,16.129032258064516
2021,5-20,0.8,0.4,5,175.2941176470588,34,5,14.705882352941178
2021,5-20,0.8,0.5,all,70.83333333333334,24,3,12.5
2021,5-20,0.8,0.5,3,51.73913043478261,23,2,8.695652173913043
2021,5-20,0.8,0.5,4,40.625,16,1,6.25
2021,5-20,0.8,0.5,5,0.0,7,0,0.0
2021,5-20,0.9,0.4,all,114.57943925233644,107,15,14.018691588785046
2021,5-20,0.9,0.4,3,113.97959183673471,98,13,13.26530612244898
2021,5-20,0.9,0.4,4,152.741935483871,62,10,16.129032258064516
2021,5-20,0.9,0.4,5,175.2941176470588,34,5,14.705882352941178
2021,5-20,0.9,0.5,all,70.83333333333334,24,3,12.5
2021,5-20,0.9,0.5,3,51.73913043478261,23,2,8.695652173913043
2021,5-20,0.9,0.5,4,40.625,16,1,6.25
2021,5-20,0.9,0.5,5,0.0,7,0,0.0
2021,5-20,1.0,0.4,all,114.57943925233644,107,15,14.018691588785046
2021,5-20,1.0,0.4,3,113.97959183673471,98,13,13.26530612244898
2021,5-20,1.0,0.4,4,152.741935483871,62,10,16.129032258064516
2021,5-20,1.0,0.4,5,175.2941176470588,34,5,14.705882352941178
2021,5-20,1.0,0.5,all,70.83333333333334,24,3,12.5
2021,5-20,1.0,0.5,3,51.73913043478261,23,2,8.695652173913043
2021,5-20,1.0,0.5,4,40.625,16,1,6.25
2021,5-20,1.0,0.5,5,0.0,7,0,0.0
2021,5-20,1.2,0.4,all,114.57943925233644,107,15,14.018691588785046
2021,5-20,1.2,0.4,3,113.97959183673471,98,13,13.26530612244898
2021,5-20,1.2,0.4,4,152.741935483871,62,10,16.129032258064516
2021,5-20,1.2,0.4,5,175.2941176470588,34,5,14.705882352941178
2021,5-20,1.2,0.5,all,70.83333333333334,24,3,12.5
2021,5-20,1.2,0.5,3,51.73913043478261,23,2,8.695652173913043
2021,5-20,1.2,0.5,4,40.625,16,1,6.25
2021,5-20,1.2,0.5,5,0.0,7,0,0.0
2021,7-35,0.5,0.4,all,113.42465753424659,73,8,10.95890410958904
2021,7-35,0.5,0.4,3,113.42465753424659,73,8,10.95890410958904
2021,7-35,0.5,0.4,4,131.42857142857144,63,8,12.698412698412698
2021,7-35,0.5,0.4,5,132.44444444444446,45,5,11.11111111111111
2021,7-35,0.5,0.5,all,0.0,20,0,0.0
2021,7-35,0.5,0.5,3,0.0,20,0,0.0
2021,7-35,0.5,0.5,4,0.0,15,0,0.0
2021,7-35,0.5,0.5,5,0.0,9,0,0.0
2021,7-35,0.6,0.4,all,113.42465753424659,73,8,10.95890410958904
2021,7-35,0.6,0.4,3,113.42465753424659,73,8,10.95890410958904
2021,7-35,0.6,0.4,4,131.42857142857144,63,8,12.698412698412698
2021,7-35,0.6,0.4,5,132.44444444444446,45,5,11.11111111111111
2021,7-35,0.6,0.5,all,0.0,20,0,0.0
2021,7-35,0.6,0.5,3,0.0,20,0,0.0
2021,7-35,0.6,0.5,4,0.0,15,0,0.0
2021,7-35,0.6,0.5,5,0.0,9,0,0.0
2021,7-35,0.7,0.4,all,113.42465753424659,73,8,10.95890410958904
2021,7-35,0.7,0.4,3,113.42465753424659,73,8,10.95890410958904
2021,7-35,0.7,0.4,4,131.42857142857144,63,8,12.698412698412698
2021,7-35,0.7,0.4,5,132.44444444444446,45,5,11.11111111111111
2021,7-35,0.7,0.5,all,0.0,20,0,0.0
2021,7-35,0.7,0.5,3,0.0,20,0,0.0
2021,7-35,0.7,0.5,4,0.0,15,0,0.0
2021,7-35,0.7,0.5,5,0.0,9,0,0.0
2021,7-35,0.8,0.4,all,113.42465753424659,73,8,10.95890410958904
2021,7-35,0.8,0.4,3,113.42465753424659,73,8,10.95890410958904
2021,7-35,0.8,0.4,4,131.42857142857144,63,8,12.698412698412698
2021,7-35,0.8,0.4,5,132.44444444444446,45,5,11.11111111111111
2021,7-35,0.8,0.5,all,0.0,20,0,0.0
2021,7-35,0.8,0.5,3,0.0,20,0,0.0
2021,7-35,0.8,0.5,4,0.0,15,0,0.0
2021,7-35,0.8,0.5,5,0.0,9,0,0.0
2021,7-35,0.9,0.4,all,113.42465753424659,73,8,10.95890410958904
2021,7-35,0.9,0.4,3,113.42465753424659,73,8,10.95890410958904
2021,7-35,0.9,0.4,4,131.42857142857144,63,8,12.698412698412698
2021,7-35,0.9,0.4,5,132.44444444444446,45,5,11.11111111111111
2021,7-35,0.9,0.5,all,0.0,20,0,0.0
2021,7-35,0.9,0.5,3,0.0,20,0,0.0
2021,7-35,0.9,0.5,4,0.0,15,0,0.0
2021,7-35,0.9,0.5,5,0.0,9,0,0.0
2021,7-35,1.0,0.4,all,113.42465753424659,73,8,10.95890410958904
2021,7-35,1.0,0.4,3,113.42465753424659,73,8,10.95890410958904
2021,7-35,1.0,0.4,4,131.42857142857144,63,8,12.698412698412698
2021,7-35,1.0,0.4,5,132.44444444444446,45,5,11.11111111111111
2021,7-35,1.0,0.5,all,0.0,20,0,0.0
2021,7-35,1.0,0.5,3,0.0,20,0,0.0
2021,7-35,1.0,0.5,4,0.0,15,0,0.0
2021,7-35,1.0,0.5,5,0.0,9,0,0.0
2021,7-35,1.2,0.4,all,113.42465753424659,73,8,10.95890410958904
2021,7-35,1.2,0.4,3,113.42465753424659,73,8,10.95890410958904
2021,7-35,1.2,0.4,4,131.42857142857144,63,8,12.698412698412698
2021,7-35,1.2,0.4,5,132.44444444444446,45,5,11.11111111111111
2021,7-35,1.2,0.5,all,0.0,20,0,0.0
2021,7-35,1.2,0.5,3,0.0,20,0,0.0
2021,7-35,1.2,0.5,4,0.0,15,0,0.0
2021,7-35,1.2,0.5,5,0.0,9,0,0.0
2021,8-40,0.5,0.4,all,103.22033898305085,59,5,8.47457627118644
2021,8-40,0.5,0.4,3,103.22033898305085,59,5,8.47457627118644
2021,8-40,0.5,0.4,4,112.77777777777777,54,5,9.25925925925926
2021,8-40,0.5,0.4,5,118.18181818181819,44,4,9.090909090909092
2021,8-40,0.5,0.5,all,0.0,17,0,0.0
2021,8-40,0.5,0.5,3,0.0,17,0,0.0
2021,8-40,0.5,0.5,4,0.0,13,0,0.0
2021,8-40,0.5,0.5,5,0.0,9,0,0.0
2021,8-40,0.6,0.4,all,103.22033898305085,59,5,8.47457627118644
2021,8-40,0.6,0.4,3,103.22033898305085,59,5,8.47457627118644
2021,8-40,0.6,0.4,4,112.77777777777777,54,5,9.25925925925926
2021,8-40,0.6,0.4,5,118.18181818181819,44,4,9.090909090909092
2021,8-40,0.6,0.5,all,0.0,17,0,0.0
2021,8-40,0.6,0.5,3,0.0,17,0,0.0
2021,8-40,0.6,0.5,4,0.0,13,0,0.0
2021,8-40,0.6,0.5,5,0.0,9,0,0.0
2021,8-40,0.7,0.4,all,103.22033898305085,59,5,8.47457627118644
2021,8-40,0.7,0.4,3,103.22033898305085,59,5,8.47457627118644
2021,8-40,0.7,0.4,4,112.77777777777777,54,5,9.25925925925926
2021,8-40,0.7,0.4,5,118.18181818181819,44,4,9.090909090909092
2021,8-40,0.7,0.5,all,0.0,17,0,0.0
2021,8-40,0.7,0.5,3,0.0,17,0,0.0
2021,8-40,0.7,0.5,4,0.0,13,0,0.0
2021,8-40,0.7,0.5,5,0.0,9,0,0.0
2021,8-40,0.8,0.4,all,103.22033898305085,59,5,8.47457627118644
2021,8-40,0.8,0.4,3,103.22033898305085,59,5,8.47457627118644
2021,8-40,0.8,0.4,4,112.77777777777777,54,5,9.25925925925926
2021,8-40,0.8,0.4,5,118.18181818181819,44,4,9.090909090909092
2021,8-40,0.8,0.5,all,0.0,17,0,0.0
2021,8-40,0.8,0.5,3,0.0,17,0,0.0
2021,8-40,0.8,0.5,4,0.0,13,0,0.0
2021,8-40,0.8,0.5,5,0.0,9,0,0.0
2021,8-40,0.9,0.4,all,103.22033898305085,59,5,8.47457627118644
2021,8-40,0.9,0.4,3,103.22033898305085,59,5,8.47457627118644
2021,8-40,0.9,0.4,4,112.77777777777777,54,5,9.25925925925926
2021,8-40,0.9,0.4,5,118.18181818181819,44,4,9.090909090909092
2021,8-40,0.9,0.5,all,0.0,17,0,0.0
2021,8-40,0.9,0.5,3,0.0,17,0,0.0
2021,8-40,0.9,0.5,4,0.0,13,0,0.0
2021,8-40,0.9,0.5,5,0.0,9,0,0.0
2021,8-40,1.0,0.4,all,103.22033898305085,59,5,8.47457627118644
2021,8-40,1.0,0.4,3,103.22033898305085,59,5,8.47457627118644
2021,8-40,1.0,0.4,4,112.77777777777777,54,5,9.25925925925926
2021,8-40,1.0,0.4,5,118.18181818181819,44,4,9.090909090909092
2021,8-40,1.0,0.5,all,0.0,17,0,0.0
2021,8-40,1.0,0.5,3,0.0,17,0,0.0
2021,8-40,1.0,0.5,4,0.0,13,0,0.0
2021,8-40,1.0,0.5,5,0.0,9,0,0.0
2021,8-40,1.2,0.4,all,103.22033898305085,59,5,8.47457627118644
2021,8-40,1.2,0.4,3,103.22033898305085,59,5,8.47457627118644
2021,8-40,1.2,0.4,4,112.77777777777777,54,5,9.25925925925926
2021,8-40,1.2,0.4,5,118.18181818181819,44,4,9.090909090909092
2021,8-40,1.2,0.5,all,0.0,17,0,0.0
2021,8-40,1.2,0.5,3,0.0,17,0,0.0
2021,8-40,1.2,0.5,4,0.0,13,0,0.0
2021,8-40,1.2,0.5,5,0.0,9,0,0.0
2020,5-30,0.5,0.4,all,93.53293413173652,167,16,9.580838323353294
2020,5-30,0.5,0.4,3,91.93548387096774,155,14,9.032258064516128
2020,5-30,0.5,0.4,4,105.21008403361343,119,11,9.243697478991598
2020,5-30,0.5,0.4,5,133.29411764705884,85,9,10.588235294117647
2020,5-30,0.5,0.5,all,124.78260869565216,69,10,14.492753623188406
2020,5-30,0.5,0.5,3,131.47540983606555,61,9,14.754098360655737
2020,5-30,0.5,0.5,4,148.26086956521735,46,7,15.217391304347828
2020,5-30,0.5,0.5,5,175.9375,32,5,15.625
2020,5-30,0.5,0.6,all,58.4,25,2,8.0
2020,5-30,0.5,0.6,3,63.47826086956522,23,2,8.695652173913043
2020,5-30,0.5,0.6,4,81.11111111111111,18,2,11.11111111111111
2020,5-30,0.5,0.6,5,86.99999999999999,10,1,10.0
2020,5-30,0.5,0.7,all,0.0,8,0,0.0
2020,5-30,0.5,0.7,3,0.0,8,0,0.0
2020,5-30,0.5,0.7,4,0.0,7,0,0.0
2020,5-30,0.6,0.4,all,93.53293413173652,167,16,9.580838323353294
2020,5-30,0.6,0.4,3,91.93548387096774,155,14,9.032258064516128
2020,5-30,0.6,0.4,4,105.21008403361343,119,11,9.243697478991598
2020,5-30,0.6,0.4,5,133.29411764705884,85,9,10.588235294117647
2020,5-30,0.6,0.5,all,124.78260869565216,69,10,14.492753623188406
2020,5-30,0.6,0.5,3,131.47540983606555,61,9,14.754098360655737
2020,5-30,0.6,0.5,4,148.26086956521735,46,7,15.217391304347828
2020,5-30,0.6,0.5,5,175.9375,32,5,15.625
2020,5-30,0.6,0.6,all,58.4,25,2,8.0
2020,5-30,0.6,0.6,3,63.47826086956522,23,2,8.695652173913043
2020,5-30,0.6,0.6,4,81.11111111111111,18,2,11.11111111111111
2020,5-30,0.6,0.6,5,86.99999999999999,10,1,10.0
2020,5-30,0.6,0.7,all,0.0,8,0,0.0
2020,5-30,0.6,0.7,3,0.0,8,0,0.0
2020,5-30,0.6,0.7,4,0.0,7,0,0.0
2020,5-30,0.7,0.4,all,93.53293413173652,167,16,9.580838323353294
2020,5-30,0.7,0.4,3,91.93548387096774,155,14,9.032258064516128
2020,5-30,0.7,0.4,4,105.21008403361343,119,11,9.243697478991598
2020,5-30,0.7,0.4,5,133.29411764705884,85,9,10.588235294117647
2020,5-30,0.7,0.5,all,124.78260869565216,69,10,14.492753623188406
2020,5-30,0.7,0.5,3,131.47540983606555,61,9,14.754098360655737
2020,5-30,0.7,0.5,4,148.26086956521735,46,7,15.217391304347828
2020,5-30,0.7,0.5,5,175.9375,32,5,15.625
2020,5-30,0.7,0.6,all,58.4,25,2,8.0
2020,5-30,0.7,0.6,3,63.47826086956522,23,2,8.695652173913043
2020,5-30,0.7,0.6,4,81.11111111111111,18,2,11.11111111111111
2020,5-30,0.7,0.6,5,86.99999999999999,10,1,10.0
2020,5-30,0.7,0.7,all,0.0,8,0,0.0
2020,5-30,0.7,0.7,3,0.0,8,0,0.0
2020,5-30,0.7,0.7,4,0.0,7,0,0.0
2020,5-30,0.8,0.4,all,93.53293413173652,167,16,9.580838323353294
2020,5-30,0.8,0.4,3,91.93548387096774,155,14,9.032258064516128
2020,5-30,0.8,0.4,4,105.21008403361343,119,11,9.243697478991598
2020,5-30,0.8,0.4,5,133.29411764705884,85,9,10.588235294117647
2020,5-30,0.8,0.5,all,124.78260869565216,69,10,14.492753623188406
2020,5-30,0.8,0.5,3,131.47540983606555,61,9,14.754098360655737
2020,5-30,0.8,0.5,4,148.26086956521735,46,7,15.217391304347828
2020,5-30,0.8,0.5,5,175.9375,32,5,15.625
2020,5-30,0.8,0.6,all,58.4,25,2,8.0
2020,5-30,0.8,0.6,3,63.47826086956522,23,2,8.695652173913043
2020,5-30,0.8,0.6,4,81.11111111111111,18,2,11.11111111111111
2020,5-30,0.8,0.6,5,86.99999999999999,10,1,10.0
2020,5-30,0.8,0.7,all,0.0,8,0,0.0
2020,5-30,0.8,0.7,3,0.0,8,0,0.0
2020,5-30,0.8,0.7,4,0.0,7,0,0.0
2020,5-30,0.9,0.4,all,93.53293413173652,167,16,9.580838323353294
2020,5-30,0.9,0.4,3,91.93548387096774,155,14,9.032258064516128
2020,5-30,0.9,0.4,4,105.21008403361343,119,11,9.243697478991598
2020,5-30,0.9,0.4,5,133.29411764705884,85,9,10.588235294117647
2020,5-30,0.9,0.5,all,124.78260869565216,69,10,14.492753623188406
2020,5-30,0.9,0.5,3,131.47540983606555,61,9,14.754098360655737
2020,5-30,0.9,0.5,4,148.26086956521735,46,7,15.217391304347828
2020,5-30,0.9,0.5,5,175.9375,32,5,15.625
2020,5-30,0.9,0.6,all,58.4,25,2,8.0
2020,5-30,0.9,0.6,3,63.47826086956522,23,2,8.695652173913043
2020,5-30,0.9,0.6,4,81.11111111111111,18,2,11.11111111111111
2020,5-30,0.9,0.6,5,86.99999999999999,10,1,10.0
2020,5-30,0.9,0.7,all,0.0,8,0,0.0
2020,5-30,0.9,0.7,3,0.0,8,0,0.0
2020,5-30,0.9,0.7,4,0.0,7,0,0.0
2020,5-30,1.0,0.4,all,93.53293413173652,167,16,9.580838323353294
2020,5-30,1.0,0.4,3,91.93548387096774,155,14,9.032258064516128
2020,5-30,1.0,0.4,4,105.21008403361343,119,11,9.243697478991598
2020,5-30,1.0,0.4,5,133.29411764705884,85,9,10.588235294117647
2020,5-30,1.0,0.5,all,124.78260869565216,69,10,14.492753623188406
2020,5-30,1.0,0.5,3,131.47540983606555,61,9,14.754098360655737
2020,5-30,1.0,0.5,4,148.26086956521735,46,7,15.217391304347828
2020,5-30,1.0,0.5,5,175.9375,32,5,15.625
2020,5-30,1.0,0.6,all,58.4,25,2,8.0
2020,5-30,1.0,0.6,3,63.47826086956522,23,2,8.695652173913043
2020,5-30,1.0,0.6,4,81.11111111111111,18,2,11.11111111111111
2020,5-30,1.0,0.6,5,86.99999999999999,10,1,10.0
2020,5-30,1.0,0.7,all,0.0,8,0,0.0
2020,5-30,1.0,0.7,3,0.0,8,0,0.0
2020,5-30,1.0,0.7,4,0.0,7,0,0.0
2020,5-30,1.2,0.4,all,93.53293413173652,167,16,9.580838323353294
2020,5-30,1.2,0.4,3,91.93548387096774,155,14,9.032258064516128
2020,5-30,1.2,0.4,4,105.21008403361343,119,11,9.243697478991598
2020,5-30,1.2,0.4,5,133.29411764705884,85,9,10.588235294117647
2020,5-30,1.2,0.5,all,124.78260869565216,69,10,14.492753623188406
2020,5-30,1.2,0.5,3,131.47540983606555,61,9,14.754098360655737
2020,5-30,1.2,0.5,4,148.26086956521735,46,7,15.217391304347828
2020,5-30,1.2,0.5,5,175.9375,32,5,15.625
2020,5-30,1.2,0.6,all,58.4,25,2,8.0
2020,5-30,1.2,0.6,3,63.47826086956522,23,2,8.695652173913043
2020,5-30,1.2,0.6,4,81.11111111111111,18,2,11.11111111111111
2020,5-30,1.2,0.6,5,86.99999999999999,10,1,10.0
2020,5-30,1.2,0.7,all,0.0,8,0,0.0
2020,5-30,1.2,0.7,3,0.0,8,0,0.0
2020,5-30,1.2,0.7,4,0.0,7,0,0.0
2020,5-50,0.5,0.4,all,84.43243243243242,185,16,8.64864864864865
2020,5-50,0.5,0.4,3,82.36994219653178,173,14,8.092485549132949
2020,5-50,0.5,0.4,4,91.38686131386861,137,11,8.02919708029197
2020,5-50,0.5,0.4,5,109.99999999999999,103,9,8.737864077669903
2020,5-50,0.5,0.5,all,119.58333333333333,72,10,13.88888888888889
2020,5-50,0.5,0.5,3,125.31249999999999,64,9,14.0625
2020,5-50,0.5,0.5,4,139.18367346938774,49,7,14.285714285714285
2020,5-50,0.5,0.5,5,160.8571428571429,35,5,14.285714285714285
2020,5-50,0.5,0.6,all,58.4,25,2,8.0
2020,5-50,0.5,0.6,3,63.47826086956522,23,2,8.695652173913043
2020,5-50,0.5,0.6,4,81.11111111111111,18,2,11.11111111111111
2020,5-50,0.5,0.6,5,86.99999999999999,10,1,10.0
2020,5-50,0.5,0.7,all,0.0,8,0,0.0
2020,5-50,0.5,0.7,3,0.0,8,0,0.0
2020,5-50,0.5,0.7,4,0.0,7,0,0.0
2020,5-50,0.6,0.4,all,84.43243243243242,185,16,8.64864864864865
2020,5-50,0.6,0.4,3,82.36994219653178,173,14,8.092485549132949
2020,5-50,0.6,0.4,4,91.38686131386861,137,11,8.02919708029197
2020,5-50,0.6,0.4,5,109.99999999999999,103,9,8.737864077669903
2020,5-50,0.6,0.5,all,119.58333333333333,72,10,13.88888888888889
2020,5-50,0.6,0.5,3,125.31249999999999,64,9,14.0625
2020,5-50,0.6,0.5,4,139.18367346938774,49,7,14.285714285714285
2020,5-50,0.6,0.5,5,160.8571428571429,35,5,14.285714285714285
2020,5-50,0.6,0.6,all,58.4,25,2,8.0
2020,5-50,0.6,0.6,3,63.47826086956522,23,2,8.695652173913043
2020,5-50,0.6,0.6,4,81.11111111111111,18,2,11.11111111111111
2020,5-50,0.6,0.6,5,86.99999999999999,10,1,10.0
2020,5-50,0.6,0.7,all,0.0,8,0,0.0
2020,5-50,0.6,0.7,3,0.0,8,0,0.0
2020,5-50,0.6,0.7,4,0.0,7,0,0.0
2020,5-50,0.7,0.4,all,84.43243243243242,185,16,8.64864864864865
2020,5-50,0.7,0.4,3,82.36994219653178,173,14,8.092485549132949
2020,5-50,0.7,0.4,4,91.38686131386861,137,11,8.02919708029197
2020,5-50,0.7,0.4,5,109.99999999999999,103,9,8.737864077669903
2020,5-50,0.7,0.5,all,119.58333333333333,72,10,13.88888888888889
2020,5-50,0.7,0.5,3,125.31249999999999,64,9,14.0625
2020,5-50,0.7,0.5,4,139.18367346938774,49,7,14.285714285714285
2020,5-50,0.7,0.5,5,160.8571428571429,35,5,14.285714285714285
2020,5-50,0.7,0.6,all,58.4,25,2,8.0
2020,5-50,0.7,0.6,3,63.47826086956522,23,2,8.695652173913043
2020,5-50,0.7,0.6,4,81.11111111111111,18,2,11.11111111111111
2020,5-50,0.7,0.6,5,86.99999999999999,10,1,10.0
2020,5-50,0.7,0.7,all,0.0,8,0,0.0
2020,5-50,0.7,0.7,3,0.0,8,0,0.0
2020,5-50,0.7,0.7,4,0.0,7,0,0.0
2020,5-50,0.8,0.4,all,84.43243243243242,185,16,8.64864864864865
2020,5-50,0.8,0.4,3,82.36994219653178,173,14,8.092485549132949
2020,5-50,0.8,0.4,4,91.38686131386861,137,11,8.02919708029197
2020,5-50,0.8,0.4,5,109.99999999999999,103,9,8.737864077669903
2020,5-50,0.8,0.5,all,119.58333333333333,72,10,13.88888888888889
2020,5-50,0.8,0.5,3,125.31249999999999,64,9,14.0625
2020,5-50,0.8,0.5,4,139.18367346938774,49,7,14.285714285714285
2020,5-50,0.8,0.5,5,160.8571428571429,35,5,14.285714285714285
2020,5-50,0.8,0.6,all,58.4,25,2,8.0
2020,5-50,0.8,0.6,3,63.47826086956522,23,2,8.695652173913043
2020,5-50,0.8,0.6,4,81.11111111111111,18,2,11.11111111111111
2020,5-50,0.8,0.6,5,86.99999999999999,10,1,10.0
2020,5-50,0.8,0.7,all,0.0,8,0,0.0
2020,5-50,0.8,0.7,3,0.0,8,0,0.0
2020,5-50,0.8,0.7,4,0.0,7,0,0.0
2020,5-50,0.9,0.4,all,84.43243243243242,185,16,8.64864864864865
2020,5-50,0.9,0.4,3,82.36994219653178,173,14,8.092485549132949
2020,5-50,0.9,0.4,4,91.38686131386861,137,11,8.02919708029197
2020,5-50,0.9,0.4,5,109.99999999999999,103,9,8.737864077669903
2020,5-50,0.9,0.5,all,119.58333333333333,72,10,13.88888888888889
2020,5-50,0.9,0.5,3,125.31249999999999,64,9,14.0625
2020,5-50,0.9,0.5,4,139.18367346938774,49,7,14.285714285714285
2020,5-50,0.9,0.5,5,160.8571428571429,35,5,14.285714285714285
2020,5-50,0.9,0.6,all,58.4,25,2,8.0
2020,5-50,0.9,0.6,3,63.47826086956522,23,2,8.695652173913043
2020,5-50,0.9,0.6,4,81.11111111111111,18,2,11.11111111111111
2020,5-50,0.9,0.6,5,86.99999999999999,10,1,10.0
2020,5-50,0.9,0.7,all,0.0,8,0,0.0
2020,5-50,0.9,0.7,3,0.0,8,0,0.0
2020,5-50,0.9,0.7,4,0.0,7,0,0.0
2020,5-50,1.0,0.4,all,84.43243243243242,185,16,8.64864864864865
2020,5-50,1.0,0.4,3,82.36994219653178,173,14,8.092485549132949
2020,5-50,1.0,0.4,4,91.38686131386861,137,11,8.02919708029197
2020,5-50,1.0,0.4,5,109.99999999999999,103,9,8.737864077669903
2020,5-50,1.0,0.5,all,119.58333333333333,72,10,13.88888888888889
2020,5-50,1.0,0.5,3,125.31249999999999,64,9,14.0625
2020,5-50,1.0,0.5,4,139.18367346938774,49,7,14.285714285714285
2020,5-50,1.0,0.5,5,160.8571428571429,35,5,14.285714285714285
2020,5-50,1.0,0.6,all,58.4,25,2,8.0
2020,5-50,1.0,0.6,3,63.47826086956522,23,2,8.695652173913043
2020,5-50,1.0,0.6,4,81.11111111111111,18,2,11.11111111111111
2020,5-50,1.0,0.6,5,86.99999999999999,10,1,10.0
2020,5-50,1.0,0.7,all,0.0,8,0,0.0
2020,5-50,1.0,0.7,3,0.0,8,0,0.0
2020,5-50,1.0,0.7,4,0.0,7,0,0.0
2020,5-50,1.2,0.4,all,84.43243243243242,185,16,8.64864864864865
2020,5-50,1.2,0.4,3,82.36994219653178,173,14,8.092485549132949
2020,5-50,1.2,0.4,4,91.38686131386861,137,11,8.02919708029197
2020,5-50,1.2,0.4,5,109.99999999999999,103,9,8.737864077669903
2020,5-50,1.2,0.5,all,119.58333333333333,72,10,13.88888888888889
2020,5-50,1.2,0.5,3,125.31249999999999,64,9,14.0625
2020,5-50,1.2,0.5,4,139.18367346938774,49,7,14.285714285714285
2020,5-50,1.2,0.5,5,160.8571428571429,35,5,14.285714285714285
2020,5-50,1.2,0.6,all,58.4,25,2,8.0
2020,5-50,1.2,0.6,3,63.47826086956522,23,2,8.695652173913043
2020,5-50,1.2,0.6,4,81.11111111111111,18,2,11.11111111111111
2020,5-50,1.2,0.6,5,86.99999999999999,10,1,10.0
2020,5-50,1.2,0.7,all,0.0,8,0,0.0
2020,5-50,1.2,0.7,3,0.0,8,0,0.0
2020,5-50,1.2,0.7,4,0.0,7,0,0.0
2020,10-30,0.5,0.4,all,117.70270270270271,74,6,8.108108108108109
2020,10-30,0.5,0.4,3,117.70270270270271,74,6,8.108108108108109
2020,10-30,0.5,0.4,4,119.3150684931507,73,6,8.21917808219178
2020,10-30,0.5,0.4,5,134.0,65,6,9.230769230769232
2020,10-30,0.5,0.5,all,107.5,28,2,7.142857142857142
2020,10-30,0.5,0.5,3,107.5,28,2,7.142857142857142
2020,10-30,0.5,0.5,4,107.5,28,2,7.142857142857142
2020,10-30,0.5,0.5,5,125.41666666666667,24,2,8.333333333333332
2020,10-30,0.5,0.6,all,0.0,7,0,0.0
2020,10-30,0.5,0.6,3,0.0,7,0,0.0
2020,10-30,0.5,0.6,4,0.0,7,0,0.0
2020,10-30,0.5,0.6,5,0.0,6,0,0.0
2020,10-30,0.6,0.4,all,117.70270270270271,74,6,8.108108108108109
2020,10-30,0.6,0.4,3,117.70270270270271,74,6,8.108108108108109
2020,10-30,0.6,0.4,4,119.3150684931507,73,6,8.21917808219178
2020,10-30,0.6,0.4,5,134.0,65,6,9.230769230769232
2020,10-30,0.6,0.5,all,107.5,28,2,7.142857142857142
2020,10-30,0.6,0.5,3,107.5,28,2,7.142857142857142
2020,10-30,0.6,0.5,4,107.5,28,2,7.142857142857142
2020,10-30,0.6,0.5,5,125.41666666666667,24,2,8.333333333333332
2020,10-30,0.6,0.6,all,0.0,7,0,0.0
2020,10-30,0.6,0.6,3,0.0,7,0,0.0
2020,10-30,0.6,0.6,4,0.0,7,0,0.0
2020,10-30,0.6,0.6,5,0.0,6,0,0.0
2020,10-30,0.7,0.4,all,117.70270270270271,74,6,8.108108108108109
2020,10-30,0.7,0.4,3,117.70270270270271,74,6,8.108108108108109
2020,10-30,0.7,0.4,4,119.3150684931507,73,6,8.21917808219178
2020,10-30,0.7,0.4,5,134.0,65,6,9.230769230769232
2020,10-30,0.7,0.5,all,107.5,28,2,7.142857142857142
2020,10-30,0.7,0.5,3,107.5,28,2,7.142857142857142
2020,10-30,0.7,0.5,4,107.5,28,2,7.142857142857142
2020,10-30,0.7,0.5,5,125.41666666666667,24,2,8.333333333333332
2020,10-30,0.7,0.6,all,0.0,7,0,0.0
2020,10-30,0.7,0.6,3,0.0,7,0,0.0
2020,10-30,0.7,0.6,4,0.0,7,0,0.0
2020,10-30,0.7,0.6,5,0.0,6,0,0.0
2020,10-30,0.8,0.4,all,117.70270270270271,74,6,8.108108108108109
2020,10-30,0.8,0.4,3,117.70270270270271,74,6,8.108108108108109
2020,10-30,0.8,0.4,4,119.3150684931507,73,6,8.21917808219178
2020,10-30,0.8,0.4,5,134.0,65,6,9.230769230769232
2020,10-30,0.8,0.5,all,107.5,28,2,7.142857142857142
2020,10-30,0.8,0.5,3,107.5,28,2,7.142857142857142
2020,10-30,0.8,0.5,4,107.5,28,2,7.142857142857142
2020,10-30,0.8,0.5,5,125.41666666666667,24,2,8.333333333333332
2020,10-30,0.8,0.6,all,0.0,7,0,0.0
2020,10-30,0.8,0.6,3,0.0,7,0,0.0
2020,10-30,0.8,0.6,4,0.0,7,0,0.0
2020,10-30,0.8,0.6,5,0.0,6,0,0.0
2020,10-30,0.9,0.4,all,117.70270270270271,74,6,8.108108108108109
2020,10-30,0.9,0.4,3,117.70270270270271,74,6,8.108108108108109
2020,10-30,0.9,0.4,4,119.3150684931507,73,6,8.21917808219178
2020,10-30,0.9,0.4,5,134.0,65,6,9.230769230769232
2020,10-30,0.9,0.5,all,107.5,28,2,7.142857142857142
2020,10-30,0.9,0.5,3,107.5,28,2,7.142857142857142
2020,10-30,0.9,0.5,4,107.5,28,2,7.142857142857142
2020,10-30,0.9,0.5,5,125.41666666666667,24,2,8.333333333333332
2020,10-30,0.9,0.6,all,0.0,7,0,0.0
2020,10-30,0.9,0.6,3,0.0,7,0,0.0
2020,10-30,0.9,0.6,4,0.0,7,0,0.0
2020,10-30,0.9,0.6,5,0.0,6,0,0.0
2020,10-30,1.0,0.4,all,117.70270270270271,74,6,8.108108108108109
2020,10-30,1.0,0.4,3,117.70270270270271,74,6,8.108108108108109
2020,10-30,1.0,0.4,4,119.3150684931507,73,6,8.21917808219178
2020,10-30,1.0,0.4,5,134.0,65,6,9.230769230769232
2020,10-30,1.0,0.5,all,107.5,28,2,7.142857142857142
2020,10-30,1.0,0.5,3,107.5,28,2,7.142857142857142
2020,10-30,1.0,0.5,4,107.5,28,2,7.142857142857142
2020,10-30,1.0,0.5,5,125.41666666666667,24,2,8.333333333333332
2020,10-30,1.0,0.6,all,0.0,7,0,0.0
2020,10-30,1.0,0.6,3,0.0,7,0,0.0
2020,10-30,1.0,0.6,4,0.0,7,0,0.0
2020,10-30,1.0,0.6,5,0.0,6,0,0.0
2020,10-30,1.2,0.4,all,117.70270270270271,74,6,8.108108108108109
2020,10-30,1.2,0.4,3,117.70270270270271,74,6,8.108108108108109
2020,10-30,1.2,0.4,4,119.3150684931507,73,6,8.21917808219178
2020,10-30,1.2,0.4,5,134.0,65,6,9.230769230769232
2020,10-30,1.2,0.5,all,107.5,28,2,7.142857142857142
2020,10-30,1.2,0.5,3,107.5,28,2,7.142857142857142
2020,10-30,1.2,0.5,4,107.5,28,2,7.142857142857142
2020,10-30,1.2,0.5,5,125.41666666666667,24,2,8.333333333333332
2020,10-30,1.2,0.6,all,0.0,7,0,0.0
2020,10-30,1.2,0.6,3,0.0,7,0,0.0
2020,10-30,1.2,0.6,4,0.0,7,0,0.0
2020,10-30,1.2,0.6,5,0.0,6,0,0.0
2020,10-50,0.5,0.4,all,94.67391304347828,92,6,6.521739130434782
2020,10-50,0.5,0.4,3,94.67391304347828,92,6,6.521739130434782
2020,10-50,0.5,0.4,4,95.71428571428572,91,6,6.593406593406594
2020,10-50,0.5,0.4,5,104.93975903614458,83,6,7.228915662650602
2020,10-50,0.5,0.5,all,97.0967741935484,31,2,6.451612903225806
2020,10-50,0.5,0.5,3,97.0967741935484,31,2,6.451612903225806
2020,10-50,0.5,0.5,4,97.0967741935484,31,2,6.451612903225806
2020,10-50,0.5,0.5,5,111.4814814814815,27,2,7.4074074074074066
2020,10-50,0.5,0.6,all,0.0,7,0,0.0
2020,10-50,0.5,0.6,3,0.0,7,0,0.0
2020,10-50,0.5,0.6,4,0.0,7,0,0.0
2020,10-50,0.5,0.6,5,0.0,6,0,0.0
2020,10-50,0.6,0.4,all,94.67391304347828,92,6,6.521739130434782
2020,10-50,0.6,0.4,3,94.67391304347828,92,6,6.521739130434782
2020,10-50,0.6,0.4,4,95.71428571428572,91,6,6.593406593406594
2020,10-50,0.6,0.4,5,104.93975903614458,83,6,7.228915662650602
2020,10-50,0.6,0.5,all,97.0967741935484,31,2,6.451612903225806
2020,10-50,0.6,0.5,3,97.0967741935484,31,2,6.451612903225806
2020,10-50,0.6,0.5,4,97.0967741935484,31,2,6.451612903225806
2020,10-50,0.6,0.5,5,111.4814814814815,27,2,7.4074074074074066
2020,10-50,0.6,0.6,all,0.0,7,0,0.0
2020,10-50,0.6,0.6,3,0.0,7,0,0.0
2020,10-50,0.6,0.6,4,0.0,7,0,0.0
2020,10-50,0.6,0.6,5,0.0,6,0,0.0
2020,10-50,0.7,0.4,all,94.67391304347828,92,6,6.521739130434782
2020,10-50,0.7,0.4,3,94.67391304347828,92,6,6.521739130434782
2020,10-50,0.7,0.4,4,95.71428571428572,91,6,6.593406593406594
2020,10-50,0.7,0.4,5,104.93975903614458,83,6,7.228915662650602
2020,10-50,0.7,0.5,all,97.0967741935484,31,2,6.451612903225806
2020,10-50,0.7,0.5,3,97.0967741935484,31,2,6.451612903225806
2020,10-50,0.7,0.5,4,97.0967741935484,31,2,6.451612903225806
2020,10-50,0.7,0.5,5,111.4814814814815,27,2,7.4074074074074066
2020,10-50,0.7,0.6,all,0.0,7,0,0.0
2020,10-50,0.7,0.6,3,0.0,7,0,0.0
2020,10-50,0.7,0.6,4,0.0,7,0,0.0
2020,10-50,0.7,0.6,5,0.0,6,0,0.0
2020,10-50,0.8,0.4,all,94.67391304347828,92,6,6.521739130434782
2020,10-50,0.8,0.4,3,94.67391304347828,92,6,6.521739130434782
2020,10-50,0.8,0.4,4,95.71428571428572,91,6,6.593406593406594
2020,10-50,0.8,0.4,5,104.93975903614458,83,6,7.228915662650602
2020,10-50,0.8,0.5,all,97.0967741935484,31,2,6.451612903225806
2020,10-50,0.8,0.5,3,97.0967741935484,31,2,6.451612903225806
2020,10-50,0.8,0.5,4,97.0967741935484,31,2,6.451612903225806
2020,10-50,0.8,0.5,5,111.4814814814815,27,2,7.4074074074074066
2020,10-50,0.8,0.6,all,0.0,7,0,0.0
2020,10-50,0.8,0.6,3,0.0,7,0,0.0
2020,10-50,0.8,0.6,4,0.0,7,0,0.0
2020,10-50,0.8,0.6,5,0.0,6,0,0.0
2020,10-50,0.9,0.4,all,94.67391304347828,92,6,6.521739130434782
2020,10-50,0.9,0.4,3,94.67391304347828,92,6,6.521739130434782
2020,10-50,0.9,0.4,4,95.71428571428572,91,6,6.593406593406594
2020,10-50,0.9,0.4,5,104.93975903614458,83,6,7.228915662650602
2020,10-50,0.9,0.5,all,97.0967741935484,31,2,6.451612903225806
2020,10-50,0.9,0.5,3,97.0967741935484,31,2,6.451612903225806
2020,10-50,0.9,0.5,4,97.0967741935484,31,2,6.451612903225806
2020,10-50,0.9,0.5,5,111.4814814814815,27,2,7.4074074074074066
2020,10-50,0.9,0.6,all,0.0,7,0,0.0
2020,10-50,0.9,0.6,3,0.0,7,0,0.0
2020,10-50,0.9,0.6,4,0.0,7,0,0.0
2020,10-50,0.9,0.6,5,0.0,6,0,0.0
2020,10-50,1.0,0.4,all,94.67391304347828,92,6,6.521739130434782
2020,10-50,1.0,0.4,3,94.67391304347828,92,6,6.521739130434782
2020,10-50,1.0,0.4,4,95.71428571428572,91,6,6.593406593406594
2020,10-50,1.0,0.4,5,104.93975903614458,83,6,7.228915662650602
2020,10-50,1.0,0.5,all,97.0967741935484,31,2,6.451612903225806
2020,10-50,1.0,0.5,3,97.0967741935484,31,2,6.451612903225806
2020,10-50,1.0,0.5,4,97.0967741935484,31,2,6.451612903225806
2020,10-50,1.0,0.5,5,111.4814814814815,27,2,7.4074074074074066
2020,10-50,1.0,0.6,all,0.0,7,0,0.0
2020,10-50,1.0,0.6,3,0.0,7,0,0.0
2020,10-50,1.0,0.6,4,0.0,7,0,0.0
2020,10-50,1.0,0.6,5,0.0,6,0,0.0
2020,10-50,1.2,0.4,all,94.67391304347828,92,6,6.521739130434782
2020,10-50,1.2,0.4,3,94.67391304347828,92,6,6.521739130434782
2020,10-50,1.2,0.4,4,95.71428571428572,91,6,6.593406593406594
2020,10-50,1.2,0.4,5,104.93975903614458,83,6,7.228915662650602
2020,10-50,1.2,0.5,all,97.0967741935484,31,2,6.451612903225806
2020,10-50,1.2,0.5,3,97.0967741935484,31,2,6.451612903225806
2020,10-50,1.2,0.5,4,97.0967741935484,31,2,6.451612903225806
2020,10-50,1.2,0.5,5,111.4814814814815,27,2,7.4074074074074066
2020,10-50,1.2,0.6,all,0.0,7,0,0.0
2020,10-50,1.2,0.6,3,0.0,7,0,0.0
2020,10-50,1.2,0.6,4,0.0,7,0,0.0
2020,10-50,1.2,0.6,5,0.0,6,0,0.0
2020,15-40,0.5,0.4,all,62.777777777777786,54,2,3.7037037037037033
2020,15-40,0.5,0.4,3,62.777777777777786,54,2,3.7037037037037033
2020,15-40,0.5,0.4,4,62.777777777777786,54,2,3.7037037037037033
2020,15-40,0.5,0.4,5,63.962264150943405,53,2,3.7735849056603774
2020,15-40,0.5,0.5,all,129.23076923076923,13,1,7.6923076923076925
2020,15-40,0.5,0.5,3,129.23076923076923,13,1,7.6923076923076925
2020,15-40,0.5,0.5,4,129.23076923076923,13,1,7.6923076923076925
2020,15-40,0.5,0.5,5,129.23076923076923,13,1,7.6923076923076925
2020,15-40,0.6,0.4,all,62.777777777777786,54,2,3.7037037037037033
2020,15-40,0.6,0.4,3,62.777777777777786,54,2,3.7037037037037033
2020,15-40,0.6,0.4,4,62.777777777777786,54,2,3.7037037037037033
2020,15-40,0.6,0.4,5,63.962264150943405,53,2,3.7735849056603774
2020,15-40,0.6,0.5,all,129.23076923076923,13,1,7.6923076923076925
2020,15-40,0.6,0.5,3,129.23076923076923,13,1,7.6923076923076925
2020,15-40,0.6,0.5,4,129.23076923076923,13,1,7.6923076923076925
2020,15-40,0.6,0.5,5,129.23076923076923,13,1,7.6923076923076925
2020,15-40,0.7,0.4,all,62.777777777777786,54,2,3.7037037037037033
2020,15-40,0.7,0.4,3,62.777777777777786,54,2,3.7037037037037033
2020,15-40,0.7,0.4,4,62.777777777777786,54,2,3.7037037037037033
2020,15-40,0.7,0.4,5,63.962264150943405,53,2,3.7735849056603774
2020,15-40,0.7,0.5,all,129.23076923076923,13,1,7.6923076923076925
2020,15-40,0.7,0.5,3,129.23076923076923,13,1,7.6923076923076925
2020,15-40,0.7,0.5,4,129.23076923076923,13,1,7.6923076923076925
2020,15-40,0.7,0.5,5,129.23076923076923,13,1,7.6923076923076925
2020,15-40,0.8,0.4,all,62.777777777777786,54,2,3.7037037037037033
2020,15-40,0.8,0.4,3,62.777777777777786,54,2,3.7037037037037033
2020,15-40,0.8,0.4,4,62.777777777777786,54,2,3.7037037037037033
2020,15-40,0.8,0.4,5,63.962264150943405,53,2,3.7735849056603774
2020,15-40,0.8,0.5,all,129.23076923076923,13,1,7.6923076923076925
2020,15-40,0.8,0.5,3,129.23076923076923,13,1,7.6923076923076925
2020,15-40,0.8,0.5,4,129.23076923076923,13,1,7.6923076923076925
2020,15-40,0.8,0.5,5,129.23076923076923,13,1,7.6923076923076925
2020,15-40,0.9,0.4,all,62.777777777777786,54,2,3.7037037037037033
2020,15-40,0.9,0.4,3,62.777777777777786,54,2,3.7037037037037033
2020,15-40,0.9,0.4,4,62.777777777777786,54,2,3.7037037037037033
2020,15-40,0.9,0.4,5,63.962264150943405,53,2,3.7735849056603774
2020,15-40,0.9,0.5,all,129.23076923076923,13,1,7.6923076923076925
2020,15-40,0.9,0.5,3,129.23076923076923,13,1,7.6923076923076925
2020,15-40,0.9,0.5,4,129.23076923076923,13,1,7.6923076923076925
2020,15-40,0.9,0.5,5,129.23076923076923,13,1,7.6923076923076925
2020,15-40,1.0,0.4,all,62.777777777777786,54,2,3.7037037037037033
2020,15-40,1.0,0.4,3,62.777777777777786,54,2,3.7037037037037033
2020,15-40,1.0,0.4,4,62.777777777777786,54,2,3.7037037037037033
2020,15-40,1.0,0.4,5,63.962264150943405,53,2,3.7735849056603774
2020,15-40,1.0,0.5,all,129.23076923076923,13,1,7.6923076923076925
2020,15-40,1.0,0.5,3,129.23076923076923,13,1,7.6923076923076925
2020,15-40,1.0,0.5,4,129.23076923076923,13,1,7.6923076923076925
2020,15-40,1.0,0.5,5,129.23076923076923,13,1,7.6923076923076925
2020,15-40,1.2,0.4,all,62.777777777777786,54,2,3.7037037037037033
2020,15-40,1.2,0.4,3,62.777777777777786,54,2,3.7037037037037033
2020,15-40,1.2,0.4,4,62.777777777777786,54,2,3.7037037037037033
2020,15-40,1.2,0.4,5,63.962264150943405,53,2,3.7735849056603774
2020,15-40,1.2,0.5,all,129.23076923076923,13,1,7.6923076923076925
2020,15-40,1.2,0.5,3,129.23076923076923,13,1,7.6923076923076925
2020,15-40,1.2,0.5,4,129.23076923076923,13,1,7.6923076923076925
2020,15-40,1.2,0.5,5,129.23076923076923,13,1,7.6923076923076925
2020,20-50,0.5,0.4,all,0.0,34,0,0.0
2020,20-50,0.5,0.4,3,0.0,34,0,0.0
2020,20-50,0.5,0.4,4,0.0,34,0,0.0
2020,20-50,0.5,0.4,5,0.0,34,0,0.0
2020,20-50,0.5,0.5,all,0.0,6,0,0.0
2020,20-50,0.5,0.5,3,0.0,6,0,0.0
2020,20-50,0.5,0.5,4,0.0,6,0,0.0
2020,20-50,0.5,0.5,5,0.0,6,0,0.0
2020,20-50,0.6,0.4,all,0.0,34,0,0.0
2020,20-50,0.6,0.4,3,0.0,34,0,0.0
2020,20-50,0.6,0.4,4,0.0,34,0,0.0
2020,20-50,0.6,0.4,5,0.0,34,0,0.0
2020,20-50,0.6,0.5,all,0.0,6,0,0.0
2020,20-50,0.6,0.5,3,0.0,6,0,0.0
2020,20-50,0.6,0.5,4,0.0,6,0,0.0
2020,20-50,0.6,0.5,5,0.0,6,0,0.0
2020,20-50,0.7,0.4,all,0.0,34,0,0.0
2020,20-50,0.7,0.4,3,0.0,34,0,0.0
2020,20-50,0.7,0.4,4,0.0,34,0,0.0
2020,20-50,0.7,0.4,5,0.0,34,0,0.0
2020,20-50,0.7,0.5,all,0.0,6,0,0.0
2020,20-50,0.7,0.5,3,0.0,6,0,0.0
2020,20-50,0.7,0.5,4,0.0,6,0,0.0
2020,20-50,0.7,0.5,5,0.0,6,0,0.0
2020,20-50,0.8,0.4,all,0.0,34,0,0.0
2020,20-50,0.8,0.4,3,0.0,34,0,0.0
2020,20-50,0.8,0.4,4,0.0,34,0,0.0
2020,20-50,0.8,0.4,5,0.0,34,0,0.0
2020,20-50,0.8,0.5,all,0.0,6,0,0.0
2020,20-50,0.8,0.5,3,0.0,6,0,0.0
2020,20-50,0.8,0.5,4,0.0,6,0,0.0
2020,20-50,0.8,0.5,5,0.0,6,0,0.0
2020,20-50,0.9,0.4,all,0.0,34,0,0.0
2020,20-50,0.9,0.4,3,0.0,34,0,0.0
2020,20-50,0.9,0.4,4,0.0,34,0,0.0
2020,20-50,0.9,0.4,5,0.0,34,0,0.0
2020,20-50,0.9,0.5,all,0.0,6,0,0.0
2020,20-50,0.9,0.5,3,0.0,6,0,0.0
2020,20-50,0.9,0.5,4,0.0,6,0,0.0
2020,20-50,0.9,0.5,5,0.0,6,0,0.0
2020,20-50,1.0,0.4,all,0.0,34,0,0.0
2020,20-50,1.0,0.4,3,0.0,34,0,0.0
2020,20-50,1.0,0.4,4,0.0,34,0,0.0
2020,20-50,1.0,0.4,5,0.0,34,0,0.0
2020,20-50,1.0,0.5,all,0.0,6,0,0.0
2020,20-50,1.0,0.5,3,0.0,6,0,0.0
2020,20-50,1.0,0.5,4,0.0,6,0,0.0
2020,20-50,1.0,0.5,5,0.0,6,0,0.0
2020,20-50,1.2,0.4,all,0.0,34,0,0.0
2020,20-50,1.2,0.4,3,0.0,34,0,0.0
2020,20-50,1.2,0.4,4,0.0,34,0,0.0
2020,20-50,1.2,0.4,5,0.0,34,0,0.0
2020,20-50,1.2,0.5,all,0.0,6,0,0.0
2020,20-50,1.2,0.5,3,0.0,6,0,0.0
2020,20-50,1.2,0.5,4,0.0,6,0,0.0
2020,20-50,1.2,0.5,5,0.0,6,0,0.0
2020,5-20,0.5,0.4,all,103.44370860927152,151,16,10.596026490066226
2020,5-20,0.5,0.4,3,102.5179856115108,139,14,10.071942446043165
2020,5-20,0.5,0.4,4,121.55339805825243,103,11,10.679611650485436
2020,5-20,0.5,0.4,5,164.20289855072463,69,9,13.043478260869565
2020,5-20,0.5,0.5,all,130.45454545454544,66,10,15.151515151515152
2020,5-20,0.5,0.5,3,138.2758620689655,58,9,15.517241379310345
2020,5-20,0.5,0.5,4,158.60465116279067,43,7,16.27906976744186
2020,5-20,0.5,0.5,5,194.1379310344828,29,5,17.24137931034483
2020,5-20,0.5,0.6,all,58.4,25,2,8.0
2020,5-20,0.5,0.6,3,63.47826086956522,23,2,8.695652173913043
2020,5-20,0.5,0.6,4,81.11111111111111,18,2,11.11111111111111
2020,5-20,0.5,0.6,5,86.99999999999999,10,1,10.0
2020,5-20,0.5,0.7,all,0.0,8,0,0.0
2020,5-20,0.5,0.7,3,0.0,8,0,0.0
2020,5-20,0.5,0.7,4,0.0,7,0,0.0
2020,5-20,0.6,0.4,all,103.44370860927152,151,16,10.596026490066226
2020,5-20,0.6,0.4,3,102.5179856115108,139,14,10.071942446043165
2020,5-20,0.6,0.4,4,121.55339805825243,103,11,10.679611650485436
2020,5-20,0.6,0.4,5,164.20289855072463,69,9,13.043478260869565
2020,5-20,0.6,0.5,all,130.45454545454544,66,10,15.151515151515152
2020,5-20,0.6,0.5,3,138.2758620689655,58,9,15.517241379310345
2020,5-20,0.6,0.5,4,158.60465116279067,43,7,16.27906976744186
2020,5-20,0.6,0.5,5,194.1379310344828,29,5,17.24137931034483
2020,5-20,0.6,0.6,all,58.4,25,2,8.0
2020,5-20,0.6,0.6,3,63.47826086956522,23,2,8.695652173913043
2020,5-20,0.6,0.6,4,81.11111111111111,18,2,11.11111111111111
2020,5-20,0.6,0.6,5,86.99999999999999,10,1,10.0
2020,5-20,0.6,0.7,all,0.0,8,0,0.0
2020,5-20,0.6,0.7,3,0.0,8,0,0.0
2020,5-20,0.6,0.7,4,0.0,7,0,0.0
2020,5-20,0.7,0.4,all,103.44370860927152,151,16,10.596026490066226
2020,5-20,0.7,0.4,3,102.5179856115108,139,14,10.071942446043165
2020,5-20,0.7,0.4,4,121.55339805825243,103,11,10.679611650485436
2020,5-20,0.7,0.4,5,164.20289855072463,69,9,13.043478260869565
2020,5-20,0.7,0.5,all,130.45454545454544,66,10,15.151515151515152
2020,5-20,0.7,0.5,3,138.2758620689655,58,9,15.517241379310345
2020,5-20,0.7,0.5,4,158.60465116279067,43,7,16.27906976744186
2020,5-20,0.7,0.5,5,194.1379310344828,29,5,17.24137931034483
2020,5-20,0.7,0.6,all,58.4,25,2,8.0
2020,5-20,0.7,0.6,3,63.47826086956522,23,2,8.695652173913043
2020,5-20,0.7,0.6,4,81.11111111111111,18,2,11.11111111111111
2020,5-20,0.7,0.6,5,86.99999999999999,10,1,10.0
2020,5-20,0.7,0.7,all,0.0,8,0,0.0
2020,5-20,0.7,0.7,3,0.0,8,0,0.0
2020,5-20,0.7,0.7,4,0.0,7,0,0.0
2020,5-20,0.8,0.4,all,103.44370860927152,151,16,10.596026490066226
2020,5-20,0.8,0.4,3,102.5179856115108,139,14,10.071942446043165
2020,5-20,0.8,0.4,4,121.55339805825243,103,11,10.679611650485436
2020,5-20,0.8,0.4,5,164.20289855072463,69,9,13.043478260869565
2020,5-20,0.8,0.5,all,130.45454545454544,66,10,15.151515151515152
2020,5-20,0.8,0.5,3,138.2758620689655,58,9,15.517241379310345
2020,5-20,0.8,0.5,4,158.60465116279067,43,7,16.27906976744186
2020,5-20,0.8,0.5,5,194.1379310344828,29,5,17.24137931034483
2020,5-20,0.8,0.6,all,58.4,25,2,8.0
2020,5-20,0.8,0.6,3,63.47826086956522,23,2,8.695652173913043
2020,5-20,0.8,0.6,4,81.11111111111111,18,2,11.11111111111111
2020,5-20,0.8,0.6,5,86.99999999999999,10,1,10.0
2020,5-20,0.8,0.7,all,0.0,8,0,0.0
2020,5-20,0.8,0.7,3,0.0,8,0,0.0
2020,5-20,0.8,0.7,4,0.0,7,0,0.0
2020,5-20,0.9,0.4,all,103.44370860927152,151,16,10.596026490066226
2020,5-20,0.9,0.4,3,102.5179856115108,139,14,10.071942446043165
2020,5-20,0.9,0.4,4,121.55339805825243,103,11,10.679611650485436
2020,5-20,0.9,0.4,5,164.20289855072463,69,9,13.043478260869565
2020,5-20,0.9,0.5,all,130.45454545454544,66,10,15.151515151515152
2020,5-20,0.9,0.5,3,138.2758620689655,58,9,15.517241379310345
2020,5-20,0.9,0.5,4,158.60465116279067,43,7,16.27906976744186
2020,5-20,0.9,0.5,5,194.1379310344828,29,5,17.24137931034483
2020,5-20,0.9,0.6,all,58.4,25,2,8.0
2020,5-20,0.9,0.6,3,63.47826086956522,23,2,8.695652173913043
2020,5-20,0.9,0.6,4,81.11111111111111,18,2,11.11111111111111
2020,5-20,0.9,0.6,5,86.99999999999999,10,1,10.0
2020,5-20,0.9,0.7,all,0.0,8,0,0.0
2020,5-20,0.9,0.7,3,0.0,8,0,0.0
2020,5-20,0.9,0.7,4,0.0,7,0,0.0
2020,5-20,1.0,0.4,all,103.44370860927152,151,16,10.596026490066226
2020,5-20,1.0,0.4,3,102.5179856115108,139,14,10.071942446043165
2020,5-20,1.0,0.4,4,121.55339805825243,103,11,10.679611650485436
2020,5-20,1.0,0.4,5,164.20289855072463,69,9,13.043478260869565
2020,5-20,1.0,0.5,all,130.45454545454544,66,10,15.151515151515152
2020,5-20,1.0,0.5,3,138.2758620689655,58,9,15.517241379310345
2020,5-20,1.0,0.5,4,158.60465116279067,43,7,16.27906976744186
2020,5-20,1.0,0.5,5,194.1379310344828,29,5,17.24137931034483
2020,5-20,1.0,0.6,all,58.4,25,2,8.0
2020,5-20,1.0,0.6,3,63.47826086956522,23,2,8.695652173913043
2020,5-20,1.0,0.6,4,81.11111111111111,18,2,11.11111111111111
2020,5-20,1.0,0.6,5,86.99999999999999,10,1,10.0
2020,5-20,1.0,0.7,all,0.0,8,0,0.0
2020,5-20,1.0,0.7,3,0.0,8,0,0.0
2020,5-20,1.0,0.7,4,0.0,7,0,0.0
2020,5-20,1.2,0.4,all,103.44370860927152,151,16,10.596026490066226
2020,5-20,1.2,0.4,3,102.5179856115108,139,14,10.071942446043165
2020,5-20,1.2,0.4,4,121.55339805825243,103,11,10.679611650485436
2020,5-20,1.2,0.4,5,164.20289855072463,69,9,13.043478260869565
2020,5-20,1.2,0.5,all,130.45454545454544,66,10,15.151515151515152
2020,5-20,1.2,0.5,3,138.2758620689655,58,9,15.517241379310345
2020,5-20,1.2,0.5,4,158.60465116279067,43,7,16.27906976744186
2020,5-20,1.2,0.5,5,194.1379310344828,29,5,17.24137931034483
2020,5-20,1.2,0.6,all,58.4,25,2,8.0
2020,5-20,1.2,0.6,3,63.47826086956522,23,2,8.695652173913043
2020,5-20,1.2,0.6,4,81.11111111111111,18,2,11.11111111111111
2020,5-20,1.2,0.6,5,86.99999999999999,10,1,10.0
2020,5-20,1.2,0.7,all,0.0,8,0,0.0
2020,5-20,1.2,0.7,3,0.0,8,0,0.0
2020,5-20,1.2,0.7,4,0.0,7,0,0.0
2020,7-35,0.5,0.4,all,93.15384615384616,130,10,7.6923076923076925
2020,7-35,0.5,0.4,3,89.21259842519684,127,9,7.086614173228346
2020,7-35,0.5,0.4,4,101.16071428571429,112,9,8.035714285714286
2020,7-35,0.5,0.4,5,124.50549450549451,91,9,9.89010989010989
2020,7-35,0.5,0.5,all,119.78723404255321,47,5,10.638297872340425
2020,7-35,0.5,0.5,3,122.39130434782611,46,5,10.869565217391305
2020,7-35,0.5,0.5,4,137.31707317073173,41,5,12.195121951219512
2020,7-35,0.5,0.5,5,165.58823529411765,34,5,14.705882352941178
2020,7-35,0.5,0.6,all,57.99999999999999,15,1,6.666666666666667
2020,7-35,0.5,0.6,3,62.14285714285713,14,1,7.142857142857142
2020,7-35,0.5,0.6,4,72.5,12,1,8.333333333333332
2020,7-35,0.5,0.6,5,96.66666666666666,9,1,11.11111111111111
2020,7-35,0.5,0.7,all,0.0,5,0,0.0
2020,7-35,0.5,0.7,3,0.0,5,0,0.0
2020,7-35,0.6,0.4,all,93.15384615384616,130,10,7.6923076923076925
2020,7-35,0.6,0.4,3,89.21259842519684,127,9,7.086614173228346
2020,7-35,0.6,0.4,4,101.16071428571429,112,9,8.035714285714286
2020,7-35,0.6,0.4,5,124.50549450549451,91,9,9.89010989010989
2020,7-35,0.6,0.5,all,119.78723404255321,47,5,10.638297872340425
2020,7-35,0.6,0.5,3,122.39130434782611,46,5,10.869565217391305
2020,7-35,0.6,0.5,4,137.31707317073173,41,5,12.195121951219512
2020,7-35,0.6,0.5,5,165.58823529411765,34,5,14.705882352941178
2020,7-35,0.6,0.6,all,57.99999999999999,15,1,6.666666666666667
2020,7-35,0.6,0.6,3,62.14285714285713,14,1,7.142857142857142
2020,7-35,0.6,0.6,4,72.5,12,1,8.333333333333332
2020,7-35,0.6,0.6,5,96.66666666666666,9,1,11.11111111111111
2020,7-35,0.6,0.7,all,0.0,5,0,0.0
2020,7-35,0.6,0.7,3,0.0,5,0,0.0
2020,7-35,0.7,0.4,all,93.15384615384616,130,10,7.6923076923076925
2020,7-35,0.7,0.4,3,89.21259842519684,127,9,7.086614173228346
2020,7-35,0.7,0.4,4,101.16071428571429,112,9,8.035714285714286
2020,7-35,0.7,0.4,5,124.50549450549451,91,9,9.89010989010989
2020,7-35,0.7,0.5,all,119.78723404255321,47,5,10.638297872340425
2020,7-35,0.7,0.5,3,122.39130434782611,46,5,10.869565217391305
2020,7-35,0.7,0.5,4,137.31707317073173,41,5,12.195121951219512
2020,7-35,0.7,0.5,5,165.58823529411765,34,5,14.705882352941178
2020,7-35,0.7,0.6,all,57.99999999999999,15,1,6.666666666666667
2020,7-35,0.7,0.6,3,62.14285714285713,14,1,7.142857142857142
2020,7-35,0.7,0.6,4,72.5,12,1,8.333333333333332
2020,7-35,0.7,0.6,5,96.66666666666666,9,1,11.11111111111111
2020,7-35,0.7,0.7,all,0.0,5,0,0.0
2020,7-35,0.7,0.7,3,0.0,5,0,0.0
2020,7-35,0.8,0.4,all,93.15384615384616,130,10,7.6923076923076925
2020,7-35,0.8,0.4,3,89.21259842519684,127,9,7.086614173228346
2020,7-35,0.8,0.4,4,101.16071428571429,112,9,8.035714285714286
2020,7-35,0.8,0.4,5,124.50549450549451,91,9,9.89010989010989
2020,7-35,0.8,0.5,all,119.78723404255321,47,5,10.638297872340425
2020,7-35,0.8,0.5,3,122.39130434782611,46,5,10.869565217391305
2020,7-35,0.8,0.5,4,137.31707317073173,41,5,12.195121951219512
2020,7-35,0.8,0.5,5,165.58823529411765,34,5,14.705882352941178
2020,7-35,0.8,0.6,all,57.99999999999999,15,1,6.666666666666667
2020,7-35,0.8,0.6,3,62.14285714285713,14,1,7.142857142857142
2020,7-35,0.8,0.6,4,72.5,12,1,8.333333333333332
2020,7-35,0.8,0.6,5,96.66666666666666,9,1,11.11111111111111
2020,7-35,0.8,0.7,all,0.0,5,0,0.0
2020,7-35,0.8,0.7,3,0.0,5,0,0.0
2020,7-35,0.9,0.4,all,93.15384615384616,130,10,7.6923076923076925
2020,7-35,0.9,0.4,3,89.21259842519684,127,9,7.086614173228346
2020,7-35,0.9,0.4,4,101.16071428571429,112,9,8.035714285714286
2020,7-35,0.9,0.4,5,124.50549450549451,91,9,9.89010989010989
2020,7-35,0.9,0.5,all,119.78723404255321,47,5,10.638297872340425
2020,7-35,0.9,0.5,3,122.39130434782611,46,5,10.869565217391305
2020,7-35,0.9,0.5,4,137.31707317073173,41,5,12.195121951219512
2020,7-35,0.9,0.5,5,165.58823529411765,34,5,14.705882352941178
2020,7-35,0.9,0.6,all,57.99999999999999,15,1,6.666666666666667
2020,7-35,0.9,0.6,3,62.14285714285713,14,1,7.142857142857142
2020,7-35,0.9,0.6,4,72.5,12,1,8.333333333333332
2020,7-35,0.9,0.6,5,96.66666666666666,9,1,11.11111111111111
2020,7-35,0.9,0.7,all,0.0,5,0,0.0
2020,7-35,0.9,0.7,3,0.0,5,0,0.0
2020,7-35,1.0,0.4,all,93.15384615384616,130,10,7.6923076923076925
2020,7-35,1.0,0.4,3,89.21259842519684,127,9,7.086614173228346
2020,7-35,1.0,0.4,4,101.16071428571429,112,9,8.035714285714286
2020,7-35,1.0,0.4,5,124.50549450549451,91,9,9.89010989010989
2020,7-35,1.0,0.5,all,119.78723404255321,47,5,10.638297872340425
2020,7-35,1.0,0.5,3,122.39130434782611,46,5,10.869565217391305
2020,7-35,1.0,0.5,4,137.31707317073173,41,5,12.195121951219512
2020,7-35,1.0,0.5,5,165.58823529411765,34,5,14.705882352941178
2020,7-35,1.0,0.6,all,57.99999999999999,15,1,6.666666666666667
2020,7-35,1.0,0.6,3,62.14285714285713,14,1,7.142857142857142
2020,7-35,1.0,0.6,4,72.5,12,1,8.333333333333332
2020,7-35,1.0,0.6,5,96.66666666666666,9,1,11.11111111111111
2020,7-35,1.0,0.7,all,0.0,5,0,0.0
2020,7-35,1.0,0.7,3,0.0,5,0,0.0
2020,7-35,1.2,0.4,all,93.15384615384616,130,10,7.6923076923076925
2020,7-35,1.2,0.4,3,89.21259842519684,127,9,7.086614173228346
2020,7-35,1.2,0.4,4,101.16071428571429,112,9,8.035714285714286
2020,7-35,1.2,0.4,5,124.50549450549451,91,9,9.89010989010989
2020,7-35,1.2,0.5,all,119.78723404255321,47,5,10.638297872340425
2020,7-35,1.2,0.5,3,122.39130434782611,46,5,10.869565217391305
2020,7-35,1.2,0.5,4,137.31707317073173,41,5,12.195121951219512
2020,7-35,1.2,0.5,5,165.58823529411765,34,5,14.705882352941178
2020,7-35,1.2,0.6,all,57.99999999999999,15,1,6.666666666666667
2020,7-35,1.2,0.6,3,62.14285714285713,14,1,7.142857142857142
2020,7-35,1.2,0.6,4,72.5,12,1,8.333333333333332
2020,7-35,1.2,0.6,5,96.66666666666666,9,1,11.11111111111111
2020,7-35,1.2,0.7,all,0.0,5,0,0.0
2020,7-35,1.2,0.7,3,0.0,5,0,0.0
2020,8-40,0.5,0.4,all,96.01694915254238,118,9,7.627118644067797
2020,8-40,0.5,0.4,3,96.01694915254238,118,9,7.627118644067797
2020,8-40,0.5,0.4,4,102.07207207207207,111,9,8.108108108108109
2020,8-40,0.5,0.4,5,118.02083333333333,96,9,9.375
2020,8-40,0.5,0.5,all,144.35897435897436,39,5,12.82051282051282
2020,8-40,0.5,0.5,3,144.35897435897436,39,5,12.82051282051282
2020,8-40,0.5,0.5,4,152.1621621621622,37,5,13.513513513513514
2020,8-40,0.5,0.5,5,175.9375,32,5,15.625
2020,8-40,0.5,0.6,all,79.0909090909091,11,1,9.090909090909092
2020,8-40,0.5,0.6,3,79.0909090909091,11,1,9.090909090909092
2020,8-40,0.5,0.6,4,96.66666666666666,9,1,11.11111111111111
2020,8-40,0.5,0.6,5,108.74999999999999,8,1,12.5
2020,8-40,0.5,0.7,all,0.0,5,0,0.0
2020,8-40,0.5,0.7,3,0.0,5,0,0.0
2020,8-40,0.6,0.4,all,96.01694915254238,118,9,7.627118644067797
2020,8-40,0.6,0.4,3,96.01694915254238,118,9,7.627118644067797
2020,8-40,0.6,0.4,4,102.07207207207207,111,9,8.108108108108109
2020,8-40,0.6,0.4,5,118.02083333333333,96,9,9.375
2020,8-40,0.6,0.5,all,144.35897435897436,39,5,12.82051282051282
2020,8-40,0.6,0.5,3,144.35897435897436,39,5,12.82051282051282
2020,8-40,0.6,0.5,4,152.1621621621622,37,5,13.513513513513514
2020,8-40,0.6,0.5,5,175.9375,32,5,15.625
2020,8-40,0.6,0.6,all,79.0909090909091,11,1,9.090909090909092
2020,8-40,0.6,0.6,3,79.0909090909091,11,1,9.090909090909092
2020,8-40,0.6,0.6,4,96.66666666666666,9,1,11.11111111111111
2020,8-40,0.6,0.6,5,108.74999999999999,8,1,12.5
2020,8-40,0.6,0.7,all,0.0,5,0,0.0
2020,8-40,0.6,0.7,3,0.0,5,0,0.0
2020,8-40,0.7,0.4,all,96.01694915254238,118,9,7.627118644067797
2020,8-40,0.7,0.4,3,96.01694915254238,118,9,7.627118644067797
2020,8-40,0.7,0.4,4,102.07207207207207,111,9,8.108108108108109
2020,8-40,0.7,0.4,5,118.02083333333333,96,9,9.375
2020,8-40,0.7,0.5,all,144.35897435897436,39,5,12.82051282051282
2020,8-40,0.7,0.5,3,144.35897435897436,39,5,12.82051282051282
2020,8-40,0.7,0.5,4,152.1621621621622,37,5,13.513513513513514
2020,8-40,0.7,0.5,5,175.9375,32,5,15.625
2020,8-40,0.7,0.6,all,79.0909090909091,11,1,9.090909090909092
2020,8-40,0.7,0.6,3,79.0909090909091,11,1,9.090909090909092
2020,8-40,0.7,0.6,4,96.66666666666666,9,1,11.11111111111111
2020,8-40,0.7,0.6,5,108.74999999999999,8,1,12.5
2020,8-40,0.7,0.7,all,0.0,5,0,0.0
2020,8-40,0.7,0.7,3,0.0,5,0,0.0
2020,8-40,0.8,0.4,all,96.01694915254238,118,9,7.627118644067797
2020,8-40,0.8,0.4,3,96.01694915254238,118,9,7.627118644067797
2020,8-40,0.8,0.4,4,102.07207207207207,111,9,8.108108108108109
2020,8-40,0.8,0.4,5,118.02083333333333,96,9,9.375
2020,8-40,0.8,0.5,all,144.35897435897436,39,5,12.82051282051282
2020,8-40,0.8,0.5,3,144.35897435897436,39,5,12.82051282051282
2020,8-40,0.8,0.5,4,152.1621621621622,37,5,13.513513513513514
2020,8-40,0.8,0.5,5,175.9375,32,5,15.625
2020,8-40,0.8,0.6,all,79.0909090909091,11,1,9.090909090909092
2020,8-40,0.8,0.6,3,79.0909090909091,11,1,9.090909090909092
2020,8-40,0.8,0.6,4,96.66666666666666,9,1,11.11111111111111
2020,8-40,0.8,0.6,5,108.74999999999999,8,1,12.5
2020,8-40,0.8,0.7,all,0.0,5,0,0.0
2020,8-40,0.8,0.7,3,0.0,5,0,0.0
2020,8-40,0.9,0.4,all,96.01694915254238,118,9,7.627118644067797
2020,8-40,0.9,0.4,3,96.01694915254238,118,9,7.627118644067797
2020,8-40,0.9,0.4,4,102.07207207207207,111,9,8.108108108108109
2020,8-40,0.9,0.4,5,118.02083333333333,96,9,9.375
2020,8-40,0.9,0.5,all,144.35897435897436,39,5,12.82051282051282
2020,8-40,0.9,0.5,3,144.35897435897436,39,5,12.82051282051282
2020,8-40,0.9,0.5,4,152.1621621621622,37,5,13.513513513513514
2020,8-40,0.9,0.5,5,175.9375,32,5,15.625
2020,8-40,0.9,0.6,all,79.0909090909091,11,1,9.090909090909092
2020,8-40,0.9,0.6,3,79.0909090909091,11,1,9.090909090909092
2020,8-40,0.9,0.6,4,96.66666666666666,9,1,11.11111111111111
2020,8-40,0.9,0.6,5,108.74999999999999,8,1,12.5
2020,8-40,0.9,0.7,all,0.0,5,0,0.0
2020,8-40,0.9,0.7,3,0.0,5,0,0.0
2020,8-40,1.0,0.4,all,96.01694915254238,118,9,7.627118644067797
2020,8-40,1.0,0.4,3,96.01694915254238,118,9,7.627118644067797
2020,8-40,1.0,0.4,4,102.07207207207207,111,9,8.108108108108109
2020,8-40,1.0,0.4,5,118.02083333333333,96,9,9.375
2020,8-40,1.0,0.5,all,144.35897435897436,39,5,12.82051282051282
2020,8-40,1.0,0.5,3,144.35897435897436,39,5,12.82051282051282
2020,8-40,1.0,0.5,4,152.1621621621622,37,5,13.513513513513514
2020,8-40,1.0,0.5,5,175.9375,32,5,15.625
2020,8-40,1.0,0.6,all,79.0909090909091,11,1,9.090909090909092
2020,8-40,1.0,0.6,3,79.0909090909091,11,1,9.090909090909092
2020,8-40,1.0,0.6,4,96.66666666666666,9,1,11.11111111111111
2020,8-40,1.0,0.6,5,108.74999999999999,8,1,12.5
2020,8-40,1.0,0.7,all,0.0,5,0,0.0
2020,8-40,1.0,0.7,3,0.0,5,0,0.0
2020,8-40,1.2,0.4,all,96.01694915254238,118,9,7.627118644067797
2020,8-40,1.2,0.4,3,96.01694915254238,118,9,7.627118644067797
2020,8-40,1.2,0.4,4,102.07207207207207,111,9,8.108108108108109
2020,8-40,1.2,0.4,5,118.02083333333333,96,9,9.375
2020,8-40,1.2,0.5,all,144.35897435897436,39,5,12.82051282051282
2020,8-40,1.2,0.5,3,144.35897435897436,39,5,12.82051282051282
2020,8-40,1.2,0.5,4,152.1621621621622,37,5,13.513513513513514
2020,8-40,1.2,0.5,5,175.9375,32,5,15.625
2020,8-40,1.2,0.6,all,79.0909090909091,11,1,9.090909090909092
2020,8-40,1.2,0.6,3,79.0909090909091,11,1,9.090909090909092
2020,8-40,1.2,0.6,4,96.66666666666666,9,1,11.11111111111111
2020,8-40,1.2,0.6,5,108.74999999999999,8,1,12.5
2020,8-40,1.2,0.7,all,0.0,5,0,0.0
2020,8-40,1.2,0.7,3,0.0,5,0,0.0
