2006106754
2007100107
2007100624
2007100828
2007101410
2007106312
2007106537
2008100175
2008100267
2008100495
2008100889
2008101012
2008101058
2008101076
2008101196
2008101350
2008101384
2008101645
2008101952
2008102064
2008102205
2008102251
2008102492
2008102614
2008102644
2008103002
2008103069
2008103165
2008103173
2008103192
2008103265
2008103273
2008103400
2008103812
2008103870
2008104268
2008104413
2008104467
2008104739
2008104798
2008104812
2008104829
2008104835
2008104899
2008104924
2008104956
2008105524
2008105887
2008106025
2008110131
2008110132
2009100335
2009100359
2009100378
2009100502
2009100509
2009100515
2009100547
2009100570
2009100598
2009100623
2009100667
2009100680
2009100706
2009100777
2009100949
2009100957
2009100967
2009100970
2009100973
2009100976
2009101016
2009101079
2009101266
2009101274
2009101297
2009101391
2009101598
2009101633
2009101967
2009101968
2009101989
2009101991
2009102028
2009102058
2009102128
2009102195
2009102216
2009102469
2009102471
2009102477
2009102554
2009102606
2009102640
2009102663
2009102678
2009103165
2009103182
2009103377
2009103405
2009103431
2009103439
2009103495
2009103514
2009103516
2009103736
2009103816
2009103847
2009103929
2009104366
2009104374
2009104380
2009104499
2009104505
2009104540
2009104585
2009104837
2009104857
2009104888
2009104934
2009104977
2009105006
2009105009
2009105023
2009105122
2009105131
2009105278
2009105342
2009105378
2009105407
2009105421
2009105485
2009105512
2009105732
2009105734
2009105738
2009105766
2009105779
2009105825
2009105855
2009105863
2009105877
2009105926
2009105928
2009106014
2009106017
2009106035
2009106056
2009106109
2009106181
2009106222
2009106242
2009106246
2009106291
2009106306
2009106315
2009106336
2009106351
2009106384
2009106386
2009106388
2009106464
2009106572
2009106679
2009106686
2009109113
2009110017
2009110026
2010100034
2010100035
2010100070
2010100097
2010100109
2010100115
2010100155
2010100165
2010100200
2010100280
2010100307
2010100328
2010100330
2010100331
2010100356
2010100451
2010100458
2010100460
2010100463
2010100483
2010100517
2010100524
2010100531
2010100540
2010100590
2010100602
2010100656
2010100675
2010100690
2010100707
2010100752
2010100777
2010100784
2010100819
2010100847
2010100855
2010100864
2010100880
2010100944
2010100960
2010100967
2010100975
2010101020
2010101025
2010101155
2010101161
2010101227
2010101256
2010101257
2010101326
2010101435
2010101475
2010101478
2010101505
2010101534
2010101569
2010101580
2010101581
2010101588
2010101660
2010101667
2010101767
2010101775
2010101798
2010101834
2010101884
2010101947
2010101956
2010101958
2010101965
2010101988
2010102007
2010102011
2010102050
2010102094
2010102111
2010102202
2010102214
2010102243
2010102252
2010102255
2010102288
2010102337
2010102402
2010102405
2010102446
2010102449
2010102459
2010102488
2010102500
2010102514
2010102569
2010102597
2010102599
2010102603
2010102621
2010102630
2010102637
2010102640
2010102675
2010102709
2010102776
2010102853
2010102857
2010102884
2010102915
2010102928
2010102950
2010103004
2010103012
2010103013
2010103016
2010103151
2010103165
2010103182
2010103203
2010103225
2010103248
2010103284
2010103287
2010103289
2010103291
2010103292
2010103303
2010103339
2010103359
2010103540
2010103543
2010103556
2010103574
2010103579
2010103602
2010103608
2010103686
2010103687
2010103731
2010103767
2010103783
2010103786
2010103789
2010103795
2010103798
2010103834
2010103873
2010103888
2010103911
2010103915
2010103921
2010103926
2010103927
2010103963
2010104022
2010104029
2010104031
2010104032
2010104033
2010104038
2010104042
2010104044
2010104048
2010104068
2010104079
2010104080
2010104096
2010104098
2010104105
2010104111
2010104113
2010104123
2010104134
2010104159
2010104176
2010104192
2010104208
2010104213
2010104248
2010104253
2010104256
2010104261
2010104262
2010104287
2010104296
2010104297
2010104343
2010104370
2010104398
2010104406
2010104407
2010104412
2010104432
2010104439
2010104453
2010104458
2010104486
2010104503
2010104510
2010104551
2010104559
2010104560
2010104562
2010104563
2010104631
2010104680
2010104696
2010104698
2010104732
2010104837
2010104858
2010104866
2010104870
2010104875
2010104880
2010104886
2010104888
2010104897
2010104902
2010104916
2010104967
2010104985
2010104993
2010105027
2010105118
2010105143
2010105167
2010105192
2010105298
2010105445
2010105554
2010105586
2010105629
2010105639
2010105716
2010105786
2010105787
2010105824
2010105845
2010105860
2010105861
2010105871
2010105872
2010105892
2010105893
2010105896
2010105904
2010105912
2010105964
2010106032
2010106163
2010106229
2010106242
2010106256
2010106366
2010106400
2010106460
2010106467
2010106531
2010106548
2010106549
2010106550
2010109051
2010109118
2010109123
2010109140
2010109144
2010110013
2010110014
2010110015
2010110044
2010110052
2010110063
2010110064
2010110078
2010110088
2010110105
2010110127
2010110140
2010190006
2010200007
2011100016
2011100018
2011100019
2011100024
2011100036
2011100057
2011100063
2011100066
2011100069
2011100083
2011100136
2011100139
2011100187
2011100189
2011100191
2011100192
2011100215
2011100289
2011100296
2011100297
2011100323
2011100325
2011100348
2011100359
2011100360
2011100363
2011100364
2011100368
2011100377
2011100379
2011100405
2011100416
2011100417
2011100419
2011100420
2011100494
2011100497
2011100511
2011100544
2011100553
2011100582
2011100584
2011100590
2011100603
2011100625
2011100628
2011100636
2011100637
2011100643
2011100647
2011100651
2011100668
2011100705
2011100715
2011100740
2011100790
2011100796
2011100822
2011100856
2011100864
2011100906
2011100910
2011100912
2011100930
2011100941
2011100951
2011100964
2011100976
2011100988
2011101002
2011101031
2011101037
2011101038
2011101041
2011101042
2011101045
2011101046
2011101086
2011101089
2011101095
2011101117
2011101125
2011101138
2011101149
2011101158
2011101161
2011101180
2011101188
2011101189
2011101225
2011101280
2011101329
2011101337
2011101354
2011101389
2011101390
2011101394
2011101409
2011101411
2011101451
2011101463
2011101468
2011101476
2011101479
2011101513
2011101542
2011101574
2011101594
2011101638
2011101687
2011101693
2011101698
2011101699
2011101724
2011101727
2011101732
2011101737
2011101738
2011101740
2011101749
2011101754
2011101761
2011101773
2011101774
2011101775
2011101776
2011101777
2011101778
2011101782
2011101783
2011101806
2011101814
2011101819
2011101830
2011101837
2011101843
2011101865
2011101882
2011101907
2011101909
2011101915
2011101921
2011101936
2011101958
2011102001
2011102008
2011102026
2011102041
2011102050
2011102051
2011102063
2011102071
2011102076
2011102100
2011102102
2011102115
2011102118
2011102128
2011102141
2011102144
2011102151
2011102166
2011102177
2011102201
2011102221
2011102225
2011102236
2011102273
2011102281
2011102290
2011102340
2011102351
2011102353
2011102392
2011102419
2011102438
2011102450
2011102464
2011102508
2011102511
2011102512
2011102515
2011102525
2011102529
2011102532
2011102536
2011102537
2011102545
2011102547
2011102548
2011102551
2011102556
2011102559
2011102560
2011102576
2011102577
2011102579
2011102602
2011102616
2011102696
2011102712
2011102731
2011102736
2011102826
2011102827
2011102872
2011102874
2011102894
2011102899
2011102912
2011102929
2011102947
2011102995
2011103009
2011103040
2011103048
2011103071
2011103072
2011103075
2011103078
2011103079
2011103089
2011103097
2011103108
2011103111
2011103129
2011103132
2011103159
2011103175
2011103191
2011103229
2011103280
2011103307
2011103324
2011103328
2011103332
2011103348
2011103385
2011103386
2011103400
2011103403
2011103408
2011103410
2011103412
2011103420
2011103430
2011103431
2011103443
2011103445
2011103449
2011103479
2011103483
2011103485
2011103501
2011103509
2011103511
2011103520
2011103537
2011103545
2011103554
2011103555
2011103559
2011103565
2011103567
2011103569
2011103572
2011103583
2011103590
2011103594
2011103607
2011103613
2011103618
2011103620
2011103629
2011103632
2011103635
2011103639
2011103649
2011103650
2011103670
2011103673
2011103679
2011103681
2011103685
2011103688
2011103690
2011103692
2011103695
2011103696
2011103699
2011103702
2011103704
2011103722
2011103736
2011103738
2011103739
2011103741
2011103758
2011103763
2011103768
2011103775
2011103777
2011103780
2011103783
2011103788
2011103789
2011103794
2011103797
2011103805
2011103812
2011103816
2011103819
2011103821
2011103825
2011103829
2011103833
2011103836
2011103837
2011103838
2011103852
2011103854
2011103857
2011103858
2011103862
2011103869
2011103871
2011103872
2011103874
2011103876
2011103886
2011103894
2011103899
2011103900
2011103905
2011103906
2011103928
2011103929
2011103930
2011103937
2011103940
2011103941
2011103944
2011103946
2011103952
2011103956
2011103958
2011103959
2011103964
2011103973
2011103974
2011103978
2011103979
2011103985
2011103988
2011103989
2011103990
2011103993
2011104001
2011104008
2011104010
2011104013
2011104014
2011104019
2011104022
2011104026
2011104030
2011104031
2011104032
2011104046
2011104051
2011104052
2011104056
2011104063
2011104065
2011104070
2011104071
2011104074
2011104075
2011104076
2011104083
2011104084
2011104090
2011104092
2011104097
2011104098
2011104110
2011104111
2011104114
2011104117
2011104118
2011104121
2011104124
2011104139
2011104144
2011104148
2011104166
2011104167
2011104171
2011104172
2011104176
2011104182
2011104184
2011104185
2011104189
2011104191
2011104195
2011104196
2011104201
2011104205
2011104222
2011104228
2011104230
2011104231
2011104232
2011104237
2011104243
2011104253
2011104256
2011104260
2011104263
2011104269
2011104272
2011104273
2011104282
2011104283
2011104284
2011104289
2011104293
2011104295
2011104297
2011104306
2011104308
2011104309
2011104321
2011104326
2011104329
2011104335
2011104340
2011104343
2011104344
2011104353
2011104366
2011104371
2011104377
2011104391
2011104402
2011104416
2011104417
2011104419
2011104420
2011104429
2011104437
2011104443
2011104451
2011104452
2011104454
2011104456
2011104461
2011104471
2011104477
2011104481
2011104487
2011104489
2011104500
2011104543
2011104557
2011104560
2011104563
2011104568
2011104575
2011104612
2011104626
2011104627
2011104639
2011104643
2011104665
2011104676
2011104682
2011104693
2011104700
2011104713
2011104718
2011104724
2011104725
2011104731
2011104759
2011104761
2011104803
2011104824
2011104825
2011104831
2011104833
2011104837
2011104855
2011104856
2011104859
2011104879
2011104883
2011104884
2011104888
2011104896
2011104950
2011104957
2011104991
2011104993
2011104994
2011104995
2011104997
2011105000
2011105005
2011105044
2011105050
2011105053
2011105057
2011105062
2011105069
2011105072
2011105075
2011105077
2011105078
2011105086
2011105094
2011105098
2011105107
2011105112
2011105136
2011105155
2011105180
2011105200
2011105223
2011105225
2011105232
2011105235
2011105236
2011105241
2011105245
2011105260
2011105264
2011105266
2011105272
2011105321
2011105322
2011105337
2011105350
2011105353
2011105359
2011105370
2011105395
2011105404
2011105410
2011105438
2011105439
2011105442
2011105451
2011105458
2011105477
2011105519
2011105520
2011105525
2011105534
2011105535
2011105539
2011105541
2011105545
2011105548
2011105562
2011105577
2011105579
2011105580
2011105627
2011105661
2011105664
2011105685
2011105687
2011105712
2011105747
2011105788
2011105789
2011105804
2011105806
2011105816
2011105824
2011105825
2011105838
2011105849
2011105881
2011105887
2011105889
2011105890
2011105897
2011105898
2011105901
2011105905
2011105911
2011105913
2011105914
2011105920
2011105932
2011105940
2011105960
2011105967
2011105968
2011105971
2011105974
2011105975
2011105976
2011105992
2011105995
2011105998
2011105999
2011106002
2011106021
2011106046
2011106065
2011106067
2011106071
2011106074
2011106095
2011106102
2011106130
2011106163
2011106181
2011106193
2011106242
2011106267
2011106273
2011106314
2011106326
2011106329
2011106338
2011106350
2011106372
2011106377
2011106393
2011106394
2011106405
2011106417
2011106424
2011106427
2011106466
2011106481
2011106508
2011106522
2011106529
2011106532
2011106544
2011106545
2011106559
2011106567
2011106571
2011106573
2011106574
2011106588
2011106610
2011106613
2011106614
2011109010
2011109012
2011109108
2011109120
2011109135
2011109147
2011109160
2011109191
2011109234
2011110003
2011110009
2011110020
2011110038
2011110041
2011110044
2011110054
2011110059
2011110062
2011110064
2011110065
2011110069
2011110074
2011110085
2011110086
2011110089
2011110090
2011110093
2011110096
2011110097
2011110099
2011110102
2011110107
2011110108
2011190004
2011190005
2011190006
2011190007
2011190008
2012100005
2012100009
2012100017
2012100048
2012100055
2012100056
2012100075
2012100079
2012100085
2012100086
2012100089
2012100091
2012100100
2012100116
2012100119
2012100153
2012100162
2012100198
2012100208
2012100225
2012100231
2012100233
2012100236
2012100243
2012100245
2012100246
2012100255
2012100260
2012100276
2012100277
2012100285
2012100286
2012100287
2012100289
2012100308
2012100309
2012100331
2012100342
2012100355
2012100358
2012100361
2012100363
2012100401
2012100406
2012100407
2012100411
2012100412
2012100413
2012100436
2012100461
2012100481
2012100491
2012100494
2012100495
2012100511
2012100517
2012100518
2012100528
2012100529
2012100531
2012100539
2012100545
2012100555
2012100560
2012100564
2012100565
2012100568
2012100577
2012100582
2012100583
2012100587
2012100591
2012100592
2012100599
2012100600
2012100601
2012100604
2012100608
2012100609
2012100610
2012100613
2012100617
2012100619
2012100620
2012100623
2012100624
2012100626
2012100627
2012100636
2012100654
2012100657
2012100662
2012100671
2012100672
2012100680
2012100683
2012100690
2012100691
2012100734
2012100738
2012100740
2012100744
2012100755
2012100777
2012100779
2012100781
2012100793
2012100798
2012100801
2012100808
2012100815
2012100825
2012100834
2012100841
2012100849
2012100853
2012100854
2012100877
2012100883
2012100889
2012100895
2012100898
2012100903
2012100912
2012100913
2012100922
2012100927
2012100934
2012100936
2012100939
2012100953
2012100961
2012100974
2012100991
2012100996
2012100997
2012100999
2012101006
2012101010
2012101011
2012101013
2012101015
2012101018
2012101021
2012101022
2012101039
2012101040
2012101055
2012101064
2012101073
2012101087
2012101095
2012101108
2012101116
2012101117
2012101124
2012101126
2012101132
2012101139
2012101143
2012101150
2012101154
2012101157
2012101173
2012101184
2012101185
2012101186
2012101201
2012101205
2012101212
2012101213
2012101214
2012101215
2012101216
2012101232
2012101246
2012101248
2012101252
2012101265
2012101282
2012101289
2012101290
2012101317
2012101321
2012101323
2012101324
2012101328
2012101333
2012101342
2012101349
2012101351
2012101354
2012101355
2012101358
2012101359
2012101363
2012101365
2012101374
2012101375
2012101379
2012101380
2012101382
2012101386
2012101393
2012101394
2012101402
2012101406
2012101409
2012101421
2012101422
2012101430
2012101435
2012101436
2012101438
2012101461
2012101462
2012101466
2012101477
2012101483
2012101489
2012101499
2012101502
2012101504
2012101505
2012101513
2012101515
2012101517
2012101528
2012101533
2012101540
2012101555
2012101567
2012101568
2012101586
2012101593
2012101602
2012101621
2012101624
2012101641
2012101643
2012101673
2012101675
2012101683
2012101685
2012101691
2012101704
2012101712
2012101715
2012101723
2012101725
2012101764
2012101765
2012101775
2012101787
2012101797
2012101801
2012101804
2012101809
2012101814
2012101815
2012101830
2012101842
2012101855
2012101868
2012101889
2012101890
2012101892
2012101894
2012101895
2012101907
2012101913
2012101936
2012101937
2012101961
2012101963
2012101970
2012101971
2012101974
2012101980
2012101989
2012102006
2012102008
2012102013
2012102017
2012102024
2012102026
2012102028
2012102034
2012102052
2012102056
2012102059
2012102070
2012102080
2012102082
2012102090
2012102092
2012102094
2012102095
2012102116
2012102119
2012102147
2012102157
2012102159
2012102169
2012102178
2012102179
2012102184
2012102185
2012102188
2012102200
2012102209
2012102212
2012102222
2012102265
2012102271
2012102277
2012102281
2012102287
2012102290
2012102298
2012102301
2012102305
2012102308
2012102314
2012102341
2012102357
2012102358
2012102359
2012102404
2012102411
2012102418
2012102422
2012102452
2012102456
2012102463
2012102466
2012102467
2012102477
2012102486
2012102498
2012102503
2012102504
2012102520
2012102542
2012102554
2012102557
2012102566
2012102583
2012102591
2012102595
2012102600
2012102604
2012102624
2012102641
2012102648
2012102649
2012102651
2012102673
2012102675
2012102678
2012102682
2012102699
2012102701
2012102708
2012102714
2012102727
2012102736
2012102740
2012102741
2012102743
2012102746
2012102747
2012102753
2012102758
2012102766
2012102771
2012102773
2012102774
2012102808
2012102810
2012102815
2012102816
2012102824
2012102830
2012102832
2012102840
2012102843
2012102845
2012102848
2012102849
2012102852
2012102855
2012102856
2012102865
2012102883
2012102897
2012102907
2012102915
2012102921
2012102939
2012102942
2012102956
2012102958
2012102967
2012102978
2012102981
2012102984
2012102985
2012103017
2012103026
2012103029
2012103033
2012103064
2012103069
2012103076
2012103115
2012103119
2012103129
2012103134
2012103138
2012103141
2012103142
2012103146
2012103168
2012103180
2012103182
2012103185
2012103189
2012103191
2012103193
2012103200
2012103204
2012103205
2012103207
2012103211
2012103216
2012103224
2012103249
2012103262
2012103265
2012103286
2012103287
2012103295
2012103296
2012103305
2012103318
2012103337
2012103338
2012103341
2012103348
2012103352
2012103376
2012103379
2012103387
2012103399
2012103404
2012103405
2012103410
2012103425
2012103426
2012103429
2012103439
2012103443
2012103457
2012103472
2012103476
2012103477
2012103478
2012103484
2012103485
2012103486
2012103491
2012103493
2012103494
2012103496
2012103499
2012103502
2012103504
2012103508
2012103532
2012103540
2012103554
2012103557
2012103566
2012103583
2012103591
2012103592
2012103599
2012103615
2012103624
2012103628
2012103633
2012103634
2012103641
2012103642
2012103648
2012103656
2012103657
2012103663
2012103669
2012103680
2012103681
2012103683
2012103703
2012103704
2012103708
2012103711
2012103720
2012103724
2012103729
2012103730
2012103731
2012103752
2012103768
2012103772
2012103780
2012103796
2012103809
2012103815
2012103823
2012103827
2012103839
2012103844
2012103849
2012103851
2012103870
2012103874
2012103881
2012103910
2012103911
2012103917
2012103921
2012103929
2012103930
2012103931
2012103932
2012103942
2012103944
2012103946
2012103950
2012103951
2012103962
2012103979
2012103980
2012103981
2012103986
2012103988
2012103991
2012103997
2012104003
2012104008
2012104018
2012104019
2012104037
2012104044
2012104050
2012104052
2012104053
2012104054
2012104056
2012104057
2012104061
2012104062
2012104064
2012104065
2012104067
2012104072
2012104074
2012104076
2012104078
2012104080
2012104082
2012104083
2012104084
2012104085
2012104087
2012104094
2012104098
2012104103
2012104104
2012104105
2012104108
2012104110
2012104112
2012104115
2012104116
2012104119
2012104121
2012104122
2012104124
2012104125
2012104126
2012104128
2012104133
2012104134
2012104135
2012104136
2012104138
2012104139
2012104140
2012104142
2012104147
2012104152
2012104153
2012104158
2012104164
2012104165
2012104167
2012104168
2012104172
2012104173
2012104180
2012104181
2012104182
2012104188
2012104189
2012104192
2012104194
2012104196
2012104203
2012104207
2012104208
2012104210
2012104217
2012104220
2012104221
2012104222
2012104230
2012104235
2012104241
2012104242
2012104243
2012104246
2012104247
2012104253
2012104257
2012104259
2012104260
2012104263
2012104264
2012104268
2012104273
2012104277
2012104278
2012104281
2012104284
2012104289
2012104290
2012104293
2012104298
2012104314
2012104319
2012104329
2012104335
2012104336
2012104337
2012104340
2012104342
2012104346
2012104351
2012104360
2012104361
2012104364
2012104365
2012104367
2012104368
2012104369
2012104376
2012104385
2012104388
2012104392
2012104400
2012104401
2012104402
2012104406
2012104407
2012104418
2012104420
2012104423
2012104425
2012104426
2012104430
2012104431
2012104438
2012104440
2012104441
2012104444
2012104463
2012104464
2012104466
2012104467
2012104470
2012104471
2012104483
2012104484
2012104490
2012104491
2012104493
2012104496
2012104502
2012104503
2012104504
2012104508
2012104509
2012104510
2012104512
2012104515
2012104517
2012104519
2012104534
2012104535
2012104538
2012104539
2012104541
2012104549
2012104551
2012104552
2012104556
2012104561
2012104563
2012104569
2012104572
2012104575
2012104578
2012104581
2012104582
2012104583
2012104584
2012104594
2012104595
2012104598
2012104602
2012104605
2012104609
2012104614
2012104616
2012104617
2012104621
2012104625
2012104626
2012104633
2012104634
2012104637
2012104638
2012104643
2012104645
2012104646
2012104648
2012104650
2012104654
2012104655
2012104657
2012104659
2012104661
2012104663
2012104665
2012104666
2012104667
2012104668
2012104669
2012104672
2012104675
2012104676
2012104678
2012104680
2012104685
2012104686
2012104690
2012104696
2012104697
2012104706
2012104708
2012104709
2012104710
2012104712
2012104713
2012104717
2012104723
2012104724
2012104730
2012104733
2012104735
2012104737
2012104740
2012104742
2012104746
2012104748
2012104750
2012104756
2012104757
2012104759
2012104760
2012104761
2012104762
2012104768
2012104772
2012104773
2012104775
2012104778
2012104780
2012104781
2012104783
2012104785
2012104786
2012104787
2012104792
2012104793
2012104794
2012104796
2012104798
2012104799
2012104801
2012104802
2012104806
2012104808
2012104809
2012104813
2012104814
2012104823
2012104825
2012104828
2012104829
2012104831
2012104832
2012104833
2012104837
2012104838
2012104840
2012104841
2012104847
2012104853
2012104855
2012104857
2012104858
2012104859
2012104866
2012104870
2012104872
2012104874
2012104878
2012104882
2012104884
2012104889
2012104891
2012104898
2012104901
2012104902
2012104905
2012104906
2012104907
2012104908
2012104913
2012104914
2012104915
2012104920
2012104922
2012104923
2012104925
2012104926
2012104929
2012104930
2012104936
2012104938
2012104941
2012104943
2012104945
2012104946
2012104966
2012104981
2012105006
2012105015
2012105020
2012105027
2012105032
2012105033
2012105070
2012105076
2012105108
2012105113
2012105115
2012105123
2012105129
2012105131
2012105157
2012105193
2012105194
2012105197
2012105200
2012105205
2012105206
2012105211
2012105212
2012105220
2012105221
2012105222
2012105237
2012105238
2012105243
2012105245
2012105252
2012105253
2012105255
2012105259
2012105263
2012105273
2012105278
2012105282
2012105304
2012105305
2012105306
2012105319
2012105320
2012105321
2012105327
2012105331
2012105337
2012105338
2012105341
2012105342
2012105350
2012105352
2012105358
2012105360
2012105361
2012105365
2012105379
2012105389
2012105397
2012105398
2012105400
2012105406
2012105409
2012105410
2012105419
2012105420
2012105425
2012105428
2012105431
2012105433
2012105434
2012105451
2012105460
2012105471
2012105474
2012105495
2012105498
2012105503
2012105505
2012105506
2012105508
2012105510
2012105519
2012105526
2012105538
2012105554
2012105563
2012105567
2012105571
2012105574
2012105582
2012105583
2012105586
2012105587
2012105598
2012105606
2012105607
2012105609
2012105612
2012105613
2012105616
2012105623
2012105632
2012105635
2012105638
2012105639
2012105640
2012105645
2012105670
2012105673
2012105677
2012105689
2012105695
2012105696
2012105703
2012105704
2012105737
2012105740
2012105741
2012105747
2012105750
2012105752
2012105764
2012105765
2012105767
2012105770
2012105774
2012105787
2012105789
2012105793
2012105799
2012105800
2012105828
2012105830
2012105832
2012105836
2012105839
2012105841
2012105842
2012105845
2012105848
2012105873
2012105890
2012105899
2012105900
2012105901
2012105903
2012105906
2012105910
2012105911
2012105917
2012105920
2012105927
2012105931
2012105934
2012105939
2012105949
2012105951
2012105953
2012105956
2012105964
2012105973
2012105975
2012105979
2012105988
2012105999
2012106003
2012106005
2012106007
2012106012
2012106018
2012106019
2012106023
2012106035
2012106039
2012106040
2012106042
2012106047
2012106052
2012106055
2012106056
2012106060
2012106071
2012106074
2012106079
2012106080
2012106091
2012106095
2012106103
2012106129
2012106134
2012106136
2012106148
2012106160
2012106162
2012106165
2012106189
2012106200
2012106216
2012106226
2012106232
2012106237
2012106250
2012106252
2012106253
2012106262
2012106270
2012106275
2012106279
2012106281
2012106289
2012106290
2012106308
2012106315
2012106346
2012106349
2012106351
2012106354
2012106358
2012106363
2012106365
2012106375
2012106376
2012106377
2012106378
2012106382
2012106388
2012106419
2012106421
2012106426
2012106435
2012106436
2012106437
2012106440
2012109053
2012109092
2012109095
2012109107
2012109120
2012109217
2012110001
2012110007
2012110011
2012110016
2012110019
2012110021
2012110028
2012110029
2012110030
2012110031
2012110034
2012110037
2012110038
2012110039
2012110040
2012110042
2012110043
2012110045
2012110050
2012110051
2012110058
2012110059
2012110061
2012110063
2012110064
2012110066
2012110067
2012110068
2012110070
2012110077
2012110079
2012110080
2012110084
2012110089
2012110090
2012110091
2012110092
2012110093
2012110094
2012110095
2012110096
2012110098
2012110100
2012110101
2012110102
2012110112
2012110113
2012110115
2012110117
2012110119
2012190003
2012190004
2012190005
2013100001
2013100005
2013100007
2013100018
2013100022
2013100028
2013100032
2013100033
2013100034
2013100041
2013100054
2013100057
2013100058
2013100062
2013100063
2013100077
2013100082
2013100083
2013100096
2013100097
2013100099
2013100102
2013100111
2013100129
2013100159
2013100175
2013100184
2013100194
2013100195
2013100202
2013100206
2013100210
2013100211
2013100214
2013100215
2013100218
2013100224
2013100243
2013100258
2013100262
2013100270
2013100295
2013100315
2013100321
2013100323
2013100332
2013100334
2013100339
2013100340
2013100345
2013100347
2013100354
2013100358
2013100359
2013100361
2013100362
2013100364
2013100376
2013100377
2013100379
2013100380
2013100381
2013100386
2013100387
2013100389
2013100390
2013100391
2013100394
2013100398
2013100399
2013100401
2013100402
2013100404
2013100406
2013100411
2013100419
2013100424
2013100427
2013100430
2013100432
2013100433
2013100435
2013100440
2013100457
2013100461
2013100463
2013100464
2013100469
2013100484
2013100488
2013100491
2013100499
2013100500
2013100505
2013100510
2013100511
2013100513
2013100520
2013100522
2013100528
2013100547
2013100549
2013100550
2013100554
2013100555
2013100561
2013100566
2013100569
2013100570
2013100572
2013100579
2013100580
2013100584
2013100590
2013100591
2013100594
2013100597
2013100601
2013100602
2013100603
2013100606
2013100612
2013100615
2013100624
2013100629
2013100632
2013100635
2013100636
2013100637
2013100640
2013100641
2013100645
2013100647
2013100654
2013100655
2013100658
2013100664
2013100675
2013100677
2013100679
2013100683
2013100685
2013100686
2013100689
2013100690
2013100700
2013100704
2013100706
2013100708
2013100711
2013100720
2013100722
2013100724
2013100731
2013100732
2013100733
2013100747
2013100753
2013100756
2013100779
2013100782
2013100783
2013100784
2013100786
2013100787
2013100812
2013100816
2013100819
2013100821
2013100826
2013100831
2013100851
2013100853
2013100865
2013100871
2013100877
2013100894
2013100900
2013100901
2013100904
2013100913
2013100915
2013100918
2013100928
2013100929
2013100930
2013100941
2013100942
2013100946
2013100948
2013100960
2013100965
2013100968
2013100974
2013100975
2013100979
2013100986
2013100991
2013100993
2013100996
2013100997
2013100998
2013100999
2013101006
2013101008
2013101023
2013101026
2013101028
2013101036
2013101040
2013101042
2013101058
2013101079
2013101084
2013101097
2013101112
2013101118
2013101119
2013101126
2013101129
2013101145
2013101152
2013101162
2013101165
2013101169
2013101178
2013101185
2013101201
2013101202
2013101203
2013101205
2013101207
2013101213
2013101236
2013101237
2013101238
2013101239
2013101246
2013101248
2013101249
2013101259
2013101264
2013101290
2013101292
2013101293
2013101296
2013101303
2013101310
2013101315
2013101325
2013101336
2013101345
2013101358
2013101359
2013101367
2013101378
2013101379
2013101381
2013101387
2013101391
2013101392
2013101394
2013101396
2013101398
2013101400
2013101407
2013101414
2013101425
2013101434
2013101438
2013101442
2013101445
2013101446
2013101447
2013101453
2013101461
2013101476
2013101481
2013101496
2013101497
2013101508
2013101511
2013101513
2013101520
2013101522
2013101526
2013101527
2013101528
2013101531
2013101546
2013101558
2013101560
2013101563
2013101566
2013101567
2013101571
2013101575
2013101578
2013101602
2013101616
2013101628
2013101630
2013101632
2013101636
2013101647
2013101650
2013101658
2013101663
2013101667
2013101671
2013101678
2013101694
2013101695
2013101699
2013101702
2013101710
2013101711
2013101713
2013101718
2013101726
2013101727
2013101729
2013101732
2013101737
2013101739
2013101745
2013101748
2013101753
2013101758
2013101763
2013101765
2013101769
2013101771
2013101772
2013101779
2013101793
2013101794
2013101795
2013101798
2013101799
2013101803
2013101817
2013101819
2013101822
2013101824
2013101828
2013101835
2013101836
2013101838
2013101839
2013101842
2013101844
2013101846
2013101848
2013101861
2013101864
2013101866
2013101868
2013101869
2013101871
2013101873
2013101874
2013101883
2013101887
2013101893
2013101901
2013101902
2013101904
2013101910
2013101912
2013101919
2013101924
2013101925
2013101928
2013101930
2013101932
2013101938
2013101939
2013101945
2013101946
2013101955
2013101959
2013101965
2013101969
2013101974
2013101985
2013101990
2013101996
2013101999
2013102002
2013102005
2013102010
2013102012
2013102016
2013102021
2013102022
2013102025
2013102031
2013102034
2013102036
2013102037
2013102041
2013102042
2013102050
2013102052
2013102053
2013102057
2013102061
2013102065
2013102086
2013102088
2013102094
2013102098
2013102100
2013102105
2013102112
2013102117
2013102129
2013102133
2013102148
2013102154
2013102157
2013102171
2013102173
2013102177
2013102183
2013102190
2013102192
2013102193
2013102194
2013102196
2013102199
2013102205
2013102209
2013102214
2013102217
2013102232
2013102245
2013102259
2013102269
2013102271
2013102272
2013102273
2013102275
2013102276
2013102278
2013102280
2013102295
2013102296
2013102301
2013102307
2013102309
2013102310
2013102313
2013102314
2013102317
2013102323
2013102336
2013102337
2013102342
2013102344
2013102345
2013102348
2013102351
2013102358
2013102360
2013102362
2013102364
2013102378
2013102384
2013102398
2013102399
2013102403
2013102414
2013102424
2013102427
2013102430
2013102460
2013102470
2013102472
2013102476
2013102478
2013102479
2013102480
2013102482
2013102488
2013102489
2013102492
2013102500
2013102503
2013102504
2013102513
2013102515
2013102518
2013102521
2013102529
2013102530
2013102534
2013102541
2013102544
2013102547
2013102549
2013102552
2013102553
2013102571
2013102575
2013102583
2013102589
2013102594
2013102596
2013102598
2013102606
2013102607
2013102626
2013102631
2013102666
2013102671
2013102672
2013102679
2013102680
2013102681
2013102684
2013102687
2013102691
2013102693
2013102700
2013102710
2013102716
2013102717
2013102718
2013102727
2013102729
2013102730
2013102766
2013102770
2013102771
2013102781
2013102792
2013102794
2013102795
2013102798
2013102801
2013102806
2013102812
2013102815
2013102819
2013102820
2013102825
2013102826
2013102827
2013102828
2013102829
2013102834
2013102838
2013102840
2013102841
2013102843
2013102848
2013102849
2013102854
2013102855
2013102856
2013102858
2013102861
2013102872
2013102876
2013102878
2013102879
2013102880
2013102881
2013102894
2013102895
2013102897
2013102907
2013102912
2013102916
2013102917
2013102932
2013102933
2013102934
2013102938
2013102941
2013102945
2013102946
2013102951
2013102955
2013102956
2013102958
2013102959
2013102960
2013102967
2013102978
2013102983
2013102986
2013102997
2013103001
2013103003
2013103004
2013103006
2013103013
2013103016
2013103024
2013103029
2013103033
2013103049
2013103050
2013103060
2013103065
2013103081
2013103082
2013103085
2013103094
2013103098
2013103101
2013103117
2013103133
2013103137
2013103138
2013103139
2013103144
2013103153
2013103154
2013103157
2013103160
2013103162
2013103167
2013103179
2013103189
2013103196
2013103213
2013103217
2013103229
2013103231
2013103232
2013103234
2013103243
2013103245
2013103249
2013103250
2013103256
2013103267
2013103288
2013103290
2013103292
2013103294
2013103297
2013103299
2013103301
2013103305
2013103311
2013103324
2013103331
2013103332
2013103338
2013103343
2013103347
2013103349
2013103350
2013103351
2013103352
2013103370
2013103379
2013103385
2013103386
2013103387
2013103390
2013103391
2013103395
2013103396
2013103403
2013103405
2013103408
2013103410
2013103413
2013103416
2013103425
2013103427
2013103428
2013103430
2013103434
2013103441
2013103443
2013103444
2013103447
2013103448
2013103457
2013103460
2013103464
2013103471
2013103475
2013103484
2013103486
2013103488
2013103489
2013103491
2013103496
2013103497
2013103498
2013103499
2013103502
2013103503
2013103507
2013103509
2013103514
2013103520
2013103521
2013103523
2013103526
2013103528
2013103531
2013103537
2013103551
2013103554
2013103564
2013103567
2013103568
2013103569
2013103572
2013103573
2013103576
2013103579
2013103582
2013103589
2013103590
2013103597
2013103599
2013103604
2013103606
2013103611
2013103613
2013103614
2013103616
2013103617
2013103618
2013103619
2013103621
2013103624
2013103627
2013103629
2013103638
2013103646
2013103649
2013103651
2013103653
2013103656
2013103665
2013103668
2013103671
2013103674
2013103678
2013103679
2013103682
2013103684
2013103687
2013103688
2013103690
2013103691
2013103699
2013103703
2013103705
2013103707
2013103712
2013103720
2013103722
2013103725
2013103727
2013103734
2013103735
2013103738
2013103739
2013103740
2013103743
2013103749
2013103756
2013103760
2013103767
2013103771
2013103772
2013103773
2013103774
2013103776
2013103777
2013103781
2013103784
2013103786
2013103792
2013103793
2013103801
2013103802
2013103806
2013103812
2013103817
2013103823
2013103837
2013103844
2013103863
2013103880
2013103885
2013103888
2013103900
2013103901
2013103903
2013103907
2013103908
2013103916
2013103929
2013103930
2013103931
2013103933
2013103934
2013103937
2013103938
2013103940
2013103941
2013103944
2013103946
2013103948
2013103949
2013103950
2013103951
2013103952
2013103957
2013103958
2013103959
2013103961
2013103962
2013103963
2013103965
2013103966
2013103969
2013103971
2013103973
2013103975
2013103983
2013103987
2013103988
2013103991
2013103993
2013103999
2013104003
2013104007
2013104013
2013104014
2013104016
2013104017
2013104020
2013104023
2013104025
2013104026
2013104027
2013104030
2013104031
2013104032
2013104045
2013104051
2013104055
2013104058
2013104063
2013104067
2013104077
2013104079
2013104088
2013104089
2013104090
2013104098
2013104099
2013104101
2013104121
2013104126
2013104128
2013104133
2013104134
2013104135
2013104136
2013104137
2013104138
2013104145
2013104147
2013104153
2013104154
2013104158
2013104161
2013104166
2013104167
2013104168
2013104169
2013104170
2013104179
2013104185
2013104189
2013104191
2013104193
2013104194
2013104209
2013104215
2013104230
2013104231
2013104232
2013104235
2013104236
2013104237
2013104246
2013104248
2013104251
2013104252
2013104253
2013104272
2013104274
2013104275
2013104277
2013104285
2013104286
2013104310
2013104317
2013104320
2013104321
2013104326
2013104330
2013104334
2013104336
2013104350
2013104362
2013104365
2013104369
2013104373
2013104374
2013104378
2013104379
2013104381
2013104386
2013104408
2013104415
2013104424
2013104425
2013104429
2013104431
2013104436
2013104443
2013104446
2013104449
2013104450
2013104451
2013104452
2013104459
2013104461
2013104464
2013104465
2013104468
2013104469
2013104472
2013104475
2013104480
2013104481
2013104488
2013104489
2013104491
2013104496
2013104498
2013104507
2013104508
2013104512
2013104513
2013104514
2013104515
2013104516
2013104520
2013104524
2013104535
2013104536
2013104541
2013104542
2013104543
2013104544
2013104547
2013104550
2013104559
2013104560
2013104563
2013104568
2013104575
2013104579
2013104585
2013104589
2013104590
2013104593
2013104595
2013104596
2013104598
2013104602
2013104604
2013104606
2013104621
2013104625
2013104630
2013104632
2013104643
2013104647
2013104651
2013104655
2013104661
2013104663
2013104664
2013104671
2013104699
2013104702
2013104704
2013104707
2013104708
2013104710
2013104713
2013104738
2013104743
2013104744
2013104754
2013104756
2013104759
2013104766
2013104770
2013104773
2013104774
2013104776
2013104777
2013104779
2013104780
2013104781
2013104782
2013104783
2013104784
2013104785
2013104790
2013104793
2013104796
2013104798
2013104799
2013104800
2013104802
2013104803
2013104814
2013104815
2013104816
2013104817
2013104818
2013104819
2013104825
2013104828
2013104840
2013104845
2013104849
2013104852
2013104868
2013104869
2013104871
2013104873
2013104881
2013104884
2013104885
2013104889
2013104893
2013104896
2013104902
2013104904
2013104907
2013104910
2013104911
2013104914
2013104917
2013104933
2013104934
2013104938
2013104939
2013104953
2013104955
2013104956
2013104957
2013104960
2013104964
2013104971
2013104974
2013104976
2013104977
2013104980
2013104986
2013104987
2013104990
2013105004
2013105015
2013105024
2013105028
2013105031
2013105033
2013105036
2013105038
2013105044
2013105084
2013105093
2013105103
2013105106
2013105109
2013105114
2013105122
2013105125
2013105128
2013105131
2013105132
2013105133
2013105139
2013105140
2013105142
2013105158
2013105160
2013105161
2013105172
2013105173
2013105180
2013105187
2013105189
2013105192
2013105194
2013105195
2013105210
2013105214
2013105230
2013105231
2013105232
2013105233
2013105234
2013105235
2013105236
2013105241
2013105243
2013105250
2013105260
2013105261
2013105264
2013105281
2013105283
2013105297
2013105303
2013105305
2013105309
2013105316
2013105318
2013105321
2013105322
2013105325
2013105332
2013105334
2013105335
2013105336
2013105339
2013105340
2013105341
2013105343
2013105347
2013105352
2013105353
2013105355
2013105357
2013105358
2013105359
2013105365
2013105366
2013105373
2013105374
2013105382
2013105383
2013105384
2013105386
2013105387
2013105388
2013105392
2013105397
2013105399
2013105402
2013105408
2013105410
2013105412
2013105413
2013105415
2013105418
2013105422
2013105423
2013105426
2013105429
2013105430
2013105434
2013105436
2013105437
2013105440
2013105443
2013105446
2013105448
2013105450
2013105451
2013105452
2013105455
2013105463
2013105464
2013105467
2013105469
2013105471
2013105476
2013105477
2013105479
2013105480
2013105481
2013105485
2013105487
2013105489
2013105495
2013105498
2013105502
2013105503
2013105504
2013105505
2013105506
2013105510
2013105511
2013105512
2013105515
2013105519
2013105521
2013105524
2013105526
2013105528
2013105529
2013105531
2013105532
2013105535
2013105537
2013105538
2013105539
2013105540
2013105545
2013105546
2013105547
2013105548
2013105551
2013105553
2013105554
2013105556
2013105562
2013105566
2013105569
2013105570
2013105574
2013105576
2013105586
2013105587
2013105588
2013105591
2013105593
2013105594
2013105595
2013105598
2013105599
2013105601
2013105602
2013105603
2013105606
2013105608
2013105611
2013105613
2013105624
2013105627
2013105629
2013105630
2013105631
2013105635
2013105639
2013105644
2013105645
2013105646
2013105648
2013105651
2013105652
2013105656
2013105658
2013105660
2013105661
2013105662
2013105664
2013105665
2013105666
2013105676
2013105677
2013105678
2013105679
2013105680
2013105681
2013105683
2013105685
2013105693
2013105698
2013105699
2013105700
2013105701
2013105703
2013105705
2013105707
2013105712
2013105713
2013105715
2013105720
2013105721
2013105722
2013105727
2013105731
2013105732
2013105736
2013105737
2013105740
2013105741
2013105743
2013105744
2013105745
2013105747
2013105748
2013105754
2013105755
2013105756
2013105760
2013105764
2013105765
2013105766
2013105767
2013105768
2013105769
2013105771
2013105776
2013105777
2013105781
2013105783
2013105784
2013105785
2013105788
2013105789
2013105790
2013105791
2013105794
2013105795
2013105798
2013105800
2013105804
2013105805
2013105807
2013105808
2013105810
2013105811
2013105816
2013105818
2013105819
2013105820
2013105821
2013105822
2013105825
2013105828
2013105832
2013105833
2013105835
2013105838
2013105839
2013105841
2013105842
2013105843
2013105844
2013105845
2013105846
2013105847
2013105850
2013105855
2013105857
2013105858
2013105860
2013105865
2013105866
2013105867
2013105869
2013105870
2013105871
2013105872
2013105873
2013105876
2013105880
2013105882
2013105884
2013105885
2013105888
2013105892
2013105895
2013105896
2013105898
2013105900
2013105901
2013105902
2013105903
2013105904
2013105905
2013105908
2013105912
2013105917
2013105918
2013105919
2013105927
2013105928
2013105930
2013105931
2013105933
2013105936
2013105937
2013105938
2013105942
2013105943
2013105945
2013105947
2013105948
2013105949
2013105952
2013105955
2013105956
2013105958
2013105959
2013105961
2013105962
2013105963
2013105965
2013105966
2013105969
2013105972
2013105975
2013105976
2013105977
2013105978
2013105979
2013105980
2013105986
2013105988
2013105989
2013105991
2013105995
2013105998
2013106000
2013106002
2013106005
2013106007
2013106010
2013106011
2013106012
2013106013
2013106014
2013106015
2013106017
2013106018
2013106019
2013106021
2013106022
2013106025
2013106027
2013106030
2013106031
2013106033
2013106041
2013106042
2013106043
2013106047
2013106049
2013106050
2013106051
2013106052
2013106055
2013106057
2013106058
2013106059
2013106060
2013106062
2013106063
2013106066
2013106068
2013106071
2013106072
2013106075
2013106078
2013106079
2013106084
2013106086
2013106087
2013106088
2013106094
2013106095
2013106099
2013106101
2013106105
2013106106
2013106107
2013106108
2013106111
2013106112
2013106118
2013106119
2013106120
2013106121
2013106125
2013106126
2013106127
2013106128
2013106129
2013106130
2013106131
2013106133
2013106137
2013106138
2013106140
2013106141
2013106142
2013106143
2013106144
2013106148
2013106150
2013106151
2013106153
2013106154
2013106157
2013106160
2013106162
2013106167
2013106168
2013106172
2013106175
2013106177
2013106178
2013106181
2013106183
2013106184
2013106186
2013106187
2013106188
2013106189
2013106191
2013106192
2013106214
2013106218
2013106219
2013106221
2013106228
2013106230
2013106235
2013106243
2013106245
2013106256
2013106258
2013106262
2013106266
2013106267
2013106286
2013106287
2013106291
2013106293
2013106294
2013106298
2013106300
2013106301
2013106303
2013106313
2013106315
2013106316
2013106317
2013106321
2013106322
2013106329
2013106333
2013106337
2013106345
2013106360
2013106362
2013106365
2013106366
2013106375
2013106390
2013106398
2013106399
2013106403
2013106409
2013106425
2013106426
2013106433
2013106436
2013106438
2013106441
2013106446
2013106447
2013106449
2013106452
2013106459
2013106463
2013106468
2013106472
2013106473
2013106474
2013106479
2013109002
2013109018
2013109022
2013109024
2013109025
2013109026
2013109027
2013109028
2013109048
2013109072
2013109076
2013109095
2013109108
2013109112
2013109113
2013109142
2013109145
2013109166
2013109177
2013110001
2013110008
2013110011
2013110013
2013110014
2013110017
2013110019
2013110020
2013110021
2013110022
2013110024
2013110026
2013110029
2013110031
2013110033
2013110036
2013110037
2013110040
2013110041
2013110042
2013110043
2013110045
2013110046
2013110048
2013110052
2013110055
2013110056
2013110057
2013110062
2013110066
2013110067
2013110068
2013110069
2013110071
2013110072
2013110080
2013110082
2013110083
2013110085
2013110086
2013110088
2013110089
2013110091
2013110095
2013110097
2013110101
2013110102
2013110103
2013110104
2013110105
2013110107
2013110108
2013110109
2013110110
2013110111
2013110114
2013110116
2013110119
2013110121
2013110122
2013110124
2013110125
2013110126
2013110127
2013110128
2013110131
2013110132
2013110133
2013110134
2013110135
2013110140
2013190002
2013190003
2014100013
2014100025
2014100026
2014100027
2014100028
2014100029
2014100035
2014100049
2014100050
2014100051
2014100052
2014100054
2014100055
2014100056
2014100057
2014100059
2014100062
2014100063
2014100065
2014100066
2014100067
2014100068
2014100069
2014100070
2014100074
2014100075
2014100077
2014100078
2014100080
2014100083
2014100084
2014100085
2014100087
2014100088
2014100089
2014100090
2014100092
2014100093
2014100094
2014100095
2014100098
2014100100
2014100104
2014100107
2014100108
2014100109
2014100111
2014100113
2014100114
2014100116
2014100119
2014100120
2014100124
2014100125
2014100126
2014100127
2014100128
2014100129
2014100130
2014100131
2014100132
2014100133
2014100134
2014100135
2014100136
2014100137
2014100140
2014100142
2014100143
2014100144
2014100147
2014100148
2014100149
2014100150
2014100151
2014100152
2014100154
2014100156
2014100157
2014100158
2014100159
2014100160
2014100161
2014100163
2014100164
2014100165
2014100166
2014100169
2014100170
2014100171
2014100172
2014100173
2014100176
2014100179
2014100182
2014100184
2014100185
2014100186
2014100187
2014100189
2014100190
2014100192
2014100193
2014100194
2014100196
2014100198
2014100199
2014100200
2014100201
2014100203
2014100205
2014100206
2014100208
2014100209
2014100210
2014100211
2014100212
2014100213
2014100214
2014100215
2014100216
2014100218
2014100220
2014100221
2014100222
2014100223
2014100224
2014100225
2014100226
2014100227
2014100229
2014100230
2014100234
2014100235
2014100236
2014100237
2014100238
2014100246
2014100247
2014100248
2014100250
2014100252
2014100253
2014100256
2014100264
2014100265
2014100268
2014100269
2014100270
2014100272
2014100273
2014100277
2014100278
2014100285
2014100286
2014100287
2014100288
2014100289
2014100291
2014100292
2014100293
2014100298
2014100299
2014100300
2014100303
2014100304
2014100305
2014100306
2014100309
2014100327
2014100328
2014100329
2014100330
2014100333
2014100334
2014100335
2014100337
2014100338
2014100339
2014100341
2014100343
2014100344
2014100345
2014100346
2014100347
2014100349
2014100350
2014100352
2014100354
2014100355
2014100356
2014100357
2014100359
2014100362
2014100363
2014100364
2014100365
2014100367
2014100369
2014100370
2014100372
2014100374
2014100376
2014100377
2014100379
2014100380
2014100382
2014100383
2014100384
2014100385
2014100387
2014100393
2014100394
2014100396
2014100397
2014100400
2014100401
2014100402
2014100405
2014100406
2014100407
2014100409
2014100413
2014100417
2014100418
2014100420
2014100421
2014100422
2014100423
2014100424
2014100425
2014100427
2014100428
2014100430
2014100434
2014100435
2014100438
2014100439
2014100440
2014100441
2014100443
2014100446
2014100448
2014100449
2014100450
2014100451
2014100452
2014100453
2014100454
2014100455
2014100456
2014100458
2014100459
2014100462
2014100463
2014100464
2014100465
2014100466
2014100469
2014100470
2014100472
2014100474
2014100479
2014100482
2014100483
2014100484
2014100485
2014100488
2014100489
2014100490
2014100491
2014100492
2014100493
2014100497
2014100498
2014100499
2014100500
2014100501
2014100502
2014100503
2014100504
2014100505
2014100506
2014100508
2014100509
2014100510
2014100511
2014100513
2014100514
2014100515
2014100516
2014100518
2014100519
2014100520
2014100521
2014100522
2014100523
2014100524
2014100527
2014100528
2014100529
2014100530
2014100532
2014100533
2014100534
2014100535
2014100536
2014100537
2014100542
2014100544
2014100545
2014100546
2014100548
2014100549
2014100550
2014100551
2014100552
2014100553
2014100554
2014100555
2014100556
2014100557
2014100558
2014100559
2014100560
2014100561
2014100562
2014100564
2014100566
2014100567
2014100568
2014100569
2014100570
2014100572
2014100575
2014100576
2014100577
2014100578
2014100580
2014100581
2014100582
2014100583
2014100584
2014100585
2014100586
2014100587
2014100590
2014100591
2014100592
2014100593
2014100595
2014100596
2014100597
2014100598
2014100599
2014100600
2014100601
2014100604
2014100605
2014100607
2014100608
2014100609
2014100610
2014100611
2014100612
2014100613
2014100614
2014100615
2014100616
2014100617
2014100618
2014100619
2014100620
2014100621
2014100625
2014100627
2014100628
2014100629
2014100631
2014100632
2014100634
2014100635
2014100636
2014100637
2014100639
2014100640
2014100641
2014100644
2014100645
2014100647
2014100649
2014100653
2014100654
2014100655
2014100656
2014100657
2014100658
2014100659
2014100661
2014100662
2014100668
2014100669
2014100670
2014100671
2014100672
2014100677
2014100678
2014100679
2014100681
2014100682
2014100683
2014100684
2014100685
2014100686
2014100687
2014100688
2014100690
2014100691
2014100692
2014100693
2014100694
2014100695
2014100697
2014100698
2014100699
2014100700
2014100701
2014100702
2014100703
2014100704
2014100705
2014100706
2014100707
2014100708
2014100709
2014100711
2014100712
2014100716
2014100717
2014100718
2014100719
2014100720
2014100721
2014100722
2014100723
2014100724
2014100726
2014100728
2014100729
2014100730
2014100731
2014100732
2014100733
2014100734
2014100735
2014100736
2014100739
2014100740
2014100741
2014100743
2014100744
2014100746
2014100748
2014100749
2014100750
2014100751
2014100752
2014100753
2014100754
2014100756
2014100760
2014100761
2014100762
2014100763
2014100764
2014100765
2014100766
2014100772
2014100775
2014100776
2014100778
2014100779
2014100780
2014100781
2014100782
2014100783
2014100784
2014100786
2014100789
2014100792
2014100793
2014100794
2014100795
2014100796
2014100798
2014100799
2014100801
2014100805
2014100808
2014100809
2014100810
2014100811
2014100812
2014100813
2014100814
2014100815
2014100817
2014100818
2014100820
2014100821
2014100822
2014100825
2014100826
2014100827
2014100829
2014100831
2014100833
2014100834
2014100835
2014100838
2014100839
2014100840
2014100841
2014100842
2014100843
2014100844
2014100845
2014100851
2014100852
2014100855
2014100861
2014100864
2014100865
2014100867
2014100870
2014100871
2014100875
2014100876
2014100878
2014100879
2014100881
2014100883
2014100887
2014100888
2014100891
2014100892
2014100894
2014100895
2014100896
2014100897
2014100898
2014100899
2014100900
2014100901
2014100902
2014100903
2014100904
2014100905
2014100907
2014100908
2014100910
2014100911
2014100912
2014100913
2014100915
2014100916
2014100918
2014100919
2014100924
2014100925
2014100926
2014100928
2014100929
2014100933
2014100934
2014100936
2014100937
2014100938
2014100939
2014100940
2014100942
2014100948
2014100951
2014100956
2014100958
2014100959
2014100960
2014100961
2014100963
2014100964
2014100965
2014100967
2014100968
2014100970
2014100971
2014100973
2014100974
2014100976
2014100977
2014100978
2014100980
2014100981
2014100982
2014100984
2014100985
2014100986
2014100994
2014100995
2014100996
2014100997
2014100998
2014100999
2014101000
2014101001
2014101003
2014101004
2014101006
2014101007
2014101009
2014101010
2014101011
2014101012
2014101014
2014101015
2014101016
2014101017
2014101019
2014101020
2014101021
2014101023
2014101027
2014101029
2014101030
2014101031
2014101032
2014101042
2014101043
2014101055
2014101056
2014101057
2014101058
2014101061
2014101062
2014101064
2014101066
2014101067
2014101068
2014101069
2014101070
2014101071
2014101072
2014101074
2014101079
2014101081
2014101082
2014101084
2014101085
2014101086
2014101088
2014101089
2014101090
2014101093
2014101094
2014101095
2014101096
2014101099
2014101100
2014101101
2014101102
2014101104
2014101106
2014101107
2014101108
2014101109
2014101110
2014101114
2014101115
2014101116
2014101117
2014101118
2014101121
2014101122
2014101125
2014101126
2014101127
2014101128
2014101129
2014101130
2014101132
2014101135
2014101139
2014101140
2014101141
2014101144
2014101145
2014101147
2014101148
2014101149
2014101150
2014101156
2014101159
2014101161
2014101164
2014101166
2014101167
2014101168
2014101169
2014101172
2014101173
2014101179
2014101180
2014101182
2014101187
2014101191
2014101193
2014101194
2014101195
2014101197
2014101198
2014101200
2014101202
2014101204
2014101205
2014101206
2014101208
2014101211
2014101212
2014101213
2014101220
2014101222
2014101225
2014101226
2014101227
2014101228
2014101229
2014101230
2014101231
2014101234
2014101235
2014101240
2014101243
2014101244
2014101245
2014101247
2014101250
2014101253
2014101254
2014101257
2014101258
2014101259
2014101267
2014101268
2014101269
2014101271
2014101272
2014101278
2014101279
2014101280
2014101281
2014101282
2014101284
2014101285
2014101286
2014101287
2014101289
2014101291
2014101295
2014101302
2014101304
2014101306
2014101307
2014101308
2014101310
2014101312
2014101313
2014101314
2014101315
2014101318
2014101319
2014101321
2014101322
2014101325
2014101326
2014101327
2014101328
2014101330
2014101331
2014101332
2014101333
2014101334
2014101335
2014101336
2014101337
2014101338
2014101340
2014101342
2014101343
2014101344
2014101346
2014101349
2014101353
2014101354
2014101356
2014101357
2014101360
2014101361
2014101365
2014101367
2014101368
2014101369
2014101370
2014101371
2014101372
2014101373
2014101376
2014101380
2014101381
2014101383
2014101385
2014101386
2014101387
2014101390
2014101392
2014101394
2014101395
2014101398
2014101399
2014101400
2014101401
2014101402
2014101408
2014101410
2014101414
2014101415
2014101416
2014101417
2014101418
2014101419
2014101420
2014101421
2014101422
2014101424
2014101426
2014101428
2014101429
2014101431
2014101434
2014101436
2014101438
2014101453
2014101455
2014101460
2014101461
2014101462
2014101463
2014101465
2014101467
2014101468
2014101469
2014101470
2014101472
2014101474
2014101475
2014101477
2014101478
2014101479
2014101480
2014101484
2014101485
2014101491
2014101494
2014101495
2014101497
2014101498
2014101502
2014101504
2014101505
2014101507
2014101508
2014101509
2014101511
2014101512
2014101514
2014101515
2014101516
2014101517
2014101519
2014101520
2014101522
2014101524
2014101528
2014101530
2014101533
2014101535
2014101536
2014101537
2014101538
2014101539
2014101541
2014101542
2014101544
2014101545
2014101546
2014101547
2014101548
2014101550
2014101551
2014101553
2014101554
2014101557
2014101558
2014101559
2014101560
2014101563
2014101565
2014101568
2014101569
2014101573
2014101575
2014101578
2014101579
2014101584
2014101585
2014101586
2014101588
2014101589
2014101590
2014101591
2014101592
2014101596
2014101597
2014101600
2014101601
2014101602
2014101603
2014101605
2014101611
2014101613
2014101615
2014101616
2014101617
2014101618
2014101619
2014101620
2014101621
2014101623
2014101625
2014101626
2014101627
2014101628
2014101629
2014101630
2014101631
2014101632
2014101633
2014101634
2014101636
2014101637
2014101638
2014101640
2014101641
2014101642
2014101644
2014101645
2014101646
2014101648
2014101649
2014101652
2014101655
2014101656
2014101657
2014101658
2014101660
2014101662
2014101663
2014101664
2014101665
2014101666
2014101667
2014101668
2014101669
2014101671
2014101672
2014101673
2014101674
2014101676
2014101678
2014101679
2014101680
2014101687
2014101690
2014101691
2014101692
2014101693
2014101697
2014101699
2014101700
2014101701
2014101705
2014101706
2014101707
2014101708
2014101710
2014101712
2014101715
2014101716
2014101719
2014101722
2014101725
2014101727
2014101730
2014101733
2014101734
2014101738
2014101741
2014101742
2014101746
2014101748
2014101751
2014101752
2014101753
2014101754
2014101755
2014101756
2014101759
2014101760
2014101763
2014101764
2014101766
2014101769
2014101770
2014101771
2014101772
2014101773
2014101775
2014101776
2014101777
2014101781
2014101782
2014101785
2014101787
2014101788
2014101790
2014101794
2014101795
2014101796
2014101797
2014101798
2014101800
2014101801
2014101802
2014101803
2014101804
2014101807
2014101808
2014101809
2014101810
2014101812
2014101813
2014101816
2014101818
2014101819
2014101820
2014101821
2014101824
2014101825
2014101826
2014101827
2014101828
2014101829
2014101831
2014101832
2014101833
2014101836
2014101839
2014101841
2014101842
2014101843
2014101844
2014101845
2014101850
2014101853
2014101854
2014101856
2014101857
2014101859
2014101860
2014101861
2014101862
2014101868
2014101871
2014101872
2014101874
2014101877
2014101879
2014101880
2014101881
2014101882
2014101889
2014101891
2014101893
2014101895
2014101898
2014101899
2014101903
2014101904
2014101906
2014101910
2014101913
2014101915
2014101916
2014101917
2014101919
2014101920
2014101921
2014101924
2014101927
2014101928
2014101929
2014101930
2014101931
2014101932
2014101933
2014101934
2014101935
2014101936
2014101937
2014101938
2014101939
2014101941
2014101942
2014101945
2014101947
2014101948
2014101952
2014101953
2014101954
2014101955
2014101956
2014101957
2014101958
2014101959
2014101960
2014101961
2014101962
2014101963
2014101964
2014101965
2014101966
2014101967
2014101969
2014101971
2014101972
2014101974
2014101975
2014101976
2014101977
2014101978
2014101979
2014101980
2014101981
2014101983
2014101984
2014101985
2014101986
2014101987
2014101988
2014101990
2014101991
2014101992
2014101993
2014101994
2014101995
2014101996
2014101998
2014101999
2014102000
2014102002
2014102003
2014102005
2014102008
2014102009
2014102010
2014102011
2014102012
2014102015
2014102016
2014102018
2014102019
2014102020
2014102021
2014102022
2014102024
2014102025
2014102027
2014102028
2014102029
2014102030
2014102031
2014102032
2014102033
2014102035
2014102036
2014102037
2014102038
2014102042
2014102046
2014102059
2014102060
2014102061
2014102062
2014102063
2014102064
2014102065
2014102066
2014102068
2014102070
2014102071
2014102072
2014102073
2014102075
2014102076
2014102080
2014102081
2014102082
2014102085
2014102086
2014102087
2014102088
2014102090
2014102092
2014102093
2014102094
2014102095
2014102096
2014102099
2014102100
2014102101
2014102102
2014102103
2014102105
2014102106
2014102108
2014102109
2014102110
2014102111
2014102116
2014102118
2014102119
2014102120
2014102121
2014102122
2014102124
2014102125
2014102126
2014102127
2014102130
2014102132
2014102133
2014102134
2014102135
2014102136
2014102137
2014102138
2014102140
2014102141
2014102142
2014102143
2014102144
2014102145
2014102146
2014102147
2014102148
2014102149
2014102150
2014102151
2014102153
2014102154
2014102155
2014102156
2014102157
2014102159
2014102160
2014102161
2014102163
2014102164
2014102165
2014102167
2014102170
2014102171
2014102172
2014102173
2014102174
2014102175
2014102176
2014102177
2014102178
2014102179
2014102181
2014102182
2014102185
2014102187
2014102188
2014102189
2014102190
2014102191
2014102192
2014102193
2014102194
2014102195
2014102196
2014102197
2014102198
2014102199
2014102200
2014102201
2014102202
2014102203
2014102204
2014102205
2014102206
2014102207
2014102208
2014102211
2014102212
2014102215
2014102216
2014102217
2014102218
2014102220
2014102221
2014102222
2014102223
2014102224
2014102225
2014102226
2014102229
2014102230
2014102232
2014102234
2014102235
2014102236
2014102237
2014102239
2014102240
2014102241
2014102243
2014102244
2014102246
2014102247
2014102248
2014102249
2014102250
2014102253
2014102254
2014102255
2014102256
2014102257
2014102258
2014102259
2014102261
2014102262
2014102263
2014102264
2014102268
2014102271
2014102273
2014102274
2014102280
2014102283
2014102286
2014102287
2014102288
2014102289
2014102291
2014102292
2014102293
2014102295
2014102296
2014102297
2014102298
2014102299
2014102300
2014102302
2014102304
2014102305
2014102312
2014102313
2014102315
2014102316
2014102318
2014102319
2014102320
2014102321
2014102322
2014102323
2014102324
2014102325
2014102326
2014102327
2014102329
2014102330
2014102332
2014102334
2014102336
2014102342
2014102344
2014102349
2014102350
2014102355
2014102356
2014102357
2014102358
2014102359
2014102360
2014102361
2014102362
2014102363
2014102366
2014102370
2014102371
2014102373
2014102374
2014102381
2014102383
2014102384
2014102385
2014102387
2014102388
2014102389
2014102390
2014102391
2014102392
2014102393
2014102394
2014102395
2014102396
2014102397
2014102398
2014102400
2014102402
2014102405
2014102409
2014102410
2014102411
2014102413
2014102415
2014102416
2014102420
2014102424
2014102426
2014102427
2014102429
2014102430
2014102431
2014102432
2014102433
2014102434
2014102435
2014102436
2014102437
2014102438
2014102439
2014102442
2014102449
2014102453
2014102454
2014102467
2014102468
2014102469
2014102472
2014102473
2014102477
2014102478
2014102479
2014102480
2014102481
2014102483
2014102484
2014102487
2014102492
2014102493
2014102497
2014102498
2014102499
2014102501
2014102503
2014102505
2014102506
2014102519
2014102520
2014102522
2014102523
2014102524
2014102528
2014102530
2014102533
2014102534
2014102535
2014102537
2014102538
2014102542
2014102543
2014102545
2014102546
2014102548
2014102549
2014102550
2014102553
2014102554
2014102555
2014102556
2014102557
2014102558
2014102559
2014102560
2014102561
2014102562
2014102563
2014102564
2014102565
2014102567
2014102569
2014102570
2014102571
2014102574
2014102575
2014102576
2014102578
2014102579
2014102580
2014102581
2014102582
2014102583
2014102584
2014102585
2014102589
2014102594
2014102599
2014102601
2014102602
2014102603
2014102604
2014102605
2014102606
2014102607
2014102608
2014102609
2014102610
2014102611
2014102612
2014102613
2014102615
2014102616
2014102617
2014102618
2014102619
2014102622
2014102623
2014102624
2014102625
2014102626
2014102627
2014102628
2014102632
2014102639
2014102640
2014102643
2014102645
2014102646
2014102647
2014102648
2014102649
2014102651
2014102652
2014102653
2014102656
2014102657
2014102658
2014102659
2014102660
2014102663
2014102666
2014102667
2014102668
2014102670
2014102673
2014102674
2014102675
2014102676
2014102677
2014102678
2014102680
2014102681
2014102682
2014102683
2014102684
2014102685
2014102686
2014102687
2014102688
2014102689
2014102690
2014102691
2014102692
2014102694
2014102695
2014102696
2014102698
2014102699
2014102700
2014102701
2014102703
2014102705
2014102706
2014102707
2014102709
2014102710
2014102711
2014102713
2014102716
2014102717
2014102718
2014102719
2014102720
2014102721
2014102722
2014102724
2014102725
2014102726
2014102727
2014102728
2014102730
2014102733
2014102734
2014102735
2014102738
2014102739
2014102740
2014102741
2014102743
2014102745
2014102746
2014102749
2014102753
2014102754
2014102756
2014102757
2014102765
2014102771
2014102773
2014102777
2014102784
2014102787
2014102788
2014102790
2014102793
2014102795
2014102796
2014102797
2014102800
2014102804
2014102806
2014102807
2014102808
2014102812
2014102813
2014102814
2014102815
2014102819
2014102820
2014102824
2014102825
2014102826
2014102827
2014102828
2014102833
2014102834
2014102835
2014102836
2014102837
2014102844
2014102845
2014102848
2014102855
2014102859
2014102860
2014102861
2014102862
2014102864
2014102865
2014102868
2014102871
2014102873
2014102877
2014102878
2014102879
2014102881
2014102883
2014102884
2014102885
2014102886
2014102888
2014102889
2014102890
2014102892
2014102893
2014102894
2014102895
2014102896
2014102897
2014102898
2014102899
2014102900
2014102902
2014102904
2014102906
2014102908
2014102909
2014102910
2014102911
2014102917
2014102918
2014102919
2014102921
2014102922
2014102924
2014102925
2014102927
2014102928
2014102929
2014102930
2014102931
2014102933
2014102934
2014102935
2014102936
2014102938
2014102944
2014102947
2014102948
2014102949
2014102950
2014102951
2014102953
2014102956
2014102957
2014102958
2014102959
2014102960
2014102961
2014102962
2014102964
2014102967
2014102970
2014102971
2014102972
2014102973
2014102974
2014102975
2014102976
2014102978
2014102979
2014102980
2014102981
2014102982
2014102983
2014102986
2014102988
2014102989
2014102990
2014102991
2014102997
2014102998
2014103000
2014103001
2014103003
2014103005
2014103009
2014103010
2014103013
2014103014
2014103015
2014103016
2014103017
2014103018
2014103019
2014103021
2014103025
2014103031
2014103032
2014103033
2014103034
2014103035
2014103036
2014103037
2014103038
2014103039
2014103040
2014103041
2014103042
2014103044
2014103054
2014103058
2014103059
2014103060
2014103063
2014103065
2014103068
2014103074
2014103075
2014103077
2014103078
2014103079
2014103080
2014103081
2014103082
2014103084
2014103085
2014103087
2014103088
2014103089
2014103090
2014103091
2014103092
2014103094
2014103095
2014103096
2014103098
2014103102
2014103103
2014103108
2014103109
2014103110
2014103114
2014103115
2014103117
2014103119
2014103120
2014103121
2014103122
2014103123
2014103124
2014103127
2014103129
2014103130
2014103134
2014103135
2014103137
2014103138
2014103139
2014103140
2014103141
2014103142
2014103143
2014103144
2014103145
2014103147
2014103149
2014103150
2014103151
2014103152
2014103154
2014103156
2014103157
2014103158
2014103160
2014103161
2014103162
2014103163
2014103165
2014103166
2014103167
2014103168
2014103170
2014103173
2014103174
2014103175
2014103176
2014103179
2014103181
2014103182
2014103183
2014103184
2014103185
2014103186
2014103187
2014103189
2014103190
2014103191
2014103192
2014103194
2014103195
2014103196
2014103197
2014103198
2014103199
2014103200
2014103201
2014103202
2014103204
2014103205
2014103206
2014103207
2014103208
2014103209
2014103210
2014103212
2014103213
2014103215
2014103216
2014103217
2014103218
2014103221
2014103223
2014103224
2014103229
2014103230
2014103231
2014103232
2014103234
2014103237
2014103238
2014103239
2014103240
2014103242
2014103244
2014103245
2014103246
2014103247
2014103248
2014103249
2014103254
2014103257
2014103258
2014103259
2014103260
2014103261
2014103262
2014103263
2014103264
2014103265
2014103266
2014103267
2014103268
2014103269
2014103270
2014103274
2014103276
2014103278
2014103279
2014103280
2014103281
2014103283
2014103284
2014103286
2014103287
2014103288
2014103289
2014103290
2014103291
2014103294
2014103295
2014103296
2014103298
2014103299
2014103302
2014103303
2014103304
2014103306
2014103307
2014103308
2014103309
2014103311
2014103312
2014103316
2014103320
2014103321
2014103322
2014103323
2014103324
2014103325
2014103326
2014103328
2014103330
2014103331
2014103332
2014103333
2014103334
2014103335
2014103337
2014103338
2014103340
2014103341
2014103345
2014103346
2014103347
2014103348
2014103350
2014103351
2014103352
2014103353
2014103354
2014103355
2014103356
2014103357
2014103358
2014103359
2014103361
2014103363
2014103365
2014103366
2014103367
2014103368
2014103370
2014103373
2014103375
2014103376
2014103377
2014103378
2014103379
2014103380
2014103382
2014103383
2014103385
2014103386
2014103387
2014103389
2014103390
2014103391
2014103392
2014103394
2014103397
2014103398
2014103399
2014103400
2014103402
2014103403
2014103404
2014103406
2014103407
2014103409
2014103410
2014103412
2014103414
2014103415
2014103416
2014103417
2014103419
2014103422
2014103424
2014103425
2014103426
2014103427
2014103428
2014103429
2014103430
2014103433
2014103434
2014103435
2014103436
2014103439
2014103440
2014103441
2014103443
2014103444
2014103446
2014103447
2014103451
2014103452
2014103453
2014103454
2014103455
2014103458
2014103459
2014103460
2014103461
2014103462
2014103463
2014103464
2014103465
2014103466
2014103467
2014103468
2014103469
2014103470
2014103471
2014103473
2014103474
2014103475
2014103476
2014103477
2014103478
2014103479
2014103486
2014103487
2014103488
2014103489
2014103491
2014103492
2014103493
2014103494
2014103497
2014103498
2014103499
2014103501
2014103503
2014103504
2014103506
2014103508
2014103509
2014103511
2014103512
2014103513
2014103514
2014103515
2014103519
2014103520
2014103521
2014103522
2014103523
2014103524
2014103525
2014103527
2014103529
2014103531
2014103532
2014103533
2014103535
2014103536
2014103537
2014103538
2014103539
2014103540
2014103541
2014103543
2014103545
2014103546
2014103547
2014103548
2014103549
2014103551
2014103552
2014103553
2014103556
2014103558
2014103559
2014103560
2014103561
2014103563
2014103564
2014103566
2014103567
2014103569
2014103570
2014103571
2014103574
2014103576
2014103577
2014103578
2014103579
2014103580
2014103581
2014103582
2014103583
2014103584
2014103585
2014103586
2014103587
2014103588
2014103589
2014103590
2014103591
2014103592
2014103593
2014103594
2014103596
2014103598
2014103600
2014103601
2014103602
2014103603
2014103605
2014103606
2014103607
2014103610
2014103611
2014103614
2014103615
2014103616
2014103617
2014103618
2014103619
2014103620
2014103621
2014103622
2014103627
2014103631
2014103635
2014103636
2014103642
2014103644
2014103646
2014103647
2014103650
2014103651
2014103653
2014103655
2014103656
2014103657
2014103661
2014103662
2014103663
2014103669
2014103671
2014103672
2014103673
2014103674
2014103675
2014103676
2014103677
2014103678
2014103682
2014103684
2014103686
2014103687
2014103689
2014103690
2014103691
2014103693
2014103694
2014103695
2014103697
2014103698
2014103700
2014103702
2014103703
2014103705
2014103706
2014103707
2014103708
2014103710
2014103711
2014103714
2014103715
2014103719
2014103720
2014103721
2014103722
2014103729
2014103730
2014103731
2014103732
2014103733
2014103734
2014103735
2014103736
2014103737
2014103738
2014103739
2014103740
2014103741
2014103742
2014103743
2014103744
2014103745
2014103747
2014103748
2014103749
2014103751
2014103752
2014103755
2014103757
2014103758
2014103759
2014103761
2014103764
2014103765
2014103769
2014103772
2014103773
2014103774
2014103775
2014103776
2014103778
2014103779
2014103780
2014103781
2014103782
2014103785
2014103786
2014103789
2014103790
2014103791
2014103792
2014103795
2014103796
2014103797
2014103798
2014103799
2014103800
2014103803
2014103805
2014103806
2014103807
2014103808
2014103809
2014103810
2014103811
2014103815
2014103816
2014103818
2014103819
2014103820
2014103831
2014103833
2014103834
2014103836
2014103837
2014103838
2014103839
2014103840
2014103841
2014103842
2014103843
2014103844
2014103847
2014103848
2014103849
2014103850
2014103851
2014103852
2014103854
2014103856
2014103859
2014103861
2014103863
2014103864
2014103865
2014103866
2014103867
2014103869
2014103870
2014103871
2014103872
2014103873
2014103874
2014103875
2014103877
2014103878
2014103879
2014103880
2014103882
2014103883
2014103884
2014103885
2014103886
2014103887
2014103890
2014103893
2014103896
2014103897
2014103899
2014103900
2014103901
2014103902
2014103905
2014103906
2014103907
2014103908
2014103911
2014103913
2014103915
2014103916
2014103917
2014103918
2014103920
2014103921
2014103922
2014103924
2014103926
2014103927
2014103928
2014103934
2014103936
2014103937
2014103938
2014103939
2014103940
2014103941
2014103942
2014103943
2014103949
2014103950
2014103951
2014103953
2014103954
2014103956
2014103957
2014103958
2014103963
2014103965
2014103967
2014103968
2014103970
2014103971
2014103972
2014103974
2014103976
2014103977
2014103978
2014103979
2014103980
2014103981
2014103982
2014103983
2014103984
2014103985
2014103986
2014103987
2014103989
2014103990
2014103991
2014103992
2014103994
2014103995
2014103996
2014103997
2014103999
2014104000
2014104001
2014104002
2014104003
2014104004
2014104005
2014104006
2014104008
2014104010
2014104011
2014104012
2014104013
2014104015
2014104021
2014104022
2014104023
2014104024
2014104030
2014104031
2014104032
2014104033
2014104034
2014104035
2014104036
2014104037
2014104038
2014104039
2014104041
2014104042
2014104044
2014104045
2014104046
2014104048
2014104050
2014104051
2014104052
2014104054
2014104055
2014104059
2014104060
2014104064
2014104066
2014104067
2014104068
2014104069
2014104070
2014104071
2014104072
2014104073
2014104074
2014104075
2014104076
2014104077
2014104079
2014104080
2014104081
2014104082
2014104084
2014104085
2014104090
2014104091
2014104092
2014104093
2014104096
2014104099
2014104102
2014104103
2014104107
2014104110
2014104111
2014104118
2014104119
2014104120
2014104121
2014104126
2014104127
2014104129
2014104130
2014104131
2014104133
2014104134
2014104135
2014104137
2014104138
2014104139
2014104140
2014104142
2014104144
2014104145
2014104146
2014104147
2014104149
2014104151
2014104152
2014104157
2014104158
2014104161
2014104162
2014104165
2014104170
2014104173
2014104174
2014104175
2014104181
2014104182
2014104186
2014104189
2014104192
2014104193
2014104194
2014104195
2014104198
2014104201
2014104202
2014104204
2014104206
2014104208
2014104210
2014104212
2014104214
2014104217
2014104218
2014104222
2014104223
2014104224
2014104225
2014104226
2014104228
2014104229
2014104230
2014104231
2014104232
2014104234
2014104238
2014104240
2014104241
2014104243
2014104246
2014104247
2014104248
2014104249
2014104251
2014104256
2014104257
2014104258
2014104259
2014104260
2014104261
2014104262
2014104264
2014104265
2014104266
2014104267
2014104268
2014104269
2014104270
2014104272
2014104273
2014104274
2014104276
2014104278
2014104280
2014104281
2014104282
2014104283
2014104284
2014104285
2014104286
2014104287
2014104288
2014104289
2014104291
2014104293
2014104294
2014104295
2014104296
2014104297
2014104298
2014104299
2014104301
2014104302
2014104303
2014104304
2014104307
2014104308
2014104309
2014104310
2014104313
2014104314
2014104315
2014104316
2014104318
2014104319
2014104320
2014104321
2014104322
2014104323
2014104324
2014104325
2014104326
2014104327
2014104328
2014104329
2014104330
2014104332
2014104333
2014104334
2014104335
2014104337
2014104340
2014104342
2014104343
2014104344
2014104345
2014104346
2014104347
2014104348
2014104350
2014104351
2014104352
2014104353
2014104357
2014104360
2014104368
2014104369
2014104372
2014104373
2014104374
2014104375
2014104377
2014104378
2014104379
2014104381
2014104383
2014104384
2014104386
2014104387
2014104388
2014104389
2014104390
2014104393
2014104394
2014104395
2014104397
2014104398
2014104400
2014104401
2014104402
2014104403
2014104404
2014104408
2014104409
2014104410
2014104411
2014104415
2014104416
2014104417
2014104418
2014104419
2014104421
2014104424
2014104425
2014104426
2014104427
2014104431
2014104432
2014104435
2014104436
2014104437
2014104443
2014104444
2014104445
2014104448
2014104449
2014104450
2014104454
2014104456
2014104458
2014104459
2014104460
2014104461
2014104468
2014104470
2014104471
2014104477
2014104484
2014104486
2014104487
2014104495
2014104498
2014104499
2014104500
2014104501
2014104502
2014104503
2014104504
2014104506
2014104507
2014104508
2014104510
2014104511
2014104512
2014104513
2014104514
2014104515
2014104516
2014104518
2014104519
2014104520
2014104521
2014104522
2014104523
2014104524
2014104525
2014104526
2014104529
2014104530
2014104532
2014104533
2014104537
2014104539
2014104540
2014104542
2014104544
2014104550
2014104552
2014104553
2014104556
2014104559
2014104560
2014104561
2014104562
2014104563
2014104564
2014104570
2014104573
2014104576
2014104578
2014104582
2014104587
2014104589
2014104593
2014104595
2014104596
2014104597
2014104603
2014104604
2014104605
2014104606
2014104607
2014104608
2014104609
2014104611
2014104612
2014104614
2014104616
2014104620
2014104621
2014104623
2014104624
2014104628
2014104631
2014104632
2014104633
2014104634
2014104635
2014104636
2014104637
2014104639
2014104641
2014104642
2014104646
2014104647
2014104653
2014104655
2014104657
2014104658
2014104659
2014104660
2014104665
2014104666
2014104669
2014104671
2014104674
2014104675
2014104676
2014104680
2014104682
2014104683
2014104684
2014104685
2014104686
2014104690
2014104692
2014104693
2014104695
2014104697
2014104698
2014104699
2014104701
2014104702
2014104703
2014104704
2014104705
2014104706
2014104708
2014104711
2014104715
2014104716
2014104720
2014104723
2014104726
2014104727
2014104728
2014104729
2014104730
2014104731
2014104733
2014104734
2014104735
2014104736
2014104737
2014104738
2014104739
2014104741
2014104743
2014104744
2014104745
2014104746
2014104747
2014104748
2014104749
2014104750
2014104751
2014104752
2014104753
2014104754
2014104755
2014104756
2014104758
2014104759
2014104760
2014104761
2014104762
2014104763
2014104764
2014104766
2014104770
2014104771
2014104772
2014104773
2014104774
2014104776
2014104779
2014104781
2014104782
2014104783
2014104784
2014104786
2014104787
2014104788
2014104789
2014104790
2014104793
2014104798
2014104799
2014104800
2014104801
2014104802
2014104804
2014104805
2014104806
2014104807
2014104808
2014104812
2014104813
2014104817
2014104823
2014104824
2014104826
2014104827
2014104829
2014104830
2014104831
2014104832
2014104833
2014104836
2014104837
2014104838
2014104841
2014104843
2014104846
2014104847
2014104848
2014104851
2014104855
2014104858
2014104859
2014104860
2014104862
2014104863
2014104864
2014104865
2014104866
2014104869
2014104873
2014104874
2014104876
2014104877
2014104880
2014104881
2014104888
2014104890
2014104891
2014104894
2014104899
2014104900
2014104903
2014104906
2014104909
2014104910
2014104911
2014104912
2014104913
2014104914
2014104920
2014104921
2014104922
2014104924
2014104925
2014104926
2014104927
2014104930
2014104932
2014104933
2014104934
2014104937
2014104938
2014104940
2014104941
2014104942
2014104943
2014104945
2014104948
2014104950
2014104952
2014104953
2014104954
2014104955
2014104956
2014104957
2014104958
2014104959
2014104962
2014104963
2014104964
2014104965
2014104968
2014104969
2014104970
2014104971
2014104972
2014104973
2014104975
2014104976
2014104977
2014104978
2014104979
2014104981
2014104982
2014104983
2014104984
2014104991
2014104996
2014104998
2014105001
2014105002
2014105003
2014105004
2014105006
2014105008
2014105010
2014105017
2014105018
2014105020
2014105021
2014105024
2014105026
2014105027
2014105028
2014105031
2014105032
2014105033
2014105034
2014105035
2014105036
2014105037
2014105038
2014105039
2014105040
2014105041
2014105042
2014105043
2014105044
2014105045
2014105046
2014105047
2014105048
2014105049
2014105050
2014105051
2014105052
2014105053
2014105054
2014105055
2014105057
2014105058
2014105059
2014105061
2014105062
2014105063
2014105065
2014105066
2014105067
2014105068
2014105069
2014105070
2014105071
2014105072
2014105073
2014105075
2014105076
2014105077
2014105078
2014105080
2014105081
2014105082
2014105083
2014105084
2014105088
2014105090
2014105091
2014105092
2014105093
2014105095
2014105096
2014105101
2014105102
2014105103
2014105104
2014105106
2014105108
2014105110
2014105112
2014105113
2014105115
2014105116
2014105117
2014105118
2014105119
2014105120
2014105121
2014105122
2014105123
2014105124
2014105125
2014105128
2014105129
2014105130
2014105133
2014105134
2014105136
2014105137
2014105138
2014105139
2014105140
2014105141
2014105142
2014105143
2014105144
2014105145
2014105147
2014105148
2014105149
2014105150
2014105151
2014105153
2014105154
2014105157
2014105158
2014105159
2014105163
2014105164
2014105165
2014105166
2014105168
2014105170
2014105171
2014105172
2014105178
2014105183
2014105185
2014105186
2014105187
2014105188
2014105190
2014105191
2014105192
2014105193
2014105194
2014105195
2014105197
2014105199
2014105201
2014105208
2014105209
2014105210
2014105211
2014105212
2014105213
2014105214
2014105217
2014105221
2014105224
2014105225
2014105226
2014105231
2014105232
2014105234
2014105242
2014105244
2014105245
2014105246
2014105247
2014105248
2014105249
2014105250
2014105251
2014105252
2014105254
2014105255
2014105256
2014105257
2014105258
2014105259
2014105260
2014105261
2014105262
2014105263
2014105265
2014105266
2014105267
2014105269
2014105270
2014105271
2014105272
2014105274
2014105275
2014105277
2014105278
2014105279
2014105280
2014105282
2014105283
2014105284
2014105285
2014105289
2014105290
2014105291
2014105292
2014105293
2014105294
2014105296
2014105299
2014105300
2014105301
2014105302
2014105304
2014105305
2014105306
2014105307
2014105308
2014105309
2014105310
2014105312
2014105313
2014105316
2014105317
2014105320
2014105321
2014105323
2014105324
2014105325
2014105327
2014105328
2014105330
2014105331
2014105333
2014105335
2014105336
2014105337
2014105338
2014105339
2014105340
2014105341
2014105342
2014105343
2014105344
2014105345
2014105346
2014105347
2014105348
2014105349
2014105350
2014105351
2014105352
2014105353
2014105354
2014105355
2014105356
2014105359
2014105360
2014105361
2014105362
2014105363
2014105364
2014105365
2014105366
2014105367
2014105369
2014105371
2014105372
2014105374
2014105375
2014105376
2014105378
2014105379
2014105380
2014105382
2014105383
2014105385
2014105386
2014105388
2014105389
2014105390
2014105391
2014105393
2014105394
2014105395
2014105396
2014105397
2014105398
2014105399
2014105400
2014105401
2014105402
2014105403
2014105404
2014105405
2014105406
2014105407
2014105408
2014105409
2014105412
2014105413
2014105414
2014105415
2014105416
2014105417
2014105419
2014105420
2014105421
2014105422
2014105423
2014105424
2014105425
2014105426
2014105427
2014105428
2014105430
2014105431
2014105432
2014105433
2014105434
2014105435
2014105436
2014105437
2014105438
2014105439
2014105440
2014105441
2014105442
2014105443
2014105444
2014105445
2014105447
2014105448
2014105449
2014105450
2014105452
2014105455
2014105456
2014105457
2014105458
2014105459
2014105460
2014105461
2014105462
2014105464
2014105465
2014105466
2014105467
2014105468
2014105469
2014105470
2014105471
2014105472
2014105473
2014105474
2014105476
2014105478
2014105479
2014105480
2014105482
2014105483
2014105484
2014105485
2014105486
2014105487
2014105488
2014105489
2014105490
2014105491
2014105492
2014105493
2014105495
2014105497
2014105499
2014105500
2014105501
2014105502
2014105503
2014105504
2014105506
2014105507
2014105508
2014105509
2014105510
2014105511
2014105512
2014105513
2014105514
2014105516
2014105517
2014105518
2014105519
2014105520
2014105521
2014105523
2014105524
2014105525
2014105526
2014105528
2014105529
2014105530
2014105531
2014105532
2014105533
2014105534
2014105535
2014105537
2014105538
2014105539
2014105540
2014105541
2014105542
2014105543
2014105544
2014105545
2014105546
2014105547
2014105548
2014105549
2014105550
2014105551
2014105552
2014105553
2014105554
2014105558
2014105560
2014105562
2014105563
2014105564
2014105565
2014105567
2014105569
2014105570
2014105571
2014105572
2014105573
2014105574
2014105575
2014105576
2014105577
2014105578
2014105579
2014105582
2014105583
2014105584
2014105586
2014105587
2014105588
2014105589
2014105592
2014105594
2014105595
2014105597
2014105598
2014105599
2014105600
2014105601
2014105602
2014105603
2014105604
2014105605
2014105608
2014105609
2014105611
2014105612
2014105613
2014105614
2014105615
2014105616
2014105619
2014105620
2014105621
2014105622
2014105624
2014105625
2014105626
2014105627
2014105628
2014105630
2014105633
2014105635
2014105637
2014105638
2014105639
2014105640
2014105641
2014105642
2014105643
2014105644
2014105645
2014105646
2014105647
2014105648
2014105649
2014105650
2014105653
2014105654
2014105655
2014105657
2014105658
2014105660
2014105662
2014105663
2014105666
2014105667
2014105669
2014105670
2014105671
2014105672
2014105673
2014105674
2014105675
2014105676
2014105677
2014105678
2014105679
2014105681
2014105682
2014105683
2014105685
2014105686
2014105687
2014105688
2014105689
2014105690
2014105691
2014105692
2014105693
2014105694
2014105695
2014105697
2014105698
2014105700
2014105701
2014105702
2014105703
2014105706
2014105707
2014105708
2014105709
2014105710
2014105711
2014105713
2014105714
2014105715
2014105716
2014105718
2014105719
2014105720
2014105721
2014105722
2014105723
2014105724
2014105725
2014105726
2014105727
2014105728
2014105731
2014105732
2014105733
2014105734
2014105736
2014105737
2014105738
2014105739
2014105741
2014105742
2014105743
2014105744
2014105745
2014105746
2014105747
2014105748
2014105749
2014105750
2014105751
2014105752
2014105753
2014105754
2014105755
2014105756
2014105757
2014105759
2014105760
2014105761
2014105762
2014105763
2014105764
2014105765
2014105766
2014105767
2014105768
2014105769
2014105770
2014105771
2014105772
2014105773
2014105774
2014105777
2014105778
2014105779
2014105780
2014105781
2014105783
2014105784
2014105785
2014105787
2014105788
2014105789
2014105791
2014105792
2014105793
2014105794
2014105795
2014105796
2014105797
2014105798
2014105799
2014105800
2014105801
2014105802
2014105803
2014105804
2014105805
2014105806
2014105807
2014105809
2014105810
2014105812
2014105813
2014105814
2014105815
2014105817
2014105818
2014105819
2014105821
2014105822
2014105823
2014105824
2014105825
2014105827
2014105828
2014105829
2014105830
2014105832
2014105833
2014105834
2014105835
2014105836
2014105837
2014105838
2014105839
2014105840
2014105841
2014105843
2014105846
2014105847
2014105848
2014105849
2014105850
2014105851
2014105852
2014105853
2014105854
2014105856
2014105857
2014105858
2014105860
2014105861
2014105862
2014105863
2014105864
2014105865
2014105866
2014105867
2014105869
2014105871
2014105872
2014105873
2014105876
2014105878
2014105879
2014105880
2014105881
2014105882
2014105884
2014105886
2014105887
2014105889
2014105890
2014105891
2014105892
2014105893
2014105894
2014105895
2014105896
2014105897
2014105898
2014105899
2014105900
2014105901
2014105902
2014105903
2014105905
2014105906
2014105907
2014105908
2014105910
2014105911
2014105913
2014105914
2014105915
2014105916
2014105917
2014105919
2014105921
2014105922
2014105923
2014105924
2014105925
2014105926
2014105927
2014105928
2014105929
2014105930
2014105931
2014105932
2014105933
2014105934
2014105935
2014105936
2014105937
2014105939
2014105941
2014105942
2014105943
2014105944
2014105945
2014105947
2014105948
2014105949
2014105950
2014105951
2014105952
2014105953
2014105957
2014105958
2014105959
2014105960
2014105961
2014105963
2014105964
2014105965
2014105968
2014105969
2014105970
2014105971
2014105972
2014105973
2014105974
2014105975
2014105976
2014105978
2014105979
2014105980
2014105981
2014105982
2014105983
2014105984
2014105985
2014105986
2014105987
2014105988
2014105989
2014105990
2014105991
2014105992
2014105993
2014105994
2014105995
2014105996
2014105997
2014105998
2014105999
2014106000
2014106002
2014106004
2014106005
2014106006
2014106007
2014106008
2014106009
2014106010
2014106011
2014106012
2014106013
2014106014
2014106017
2014106018
2014106019
2014106020
2014106021
2014106022
2014106023
2014106024
2014106025
2014106026
2014106027
2014106028
2014106029
2014106030
2014106032
2014106034
2014106035
2014106036
2014106037
2014106038
2014106039
2014106040
2014106043
2014106044
2014106045
2014106046
2014106047
2014106048
2014106049
2014106050
2014106051
2014106052
2014106054
2014106055
2014106056
2014106058
2014106059
2014106060
2014106061
2014106062
2014106064
2014106065
2014106066
2014106067
2014106068
2014106070
2014106071
2014106072
2014106073
2014106074
2014106075
2014106076
2014106078
2014106079
2014106080
2014106081
2014106082
2014106083
2014106084
2014106086
2014106089
2014106091
2014106092
2014106093
2014106094
2014106095
2014106096
2014106097
2014106098
2014106099
2014106101
2014106102
2014106103
2014106104
2014106105
2014106106
2014106107
2014106108
2014106109
2014106110
2014106111
2014106112
2014106113
2014106114
2014106115
2014106117
2014106118
2014106119
2014106120
2014106123
2014106124
2014106125
2014106126
2014106128
2014106130
2014106131
2014106132
2014106133
2014106134
2014106136
2014106137
2014106138
2014106139
2014106141
2014106142
2014106144
2014106145
2014106147
2014106148
2014106149
2014106150
2014106151
2014106152
2014106153
2014106154
2014106155
2014106156
2014106157
2014106158
2014106159
2014106160
2014106161
2014106162
2014106164
2014106165
2014106166
2014106167
2014106168
2014106169
2014106170
2014106172
2014106173
2014106174
2014106175
2014106176
2014106177
2014106179
2014106180
2014106181
2014106182
2014106183
2014106184
2014106185
2014106186
2014106187
2014106188
2014106190
2014106191
2014106192
2014106193
2014106194
2014106195
2014106196
2014106197
2014106198
2014106199
2014106200
2014106201
2014106202
2014106203
2014106204
2014106205
2014106206
2014106207
2014106210
2014106211
2014106212
2014106213
2014106214
2014106215
2014106216
2014106217
2014106218
2014106219
2014106220
2014106222
2014106225
2014106228
2014106229
2014106230
2014106231
2014106232
2014106233
2014106234
2014106235
2014106238
2014106239
2014106241
2014106242
2014106243
2014106244
2014106245
2014106246
2014106248
2014106250
2014106251
2014106253
2014106256
2014106257
2014106259
2014106260
2014106261
2014106264
2014106272
2014106277
2014106278
2014106279
2014106280
2014106281
2014106285
2014106286
2014106288
2014106289
2014106290
2014106298
2014106299
2014106300
2014106301
2014106305
2014106307
2014106308
2014106309
2014106312
2014106313
2014106318
2014106320
2014106321
2014106326
2014106328
2014106329
2014106330
2014106332
2014106335
2014106337
2014106338
2014106339
2014106340
2014106341
2014106343
2014106345
2014106347
2014106348
2014106350
2014106351
2014106352
2014106353
2014106354
2014106355
2014106356
2014106357
2014106359
2014106360
2014106361
2014106362
2014106364
2014106366
2014106367
2014106368
2014106371
2014106372
2014106387
2014106389
2014106391
2014106394
2014106395
2014106396
2014106398
2014106401
2014106404
2014106407
2014106408
2014106410
2014106411
2014106415
2014106417
2014106421
2014106422
2014106424
2014106425
2014106426
2014106428
2014106430
2014106432
2014106435
2014106436
2014106437
2014106438
2014106439
2014106441
2014106442
2014106443
2014106447
2014106448
2014106450
2014106453
2014106457
2014106460
2014106461
2014106462
2014106464
2014106465
2014106466
2014106467
2014106468
2014106470
2014106472
2014106473
2014106474
2014106475
2014106476
2014106478
2014106479
2014106482
2014106483
2014106485
2014106486
2014106488
2014106489
2014106492
2014106493
2014106495
2014106501
2014106503
2014106504
2014106505
2014106506
2014106511
2014106516
2014106517
2014106519
2014106520
2014106522
2014106523
2014106524
2014106525
2014106526
2014106527
2014106529
2014106530
2014106531
2014106532
2014106535
2014106541
2014106542
2014106543
2014106545
2014106549
2014109001
2014109004
2014109006
2014109007
2014109008
2014109009
2014109012
2014109013
2014109014
2014109023
2014109024
2014109025
2014109026
2014109029
2014109030
2014109031
2014109037
2014109038
2014109040
2014109041
2014109042
2014109043
2014109044
2014109045
2014109047
2014109049
2014109050
2014109051
2014109052
2014109054
2014109059
2014109065
2014109066
2014109068
2014109075
2014109076
2014109080
2014109083
2014109084
2014109085
2014109086
2014109087
2014109089
2014109090
2014109091
2014109094
2014109095
2014109096
2014109097
2014109099
2014109100
2014109101
2014109102
2014109103
2014109104
2014109106
2014109108
2014109110
2014109111
2014109114
2014109116
2014109118
2014109119
2014109121
2014109122
2014109127
2014109130
2014109136
2014109137
2014109138
2014109142
2014109148
2014109149
2014109151
2014109156
2014109158
2014109159
2014109166
2014109167
2014109171
2014109176
2014110001
2014110002
2014110003
2014110004
2014110006
2014110007
2014110008
2014110009
2014110010
2014110011
2014110012
2014110013
2014110014
2014110015
2014110016
2014110017
2014110018
2014110019
2014110022
2014110023
2014110024
2014110025
2014110026
2014110029
2014110030
2014110031
2014110032
2014110033
2014110034
2014110035
2014110036
2014110037
2014110038
2014110039
2014110040
2014110041
2014110042
2014110043
2014110045
2014110046
2014110048
2014110050
2014110051
2014110052
2014110053
2014110054
2014110055
2014110056
2014110058
2014110059
2014110060
2014110062
2014110063
2014110064
2014110066
2014110068
2014110069
2014110070
2014110071
2014110072
2014110073
2014110074
2014110075
2014110076
2014110077
2014110078
2014110079
2014110080
2014110081
2014110082
2014110083
2014110084
2014110085
2014110086
2014110087
2014110088
2014110089
2014110090
2014110092
2014110093
2014110094
2014110095
2014110097
2014110098
2014110099
2014110100
2014110101
2014110102
2014110103
2014110104
2014110105
2014110106
2014110107
2014110108
2014110109
2014110110
2014110111
2014110112
2014110113
2014110114
2014110115
2014110116
2014110117
2014110118
2014110119
2014110120
2014110121
2014110123
2014110124
2014110125
2014110126
2014190001
2014190002
2015100002
2015100010
2015100015
2015100018
2015100019
2015100020
2015100021
2015100022
2015100023
2015100030
2015100031
2015100036
2015100037
2015100043
2015100044
2015100045
2015100050
2015100051
2015100054
2015100055
2015100057
2015100059
2015100061
2015100062
2015100063
2015100065
2015100066
2015100068
2015100069
2015100070
2015100072
2015100073
2015100074
2015100075
2015100080
2015100081
2015100082
2015100084
2015100087
2015100088
2015100089
2015100093
2015100097
2015100098
2015100100
2015100101
2015100106
2015100112
2015100114
2015100115
2015100117
2015100119
2015100120
2015100122
2015100123
2015100125
2015100126
2015100127
2015100128
2015100129
2015100130
2015100131
2015100132
2015100134
2015100136
2015100137
2015100139
2015100140
2015100141
2015100142
2015100143
2015100144
2015100145
2015100147
2015100148
2015100150
2015100151
2015100152
2015100153
2015100154
2015100155
2015100156
2015100157
2015100159
2015100161
2015100162
2015100164
2015100166
2015100167
2015100168
2015100169
2015100170
2015100171
2015100172
2015100173
2015100174
2015100175
2015100176
2015100177
2015100178
2015100180
2015100181
2015100182
2015100183
2015100184
2015100186
2015100187
2015100188
2015100189
2015100194
2015100195
2015100196
2015100198
2015100200
2015100201
2015100204
2015100205
2015100206
2015100208
2015100214
2015100215
2015100216
2015100217
2015100218
2015100219
2015100220
2015100221
2015100222
2015100223
2015100224
2015100225
2015100226
2015100227
2015100228
2015100229
2015100230
2015100231
2015100232
2015100233
2015100234
2015100235
2015100236
2015100237
2015100238
2015100239
2015100240
2015100241
2015100242
2015100243
2015100244
2015100245
2015100246
2015100247
2015100248
2015100249
2015100251
2015100253
2015100257
2015100258
2015100259
2015100260
2015100261
2015100263
2015100270
2015100272
2015100273
2015100274
2015100275
2015100276
2015100277
2015100280
2015100283
2015100289
2015100290
2015100291
2015100292
2015100293
2015100295
2015100296
2015100297
2015100299
2015100300
2015100301
2015100302
2015100303
2015100304
2015100305
2015100307
2015100309
2015100310
2015100311
2015100313
2015100314
2015100315
2015100316
2015100317
2015100318
2015100319
2015100325
2015100326
2015100327
2015100328
2015100329
2015100330
2015100331
2015100332
2015100333
2015100334
2015100335
2015100337
2015100339
2015100340
2015100341
2015100342
2015100344
2015100345
2015100347
2015100348
2015100349
2015100350
2015100351
2015100353
2015100355
2015100357
2015100360
2015100363
2015100364
2015100365
2015100366
2015100367
2015100371
2015100372
2015100373
2015100375
2015100377
2015100379
2015100380
2015100383
2015100384
2015100389
2015100392
2015100393
2015100394
2015100395
2015100398
2015100399
2015100400
2015100401
2015100403
2015100405
2015100406
2015100407
2015100408
2015100416
2015100417
2015100418
2015100419
2015100420
2015100421
2015100422
2015100423
2015100428
2015100429
2015100435
2015100440
2015100441
2015100442
2015100443
2015100444
2015100445
2015100446
2015100447
2015100449
2015100451
2015100452
2015100454
2015100455
2015100459
2015100460
2015100461
2015100462
2015100463
2015100466
2015100468
2015100469
2015100474
2015100475
2015100476
2015100477
2015100478
2015100482
2015100485
2015100486
2015100490
2015100491
2015100492
2015100493
2015100494
2015100495
2015100497
2015100499
2015100500
2015100501
2015100502
2015100503
2015100504
2015100505
2015100507
2015100508
2015100509
2015100510
2015100511
2015100512
2015100513
2015100514
2015100515
2015100516
2015100517
2015100519
2015100521
2015100522
2015100523
2015100524
2015100525
2015100526
2015100527
2015100528
2015100529
2015100531
2015100532
2015100533
2015100534
2015100535
2015100536
2015100537
2015100540
2015100541
2015100542
2015100543
2015100544
2015100545
2015100546
2015100547
2015100548
2015100549
2015100551
2015100552
2015100553
2015100554
2015100555
2015100556
2015100557
2015100558
2015100559
2015100560
2015100561
2015100562
2015100563
2015100564
2015100565
2015100566
2015100567
2015100568
2015100571
2015100572
2015100573
2015100576
2015100577
2015100578
2015100580
2015100581
2015100582
2015100584
2015100586
2015100587
2015100589
2015100591
2015100592
2015100594
2015100595
2015100596
2015100597
2015100598
2015100599
2015100600
2015100601
2015100602
2015100603
2015100604
2015100605
2015100606
2015100608
2015100610
2015100611
2015100612
2015100613
2015100614
2015100615
2015100618
2015100620
2015100622
2015100623
2015100624
2015100625
2015100628
2015100629
2015100630
2015100631
2015100632
2015100634
2015100635
2015100636
2015100637
2015100639
2015100640
2015100644
2015100646
2015100648
2015100651
2015100652
2015100654
2015100655
2015100659
2015100660
2015100662
2015100664
2015100665
2015100667
2015100670
2015100671
2015100672
2015100673
2015100675
2015100678
2015100679
2015100681
2015100686
2015100687
2015100688
2015100689
2015100690
2015100691
2015100692
2015100693
2015100694
2015100695
2015100696
2015100698
2015100699
2015100700
2015100701
2015100702
2015100703
2015100704
2015100705
2015100707
2015100708
2015100710
2015100712
2015100713
2015100714
2015100715
2015100716
2015100717
2015100719
2015100720
2015100721
2015100723
2015100724
2015100725
2015100726
2015100727
2015100728
2015100729
2015100731
2015100732
2015100733
2015100734
2015100735
2015100736
2015100737
2015100738
2015100739
2015100740
2015100743
2015100744
2015100745
2015100746
2015100747
2015100748
2015100749
2015100750
2015100751
2015100753
2015100754
2015100756
2015100757
2015100758
2015100760
2015100761
2015100762
2015100763
2015100765
2015100766
2015100768
2015100771
2015100772
2015100777
2015100780
2015100782
2015100783
2015100786
2015100787
2015100788
2015100791
2015100792
2015100793
2015100794
2015100795
2015100799
2015100801
2015100803
2015100804
2015100805
2015100806
2015100807
2015100808
2015100809
2015100810
2015100811
2015100813
2015100814
2015100816
2015100817
2015100818
2015100819
2015100822
2015100824
2015100825
2015100826
2015100828
2015100830
2015100831
2015100833
2015100834
2015100835
2015100838
2015100839
2015100840
2015100841
2015100842
2015100843
2015100844
2015100845
2015100846
2015100847
2015100849
2015100850
2015100851
2015100852
2015100853
2015100854
2015100855
2015100856
2015100857
2015100858
2015100861
2015100862
2015100863
2015100864
2015100865
2015100866
2015100867
2015100868
2015100869
2015100870
2015100871
2015100872
2015100873
2015100874
2015100876
2015100878
2015100882
2015100884
2015100886
2015100887
2015100888
2015100890
2015100891
2015100894
2015100897
2015100900
2015100901
2015100902
2015100903
2015100904
2015100906
2015100907
2015100908
2015100909
2015100910
2015100913
2015100916
2015100918
2015100919
2015100920
2015100921
2015100922
2015100923
2015100924
2015100925
2015100927
2015100928
2015100929
2015100932
2015100933
2015100935
2015100937
2015100938
2015100939
2015100940
2015100942
2015100944
2015100945
2015100946
2015100947
2015100949
2015100952
2015100955
2015100956
2015100958
2015100960
2015100962
2015100963
2015100964
2015100965
2015100966
2015100968
2015100969
2015100970
2015100971
2015100974
2015100975
2015100976
2015100977
2015100978
2015100983
2015100993
2015100995
2015100996
2015100997
2015101000
2015101001
2015101006
2015101007
2015101012
2015101013
2015101014
2015101017
2015101019
2015101021
2015101022
2015101024
2015101025
2015101026
2015101027
2015101028
2015101029
2015101031
2015101032
2015101033
2015101034
2015101036
2015101037
2015101038
2015101039
2015101043
2015101044
2015101046
2015101047
2015101048
2015101049
2015101050
2015101052
2015101053
2015101054
2015101055
2015101057
2015101059
2015101061
2015101064
2015101066
2015101067
2015101070
2015101071
2015101072
2015101073
2015101074
2015101075
2015101076
2015101077
2015101078
2015101080
2015101081
2015101082
2015101083
2015101084
2015101085
2015101086
2015101088
2015101091
2015101093
2015101094
2015101095
2015101098
2015101102
2015101103
2015101105
2015101106
2015101107
2015101109
2015101110
2015101111
2015101113
2015101114
2015101115
2015101116
2015101120
2015101125
2015101126
2015101127
2015101130
2015101131
2015101133
2015101135
2015101137
2015101138
2015101144
2015101145
2015101147
2015101150
2015101151
2015101152
2015101155
2015101156
2015101164
2015101168
2015101169
2015101170
2015101173
2015101174
2015101176
2015101177
2015101178
2015101184
2015101185
2015101186
2015101187
2015101190
2015101191
2015101194
2015101196
2015101197
2015101198
2015101200
2015101206
2015101207
2015101208
2015101209
2015101210
2015101212
2015101213
2015101217
2015101218
2015101219
2015101220
2015101223
2015101225
2015101227
2015101228
2015101229
2015101230
2015101231
2015101232
2015101234
2015101235
2015101236
2015101237
2015101238
2015101239
2015101240
2015101241
2015101242
2015101243
2015101244
2015101245
2015101248
2015101249
2015101250
2015101251
2015101254
2015101255
2015101257
2015101260
2015101261
2015101262
2015101263
2015101264
2015101265
2015101266
2015101273
2015101274
2015101275
2015101280
2015101281
2015101282
2015101285
2015101286
2015101287
2015101288
2015101289
2015101290
2015101307
2015101310
2015101312
2015101313
2015101314
2015101315
2015101317
2015101318
2015101319
2015101320
2015101321
2015101323
2015101324
2015101326
2015101327
2015101328
2015101329
2015101330
2015101331
2015101332
2015101333
2015101335
2015101336
2015101339
2015101340
2015101341
2015101342
2015101343
2015101344
2015101345
2015101347
2015101348
2015101351
2015101352
2015101353
2015101355
2015101356
2015101358
2015101360
2015101362
2015101363
2015101364
2015101365
2015101366
2015101367
2015101368
2015101372
2015101373
2015101374
2015101375
2015101376
2015101377
2015101378
2015101380
2015101381
2015101382
2015101383
2015101384
2015101385
2015101386
2015101387
2015101388
2015101389
2015101391
2015101393
2015101394
2015101395
2015101397
2015101398
2015101399
2015101400
2015101401
2015101402
2015101403
2015101404
2015101405
2015101406
2015101407
2015101408
2015101409
2015101410
2015101412
2015101413
2015101415
2015101416
2015101417
2015101418
2015101420
2015101421
2015101423
2015101424
2015101425
2015101427
2015101428
2015101429
2015101430
2015101431
2015101432
2015101433
2015101434
2015101435
2015101436
2015101437
2015101438
2015101439
2015101440
2015101441
2015101442
2015101443
2015101444
2015101445
2015101446
2015101447
2015101448
2015101449
2015101450
2015101451
2015101452
2015101453
2015101454
2015101459
2015101465
2015101467
2015101468
2015101471
2015101479
2015101480
2015101481
2015101482
2015101483
2015101484
2015101485
2015101487
2015101489
2015101490
2015101491
2015101492
2015101494
2015101495
2015101496
2015101498
2015101499
2015101503
2015101504
2015101505
2015101506
2015101508
2015101511
2015101512
2015101513
2015101515
2015101517
2015101518
2015101520
2015101523
2015101524
2015101525
2015101526
2015101529
2015101530
2015101531
2015101532
2015101533
2015101534
2015101535
2015101537
2015101539
2015101540
2015101542
2015101543
2015101547
2015101548
2015101549
2015101550
2015101552
2015101553
2015101554
2015101555
2015101556
2015101557
2015101559
2015101560
2015101561
2015101562
2015101563
2015101564
2015101565
2015101566
2015101567
2015101568
2015101569
2015101570
2015101571
2015101572
2015101573
2015101574
2015101575
2015101576
2015101577
2015101578
2015101579
2015101580
2015101581
2015101582
2015101583
2015101584
2015101585
2015101586
2015101587
2015101588
2015101589
2015101591
2015101592
2015101593
2015101594
2015101595
2015101596
2015101597
2015101599
2015101600
2015101602
2015101603
2015101605
2015101606
2015101607
2015101608
2015101609
2015101610
2015101611
2015101612
2015101613
2015101614
2015101615
2015101616
2015101617
2015101618
2015101619
2015101620
2015101621
2015101622
2015101623
2015101624
2015101625
2015101626
2015101627
2015101628
2015101629
2015101630
2015101631
2015101632
2015101633
2015101635
2015101636
2015101637
2015101638
2015101639
2015101640
2015101641
2015101643
2015101645
2015101646
2015101647
2015101648
2015101649
2015101652
2015101653
2015101654
2015101655
2015101656
2015101657
2015101658
2015101659
2015101660
2015101661
2015101663
2015101664
2015101665
2015101666
2015101667
2015101668
2015101670
2015101671
2015101673
2015101674
2015101675
2015101676
2015101678
2015101679
2015101680
2015101681
2015101682
2015101683
2015101684
2015101685
2015101686
2015101687
2015101689
2015101690
2015101693
2015101694
2015101695
2015101698
2015101699
2015101700
2015101701
2015101702
2015101703
2015101704
2015101706
2015101707
2015101708
2015101709
2015101712
2015101714
2015101716
2015101719
2015101720
2015101728
2015101729
2015101731
2015101734
2015101735
2015101736
2015101737
2015101738
2015101739
2015101740
2015101741
2015101743
2015101744
2015101745
2015101746
2015101747
2015101749
2015101750
2015101751
2015101752
2015101753
2015101754
2015101755
2015101759
2015101760
2015101761
2015101762
2015101770
2015101771
2015101772
2015101773
2015101774
2015101775
2015101776
2015101778
2015101779
2015101780
2015101781
2015101782
2015101783
2015101784
2015101785
2015101786
2015101787
2015101789
2015101790
2015101792
2015101796
2015101797
2015101798
2015101800
2015101801
2015101802
2015101804
2015101806
2015101808
2015101809
2015101812
2015101813
2015101814
2015101815
2015101816
2015101820
2015101822
2015101823
2015101826
2015101828
2015101829
2015101830
2015101831
2015101833
2015101834
2015101835
2015101836
2015101837
2015101838
2015101845
2015101846
2015101849
2015101851
2015101852
2015101854
2015101855
2015101856
2015101857
2015101858
2015101859
2015101860
2015101861
2015101862
2015101863
2015101864
2015101865
2015101866
2015101870
2015101871
2015101873
2015101875
2015101876
2015101877
2015101878
2015101879
2015101880
2015101881
2015101883
2015101884
2015101885
2015101886
2015101887
2015101888
2015101889
2015101890
2015101891
2015101892
2015101894
2015101895
2015101896
2015101899
2015101900
2015101901
2015101902
2015101903
2015101904
2015101905
2015101907
2015101908
2015101910
2015101911
2015101912
2015101915
2015101917
2015101920
2015101921
2015101922
2015101927
2015101929
2015101932
2015101936
2015101937
2015101938
2015101939
2015101941
2015101942
2015101943
2015101944
2015101946
2015101947
2015101948
2015101950
2015101951
2015101952
2015101953
2015101959
2015101960
2015101961
2015101962
2015101964
2015101966
2015101974
2015101975
2015101980
2015101981
2015101982
2015101984
2015101985
2015101987
2015101988
2015101993
2015101994
2015101995
2015101997
2015101998
2015101999
2015102002
2015102003
2015102007
2015102008
2015102010
2015102011
2015102012
2015102013
2015102015
2015102017
2015102018
2015102019
2015102020
2015102021
2015102022
2015102023
2015102024
2015102025
2015102027
2015102033
2015102034
2015102035
2015102036
2015102038
2015102039
2015102040
2015102041
2015102042
2015102043
2015102044
2015102045
2015102046
2015102047
2015102050
2015102051
2015102052
2015102053
2015102057
2015102062
2015102067
2015102068
2015102069
2015102071
2015102072
2015102074
2015102075
2015102076
2015102077
2015102078
2015102079
2015102080
2015102081
2015102082
2015102083
2015102084
2015102089
2015102090
2015102092
2015102093
2015102094
2015102095
2015102098
2015102106
2015102110
2015102111
2015102113
2015102114
2015102115
2015102116
2015102117
2015102118
2015102123
2015102125
2015102127
2015102128
2015102130
2015102134
2015102135
2015102137
2015102140
2015102141
2015102142
2015102143
2015102144
2015102146
2015102148
2015102149
2015102150
2015102152
2015102157
2015102158
2015102159
2015102162
2015102163
2015102164
2015102165
2015102166
2015102167
2015102168
2015102169
2015102172
2015102173
2015102177
2015102178
2015102179
2015102181
2015102183
2015102184
2015102185
2015102186
2015102187
2015102188
2015102190
2015102192
2015102193
2015102196
2015102198
2015102199
2015102201
2015102202
2015102203
2015102205
2015102206
2015102208
2015102211
2015102213
2015102214
2015102215
2015102217
2015102218
2015102219
2015102220
2015102222
2015102223
2015102224
2015102225
2015102228
2015102229
2015102230
2015102235
2015102236
2015102239
2015102240
2015102241
2015102242
2015102243
2015102244
2015102245
2015102246
2015102248
2015102250
2015102252
2015102253
2015102254
2015102256
2015102257
2015102258
2015102259
2015102260
2015102261
2015102263
2015102264
2015102265
2015102266
2015102267
2015102268
2015102269
2015102272
2015102273
2015102274
2015102275
2015102277
2015102278
2015102280
2015102281
2015102282
2015102283
2015102284
2015102285
2015102287
2015102288
2015102289
2015102291
2015102292
2015102294
2015102297
2015102299
2015102302
2015102303
2015102304
2015102307
2015102308
2015102309
2015102310
2015102312
2015102313
2015102315
2015102316
2015102318
2015102319
2015102321
2015102323
2015102324
2015102325
2015102326
2015102327
2015102328
2015102329
2015102330
2015102331
2015102332
2015102335
2015102341
2015102342
2015102345
2015102347
2015102349
2015102350
2015102351
2015102352
2015102353
2015102355
2015102357
2015102358
2015102360
2015102362
2015102364
2015102366
2015102367
2015102368
2015102369
2015102370
2015102371
2015102372
2015102374
2015102375
2015102376
2015102377
2015102378
2015102379
2015102380
2015102381
2015102382
2015102383
2015102384
2015102385
2015102387
2015102388
2015102389
2015102390
2015102391
2015102392
2015102395
2015102396
2015102397
2015102399
2015102401
2015102403
2015102407
2015102408
2015102409
2015102411
2015102412
2015102413
2015102414
2015102416
2015102417
2015102419
2015102420
2015102422
2015102423
2015102424
2015102425
2015102428
2015102430
2015102431
2015102433
2015102435
2015102437
2015102438
2015102439
2015102440
2015102441
2015102442
2015102443
2015102444
2015102445
2015102447
2015102448
2015102449
2015102451
2015102452
2015102453
2015102454
2015102455
2015102459
2015102460
2015102463
2015102464
2015102467
2015102468
2015102470
2015102471
2015102473
2015102476
2015102477
2015102478
2015102479
2015102480
2015102481
2015102483
2015102485
2015102487
2015102488
2015102491
2015102492
2015102493
2015102495
2015102496
2015102498
2015102499
2015102500
2015102501
2015102502
2015102504
2015102505
2015102517
2015102521
2015102523
2015102524
2015102528
2015102529
2015102533
2015102534
2015102535
2015102536
2015102538
2015102539
2015102540
2015102542
2015102544
2015102549
2015102550
2015102551
2015102553
2015102554
2015102555
2015102556
2015102557
2015102558
2015102560
2015102562
2015102563
2015102564
2015102565
2015102566
2015102569
2015102570
2015102571
2015102574
2015102576
2015102578
2015102580
2015102583
2015102585
2015102586
2015102587
2015102591
2015102592
2015102593
2015102594
2015102595
2015102596
2015102597
2015102598
2015102599
2015102600
2015102601
2015102602
2015102604
2015102606
2015102607
2015102610
2015102612
2015102613
2015102617
2015102620
2015102621
2015102626
2015102628
2015102629
2015102630
2015102633
2015102634
2015102635
2015102636
2015102637
2015102638
2015102639
2015102643
2015102644
2015102645
2015102646
2015102647
2015102652
2015102655
2015102656
2015102657
2015102658
2015102659
2015102660
2015102662
2015102663
2015102664
2015102665
2015102666
2015102669
2015102670
2015102671
2015102674
2015102676
2015102684
2015102686
2015102687
2015102690
2015102691
2015102692
2015102694
2015102695
2015102697
2015102698
2015102700
2015102701
2015102703
2015102704
2015102706
2015102713
2015102714
2015102715
2015102716
2015102717
2015102718
2015102725
2015102728
2015102730
2015102732
2015102734
2015102735
2015102736
2015102737
2015102738
2015102739
2015102740
2015102741
2015102742
2015102743
2015102744
2015102745
2015102746
2015102747
2015102748
2015102749
2015102750
2015102751
2015102752
2015102753
2015102754
2015102759
2015102760
2015102761
2015102763
2015102764
2015102765
2015102766
2015102767
2015102768
2015102769
2015102770
2015102771
2015102772
2015102773
2015102774
2015102776
2015102779
2015102781
2015102782
2015102783
2015102784
2015102785
2015102786
2015102787
2015102789
2015102790
2015102791
2015102792
2015102794
2015102795
2015102797
2015102798
2015102800
2015102801
2015102802
2015102803
2015102804
2015102805
2015102807
2015102809
2015102810
2015102811
2015102812
2015102813
2015102814
2015102815
2015102816
2015102817
2015102818
2015102820
2015102822
2015102823
2015102824
2015102825
2015102826
2015102827
2015102829
2015102830
2015102832
2015102834
2015102835
2015102837
2015102838
2015102840
2015102841
2015102842
2015102843
2015102844
2015102846
2015102847
2015102848
2015102849
2015102850
2015102851
2015102852
2015102853
2015102854
2015102855
2015102856
2015102857
2015102859
2015102860
2015102861
2015102865
2015102866
2015102868
2015102869
2015102870
2015102871
2015102873
2015102878
2015102879
2015102881
2015102882
2015102883
2015102885
2015102887
2015102888
2015102891
2015102897
2015102899
2015102906
2015102908
2015102909
2015102911
2015102913
2015102915
2015102916
2015102917
2015102918
2015102919
2015102920
2015102923
2015102924
2015102925
2015102926
2015102927
2015102929
2015102930
2015102931
2015102932
2015102933
2015102934
2015102935
2015102938
2015102940
2015102941
2015102942
2015102944
2015102945
2015102947
2015102948
2015102949
2015102952
2015102954
2015102955
2015102956
2015102957
2015102958
2015102959
2015102960
2015102961
2015102963
2015102966
2015102967
2015102968
2015102969
2015102971
2015102972
2015102973
2015102976
2015102977
2015102978
2015102979
2015102980
2015102983
2015102984
2015102985
2015102986
2015102987
2015102988
2015102989
2015102990
2015102991
2015102993
2015102994
2015102995
2015102996
2015102998
2015102999
2015103000
2015103001
2015103002
2015103003
2015103004
2015103005
2015103006
2015103007
2015103008
2015103009
2015103010
2015103011
2015103012
2015103013
2015103014
2015103015
2015103016
2015103017
2015103018
2015103019
2015103020
2015103021
2015103024
2015103026
2015103029
2015103031
2015103032
2015103033
2015103034
2015103035
2015103038
2015103040
2015103042
2015103044
2015103045
2015103046
2015103047
2015103048
2015103049
2015103050
2015103051
2015103052
2015103053
2015103054
2015103056
2015103057
2015103058
2015103059
2015103060
2015103061
2015103062
2015103063
2015103064
2015103066
2015103071
2015103073
2015103074
2015103075
2015103076
2015103077
2015103078
2015103079
2015103080
2015103081
2015103082
2015103084
2015103085
2015103088
2015103089
2015103090
2015103092
2015103094
2015103095
2015103096
2015103098
2015103100
2015103101
2015103102
2015103103
2015103104
2015103105
2015103106
2015103107
2015103108
2015103109
2015103110
2015103111
2015103112
2015103116
2015103117
2015103118
2015103120
2015103121
2015103123
2015103124
2015103127
2015103128
2015103132
2015103134
2015103135
2015103137
2015103138
2015103139
2015103140
2015103142
2015103143
2015103144
2015103145
2015103146
2015103150
2015103151
2015103153
2015103154
2015103155
2015103157
2015103160
2015103161
2015103165
2015103166
2015103167
2015103169
2015103170
2015103171
2015103175
2015103176
2015103177
2015103179
2015103180
2015103181
2015103186
2015103187
2015103190
2015103191
2015103193
2015103194
2015103195
2015103196
2015103197
2015103198
2015103199
2015103201
2015103202
2015103203
2015103204
2015103205
2015103206
2015103208
2015103209
2015103210
2015103211
2015103212
2015103213
2015103214
2015103216
2015103217
2015103218
2015103219
2015103220
2015103221
2015103222
2015103223
2015103224
2015103226
2015103227
2015103228
2015103229
2015103231
2015103232
2015103233
2015103234
2015103235
2015103236
2015103237
2015103239
2015103240
2015103241
2015103242
2015103243
2015103245
2015103247
2015103248
2015103249
2015103251
2015103252
2015103254
2015103255
2015103256
2015103261
2015103262
2015103265
2015103267
2015103268
2015103269
2015103270
2015103271
2015103272
2015103273
2015103274
2015103275
2015103276
2015103277
2015103278
2015103279
2015103282
2015103284
2015103285
2015103286
2015103287
2015103288
2015103289
2015103290
2015103291
2015103293
2015103294
2015103295
2015103296
2015103298
2015103299
2015103301
2015103303
2015103305
2015103306
2015103307
2015103308
2015103309
2015103310
2015103311
2015103312
2015103313
2015103314
2015103315
2015103316
2015103317
2015103319
2015103320
2015103321
2015103322
2015103325
2015103326
2015103327
2015103328
2015103329
2015103330
2015103333
2015103334
2015103335
2015103336
2015103338
2015103339
2015103340
2015103341
2015103342
2015103343
2015103344
2015103345
2015103346
2015103347
2015103348
2015103350
2015103351
2015103352
2015103353
2015103354
2015103355
2015103356
2015103357
2015103358
2015103360
2015103361
2015103362
2015103363
2015103364
2015103365
2015103366
2015103367
2015103368
2015103369
2015103370
2015103373
2015103374
2015103375
2015103376
2015103377
2015103378
2015103379
2015103380
2015103381
2015103382
2015103383
2015103384
2015103385
2015103386
2015103387
2015103388
2015103390
2015103391
2015103392
2015103393
2015103394
2015103395
2015103397
2015103398
2015103399
2015103400
2015103403
2015103404
2015103407
2015103408
2015103409
2015103411
2015103412
2015103413
2015103414
2015103419
2015103420
2015103421
2015103422
2015103423
2015103424
2015103425
2015103426
2015103427
2015103428
2015103429
2015103430
2015103431
2015103432
2015103433
2015103434
2015103437
2015103443
2015103445
2015103446
2015103450
2015103452
2015103455
2015103456
2015103457
2015103458
2015103459
2015103461
2015103462
2015103463
2015103464
2015103465
2015103467
2015103468
2015103473
2015103474
2015103475
2015103477
2015103478
2015103481
2015103482
2015103483
2015103484
2015103486
2015103487
2015103488
2015103490
2015103491
2015103492
2015103494
2015103495
2015103497
2015103498
2015103500
2015103501
2015103506
2015103508
2015103509
2015103510
2015103511
2015103514
2015103515
2015103516
2015103517
2015103518
2015103519
2015103520
2015103521
2015103522
2015103523
2015103524
2015103525
2015103526
2015103527
2015103528
2015103529
2015103530
2015103532
2015103533
2015103534
2015103535
2015103536
2015103537
2015103538
2015103539
2015103542
2015103544
2015103547
2015103548
2015103550
2015103553
2015103554
2015103555
2015103556
2015103557
2015103558
2015103559
2015103560
2015103561
2015103562
2015103563
2015103564
2015103565
2015103566
2015103567
2015103568
2015103569
2015103570
2015103571
2015103572
2015103573
2015103578
2015103579
2015103580
2015103582
2015103584
2015103585
2015103586
2015103587
2015103588
2015103589
2015103590
2015103591
2015103592
2015103593
2015103594
2015103598
2015103599
2015103600
2015103601
2015103602
2015103603
2015103605
2015103606
2015103607
2015103608
2015103609
2015103610
2015103611
2015103612
2015103613
2015103614
2015103615
2015103616
2015103617
2015103620
2015103621
2015103622
2015103623
2015103624
2015103625
2015103626
2015103627
2015103628
2015103629
2015103630
2015103631
2015103632
2015103633
2015103634
2015103636
2015103637
2015103639
2015103640
2015103642
2015103643
2015103646
2015103647
2015103648
2015103649
2015103654
2015103656
2015103657
2015103660
2015103661
2015103662
2015103663
2015103667
2015103670
2015103672
2015103673
2015103674
2015103675
2015103677
2015103678
2015103679
2015103681
2015103682
2015103683
2015103684
2015103685
2015103686
2015103687
2015103688
2015103689
2015103690
2015103692
2015103693
2015103694
2015103695
2015103696
2015103697
2015103699
2015103705
2015103707
2015103708
2015103710
2015103719
2015103720
2015103721
2015103722
2015103723
2015103724
2015103725
2015103730
2015103731
2015103733
2015103734
2015103735
2015103736
2015103737
2015103738
2015103739
2015103741
2015103743
2015103748
2015103751
2015103755
2015103757
2015103760
2015103761
2015103763
2015103764
2015103766
2015103767
2015103768
2015103769
2015103772
2015103773
2015103774
2015103775
2015103777
2015103779
2015103780
2015103781
2015103782
2015103784
2015103785
2015103786
2015103787
2015103788
2015103789
2015103790
2015103791
2015103793
2015103794
2015103795
2015103796
2015103797
2015103799
2015103800
2015103801
2015103802
2015103803
2015103804
2015103807
2015103808
2015103810
2015103811
2015103815
2015103817
2015103818
2015103822
2015103823
2015103824
2015103825
2015103826
2015103831
2015103834
2015103835
2015103836
2015103838
2015103840
2015103841
2015103842
2015103844
2015103845
2015103846
2015103847
2015103853
2015103854
2015103855
2015103856
2015103857
2015103858
2015103859
2015103860
2015103861
2015103862
2015103863
2015103864
2015103865
2015103866
2015103867
2015103868
2015103869
2015103870
2015103871
2015103872
2015103873
2015103874
2015103875
2015103876
2015103877
2015103878
2015103879
2015103880
2015103881
2015103883
2015103884
2015103886
2015103887
2015103889
2015103890
2015103891
2015103892
2015103893
2015103894
2015103895
2015103896
2015103897
2015103898
2015103899
2015103900
2015103901
2015103904
2015103905
2015103906
2015103907
2015103908
2015103909
2015103910
2015103911
2015103912
2015103916
2015103917
2015103918
2015103919
2015103920
2015103921
2015103922
2015103924
2015103925
2015103926
2015103927
2015103928
2015103929
2015103930
2015103932
2015103934
2015103936
2015103937
2015103938
2015103941
2015103946
2015103947
2015103949
2015103950
2015103951
2015103953
2015103954
2015103955
2015103956
2015103957
2015103959
2015103960
2015103961
2015103962
2015103964
2015103966
2015103967
2015103972
2015103977
2015103978
2015103979
2015103980
2015103981
2015103982
2015103983
2015103985
2015103987
2015103988
2015103992
2015103993
2015103994
2015103995
2015103996
2015103997
2015103998
2015103999
2015104000
2015104002
2015104003
2015104004
2015104006
2015104007
2015104008
2015104009
2015104010
2015104011
2015104012
2015104014
2015104016
2015104017
2015104019
2015104021
2015104024
2015104028
2015104029
2015104032
2015104033
2015104036
2015104037
2015104038
2015104043
2015104046
2015104047
2015104048
2015104049
2015104050
2015104051
2015104052
2015104053
2015104054
2015104056
2015104057
2015104058
2015104059
2015104060
2015104061
2015104062
2015104063
2015104066
2015104067
2015104068
2015104069
2015104074
2015104075
2015104076
2015104078
2015104079
2015104080
2015104081
2015104082
2015104084
2015104086
2015104090
2015104092
2015104093
2015104096
2015104098
2015104100
2015104101
2015104102
2015104103
2015104104
2015104105
2015104107
2015104108
2015104109
2015104110
2015104111
2015104115
2015104116
2015104118
2015104119
2015104123
2015104124
2015104125
2015104126
2015104128
2015104129
2015104131
2015104132
2015104134
2015104137
2015104138
2015104140
2015104142
2015104143
2015104144
2015104145
2015104146
2015104147
2015104148
2015104149
2015104150
2015104152
2015104153
2015104154
2015104156
2015104157
2015104158
2015104159
2015104160
2015104161
2015104163
2015104164
2015104165
2015104166
2015104167
2015104168
2015104170
2015104171
2015104172
2015104173
2015104174
2015104175
2015104176
2015104177
2015104178
2015104179
2015104180
2015104181
2015104182
2015104183
2015104184
2015104185
2015104186
2015104187
2015104188
2015104189
2015104190
2015104192
2015104193
2015104194
2015104195
2015104196
2015104197
2015104198
2015104199
2015104200
2015104201
2015104202
2015104203
2015104205
2015104206
2015104207
2015104208
2015104209
2015104213
2015104214
2015104215
2015104216
2015104218
2015104219
2015104220
2015104221
2015104222
2015104223
2015104224
2015104225
2015104226
2015104227
2015104230
2015104231
2015104232
2015104233
2015104234
2015104235
2015104236
2015104237
2015104240
2015104241
2015104242
2015104243
2015104244
2015104245
2015104246
2015104247
2015104248
2015104249
2015104250
2015104251
2015104253
2015104254
2015104255
2015104256
2015104257
2015104259
2015104260
2015104261
2015104263
2015104264
2015104265
2015104266
2015104267
2015104268
2015104269
2015104270
2015104271
2015104273
2015104274
2015104276
2015104277
2015104278
2015104279
2015104281
2015104282
2015104283
2015104285
2015104287
2015104288
2015104289
2015104290
2015104291
2015104292
2015104293
2015104294
2015104295
2015104296
2015104297
2015104298
2015104299
2015104300
2015104301
2015104302
2015104304
2015104305
2015104306
2015104307
2015104308
2015104309
2015104310
2015104311
2015104312
2015104313
2015104314
2015104316
2015104317
2015104318
2015104320
2015104321
2015104322
2015104324
2015104325
2015104326
2015104327
2015104328
2015104331
2015104332
2015104333
2015104336
2015104337
2015104338
2015104340
2015104341
2015104342
2015104343
2015104344
2015104346
2015104347
2015104348
2015104349
2015104350
2015104351
2015104352
2015104353
2015104354
2015104355
2015104356
2015104357
2015104358
2015104359
2015104361
2015104364
2015104366
2015104367
2015104370
2015104371
2015104372
2015104373
2015104374
2015104375
2015104376
2015104377
2015104378
2015104379
2015104380
2015104381
2015104382
2015104383
2015104384
2015104385
2015104386
2015104387
2015104388
2015104389
2015104390
2015104391
2015104392
2015104393
2015104394
2015104395
2015104397
2015104399
2015104400
2015104401
2015104402
2015104404
2015104405
2015104406
2015104407
2015104408
2015104409
2015104410
2015104411
2015104412
2015104413
2015104414
2015104415
2015104416
2015104417
2015104418
2015104419
2015104420
2015104421
2015104422
2015104423
2015104424
2015104425
2015104426
2015104427
2015104428
2015104430
2015104431
2015104432
2015104433
2015104434
2015104435
2015104436
2015104437
2015104438
2015104439
2015104440
2015104441
2015104443
2015104444
2015104445
2015104446
2015104448
2015104450
2015104451
2015104453
2015104454
2015104455
2015104456
2015104457
2015104458
2015104459
2015104460
2015104461
2015104463
2015104465
2015104467
2015104469
2015104470
2015104471
2015104472
2015104473
2015104474
2015104475
2015104476
2015104477
2015104478
2015104480
2015104481
2015104482
2015104483
2015104484
2015104485
2015104486
2015104487
2015104488
2015104489
2015104490
2015104491
2015104492
2015104493
2015104495
2015104496
2015104497
2015104498
2015104499
2015104500
2015104502
2015104504
2015104505
2015104507
2015104508
2015104510
2015104511
2015104512
2015104513
2015104514
2015104515
2015104516
2015104517
2015104518
2015104519
2015104520
2015104521
2015104522
2015104523
2015104524
2015104525
2015104526
2015104527
2015104528
2015104530
2015104531
2015104532
2015104533
2015104534
2015104535
2015104537
2015104538
2015104539
2015104541
2015104542
2015104544
2015104546
2015104547
2015104549
2015104550
2015104551
2015104553
2015104554
2015104555
2015104556
2015104557
2015104558
2015104559
2015104560
2015104561
2015104562
2015104564
2015104565
2015104567
2015104569
2015104570
2015104571
2015104572
2015104573
2015104575
2015104576
2015104577
2015104579
2015104580
2015104581
2015104582
2015104583
2015104584
2015104586
2015104587
2015104588
2015104589
2015104592
2015104593
2015104594
2015104595
2015104596
2015104597
2015104599
2015104600
2015104601
2015104602
2015104603
2015104604
2015104605
2015104608
2015104609
2015104610
2015104612
2015104613
2015104615
2015104617
2015104618
2015104620
2015104621
2015104622
2015104623
2015104624
2015104625
2015104626
2015104627
2015104628
2015104629
2015104630
2015104633
2015104634
2015104636
2015104637
2015104638
2015104639
2015104640
2015104641
2015104642
2015104643
2015104644
2015104645
2015104646
2015104648
2015104649
2015104650
2015104651
2015104652
2015104653
2015104654
2015104655
2015104656
2015104657
2015104658
2015104659
2015104660
2015104661
2015104662
2015104663
2015104664
2015104665
2015104666
2015104667
2015104669
2015104670
2015104671
2015104672
2015104673
2015104674
2015104675
2015104676
2015104677
2015104678
2015104679
2015104680
2015104681
2015104682
2015104683
2015104684
2015104685
2015104686
2015104687
2015104688
2015104689
2015104690
2015104691
2015104692
2015104693
2015104694
2015104696
2015104697
2015104698
2015104699
2015104700
2015104701
2015104702
2015104703
2015104704
2015104705
2015104706
2015104707
2015104709
2015104711
2015104712
2015104713
2015104714
2015104715
2015104716
2015104717
2015104719
2015104720
2015104721
2015104722
2015104723
2015104724
2015104725
2015104726
2015104727
2015104728
2015104729
2015104730
2015104731
2015104732
2015104733
2015104734
2015104737
2015104739
2015104741
2015104742
2015104743
2015104744
2015104745
2015104747
2015104748
2015104749
2015104750
2015104751
2015104752
2015104753
2015104754
2015104756
2015104758
2015104760
2015104761
2015104762
2015104763
2015104764
2015104765
2015104766
2015104767
2015104770
2015104771
2015104772
2015104773
2015104774
2015104775
2015104776
2015104777
2015104778
2015104779
2015104780
2015104781
2015104782
2015104785
2015104787
2015104788
2015104789
2015104792
2015104793
2015104794
2015104795
2015104796
2015104797
2015104798
2015104799
2015104800
2015104801
2015104802
2015104803
2015104805
2015104808
2015104809
2015104810
2015104811
2015104813
2015104815
2015104816
2015104818
2015104819
2015104821
2015104823
2015104824
2015104825
2015104826
2015104827
2015104829
2015104830
2015104831
2015104833
2015104834
2015104835
2015104837
2015104838
2015104840
2015104841
2015104842
2015104843
2015104844
2015104845
2015104846
2015104847
2015104848
2015104849
2015104850
2015104851
2015104852
2015104854
2015104855
2015104856
2015104857
2015104858
2015104859
2015104860
2015104861
2015104862
2015104863
2015104864
2015104865
2015104866
2015104867
2015104868
2015104869
2015104870
2015104872
2015104873
2015104874
2015104875
2015104876
2015104877
2015104878
2015104879
2015104880
2015104881
2015104882
2015104883
2015104885
2015104886
2015104887
2015104888
2015104889
2015104890
2015104892
2015104893
2015104894
2015104895
2015104896
2015104897
2015104898
2015104899
2015104900
2015104901
2015104902
2015104904
2015104905
2015104906
2015104907
2015104908
2015104909
2015104910
2015104911
2015104912
2015104913
2015104914
2015104915
2015104916
2015104917
2015104919
2015104920
2015104921
2015104923
2015104924
2015104925
2015104926
2015104927
2015104928
2015104929
2015104931
2015104932
2015104933
2015104934
2015104935
2015104937
2015104938
2015104939
2015104940
2015104941
2015104942
2015104943
2015104945
2015104946
2015104947
2015104948
2015104949
2015104950
2015104951
2015104952
2015104953
2015104954
2015104955
2015104956
2015104957
2015104958
2015104960
2015104961
2015104963
2015104964
2015104965
2015104967
2015104968
2015104969
2015104970
2015104971
2015104972
2015104973
2015104974
2015104975
2015104976
2015104977
2015104979
2015104980
2015104981
2015104983
2015104984
2015104985
2015104987
2015104988
2015104989
2015104990
2015104991
2015104992
2015104993
2015104994
2015104995
2015104996
2015104999
2015105003
2015105004
2015105005
2015105006
2015105007
2015105008
2015105009
2015105010
2015105011
2015105012
2015105013
2015105014
2015105015
2015105017
2015105018
2015105019
2015105020
2015105021
2015105022
2015105023
2015105024
2015105025
2015105026
2015105027
2015105028
2015105030
2015105031
2015105032
2015105033
2015105034
2015105035
2015105036
2015105037
2015105038
2015105039
2015105040
2015105041
2015105043
2015105045
2015105046
2015105047
2015105048
2015105049
2015105050
2015105052
2015105053
2015105054
2015105055
2015105056
2015105057
2015105058
2015105060
2015105061
2015105062
2015105063
2015105064
2015105065
2015105066
2015105068
2015105069
2015105070
2015105071
2015105072
2015105073
2015105074
2015105075
2015105076
2015105077
2015105078
2015105079
2015105081
2015105082
2015105083
2015105084
2015105086
2015105087
2015105088
2015105089
2015105090
2015105091
2015105092
2015105093
2015105094
2015105096
2015105097
2015105098
2015105099
2015105100
2015105101
2015105103
2015105104
2015105105
2015105106
2015105107
2015105108
2015105109
2015105110
2015105111
2015105112
2015105113
2015105114
2015105115
2015105117
2015105119
2015105120
2015105122
2015105123
2015105128
2015105129
2015105130
2015105131
2015105133
2015105135
2015105136
2015105138
2015105139
2015105140
2015105141
2015105142
2015105143
2015105144
2015105145
2015105146
2015105148
2015105149
2015105150
2015105152
2015105153
2015105154
2015105155
2015105156
2015105158
2015105159
2015105161
2015105164
2015105165
2015105166
2015105168
2015105169
2015105170
2015105171
2015105172
2015105173
2015105174
2015105175
2015105176
2015105177
2015105179
2015105180
2015105182
2015105184
2015105185
2015105186
2015105187
2015105188
2015105190
2015105191
2015105192
2015105193
2015105194
2015105195
2015105196
2015105197
2015105198
2015105199
2015105200
2015105202
2015105203
2015105204
2015105206
2015105210
2015105211
2015105213
2015105214
2015105217
2015105225
2015105229
2015105231
2015105235
2015105236
2015105237
2015105238
2015105239
2015105241
2015105242
2015105243
2015105244
2015105245
2015105246
2015105247
2015105249
2015105251
2015105256
2015105258
2015105259
2015105260
2015105261
2015105262
2015105263
2015105265
2015105266
2015105269
2015105270
2015105272
2015105273
2015105276
2015105277
2015105278
2015105280
2015105282
2015105285
2015105286
2015105287
2015105288
2015105292
2015105293
2015105294
2015105295
2015105296
2015105299
2015105300
2015105301
2015105303
2015105304
2015105305
2015105306
2015105307
2015105309
2015105310
2015105312
2015105314
2015105315
2015105318
2015105319
2015105325
2015105327
2015105331
2015105332
2015105335
2015105337
2015105342
2015105345
2015105347
2015105349
2015105350
2015105352
2015105354
2015105355
2015105356
2015105357
2015105358
2015105359
2015105361
2015105362
2015105363
2015105365
2015105366
2015105369
2015105370
2015105371
2015105372
2015105373
2015105377
2015105378
2015105382
2015105383
2015105384
2015105385
2015105388
2015105391
2015105392
2015105393
2015105394
2015105395
2015105396
2015105397
2015105398
2015105399
2015105400
2015105401
2015105402
2015105404
2015105405
2015105406
2015105408
2015105409
2015105411
2015105414
2015105415
2015105416
2015105417
2015105419
2015105420
2015105422
2015105423
2015105424
2015105425
2015105427
2015105428
2015105429
2015105430
2015105431
2015105432
2015105433
2015105434
2015105435
2015105436
2015105437
2015105438
2015105439
2015105440
2015105441
2015105442
2015105444
2015105448
2015105449
2015105450
2015105451
2015105452
2015105454
2015105455
2015105456
2015105457
2015105458
2015105459
2015105460
2015105461
2015105462
2015105463
2015105464
2015105470
2015105471
2015105472
2015105473
2015105474
2015105475
2015105476
2015105480
2015105481
2015105482
2015105484
2015105485
2015105487
2015105488
2015105489
2015105490
2015105492
2015105494
2015105498
2015105499
2015105500
2015105501
2015105502
2015105503
2015105504
2015105506
2015105507
2015105508
2015105509
2015105510
2015105511
2015105512
2015105514
2015105515
2015105516
2015105517
2015105518
2015105520
2015105521
2015105522
2015105524
2015105525
2015105527
2015105528
2015105532
2015105537
2015105539
2015105541
2015105543
2015105544
2015105545
2015105547
2015105549
2015105550
2015105551
2015105553
2015105556
2015105557
2015105558
2015105560
2015105561
2015105565
2015105566
2015105567
2015105569
2015105570
2015105571
2015105573
2015105578
2015105579
2015105581
2015105583
2015105584
2015105585
2015105589
2015105590
2015105591
2015105592
2015105593
2015105594
2015105598
2015105600
2015105602
2015105605
2015105608
2015105609
2015105610
2015105612
2015105613
2015105614
2015105621
2015105622
2015105626
2015105627
2015105628
2015105632
2015105634
2015105638
2015105639
2015105642
2015105643
2015105644
2015105646
2015105647
2015105649
2015105650
2015105651
2015105653
2015105659
2015105664
2015105665
2015105666
2015105667
2015105668
2015105669
2015105670
2015105672
2015105673
2015105674
2015105677
2015105679
2015105681
2015105683
2015105684
2015105685
2015105686
2015105687
2015105688
2015105689
2015105691
2015105692
2015105693
2015105696
2015105697
2015105708
2015105709
2015105711
2015105712
2015105713
2015105715
2015105718
2015105719
2015105720
2015105721
2015105722
2015105724
2015105725
2015105726
2015105727
2015105729
2015105730
2015105731
2015105732
2015105733
2015105734
2015105735
2015105736
2015105738
2015105739
2015105740
2015105741
2015105742
2015105743
2015105744
2015105750
2015105752
2015105758
2015105761
2015105763
2015105764
2015105767
2015105768
2015105773
2015105774
2015105782
2015105783
2015105784
2015105785
2015105786
2015105787
2015105788
2015105789
2015105790
2015105791
2015105792
2015105793
2015105795
2015105796
2015105797
2015105798
2015105799
2015105800
2015105803
2015105804
2015105805
2015105806
2015105807
2015105810
2015105813
2015105814
2015105816
2015105819
2015105821
2015105822
2015105827
2015105828
2015105829
2015105830
2015105831
2015105834
2015105835
2015105836
2015105839
2015105842
2015105843
2015105844
2015105845
2015105847
2015105849
2015105850
2015105852
2015105856
2015105858
2015105860
2015105861
2015105864
2015105865
2015105867
2015105868
2015105870
2015105872
2015105873
2015105875
2015105877
2015105878
2015105879
2015105880
2015105881
2015105882
2015105883
2015105886
2015105890
2015105892
2015105893
2015105894
2015105895
2015105896
2015105898
2015105899
2015105900
2015105901
2015105902
2015105904
2015105905
2015105906
2015105907
2015105908
2015105909
2015105911
2015105912
2015105913
2015105914
2015105915
2015105916
2015105918
2015105920
2015105921
2015105922
2015105923
2015105924
2015105925
2015105926
2015105927
2015105928
2015105929
2015105930
2015105931
2015105932
2015105933
2015105935
2015105936
2015105937
2015105938
2015105939
2015105940
2015105941
2015105942
2015105943
2015105944
2015105945
2015105947
2015105948
2015105949
2015105951
2015105952
2015105953
2015105955
2015105956
2015105957
2015105958
2015105959
2015105960
2015105961
2015105962
2015105963
2015105966
2015105968
2015105969
2015105970
2015105971
2015105972
2015105974
2015105976
2015105977
2015105978
2015105979
2015105983
2015105984
2015105985
2015105986
2015105987
2015105990
2015105996
2015105997
2015105998
2015105999
2015106000
2015106001
2015106002
2015106003
2015106005
2015106007
2015106009
2015106010
2015106011
2015106014
2015106015
2015106016
2015106019
2015106022
2015106024
2015106028
2015106029
2015106030
2015106031
2015106032
2015106033
2015106036
2015106040
2015106042
2015106044
2015106046
2015106047
2015106049
2015106050
2015106051
2015106053
2015106055
2015106056
2015106059
2015106062
2015106063
2015106064
2015106065
2015106066
2015106067
2015106069
2015106073
2015106074
2015106075
2015106076
2015106078
2015106079
2015106080
2015106081
2015106082
2015106083
2015106085
2015106088
2015106089
2015106090
2015106091
2015106092
2015106094
2015106095
2015106096
2015106097
2015106099
2015106102
2015106115
2015106117
2015106119
2015106120
2015106122
2015106125
2015106129
2015106130
2015106131
2015106134
2015106135
2015106136
2015106137
2015106140
2015106141
2015106143
2015106144
2015106145
2015106149
2015106150
2015106152
2015106153
2015106154
2015106155
2015106156
2015106157
2015106158
2015106159
2015106160
2015106161
2015106162
2015106163
2015106164
2015106165
2015106166
2015106167
2015106169
2015106170
2015106171
2015106172
2015106173
2015106174
2015106175
2015106177
2015106178
2015106179
2015106180
2015106181
2015106182
2015106183
2015106185
2015106187
2015106189
2015106190
2015106192
2015106193
2015106194
2015106196
2015106197
2015106198
2015106199
2015106200
2015106201
2015106202
2015106205
2015106208
2015106209
2015106212
2015106214
2015106216
2015106219
2015106220
2015106222
2015106223
2015106225
2015106226
2015106227
2015106228
2015106230
2015106231
2015106232
2015106233
2015106234
2015106235
2015106236
2015106238
2015106239
2015106240
2015106241
2015106243
2015106244
2015106247
2015106248
2015106249
2015106250
2015106251
2015106252
2015106254
2015106255
2015106257
2015106259
2015106260
2015106261
2015106262
2015106264
2015106265
2015106266
2015106270
2015106271
2015106275
2015106276
2015106277
2015106278
2015106280
2015106282
2015106283
2015106284
2015106285
2015106286
2015106287
2015106288
2015106289
2015106290
2015106291
2015106292
2015106293
2015106297
2015106298
2015106299
2015106300
2015106301
2015106302
2015106304
2015106306
2015106307
2015106308
2015106309
2015106310
2015106313
2015106315
2015106321
2015106324
2015106325
2015106328
2015106329
2015106330
2015106331
2015106332
2015106333
2015106334
2015106335
2015106339
2015106343
2015106344
2015106345
2015106346
2015106347
2015106348
2015106349
2015106351
2015106353
2015106354
2015106356
2015106357
2015106358
2015106359
2015106362
2015106363
2015106364
2015106366
2015106368
2015106369
2015106371
2015106372
2015106375
2015106379
2015106380
2015106381
2015106383
2015106384
2015106385
2015106386
2015106387
2015106392
2015106394
2015106396
2015106397
2015106399
2015106400
2015106401
2015106402
2015106403
2015106404
2015106405
2015106406
2015106407
2015106408
2015106412
2015106413
2015106414
2015106416
2015106418
2015106419
2015106421
2015106422
2015106423
2015106427
2015106428
2015106429
2015106431
2015106432
2015106434
2015106435
2015106436
2015106439
2015106441
2015106442
2015106443
2015106444
2015106447
2015106449
2015106451
2015106454
2015106459
2015106463
2015106464
2015106465
2015106466
2015106468
2015106469
2015106470
2015106471
2015106472
2015106474
2015106478
2015106479
2015106480
2015106481
2015106482
2015106485
2015106486
2015106488
2015106490
2015106491
2015106493
2015106495
2015106497
2015106498
2015106499
2015106500
2015106501
2015106502
2015106503
2015106504
2015106505
2015106506
2015106509
2015106510
2015106511
2015106512
2015106513
2015106514
2015106521
2015106524
2015106525
2015106527
2015106528
2015106529
2015106530
2015106531
2015106532
2015106533
2015106534
2015106537
2015106538
2015106539
2015106542
2015106543
2015109002
2015109004
2015109005
2015109007
2015109010
2015109011
2015109012
2015109013
2015109017
2015109026
2015109028
2015109029
2015109030
2015109031
2015109032
2015109033
2015109035
2015109037
2015109038
2015109040
2015109043
2015109044
2015109048
2015109054
2015109056
2015109057
2015109058
2015109059
2015109060
2015109064
2015109066
2015109072
2015109073
2015109074
2015109075
2015109076
2015109077
2015109078
2015109079
2015109080
2015109081
2015109082
2015109084
2015109085
2015109086
2015109088
2015109093
2015109094
2015109095
2015109096
2015109097
2015109098
2015109099
2015109102
2015109104
2015109105
2015109107
2015109108
2015109109
2015109110
2015109111
2015109114
2015109115
2015109116
2015109117
2015109119
2015109121
2015109123
2015109124
2015109127
2015109128
2015109130
2015109131
2015109132
2015109134
2015109135
2015109136
2015109138
2015109141
2015109142
2015109143
2015109144
2015109145
2015109148
2015109149
2015109150
2015109157
2015109158
2015110002
2015110004
2015110005
2015110006
2015110007
2015110008
2015110009
2015110010
2015110011
2015110012
2015110013
2015110014
2015110015
2015110016
2015110017
2015110018
2015110019
2015110020
2015110021
2015110022
2015110024
2015110025
2015110026
2015110027
2015110028
2015110029
2015110030
2015110031
2015110032
2015110034
2015110035
2015110036
2015110037
2015110038
2015110039
2015110040
2015110041
2015110042
2015110044
2015110045
2015110046
2015110047
2015110049
2015110050
2015110051
2015110052
2015110054
2015110055
2015110056
2015110059
2015110061
2015110062
2015110063
2015110064
2015110065
2015110066
2015110067
2015110068
2015110069
2015110070
2015110071
2015110072
2015110073
2015110074
2015110075
2015110076
2015110077
2015110078
2015110079
2015110080
2015110081
2015110082
2015110083
2015110084
2015110085
2015110086
2015110087
2015110089
2015110090
2015110091
2015110092
2015110093
2015110094
2015110095
2015110096
2015110097
2015110098
2015110099
2015110100
2015110101
2015110102
2015110103
2015110104
2015110105
2015110106
2015110107
2016100006
2016100007
2016100009
2016100010
2016100012
2016100018
2016100021
2016100026
2016100027
2016100028
2016100029
2016100030
2016100031
2016100032
2016100033
2016100039
2016100040
2016100047
2016100048
2016100049
2016100051
2016100056
2016100058
2016100059
2016100060
2016100061
2016100062
2016100063
2016100064
2016100065
2016100066
2016100068
2016100070
2016100071
2016100072
2016100073
2016100077
2016100078
2016100079
2016100080
2016100083
2016100084
2016100086
2016100092
2016100093
2016100096
2016100097
2016100098
2016100100
2016100101
2016100102
2016100104
2016100105
2016100106
2016100107
2016100108
2016100110
2016100115
2016100117
2016100118
2016100119
2016100120
2016100121
2016100122
2016100125
2016100126
2016100127
2016100128
2016100129
2016100130
2016100132
2016100133
2016100134
2016100135
2016100136
2016100137
2016100140
2016100141
2016100142
2016100146
2016100147
2016100151
2016100152
2016100154
2016100155
2016100156
2016100157
2016100158
2016100161
2016100162
2016100163
2016100164
2016100165
2016100166
2016100168
2016100169
2016100170
2016100171
2016100172
2016100173
2016100174
2016100176
2016100177
2016100178
2016100180
2016100181
2016100182
2016100183
2016100184
2016100185
2016100187
2016100188
2016100189
2016100190
2016100191
2016100192
2016100195
2016100196
2016100197
2016100198
2016100199
2016100201
2016100203
2016100204
2016100206
2016100207
2016100208
2016100210
2016100211
2016100212
2016100213
2016100214
2016100215
2016100216
2016100218
2016100219
2016100220
2016100221
2016100222
2016100224
2016100225
2016100230
2016100231
2016100232
2016100233
2016100234
2016100235
2016100237
2016100238
2016100239
2016100242
2016100244
2016100245
2016100246
2016100248
2016100249
2016100250
2016100251
2016100253
2016100254
2016100255
2016100256
2016100257
2016100258
2016100260
2016100269
2016100272
2016100273
2016100274
2016100275
2016100276
2016100277
2016100279
2016100280
2016100285
2016100286
2016100287
2016100288
2016100289
2016100290
2016100291
2016100296
2016100297
2016100298
2016100302
2016100303
2016100304
2016100305
2016100306
2016100309
2016100311
2016100312
2016100313
2016100314
2016100316
2016100317
2016100318
2016100319
2016100320
2016100321
2016100322
2016100324
2016100325
2016100327
2016100336
2016100338
2016100339
2016100340
2016100342
2016100343
2016100344
2016100345
2016100346
2016100347
2016100348
2016100349
2016100350
2016100353
2016100354
2016100356
2016100357
2016100358
2016100359
2016100360
2016100361
2016100362
2016100365
2016100366
2016100368
2016100369
2016100372
2016100376
2016100377
2016100382
2016100383
2016100384
2016100385
2016100386
2016100388
2016100390
2016100391
2016100393
2016100394
2016100401
2016100402
2016100404
2016100406
2016100407
2016100410
2016100411
2016100412
2016100413
2016100414
2016100415
2016100416
2016100417
2016100418
2016100419
2016100420
2016100421
2016100422
2016100423
2016100424
2016100425
2016100427
2016100428
2016100429
2016100430
2016100431
2016100433
2016100435
2016100436
2016100437
2016100439
2016100440
2016100444
2016100446
2016100447
2016100448
2016100450
2016100452
2016100455
2016100456
2016100457
2016100463
2016100466
2016100467
2016100469
2016100470
2016100471
2016100472
2016100474
2016100476
2016100481
2016100482
2016100483
2016100484
2016100485
2016100490
2016100491
2016100493
2016100494
2016100495
2016100500
2016100501
2016100502
2016100505
2016100506
2016100507
2016100509
2016100510
2016100511
2016100512
2016100513
2016100514
2016100515
2016100516
2016100517
2016100518
2016100519
2016100520
2016100521
2016100523
2016100524
2016100525
2016100527
2016100529
2016100530
2016100532
2016100533
2016100534
2016100535
2016100536
2016100537
2016100538
2016100539
2016100540
2016100543
2016100544
2016100545
2016100546
2016100547
2016100548
2016100549
2016100550
2016100552
2016100553
2016100554
2016100555
2016100556
2016100558
2016100559
2016100560
2016100562
2016100563
2016100564
2016100565
2016100566
2016100567
2016100568
2016100569
2016100571
2016100573
2016100574
2016100575
2016100576
2016100577
2016100578
2016100579
2016100580
2016100581
2016100582
2016100583
2016100584
2016100585
2016100586
2016100587
2016100588
2016100589
2016100590
2016100592
2016100594
2016100596
2016100597
2016100598
2016100599
2016100600
2016100601
2016100602
2016100603
2016100605
2016100606
2016100607
2016100608
2016100609
2016100610
2016100611
2016100612
2016100613
2016100614
2016100615
2016100616
2016100617
2016100618
2016100619
2016100621
2016100622
2016100624
2016100625
2016100626
2016100627
2016100628
2016100629
2016100630
2016100634
2016100636
2016100637
2016100638
2016100640
2016100642
2016100644
2016100645
2016100646
2016100647
2016100648
2016100649
2016100650
2016100652
2016100653
2016100655
2016100658
2016100659
2016100662
2016100664
2016100665
2016100666
2016100667
2016100668
2016100669
2016100670
2016100671
2016100674
2016100675
2016100676
2016100677
2016100678
2016100679
2016100680
2016100682
2016100683
2016100684
2016100686
2016100687
2016100688
2016100689
2016100690
2016100691
2016100692
2016100693
2016100694
2016100695
2016100696
2016100697
2016100698
2016100699
2016100700
2016100701
2016100703
2016100704
2016100705
2016100706
2016100709
2016100710
2016100713
2016100714
2016100715
2016100716
2016100717
2016100718
2016100719
2016100720
2016100722
2016100723
2016100724
2016100725
2016100726
2016100727
2016100729
2016100730
2016100731
2016100732
2016100733
2016100734
2016100735
2016100736
2016100737
2016100738
2016100739
2016100741
2016100742
2016100743
2016100744
2016100745
2016100746
2016100747
2016100748
2016100749
2016100750
2016100751
2016100752
2016100753
2016100754
2016100756
2016100757
2016100758
2016100759
2016100761
2016100762
2016100763
2016100764
2016100765
2016100767
2016100769
2016100774
2016100780
2016100782
2016100784
2016100786
2016100787
2016100788
2016100790
2016100794
2016100795
2016100797
2016100798
2016100799
2016100800
2016100802
2016100803
2016100804
2016100805
2016100806
2016100808
2016100809
2016100810
2016100811
2016100813
2016100815
2016100817
2016100818
2016100819
2016100820
2016100823
2016100824
2016100825
2016100827
2016100830
2016100834
2016100835
2016100840
2016100841
2016100842
2016100844
2016100845
2016100846
2016100848
2016100849
2016100851
2016100853
2016100854
2016100855
2016100856
2016100857
2016100859
2016100860
2016100861
2016100862
2016100865
2016100866
2016100867
2016100869
2016100870
2016100872
2016100874
2016100875
2016100877
2016100879
2016100881
2016100882
2016100883
2016100884
2016100885
2016100887
2016100888
2016100889
2016100890
2016100893
2016100894
2016100897
2016100899
2016100901
2016100904
2016100907
2016100908
2016100909
2016100910
2016100912
2016100913
2016100915
2016100916
2016100917
2016100920
2016100922
2016100923
2016100924
2016100926
2016100927
2016100936
2016100937
2016100938
2016100939
2016100941
2016100942
2016100943
2016100947
2016100948
2016100949
2016100950
2016100951
2016100952
2016100953
2016100954
2016100955
2016100959
2016100960
2016100961
2016100962
2016100963
2016100964
2016100966
2016100968
2016100969
2016100970
2016100971
2016100972
2016100973
2016100976
2016100978
2016100979
2016100981
2016100984
2016100985
2016100986
2016100989
2016100990
2016100993
2016100994
2016100995
2016100996
2016100997
2016100999
2016101002
2016101003
2016101006
2016101009
2016101014
2016101015
2016101017
2016101021
2016101022
2016101023
2016101024
2016101026
2016101029
2016101030
2016101031
2016101035
2016101038
2016101039
2016101040
2016101041
2016101042
2016101043
2016101044
2016101046
2016101048
2016101049
2016101051
2016101053
2016101054
2016101055
2016101057
2016101058
2016101062
2016101064
2016101066
2016101067
2016101068
2016101069
2016101070
2016101073
2016101074
2016101075
2016101079
2016101080
2016101081
2016101082
2016101084
2016101085
2016101088
2016101089
2016101090
2016101091
2016101093
2016101095
2016101096
2016101098
2016101100
2016101102
2016101105
2016101109
2016101114
2016101117
2016101122
2016101126
2016101128
2016101130
2016101131
2016101132
2016101134
2016101135
2016101139
2016101141
2016101142
2016101143
2016101144
2016101145
2016101146
2016101147
2016101148
2016101149
2016101150
2016101151
2016101152
2016101153
2016101154
2016101155
2016101156
2016101157
2016101158
2016101159
2016101160
2016101161
2016101162
2016101163
2016101164
2016101165
2016101166
2016101167
2016101168
2016101169
2016101170
2016101171
2016101172
2016101175
2016101176
2016101177
2016101180
2016101182
2016101183
2016101184
2016101185
2016101186
2016101187
2016101191
2016101192
2016101194
2016101195
2016101197
2016101199
2016101202
2016101204
2016101205
2016101206
2016101207
2016101208
2016101209
2016101210
2016101211
2016101212
2016101214
2016101218
2016101219
2016101220
2016101221
2016101222
2016101223
2016101224
2016101225
2016101226
2016101228
2016101229
2016101231
2016101232
2016101233
2016101234
2016101236
2016101239
2016101240
2016101241
2016101242
2016101244
2016101245
2016101250
2016101251
2016101252
2016101254
2016101257
2016101258
2016101259
2016101260
2016101263
2016101264
2016101265
2016101266
2016101267
2016101268
2016101269
2016101270
2016101271
2016101273
2016101275
2016101276
2016101278
2016101279
2016101280
2016101283
2016101284
2016101285
2016101286
2016101287
2016101288
2016101289
2016101290
2016101291
2016101292
2016101293
2016101296
2016101301
2016101302
2016101303
2016101304
2016101305
2016101308
2016101309
2016101312
2016101313
2016101315
2016101319
2016101321
2016101322
2016101323
2016101324
2016101325
2016101327
2016101328
2016101329
2016101331
2016101333
2016101334
2016101335
2016101337
2016101339
2016101340
2016101341
2016101342
2016101344
2016101345
2016101346
2016101347
2016101348
2016101349
2016101350
2016101352
2016101355
2016101359
2016101361
2016101362
2016101366
2016101367
2016101368
2016101370
2016101371
2016101372
2016101373
2016101374
2016101376
2016101377
2016101379
2016101380
2016101381
2016101382
2016101383
2016101384
2016101385
2016101388
2016101390
2016101391
2016101393
2016101394
2016101395
2016101396
2016101398
2016101399
2016101400
2016101402
2016101404
2016101406
2016101407
2016101409
2016101410
2016101413
2016101416
2016101417
2016101418
2016101420
2016101421
2016101423
2016101424
2016101427
2016101428
2016101429
2016101430
2016101432
2016101433
2016101435
2016101436
2016101437
2016101438
2016101439
2016101440
2016101441
2016101442
2016101443
2016101444
2016101448
2016101450
2016101451
2016101452
2016101453
2016101455
2016101457
2016101459
2016101460
2016101461
2016101465
2016101466
2016101467
2016101468
2016101469
2016101470
2016101472
2016101473
2016101474
2016101476
2016101477
2016101479
2016101480
2016101481
2016101484
2016101485
2016101487
2016101489
2016101490
2016101491
2016101492
2016101493
2016101494
2016101495
2016101496
2016101497
2016101498
2016101500
2016101501
2016101505
2016101507
2016101509
2016101512
2016101513
2016101514
2016101516
2016101521
2016101524
2016101527
2016101529
2016101532
2016101534
2016101535
2016101537
2016101539
2016101540
2016101542
2016101543
2016101544
2016101545
2016101547
2016101548
2016101549
2016101550
2016101551
2016101553
2016101555
2016101556
2016101559
2016101560
2016101561
2016101562
2016101566
2016101570
2016101573
2016101575
2016101577
2016101579
2016101580
2016101581
2016101583
2016101584
2016101585
2016101587
2016101589
2016101591
2016101592
2016101593
2016101595
2016101596
2016101597
2016101598
2016101599
2016101601
2016101603
2016101604
2016101605
2016101607
2016101608
2016101609
2016101610
2016101611
2016101613
2016101615
2016101616
2016101619
2016101620
2016101622
2016101623
2016101625
2016101626
2016101628
2016101629
2016101630
2016101632
2016101633
2016101636
2016101638
2016101639
2016101640
2016101641
2016101642
2016101643
2016101645
2016101646
2016101647
2016101648
2016101650
2016101653
2016101654
2016101658
2016101661
2016101663
2016101666
2016101672
2016101674
2016101675
2016101676
2016101677
2016101679
2016101680
2016101681
2016101682
2016101684
2016101686
2016101687
2016101690
2016101691
2016101692
2016101694
2016101695
2016101696
2016101698
2016101699
2016101700
2016101702
2016101704
2016101705
2016101706
2016101707
2016101708
2016101709
2016101710
2016101711
2016101712
2016101713
2016101714
2016101716
2016101717
2016101718
2016101719
2016101720
2016101721
2016101722
2016101724
2016101725
2016101726
2016101728
2016101733
2016101740
2016101743
2016101744
2016101745
2016101746
2016101748
2016101749
2016101750
2016101751
2016101752
2016101753
2016101754
2016101755
2016101756
2016101757
2016101758
2016101759
2016101760
2016101761
2016101762
2016101764
2016101765
2016101766
2016101767
2016101768
2016101769
2016101770
2016101771
2016101773
2016101775
2016101776
2016101777
2016101778
2016101779
2016101780
2016101781
2016101782
2016101783
2016101784
2016101785
2016101786
2016101787
2016101789
2016101790
2016101791
2016101792
2016101793
2016101794
2016101795
2016101796
2016101797
2016101799
2016101800
2016101801
2016101804
2016101805
2016101807
2016101810
2016101812
2016101814
2016101815
2016101816
2016101819
2016101821
2016101822
2016101823
2016101825
2016101826
2016101827
2016101830
2016101831
2016101832
2016101835
2016101837
2016101838
2016101839
2016101840
2016101841
2016101842
2016101843
2016101844
2016101845
2016101846
2016101847
2016101848
2016101853
2016101855
2016101856
2016101857
2016101858
2016101859
2016101860
2016101863
2016101864
2016101865
2016101866
2016101868
2016101869
2016101870
2016101871
2016101879
2016101880
2016101882
2016101883
2016101884
2016101885
2016101886
2016101887
2016101888
2016101889
2016101891
2016101892
2016101893
2016101894
2016101895
2016101897
2016101900
2016101901
2016101902
2016101906
2016101907
2016101908
2016101909
2016101911
2016101913
2016101915
2016101917
2016101918
2016101919
2016101920
2016101921
2016101922
2016101923
2016101924
2016101926
2016101927
2016101928
2016101929
2016101930
2016101934
2016101936
2016101938
2016101939
2016101941
2016101943
2016101946
2016101947
2016101948
2016101950
2016101951
2016101952
2016101953
2016101956
2016101958
2016101960
2016101961
2016101964
2016101965
2016101968
2016101971
2016101972
2016101973
2016101975
2016101976
2016101977
2016101978
2016101979
2016101982
2016101983
2016101984
2016101985
2016101986
2016101987
2016101988
2016101989
2016101990
2016101991
2016101992
2016101994
2016101998
2016101999
2016102000
2016102001
2016102003
2016102004
2016102005
2016102006
2016102007
2016102008
2016102009
2016102011
2016102012
2016102013
2016102014
2016102015
2016102017
2016102018
2016102020
2016102021
2016102024
2016102026
2016102027
2016102028
2016102029
2016102030
2016102031
2016102032
2016102033
2016102034
2016102035
2016102038
2016102039
2016102040
2016102041
2016102042
2016102043
2016102044
2016102045
2016102048
2016102049
2016102050
2016102051
2016102052
2016102053
2016102054
2016102055
2016102056
2016102058
2016102066
2016102069
2016102070
2016102071
2016102073
2016102074
2016102075
2016102076
2016102077
2016102078
2016102080
2016102081
2016102082
2016102083
2016102085
2016102087
2016102088
2016102089
2016102091
2016102092
2016102093
2016102094
2016102095
2016102096
2016102097
2016102100
2016102102
2016102103
2016102104
2016102105
2016102107
2016102108
2016102109
2016102110
2016102111
2016102112
2016102113
2016102116
2016102118
2016102119
2016102120
2016102121
2016102122
2016102123
2016102126
2016102127
2016102128
2016102129
2016102133
2016102134
2016102135
2016102137
2016102138
2016102139
2016102140
2016102142
2016102143
2016102144
2016102145
2016102146
2016102147
2016102150
2016102151
2016102152
2016102153
2016102154
2016102155
2016102156
2016102157
2016102158
2016102160
2016102161
2016102162
2016102163
2016102164
2016102165
2016102166
2016102167
2016102168
2016102169
2016102170
2016102171
2016102172
2016102173
2016102174
2016102175
2016102176
2016102177
2016102178
2016102179
2016102180
2016102181
2016102182
2016102183
2016102184
2016102185
2016102187
2016102188
2016102189
2016102190
2016102191
2016102192
2016102193
2016102194
2016102197
2016102198
2016102199
2016102200
2016102201
2016102202
2016102203
2016102204
2016102207
2016102209
2016102210
2016102211
2016102212
2016102213
2016102214
2016102215
2016102216
2016102217
2016102218
2016102219
2016102221
2016102222
2016102224
2016102225
2016102227
2016102228
2016102229
2016102230
2016102232
2016102233
2016102234
2016102235
2016102236
2016102237
2016102238
2016102239
2016102240
2016102241
2016102242
2016102243
2016102248
2016102252
2016102257
2016102258
2016102259
2016102261
2016102262
2016102264
2016102266
2016102267
2016102268
2016102269
2016102270
2016102272
2016102273
2016102274
2016102275
2016102276
2016102279
2016102280
2016102281
2016102282
2016102284
2016102285
2016102286
2016102287
2016102289
2016102291
2016102293
2016102294
2016102295
2016102296
2016102297
2016102298
2016102299
2016102301
2016102303
2016102304
2016102305
2016102307
2016102310
2016102311
2016102312
2016102313
2016102316
2016102317
2016102318
2016102319
2016102320
2016102321
2016102323
2016102324
2016102325
2016102326
2016102327
2016102328
2016102329
2016102331
2016102332
2016102333
2016102334
2016102335
2016102336
2016102337
2016102338
2016102339
2016102340
2016102341
2016102342
2016102343
2016102344
2016102345
2016102346
2016102347
2016102348
2016102351
2016102353
2016102356
2016102361
2016102362
2016102363
2016102364
2016102365
2016102368
2016102369
2016102370
2016102372
2016102374
2016102375
2016102376
2016102377
2016102378
2016102379
2016102380
2016102381
2016102382
2016102383
2016102384
2016102385
2016102386
2016102388
2016102389
2016102390
2016102395
2016102396
2016102397
2016102398
2016102399
2016102400
2016102401
2016102402
2016102404
2016102405
2016102406
2016102407
2016102408
2016102409
2016102410
2016102412
2016102413
2016102414
2016102416
2016102417
2016102418
2016102419
2016102420
2016102421
2016102422
2016102424
2016102425
2016102426
2016102427
2016102429
2016102430
2016102431
2016102432
2016102433
2016102434
2016102435
2016102436
2016102438
2016102439
2016102440
2016102442
2016102443
2016102444
2016102446
2016102447
2016102448
2016102449
2016102450
2016102451
2016102452
2016102453
2016102455
2016102456
2016102457
2016102458
2016102459
2016102460
2016102463
2016102464
2016102466
2016102467
2016102469
2016102470
2016102471
2016102472
2016102474
2016102475
2016102476
2016102477
2016102479
2016102480
2016102482
2016102483
2016102486
2016102487
2016102489
2016102490
2016102491
2016102492
2016102493
2016102494
2016102497
2016102499
2016102500
2016102503
2016102504
2016102506
2016102507
2016102508
2016102510
2016102512
2016102513
2016102515
2016102516
2016102520
2016102521
2016102523
2016102524
2016102525
2016102526
2016102528
2016102529
2016102530
2016102532
2016102533
2016102534
2016102535
2016102543
2016102544
2016102548
2016102550
2016102551
2016102552
2016102553
2016102554
2016102555
2016102556
2016102557
2016102561
2016102562
2016102563
2016102564
2016102565
2016102568
2016102569
2016102570
2016102571
2016102572
2016102574
2016102575
2016102576
2016102583
2016102584
2016102586
2016102587
2016102588
2016102592
2016102597
2016102598
2016102600
2016102602
2016102604
2016102605
2016102607
2016102610
2016102611
2016102612
2016102613
2016102614
2016102615
2016102617
2016102618
2016102619
2016102620
2016102621
2016102623
2016102624
2016102625
2016102626
2016102627
2016102628
2016102629
2016102631
2016102632
2016102633
2016102636
2016102637
2016102638
2016102640
2016102641
2016102642
2016102643
2016102645
2016102646
2016102650
2016102651
2016102652
2016102653
2016102655
2016102658
2016102659
2016102661
2016102663
2016102664
2016102665
2016102668
2016102670
2016102673
2016102674
2016102675
2016102676
2016102677
2016102678
2016102679
2016102681
2016102687
2016102691
2016102692
2016102694
2016102695
2016102696
2016102697
2016102698
2016102700
2016102701
2016102702
2016102703
2016102704
2016102705
2016102706
2016102707
2016102708
2016102709
2016102710
2016102711
2016102712
2016102713
2016102714
2016102715
2016102716
2016102717
2016102718
2016102719
2016102720
2016102721
2016102722
2016102723
2016102724
2016102726
2016102727
2016102729
2016102730
2016102731
2016102733
2016102734
2016102735
2016102736
2016102737
2016102738
2016102739
2016102741
2016102742
2016102744
2016102745
2016102747
2016102749
2016102751
2016102753
2016102754
2016102755
2016102760
2016102763
2016102764
2016102767
2016102768
2016102769
2016102771
2016102772
2016102773
2016102775
2016102776
2016102777
2016102778
2016102780
2016102781
2016102782
2016102783
2016102784
2016102785
2016102786
2016102787
2016102789
2016102790
2016102791
2016102793
2016102794
2016102795
2016102796
2016102797
2016102799
2016102801
2016102805
2016102806
2016102807
2016102808
2016102809
2016102810
2016102811
2016102812
2016102813
2016102814
2016102815
2016102816
2016102817
2016102818
2016102819
2016102820
2016102824
2016102827
2016102828
2016102829
2016102830
2016102832
2016102835
2016102837
2016102841
2016102843
2016102847
2016102848
2016102849
2016102852
2016102853
2016102854
2016102855
2016102857
2016102858
2016102859
2016102863
2016102865
2016102866
2016102867
2016102868
2016102870
2016102871
2016102872
2016102873
2016102875
2016102884
2016102886
2016102888
2016102889
2016102890
2016102891
2016102894
2016102895
2016102896
2016102897
2016102898
2016102899
2016102900
2016102901
2016102904
2016102905
2016102906
2016102907
2016102909
2016102910
2016102913
2016102915
2016102917
2016102918
2016102919
2016102921
2016102924
2016102925
2016102926
2016102927
2016102928
2016102929
2016102930
2016102931
2016102933
2016102934
2016102935
2016102936
2016102938
2016102939
2016102940
2016102941
2016102942
2016102943
2016102944
2016102945
2016102947
2016102949
2016102950
2016102951
2016102952
2016102953
2016102954
2016102955
2016102956
2016102960
2016102963
2016102964
2016102965
2016102966
2016102967
2016102968
2016102969
2016102970
2016102972
2016102973
2016102974
2016102975
2016102977
2016102978
2016102979
2016102980
2016102983
2016102988
2016102989
2016102991
2016102993
2016102995
2016102996
2016102998
2016102999
2016103000
2016103001
2016103002
2016103006
2016103007
2016103017
2016103018
2016103019
2016103020
2016103021
2016103022
2016103023
2016103024
2016103025
2016103028
2016103029
2016103030
2016103031
2016103032
2016103036
2016103037
2016103038
2016103039
2016103041
2016103042
2016103043
2016103045
2016103046
2016103049
2016103050
2016103054
2016103056
2016103059
2016103062
2016103063
2016103064
2016103065
2016103066
2016103067
2016103068
2016103069
2016103071
2016103072
2016103073
2016103074
2016103075
2016103078
2016103079
2016103080
2016103082
2016103083
2016103084
2016103085
2016103086
2016103087
2016103088
2016103091
2016103092
2016103093
2016103094
2016103095
2016103096
2016103097
2016103098
2016103099
2016103100
2016103101
2016103102
2016103103
2016103105
2016103106
2016103107
2016103108
2016103109
2016103111
2016103115
2016103117
2016103119
2016103122
2016103123
2016103124
2016103125
2016103126
2016103127
2016103128
2016103129
2016103131
2016103132
2016103133
2016103134
2016103136
2016103137
2016103138
2016103140
2016103141
2016103142
2016103143
2016103146
2016103148
2016103150
2016103151
2016103154
2016103155
2016103156
2016103157
2016103158
2016103160
2016103162
2016103163
2016103166
2016103167
2016103179
2016103184
2016103188
2016103190
2016103191
2016103192
2016103193
2016103195
2016103196
2016103197
2016103198
2016103199
2016103200
2016103201
2016103202
2016103203
2016103204
2016103205
2016103206
2016103208
2016103210
2016103211
2016103212
2016103213
2016103214
2016103215
2016103216
2016103217
2016103219
2016103220
2016103221
2016103222
2016103224
2016103226
2016103227
2016103228
2016103229
2016103230
2016103233
2016103234
2016103235
2016103236
2016103237
2016103238
2016103242
2016103243
2016103244
2016103248
2016103249
2016103250
2016103251
2016103252
2016103254
2016103255
2016103256
2016103257
2016103258
2016103260
2016103261
2016103262
2016103263
2016103264
2016103267
2016103270
2016103271
2016103272
2016103273
2016103274
2016103275
2016103277
2016103278
2016103279
2016103280
2016103281
2016103282
2016103283
2016103285
2016103286
2016103288
2016103289
2016103290
2016103291
2016103292
2016103293
2016103294
2016103295
2016103296
2016103297
2016103298
2016103300
2016103301
2016103302
2016103303
2016103305
2016103306
2016103307
2016103308
2016103309
2016103310
2016103311
2016103312
2016103313
2016103314
2016103315
2016103316
2016103317
2016103319
2016103321
2016103322
2016103323
2016103324
2016103326
2016103327
2016103328
2016103329
2016103330
2016103331
2016103334
2016103338
2016103339
2016103341
2016103342
2016103343
2016103344
2016103345
2016103346
2016103347
2016103348
2016103349
2016103350
2016103351
2016103353
2016103354
2016103355
2016103356
2016103357
2016103358
2016103359
2016103360
2016103362
2016103363
2016103368
2016103370
2016103371
2016103374
2016103375
2016103376
2016103378
2016103379
2016103380
2016103382
2016103383
2016103385
2016103386
2016103387
2016103388
2016103389
2016103398
2016103399
2016103400
2016103401
2016103402
2016103403
2016103408
2016103409
2016103410
2016103411
2016103414
2016103415
2016103416
2016103418
2016103419
2016103421
2016103423
2016103424
2016103434
2016103436
2016103438
2016103439
2016103440
2016103441
2016103442
2016103443
2016103444
2016103445
2016103446
2016103447
2016103448
2016103449
2016103450
2016103451
2016103453
2016103454
2016103456
2016103458
2016103459
2016103460
2016103461
2016103462
2016103463
2016103464
2016103465
2016103467
2016103471
2016103474
2016103476
2016103478
2016103480
2016103481
2016103484
2016103485
2016103487
2016103488
2016103489
2016103491
2016103492
2016103493
2016103495
2016103496
2016103498
2016103499
2016103501
2016103502
2016103503
2016103504
2016103505
2016103506
2016103507
2016103509
2016103510
2016103511
2016103512
2016103514
2016103515
2016103516
2016103518
2016103519
2016103522
2016103523
2016103524
2016103526
2016103527
2016103529
2016103530
2016103531
2016103533
2016103534
2016103535
2016103537
2016103538
2016103539
2016103542
2016103543
2016103544
2016103545
2016103547
2016103548
2016103550
2016103551
2016103553
2016103555
2016103556
2016103557
2016103559
2016103560
2016103561
2016103563
2016103564
2016103566
2016103569
2016103570
2016103573
2016103574
2016103575
2016103578
2016103579
2016103580
2016103583
2016103584
2016103585
2016103587
2016103590
2016103591
2016103594
2016103595
2016103596
2016103597
2016103598
2016103599
2016103607
2016103611
2016103612
2016103615
2016103618
2016103620
2016103621
2016103622
2016103624
2016103626
2016103628
2016103629
2016103630
2016103631
2016103641
2016103646
2016103647
2016103648
2016103649
2016103650
2016103652
2016103653
2016103656
2016103657
2016103662
2016103663
2016103667
2016103668
2016103669
2016103671
2016103672
2016103673
2016103674
2016103679
2016103680
2016103681
2016103682
2016103683
2016103684
2016103685
2016103686
2016103689
2016103690
2016103691
2016103693
2016103694
2016103695
2016103696
2016103698
2016103699
2016103702
2016103703
2016103704
2016103705
2016103706
2016103710
2016103711
2016103713
2016103714
2016103715
2016103716
2016103717
2016103718
2016103719
2016103720
2016103721
2016103723
2016103724
2016103725
2016103728
2016103729
2016103730
2016103731
2016103732
2016103733
2016103736
2016103739
2016103741
2016103744
2016103745
2016103748
2016103749
2016103752
2016103753
2016103754
2016103755
2016103756
2016103757
2016103758
2016103759
2016103760
2016103761
2016103762
2016103764
2016103765
2016103766
2016103767
2016103768
2016103769
2016103770
2016103771
2016103772
2016103773
2016103774
2016103775
2016103777
2016103779
2016103785
2016103786
2016103787
2016103788
2016103790
2016103791
2016103796
2016103801
2016103803
2016103804
2016103806
2016103807
2016103809
2016103810
2016103811
2016103812
2016103813
2016103815
2016103817
2016103820
2016103821
2016103822
2016103823
2016103825
2016103827
2016103828
2016103829
2016103831
2016103833
2016103836
2016103839
2016103842
2016103849
2016103853
2016103854
2016103856
2016103858
2016103861
2016103864
2016103865
2016103870
2016103872
2016103874
2016103875
2016103878
2016103879
2016103880
2016103881
2016103883
2016103884
2016103885
2016103886
2016103888
2016103892
2016103895
2016103896
2016103897
2016103898
2016103900
2016103903
2016103904
2016103906
2016103907
2016103908
2016103909
2016103910
2016103911
2016103912
2016103913
2016103914
2016103915
2016103916
2016103918
2016103919
2016103920
2016103921
2016103922
2016103923
2016103925
2016103926
2016103927
2016103929
2016103930
2016103933
2016103935
2016103936
2016103937
2016103938
2016103939
2016103940
2016103941
2016103942
2016103943
2016103944
2016103945
2016103946
2016103947
2016103950
2016103952
2016103953
2016103954
2016103957
2016103958
2016103960
2016103961
2016103962
2016103963
2016103964
2016103967
2016103968
2016103969
2016103970
2016103971
2016103973
2016103974
2016103975
2016103976
2016103977
2016103978
2016103981
2016103982
2016103983
2016103984
2016103985
2016103989
2016103990
2016103994
2016103997
2016103999
2016104000
2016104001
2016104002
2016104003
2016104005
2016104006
2016104013
2016104016
2016104018
2016104023
2016104026
2016104027
2016104029
2016104031
2016104032
2016104033
2016104034
2016104035
2016104036
2016104037
2016104038
2016104040
2016104042
2016104043
2016104044
2016104045
2016104051
2016104052
2016104053
2016104057
2016104058
2016104061
2016104062
2016104063
2016104064
2016104066
2016104069
2016104075
2016104076
2016104077
2016104078
2016104079
2016104080
2016104081
2016104082
2016104083
2016104085
2016104086
2016104087
2016104089
2016104090
2016104091
2016104092
2016104093
2016104096
2016104098
2016104100
2016104101
2016104102
2016104103
2016104105
2016104107
2016104110
2016104112
2016104114
2016104118
2016104121
2016104122
2016104123
2016104126
2016104128
2016104135
2016104136
2016104137
2016104141
2016104146
2016104147
2016104148
2016104149
2016104150
2016104151
2016104152
2016104153
2016104154
2016104155
2016104157
2016104159
2016104160
2016104164
2016104166
2016104167
2016104169
2016104171
2016104173
2016104174
2016104175
2016104177
2016104180
2016104183
2016104184
2016104185
2016104188
2016104189
2016104191
2016104192
2016104193
2016104195
2016104198
2016104201
2016104205
2016104207
2016104208
2016104209
2016104210
2016104211
2016104214
2016104215
2016104217
2016104218
2016104219
2016104220
2016104221
2016104222
2016104223
2016104224
2016104225
2016104226
2016104227
2016104229
2016104230
2016104231
2016104232
2016104233
2016104234
2016104235
2016104236
2016104237
2016104238
2016104239
2016104240
2016104241
2016104242
2016104243
2016104244
2016104245
2016104246
2016104247
2016104248
2016104251
2016104252
2016104253
2016104256
2016104257
2016104258
2016104259
2016104260
2016104261
2016104262
2016104263
2016104264
2016104265
2016104267
2016104268
2016104269
2016104271
2016104272
2016104273
2016104274
2016104275
2016104276
2016104278
2016104280
2016104281
2016104282
2016104283
2016104285
2016104286
2016104289
2016104291
2016104292
2016104293
2016104294
2016104295
2016104297
2016104298
2016104299
2016104302
2016104304
2016104305
2016104306
2016104307
2016104308
2016104309
2016104310
2016104311
2016104312
2016104314
2016104315
2016104317
2016104318
2016104319
2016104320
2016104321
2016104322
2016104324
2016104325
2016104326
2016104327
2016104328
2016104330
2016104334
2016104335
2016104336
2016104337
2016104338
2016104339
2016104340
2016104341
2016104342
2016104343
2016104344
2016104345
2016104347
2016104348
2016104349
2016104350
2016104351
2016104352
2016104353
2016104354
2016104355
2016104356
2016104357
2016104358
2016104359
2016104360
2016104361
2016104362
2016104363
2016104364
2016104365
2016104367
2016104368
2016104370
2016104371
2016104372
2016104373
2016104374
2016104375
2016104376
2016104377
2016104378
2016104379
2016104380
2016104381
2016104382
2016104383
2016104385
2016104386
2016104387
2016104388
2016104389
2016104390
2016104391
2016104392
2016104393
2016104397
2016104398
2016104399
2016104400
2016104401
2016104403
2016104404
2016104405
2016104406
2016104407
2016104408
2016104409
2016104410
2016104412
2016104413
2016104414
2016104415
2016104416
2016104418
2016104420
2016104421
2016104422
2016104423
2016104424
2016104425
2016104426
2016104428
2016104429
2016104430
2016104431
2016104433
2016104434
2016104435
2016104436
2016104438
2016104439
2016104440
2016104442
2016104444
2016104445
2016104446
2016104447
2016104448
2016104449
2016104450
2016104451
2016104452
2016104453
2016104454
2016104455
2016104456
2016104458
2016104459
2016104460
2016104461
2016104462
2016104463
2016104464
2016104465
2016104467
2016104468
2016104469
2016104470
2016104471
2016104472
2016104473
2016104474
2016104475
2016104476
2016104477
2016104478
2016104480
2016104481
2016104482
2016104483
2016104484
2016104485
2016104486
2016104487
2016104489
2016104490
2016104491
2016104492
2016104494
2016104495
2016104496
2016104497
2016104498
2016104499
2016104500
2016104501
2016104502
2016104503
2016104505
2016104506
2016104507
2016104508
2016104509
2016104511
2016104512
2016104513
2016104514
2016104515
2016104516
2016104517
2016104518
2016104519
2016104520
2016104521
2016104523
2016104524
2016104525
2016104526
2016104527
2016104528
2016104529
2016104530
2016104531
2016104532
2016104533
2016104534
2016104535
2016104536
2016104537
2016104538
2016104539
2016104540
2016104541
2016104542
2016104543
2016104544
2016104546
2016104547
2016104548
2016104549
2016104551
2016104552
2016104553
2016104554
2016104556
2016104557
2016104559
2016104561
2016104563
2016104564
2016104565
2016104566
2016104567
2016104568
2016104569
2016104570
2016104573
2016104574
2016104576
2016104578
2016104579
2016104580
2016104581
2016104582
2016104583
2016104584
2016104585
2016104586
2016104587
2016104588
2016104589
2016104590
2016104591
2016104592
2016104593
2016104594
2016104595
2016104596
2016104597
2016104598
2016104599
2016104600
2016104602
2016104603
2016104604
2016104605
2016104606
2016104608
2016104609
2016104610
2016104611
2016104612
2016104613
2016104614
2016104615
2016104617
2016104618
2016104620
2016104621
2016104622
2016104623
2016104624
2016104625
2016104626
2016104627
2016104628
2016104629
2016104630
2016104631
2016104632
2016104633
2016104634
2016104635
2016104636
2016104637
2016104638
2016104639
2016104640
2016104641
2016104642
2016104643
2016104644
2016104645
2016104646
2016104648
2016104649
2016104650
2016104652
2016104653
2016104654
2016104655
2016104656
2016104657
2016104658
2016104659
2016104660
2016104661
2016104662
2016104663
2016104664
2016104665
2016104666
2016104667
2016104668
2016104669
2016104670
2016104671
2016104672
2016104673
2016104674
2016104675
2016104676
2016104677
2016104678
2016104679
2016104680
2016104681
2016104682
2016104685
2016104686
2016104687
2016104689
2016104691
2016104692
2016104693
2016104694
2016104695
2016104696
2016104697
2016104698
2016104699
2016104700
2016104701
2016104702
2016104704
2016104705
2016104706
2016104707
2016104708
2016104709
2016104710
2016104711
2016104713
2016104714
2016104715
2016104716
2016104717
2016104718
2016104719
2016104720
2016104721
2016104722
2016104723
2016104724
2016104725
2016104726
2016104727
2016104728
2016104729
2016104730
2016104731
2016104733
2016104734
2016104735
2016104736
2016104737
2016104738
2016104739
2016104740
2016104741
2016104742
2016104743
2016104744
2016104745
2016104746
2016104747
2016104748
2016104749
2016104750
2016104751
2016104752
2016104753
2016104755
2016104756
2016104758
2016104759
2016104760
2016104761
2016104762
2016104763
2016104765
2016104767
2016104768
2016104769
2016104770
2016104771
2016104772
2016104773
2016104775
2016104776
2016104777
2016104778
2016104779
2016104780
2016104781
2016104782
2016104783
2016104784
2016104785
2016104786
2016104787
2016104788
2016104789
2016104790
2016104791
2016104792
2016104793
2016104794
2016104795
2016104796
2016104797
2016104798
2016104799
2016104800
2016104801
2016104802
2016104803
2016104804
2016104805
2016104806
2016104807
2016104808
2016104809
2016104812
2016104813
2016104814
2016104815
2016104816
2016104817
2016104818
2016104819
2016104820
2016104821
2016104822
2016104823
2016104824
2016104826
2016104827
2016104828
2016104829
2016104830
2016104831
2016104832
2016104834
2016104835
2016104836
2016104837
2016104838
2016104839
2016104840
2016104841
2016104842
2016104843
2016104844
2016104845
2016104846
2016104848
2016104849
2016104851
2016104852
2016104853
2016104854
2016104855
2016104856
2016104857
2016104858
2016104859
2016104860
2016104861
2016104862
2016104863
2016104864
2016104865
2016104866
2016104867
2016104868
2016104869
2016104870
2016104871
2016104872
2016104874
2016104875
2016104876
2016104877
2016104878
2016104879
2016104880
2016104881
2016104883
2016104884
2016104885
2016104886
2016104887
2016104888
2016104889
2016104890
2016104891
2016104892
2016104894
2016104895
2016104896
2016104897
2016104898
2016104899
2016104901
2016104902
2016104903
2016104904
2016104905
2016104907
2016104908
2016104909
2016104910
2016104911
2016104913
2016104915
2016104916
2016104919
2016104920
2016104921
2016104922
2016104923
2016104925
2016104926
2016104927
2016104928
2016104929
2016104933
2016104936
2016104937
2016104938
2016104939
2016104941
2016104942
2016104943
2016104944
2016104945
2016104946
2016104947
2016104950
2016104952
2016104953
2016104954
2016104955
2016104957
2016104958
2016104959
2016104960
2016104961
2016104962
2016104963
2016104965
2016104966
2016104967
2016104968
2016104969
2016104970
2016104971
2016104972
2016104973
2016104974
2016104975
2016104976
2016104977
2016104978
2016104979
2016104981
2016104982
2016104983
2016104984
2016104985
2016104987
2016104988
2016104989
2016104990
2016104991
2016104992
2016104994
2016104995
2016104996
2016104997
2016104998
2016105001
2016105002
2016105003
2016105004
2016105005
2016105006
2016105007
2016105008
2016105009
2016105010
2016105011
2016105013
2016105014
2016105015
2016105016
2016105017
2016105019
2016105020
2016105021
2016105022
2016105024
2016105025
2016105026
2016105027
2016105028
2016105029
2016105030
2016105031
2016105032
2016105033
2016105034
2016105035
2016105037
2016105038
2016105039
2016105040
2016105042
2016105043
2016105045
2016105047
2016105048
2016105049
2016105051
2016105052
2016105053
2016105054
2016105055
2016105056
2016105057
2016105058
2016105059
2016105060
2016105062
2016105063
2016105064
2016105065
2016105066
2016105067
2016105068
2016105069
2016105070
2016105071
2016105072
2016105074
2016105076
2016105077
2016105081
2016105082
2016105083
2016105084
2016105085
2016105086
2016105087
2016105088
2016105089
2016105090
2016105091
2016105093
2016105095
2016105096
2016105097
2016105098
2016105100
2016105101
2016105103
2016105104
2016105106
2016105107
2016105108
2016105111
2016105113
2016105114
2016105116
2016105117
2016105118
2016105121
2016105122
2016105125
2016105126
2016105129
2016105130
2016105131
2016105132
2016105133
2016105134
2016105135
2016105136
2016105137
2016105138
2016105139
2016105141
2016105142
2016105143
2016105144
2016105146
2016105147
2016105149
2016105150
2016105151
2016105153
2016105154
2016105155
2016105156
2016105157
2016105158
2016105159
2016105161
2016105162
2016105163
2016105164
2016105165
2016105166
2016105167
2016105168
2016105169
2016105170
2016105171
2016105172
2016105174
2016105175
2016105176
2016105177
2016105178
2016105179
2016105180
2016105181
2016105182
2016105183
2016105184
2016105186
2016105187
2016105188
2016105189
2016105191
2016105194
2016105195
2016105196
2016105198
2016105199
2016105200
2016105201
2016105202
2016105203
2016105204
2016105205
2016105206
2016105207
2016105209
2016105210
2016105211
2016105212
2016105213
2016105214
2016105215
2016105216
2016105218
2016105219
2016105220
2016105221
2016105222
2016105223
2016105224
2016105225
2016105226
2016105227
2016105228
2016105229
2016105230
2016105231
2016105232
2016105233
2016105234
2016105235
2016105236
2016105238
2016105239
2016105241
2016105242
2016105244
2016105245
2016105247
2016105248
2016105250
2016105251
2016105253
2016105254
2016105255
2016105256
2016105258
2016105259
2016105260
2016105261
2016105262
2016105263
2016105264
2016105265
2016105266
2016105267
2016105268
2016105269
2016105270
2016105271
2016105272
2016105273
2016105275
2016105276
2016105277
2016105278
2016105279
2016105280
2016105281
2016105282
2016105283
2016105284
2016105285
2016105286
2016105289
2016105290
2016105291
2016105292
2016105293
2016105294
2016105296
2016105297
2016105298
2016105299
2016105300
2016105301
2016105303
2016105304
2016105305
2016105308
2016105309
2016105310
2016105311
2016105312
2016105313
2016105315
2016105316
2016105317
2016105318
2016105319
2016105320
2016105322
2016105323
2016105324
2016105325
2016105327
2016105328
2016105329
2016105337
2016105338
2016105340
2016105345
2016105346
2016105348
2016105349
2016105350
2016105351
2016105353
2016105359
2016105360
2016105361
2016105364
2016105365
2016105366
2016105367
2016105369
2016105371
2016105372
2016105373
2016105374
2016105377
2016105378
2016105381
2016105384
2016105386
2016105388
2016105392
2016105393
2016105396
2016105399
2016105404
2016105409
2016105410
2016105412
2016105413
2016105414
2016105416
2016105421
2016105424
2016105426
2016105428
2016105429
2016105431
2016105432
2016105433
2016105434
2016105436
2016105439
2016105440
2016105446
2016105448
2016105450
2016105452
2016105453
2016105456
2016105457
2016105458
2016105459
2016105461
2016105462
2016105464
2016105465
2016105466
2016105467
2016105468
2016105469
2016105470
2016105472
2016105473
2016105474
2016105475
2016105476
2016105477
2016105478
2016105479
2016105480
2016105481
2016105482
2016105483
2016105486
2016105487
2016105488
2016105490
2016105491
2016105492
2016105493
2016105494
2016105496
2016105497
2016105498
2016105500
2016105501
2016105502
2016105503
2016105507
2016105508
2016105509
2016105510
2016105511
2016105512
2016105513
2016105514
2016105515
2016105516
2016105517
2016105520
2016105521
2016105522
2016105523
2016105525
2016105526
2016105527
2016105528
2016105529
2016105530
2016105531
2016105532
2016105533
2016105534
2016105535
2016105536
2016105537
2016105538
2016105542
2016105543
2016105545
2016105547
2016105550
2016105551
2016105552
2016105553
2016105554
2016105555
2016105556
2016105558
2016105560
2016105563
2016105564
2016105566
2016105567
2016105569
2016105573
2016105576
2016105578
2016105579
2016105580
2016105582
2016105583
2016105584
2016105585
2016105586
2016105587
2016105588
2016105590
2016105593
2016105595
2016105596
2016105598
2016105600
2016105601
2016105604
2016105605
2016105606
2016105614
2016105615
2016105617
2016105618
2016105620
2016105621
2016105622
2016105624
2016105625
2016105628
2016105629
2016105630
2016105631
2016105632
2016105634
2016105636
2016105637
2016105638
2016105639
2016105641
2016105642
2016105644
2016105645
2016105646
2016105647
2016105651
2016105652
2016105653
2016105660
2016105661
2016105662
2016105664
2016105665
2016105666
2016105667
2016105668
2016105669
2016105670
2016105671
2016105673
2016105674
2016105675
2016105676
2016105679
2016105681
2016105682
2016105684
2016105685
2016105686
2016105687
2016105689
2016105692
2016105693
2016105699
2016105700
2016105702
2016105703
2016105704
2016105708
2016105711
2016105713
2016105715
2016105716
2016105718
2016105723
2016105726
2016105728
2016105729
2016105730
2016105731
2016105733
2016105734
2016105735
2016105739
2016105740
2016105741
2016105747
2016105749
2016105750
2016105751
2016105755
2016105756
2016105758
2016105759
2016105761
2016105762
2016105764
2016105765
2016105766
2016105767
2016105768
2016105769
2016105770
2016105772
2016105773
2016105775
2016105776
2016105777
2016105778
2016105779
2016105780
2016105781
2016105782
2016105783
2016105784
2016105785
2016105786
2016105787
2016105788
2016105790
2016105791
2016105793
2016105796
2016105797
2016105798
2016105801
2016105802
2016105803
2016105804
2016105805
2016105809
2016105810
2016105812
2016105813
2016105815
2016105816
2016105817
2016105818
2016105819
2016105820
2016105821
2016105823
2016105824
2016105828
2016105829
2016105841
2016105844
2016105847
2016105849
2016105850
2016105854
2016105855
2016105856
2016105858
2016105861
2016105863
2016105864
2016105865
2016105866
2016105867
2016105868
2016105869
2016105870
2016105871
2016105872
2016105873
2016105874
2016105875
2016105876
2016105878
2016105879
2016105880
2016105881
2016105883
2016105884
2016105885
2016105886
2016105887
2016105890
2016105892
2016105894
2016105895
2016105897
2016105898
2016105901
2016105902
2016105904
2016105905
2016105906
2016105908
2016105909
2016105913
2016105915
2016105917
2016105920
2016105921
2016105922
2016105926
2016105928
2016105929
2016105933
2016105937
2016105938
2016105943
2016105944
2016105946
2016105948
2016105949
2016105951
2016105952
2016105953
2016105956
2016105963
2016105964
2016105965
2016105966
2016105967
2016105969
2016105970
2016105971
2016105972
2016105973
2016105974
2016105975
2016105977
2016105978
2016105979
2016105982
2016105983
2016105984
2016105985
2016105986
2016105987
2016105989
2016105990
2016105991
2016105992
2016105994
2016105995
2016105996
2016105997
2016105998
2016105999
2016106000
2016106001
2016106002
2016106003
2016106004
2016106007
2016106008
2016106009
2016106011
2016106012
2016106013
2016106014
2016106015
2016106016
2016106017
2016106018
2016106019
2016106020
2016106021
2016106022
2016106024
2016106025
2016106026
2016106027
2016106028
2016106029
2016106030
2016106031
2016106032
2016106034
2016106035
2016106037
2016106038
2016106039
2016106040
2016106041
2016106043
2016106044
2016106045
2016106046
2016106047
2016106048
2016106049
2016106050
2016106051
2016106052
2016106054
2016106055
2016106057
2016106058
2016106059
2016106060
2016106061
2016106062
2016106063
2016106064
2016106065
2016106068
2016106069
2016106071
2016106072
2016106073
2016106074
2016106075
2016106076
2016106077
2016106078
2016106080
2016106082
2016106087
2016106089
2016106095
2016106097
2016106099
2016106100
2016106101
2016106104
2016106106
2016106107
2016106109
2016106110
2016106114
2016106115
2016106116
2016106117
2016106118
2016106119
2016106120
2016106121
2016106122
2016106126
2016106127
2016106129
2016106130
2016106131
2016106132
2016106133
2016106134
2016106137
2016106138
2016106139
2016106141
2016106144
2016106146
2016106147
2016106150
2016106152
2016106153
2016106154
2016106156
2016106157
2016106159
2016106161
2016106162
2016106164
2016106165
2016106166
2016106167
2016106168
2016106169
2016106171
2016106172
2016106173
2016106174
2016106176
2016106177
2016106180
2016106181
2016106182
2016106183
2016106186
2016106188
2016106189
2016106200
2016106201
2016106202
2016106203
2016106211
2016106213
2016106214
2016106216
2016106217
2016106218
2016106219
2016106220
2016106221
2016106222
2016106223
2016106224
2016106225
2016106226
2016106227
2016106228
2016106229
2016106230
2016106232
2016106233
2016106234
2016106235
2016106237
2016106239
2016106240
2016106241
2016106242
2016106245
2016106246
2016106247
2016106248
2016106249
2016106250
2016106252
2016106253
2016106255
2016106257
2016106258
2016106259
2016106260
2016106261
2016106262
2016106263
2016106266
2016106267
2016106268
2016106269
2016106271
2016106272
2016106273
2016106274
2016106275
2016106276
2016106277
2016106278
2016106281
2016106283
2016106286
2016106287
2016106288
2016106291
2016106292
2016106295
2016106298
2016106299
2016106301
2016106302
2016106303
2016106304
2016106305
2016106306
2016106307
2016106308
2016106310
2016106311
2016106312
2016106313
2016106314
2016106315
2016106316
2016106317
2016106319
2016106320
2016106321
2016106324
2016106325
2016106327
2016106330
2016106332
2016106334
2016106335
2016106336
2016106338
2016106339
2016106340
2016106341
2016106342
2016106344
2016106345
2016106348
2016106349
2016106350
2016106351
2016106352
2016106353
2016106354
2016106357
2016106358
2016106360
2016106362
2016106363
2016106364
2016106365
2016106366
2016106367
2016106368
2016106369
2016106370
2016106371
2016106372
2016106373
2016106374
2016106375
2016106376
2016106377
2016106378
2016106379
2016106381
2016106384
2016106387
2016106389
2016106390
2016106391
2016106394
2016106395
2016106396
2016106397
2016106398
2016106399
2016106400
2016106402
2016106403
2016106404
2016106405
2016106406
2016106407
2016106408
2016106410
2016106411
2016106414
2016106415
2016106416
2016106417
2016106418
2016106419
2016106420
2016106421
2016106422
2016106423
2016106424
2016106425
2016106426
2016106428
2016106429
2016106430
2016106431
2016106432
2016106434
2016106435
2016106437
2016106438
2016106441
2016106442
2016106443
2016106444
2016106445
2016106446
2016106447
2016106448
2016106450
2016106452
2016106453
2016106455
2016106456
2016106457
2016106458
2016106459
2016106463
2016106464
2016106465
2016106469
2016106470
2016106471
2016106473
2016106474
2016106477
2016106478
2016106481
2016106483
2016106485
2016106486
2016106488
2016106489
2016106492
2016106494
2016106495
2016106496
2016106500
2016106501
2016106504
2016106505
2016106506
2016106507
2016106509
2016106510
2016106512
2016106513
2016106514
2016106515
2016106518
2016106527
2016106531
2016106532
2016106533
2016106534
2016106535
2016106536
2016106541
2016106546
2016106547
2016106548
2016106550
2016106556
2016106564
2016106565
2016106568
2016106570
2016106571
2016106574
2016106575
2016106576
2016106577
2016106578
2016106579
2016106580
2016106582
2016106583
2016106585
2016106589
2016106592
2016106594
2016106595
2016106596
2016106599
2016106600
2016106603
2016106604
2016106606
2016106607
2016106608
2016106609
2016106610
2016106611
2016106612
2016109004
2016109005
2016109006
2016109007
2016109008
2016109010
2016109013
2016109014
2016109016
2016109019
2016109020
2016109022
2016109023
2016109024
2016109025
2016109026
2016109028
2016109037
2016109040
2016109047
2016109048
2016109057
2016109059
2016109066
2016109068
2016109072
2016109074
2016109075
2016109076
2016109083
2016109084
2016109086
2016109087
2016109090
2016109093
2016109095
2016109096
2016109097
2016109098
2016109099
2016109100
2016109101
2016109102
2016109103
2016109104
2016109107
2016109108
2016109109
2016109110
2016109115
2016109117
2016109118
2016109122
2016109123
2016109125
2016109126
2016109127
2016109128
2016109129
2016109131
2016109133
2016109136
2016109137
2016109140
2016109141
2016109146
2016109148
2016109149
2016109151
2016110001
2016110002
2016110003
2016110004
2016110005
2016110006
2016110007
2016110008
2016110009
2016110010
2016110011
2016110012
2016110013
2016110015
2016110016
2016110017
2016110018
2016110020
2016110021
2016110022
2016110023
2016110024
2016110025
2016110026
2016110027
2016110028
2016110029
2016110030
2016110031
2016110032
2016110033
2016110034
2016110035
2016110036
2016110037
2016110038
2016110039
2016110040
2016110041
2016110043
2016110044
2016110045
2016110046
2016110047
2016110048
2016110049
2016110050
2016110051
2016110052
2016110054
2016110055
2016110056
2016110057
2016110058
2016110059
2016110060
2016110061
2016110062
2016110063
2016110064
2016110065
2016110066
2016110067
2016110068
2016110069
2016110070
2016110071
2016110072
2016110073
2016110074
2016110075
2016110076
2016110077
2016110078
2016110079
2016110080
2016110083
2016110084
2016110085
2016110086
2016110087
2016110088
2016110089
2016110090
2016110091
2016110092
2016110093
2016110094
2016110095
2016110096
2016110097
2016110098
2016110100
2016110101
2016110102
2016110103
2016110106
2016110107
2016110109
2016110110
2016110111
2016110112
2016110113
2016110114
2016110115
2016110116
2016110117
2016110118
2016110119
2016110120
2016110121
2016110122
2016110124
2016110125
2016110126
2016110127
2016110128
2016110129
2016110130
2016110131
2016110132
2016110133
2016110134
2016110135
2016110136
2016110138
2016110139
2016110140
2016110141
2016110142
2016110143
2016110145
2016110146
2016110147
2016110148
2016110149
2016110150
2016110151
2016110152
2016110153
2016110154
2016110155
2016110156
2016110157
2016110158
2016110159
2016110160
2016110161
2016110162
2016110163
2016110164
2016110165
2017100005
2017100006
2017100008
2017100010
2017100019
2017100020
2017100024
2017100025
2017100026
2017100029
2017100033
2017100035
2017100036
2017100037
2017100039
2017100040
2017100041
2017100043
2017100044
2017100048
2017100050
2017100056
2017100057
2017100059
2017100060
2017100066
2017100067
2017100072
2017100078
2017100081
2017100082
2017100083
2017100084
2017100085
2017100086
2017100087
2017100088
2017100090
2017100095
2017100096
2017100097
2017100098
2017100101
2017100104
2017100105
2017100106
2017100108
2017100112
2017100115
2017100116
2017100120
2017100126
2017100127
2017100128
2017100130
2017100131
2017100132
2017100136
2017100141
2017100146
2017100149
2017100151
2017100154
2017100155
2017100159
2017100160
2017100161
2017100163
2017100164
2017100165
2017100166
2017100167
2017100168
2017100169
2017100172
2017100176
2017100182
2017100184
2017100186
2017100189
2017100190
2017100191
2017100194
2017100195
2017100197
2017100199
2017100200
2017100201
2017100203
2017100205
2017100206
2017100207
2017100211
2017100212
2017100217
2017100218
2017100222
2017100224
2017100225
2017100228
2017100230
2017100231
2017100232
2017100236
2017100240
2017100242
2017100244
2017100247
2017100251
2017100252
2017100257
2017100262
2017100265
2017100275
2017100277
2017100278
2017100279
2017100281
2017100284
2017100290
2017100291
2017100292
2017100297
2017100299
2017100300
2017100305
2017100306
2017100315
2017100316
2017100320
2017100323
2017100324
2017100327
2017100337
2017100339
2017100340
2017100342
2017100347
2017100348
2017100349
2017100353
2017100354
2017100355
2017100357
2017100358
2017100364
2017100366
2017100369
2017100371
2017100372
2017100373
2017100376
2017100377
2017100378
2017100382
2017100394
2017100396
2017100399
2017100402
2017100403
2017100404
2017100406
2017100413
2017100414
2017100415
2017100418
2017100422
2017100423
2017100426
2017100428
2017100431
2017100433
2017100436
2017100437
2017100439
2017100440
2017100445
2017100448
2017100451
2017100453
2017100455
2017100458
2017100461
2017100463
2017100466
2017100469
2017100474
2017100475
2017100476
2017100477
2017100492
2017100495
2017100508
2017100511
2017100514
2017100519
2017100521
2017100522
2017100524
2017100525
2017100527
2017100529
2017100531
2017100532
2017100533
2017100535
2017100537
2017100538
2017100539
2017100540
2017100541
2017100542
2017100543
2017100545
2017100550
2017100551
2017100552
2017100553
2017100554
2017100555
2017100556
2017100557
2017100558
2017100559
2017100560
2017100564
2017100567
2017100581
2017100583
2017100585
2017100588
2017100590
2017100592
2017100594
2017100598
2017100599
2017100600
2017100601
2017100602
2017100604
2017100605
2017100607
2017100609
2017100610
2017100611
2017100613
2017100617
2017100620
2017100622
2017100623
2017100624
2017100626
2017100627
2017100630
2017100633
2017100641
2017100643
2017100650
2017100654
2017100656
2017100659
2017100661
2017100662
2017100665
2017100666
2017100667
2017100672
2017100673
2017100675
2017100680
2017100682
2017100684
2017100697
2017100699
2017100702
2017100712
2017100716
2017100717
2017100720
2017100721
2017100722
2017100723
2017100726
2017100727
2017100728
2017100729
2017100730
2017100742
2017100746
2017100747
2017100748
2017100751
2017100752
2017100755
2017100757
2017100760
2017100761
2017100763
2017100764
2017100765
2017100766
2017100768
2017100772
2017100776
2017100777
2017100779
2017100784
2017100787
2017100794
2017100795
2017100796
2017100800
2017100801
2017100804
2017100809
2017100811
2017100813
2017100817
2017100821
2017100822
2017100823
2017100825
2017100827
2017100829
2017100830
2017100834
2017100835
2017100836
2017100838
2017100839
2017100845
2017100846
2017100847
2017100850
2017100854
2017100855
2017100858
2017100859
2017100861
2017100862
2017100870
2017100873
2017100874
2017100875
2017100877
2017100878
2017100882
2017100887
2017100889
2017100894
2017100895
2017100900
2017100913
2017100914
2017100915
2017100916
2017100917
2017100918
2017100919
2017100920
2017100922
2017100924
2017100925
2017100926
2017100931
2017100936
2017100938
2017100940
2017100943
2017100958
2017100959
2017100960
2017100963
2017100965
2017100967
2017100970
2017100973
2017100978
2017100985
2017100987
2017100988
2017100990
2017100992
2017100993
2017100996
2017100997
2017101003
2017101008
2017101010
2017101011
2017101015
2017101016
2017101017
2017101020
2017101028
2017101030
2017101032
2017101034
2017101041
2017101051
2017101057
2017101058
2017101059
2017101068
2017101071
2017101073
2017101077
2017101078
2017101080
2017101082
2017101085
2017101089
2017101091
2017101096
2017101103
2017101104
2017101105
2017101106
2017101107
2017101108
2017101109
2017101110
2017101111
2017101112
2017101113
2017101116
2017101117
2017101121
2017101124
2017101128
2017101131
2017101132
2017101135
2017101136
2017101138
2017101146
2017101148
2017101149
2017101150
2017101151
2017101152
2017101155
2017101157
2017101158
2017101159
2017101160
2017101161
2017101162
2017101167
2017101168
2017101171
2017101173
2017101174
2017101177
2017101179
2017101180
2017101181
2017101183
2017101186
2017101192
2017101193
2017101195
2017101197
2017101200
2017101201
2017101210
2017101212
2017101213
2017101214
2017101215
2017101223
2017101224
2017101226
2017101227
2017101231
2017101238
2017101239
2017101242
2017101243
2017101244
2017101246
2017101248
2017101253
2017101255
2017101256
2017101262
2017101263
2017101272
2017101274
2017101276
2017101288
2017101289
2017101291
2017101292
2017101293
2017101295
2017101298
2017101299
2017101303
2017101310
2017101311
2017101318
2017101321
2017101322
2017101323
2017101334
2017101342
2017101350
2017101351
2017101357
2017101362
2017101365
2017101367
2017101368
2017101369
2017101370
2017101373
2017101375
2017101376
2017101377
2017101379
2017101380
2017101381
2017101383
2017101385
2017101386
2017101389
2017101390
2017101392
2017101396
2017101398
2017101399
2017101401
2017101403
2017101404
2017101409
2017101411
2017101412
2017101415
2017101417
2017101419
2017101420
2017101423
2017101424
2017101426
2017101427
2017101428
2017101429
2017101430
2017101431
2017101433
2017101438
2017101439
2017101442
2017101444
2017101445
2017101446
2017101448
2017101449
2017101451
2017101452
2017101457
2017101459
2017101461
2017101462
2017101464
2017101466
2017101473
2017101474
2017101475
2017101476
2017101478
2017101482
2017101485
2017101489
2017101491
2017101503
2017101506
2017101509
2017101510
2017101516
2017101519
2017101523
2017101524
2017101525
2017101528
2017101530
2017101535
2017101537
2017101538
2017101539
2017101540
2017101546
2017101547
2017101548
2017101552
2017101553
2017101554
2017101555
2017101556
2017101558
2017101561
2017101562
2017101563
2017101564
2017101566
2017101568
2017101571
2017101572
2017101579
2017101580
2017101581
2017101582
2017101584
2017101585
2017101590
2017101593
2017101594
2017101596
2017101597
2017101602
2017101603
2017101605
2017101607
2017101610
2017101612
2017101613
2017101617
2017101624
2017101625
2017101626
2017101629
2017101637
2017101639
2017101641
2017101646
2017101649
2017101658
2017101667
2017101669
2017101674
2017101675
2017101677
2017101679
2017101680
2017101681
2017101682
2017101685
2017101686
2017101691
2017101693
2017101697
2017101701
2017101704
2017101706
2017101707
2017101708
2017101713
2017101714
2017101715
2017101718
2017101719
2017101720
2017101721
2017101724
2017101725
2017101726
2017101731
2017101733
2017101738
2017101739
2017101742
2017101743
2017101746
2017101747
2017101748
2017101749
2017101750
2017101751
2017101752
2017101753
2017101754
2017101755
2017101756
2017101757
2017101758
2017101761
2017101762
2017101764
2017101765
2017101768
2017101771
2017101777
2017101783
2017101785
2017101787
2017101788
2017101789
2017101790
2017101791
2017101794
2017101795
2017101796
2017101797
2017101798
2017101799
2017101804
2017101805
2017101807
2017101809
2017101813
2017101815
2017101816
2017101821
2017101822
2017101823
2017101824
2017101825
2017101827
2017101828
2017101829
2017101830
2017101831
2017101832
2017101833
2017101835
2017101839
2017101842
2017101844
2017101845
2017101846
2017101847
2017101848
2017101849
2017101850
2017101853
2017101857
2017101858
2017101859
2017101860
2017101861
2017101863
2017101866
2017101867
2017101869
2017101871
2017101875
2017101877
2017101881
2017101882
2017101883
2017101884
2017101885
2017101889
2017101890
2017101894
2017101895
2017101896
2017101897
2017101898
2017101899
2017101900
2017101901
2017101902
2017101903
2017101904
2017101905
2017101906
2017101907
2017101908
2017101909
2017101911
2017101913
2017101914
2017101915
2017101916
2017101918
2017101919
2017101920
2017101921
2017101922
2017101923
2017101924
2017101926
2017101927
2017101928
2017101929
2017101930
2017101931
2017101932
2017101933
2017101935
2017101936
2017101937
2017101940
2017101941
2017101942
2017101945
2017101946
2017101947
2017101948
2017101949
2017101951
2017101952
2017101954
2017101955
2017101956
2017101957
2017101959
2017101960
2017101962
2017101963
2017101964
2017101965
2017101966
2017101967
2017101968
2017101969
2017101972
2017101973
2017101974
2017101976
2017101977
2017101978
2017101979
2017101980
2017101982
2017101983
2017101984
2017101985
2017101987
2017101988
2017101990
2017101991
2017101992
2017101993
2017101994
2017101997
2017101999
2017102002
2017102003
2017102007
2017102009
2017102010
2017102012
2017102014
2017102015
2017102016
2017102017
2017102021
2017102022
2017102027
2017102030
2017102031
2017102033
2017102034
2017102037
2017102038
2017102039
2017102040
2017102042
2017102043
2017102045
2017102046
2017102047
2017102050
2017102052
2017102053
2017102055
2017102060
2017102061
2017102066
2017102067
2017102073
2017102076
2017102077
2017102078
2017102079
2017102081
2017102082
2017102083
2017102084
2017102086
2017102088
2017102089
2017102090
2017102091
2017102092
2017102093
2017102095
2017102096
2017102097
2017102100
2017102101
2017102102
2017102103
2017102104
2017102105
2017102107
2017102108
2017102110
2017102112
2017102116
2017102118
2017102119
2017102120
2017102126
2017102129
2017102130
2017102131
2017102132
2017102134
2017102135
2017102137
2017102141
2017102142
2017102143
2017102145
2017102146
2017102154
2017102157
2017102158
2017102160
2017102163
2017102164
2017102165
2017102168
2017102170
2017102171
2017102175
2017102177
2017102178
2017102179
2017102184
2017102186
2017102190
2017102192
2017102194
2017102195
2017102196
2017102199
2017102200
2017102201
2017102202
2017102204
2017102205
2017102207
2017102210
2017102211
2017102212
2017102218
2017102221
2017102232
2017102234
2017102236
2017102237
2017102244
2017102247
2017102251
2017102253
2017102254
2017102256
2017102257
2017102262
2017102263
2017102264
2017102268
2017102281
2017102287
2017102289
2017102290
2017102293
2017102294
2017102296
2017102297
2017102304
2017102306
2017102307
2017102309
2017102312
2017102314
2017102315
2017102317
2017102323
2017102336
2017102342
2017102343
2017102344
2017102345
2017102350
2017102353
2017102356
2017102357
2017102358
2017102360
2017102361
2017102362
2017102364
2017102371
2017102372
2017102374
2017102375
2017102376
2017102378
2017102379
2017102380
2017102381
2017102385
2017102386
2017102387
2017102389
2017102391
2017102392
2017102393
2017102395
2017102396
2017102397
2017102398
2017102400
2017102401
2017102402
2017102403
2017102405
2017102406
2017102408
2017102412
2017102418
2017102421
2017102424
2017102426
2017102428
2017102429
2017102430
2017102431
2017102432
2017102435
2017102436
2017102443
2017102444
2017102447
2017102450
2017102454
2017102455
2017102457
2017102460
2017102461
2017102465
2017102466
2017102469
2017102473
2017102482
2017102484
2017102488
2017102489
2017102490
2017102491
2017102493
2017102497
2017102498
2017102500
2017102509
2017102510
2017102511
2017102514
2017102516
2017102517
2017102518
2017102519
2017102523
2017102525
2017102528
2017102530
2017102533
2017102536
2017102543
2017102544
2017102545
2017102550
2017102554
2017102557
2017102558
2017102560
2017102565
2017102567
2017102570
2017102575
2017102577
2017102578
2017102579
2017102580
2017102581
2017102586
2017102588
2017102595
2017102597
2017102599
2017102603
2017102604
2017102606
2017102607
2017102610
2017102611
2017102612
2017102613
2017102618
2017102620
2017102621
2017102622
2017102624
2017102625
2017102627
2017102628
2017102630
2017102632
2017102633
2017102634
2017102637
2017102638
2017102639
2017102641
2017102645
2017102646
2017102648
2017102649
2017102652
2017102659
2017102663
2017102665
2017102666
2017102669
2017102671
2017102673
2017102675
2017102678
2017102686
2017102687
2017102688
2017102689
2017102690
2017102692
2017102693
2017102694
2017102695
2017102697
2017102699
2017102701
2017102703
2017102704
2017102705
2017102707
2017102708
2017102709
2017102714
2017102716
2017102719
2017102722
2017102723
2017102726
2017102729
2017102730
2017102732
2017102744
2017102748
2017102749
2017102752
2017102765
2017102767
2017102768
2017102771
2017102772
2017102775
2017102776
2017102784
2017102786
2017102788
2017102789
2017102790
2017102791
2017102792
2017102797
2017102800
2017102801
2017102802
2017102803
2017102804
2017102805
2017102806
2017102807
2017102809
2017102810
2017102811
2017102813
2017102815
2017102817
2017102819
2017102822
2017102823
2017102832
2017102833
2017102834
2017102835
2017102836
2017102837
2017102838
2017102840
2017102841
2017102844
2017102848
2017102850
2017102852
2017102854
2017102856
2017102858
2017102860
2017102868
2017102871
2017102872
2017102873
2017102874
2017102875
2017102876
2017102878
2017102879
2017102880
2017102881
2017102883
2017102884
2017102885
2017102886
2017102887
2017102889
2017102892
2017102893
2017102899
2017102900
2017102901
2017102902
2017102903
2017102907
2017102909
2017102911
2017102913
2017102918
2017102920
2017102921
2017102923
2017102925
2017102926
2017102930
2017102932
2017102933
2017102934
2017102935
2017102936
2017102937
2017102939
2017102940
2017102941
2017102942
2017102945
2017102946
2017102949
2017102951
2017102952
2017102953
2017102954
2017102955
2017102959
2017102960
2017102962
2017102968
2017102971
2017102975
2017102977
2017102978
2017102981
2017102984
2017102985
2017102989
2017102990
2017102992
2017103000
2017103001
2017103002
2017103003
2017103005
2017103007
2017103008
2017103009
2017103011
2017103017
2017103018
2017103020
2017103023
2017103025
2017103030
2017103035
2017103037
2017103040
2017103042
2017103043
2017103044
2017103046
2017103051
2017103054
2017103055
2017103056
2017103058
2017103059
2017103060
2017103062
2017103064
2017103066
2017103067
2017103072
2017103079
2017103084
2017103091
2017103092
2017103093
2017103094
2017103097
2017103102
2017103104
2017103105
2017103110
2017103111
2017103112
2017103113
2017103115
2017103117
2017103119
2017103123
2017103129
2017103133
2017103134
2017103137
2017103142
2017103143
2017103144
2017103146
2017103147
2017103149
2017103150
2017103152
2017103153
2017103154
2017103155
2017103156
2017103157
2017103159
2017103160
2017103163
2017103164
2017103165
2017103166
2017103167
2017103174
2017103175
2017103177
2017103181
2017103183
2017103185
2017103186
2017103189
2017103191
2017103193
2017103194
2017103195
2017103197
2017103198
2017103199
2017103201
2017103202
2017103204
2017103205
2017103210
2017103211
2017103213
2017103214
2017103218
2017103221
2017103223
2017103224
2017103233
2017103235
2017103236
2017103238
2017103239
2017103240
2017103242
2017103253
2017103255
2017103257
2017103258
2017103260
2017103261
2017103263
2017103272
2017103274
2017103276
2017103277
2017103278
2017103279
2017103280
2017103281
2017103283
2017103286
2017103287
2017103288
2017103290
2017103291
2017103292
2017103293
2017103294
2017103295
2017103298
2017103299
2017103302
2017103304
2017103305
2017103306
2017103307
2017103310
2017103312
2017103314
2017103315
2017103319
2017103320
2017103321
2017103322
2017103323
2017103325
2017103328
2017103331
2017103333
2017103334
2017103336
2017103337
2017103339
2017103340
2017103341
2017103343
2017103345
2017103350
2017103351
2017103357
2017103358
2017103359
2017103361
2017103362
2017103363
2017103364
2017103366
2017103368
2017103370
2017103373
2017103376
2017103378
2017103381
2017103382
2017103383
2017103385
2017103387
2017103391
2017103394
2017103395
2017103398
2017103401
2017103402
2017103403
2017103404
2017103422
2017103423
2017103425
2017103429
2017103430
2017103432
2017103436
2017103437
2017103438
2017103439
2017103442
2017103448
2017103450
2017103454
2017103456
2017103461
2017103464
2017103467
2017103472
2017103473
2017103476
2017103482
2017103489
2017103491
2017103493
2017103498
2017103500
2017103501
2017103504
2017103505
2017103509
2017103510
2017103512
2017103513
2017103518
2017103524
2017103525
2017103526
2017103527
2017103529
2017103530
2017103538
2017103539
2017103548
2017103549
2017103554
2017103556
2017103558
2017103561
2017103564
2017103569
2017103570
2017103572
2017103583
2017103588
2017103590
2017103595
2017103603
2017103604
2017103605
2017103606
2017103607
2017103609
2017103613
2017103615
2017103617
2017103618
2017103619
2017103621
2017103622
2017103624
2017103632
2017103641
2017103647
2017103650
2017103653
2017103655
2017103656
2017103658
2017103660
2017103661
2017103663
2017103664
2017103665
2017103666
2017103667
2017103669
2017103670
2017103672
2017103673
2017103674
2017103677
2017103679
2017103680
2017103681
2017103683
2017103685
2017103688
2017103693
2017103694
2017103695
2017103697
2017103702
2017103703
2017103704
2017103708
2017103709
2017103710
2017103712
2017103714
2017103715
2017103718
2017103722
2017103723
2017103725
2017103733
2017103734
2017103736
2017103741
2017103748
2017103751
2017103755
2017103756
2017103759
2017103760
2017103761
2017103763
2017103764
2017103765
2017103766
2017103769
2017103772
2017103773
2017103774
2017103775
2017103776
2017103777
2017103779
2017103780
2017103781
2017103784
2017103785
2017103787
2017103789
2017103790
2017103791
2017103792
2017103793
2017103794
2017103798
2017103800
2017103802
2017103803
2017103804
2017103805
2017103807
2017103808
2017103810
2017103814
2017103818
2017103819
2017103823
2017103824
2017103825
2017103826
2017103827
2017103829
2017103831
2017103832
2017103833
2017103835
2017103839
2017103841
2017103842
2017103843
2017103844
2017103850
2017103852
2017103854
2017103855
2017103856
2017103857
2017103858
2017103859
2017103860
2017103863
2017103864
2017103868
2017103871
2017103872
2017103874
2017103875
2017103876
2017103878
2017103879
2017103881
2017103882
2017103883
2017103884
2017103885
2017103886
2017103888
2017103890
2017103893
2017103894
2017103895
2017103901
2017103903
2017103910
2017103912
2017103915
2017103917
2017103919
2017103920
2017103927
2017103933
2017103935
2017103936
2017103937
2017103938
2017103939
2017103942
2017103947
2017103949
2017103950
2017103952
2017103955
2017103957
2017103961
2017103963
2017103966
2017103971
2017103974
2017103978
2017103980
2017103981
2017103982
2017103984
2017103986
2017103987
2017103988
2017103989
2017103990
2017103991
2017103992
2017103996
2017103997
2017103998
2017104000
2017104004
2017104006
2017104007
2017104010
2017104012
2017104013
2017104018
2017104026
2017104033
2017104039
2017104041
2017104042
2017104044
2017104047
2017104050
2017104054
2017104055
2017104057
2017104058
2017104059
2017104061
2017104062
2017104065
2017104067
2017104068
2017104069
2017104070
2017104071
2017104074
2017104077
2017104080
2017104085
2017104086
2017104087
2017104089
2017104091
2017104093
2017104095
2017104096
2017104097
2017104098
2017104099
2017104101
2017104102
2017104104
2017104105
2017104106
2017104113
2017104117
2017104119
2017104120
2017104121
2017104122
2017104125
2017104128
2017104129
2017104131
2017104132
2017104133
2017104136
2017104137
2017104138
2017104139
2017104140
2017104141
2017104142
2017104144
2017104147
2017104148
2017104151
2017104153
2017104155
2017104157
2017104160
2017104163
2017104164
2017104165
2017104166
2017104167
2017104168
2017104169
2017104170
2017104172
2017104174
2017104175
2017104176
2017104177
2017104178
2017104181
2017104185
2017104186
2017104189
2017104190
2017104191
2017104192
2017104193
2017104194
2017104195
2017104198
2017104201
2017104204
2017104206
2017104207
2017104209
2017104211
2017104215
2017104218
2017104219
2017104220
2017104221
2017104224
2017104225
2017104227
2017104232
2017104233
2017104234
2017104236
2017104238
2017104239
2017104242
2017104243
2017104245
2017104246
2017104252
2017104253
2017104254
2017104255
2017104256
2017104257
2017104258
2017104259
2017104260
2017104261
2017104262
2017104263
2017104264
2017104265
2017104266
2017104267
2017104268
2017104270
2017104273
2017104279
2017104280
2017104281
2017104282
2017104284
2017104287
2017104288
2017104289
2017104292
2017104294
2017104296
2017104298
2017104300
2017104302
2017104303
2017104305
2017104309
2017104314
2017104315
2017104317
2017104326
2017104329
2017104330
2017104331
2017104336
2017104342
2017104344
2017104345
2017104349
2017104350
2017104359
2017104368
2017104369
2017104371
2017104372
2017104373
2017104375
2017104376
2017104377
2017104379
2017104381
2017104382
2017104383
2017104384
2017104385
2017104386
2017104388
2017104392
2017104397
2017104398
2017104400
2017104401
2017104402
2017104404
2017104405
2017104406
2017104407
2017104408
2017104410
2017104411
2017104413
2017104415
2017104417
2017104419
2017104420
2017104421
2017104422
2017104423
2017104425
2017104426
2017104428
2017104430
2017104431
2017104433
2017104434
2017104435
2017104437
2017104440
2017104441
2017104442
2017104443
2017104444
2017104445
2017104446
2017104450
2017104453
2017104454
2017104455
2017104456
2017104461
2017104469
2017104470
2017104472
2017104473
2017104475
2017104478
2017104480
2017104481
2017104483
2017104484
2017104487
2017104488
2017104495
2017104497
2017104502
2017104507
2017104512
2017104513
2017104526
2017104527
2017104528
2017104532
2017104535
2017104539
2017104541
2017104544
2017104545
2017104546
2017104548
2017104549
2017104550
2017104551
2017104553
2017104558
2017104559
2017104563
2017104564
2017104565
2017104568
2017104570
2017104572
2017104573
2017104574
2017104575
2017104578
2017104581
2017104585
2017104586
2017104589
2017104591
2017104592
2017104595
2017104598
2017104599
2017104601
2017104604
2017104605
2017104608
2017104609
2017104610
2017104611
2017104612
2017104614
2017104615
2017104616
2017104619
2017104620
2017104621
2017104622
2017104623
2017104625
2017104626
2017104627
2017104629
2017104630
2017104631
2017104632
2017104634
2017104635
2017104636
2017104640
2017104641
2017104642
2017104644
2017104645
2017104646
2017104649
2017104652
2017104653
2017104656
2017104659
2017104662
2017104665
2017104667
2017104670
2017104671
2017104673
2017104675
2017104677
2017104678
2017104679
2017104680
2017104683
2017104684
2017104685
2017104686
2017104687
2017104688
2017104690
2017104691
2017104694
2017104697
2017104698
2017104699
2017104700
2017104702
2017104703
2017104704
2017104705
2017104706
2017104707
2017104709
2017104710
2017104711
2017104712
2017104713
2017104714
2017104715
2017104716
2017104717
2017104718
2017104719
2017104721
2017104723
2017104725
2017104726
2017104727
2017104729
2017104731
2017104732
2017104733
2017104734
2017104735
2017104739
2017104740
2017104743
2017104744
2017104746
2017104747
2017104748
2017104750
2017104753
2017104755
2017104756
2017104760
2017104764
2017104766
2017104767
2017104770
2017104771
2017104774
2017104775
2017104776
2017104778
2017104780
2017104781
2017104782
2017104785
2017104787
2017104789
2017104791
2017104793
2017104795
2017104796
2017104797
2017104798
2017104799
2017104800
2017104801
2017104803
2017104804
2017104806
2017104808
2017104809
2017104810
2017104812
2017104814
2017104815
2017104818
2017104819
2017104820
2017104823
2017104824
2017104825
2017104829
2017104831
2017104833
2017104836
2017104841
2017104844
2017104846
2017104847
2017104849
2017104850
2017104851
2017104859
2017104863
2017104864
2017104865
2017104867
2017104869
2017104873
2017104879
2017104881
2017104882
2017104884
2017104885
2017104888
2017104889
2017104890
2017104891
2017104895
2017104898
2017104899
2017104900
2017104902
2017104903
2017104905
2017104906
2017104907
2017104908
2017104909
2017104911
2017104912
2017104914
2017104917
2017104924
2017104925
2017104926
2017104930
2017104934
2017104935
2017104936
2017104937
2017104938
2017104939
2017104940
2017104941
2017104944
2017104945
2017104946
2017104947
2017104948
2017104949
2017104950
2017104953
2017104954
2017104956
2017104959
2017104962
2017104963
2017104964
2017104966
2017104967
2017104970
2017104971
2017104973
2017104974
2017104975
2017104976
2017104977
2017104979
2017104981
2017104982
2017104985
2017104986
2017104987
2017104988
2017104989
2017104991
2017104993
2017104996
2017104997
2017104998
2017104999
2017105000
2017105001
2017105003
2017105004
2017105005
2017105011
2017105014
2017105017
2017105018
2017105019
2017105020
2017105021
2017105022
2017105023
2017105024
2017105025
2017105026
2017105027
2017105028
2017105029
2017105031
2017105033
2017105036
2017105037
2017105038
2017105039
2017105040
2017105041
2017105043
2017105044
2017105045
2017105047
2017105048
2017105050
2017105051
2017105054
2017105055
2017105057
2017105059
2017105060
2017105067
2017105072
2017105073
2017105074
2017105075
2017105076
2017105077
2017105078
2017105079
2017105080
2017105081
2017105083
2017105084
2017105086
2017105087
2017105088
2017105089
2017105090
2017105091
2017105092
2017105095
2017105096
2017105097
2017105100
2017105101
2017105102
2017105103
2017105105
2017105106
2017105107
2017105108
2017105109
2017105111
2017105114
2017105115
2017105116
2017105117
2017105118
2017105119
2017105123
2017105125
2017105126
2017105127
2017105132
2017105133
2017105135
2017105136
2017105137
2017105140
2017105141
2017105142
2017105143
2017105144
2017105150
2017105151
2017105152
2017105153
2017105155
2017105157
2017105160
2017105161
2017105162
2017105163
2017105164
2017105165
2017105170
2017105172
2017105173
2017105174
2017105177
2017105180
2017105181
2017105182
2017105183
2017105186
2017105187
2017105188
2017105190
2017105192
2017105193
2017105194
2017105196
2017105198
2017105201
2017105202
2017105204
2017105206
2017105207
2017105208
2017105210
2017105211
2017105215
2017105216
2017105219
2017105224
2017105226
2017105228
2017105229
2017105231
2017105232
2017105233
2017105234
2017105236
2017105238
2017105240
2017105241
2017105246
2017105248
2017105249
2017105250
2017105252
2017105253
2017105255
2017105257
2017105259
2017105260
2017105261
2017105262
2017105263
2017105267
2017105268
2017105269
2017105270
2017105271
2017105272
2017105273
2017105275
2017105276
2017105277
2017105278
2017105279
2017105280
2017105281
2017105282
2017105283
2017105286
2017105287
2017105289
2017105292
2017105293
2017105295
2017105297
2017105298
2017105300
2017105301
2017105302
2017105304
2017105307
2017105308
2017105309
2017105312
2017105313
2017105314
2017105315
2017105316
2017105317
2017105318
2017105319
2017105321
2017105323
2017105324
2017105326
2017105327
2017105328
2017105329
2017105331
2017105332
2017105334
2017105336
2017105337
2017105338
2017105339
2017105340
2017105342
2017105343
2017105344
2017105345
2017105346
2017105347
2017105348
2017105350
2017105351
2017105353
2017105354
2017105356
2017105358
2017105359
2017105360
2017105362
2017105363
2017105364
2017105365
2017105366
2017105367
2017105368
2017105370
2017105371
2017105372
2017105374
2017105375
2017105376
2017105377
2017105378
2017105379
2017105380
2017105383
2017105386
2017105387
2017105388
2017105390
2017105391
2017105393
2017105394
2017105395
2017105396
2017105397
2017105398
2017105400
2017105401
2017105402
2017105403
2017105404
2017105406
2017105407
2017105408
2017105409
2017105410
2017105412
2017105413
2017105414
2017105415
2017105416
2017105417
2017105419
2017105421
2017105422
2017105423
2017105424
2017105425
2017105426
2017105427
2017105429
2017105430
2017105431
2017105433
2017105434
2017105435
2017105436
2017105438
2017105439
2017105441
2017105443
2017105444
2017105446
2017105447
2017105448
2017105449
2017105451
2017105452
2017105453
2017105455
2017105457
2017105458
2017105459
2017105460
2017105463
2017105464
2017105465
2017105466
2017105470
2017105471
2017105472
2017105473
2017105474
2017105475
2017105476
2017105477
2017105478
2017105480
2017105482
2017105483
2017105484
2017105485
2017105490
2017105491
2017105493
2017105494
2017105495
2017105496
2017105497
2017105500
2017105501
2017105502
2017105504
2017105506
2017105508
2017105509
2017105511
2017105513
2017105514
2017105515
2017105516
2017105517
2017105518
2017105522
2017105525
2017105530
2017105532
2017105533
2017105535
2017105536
2017105537
2017105538
2017105539
2017105541
2017105542
2017105544
2017105545
2017105546
2017105548
2017105550
2017105553
2017105554
2017105558
2017105559
2017105560
2017105561
2017105563
2017105565
2017105566
2017105567
2017105568
2017105570
2017105571
2017105572
2017105574
2017105576
2017105577
2017105579
2017105581
2017105583
2017105584
2017105585
2017105587
2017105588
2017105589
2017105590
2017105591
2017105594
2017105599
2017105601
2017105602
2017105604
2017105607
2017105608
2017105610
2017105611
2017105612
2017105613
2017105615
2017105616
2017105617
2017105619
2017105620
2017105621
2017105622
2017105623
2017105624
2017105625
2017105626
2017105627
2017105628
2017105630
2017105631
2017105632
2017105634
2017105636
2017105637
2017105638
2017105640
2017105641
2017105642
2017105643
2017105644
2017105645
2017105647
2017105649
2017105650
2017105651
2017105652
2017105654
2017105655
2017105657
2017105659
2017105660
2017105661
2017105662
2017105663
2017105665
2017105666
2017105667
2017105669
2017105671
2017105672
2017105673
2017105674
2017105695
2017105703
2017105712
2017105714
2017105718
2017105720
2017105721
2017105722
2017105723
2017105726
2017105730
2017105736
2017105738
2017105743
2017105752
2017105753
2017105755
2017105761
2017105766
2017105767
2017105768
2017105773
2017105774
2017105776
2017105780
2017105781
2017105785
2017105789
2017105790
2017105792
2017105793
2017105794
2017105795
2017105797
2017105798
2017105800
2017105806
2017105807
2017105814
2017105817
2017105818
2017105819
2017105820
2017105821
2017105822
2017105824
2017105825
2017105827
2017105828
2017105829
2017105830
2017105832
2017105833
2017105834
2017105838
2017105844
2017105854
2017105863
2017105867
2017105868
2017105874
2017105881
2017105883
2017105889
2017105891
2017105892
2017105893
2017105897
2017105898
2017105899
2017105901
2017105902
2017105903
2017105905
2017105907
2017105915
2017105916
2017105918
2017105924
2017105925
2017105927
2017105929
2017105931
2017105933
2017105936
2017105937
2017105938
2017105940
2017105943
2017105944
2017105945
2017105953
2017105954
2017105955
2017105956
2017105958
2017105959
2017105960
2017105961
2017105962
2017105963
2017105965
2017105967
2017105968
2017105971
2017105972
2017105973
2017105974
2017105976
2017105977
2017105978
2017105980
2017105982
2017105984
2017105988
2017105990
2017105991
2017105992
2017105993
2017105994
2017105997
2017106002
2017106009
2017106012
2017106015
2017106017
2017106018
2017106019
2017106020
2017106021
2017106024
2017106027
2017106028
2017106029
2017106030
2017106031
2017106033
2017106034
2017106035
2017106038
2017106043
2017106045
2017106047
2017106048
2017106049
2017106053
2017106055
2017106056
2017106057
2017106059
2017106060
2017106061
2017106063
2017106068
2017106069
2017106071
2017106078
2017106079
2017106080
2017106081
2017106084
2017106086
2017106088
2017106089
2017106093
2017106096
2017106100
2017106103
2017106104
2017106105
2017106114
2017106115
2017106116
2017106117
2017106118
2017106120
2017106121
2017106125
2017106126
2017106128
2017106130
2017106131
2017106136
2017106137
2017106138
2017106145
2017106153
2017106160
2017106161
2017106162
2017106163
2017106166
2017106169
2017106170
2017106172
2017106185
2017106187
2017106195
2017106196
2017106198
2017106201
2017106203
2017106207
2017106208
2017106209
2017106214
2017106217
2017106220
2017106221
2017106226
2017106227
2017106230
2017106233
2017106237
2017106239
2017106240
2017106241
2017106243
2017106244
2017106246
2017106247
2017106248
2017106249
2017106255
2017106257
2017106259
2017106260
2017106261
2017106264
2017106270
2017106275
2017106276
2017106278
2017106279
2017106282
2017106283
2017106285
2017106287
2017106290
2017106291
2017106292
2017106294
2017106295
2017106296
2017106297
2017106302
2017106303
2017106304
2017106305
2017106309
2017106311
2017106313
2017106316
2017106317
2017106319
2017106320
2017106321
2017106325
2017106327
2017106330
2017106333
2017106334
2017106335
2017106336
2017106337
2017106338
2017106341
2017106343
2017106345
2017106347
2017106348
2017106350
2017106352
2017106355
2017106356
2017106357
2017106360
2017106361
2017106362
2017106365
2017106366
2017106367
2017106372
2017106374
2017106377
2017106379
2017106380
2017106385
2017106387
2017106389
2017106390
2017106392
2017106393
2017106394
2017106395
2017106398
2017106399
2017106400
2017106402
2017106403
2017106405
2017106406
2017106407
2017106408
2017106409
2017106414
2017106417
2017106418
2017106422
2017106424
2017106427
2017106432
2017106433
2017106434
2017106437
2017106441
2017106442
2017106444
2017106450
2017106451
2017106452
2017106453
2017106456
2017106459
2017106461
2017106463
2017106464
2017106468
2017106469
2017106470
2017106476
2017106478
2017106479
2017106483
2017106485
2017106489
2017106491
2017106492
2017106495
2017106497
2017106498
2017106499
2017106500
2017106502
2017106505
2017106512
2017106516
2017106521
2017106522
2017106527
2017106533
2017106535
2017106536
2017106537
2017106539
2017106540
2017106541
2017106542
2017106544
2017106547
2017106550
2017106551
2017106552
2017106553
2017106554
2017106555
2017106557
2017106558
2017106560
2017106562
2017106563
2017106564
2017106565
2017106566
2017106567
2017106568
2017106570
2017106571
2017106572
2017106573
2017106575
2017106581
2017106583
2017106584
2017106585
2017106586
2017106587
2017106590
2017106593
2017106595
2017106596
2017106598
2017106600
2017106601
2017106602
2017106605
2017106606
2017106609
2017106611
2017106612
2017106613
2017106619
2017106623
2017106626
2017106630
2017106631
2017106632
2017106637
2017106638
2017106640
2017106642
2017106643
2017106644
2017106649
2017106650
2017106651
2017106652
2017106653
2017106662
2017106664
2017106666
2017106673
2017106676
2017106679
2017106681
2017106688
2017106690
2017106693
2017106700
2017106704
2017106707
2017106709
2017106711
2017106716
2017106717
2017106720
2017106721
2017106722
2017106723
2017106729
2017106735
2017106736
2017106747
2017106748
2017106755
2017106762
2017106764
2017106768
2017106772
2017106776
2017106777
2017106778
2017106779
2017106780
2017106784
2017109002
2017109007
2017109008
2017109009
2017109010
2017109011
2017109012
2017109019
2017109021
2017109024
2017109026
2017109028
2017109029
2017109037
2017109043
2017109044
2017109047
2017109048
2017109054
2017109057
2017109062
2017109064
2017109067
2017109068
2017109070
2017109071
2017109072
2017109074
2017109075
2017109076
2017109077
2017109078
2017109079
2017109086
2017109090
2017109092
2017109094
2017109097
2017109098
2017109099
2017109100
2017109105
2017109110
2017109111
2017109113
2017109115
2017109116
2017109120
2017109122
2017109123
2017109124
2017109125
2017109126
2017109127
2017109129
2017109130
2017109131
2017109132
2017109133
2017109134
2017109139
2017109140
2017109141
2017109142
2017109144
2017109145
2017109146
2017109147
2017109148
2017109149
2017109151
2017109156
2017109159
2017109160
2017109161
2017110002
2017110004
2017110006
2017110007
2017110008
2017110013
2017110015
2017110016
2017110017
2017110019
2017110021
2017110022
2017110026
2017110027
2017110028
2017110029
2017110030
2017110031
2017110033
2017110034
2017110035
2017110038
2017110040
2017110041
2017110042
2017110043
2017110045
2017110046
2017110047
2017110048
2017110050
2017110052
2017110054
2017110055
2017110060
2017110061
2017110062
2017110064
2017110065
2017110066
2017110067
2017110068
2017110071
2017110072
2017110074
2017110075
2017110076
2017110079
2017110082
2017110083
2017110084
2017110085
2017110086
2017110088
2017110089
2017110090
2017110091
2017110092
2017110093
2017110098
2017110099
2017110103
2017110104
2017110105
2017110106
2017110107
2017110108
2017110110
2017110111
2017110112
2017110115
2017110117
2017110119
2017110120
2017110123
2017110125
2017110128
2017110130
2017110132
2017110134
2017110135
2017110136
2017110138
2017110140
2017110141
2017110144
2017110145
2017110146
2017110147
2017110148
2017110149
2017110150
2017110151
2017110152
2017110154
2017110156
2017110157
2017110158
2017110159
2017110160
2017110161
2017110166
2017110167
2017110169
2017110170
2017110171
2017110172
2017110173
2017110175
