tree
version=v4
num_class=1
num_tree_per_iteration=1
label_index=0
max_feature_idx=23
objective=binary sigmoid:1
feature_names=distance_m day_of_meeting round_of_year bracket_number horse_number age basis_weight horse_weight track_condition_encoded field_size horse_win_rate horse_avg_finish jockey_win_rate trainer_win_rate prev_finish days_since_last weight_change prev_3f_avg track_cond_x_prev_finish is_outer_bracket race_number is_late_race distance_match venue_encoded
feature_infos=[1000:2500] [1:12] [1:7] [1:8] [1:16] [2:12] [48:61] [336:640] [0:3] [5:16] [0:1] [0:15.666666666666666] [0:0.39285714285714285] [0:0.40000000000000002] [1:16] [5:2247] [-50:48] [34.100000000000001:64] [0:48] [0:1] [1:12] [0:1] none [0:9]
tree_sizes=1722 1772 1794 1791 1781 1793 1759 1788 1793 1774 1798 1800 1771 1783 1786 1795 1786 1792 1780 1781 1795 1783 1796 1802 1769 1793 1763 1787 1789 1787 1756 1783 1798 1739 1789 1748 1750 1772 1763 1796 1769 1800 1782 1804 1740 1777 1766 1722 1745 1773 1763 1761 1770 1779 1780 1744 1741 1762 1736 1735 1783 1809 1782 1794 1755 1758 1801 1808 1729 1775 1701 1789 1755 1802 1791 1762 1799 1809 1775 1761 1770 1792 1807 1761 1794 1796 1750 1779 1773 1799 1693 1748 1764 1722 1754 1754 1811 1756 1798 1782 1726 1727 1725 1699 1770 1635 1749 1774 1731 1775 1696 1755 1768 1758 1688 1676 1633 1603 1732 1705 1757 1736 1764 1801 1366 1789 1743 1698 1707 1747 1719 1654 1637 1711 1731 1800 1752 1749 1733 1808 1697 1210 1740 1259 1741 1753 1776 1781 1745 1720 1734 1690 1633 1776 1675 1738 1777 1719 1733 1767 1784 1578 1544 1548 1713 1693 1768 1783 1685 1706 1709 1721 1736 1520 1628 1406 1768 1764 1715 1788 1764 1625 1762 1400 1353 1742 1522 1579 1781 1703 1756 1187 1746 1508 1364 1387 1757 1792 1723 1299 1654 1673 1729 1751 1757 1647 1756 1703 1739 1742 1597 1761 1801 1794 1616 1410 1398 1388 1757 1764 1740 1726 1718 1740 1732 1740 1777 1505 1715 1719 1745 1776 1758 1748 1726 1699 1729 1722 1751 1736 1577 1746 1715 1730 1710 1738 1707 1623 1736 1747 1718 1793 1779 1780 1799 1233 1270 1505 1790 1041 1180 1095 1509 1773 1775 1761 1241 1781 1715 1727 1289 1706 1719 1736 1719 1750 1729 1728 1775 1692 1531 1565 1689 1460 1435 1528 1308 1798 1298 1321 1788 1606 1620 1464 1569 1778 1096 1750 1703 1728 1748 1778 1792 1802 1723 1362 1317 1368 1768 1404 1714 1739 1822 1619 1587 1778 1800 1624 1737 1743 1749 1725 1651 1764 1098 1766 1786 1751 1766 1428 1760 1765 1756 1727 1741 1766 1776 1773 1782 1727 1595 1627 1751 1728 1565 1704 1778 1755 1802 1772 1756 1771 1713 1752 1696 1686 1794 1194 1188 1094 1741 1719 1768 1772 1630 1552 1754 1778 1766 1732 1668 1739 1614 1736 1112 1763 1709 1757 1698 1632 1751 1772 1770 1737 1764 1747 1744 1760 1803 1748 1754 1776 1749 1291 1755 1519 1725 1804 1568 1604 1784 1752 1768 1717 1755 1680 1691 1528 1786 1625 1544 1609 1630 1690 1751 1720 1811 1405 1725 1742 1600 1789 1707 1717 1548 1583 1162 1788 1662 1452 1756 1144 1733 1124 1713 1703 1772 1281 1393 1459 1777 1760 1805 1544 1744 1779 1797 1623 1754 1762 1767 1581 1796 1720 1758 1804 1640 1472 1710 1795 1750 1762 1758 1781 1754 1699 1735 1597 1745 1795 1817 1711 1825 1774 1784 1679 1684 1739 1717 1674 904 908 1797 820 1139 1769 1738 1623 1196 1764 1652 1735 1820 1735 1759 1239 1234 1214 1174 977

Tree=0
num_leaves=15
num_cat=0
split_feature=14 11 14 14 11 14 7 14 11 11 17 5 7 10
split_gain=4822.22 624.291 531.581 612.497 495.15 406.86 194.655 180.471 139.828 77.8707 72.8775 53.192 40.865 13.7909
threshold=4.5000000000000009 4.3288288288288301 1.5000000000000002 2.5000000000000004 4.802777777777778 6.5000000000000009 451.00000000000006 1.5000000000000002 5.7470930232558155 7.0086206896551735 37.667156862745109 5.5000000000000009 495.00000000000006 0.26201372997711675
decision_type=8 10 10 10 8 10 10 10 10 8 10 2 10 10
left_child=1 2 10 -4 11 6 -6 13 -9 -7 -1 12 -2 -3
right_child=4 7 3 -5 5 9 -8 8 -10 -11 -12 -13 -14 -15
leaf_value=-2.565751983046904 -2.5882410161414824 -2.6068288154525869 -2.5126397632373569 -2.5585069100872961 -2.6150812024182231 -2.6106127201385863 -2.5979873036864971 -2.5640603179219537 -2.586232943831543 -2.6195962216214692 -2.5894082217421341 -2.6064897455461584 -2.5714845262682933 -2.5922294827300649
leaf_weight=236.71721718460321 451.03441409021616 180.49122968316078 443.73988299071789 721.06117151677608 811.69410659372807 1443.4134104847908 2347.6770533323288 567.68235830962658 521.26848343759775 2918.3934201523662 276.0947744473815 83.209297232329845 216.89933180809021 64.359712444245815
leaf_count=3667 6987 2796 6874 11170 12574 22360 36368 8794 8075 45209 4277 1289 3360 997
internal_value=-2.59655 -2.56409 -2.55187 -2.54062 -2.6084 -2.61073 -2.60245 -2.57969 -2.57444 -2.61668 -2.57801 -2.58534 -2.58243 -2.60238
internal_weight=11283.7 3011.41 1677.61 1164.8 8272.32 7521.18 3159.37 1333.8 1088.95 4361.81 512.812 751.143 667.934 244.851
internal_count=174797 46650 25988 18044 128147 116511 48942 20662 16869 67569 7944 11636 10347 3793
is_linear=0
shrinkage=1


Tree=1
num_leaves=15
num_cat=0
split_feature=12 11 11 12 12 10 11 11 11 20 11 12 11 11
split_gain=2373.45 1246.47 559.465 352.728 252.402 153.585 132.053 119.561 103.735 82.0018 53.0929 50.2286 28.3708 19.7957
threshold=0.091058353851375756 4.802777777777778 4.8360215053763449 0.16587108093328476 0.058714347463205425 0.072077922077922088 6.1012820512820518 3.8360215053763445 5.7161172161172171 8.5000000000000018 1.0000000180025095e-35 0.15940958605664493 6.2474489795918382 3.5732142857142866
decision_type=10 8 10 10 10 8 10 10 8 2 10 8 10 10
left_child=1 7 3 5 8 -2 -6 10 -3 -9 -1 12 -4 -5
right_child=2 4 11 13 6 -7 -8 9 -10 -11 -12 -13 -14 -15
leaf_value=-0.0027123300123247183 0.059306803268252217 -0.0021193893154307472 0.0070124532952444392 0.077413027017194741 -0.00016944692478006659 0.026276039219353044 -0.014168369889665191 0.020691758421050793 -0.017408973876084199 0 0.03265161887362078 0.025932602980070853 -0.0055709295618698532 0.040931668738626373
leaf_weight=31.932377621531487 151.28175804764032 466.47372178733349 337.68131566792727 181.3205309137702 1964.807766109705 1258.320484355092 887.01175726950169 379.67024691402912 4332.4404638260603 317.83544739335775 545.60058569908142 79.249326169490814 292.69301901757717 57.830280244350433
leaf_count=490 2261 7217 5224 2746 30475 19263 13896 5759 67738 4850 8204 1225 4576 873
internal_value=-6.86174e-05 -0.0071565 0.0266519 0.0362261 -0.011747 0.0301241 -0.00459327 0.0202093 -0.0159577 0.0113748 0.0304323 0.00409924 0.000935842 0.0702246
internal_weight=11284.1 8925.77 2358.38 1648.75 7650.73 1409.6 2851.82 1275.04 4798.91 697.506 577.533 709.624 630.374 239.151
internal_count=174797 138629 36168 25143 119326 21524 44371 19303 74955 10609 8694 11025 9800 3619
is_linear=0
shrinkage=0.03


Tree=2
num_leaves=15
num_cat=0
split_feature=14 12 12 14 14 14 14 14 14 12 12 10 10 10
split_gain=4325.83 787.968 483.543 273.437 336.513 220.337 195.335 275.31 171.589 101.524 88.3054 79.5671 39.9528 36.8087
threshold=4.5000000000000009 0.089159953521655663 0.083344720779812351 1.5000000000000002 2.5000000000000004 8.5000000000000018 1.5000000000000002 2.5000000000000004 6.5000000000000009 0.053032005447735793 0.14569948784772338 0.34057971014492755 0.19722222222222227 0.36602870813397131
decision_type=8 10 10 10 10 10 10 10 10 8 10 8 10 10
left_child=2 5 3 13 -5 9 11 -8 10 -2 -3 -4 -7 -1
right_child=1 8 6 4 -6 12 7 -9 -10 -11 -12 -13 -14 -15
leaf_value=-0.002576447147410827 -0.015974297153732806 0.011700858567699217 0.0063716945098078633 0.047871300817668078 0.01673173645262159 -0.023535326224998539 0.074486268463278396 0.038030467468796632 -0.0024069869065693646 -0.0059976383629690997 0.035892253802994677 0.038558452560710096 -0.011505888946322722 0.022157933078310505
leaf_weight=414.74479919672012 1912.8068209849298 570.95888912677765 154.29363871365786 470.68247509747744 1013.9584191888571 2558.5991813801229 335.33764192461967 533.78140546381474 663.09932126104832 1906.4601874276996 193.91510278731585 148.30832500010729 349.25738802924752 56.882083252072334
leaf_count=6360 30224 8699 2327 6935 15339 40776 4774 7865 10264 29799 2895 2198 5490 852
internal_value=-6.76227e-05 -0.0115857 0.0298843 0.0205276 0.0268323 -0.0158882 0.0452247 0.0526136 0.00856305 -0.0110478 0.0182221 0.0230047 -0.0221642 0.000293162
internal_weight=11283.1 8155.1 3127.99 1956.27 1484.64 6727.12 1171.72 869.119 1427.97 3819.27 764.874 302.602 2907.86 471.627
internal_count=174797 128147 46650 29486 22274 106289 17164 12639 21858 60023 11594 4525 46266 7212
is_linear=0
shrinkage=0.03


Tree=3
num_leaves=15
num_cat=0
split_feature=12 11 11 12 12 11 11 11 13 15 15 12 11 11
split_gain=2043.96 1129.71 478.988 283.626 220.305 175.198 131.18 105.07 71.6619 60.3545 59.7797 44.7566 28.0448 11.1853
threshold=0.089159953521655663 5.2529069767441863 4.8360215053763449 0.16587108093328476 0.058714347463205425 3.8360215053763445 3.2529069767441867 6.1012820512820518 0.072003236245954713 70.500000000000014 70.500000000000014 0.12808140361765127 6.3086080586080593 3.8038461538461541
decision_type=10 8 10 10 10 10 8 10 8 10 10 10 10 10
left_child=1 5 3 6 8 9 -2 -6 -3 -1 -7 12 -4 -5
right_child=2 4 11 13 7 10 -8 -9 -10 -11 -12 -13 -14 -15
leaf_value=0.034106396421226412 0.048983981218174974 -0.019100651243229474 0.0046338060525421181 0.06595660170380456 -0.00078848249865052567 0.011468854560814003 0.022767237090210387 -0.01378443914021554 -0.010669025702509931 0.010588318390053777 -0.0044481843486959948 0.014139891828875123 -0.0090494242463189239 0.033249578034897399
leaf_weight=428.89973063766956 214.94134132564068 2982.678411103785 282.91031017154455 213.1063112989068 1705.3535614944994 858.09898075833917 1315.195299461484 849.53499467670918 1486.3928202353418 161.45180057734251 262.92489436268806 230.95003903657198 240.21128442510962 49.043715611100197
leaf_count=6192 3032 47883 4296 2923 26548 12973 19276 13580 23753 2376 4042 3476 3751 696
internal_value=-6.85153e-05 -0.00697776 0.0235422 0.0319722 -0.0123142 0.0148092 0.0266952 -0.00518689 -0.0163449 0.0280695 0.00759929 0.00322948 -0.00139154 0.061136
internal_weight=11281.7 8735.34 2546.36 1792.29 7023.96 1711.38 1530.14 2554.89 4469.07 590.352 1121.02 754.072 523.122 262.15
internal_count=174797 137347 37450 25927 111764 25583 22308 40128 71636 8568 17015 11523 8047 3619
is_linear=0
shrinkage=0.03


Tree=4
num_leaves=15
num_cat=0
split_feature=14 14 11 14 14 11 14 11 14 11 11 11 11 10
split_gain=3893.27 440.575 417.996 386.996 376.418 246.711 149.132 115.933 103.6 83.8843 46.7209 43.1587 17.5113 12.5315
threshold=4.5000000000000009 8.5000000000000018 4.3288288288288301 1.5000000000000002 2.5000000000000004 4.5064102564102573 1.5000000000000002 6.5797962648556885 2.5000000000000004 6.011111111111112 2.0294117647058827 4.6708333333333343 1.5277777777777779 0.26201372997711675
decision_type=8 10 10 10 10 8 10 8 10 10 8 10 10 10
left_child=2 5 3 10 -5 12 13 11 -8 -7 -1 -3 -2 -4
right_child=1 7 6 4 -6 9 8 -9 -10 -11 -12 -13 -14 -15
leaf_value=0.040534590901298066 -0.00025228806780937946 0.0018042639227803833 -0.010086344526639287 0.065948166282010709 0.032078049191213341 -0.0053460323134030402 0.033759240603679415 -0.023425107931634784 0.01322238000277561 -0.015588281236749071 0.011484527429513143 -0.013679036596822966 0.017437127044520401 0.0036865369571265922
leaf_weight=58.82607189565897 38.390314176678658 184.39598756283522 178.56144931167364 522.95492293685675 784.76367980241776 3393.1980969682336 334.66075154393911 2325.8215107358992 805.20930236577988 947.86864911019802 487.44907259196043 744.31292651221156 407.79535443335772 65.382510609924793
leaf_count=825 576 2778 2796 6874 11170 53326 4835 38193 12034 15330 7119 11935 6009 997
internal_value=-6.72876e-05 -0.0112643 0.0276711 0.0370332 0.0459365 -0.00542197 0.0149319 -0.0197906 0.019504 -0.00763229 0.0152242 -0.010451 0.0155967 -0.00579245
internal_weight=11279.6 8041.78 3237.81 1853.99 1307.72 4787.25 1383.81 3254.53 1139.87 4341.07 546.275 928.709 446.186 243.944
internal_count=174797 128147 46650 25988 18044 75241 20662 52906 16869 68656 7944 14713 6585 3793
is_linear=0
shrinkage=0.03


Tree=5
num_leaves=15
num_cat=0
split_feature=14 12 12 14 14 14 14 5 14 12 12 10 10 12
split_gain=3752.53 689.411 374.272 199.805 180.223 173.469 237.051 169.467 147.026 99.7795 84.1544 51.2102 51.0849 26.1405
threshold=4.5000000000000009 0.089159953521655663 0.077476597501390562 7.5000000000000009 1.5000000000000002 1.5000000000000002 2.5000000000000004 4.5000000000000009 7.5000000000000009 0.053416992596633205 0.12808140361765127 0.13714733542319751 0.35504201680672276 0.1335014694869068
decision_type=8 10 10 10 10 10 10 2 10 8 10 10 8 10
left_child=2 3 5 9 12 -1 -7 -6 10 -2 -3 -5 -4 -10
right_child=1 8 4 11 7 6 -8 -9 13 -11 -12 -13 -14 -15
leaf_value=0.00023741234532872739 -0.015302106695464649 0.0072924491261444381 0.0063698878283394286 -0.022601908835415969 0.050171793526344918 0.040206744287050435 0.013523561988723069 0.019906367184312632 -0.0086799813186396926 -0.0045224754543958358 0.026701668418442816 -0.012591568726214865 0.030117621768524155 0.0059802071656997573
leaf_weight=425.01480958610773 1587.3236902318895 577.5320392139256 188.03335159271955 2621.9199115261436 887.75547493994236 460.16073029488325 947.98270758241415 238.57252998650074 408.53334728628397 1613.2537346147001 337.02328615635633 678.92703181505203 179.0340767800808 132.47378443554044
leaf_count=6444 25830 8645 2759 43812 11755 6227 13912 3252 6399 25483 4837 11004 2487 2013
internal_value=-4.58284e-06 -0.011204 0.0267156 -0.0153878 0.0379486 0.0174046 0.0224608 0.04401 0.00736931 -0.00993095 0.0147144 -0.0206105 0.0186049 -0.0047936
internal_weight=11283.5 7956.99 3326.55 6501.42 1493.4 1833.16 1408.14 1126.33 1455.56 3200.58 914.555 3300.85 367.067 541.007
internal_count=174859 128023 46836 106129 20253 26583 20139 15007 21894 51313 13482 54816 5246 8412
is_linear=0
shrinkage=0.03


Tree=6
num_leaves=15
num_cat=0
split_feature=14 12 11 14 14 11 14 11 14 7 14 12 14 14
split_gain=3488.11 660.258 390.127 310.62 248.61 235.665 142.831 138.869 99.7314 97.406 86.4216 63.8225 43.3884 22.6688
threshold=4.5000000000000009 0.089159953521655663 4.4316770186335415 1.5000000000000002 2.5000000000000004 4.8360215053763449 7.5000000000000009 4.802777777777778 1.5000000000000002 465.00000000000006 2.5000000000000004 0.14230891954248689 8.5000000000000018 5.5000000000000009
decision_type=8 10 10 10 10 8 10 10 10 10 10 10 8 10
left_child=2 5 3 11 -5 12 -7 9 -4 -3 -10 -1 -2 -9
right_child=1 7 8 4 -6 6 -8 13 10 -11 -12 -13 -14 -15
leaf_value=0.0094677508859680824 0.010066221700809834 0 -0.0049355883565985791 0.056212473538066597 0.030081904328585311 -0.011899461842708162 -0.021478110792100866 0.0083190465442407723 0.029165153097927006 0.020126175113711991 0.010480653814818134 0.037985968932601755 -0.0074503784600115953 -0.0083443163618293053
leaf_weight=484.98344758152962 348.47133971378207 298.12297470867634 226.34150291979313 601.29483417421579 868.68095178157091 2854.3908412382007 3027.182601775974 75.790410671383142 339.0327091217041 665.99873757362366 793.95351983606815 86.461061403155327 185.47769222781062 424.60443795472383
leaf_count=7001 5239 4372 3538 7245 11752 46519 51496 1148 4611 9649 11538 1151 2875 6725
internal_value=-6.55366e-06 -0.0109785 0.0253519 0.0336815 0.0410267 -0.015133 -0.016869 0.00710826 0.012655 0.013784 0.0163072 0.0143349 0.0036905 -0.00546633
internal_weight=11280.8 7880.04 3400.75 2041.42 1469.98 6415.52 5881.57 1464.52 1359.33 964.122 1132.99 571.445 533.949 500.395
internal_count=174859 128023 46836 27149 18997 106129 98015 21894 19687 14021 16149 8152 8114 7873
is_linear=0
shrinkage=0.03


Tree=7
num_leaves=15
num_cat=0
split_feature=14 14 11 14 14 7 11 11 14 11 11 17 11 7
split_gain=3245.45 407.131 348.606 240.397 216.176 197.244 149.636 135.265 120.67 108.754 52.4014 51.1086 29.0895 11.4215
threshold=4.5000000000000009 7.5000000000000009 3.8360215053763445 1.5000000000000002 3.5000000000000004 451.00000000000006 6.6267857142857158 4.5064102564102573 1.5000000000000002 5.7470930232558155 4.3288288288288301 37.139508290451694 5.9888888888888898 477.00000000000006
decision_type=8 10 10 10 10 10 8 8 10 10 10 10 8 10
left_child=2 5 3 11 -5 12 10 -7 -4 -10 -3 -1 -2 -8
right_child=1 6 8 4 -6 7 13 -9 9 -11 -12 -13 -14 -15
leaf_value=0.031659038189071259 -0.00060899234594692468 0.006529818877312926 -0.002139260568799259 0.048437594553650654 0.018920974565159735 0.01708954402870147 -0.024438596409045048 -0.0027534990841302748 0.024806490002872293 0.0073310880277976621 -0.011364115215559578 0.0087048559071581568 -0.01834373582897229 -0.018910565694708417
leaf_weight=128.25525514036417 112.82572252675891 157.36432605981827 310.13409703969955 909.72559765726328 332.93266412615776 341.65973062440753 1406.4326749257743 2818.8369292393327 862.47530563920736 563.53765601664782 1022.2153678424656 365.12930782884359 806.92711383476853 1138.7902657017112
leaf_count=1756 1728 2346 4777 11065 4416 4915 24356 44926 11497 8168 16894 5157 13226 19632
internal_value=-8.72203e-06 -0.0107558 0.0240869 0.0336533 0.0407573 -0.00415316 -0.0179329 -0.000537412 0.0143657 0.0180551 -0.00883282 0.0152305 -0.0163455 -0.022066
internal_weight=11277.2 7805.05 3472.19 1736.04 1242.66 4080.25 3724.8 3160.5 1736.15 1426.01 1179.58 493.385 919.753 2545.22
internal_count=174859 128023 46836 22394 15481 64795 63228 49841 24442 19665 19240 6913 14954 43988
is_linear=0
shrinkage=0.03


Tree=8
num_leaves=15
num_cat=0
split_feature=12 11 11 12 12 11 20 17 11 11 12 12 11 11
split_gain=1578.46 875.441 305.072 210.76 182.8 114.988 88.8398 73.9345 72.8563 67.2085 42.9424 36.1206 20.2568 14.8964
threshold=0.086785780927839049 5.0119047619047628 5.2025641025641036 0.1335014694869068 0.053416992596633205 6.8588039867109645 4.5000000000000009 39.050862068965522 3.8360215053763445 6.6030303030303044 0.17289439897287759 0.12808140361765127 7.2886904761904772 4.6708333333333343
decision_type=10 8 10 10 8 10 2 8 10 8 10 10 10 10
left_child=1 6 3 7 9 -6 13 -2 -8 -3 -5 12 -4 -1
right_child=2 4 11 10 5 -7 8 -9 -10 -11 -12 -13 -14 -15
leaf_value=0.031605607430930834 0.022443801502457669 -0.0070895561669010376 0.00048830854409471559 0.030641952065823933 -0.0029080217845981536 -0.016992725085982801 0.018337070743568173 0.0072186272835564917 0.0033902128010102508 -0.017882306839216249 0.048150006149474678 0.012213780947317805 -0.012946794876700496 0.010406018624091264
leaf_weight=250.56811677664518 876.62908621504903 703.41168624907732 350.52291495725513 543.39064776152372 2537.1415827013552 666.89847530797124 516.49797771126032 486.21944284439087 749.78977664932609 2932.2140857130289 271.93738552927971 194.26332277804613 126.98178525641561 67.416672185063362
leaf_count=3280 11674 11447 5378 7093 40456 11394 6874 7053 11055 49957 3298 2846 2072 982
internal_value=-1.18737e-05 -0.00655526 0.0192543 0.0246986 -0.0112214 -0.00590831 0.0134669 0.0171679 0.00965292 -0.015848 0.0369222 0.00132781 -0.00287072 0.0278061
internal_weight=11273.9 8423.94 2849.94 2178.18 6839.67 3204.04 1584.27 1362.85 1266.29 3635.63 815.328 671.768 477.505 317.985
internal_count=174859 135445 39414 29118 113254 51850 22191 18727 17929 61404 10391 10296 7450 4262
is_linear=0
shrinkage=0.03


Tree=9
num_leaves=15
num_cat=0
split_feature=14 12 12 14 14 14 14 14 14 12 7 10 10 12
split_gain=2935.48 594.932 264.987 185.161 130.12 170.468 121.933 118.946 117.103 92.5565 74.0531 50.4242 40.1719 22.7583
threshold=4.5000000000000009 0.089159953521655663 0.077476597501390562 7.5000000000000009 1.5000000000000002 2.5000000000000004 7.5000000000000009 1.5000000000000002 2.5000000000000004 0.053416992596633205 451.00000000000006 0.13714733542319751 0.35504201680672276 0.1335014694869068
decision_type=8 10 10 10 10 10 10 10 10 8 10 10 8 10
left_child=2 3 4 9 -1 -6 10 12 -9 -2 -3 -5 -4 -8
right_child=1 6 7 11 5 -7 13 8 -10 -11 -12 -13 -14 -15
leaf_value=0 -0.014541861004303864 -0.0054710471491977242 0.0050371367448035359 -0.021807976746066875 0.033102848654547282 0.011312439241223502 -0.008336610195517952 0.047686117888004066 0.02760524822725979 -0.0040140512589834148 0.016696372543995124 -0.011668972100903239 0.025622231464658272 0.0052228546432173759
leaf_weight=430.16206704080105 1526.2311123609543 149.27080798894167 194.36012479290366 2453.7013796567917 507.71600447595119 992.95711134374142 403.06110831722617 506.66327653825283 744.20496530085802 1586.225768122822 797.13503373786807 651.07747475802898 192.46322624385357 135.03506500273943
leaf_count=6444 25830 2197 2759 43812 6227 13912 6399 5629 9378 25483 11285 11004 2487 2013
internal_value=-1.11364e-05 -0.0104455 0.0224499 -0.0145252 0.0147123 0.0188698 0.00653122 0.0314087 0.0360159 -0.00923965 0.013032 -0.0197522 0.0158583 -0.00464092
internal_weight=11270.3 7701.74 3568.53 6217.24 1930.84 1500.67 1484.5 1637.69 1250.87 3112.46 946.406 3104.78 386.823 538.096
internal_count=174859 128023 46836 106129 26583 20139 21894 20253 15007 51313 13482 54816 5246 8412
is_linear=0
shrinkage=0.03


Tree=10
num_leaves=15
num_cat=0
split_feature=14 12 12 14 14 14 14 5 13 7 12 12 13 13
split_gain=2625.06 602.301 248.424 176.507 154.834 190.447 145.533 131.64 101.725 74.9905 68.993 38.5822 30.6795 25.0679
threshold=4.5000000000000009 0.090204181430472499 0.092313113243345818 8.5000000000000018 1.5000000000000002 2.5000000000000004 6.5000000000000009 4.5000000000000009 0.073795651649750979 451.00000000000006 0.17289439897287759 0.13726305830152363 0.073516338757670177 0.071151858599744489
decision_type=8 10 10 10 10 10 10 2 8 10 10 10 8 10
left_child=2 3 4 8 13 -6 9 10 -2 -3 -4 -8 -5 -1
right_child=1 6 7 12 5 -7 11 -9 -10 -11 -12 -13 -14 -15
leaf_value=-0.007040939806841489 -0.013901283718989119 -0.0039861280907085806 0.032339682108365471 -0.02290925298772711 0.032556252712679361 0.011833939415465398 -0.0075267399257592134 0.010759892986903745 -0.0034312883975421179 0.019724780081345372 0.056044567881948379 0.0087920556878084439 -0.015145339792597516 0.006104067676596733
leaf_weight=218.40628848969936 2164.5479095615447 131.70398341864347 855.95119522511959 1651.0227377489209 631.02997370064259 1203.2420086488128 490.24232684075832 243.00106160342693 1436.8485395349562 676.26446276903152 164.65802505612373 165.68503840640187 917.07983836531639 304.68668664619327
leaf_count=3274 36538 1939 10186 30034 7459 16504 7730 3010 23700 9365 1771 2424 16331 4480
internal_value=-6.23689e-05 -0.0100537 0.0209439 -0.0141648 0.0150156 0.0191135 0.00715911 0.0317826 -0.00977621 0.0156745 0.0365649 -0.00314238 -0.0202298 0.000316911
internal_weight=11254.4 7633.39 3620.98 6169.5 2357.36 1834.27 1463.9 1263.61 3601.4 807.968 1020.61 655.927 2568.1 523.093
internal_count=174745 128061 46684 106603 31717 23963 21458 14967 60238 11304 11957 10154 46365 7754
is_linear=0
shrinkage=0.03


Tree=11
num_leaves=15
num_cat=0
split_feature=14 12 12 14 14 14 14 5 13 12 12 10 12 13
split_gain=2450.79 575.444 221.365 172.848 141.634 169.857 134.551 115.595 98.0582 70.7104 58.1187 40.7896 36.4458 23.6249
threshold=4.5000000000000009 0.090204181430472499 0.092313113243345818 8.5000000000000018 1.5000000000000002 2.5000000000000004 6.5000000000000009 4.5000000000000009 0.07439499996782202 0.12808140361765127 0.17289439897287759 0.19722222222222227 0.13726305830152363 0.071151858599744489
decision_type=8 10 10 10 10 10 10 2 8 10 10 10 10 10
left_child=2 3 4 8 13 -6 9 10 -2 -3 -4 -5 -8 -1
right_child=1 6 7 11 5 -7 12 -9 -10 -11 -12 -13 -14 -15
leaf_value=-0.006875444263004191 -0.013583035554546003 0.0073741574398400733 0.030556833577482231 -0.021490284778993105 0.030760206274331698 0.011365569277149849 -0.0073510934904734678 0.010352389836151702 -0.0032308356518012411 0.026082984638027364 0.052104089050349592 -0.0088947899271508563 0.0084732943183504911 0.0058932039942579126
leaf_weight=217.09406429156661 2167.7188674435019 498.15315517783165 878.6477592214942 2205.0911916941404 647.86423623561859 1215.2608671784401 487.06575347110629 245.15267397463322 1403.2592065297067 320.68166723102331 172.05667195469141 317.74507324025035 166.92924570292234 306.27523419633508
leaf_count=3274 37025 7086 10186 40867 7459 16504 7730 3010 23213 4218 1771 5498 2424 4480
internal_value=-6.29466e-05 -0.00984377 0.0199805 -0.0139172 0.0143879 0.0182542 0.0068984 0.0300698 -0.00956716 0.014997 0.0344574 -0.019984 -0.00305073 0.000297922
internal_weight=11249 7566.64 3682.35 6093.81 2386.49 1863.13 1472.83 1295.86 3570.98 818.835 1050.7 2522.84 653.995 523.369
internal_count=174745 128061 46684 106603 31717 23963 21458 14967 60238 11304 11957 46365 10154 7754
is_linear=0
shrinkage=0.03


Tree=12
num_leaves=15
num_cat=0
split_feature=12 11 11 12 12 15 11 11 11 5 11 12 15 11
split_gain=1243.13 712.226 265.826 183.616 149.304 94.4758 90.8048 78.6386 59.7137 47.8209 45.6017 37.0549 22.3394 19.974
threshold=0.090204181430472499 5.2529069767441863 4.802777777777778 0.054836487487793288 0.1335014694869068 70.500000000000014 6.011111111111112 3.3397435897435903 3.2124060150375944 5.5000000000000009 7.5508620689655181 0.15820103738221869 62.500000000000007 3.8360215053763445
decision_type=10 8 10 8 10 10 10 10 8 2 10 10 10 10
left_child=1 5 4 10 8 7 -5 -1 -2 -6 -3 12 -4 -7
right_child=2 3 11 6 9 13 -8 -9 -10 -11 -12 -13 -14 -15
leaf_value=0.028043107317369059 0.033059965650460946 -0.013260456976767842 0.0025576602684926116 -0.0012105950785813704 0.034213880365293263 0.0059856956744110956 -0.012402825012210138 0.010269544767278793 0.012705743539059232 0 -0.022216357591614302 0.017877353868955781 -0.0096462483865522326 -0.0066385059354488202
leaf_weight=302.1951297968626 161.55086083710194 2823.9440435729921 498.16539592668414 2002.8160994127393 800.5182129740715 179.88890428468585 989.84829677268863 1107.2134350314736 1053.9052979871631 40.093918241560459 728.67581385374069 108.48313813656569 177.33475562557578 268.0987314581871
leaf_count=3712 1832 49235 7248 32136 9217 2418 17274 15493 13813 488 13508 1440 2771 4160
internal_value=-6.21653e-05 -0.00587581 0.0170657 -0.0105388 0.0227289 0.0104598 -0.00497707 0.0142721 0.0156584 0.0326219 -0.0151682 0.00197325 -0.000473064 -0.00122802
internal_weight=11242.7 8402.68 2840.05 6545.28 2056.07 1857.4 2992.66 1409.41 1215.46 840.612 3552.62 783.983 675.5 447.988
internal_count=174745 137936 36809 112153 25350 25783 49410 19205 15645 9705 62743 11459 10019 6578
is_linear=0
shrinkage=0.03


Tree=13
num_leaves=15
num_cat=0
split_feature=14 12 11 11 14 14 14 14 14 5 12 11 12 14
split_gain=2225.99 521.17 224.36 172.63 131.213 129.105 122.818 106.081 186.623 105.684 61.0845 59.1231 37.4095 19.3652
threshold=4.5000000000000009 0.086785780927839049 3.2529069767441867 4.5064102564102573 6.5000000000000009 1.5000000000000002 7.5000000000000009 1.5000000000000002 3.5000000000000004 4.5000000000000009 0.12808140361765127 4.8360215053763449 0.096821696601051374 8.5000000000000018
decision_type=8 10 10 8 10 10 10 10 10 2 10 8 10 8
left_child=2 3 7 13 10 -4 -5 12 -9 -7 -3 -6 -1 -2
right_child=1 4 5 6 11 9 -8 8 -10 -11 -12 -13 -14 -15
leaf_value=0.0058345122687413565 0.010111704265838758 0.0066188503460987329 -0.0026010243105030716 -0.010413442676132735 0.011986444418382244 0.020380266003231014 -0.019611485817751493 0.039825044305657191 0.010863972722852966 0.0037472878260973331 0.023410895145931015 -0.0085569265069803443 0.024570333374969718 -0.0034662779326003939
leaf_weight=257.3058305606246 261.34339518472552 556.74398576840758 404.01057711243629 2732.5319300107658 152.84858360141516 1294.3455791994929 2750.5384357906878 829.06413749605417 290.31087826192379 503.34703515470028 335.26979572325945 561.19852355495095 186.36848206073046 122.73871512338519
leaf_count=3618 3821 7890 5937 47082 2115 15956 51971 8907 3593 6521 4218 9035 2152 1929
internal_value=-6.10421e-05 -0.00954983 0.0187226 -0.0136997 0.00551267 0.0123814 -0.0150686 0.027491 0.0325291 0.0158296 0.0131928 -0.00389804 0.014225 0.00539837
internal_weight=11238 7473.21 3764.75 5867.15 1606.06 2201.7 5483.07 1563.05 1119.38 1797.69 892.014 714.047 443.674 384.082
internal_count=174745 128061 46684 104803 23258 28414 99053 18270 12500 22477 12108 11150 5770 5750
is_linear=0
shrinkage=0.03


Tree=14
num_leaves=15
num_cat=0
split_feature=14 12 11 14 14 11 14 14 7 11 10 15 12 14
split_gain=2080.9 499.462 202.521 188.51 173.231 161.235 129.213 111.524 62.3019 62.0441 46.5511 29.5992 22.0572 18.1131
threshold=4.5000000000000009 0.08395868349519453 5.2025641025641036 1.5000000000000002 2.5000000000000004 4.6708333333333343 6.5000000000000009 7.5000000000000009 451.00000000000006 4.8360215053763449 0.35147058823529415 63.500000000000007 0.056775375162471949 8.5000000000000018
decision_type=8 10 10 10 10 8 10 10 10 8 8 10 10 8
left_child=2 5 3 10 -5 13 8 -7 -3 -8 -1 12 -4 -2
right_child=1 6 11 4 -6 7 9 -9 -10 -11 -12 -13 -14 -15
leaf_value=0.00019465377887113256 0.0078533792325372141 -0.0043375608431799216 0.0015081511179508805 0.036864806544060151 0.018930257492482162 -0.010553157990346874 0.011578644120913384 -0.01952933329901841 0.015599380357465224 -0.0088255058652188644 0.015844458899055485 -0.0072698613195044497 0.011940264979000753 -0.0045404989262290037
leaf_weight=361.2884186245501 297.96329849585891 155.56843728199601 348.43871017545462 875.97270461171865 1264.528710976243 2623.3592726662755 162.40641428530216 2630.4309724755585 794.82618406787515 602.20477842539549 358.1217525601387 121.54274772107601 491.12385120987892 143.04939622059464
leaf_count=4972 4373 2257 4983 8726 15110 45716 2238 50686 10645 9868 4623 1737 6533 2278
internal_value=-5.94317e-05 -0.00934466 0.0178962 0.0219149 0.0264085 -0.013623 0.0047731 -0.0150901 0.0121733 -0.00424961 0.00824777 0.0057312 0.00782285 0.00349108
internal_weight=11230.8 7409.81 3821.02 2859.91 2140.5 5694.8 1715.01 5253.79 950.395 764.611 719.41 961.105 839.563 441.013
internal_count=174745 128061 46684 33431 23836 103053 25008 96402 12902 12106 9595 13253 11516 6651
is_linear=0
shrinkage=0.03


Tree=15
num_leaves=15
num_cat=0
split_feature=14 12 11 14 11 14 14 7 14 11 14 10 14 14
split_gain=1963.99 459.549 198.315 149.308 144.993 143.294 142.039 91.7519 89.8943 81.1873 60.1165 40.5353 38.1571 14.1043
threshold=4.5000000000000009 0.070001635590448169 4.6708333333333343 1.5000000000000002 4.7018518518518526 3.5000000000000004 6.5000000000000009 451.00000000000006 8.5000000000000018 4.8360215053763449 1.5000000000000002 0.36602870813397131 3.5000000000000004 8.5000000000000018
decision_type=8 10 10 10 8 10 10 10 10 8 10 8 10 8
left_child=2 4 3 11 13 -5 7 -3 -6 -8 -4 -1 -12 -2
right_child=1 6 10 5 8 -7 9 -9 -10 -11 12 -13 -14 -15
leaf_value=0.00091367459017998676 0.0083936944992148259 -0.0089950306083196561 -0.0076334511694972386 0.031268305598368906 -0.012526658060267674 0.011813473371344278 0.0085850562794517454 0.010462728529069945 -0.021655792739049579 -0.010224667892293799 0.014382825189465568 0.016291313410856503 0.0023164927236100745 -0.0041105293999113453
leaf_weight=313.52188528329134 218.16752678155899 254.59238711744547 189.45105642080307 1410.8741303011775 2402.5978326126933 497.07058189809322 242.19191771000624 1189.2231934927404 1846.4974651969969 1084.3395357169211 700.70287111401558 348.9886852055788 406.62309586256742 105.55219087377191
leaf_count=4234 3199 3948 2967 14576 43119 5936 3464 16933 36627 19013 8905 4443 5535 1690
internal_value=-0.000108055 -0.00923254 0.0171685 0.0220199 -0.0150696 0.0263223 0.000358086 0.00690895 -0.0165499 -0.00665848 0.00738928 0.00930018 0.0101171 0.00385974
internal_weight=11210.4 7343.16 3867.23 2570.46 4572.82 1907.94 2770.35 1443.82 4249.1 1326.53 1296.78 662.511 1107.33 323.72
internal_count=174589 127993 46596 29189 84635 20512 43358 20881 79746 22477 17407 8677 14440 4889
is_linear=0
shrinkage=0.03


Tree=16
num_leaves=15
num_cat=0
split_feature=17 5 18 17 9 5 17 5 17 6 6 9 18 2
split_gain=377.836 494.803 152.221 116.058 111.585 82.6503 63.2616 43.2936 42.04 29.0042 13.7067 13.6284 7.77756 7.16741
threshold=38.420344827586213 4.5000000000000009 6.5000000000000009 37.520294117647069 13.500000000000002 5.5000000000000009 39.73923076923078 4.5000000000000009 39.402000000000008 55.750000000000007 53.500000000000007 14.500000000000002 10.500000000000002 1.5000000000000002
decision_type=8 2 2 10 2 2 10 2 10 2 2 2 2 2
left_child=1 2 3 -1 8 9 7 -6 10 -3 -2 -4 -8 -7
right_child=4 5 11 -5 6 13 12 -9 -10 -11 -12 -13 -14 -15
leaf_value=0.022141869539789659 -0.0022788650975432536 -0.0081451887861896093 0.0050175816823304353 0.009793672741028929 -0.0047901046878343536 -0.0085838836591547053 -0.012957183006262755 -0.015512593639110542 -0.0074198746026716937 0.0021566674503635101 0.0067153837894935887 -0.004412230727024697 -0.022233929595337588 -0.01702900754749849
leaf_weight=1184.4424058385193 154.89165137335658 378.17406684905291 185.62399557977915 1825.8519375212491 3294.1070034727454 236.43846349045634 585.67582949250937 394.10626605525613 299.93339174240828 649.00083635374904 852.15771323442459 436.56777107715607 194.30432303622365 531.41851957887411
leaf_count=15432 2576 6077 3087 25380 53161 3856 10145 6766 5134 9746 13371 7322 3768 8768
internal_value=-0.000106369 0.00556053 0.0119383 0.0147306 -0.00545829 -0.00725971 -0.00771911 -0.00599593 0.00215643 -0.00151192 0.00517936 -0.00134222 -0.0155861 -0.014695
internal_weight=11202.7 5427.52 3632.49 3010.29 5775.18 1795.03 4468.19 3688.21 1306.98 1027.17 1007.05 622.192 779.98 767.857
internal_count=174589 79668 51221 40812 94921 28447 73840 59927 21081 15823 15947 10409 13913 12624
is_linear=0
shrinkage=0.03


Tree=17
num_leaves=15
num_cat=0
split_feature=12 11 11 13 12 11 9 11 12 9 15 0 12 9
split_gain=1006.91 542.786 217.357 165.088 131.453 77.261 58.5353 56.85 55.8593 40.7693 28.4604 27.9897 26.483 24.2929
threshold=0.081921990438939593 5.6698717948717965 5.2025641025641036 0.072003236245954713 0.1335014694869068 4.0151515151515165 13.500000000000002 7.0086206896551735 0.053416992596633205 14.500000000000002 118.50000000000001 1175.0000000000002 0.12808140361765127 12.500000000000002
decision_type=10 8 10 8 10 10 2 10 10 2 10 2 10 2
left_child=1 5 4 8 6 10 -2 -5 -3 -6 -1 -7 13 -4
right_child=2 3 12 7 9 11 -8 -9 -10 -11 -12 -13 -14 -15
leaf_value=0.016050113183258483 0.022804240416117151 -0.018293466468121682 0.0098593445470627396 -0.0020636483580668517 0.036918632670888747 0.018679498722145024 0.0090376010546754613 -0.014450901436694166 -0.0098860580459732578 0.021506896464973741 -3.9885919025533926e-05 0.00081333383443006212 0.0086722488221713124 -0.0063638905838169441
leaf_weight=706.14859039708972 382.21185265854001 2142.9087693877518 88.484442699700594 1759.4992929883301 285.34023665636778 81.371597334742546 1349.361814994365 420.64914891496301 1250.2546883970499 662.3764670342207 93.445859253406525 1264.8474214188755 206.54782083630562 507.42842196673155
leaf_count=8524 4824 40325 1380 29927 3081 1186 17289 7984 21692 7198 1239 19082 2829 8029
internal_value=-0.00010714 -0.00616099 0.013261 -0.0111045 0.0173574 0.00660507 0.0122196 -0.00454995 -0.0152589 0.0264739 0.0139947 0.00206938 -0.00025357 -0.00364336
internal_weight=11200.9 7719.13 3481.75 5573.31 2679.29 2145.81 1731.57 2180.15 3393.16 947.717 799.594 1346.22 802.461 595.913
internal_count=174589 129959 44630 99928 32392 30031 22113 37911 62017 10279 9763 20268 12238 9409
is_linear=0
shrinkage=0.03


Tree=18
num_leaves=15
num_cat=0
split_feature=14 12 12 14 14 7 14 14 14 14 7 12 7 17
split_gain=1759.44 421.905 165.317 133.464 115.467 88.0189 81.7371 106.192 75.9586 73.3994 53.2464 34.637 27.8437 20.5713
threshold=4.5000000000000009 0.070001635590448169 0.085150788921644474 6.5000000000000009 8.5000000000000018 451.00000000000006 1.5000000000000002 3.5000000000000004 1.5000000000000002 2.5000000000000004 451.00000000000006 0.10660820735447603 507.00000000000006 37.481934731934736
decision_type=8 8 10 10 10 10 10 10 10 10 10 10 10 10
left_child=2 4 6 5 10 -3 13 -8 12 -10 -2 -5 -4 -1
right_child=1 3 8 11 -6 -7 7 -9 9 -11 -12 -13 -14 -15
leaf_value=0.0087467690249862645 -0.018146690439351413 -0.0090552554199352653 0.0051868378191431549 -0.009836332989488281 -0.020576598860736942 0.0094884426740374835 0.018580394253331339 0.0029542994432355694 0.036500333681728413 0.020269198224671374 -0.0077543521949514794 0.00047333296499580963 0.025374713205768864 -0.0041286736171983378
leaf_weight=160.23485573008657 633.39507564157248 269.71249729394913 278.02615248784423 970.46292149275541 1840.8356249369681 1255.8680546209216 1281.1108293831348 601.11831007152796 505.92188922315836 697.58299029618502 1892.0378563068807 380.11039860546589 88.990451738238335 339.52369591966271
leaf_count=2251 11730 4227 3312 17363 37450 17755 14799 7997 4611 7545 33735 5733 1042 5039
internal_value=-0.000103584 -0.00890147 0.0159703 0 -0.0147728 0.00609317 0.0108337 0.0136905 0.0236065 0.0273392 -0.0104508 -0.00683304 0.0107602 0
internal_weight=11194.9 7242.42 3952.51 2876.15 4366.27 1525.58 2381.99 1882.23 1570.52 1203.5 2525.43 1350.57 367.017 499.759
internal_count=174589 127993 46596 45078 82915 21982 30086 22796 16510 12156 45465 23096 4354 7290
is_linear=0
shrinkage=0.03


Tree=19
num_leaves=15
num_cat=0
split_feature=12 11 12 11 13 5 11 11 5 9 11 11 11 2
split_gain=890.763 451.315 236.241 135.865 126.494 108.692 73.2669 68.7323 47.506 43.4475 38.346 37.1695 33.2163 17.4238
threshold=0.07393120106737297 5.8352713178294584 0.12654889139596884 4.802777777777778 0.072003236245954713 4.5000000000000009 7.1690476190476202 4.3380952380952387 4.5000000000000009 14.500000000000002 7.7523584905660385 6.2524509803921573 4.2034482758620699 1.5000000000000002
decision_type=10 8 10 8 8 2 10 10 2 2 10 10 10 2
left_child=1 5 3 8 10 12 -5 9 -2 -4 -3 -6 -1 -7
right_child=2 4 7 6 11 13 -8 -9 -10 -11 -12 -13 -14 -15
leaf_value=0.014897530069939387 0.019447673093201133 -0.01384254231588733 0.035901118333254246 0.0036929578544279435 -0.0023724426272639021 0.001034306173968904 -0.013197907245067872 0.009239211557760571 0.0021956479858426109 0.02025088614537723 -0.023046521052729581 -0.011749312705225039 0.0051629443891257447 -0.01011425750046418
leaf_weight=611.8186653777957 682.53919533640146 2397.1135204955935 288.18325385078788 1987.4028009101748 1223.3685125745833 157.73058088868856 254.21233411133289 374.59864393249154 209.12635520473123 659.6777982339263 591.11804988607764 590.0761169269681 804.46877161040902 355.44185642153025
leaf_count=7376 7768 44330 2975 28983 21061 2407 4502 4790 2596 6952 12054 11170 12118 5507
internal_value=-0.000101292 -0.00700027 0.0102833 0.00571268 -0.0119304 0.00519061 0.00168556 0.0209371 0.0156036 0.0253299 -0.0157488 -0.00552998 0.00951132 -0.0064212
internal_weight=11186.9 6731.14 4455.74 3133.28 4801.68 1929.46 2241.62 1322.46 891.666 947.861 2988.23 1813.44 1416.29 513.172
internal_count=174589 116023 58566 43849 88615 27408 33485 14717 10364 9927 56384 32231 19494 7914
is_linear=0
shrinkage=0.03


Tree=20
num_leaves=15
num_cat=0
split_feature=14 12 11 14 11 14 14 11 14 7 12 14 11 14
split_gain=1632.99 363.209 178.252 148.216 132.56 115.411 101.155 96.483 90.2844 72.1827 49.5436 25.055 19.3863 12.6928
threshold=4.5000000000000009 0.074247799093411254 5.2025641025641036 1.5000000000000002 4.7018518518518526 2.5000000000000004 5.5000000000000009 4.8360215053763449 8.5000000000000018 451.00000000000006 0.15124207175899079 1.5000000000000002 7.2529069767441863 8.5000000000000018
decision_type=8 10 10 10 8 10 10 8 10 10 8 10 10 8
left_child=2 4 3 10 13 -5 9 -8 -6 -3 -1 -4 -13 -2
right_child=1 6 11 5 8 -7 7 -9 -10 -11 -12 12 -14 -15
leaf_value=0.0031326101943626185 0.0073583889962087392 -0.0088993800196657362 -0.0079151344852939724 0.030422955843076097 -0.011234645550005366 0.016296880710318339 0.0098738201004874362 -0.0089986645326786321 -0.020223074038752752 0.011506790239995656 0.025991211143964313 0.0079100600527462622 -0.0029199121964756983 -0.0038321254379068133
leaf_weight=640.51377961784601 247.79692247882485 178.63678957149386 130.33896456286311 971.70752803236246 2541.6958611160517 1343.7347443401814 305.23138866573572 1058.2608925066888 1857.2846029289067 847.83720499649644 98.794233754277229 687.37335824221373 163.50677841156721 119.33052890747786
leaf_count=8439 3571 2722 2098 8843 47130 15112 4069 17975 39096 11371 1023 8927 2289 1921
internal_value=-0.000230987 -0.00884842 0.0150033 0.0185846 -0.0136318 0.0223425 0.000636504 -0.00464362 -0.0150823 0.00778417 0.00654283 0.00366396 0.00564879 0.00331534
internal_weight=11192 7156.07 4035.97 3054.75 4766.11 2315.44 2389.97 1363.49 4398.98 1026.47 739.308 981.219 850.88 367.127
internal_count=174586 127855 46731 33417 91718 23955 36137 22044 86226 14093 9462 13314 11216 5492
is_linear=0
shrinkage=0.03


Tree=21
num_leaves=15
num_cat=0
split_feature=14 12 14 5 14 14 7 17 7 17 10 5 9 12
split_gain=1530.91 350.778 150.18 146.198 133.148 148.259 83.502 72.0979 59.5103 55.7396 48.7876 26.2949 23.7427 20.6774
threshold=4.5000000000000009 0.093336254747297717 8.5000000000000018 4.5000000000000009 1.5000000000000002 3.5000000000000004 447.00000000000006 35.967261904761912 451.00000000000006 37.101041666666674 0.16172624237140368 5.5000000000000009 12.500000000000002 0.07866713914481456
decision_type=8 10 10 2 10 10 10 10 10 10 10 2 2 10
left_child=3 2 6 4 9 -6 -2 8 -3 -1 -4 13 -9 -5
right_child=1 7 10 11 5 -7 -8 12 -10 -11 -12 -13 -14 -15
leaf_value=0.022352839299008938 -0.017540941668013101 -0.0081718967932755716 -0.020254870502947424 0.00034451107854339112 0.024979628140654603 0.0086205639462333082 -0.0055545526241898915 0.010906019960296113 0.019099862444108835 0.0011186833745948121 -0.0078731964054040409 -0.0048558302015694887 -0.0020773855470668477 0.01289315510589753
leaf_weight=137.86399863660336 670.30040228739381 76.940163500607014 1838.414988078177 278.64758422598243 1836.5042162239552 737.40981341153383 2737.5643584132195 143.6360991820693 382.22432222217321 588.4169812835753 400.58310554549098 263.53014037013054 849.93571491912007 240.24031456559896
leaf_count=1640 12581 1097 39118 3674 18637 8897 48443 2033 4667 7827 7654 3346 12262 2710
internal_value=-0.000225804 -0.00865484 -0.0120421 0.0143881 0.017157 0.0203768 -0.00797838 0.004405 0.0141681 0.00547978 -0.018129 0.00248369 -5.00999e-06 0.00650834
internal_weight=11182.2 7099.6 5646.86 4082.61 3300.2 2573.91 3407.86 1452.74 459.164 726.281 2239 782.418 993.572 518.888
internal_count=174586 127855 107796 46731 37001 27534 61024 20059 5764 9467 46772 9730 14295 6384
is_linear=0
shrinkage=0.03


Tree=22
num_leaves=15
num_cat=0
split_feature=14 13 14 14 14 14 7 15 7 13 14 23 7 0
split_gain=1436.06 261.388 115.695 144.754 113.969 105.141 64.5782 58.4512 51.6625 47.1656 38.1728 21.5362 17.7366 14.3805
threshold=4.5000000000000009 0.073516338757670177 1.5000000000000002 2.5000000000000004 9.5000000000000018 8.5000000000000018 465.00000000000006 132.50000000000003 449.00000000000006 0.096811606285617482 3.5000000000000004 3.5000000000000004 515.00000000000011 1075.0000000000002
decision_type=8 8 10 10 10 10 10 10 10 10 10 2 10 2
left_child=2 5 9 7 6 8 -3 -4 -2 11 -5 -1 -11 -7
right_child=1 4 3 10 -6 13 -8 -9 -10 12 -12 -13 -14 -15
leaf_value=-0.0045973385443729689 -0.017855408876492649 -0.005696351264579136 0.025786798782204266 0.015278902658824626 -0.011320984687387545 -0.0030993971236701282 0.0051245781294426652 -0.0041199753116402983 -0.0069577507938752376 0.0098606634139026296 0.0065051862371354177 0.006608438013513177 0.034026399251034151 -0.020377502582281687
leaf_weight=400.19997644051909 534.91099897399545 719.15651108697057 1216.1228694543242 1034.1493774428964 833.52559470757842 67.968907997012138 1532.6309110596776 51.451280280947685 1868.1013592779636 192.48780079931021 950.24289383739233 242.91945868358016 40.28483946993947 1488.8888619095087
leaf_count=5357 10110 12154 11369 11686 16315 1453 24205 489 32229 2376 11627 3350 477 31389
internal_value=-0.000220784 -0.0084649 0.0138067 0.0164255 -0.00185686 -0.0135668 0.00159725 0.0244436 -0.0094779 0.00387534 0.0111798 -0.000114919 0.0153013 -0.0197316
internal_weight=11173 7045.18 4127.86 3251.97 3085.31 3959.87 2251.79 1267.57 2403.01 875.892 1984.39 643.119 232.773 1556.86
internal_count=174586 127855 46731 35171 52674 75181 36359 11858 42339 11560 23313 8707 2853 32842
is_linear=0
shrinkage=0.03


Tree=23
num_leaves=15
num_cat=0
split_feature=13 17 9 17 7 7 18 18 13 13 18 7 7 13
split_gain=398.197 173.731 132.786 89.3848 64.2468 62.9785 61.5183 64.1126 45.1949 36.1064 26.8978 14.9975 13.0917 13.0077
threshold=0.072888161475770444 38.420344827586213 12.500000000000002 39.533974358974369 465.00000000000006 473.00000000000006 6.5000000000000009 1.5000000000000002 0.092598347259627567 0.061859706625547968 5.5000000000000009 473.00000000000006 451.00000000000006 0.06626669633449607
decision_type=10 8 2 10 10 10 2 2 10 8 2 10 10 8
left_child=1 6 8 5 13 -4 7 -1 10 -6 -2 -8 -10 -3
right_child=2 4 3 -5 9 -7 11 -9 12 -11 -12 -13 -14 -15
leaf_value=-0.00033777993935103475 0.014466746991545395 -0.017351961031944616 0.00023608135036007143 -0.009808827367146257 -0.0099168881771614353 0.0080458073484520436 -0.014599353924463271 0.012182321276496887 0.0044614717970304718 -0.0011133983209030323 -0.00050679598729327252 -0.0036711180907703887 0.028281782658245252 -0.0083518590099938908
leaf_weight=1771.9239655062556 376.81859350204468 1010.2967204302549 1562.9552304781973 390.54552691429853 1165.2165944427252 2444.9494898170233 249.87891088426113 452.86048203706741 41.260989427566528 719.95284453779459 123.77769535407424 298.25906481966376 285.12974733859301 270.76491232961416
leaf_count=27091 5285 18998 23044 6782 20488 34340 4679 5396 600 11877 2033 5440 3743 4790
internal_value=-0.000216395 -0.00554148 0.00580684 0.00367942 -0.0103375 0.00504173 -2.43817e-06 0.00216505 0.0168514 -0.006646 0.0104993 -0.00901107 0.0258359 -0.0156062
internal_weight=11164.6 5939.15 5225.44 4398.45 3166.23 4007.9 2772.92 2224.78 826.987 1885.17 500.596 548.138 326.391 1281.06
internal_count=174586 98759 75827 64166 56153 57384 42606 32487 11661 32365 7318 10119 4343 23788
is_linear=0
shrinkage=0.03


Tree=24
num_leaves=15
num_cat=0
split_feature=12 12 5 18 15 7 5 12 23 12 7 6 0 9
split_gain=751.779 225.244 148.252 91.6189 90.5254 88.4387 62.3552 52.4183 43.0162 33.0519 11.6534 7.15211 6.05274 4.61166
threshold=0.066535928824699955 0.12808140361765127 5.5000000000000009 9.5000000000000018 29.500000000000004 465.00000000000006 4.5000000000000009 0.041308551188198546 5.5000000000000009 0.17289439897287759 449.00000000000006 55.750000000000007 1175.0000000000002 11.500000000000002
decision_type=10 10 2 2 8 10 2 8 2 10 10 2 2 2
left_child=3 2 5 4 8 -2 9 -6 -1 -3 -5 -8 -12 -4
right_child=1 6 13 10 7 -7 11 -9 -10 -11 12 -13 -14 -15
leaf_value=-0.0040826542451525144 -0.00079480213731655011 0.017256899733769822 0 -0.021720451208469705 -0.015714195949729819 0.0087888797963113132 -0.0032037401069837613 -0.006032338523982936 0.0054785626906392942 0.030146470100526668 -0.0009045130575459099 0.0070983992953494411 -0.013831975798932718 -0.015348664938442971
leaf_weight=1488.884963542223 1229.3626738749444 754.79367013275623 26.857013788074255 284.16319891065359 921.94192378222942 2719.8621224090457 60.491831786930561 1294.7961886078119 577.55237075686455 327.21401772275567 60.614240683615208 194.94375133141875 895.52147360891104 324.04388096928596
leaf_count=23885 18082 8162 418 5984 17868 37865 722 22943 8904 3047 1240 2264 18047 5155
internal_value=-0.000211963 0.00747775 0.00407828 -0.00808732 -0.00593829 0.00577039 0.01824 -0.0101528 -0.00133118 0.0214136 -0.0153345 0.00406804 -0.0131775 -0.0143577
internal_weight=11161 5637.57 4300.13 5523.47 4283.18 3949.22 1337.44 2216.74 2066.44 1082.01 1240.3 255.436 956.136 350.901
internal_count=174586 75715 61520 98871 73600 55947 14195 40811 32789 11209 25271 2986 19287 5573
is_linear=0
shrinkage=0.03


Tree=25
num_leaves=15
num_cat=0
split_feature=14 13 11 14 7 14 14 11 14 11 11 5 13 0
split_gain=1315.31 202.93 183.54 149.866 92.5499 88.168 125.495 61.9645 39.0723 37.503 33.7027 27.64 31.3375 12.9727
threshold=5.5000000000000009 0.06317550466421544 5.2025641025641036 9.5000000000000018 449.00000000000006 1.5000000000000002 3.5000000000000004 6.6267857142857158 7.5000000000000009 5.8352713178294584 3.4037037037037039 4.5000000000000009 0.065117778477501401 1175.0000000000002
decision_type=8 8 10 10 10 10 10 8 10 8 10 2 10 2
left_child=2 7 5 4 -3 10 -7 13 -9 -5 -1 12 -4 -2
right_child=1 3 11 9 -6 6 -8 8 -10 -11 -12 -13 -14 -15
leaf_value=0.010338916490071848 0.0093940188906022817 -0.013091767130671164 -0.00096375233665060487 -0.0031297977394529838 0.0020538386562255094 0.022677289924937137 0.0093199012416632209 -0.013301019973162399 -0.022697887146052632 -0.016349948978979453 -0.0026696062414409919 -0.0039707550000865743 0.01022849840923518 -0.0075509305739347174
leaf_weight=507.81015735864639 32.273608781397343 429.43448995426297 375.12889274209738 287.22191104665399 2186.6534088812768 1792.7409112602472 1067.2443106248975 933.62303585186601 971.47109805047512 898.19763813912868 248.71696016937494 431.03846902772784 482.91782583296299 512.07879430428147
leaf_count=6093 589 7872 5405 5014 35877 16724 13539 17388 21772 18927 3403 6298 6600 9309
internal_value=0.000233641 -0.00887487 0.0118679 -0.00447078 -0.000395337 0.0153349 0.0177701 -0.0156258 -0.0182182 -0.0132994 0.00587579 0.00200367 0.00518433 -0.00619689
internal_weight=11156.6 6250.95 4905.6 3801.51 2616.09 3616.51 2859.99 2449.45 1905.09 1185.42 756.527 1289.09 858.047 544.352
internal_count=174810 116748 58062 67690 43749 39759 30263 49058 39160 23941 9496 18303 12005 9898
is_linear=0
shrinkage=0.03


Tree=26
num_leaves=15
num_cat=0
split_feature=12 12 5 17 7 5 17 5 7 12 7 15 5 7
split_gain=686.658 207.057 149.159 113.202 99.462 98.7004 74.3049 57.3847 36.2238 25.131 23.2116 20.5161 20.478 3.26486
threshold=0.066535928824699955 0.1335014694869068 5.5000000000000009 39.398148148148159 439.00000000000006 4.5000000000000009 37.498437500000009 3.5000000000000004 451.00000000000006 0.050494506091662963 453.00000000000006 132.50000000000003 5.5000000000000009 539.00000000000011
decision_type=10 10 2 8 10 2 10 2 10 8 10 8 2 10
left_child=3 2 4 5 -2 6 -1 10 -5 -10 -3 -9 -7 -4
right_child=1 7 13 8 -6 12 -8 11 9 -11 -12 -13 -14 -15
leaf_value=0.0089416481474862194 -0.0097667854104495147 0.0092136124236430628 -0.014588852462369727 -0.020788771306694289 0.0074860927193261704 -0.0078693886868793569 -0.0036282579636381677 0.012771356170987564 -0.013917731799067993 -0.0047026276689415098 0.026727214045672052 -0.0023120574215659017 -0.017246041297587097 0
leaf_weight=521.13975590467453 315.30368654802442 116.40125948935747 338.8450698889792 493.45818550512195 3760.1903802193701 609.70556929707527 2107.031742785126 457.84628397598863 817.23905304074287 492.68550187349319 592.32288995012641 77.219695396721363 440.55760713666677 12.667711123824118
leaf_count=7857 4857 1234 5431 10331 52335 11058 35883 4899 16464 9137 5793 858 8463 210
internal_value=0.000222447 0.00755107 0.00445711 -0.00733146 0.00610422 -0.0042433 -0.00106656 0.0183813 -0.0135184 -0.0105969 0.0241456 0.0103156 -0.0120079 -0.0140367
internal_weight=11152.6 5670.8 4427.01 5481.82 4075.49 3678.43 2628.17 1243.79 1803.38 1309.92 708.724 535.066 1050.26 351.513
internal_count=174810 75617 62833 99193 57192 63261 43740 12784 35932 25601 7027 5757 19521 5641
is_linear=0
shrinkage=0.03


Tree=27
num_leaves=15
num_cat=0
split_feature=14 14 11 11 9 11 15 9 5 11 5 14 2 0
split_gain=1212.82 193.342 163.338 93.5474 81.6519 76.1972 73.6385 56.6786 35.9571 33.6216 26.0042 15.7446 11.1329 10.0765
threshold=5.5000000000000009 9.5000000000000018 4.8768939393939403 6.1012820512820518 11.500000000000002 7.0086206896551735 132.50000000000003 13.500000000000002 4.5000000000000009 6.8588039867109645 4.5000000000000009 1.5000000000000002 3.5000000000000004 1175.0000000000002
decision_type=8 10 10 10 2 8 10 2 2 10 2 10 2 2
left_child=2 3 4 7 11 10 -6 -2 9 -4 -3 -1 -10 -7
right_child=1 5 8 -5 6 13 -8 -9 12 -11 -12 -13 -14 -15
leaf_value=0.013296592544784448 0.0048521105967420791 -0.002666635735610099 0.0093382718709512542 -0.014192377177999154 0.014647215195577016 -0.0081270930166387322 -0.0027034642053390531 -0.0046422841101984198 -0.00049909961192389168 -0.0027224431009038679 -0.014599403330013099 0.034527688392575244 -0.011636298161693386 -0.02157216645875425
leaf_weight=76.775315243750811 699.18040933087468 416.83033348619938 797.71264245733619 786.00053193047643 2876.711250282824 99.426591362804174 221.26534494757652 2670.7803136967123 395.34097153693438 254.91876612231135 319.52962766215205 231.81266891211271 109.01594866067171 1196.4295851401985
leaf_count=934 11503 7878 10459 15857 30694 2260 2565 45915 5714 3830 6371 2292 1574 26964
internal_value=0.0002118 -0.00863209 0.0112655 -0.00486213 0.0149525 -0.0162373 0.0133573 -0.00262373 0.00308056 0.00627661 -0.00811051 0.0300201 -0.00329147 -0.0206911
internal_weight=11151.7 6188.18 4963.55 4155.96 3406.56 2032.22 3097.98 3369.96 1556.99 1052.63 736.36 308.588 504.357 1295.86
internal_count=174810 116748 58062 73275 36485 43473 33259 57418 21577 14289 14249 3226 7288 29224
is_linear=0
shrinkage=0.03


Tree=28
num_leaves=15
num_cat=0
split_feature=14 14 11 7 11 5 14 11 5 11 14 2 5 0
split_gain=1139.63 187.158 152.106 139.165 110.322 84.7754 86.8991 74.692 25.0132 18.6295 14.8128 11.5109 11.5002 9.90852
threshold=5.5000000000000009 9.5000000000000018 5.7161172161172171 449.00000000000006 5.8768939393939403 5.5000000000000009 1.5000000000000002 7.0086206896551735 4.5000000000000009 6.011111111111112 4.5000000000000009 1.5000000000000002 4.5000000000000009 1175.0000000000002
decision_type=8 10 10 10 10 2 10 8 2 8 10 2 2 2
left_child=2 3 5 9 -5 6 -1 8 -3 -2 12 -7 -4 -9
right_child=1 7 10 4 -6 11 -8 13 -10 -11 -12 -13 -14 -15
leaf_value=0.0051024254998063533 -0.0016496880535653369 -0.0025937154168861995 0.0047848179643156762 0.00082706149695572812 -0.012255270386374384 0.0032331850070080512 0.016608173953509806 -0.0079514182221450888 -0.014353822736878871 -0.017807131031658159 -0.0068409940263200611 -0.010215439209614206 -0.0030607961283358664 -0.021345519103431052
leaf_weight=787.37640046700835 94.900308161973953 415.84843602031469 469.84867446869612 2616.3928921632469 734.36335085704923 72.078111387789249 3090.5140312463045 98.696254875510931 315.39532828703523 692.55988538265228 221.14249614626169 133.4775978140533 232.71207603439689 1173.2645842917264
leaf_count=9781 1604 7878 6214 43062 14716 876 32264 2260 6371 13893 3949 1665 3313 26964
internal_value=0.00020091 -0.00844313 0.0108309 -0.00473772 -0.0020094 0.0133152 0.0143202 -0.0159922 -0.00793278 -0.0160719 -2.75998e-06 -0.00482248 0.00197082 -0.0204589
internal_weight=11148.6 6141.42 5007.15 4138.22 3350.76 4083.45 3877.89 2003.2 731.244 787.46 923.703 205.556 702.561 1271.96
internal_count=174810 116748 58062 73275 57778 44586 42045 43473 14249 15497 13476 2541 9527 29224
is_linear=0
shrinkage=0.03


Tree=29
num_leaves=15
num_cat=0
split_feature=14 14 7 5 17 5 7 10 14 5 0 2 2 7
split_gain=1071.26 181.028 133.81 128.148 97.0129 75.7524 65.8922 50.7563 32.3309 27.8146 14.2178 13.4451 12.5855 9.85732
threshold=5.5000000000000009 9.5000000000000018 449.00000000000006 4.5000000000000009 38.420344827586213 5.5000000000000009 457.00000000000006 0.19722222222222227 1.5000000000000002 5.5000000000000009 1175.0000000000002 1.5000000000000002 2.5000000000000004 431.00000000000006
decision_type=8 10 10 2 10 2 10 10 10 2 2 2 2 10
left_child=3 2 13 4 6 -4 -1 10 -6 12 -3 -11 -5 -2
right_child=1 7 5 9 8 -7 -8 -9 -10 11 -12 -13 -14 -15
leaf_value=0.0071917340540387682 -0.021117993897108105 -0.0056153725672588081 -0.00050256217668476037 0.0077497000289802019 -0.0035845287746927999 -0.016526436382468129 0.01916225984250863 -0.0040391668500247124 0.0084232573726612785 0.00082269628636485461 -0.018707912310403745 -0.010760822228279805 -0.00017148352171733676 -0.012162115249906695
leaf_weight=594.07266560569406 290.93564886972308 119.31968125328422 3056.0940538235009 380.41508546471596 215.8970574401319 288.53411420062184 1931.1124714016914 316.78335448727012 1326.2733053378761 113.82817522063851 1538.8928169719875 215.18553106486797 272.33424787968397 485.46030388772488
leaf_count=6675 5906 2683 52395 4726 2941 5383 20449 5992 15390 1510 34798 2951 3420 9591
internal_value=0.000189528 -0.00825844 -0.00461802 0.0104169 0.0127642 -0.0019523 0.0164251 -0.0157479 0.00663912 0.00052462 -0.0178757 -0.00635189 0.00424066 -0.0158237
internal_weight=11145.1 6096.02 4121.02 5049.12 4067.36 3344.63 2525.19 1975 1542.17 981.763 1658.21 329.014 652.749 776.396
internal_count=174810 116748 73275 58062 45455 57778 27124 43473 18331 12607 37481 4461 8146 15497
is_linear=0
shrinkage=0.03


Tree=30
num_leaves=15
num_cat=0
split_feature=14 12 11 11 14 14 11 7 14 7 12 5 19 20
split_gain=1058.45 276.173 142.992 84.8075 81.8256 110.244 81.187 70.3636 60.3048 49.3882 27.457 15.5072 10.78 10.0169
threshold=5.5000000000000009 0.073595792186977704 5.7161172161172171 4.8360215053763449 1.5000000000000002 3.5000000000000004 5.2529069767441863 449.00000000000006 7.5000000000000009 509.00000000000006 0.075283199783278215 3.5000000000000004 1.0000000180025095e-35 8.5000000000000018
decision_type=8 10 10 10 10 10 8 10 10 10 10 2 2 2
left_child=2 6 4 7 9 -6 11 -3 -8 -1 -4 -2 -5 -12
right_child=1 3 10 12 5 -7 8 -9 -10 -11 13 -13 -14 -15
leaf_value=0 0.0064094169479264771 -0.011319480629273321 -0.0042208327008557596 -0.011662965827642693 0.018808197085549341 0.0072989616499250873 -0.010340298810469327 0.0073699204931757436 -0.018578411780138641 0.01831561102659154 0.010361653578297755 -0.0051157927014587115 -0.0030099511302884726 0
leaf_weight=673.3037887327373 155.47498757392168 203.53175761923194 625.59321711212397 398.80390118435025 2063.4887696951628 1272.2089755274355 1674.9710091650486 1196.0564129315317 1845.4909799061716 161.66404081881046 206.47979537770152 284.14696899056435 279.87978073209524 99.928763523697853
leaf_count=8382 2516 3443 9590 7314 18692 15718 32928 16727 43508 1916 2595 4898 5125 1319
internal_value=-4.8851e-05 -0.00855933 0.00999136 0.00022762 0.0123644 0.0144811 -0.0132031 0.00451465 -0.0147216 0.0036937 -0.000476917 -0.000676226 -0.00836209 0.00663038
internal_weight=11141 6038.36 5102.67 2078.27 4170.67 3335.7 3960.08 1399.59 3520.46 834.968 932.002 439.622 678.684 306.409
internal_count=174671 116459 58212 32609 44708 34410 83850 20170 76436 10298 13504 7414 12439 3914
is_linear=0
shrinkage=0.03


Tree=31
num_leaves=15
num_cat=0
split_feature=14 12 12 12 13 12 15 14 14 15 14 14 14 23
split_gain=996.22 264.851 117.859 68.1807 67.7938 65.4743 45.6424 44.1201 36.2573 33.7229 27.5478 47.1286 19.2143 14.1654
threshold=5.5000000000000009 0.073595792186977704 0.066104923996537931 0.15940958605664493 0.073795651649750979 0.13028320917741135 134.50000000000003 9.5000000000000018 9.5000000000000018 82.500000000000014 1.5000000000000002 3.5000000000000004 9.5000000000000018 3.5000000000000004
decision_type=8 10 8 10 8 10 10 10 10 8 10 10 10 2
left_child=2 4 10 6 8 7 -4 -3 -2 -7 13 -12 -6 -1
right_child=1 5 3 -5 12 9 -8 -9 -10 -11 11 -13 -14 -15
leaf_value=-0.009404839287893962 -0.012929192434002026 0.00036659826366934551 0.012282866508857919 0.024507765253241699 -0.0048559351543892588 0 -0.0036428584742000595 -0.010589087714478243 -0.021127529414412802 0.016749151461210969 0.0099042359175310225 -6.3498180279770734e-05 -0.012668652685620136 0.0027026515375456785
leaf_weight=188.01105793565512 1551.013072039932 1173.4341102913022 2577.9973790384829 436.774912327528 970.49958773329854 186.94292704761028 155.47460528090596 442.98128147423267 909.61688267812133 275.4981229826808 907.68487518280745 746.5371126756072 482.18923714756966 128.37092815712094
leaf_count=2724 32175 18282 27387 3658 18155 2501 1765 8614 22515 3212 9634 11191 11005 1853
internal_value=-4.96433e-05 -0.00837208 0.00962054 0.0132175 -0.0129649 0.000211996 0.0113173 -0.00256671 -0.0160574 0.0101691 0.00373908 0.00532884 -0.00758666 -0.00405991
internal_weight=11133 5992.18 5140.85 3170.25 3913.32 2078.86 2733.47 1616.42 2460.63 462.441 1970.6 1654.22 1452.69 316.382
internal_count=174671 116459 58212 32810 83850 32609 29152 26896 54690 5713 25402 20825 29160 4577
is_linear=0
shrinkage=0.03


Tree=32
num_leaves=15
num_cat=0
split_feature=14 12 11 11 11 7 7 14 11 14 14 12 9 7
split_gain=937.467 254.291 132.634 79.102 78.2712 66.6935 63.2882 60.166 69.6189 58.3958 48.8919 25.7803 16.7992 11.619
threshold=5.5000000000000009 0.073595792186977704 3.2529069767441867 5.2529069767441863 4.8360215053763449 461.00000000000006 477.00000000000006 1.5000000000000002 5.7470930232558155 7.5000000000000009 3.5000000000000004 0.17289439897287759 12.500000000000002 517.00000000000011
decision_type=8 10 10 8 10 10 10 10 10 10 10 8 2 10
left_child=2 3 6 -2 5 -3 10 13 -9 -5 -1 -8 -6 -4
right_child=1 4 7 9 12 -7 11 8 -10 -11 -12 -13 -14 -15
leaf_value=0.013520525421801108 -0.00031389332224781685 -0.0063288988924463654 -0.007262783286098644 -0.009919677501057305 0.0016836289518902651 0.0082605124137181685 0.017931403340290596 0.010228629515538861 -5.8404364639048413e-05 -0.018123282724924795 -0.00035128269082688134 0.034497172913561296 -0.010182251932189071 0.0061938770554398111
leaf_weight=709.60785542428493 434.86659544333816 371.2118840739131 366.33989723771811 1645.0929336063564 105.09648075327277 1035.7361693307757 1006.7286222651601 1769.7339474372566 845.22333767265081 1788.3675744272768 305.50808398425579 122.86483107507229 566.76070297509432 52.406730756163597
leaf_count=6735 7414 5921 5156 32928 1907 14249 10229 18527 12020 43508 3898 933 10532 714
internal_value=-5.04087e-05 -0.00818675 0.00926369 -0.0127302 0.000206141 0.0042962 0.0150046 0.00513773 0.00685257 -0.0142564 0.00921738 0.0200095 -0.00810577 -0.00517147
internal_weight=11125.5 5947.13 5178.41 3868.33 2078.81 1406.95 2144.71 3033.7 2614.96 3433.46 1015.12 1129.59 671.857 418.747
internal_count=174671 116459 58212 83850 32609 20170 21795 36417 30547 76436 10633 11162 12439 5870
is_linear=0
shrinkage=0.03


Tree=33
num_leaves=15
num_cat=0
split_feature=14 12 11 11 11 7 14 17 15 11 7 7 11 13
split_gain=882.563 243.952 122.177 78.2645 73.2591 64.2732 59.5962 58.3038 56.7528 53.3397 31.2943 23.1775 9.40412 8.62173
threshold=5.5000000000000009 0.074247799093411254 3.2529069767441867 5.2529069767441863 4.8360215053763449 461.00000000000006 7.5000000000000009 38.401428571428575 113.50000000000001 5.7470930232558155 477.00000000000006 473.00000000000006 6.5058139534883734 0.094475932270930527
decision_type=8 10 10 8 10 10 10 10 10 10 10 10 10 10
left_child=2 3 7 -2 5 -3 -5 10 9 -4 -1 -9 -6 -10
right_child=1 4 8 6 12 -7 -8 11 13 -11 -12 -13 -14 -15
leaf_value=0.012503712466357739 -0.00020454854106435847 -0.0062875386984891351 0.0088026964864670876 -0.0096042448739893042 -0.0038676592262330647 0.0081897354215311607 -0.017883756151721518 0 -0.013694484310884849 0 0.022255008586306021 0.011525671451185424 -0.012100678350930849 0
leaf_weight=688.81894760578871 442.7408000677824 361.43910951539874 1967.6698948331177 1649.6660176403821 358.00949436426163 1024.2099442854524 1775.064539629966 298.72604172304273 150.18391676992178 889.1647000014782 782.55017168447375 398.36836036667228 292.20147122815251 38.715226028114557
leaf_count=6927 7541 5773 21198 33259 6247 13934 43861 3326 1975 12782 7381 4161 5844 462
internal_value=-5.02918e-05 -0.00800446 0.00892544 -0.0124256 0.000330557 0.00429652 -0.0139591 0.0143989 0.00496213 0.00605292 0.0178494 0.0068271 -0.00786058 -0.0104917
internal_weight=11117.5 5903.33 5214.2 3867.47 2035.86 1385.65 3424.73 2168.46 3045.73 2856.83 1471.37 697.094 650.211 188.899
internal_count=174671 116459 58212 84661 31798 19707 77120 21795 36417 33980 14308 7487 12091 2437
is_linear=0
shrinkage=0.03


Tree=34
num_leaves=15
num_cat=0
split_feature=14 14 7 14 14 20 10 10 10 7 17 0 20 9
split_gain=831.238 161.053 95.5813 80.5419 124.445 52.8467 50.0495 46.3 39.4054 17.1441 13.9902 13.9362 8.93349 8.00031
threshold=5.5000000000000009 9.5000000000000018 447.00000000000006 3.5000000000000004 1.5000000000000002 8.5000000000000018 0.1526806526806527 0.35147058823529415 0.19722222222222227 471.00000000000006 38.067156862745101 1175.0000000000002 7.5000000000000009 14.500000000000002
decision_type=8 10 10 10 10 2 8 8 10 10 8 2 2 2
left_child=3 2 10 4 7 -6 -4 -1 11 13 -2 -3 -11 -5
right_child=1 8 6 9 5 -7 -8 -9 -10 12 -12 -13 -14 -15
leaf_value=-0.0040347020920388872 -0.0031070712294065622 -0.0047165789542706373 -0.0077449273353833656 0.0043052094167288207 0.017375593921311189 0.007019289813289079 0.00013391473056424799 0.0091846618639498164 -0.0045482523059036202 0.0082088156645211546 -0.016776944339668247 -0.018002592230862983 0.0021390473711496534 -0.0025299323809108939
leaf_weight=518.58377147093415 111.57062964886427 112.16777893900871 1028.7413408011198 216.22075382992625 1869.490139991045 666.8698431327939 2314.5099322199821 422.68339131772518 305.8468967191875 590.61907587945461 555.27940810471773 1432.899686422199 481.33428144454956 483.24404632672668
leaf_count=6962 2237 2685 19881 2864 17181 6308 39163 4743 6015 7515 11751 34727 6123 6516
internal_value=-5.04828e-05 -0.00782643 -0.00438535 0.00860268 0.0112708 0.0147309 -0.0022536 0.0017602 -0.015169 0.00326319 -0.0147532 -0.0171532 0.0056452 -0.000188544
internal_weight=11110.1 5861.02 4010.1 5249.05 3477.63 2536.36 3343.25 941.267 1850.91 1771.42 666.85 1545.07 1071.95 699.465
internal_count=174671 116459 73032 58212 35194 23489 59044 11705 43427 23018 13988 37412 13638 9380
is_linear=0
shrinkage=0.03


Tree=35
num_leaves=15
num_cat=0
split_feature=14 12 5 11 9 15 12 17 7 17 11 5 2 12
split_gain=723.396 278.435 114.682 92.033 83.9068 70.3387 66.1239 58.6857 51.5088 50.1466 39.9648 23.0924 10.5569 9.26994
threshold=5.5000000000000009 0.089159953521655663 5.5000000000000009 5.2529069767441863 14.500000000000002 7.5000000000000009 0.054836487487793288 37.850757575757584 453.00000000000006 38.420344827586213 4.9023809523809536 4.5000000000000009 1.5000000000000002 0.13028320917741135
decision_type=8 10 2 8 2 10 8 10 10 10 8 2 2 10
left_child=2 3 4 11 9 8 -5 -6 -3 -1 -7 -2 -4 -14
right_child=1 5 12 6 7 10 -8 -9 -10 -11 -12 -13 13 -15
leaf_value=0.01948683040196237 0.0047700600396346909 -0.0059875973848389124 0 -0.016030497014304649 0.010869450729391742 0.0094777763893484947 -0.0079211010523754892 0.0027349404392218641 0.017683784847305442 0.0080479592984051638 -0.004981920819629262 -0.0080142881092868656 -0.015024313461976996 0
leaf_weight=956.64799189567566 378.75165371596813 88.80610116943717 115.91391460224986 2148.0079213455319 1521.2263823784888 236.41062971949577 1770.8243776187301 1817.8103825524449 429.79658279195428 644.64151440933347 582.05278967320919 183.43049228191376 184.07011346891522 33.380054246634245
leaf_count=9899 6187 1352 1496 51227 15825 2950 36654 20658 5022 7366 9683 3278 2573 358
internal_value=7.87737e-05 -0.00719882 0.00813525 -0.0107913 0.00930015 0.00472448 -0.0124191 0.0064965 0.0133253 0.0150146 -0.000590936 0.000300401 -0.00856716 -0.0124239
internal_weight=11091.8 5818.08 5273.69 4481.01 4940.33 1337.07 3918.83 3339.04 518.603 1601.29 818.463 562.182 333.364 217.45
internal_count=174528 116353 58175 97346 53748 19007 87881 36483 6374 17265 12633 9465 4427 2931
is_linear=0
shrinkage=0.03


Tree=36
num_leaves=15
num_cat=0
split_feature=14 12 5 14 11 7 9 11 7 11 12 9 2 12
split_gain=680.832 265.208 107.462 89.7388 81.3332 69.4729 69.3021 61.2422 43.7543 43.3153 16.4447 12.9755 10.0587 8.97481
threshold=5.5000000000000009 0.089159953521655663 5.5000000000000009 9.5000000000000018 5.7470930232558155 449.00000000000006 14.500000000000002 4.9023809523809536 453.00000000000006 7.0086206896551735 0.077967457084962652 11.500000000000002 1.5000000000000002 0.13028320917741135
decision_type=8 10 2 10 10 10 2 10 10 8 10 2 2 10
left_child=2 3 4 5 6 -2 -1 8 -3 -5 -6 -9 -4 -14
right_child=1 7 12 9 10 -7 -8 11 -10 -11 -12 -13 13 -15
leaf_value=0.016363965071256554 -0.016583916684450757 -0.00554295169227873 0 -0.008876983148561491 -0.00250598448281037 -0.0049448130761762209 0.0078529967536026032 0.010332823206336217 0.011319833103423849 -0.020389986116078975 0.006554969121600948 -0.0075401644819629351 -0.014767801078612397 0
leaf_weight=1347.3658019788563 598.92593387886882 150.17848321050406 115.91391460224986 514.91761891916394 566.80333818495274 2331.0702531076968 2804.7541507333517 29.915646407753229 823.88366909325123 992.70776061713696 256.35434547811747 338.13648789748549 181.77132458239794 33.380054246634245
leaf_count=13489 13440 2328 1496 11557 8489 45758 28661 506 10183 26591 3109 5990 2573 358
internal_value=7.48024e-05 -0.00703218 0.00784339 -0.0105738 0.0089604 -0.00739929 0.0106673 0.00456246 0.00855173 -0.0165993 0.000157264 -0.00556632 -0.00838043 -0.0121791
internal_weight=11086.1 5779.74 5306.34 4437.62 4975.28 2930 4152.12 1342.11 974.062 1507.63 823.158 368.052 331.065 215.151
internal_count=174528 116353 58175 97346 53748 59198 42150 19007 12511 38148 11598 6496 4427 2931
is_linear=0
shrinkage=0.03


Tree=37
num_leaves=15
num_cat=0
split_feature=11 11 7 9 10 11 11 9 7 11 11 21 7 7
split_gain=366.305 218.155 174.774 109.742 67.1206 36.3192 25.4774 19.0007 18.0917 14.3221 7.78786 7.15497 6.90512 4.03152
threshold=4.8360215053763449 7.0960061443932423 451.00000000000006 13.500000000000002 0.040408163265306128 2.3431372549019613 6.1441558441558453 12.500000000000002 523.00000000000011 3.1270161290322585 8.6035714285714295 1.0000000180025095e-35 489.00000000000006 481.00000000000006
decision_type=8 10 10 2 10 10 8 2 10 10 10 2 10 10
left_child=4 2 6 -4 9 12 -2 13 -7 -1 -9 -11 -6 -3
right_child=1 7 3 -5 5 8 -8 10 -10 11 -12 -13 -14 -15
leaf_value=0.026126811235846304 -0.00052594175627300639 -0.0084651291677649322 0.0090824851889802528 -0.00096272304978364234 0.0097466327125836135 0.003743198027301491 -0.012625523916202164 -0.013164113291759852 0.014372542468143016 0.015345006817987457 -0.020258708471111334 0.0020616316846882865 0.023311859723931291 0
leaf_weight=166.40997075662017 213.09190949052572 101.49062203243375 1253.2784344740212 4327.1214075796306 140.28206039220095 1718.0864740014076 1114.8386756032705 658.86703238263726 168.66455123201013 511.95136651396751 423.84668892621994 69.969391211867332 123.4243449755013 89.40100122243166
leaf_count=1384 3369 2257 19055 70503 1321 19376 21834 14216 1870 4965 10559 765 1131 1923
internal_value=6.88347e-05 -0.00316457 -0.0010336 0.00127254 0.00923664 0.00640499 -0.0108057 -0.0145569 0.00480817 0.0170783 -0.0161597 0.0140346 0.0169695 -0.00452025
internal_weight=11080.7 8181.94 6908.33 5580.4 2898.79 2150.46 1327.93 1273.61 1886.75 748.331 1082.71 581.921 263.706 190.892
internal_count=174528 143716 114761 89558 30812 23698 25203 28955 21246 7114 24775 5730 2452 4180
is_linear=0
shrinkage=0.03


Tree=38
num_leaves=15
num_cat=0
split_feature=14 14 13 9 7 14 7 14 13 7 17 14 13 13
split_gain=626.695 203.152 136.002 77.0672 74.312 66.7868 47.3415 41.579 29.436 25.7052 21.4334 19.4303 15.8462 9.69556
threshold=4.5000000000000009 9.5000000000000018 0.083045973594612701 14.500000000000002 465.00000000000006 1.5000000000000002 451.00000000000006 2.5000000000000004 0.0704475214029925 511.00000000000006 38.420344827586213 3.5000000000000004 0.0677309576369967 0.125045720555962
decision_type=8 10 10 2 10 10 10 10 10 10 10 10 8 10
left_child=3 2 4 10 -2 9 -4 -7 -3 -5 11 -1 -12 -10
right_child=1 8 6 5 -6 7 -8 -9 13 -11 12 -13 -14 -15
leaf_value=0.019588383554657886 -0.011824087415210415 -0.018242562462670035 -0.0076306499341066607 -0.0056743780980293198 -0.0023950006291122471 0.0130362017614006 0.0073553976891036982 0.004733533040495422 -0.010671494514943284 0.009355457865357809 0.0010913041674284697 0.007123567617158582 0.012613818472879901 0
leaf_weight=740.75694584101439 1232.1394388265908 978.03805118054152 210.67108031362295 523.4028596803546 2064.7755863443017 951.94507713615894 1225.6119788400829 1483.1969883777201 743.05802963674068 116.70541097596288 195.55564360320568 190.74163583666086 364.66693479567766 56.00500113889575
leaf_count=6981 24999 25337 3987 6556 36806 7861 18761 15859 16897 1362 2155 2090 3728 1149
internal_value=6.68248e-05 -0.00589434 -0.00260209 0.00859453 -0.00597688 0.00578187 0.00503435 0.00806074 -0.014547 -0.00265033 0.014254 0.0172478 0.0089023 -0.00975173
internal_weight=11077.3 6510.3 4733.2 4566.97 3296.92 3075.25 1436.28 2435.14 1777.1 640.108 1491.72 931.499 560.223 799.063
internal_count=174528 127936 84553 46592 61805 31638 22748 23720 43383 7918 14954 9071 5883 18046
is_linear=0
shrinkage=0.03


Tree=39
num_leaves=15
num_cat=0
split_feature=12 11 11 7 13 17 17 9 9 17 11 11 10 11
split_gain=424.233 190.64 149.527 99.4118 74.8535 58.1573 49.6981 36.4801 27.9244 26.9438 21.8184 18.542 12.8621 11.9641
threshold=0.065684702719989205 5.8352713178294584 4.8360215053763449 465.00000000000006 0.079275444909822509 39.347017543859657 37.680322580645168 14.500000000000002 15.500000000000002 37.201250000000009 7.496376811594204 6.8355855855855863 0.03883861236802414 7.2025641025641036
decision_type=10 8 10 10 8 10 8 2 2 8 10 10 10 10
left_child=1 8 3 6 9 -5 -2 13 -1 -3 -9 -6 -10 -4
right_child=2 4 7 5 11 -7 -8 10 12 -11 -12 -13 -14 -15
leaf_value=0.0062975670347582523 0.0111504002572024 -0.0017935091275223768 0.0064159535416202593 0.012795820845790704 -0.00044240024944966082 -0.0011809029249921375 -0.0024163672940959555 -0.0028418516773129981 0.0042328554966076853 -0.013716791447779196 -0.013934022159843044 -0.010685436783842952 -0.0041895430415426274 -0.003291743482030535
leaf_weight=809.48065895214677 325.92004654556513 217.21140529960394 458.78461629152298 2745.0156521201134 772.73926024883986 274.44906334206462 883.06152482330799 926.43396127596498 214.13600238412619 2363.4723144136369 207.06609388440847 207.99702748656273 539.80431860685349 125.5855231769383
leaf_count=10844 3399 4282 6813 29676 14551 3692 12161 14277 2619 52848 4255 4741 7850 2520
internal_value=6.45051e-05 -0.00624426 0.00552761 0.0085634 -0.0100819 0.011476 0.00114829 -0.00186094 0.00240646 -0.0127767 -0.0050522 -0.00281012 -0.00158762 0.00406496
internal_weight=11071.2 5124.84 5946.32 4228.45 3561.42 3019.46 1208.98 1717.87 1563.42 2580.68 1133.5 980.736 753.94 584.37
internal_count=174528 97735 76793 48928 76422 33368 15560 27865 21313 57130 18532 19292 10469 9333
is_linear=0
shrinkage=0.03


Tree=40
num_leaves=15
num_cat=0
split_feature=12 11 11 12 5 11 5 5 12 12 20 0 10 5
split_gain=395.582 163.215 126 102.102 86.0345 34.6861 29.8812 27.6506 26.4802 20.4984 16.8701 11.9771 11.3219 6.95328
threshold=0.058372470766358715 6.1012820512820518 5.8352713178294584 0.1335014694869068 5.5000000000000009 8.2546296296296315 3.5000000000000004 4.5000000000000009 0.099825250367592613 0.040679393172841367 7.5000000000000009 1175.0000000000002 0.11483516483516486 4.5000000000000009
decision_type=10 10 8 10 2 10 2 2 10 8 2 2 10 2
left_child=2 3 7 4 -2 9 -5 12 11 -4 -9 -3 -1 -10
right_child=1 8 5 6 -6 -7 -8 10 13 -11 -12 -13 -14 -15
leaf_value=0.0063714946951360305 0.0051049793407394123 0.00083894292393743249 -0.012082737017443224 0.017745966212889028 -0.012046637160213414 -0.019528102710151981 0.007488072236936618 0.0069647810320947892 0.0052874896352957581 -0.0063229606601884862 -0.010558593162186047 -0.010689196741392477 0 -0.0046384360464981258
leaf_weight=475.74869102239609 4283.71909423545 64.030250892043114 1349.9297654181719 750.84810555353761 271.05127413198352 385.75108920969069 502.42903447523713 46.808380778878927 161.61636815220118 1258.1734443120658 251.01511612907052 703.99162087589502 461.95989035815001 86.571358755230904
leaf_count=5957 56267 1265 29818 6690 4165 10291 4801 706 2420 25901 4114 14343 6176 1403
internal_value=-0.000225992 0.00422694 -0.00744288 0.00618114 0.00403931 -0.0107671 0.013799 0.0005021 -0.0067708 -0.00937899 -0.00723961 -0.00953484 0.0031454 0.00120952
internal_weight=11053.6 6824.26 4229.39 5808.05 4554.77 2993.85 1253.28 1235.53 1016.21 2608.1 297.823 768.022 937.709 248.188
internal_count=174317 91354 82963 71923 60432 66010 11491 16953 19431 55719 4820 15608 12133 3823
is_linear=0
shrinkage=0.03


Tree=41
num_leaves=15
num_cat=0
split_feature=14 12 5 13 12 14 12 14 16 5 14 7 7 2
split_gain=545.773 220.736 100.285 82.0189 55.9077 50.8651 50.0701 35.9611 33.6196 32.6142 32.1109 19.8695 16.2644 14.5261
threshold=5.5000000000000009 0.082731045909594264 4.5000000000000009 0.079275444909822509 0.095623877812208477 1.5000000000000002 0.12808140361765127 10.500000000000002 7.0000000000000009 5.5000000000000009 8.5000000000000018 497.00000000000006 503.00000000000006 2.5000000000000004
decision_type=8 10 2 8 10 10 10 10 8 2 10 10 10 2
left_child=2 3 4 7 5 -1 9 -2 -8 -3 -5 -4 -6 -13
right_child=1 6 11 10 12 -7 8 -9 -10 -11 -12 13 -14 -15
leaf_value=-0.0025517049309289499 -0.010972965215615794 0.00078563021524479502 -0.0052722356590250274 -0.00017107935622110354 0.011203149905111424 0.0078072149945886413 0.0013182297345876726 -0.019110744361104704 0.017825090495247494 -0.017472999578814735 -0.010002164852498545 0.0079558986526674178 0.019706948471047418 -0.0031730867374056564
leaf_weight=493.961624417454 2021.8817858509719 961.89000048115849 611.74511476606131 819.81167823448777 1199.781209114939 2345.1248498633504 223.98394962027669 772.84834531508386 268.51427178457379 91.014022972434759 497.08414714410901 239.22159726172686 341.42720169574022 158.51199752092361
leaf_count=6460 44903 15022 7644 15288 10290 26034 2999 21490 2931 1673 11961 2861 2845 1916
internal_value=-0.000220628 -0.00673963 0.00659372 -0.0103772 0.0085625 0.00595085 0.00284393 -0.0133071 0.0107081 -0.000725997 -0.00401926 -0.00180138 0.0132417 0.00316379
internal_weight=11046.8 5657.03 5389.77 4111.63 4380.29 2839.09 1545.4 2794.73 492.498 1052.9 1316.9 1009.48 1541.21 397.734
internal_count=174317 116267 58050 93642 45629 32494 22625 66393 5930 16695 27249 12421 13135 4777
is_linear=0
shrinkage=0.03


Tree=42
num_leaves=15
num_cat=0
split_feature=12 12 13 9 13 23 13 9 3 13 13 12 9 12
split_gain=359.904 136.17 84.1104 74.4151 32.118 31.247 25.2712 21.8406 18.743 15.7972 15.1931 14.5739 12.1266 11.1733
threshold=0.058372470766358715 0.13028320917741135 0.057326722982638426 13.500000000000002 0.09756754979948723 5.5000000000000009 0.059706183100837744 15.500000000000002 2.5000000000000004 0.088124382459357845 0.11667351410572448 0.17289439897287759 12.500000000000002 0.042259219285793008
decision_type=10 10 8 2 10 2 8 2 2 8 10 10 2 8
left_child=2 3 12 6 -5 9 -2 11 -7 -4 -9 -3 -1 -14
right_child=1 7 5 4 -6 8 -8 10 -10 -11 -12 -13 13 -15
leaf_value=-0.0041131111104828694 0 0.012485446080999048 -0.0072597068395093842 -0.0014219338085833123 0.0053196600618281818 -0.0081957336723206785 0.010243954222870747 0.0062054253834243518 0.0046990900836956393 -0.00083847192345069788 0.018288885274082792 0.024244518527498184 -0.015755105503878798 -0.0090768869369372857
leaf_weight=194.32981146685779 261.48964409530163 422.54668278992176 1385.8387539871037 3375.0917255170643 777.05293237045407 115.88295781798661 1016.5147322379053 668.00034273043275 505.99450215138495 534.27167428657413 131.10732093453407 204.53977749496698 924.47098793648183 520.99411747418344
leaf_count=4017 4066 4090 26879 49829 10445 2101 13655 6393 9160 9547 1215 1661 20552 10707
internal_value=-0.000215507 0.00400024 -0.0071599 0.00179632 -0.000119315 -0.00364696 0.00811319 0.0122512 0.00201074 -0.00555773 0.00847586 0.0167197 -0.0124868 -0.0134911
internal_weight=11038.1 6856.34 4181.78 5430.15 4152.14 2541.99 1278 1426.19 621.877 1920.11 799.108 627.086 1639.79 1445.47
internal_count=174317 91354 82963 77995 60274 47687 17721 13359 11261 36426 7608 5751 35276 31259
is_linear=0
shrinkage=0.03


Tree=43
num_leaves=15
num_cat=0
split_feature=14 12 5 13 7 5 14 14 13 14 10 7 12 2
split_gain=507.877 203.497 93.3273 80.63 49.2221 40.5129 36.0406 33.6517 33.5098 32.3167 31.4224 18.6307 13.8069 13.5856
threshold=5.5000000000000009 0.085150788921644474 4.5000000000000009 0.079275444909822509 477.00000000000006 5.5000000000000009 10.500000000000002 1.5000000000000002 0.057741683963144781 8.5000000000000018 0.03883861236802414 497.00000000000006 0.1246562740230117 2.5000000000000004
decision_type=8 10 2 8 10 2 10 10 8 10 10 10 8 2
left_child=2 3 4 6 7 8 -2 -1 -3 -5 -6 12 -4 -13
right_child=1 5 11 9 10 -7 -8 -9 -10 -11 -12 13 -14 -15
leaf_value=-0.0034955242567736504 -0.01055167991410696 -0.0044562524674673218 -0.0073605624079991537 -9.5743759575769702e-06 0.014848412374956974 -0.013450695613894201 -0.018699642629396447 0.0064757728182951689 0.0070122423153541544 -0.009715747869317377 0.0073139595083428132 0.0076179837437476989 0.0034965679866574679 -0.0031258059605278961
leaf_weight=342.28969177603722 2029.9334928784519 270.84181082248688 500.05399014800787 852.8987450748682 1185.3660123646259 114.17545941472054 765.60350797325373 1797.8513274714351 1071.1212815381587 508.57014726474881 1085.3200613111258 241.00261727720499 109.30533249303699 158.24591708183289
leaf_count=4185 45605 4150 6574 15813 11764 1944 21748 18678 14712 12295 11002 2861 1070 1916
internal_value=-0.000209252 -0.00654417 0.00632443 -0.00993029 0.00821149 0.0030208 -0.0128661 0.00480663 0.0045783 -0.00376732 0.0113371 -0.00177982 -0.00515627 0.00300253
internal_weight=11032.6 5613.14 5419.43 4157.01 4410.83 1456.14 2795.54 2140.14 1341.96 1361.47 2270.69 1008.61 609.359 399.249
internal_count=174317 116267 58050 95461 45629 20806 67353 22863 18862 28108 22766 12421 7644 4777
is_linear=0
shrinkage=0.03


Tree=44
num_leaves=15
num_cat=0
split_feature=13 5 17 7 17 5 17 18 7 20 5 10 20 15
split_gain=220.565 141.037 110.066 106.625 57.6634 55.1671 35.098 15.5392 9.72972 7.04948 6.08226 5.5104 5.06815 0.019944
threshold=0.057741683963144781 5.5000000000000009 39.301612903225816 441.00000000000006 39.351190476190489 4.5000000000000009 37.820526315789486 9.5000000000000018 441.00000000000006 6.5000000000000009 5.5000000000000009 0.30217391304347835 2.5000000000000004 34.500000000000007
decision_type=8 2 10 10 8 2 10 2 10 2 2 10 2 8
left_child=4 2 3 -2 5 6 -1 -4 -6 13 -7 -11 -10 -3
right_child=1 9 7 -5 8 10 -8 -9 12 11 -12 -13 -14 -15
leaf_value=0.0043863992613819448 -0.007336692530736301 0 -0.0037863058246534434 0.0061573441296154958 -0.021426569275923537 -0.0087805588687200307 -0.0047575514508042425 -0.014090607822780446 -0.0079291319981965817 -0.01289702925229627 -0.017679204315334617 0 -0.014545062316169519 0.0010364588369475463
leaf_weight=581.44437519460917 564.64937523007393 13.561216730624439 729.62946104444563 5897.6470680087805 157.97830383479595 314.48740572109818 1019.4062180332839 184.01845785416663 401.30315307341516 541.55821429006755 204.036057587713 30.778462592512369 372.77402644604445 11.708976028487085
leaf_count=8280 9558 230 12437 80550 4022 6038 17607 4312 8254 9900 4477 424 7983 245
internal_value=-0.000205475 0.00240573 0.00355922 0.00495034 -0.00707054 -0.00421402 -0.00133966 -0.00609038 -0.0133487 -0.0114937 -0.0127041 -0.0122015 -0.0113806 0
internal_weight=11025 7973.55 7375.94 6462.3 3051.43 2119.37 1600.85 913.648 932.055 597.607 518.523 572.337 774.077 25.2702
internal_count=174317 117656 106857 90108 56661 36402 25887 16749 20259 10799 10515 10324 16237 475
is_linear=0
shrinkage=0.03


Tree=45
num_leaves=15
num_cat=0
split_feature=14 12 13 11 14 17 5 11 5 9 13 14 7 12
split_gain=535.082 203.098 106.78 89.0594 61.5544 55.1476 44.4936 38.5284 37.5212 32.4272 30.7255 29.5989 18.5783 15.304
threshold=5.5000000000000009 0.10431309222865907 0.051730509468104091 3.4037037037037039 8.5000000000000018 38.333974358974366 4.5000000000000009 5.2472222222222227 3.5000000000000004 14.500000000000002 0.061859706625547968 1.5000000000000002 499.00000000000006 0.067258414277728398
decision_type=8 10 8 10 10 10 2 8 2 2 10 10 10 8
left_child=3 2 7 5 -4 9 11 -2 10 -1 -3 -5 -8 -7
right_child=1 8 4 6 -6 13 12 -9 -10 -11 -12 -13 -14 -15
leaf_value=0.021239134817333364 0 -0.00059666854707625351 -0.0027683975895944151 -0.0029827605867985617 -0.01122150627288988 -0.00026428662438787601 -0.0059917718923598162 -0.017915558112600143 -0.00080659455475670151 0.011184355307284748 0.015048066685583906 0.0069019292709333446 0.0030634135547325837 0.0076771013558014668
leaf_weight=486.78138983622193 102.83917112648487 127.69369901716709 2084.9669084884226 291.72181205451488 1299.6328350994736 312.7607127726078 525.7531815469265 1179.0007291231304 358.80578599870205 1110.9039027988911 430.91713419556618 1923.7834524549544 302.9181534089148 521.3867128379643
leaf_count=4282 1828 1739 39520 3927 32581 3710 6924 30462 5115 10190 5222 20737 3822 4745
internal_value=0.000117804 -0.00640019 -0.00894945 0.00679131 -0.00607028 0.0110934 0.00329283 -0.016382 0.00638225 0.0143981 0.0112321 0.00552905 -0.00250323 0.00453692
internal_weight=11059.9 5583.86 4666.44 5476.01 3384.6 2431.83 3044.18 1281.84 917.417 1597.69 558.611 2215.51 828.671 834.147
internal_count=174804 116467 104391 58337 72101 22927 35410 32290 12076 14472 6961 24664 10746 8455
is_linear=0
shrinkage=0.03


Tree=46
num_leaves=15
num_cat=0
split_feature=14 12 12 12 14 9 20 14 14 14 9 12 9 18
split_gain=503.938 192.585 85.5898 67.3504 60.9229 59.5056 39.3625 30.3387 29.9249 21.9467 13.5029 13.1216 9.51913 3.96252
threshold=5.5000000000000009 0.10431309222865907 0.040679393172841367 0.15423450817666493 8.5000000000000018 15.500000000000002 4.5000000000000009 5.5000000000000009 3.5000000000000004 7.5000000000000009 11.500000000000002 0.12246670187173621 14.500000000000002 3.5000000000000004
decision_type=8 10 8 10 10 2 2 10 10 8 2 10 2 2
left_child=3 2 9 5 -4 8 -7 11 -1 -2 -9 -3 13 -5
right_child=1 7 4 12 -6 6 -8 10 -10 -11 -12 -13 -14 -15
leaf_value=0.011128075566788026 -0.0057444111756598136 0.0031246776886304276 -0.0028428784139446278 0.026168195273876219 -0.011352386418412094 0.0069310859889991942 -0.00085241889305212018 0.016250604361354105 0.0037602467524144923 -0.017240310875143439 0 0.016733352586292754 0.012529648522156135 0.0063870453810690227
leaf_weight=1595.4092535600066 230.10856895521283 128.53313428163528 2071.3583079949021 141.4554596170783 1257.1459378749132 905.34363536909223 1557.8126395866275 44.228684712201357 834.61212734133005 1070.2904961183667 497.37144201248884 252.23189209029078 431.20402663946152 37.195335388183594
leaf_count=15671 5075 1621 38954 1027 31536 9489 17752 603 10724 28826 7271 2581 3397 277
internal_value=0.000112468 -0.0062484 -0.00875506 0.00655617 -0.00611405 0.00532731 0.00195591 0.00614897 0.00867205 -0.0153508 0.00124541 0.0126284 0.0160484 0.0231525
internal_weight=11054.3 5551.27 4628.9 5503.03 3328.5 4893.18 2463.16 922.365 2430.02 1300.4 541.6 380.765 609.855 178.651
internal_count=174804 116467 104391 58337 70490 53636 27241 12076 26395 33901 7874 4202 4701 1304
is_linear=0
shrinkage=0.03


Tree=47
num_leaves=15
num_cat=0
split_feature=12 12 5 23 9 5 16 9 12 18 12 9 12 9
split_gain=303.399 135.299 91.3456 54.4417 49.043 30.758 22.6884 19.8075 17.658 17.5877 12.3872 11.2671 9.4026 5.84166
threshold=0.058372470766358715 0.1335014694869068 5.5000000000000009 5.5000000000000009 13.500000000000002 3.5000000000000004 7.0000000000000009 11.500000000000002 0.039414772369317834 9.5000000000000018 0.18772033389258272 11.500000000000002 0.043012663937402773 11.500000000000002
decision_type=10 10 2 2 2 2 8 2 8 2 10 2 10 2
left_child=3 2 4 7 -2 10 9 -1 -9 -5 -3 -7 -8 -4
right_child=1 5 13 6 -6 11 12 8 -10 -11 -12 -13 -14 -15
leaf_value=0 0.0080846461245364879 0.013257260271621264 0 0.0039252416852661384 0.0011783647809596612 0.019832286654352292 -0.012853466965393941 -0.011820826623132148 -0.0066310724387295805 -0.0082842784222788481 0.023885321632299325 0.0046996456619904647 0 -0.012924745471682412
leaf_weight=201.63064084760845 1242.0382527541369 629.66791969165206 29.776202797889709 694.56743402779102 3885.1591378916055 54.270305577665567 151.39371533691883 1272.0601816605777 1569.7407437097281 114.665890596807 195.39063319191337 539.99809690564871 99.794645503163338 368.05612471140921
leaf_count=3818 16642 5600 502 12288 55090 482 3430 28037 30536 2940 1470 5304 2005 6660
internal_value=0.00010981 0.00394405 0.00178507 -0.00633872 0.00288685 0.0122073 -0.000333409 -0.00837796 -0.00902351 0.00197072 0.0160836 0.00648585 -0.00823553 -0.0119017
internal_weight=11048.2 6944.36 5525.03 4103.85 5127.2 1419.33 1060.42 3043.43 2841.8 809.233 825.059 594.268 251.188 397.832
internal_count=174804 91750 78894 83054 71732 12856 20663 62391 58573 15228 7070 5786 5435 7162
is_linear=0
shrinkage=0.03


Tree=48
num_leaves=15
num_cat=0
split_feature=14 11 7 11 14 5 9 7 14 2 11 14 14 0
split_gain=467.996 130.142 108.567 78.9846 71.4148 39.7173 36.2258 32.6568 27.3062 20.5874 12.306 11.8997 10.529 10.0246
threshold=5.5000000000000009 6.7470930232558155 439.00000000000006 3.4037037037037039 10.500000000000002 4.5000000000000009 13.500000000000002 471.00000000000006 1.5000000000000002 2.5000000000000004 9.5131578947368443 3.5000000000000004 6.5000000000000009 1075.0000000000002
decision_type=8 10 10 10 10 2 2 10 10 2 10 10 8 2
left_child=3 2 12 6 -4 8 11 -8 -5 -7 13 -1 -2 -3
right_child=1 10 4 5 -6 9 7 -9 -10 -11 -12 -13 -14 -15
leaf_value=0.019730643207174395 0 0 -0.00014604308951367406 -0.0030809159011878687 -0.010490611973586472 0.0011754817234156648 0.0028389173267751606 0.011272651608309175 0.0063934224018136771 -0.0081937650433326487 -0.023104308779767466 0.0070060785733910853 -0.018806024948666924 -0.014053129088350193
leaf_weight=442.80124709010124 37.418985050171614 42.879328122362494 3249.3815814331174 292.54993671178818 740.72993761487305 490.18141308054328 733.79908150061965 1157.3638208657503 1944.8680608049035 338.02367783710361 216.78292163088918 134.39901266619563 426.24161923117936 797.73501157201827
leaf_count=3675 763 1093 58379 3927 18172 6293 7303 10492 20737 4453 6487 1457 10527 21046
internal_value=0.00010671 -0.00606476 -0.00376473 0.00627974 -0.0021147 0.0029867 0.0102946 0.00809546 0.00508362 -0.00249468 -0.015548 0.017111 -0.0174702 -0.0132969
internal_weight=11045.2 5511.17 4453.77 5533.99 3990.11 3065.62 2468.36 1891.16 2237.42 828.205 1057.4 577.2 463.661 840.614
internal_count=174804 116467 87841 58337 76551 35410 22927 17795 24664 10746 28626 5132 11290 22139
is_linear=0
shrinkage=0.03


Tree=49
num_leaves=15
num_cat=0
split_feature=14 12 11 14 11 20 9 5 7 11 16 5 5 14
split_gain=441.133 175.021 85.5582 80.0852 73.4332 37.4838 33.2076 32.1875 30.1372 29.2048 21.553 20.9671 16.1097 10.6007
threshold=5.5000000000000009 0.10431309222865907 5.8352713178294584 7.5000000000000009 3.4037037037037039 8.5000000000000018 13.500000000000002 3.5000000000000004 471.00000000000006 5.7470930232558155 5.0000000000000009 4.5000000000000009 4.5000000000000009 3.5000000000000004
decision_type=8 10 8 10 10 2 2 2 10 10 8 2 2 10
left_child=4 2 11 -4 6 9 13 10 -8 -6 -3 -2 -7 -1
right_child=1 7 3 -5 5 12 8 -9 -10 -11 -12 -13 -14 -15
leaf_value=0.018885048330306863 0.0032787937893929181 0.0010242946612944437 -0.006076907734701275 -0.015187595176576892 0.0080557242328284564 0.001892391418285925 0.002748446920759995 -0.00083023822289770698 0.010846450366733245 8.5858038537199911e-05 0.014357028361894465 -0.006284602226229165 -0.0051632978489421178 0.0067672994424459272
leaf_weight=448.87797383964062 586.36802456900477 188.63927360251546 1946.383037481457 1708.1886738110334 1282.9376345910132 584.189149081707 735.35535811632872 358.92595513537526 1166.8055141158402 666.6280369348824 381.34228987619281 311.81181175261736 538.8990279212594 135.13199257850647
leaf_count=3675 10297 2677 39999 47911 12676 6450 7303 5115 10492 9297 4284 6184 6987 1457
internal_value=0.000101168 -0.00592104 -0.00835492 -0.0103913 0.00606672 0.00288843 0.00992087 0.00582812 0.00780991 0.00541447 0.0102526 0 -0.0013681 0.0164171
internal_weight=11040.5 5481.66 4552.75 3654.57 5558.82 3072.65 2486.17 928.908 1902.16 1949.57 569.982 898.18 1123.09 584.01
internal_count=174804 116467 104391 87910 58337 35410 22927 12076 17795 21973 6961 16481 13437 5132
is_linear=0
shrinkage=0.03


Tree=50
num_leaves=15
num_cat=0
split_feature=14 12 14 15 14 14 14 12 17 17 17 9 17 14
split_gain=396.063 169.437 65.9337 61.1165 51.7362 49.8613 78.8819 38.178 33.8135 15.1903 11.315 9.17037 4.47935 4.28778
threshold=4.5000000000000009 0.058372470766358715 10.500000000000002 139.50000000000003 7.5000000000000009 1.5000000000000002 2.5000000000000004 0.13726305830152363 37.667156862745109 39.050862068965522 36.998780487804886 12.500000000000002 36.5014705882353 3.5000000000000004
decision_type=8 8 10 10 8 10 10 10 10 10 10 2 10 10
left_child=3 4 7 5 10 8 -7 -3 -1 -6 -2 -4 -5 -14
right_child=1 2 11 12 9 6 -8 -9 -10 -11 -12 -13 13 -15
leaf_value=0.0069373557373161414 0.0066541655341664464 -0.00080721638582584168 0 0.00069710387902896574 -0.012049370374145897 0.013947087760023272 0.0047608231026419513 0.0082410906811415767 -0.0047634647217280205 -0.01954444077493241 -0.0054155983816300485 -0.011546820489011702 -0.010610369117759475 0
leaf_weight=398.63525106757879 63.037945900112391 2528.0223622992635 82.5920146163553 19.653168044984341 1436.3555236179382 1452.7953984811902 2187.3490734919906 494.59805572777987 485.01704993471503 430.37558578327298 670.94067959487438 528.29974009655416 200.99146230891347 45.261767856776714
leaf_count=4351 1215 42876 1809 196 37367 11359 22324 5233 5979 13358 13561 12299 2150 507
internal_value=-0.000379454 -0.00537465 -0.00114034 0.00608978 -0.0112194 0.00693018 0.00848235 0.000634999 0.000355575 -0.0139051 -0.00413799 -0.0101019 -0.00751809 -0.00877156
internal_weight=11023.9 6234.22 3633.51 4789.7 2600.71 4523.8 3640.14 3022.62 883.652 1866.73 733.979 610.892 265.906 246.253
internal_count=174584 127718 62217 46866 65501 44013 33683 48109 10330 50725 14776 14108 2853 2657
is_linear=0
shrinkage=0.03


Tree=51
num_leaves=15
num_cat=0
split_feature=14 11 14 7 15 11 11 20 17 5 13 5 11 7
split_gain=373.064 142.665 112.34 84.2343 57.289 57.0817 54.1856 39.2984 34.8934 27.6427 14.8357 8.30781 8.00714 2.37097
threshold=4.5000000000000009 4.8360215053763449 7.5000000000000009 449.00000000000006 139.50000000000003 7.0086206896551735 3.2529069767441867 8.5000000000000018 38.467261904761912 5.5000000000000009 0.070910406525457187 3.5000000000000004 2.6282894736842111 495.00000000000006
decision_type=8 8 10 10 10 8 10 2 10 2 10 2 8 10
left_child=4 9 3 -3 6 -4 8 -8 -1 10 -2 13 -13 -6
right_child=1 2 5 -5 11 -7 7 -9 -10 -11 -12 12 -14 -15
leaf_value=0.013089858227011388 0.0020011023892700479 -0.013638084379058755 -0.005427442658087903 -0.00098427412653816953 -0.0034654480819122945 -0.015996881897932129 0.0065463534920676969 -0.001011719738671902 0.0038464095702739659 -0.009600506618281511 0.011059980807185827 0 -0.013830120652272107 0.0060186222678098051
leaf_weight=1392.4711901582778 318.4625759832561 585.60416321083903 767.55467749759555 2562.3793351948261 61.633832544088364 1410.0073154773563 1633.8477970659733 943.23795724660158 576.27173837646842 81.571701791137457 478.16036174446344 23.458555236458778 147.37469454482198 31.816845022141933
leaf_count=11611 4554 13131 18177 44346 661 40022 16576 10603 5223 1330 6158 212 1674 306
internal_value=-0.000369937 -0.00524269 -0.00710254 -0.00340367 0.00588236 -0.012361 0.00669057 0.00372533 0.0104768 0.00584231 0.00766074 -0.00732829 -0.01117 0
internal_weight=11013.9 6203.74 5325.55 3147.98 4810.11 2177.56 4545.83 2577.09 1968.74 878.195 796.623 264.284 170.833 93.4507
internal_count=174584 127718 115676 57477 46866 58199 44013 27179 16834 12042 10712 2853 1886 967
is_linear=0
shrinkage=0.03


Tree=52
num_leaves=15
num_cat=0
split_feature=14 11 7 14 14 14 20 17 11 11 7 13 11 6
split_gain=351.404 136.988 130.83 71.6114 53.5465 63.6964 37.4631 30.5055 24.0624 21.05 17.4352 16.4953 5.46542 5.32948
threshold=4.5000000000000009 7.0960061443932423 449.00000000000006 10.500000000000002 1.5000000000000002 2.5000000000000004 8.5000000000000018 37.667156862745109 3.2124060150375944 6.1441558441558453 513.00000000000011 0.12368696899481409 9.5131578947368443 51.250000000000007
decision_type=8 10 10 10 10 10 2 10 8 8 10 10 10 2
left_child=4 2 9 -4 7 6 -6 10 -7 -2 -1 -9 13 -3
right_child=1 12 3 -5 5 8 -8 11 -10 -11 -12 -13 -14 -15
leaf_value=0.0020320075877064215 -0.0032627948184910573 0 0.00062740760458640478 -0.0097241370970245541 0.014875427780631218 0.013115395467203956 0.0034515319542197847 -0.0069854105455345941 0.002876984726305599 -0.016139492136693179 0.018074093952790724 0.0097545802810324808 -0.021737975480680068 -0.014137654926856891
leaf_weight=379.1547565497458 176.74241923727095 23.839647172018886 3661.936063522473 710.37059692293406 1138.7232405692339 239.76087040454149 386.31376621872187 503.75242008641362 2058.1214813552797 700.30121923051775 76.642568472772837 47.760143958032131 210.91417107917368 690.09492626227438
leaf_count=4179 3195 689 63028 18004 8676 1903 3122 6304 21413 17527 757 512 6607 18668
internal_value=-0.000360488 -0.0051132 -0.0031939 -0.00102933 0.00568261 0.00730415 0.0121004 -0.000328922 0.00403655 -0.0137478 0.00522186 -0.0051916 -0.0157699 -0.0136592
internal_weight=11004.4 6174.2 5249.35 4372.31 4830.23 3822.92 1525.04 1007.31 2297.88 877.044 455.797 551.513 924.849 713.935
internal_count=174584 127718 101754 81032 46866 35114 11798 11752 23316 20722 4936 6816 25964 19357
is_linear=0
shrinkage=0.03


Tree=53
num_leaves=15
num_cat=0
split_feature=12 12 7 15 21 0 7 18 15 12 12 3 2 7
split_gain=247.205 81.2402 48.651 43.8093 41.4774 31.9338 21.1023 19.4575 16.1867 12.5934 9.24746 10.3161 7.26742 5.73343
threshold=0.057384363178806901 0.15423450817666493 439.00000000000006 84.500000000000014 1.0000000180025095e-35 1350.0000000000002 495.00000000000006 12.500000000000002 92.500000000000014 0.045979680851631781 0.20005144032921815 1.5000000000000002 1.5000000000000002 445.00000000000006
decision_type=10 10 10 8 2 2 10 2 8 8 10 2 2 10
left_child=3 2 8 5 -4 6 -1 -7 -2 13 11 -3 -11 -5
right_child=1 10 4 9 -6 7 -8 -9 -10 12 -12 -13 -14 -15
leaf_value=-0.0017308658200811615 -0.0033755214977134371 -0.0002640420604006995 0.004615527220972109 -0.020832188762682825 -0.00048558652220087681 -0.0051802393234962997 0.0098988568322626556 -0.015744156654074963 -0.017113227986762725 0 0.017136924701645708 0.010166692483813926 -0.0091317784754475131 -0.011711775770137132
leaf_weight=662.52314404211938 293.97033879905939 66.992369819432497 3344.7134569641203 148.38110250793397 2422.1303637959063 1673.8673641346395 170.70471335761249 191.29566765576601 126.17626100592315 146.10290884226561 244.12698988616467 596.19465093687177 300.48574772663414 606.79849869385362
leaf_count=13149 4410 595 45246 4192 33694 30869 3185 5512 2596 3147 1868 5245 6590 14286
internal_value=-0.000349802 0.00297078 0.00170835 -0.00642436 0.00244846 -0.00419975 0.000517619 -0.0063831 -0.00800672 -0.011257 0.0113584 0.00889444 -0.00647508 -0.0138264
internal_weight=10994.5 7094.3 6186.99 3900.16 5766.84 2698.39 833.228 1865.16 420.147 1201.77 907.314 663.187 446.589 755.18
internal_count=174584 93654 85946 80930 78940 52715 16334 36381 7006 28215 7708 5840 9737 18478
is_linear=0
shrinkage=0.03


Tree=54
num_leaves=15
num_cat=0
split_feature=14 11 14 7 11 15 11 17 21 14 11 11 7 17
split_gain=326.251 131.677 105.048 74.3816 54.3897 52.4058 48.6525 30.6914 29.9265 12.7288 7.45858 7.38888 5.25123 1.72745
threshold=4.5000000000000009 4.8360215053763449 7.5000000000000009 449.00000000000006 7.0086206896551735 146.50000000000003 3.2529069767441867 38.467261904761912 1.0000000180025095e-35 10.500000000000002 4.253571428571429 2.3431372549019613 495.00000000000006 38.925462962962975
decision_type=8 8 10 10 8 10 10 10 2 8 10 10 10 10
left_child=5 9 3 -3 -4 6 7 -1 -8 10 -2 12 -7 -11
right_child=1 2 4 -5 -6 11 8 -9 -10 13 -12 -13 -14 -15
leaf_value=0.012155019080453612 0.0098835952548397762 -0.012991831151589363 -0.0051300478384881387 -0.00093495279974411475 -0.015536823341291948 -0.0068659682764091699 0.0065655384354568322 0.0035279341106612652 2.0851719709872737e-05 0 0.0027879724725113899 -0.0122196606488601 0.0059100240330503427 -0.0093731174294953735
leaf_weight=1422.2838358283043 443.17687815800309 566.61480220593512 759.2405292391777 2557.903017565608 1371.2312969770283 59.354438100010157 1312.8430568538606 583.08938224986196 1291.7138064876199 122.32755807042122 298.48359665647149 139.36485273391008 43.459642827510834 17.813261203467846
leaf_count=11698 5472 13131 18177 44346 40022 600 13018 5248 14283 2025 4251 1625 394 294
internal_value=-0.000343087 -0.00495053 -0.00676339 -0.0031866 -0.0119191 0.00545247 0.00618705 0.0097362 0.00338348 0.00566109 0.00726663 -0.00776582 -5.0623e-05 -0.00175994
internal_weight=10988.9 6136.79 5254.99 3124.52 2130.47 4852.11 4609.93 2005.37 2604.56 881.801 741.66 242.179 102.814 140.141
internal_count=174584 127718 115676 57477 58199 46866 44247 16946 27301 12042 9723 2619 994 2319
is_linear=0
shrinkage=0.03


Tree=55
num_leaves=15
num_cat=0
split_feature=12 5 7 13 13 7 5 7 9 9 7 9 13 23
split_gain=247.104 114.76 81.2504 67.2256 41.9429 33.4248 33.2957 26.5607 12.891 10.7109 10.5702 9.4904 7.15175 3.1814
threshold=0.057696387193629455 5.5000000000000009 465.00000000000006 0.05129082044266723 0.10909953424184925 451.00000000000006 5.5000000000000009 439.00000000000006 11.500000000000002 15.500000000000002 441.00000000000006 12.500000000000002 0.12867932056543549 8.5000000000000018
decision_type=10 2 10 8 8 10 2 10 2 2 10 2 10 2
left_child=3 2 7 10 -4 9 -7 -2 -3 -5 13 -12 -10 -1
right_child=1 8 4 5 -6 6 -8 -9 12 -11 11 -13 -14 -15
leaf_value=-0.019956693641888641 -0.0071659540094983504 0.003154877411767956 0.0052286086663539382 -0.0047806112483899871 0.0132907778720025 -0.00026767572557610076 -0.012833360803784995 0.0011117110678445141 -0.013286626985997816 -0.014990489077062014 -0.00098573807664280918 -0.011298587975761472 0 0
leaf_weight=191.44559676758945 445.57917905412614 35.556907745078206 3983.6996276639402 246.56984692811966 720.64044820703566 1961.5272706020623 208.72734332829714 1476.4478163532913 409.67211443558335 249.3812804594636 124.72364830039442 912.9551515635103 23.32970878854394 8.8026745691895467
leaf_count=5204 7173 567 50028 5164 7655 36930 4798 20207 7227 5794 2720 20973 340 195
internal_value=1.81929e-06 0.00335045 0.00438338 -0.00604173 0.00650827 -0.00327013 -0.00157188 -0.000743055 -0.0108325 -0.0103123 -0.0118533 -0.0102136 -0.0123465 -0.0191635
internal_weight=10999.1 7094.93 6626.37 3904.13 4704.34 2666.21 2170.25 1922.03 468.559 495.951 1237.93 1037.68 433.002 200.248
internal_count=174975 93197 85063 81778 57683 52686 41728 27380 8134 10958 29092 23693 7567 5399
is_linear=0
shrinkage=0.03


Tree=56
num_leaves=15
num_cat=0
split_feature=14 14 9 5 17 14 17 5 10 10 21 14 23 9
split_gain=350.537 101.428 56.1506 53.5948 37.1505 36.401 31.2743 39.7864 30.3271 28.6605 26.3069 15.602 9.87208 9.62009
threshold=4.5000000000000009 10.500000000000002 15.500000000000002 5.5000000000000009 37.550806451612907 1.5000000000000002 38.420344827586213 4.5000000000000009 0.27429467084639503 0.11834733893557424 1.0000000180025095e-35 1.5000000000000002 3.5000000000000004 12.500000000000002
decision_type=8 10 2 2 8 10 10 2 10 10 2 10 2 2
left_child=2 3 6 4 -2 8 7 -1 -4 13 -7 -8 -11 -3
right_child=1 9 5 -5 -6 10 11 -9 -10 12 -12 -13 -14 -15
leaf_value=0.014401719121931025 0.004608009287010593 -0.0046303459685917356 -0.0098525371471045731 -0.013891184843863747 -0.0030132810842126083 0.0073059734527551037 -0.0037135408330761354 0.0016469287110287747 0.0049258525556394881 -0.0090660817330805773 0 0.0063495661432637959 0 -0.017184628977912474
leaf_weight=1216.9844629839063 657.20478467829525 101.31130357272923 324.56190052255988 362.6875367294997 3899.07319890894 1225.1940432414412 146.83410855382681 303.62842846289277 182.24446166679263 230.42661241069436 732.38925954699516 740.41946785524487 156.65735311061144 717.34224508889019
leaf_count=10557 11082 2914 4067 7852 74781 10935 1870 3355 1973 5497 7000 7016 3793 22283
internal_value=0 -0.00476391 0.00601348 -0.00280673 -0.00187724 0.00273471 0.00929443 0.011967 -0.00424903 -0.0125801 0.0046254 0.0045046 -0.00516649 -0.0158506
internal_weight=10997 6124.7 4872.26 4918.97 4556.28 2464.39 2407.87 1520.61 506.806 1205.74 1957.58 887.254 387.084 818.654
internal_count=174975 128202 46773 93715 85863 23975 22798 13912 6040 34487 17935 8886 9290 25197
is_linear=0
shrinkage=0.03


Tree=57
num_leaves=15
num_cat=0
split_feature=11 7 13 11 11 11 11 13 17 13 13 13 10 15
split_gain=221.179 144.632 89.7044 81.021 52.5941 40.7642 21.9122 10.8876 9.89071 7.63608 4.93797 4.40576 3.96641 3.32012
threshold=6.8588039867109645 439.00000000000006 0.078452460759610723 5.2529069767441863 4.3380952380952387 4.6708333333333343 7.6700680272108857 0.072003236245954713 38.020344827586214 0.069278481290705227 0.11773100558517004 0.12867932056543549 0.1101010101010101 99.500000000000014
decision_type=10 10 10 8 10 8 10 8 8 10 8 8 10 10
left_child=1 5 3 -3 -4 9 11 12 -7 -1 -9 13 -8 -2
right_child=6 2 4 -5 -6 8 7 10 -10 -11 -12 -13 -14 -15
leaf_value=-0.0030732805582051209 -0.0053915766585606855 0.0050920039639561062 0.0082615034226531849 -0.0029041001657368138 0.00055128835312403006 -0.00609765377875599 -0.01923166666220906 -0.0098647313671064111 -0.016660848129401884 0.0092825897642678217 0 0.0056374625518459667 -0.006147799744410579 -0.014898060915881766
leaf_weight=71.51848953962326 468.29610291309655 1775.6051638275385 2797.1901665814221 3166.8150351829827 1173.4213377479464 168.07116558589041 439.94259984977543 236.25005691871047 459.10156916081905 77.10832542553544 22.051724633201957 9.6296134497970325 65.614003153517842 60.957891162484884
leaf_count=750 10187 19616 32718 57237 17298 2725 12721 5886 10896 777 512 194 1857 1601
internal_value=0 0.00157264 0.00266937 0 0.00602422 -0.0107718 -0.0115709 -0.0149959 -0.014138 0.0024541 -0.00850202 -0.00634691 -0.0179042 -0.00689645
internal_weight=10991.6 9688.83 8913.03 4942.42 3970.61 775.8 1302.74 763.858 627.173 148.627 258.302 538.884 505.557 529.254
internal_count=174975 142017 126869 76853 50016 15148 32958 20976 13621 1527 6398 11982 14578 11788
is_linear=0
shrinkage=0.03


Tree=58
num_leaves=15
num_cat=0
split_feature=12 5 11 7 13 11 17 7 15 5 9 17 13 11
split_gain=224.613 103.877 103.273 74.1089 65.7019 55.213 43.393 24.862 20.356 16.9519 12.3952 7.9078 6.84336 4.3844
threshold=0.057696387193629455 5.5000000000000009 6.3854895104895117 477.00000000000006 0.050217395413901973 4.3380952380952387 37.898809523809533 445.00000000000006 113.50000000000001 4.5000000000000009 11.500000000000002 36.601190476190489 0.12867932056543549 5.6510869565217403
decision_type=10 2 8 10 8 10 8 10 10 2 2 8 10 10
left_child=2 3 8 6 11 -5 -2 -6 9 -1 13 -4 -12 -3
right_child=1 10 4 5 7 -7 -8 -9 -10 -11 12 -13 -14 -15
leaf_value=0.0037611025222677097 0.0056291337816709369 0.013335491395696761 0 0.0097709683994117533 -0.014548542104983259 0.0018594493719125275 -0.0019116321511108035 -0.0040807737678624544 -0.0098384301548120872 -0.0040116769439464345 -0.012896036144949165 -0.01711288124064176 0 -0.0019118353169469994
leaf_weight=983.01600037887692 1033.3394697029144 19.149748008698225 20.232760177925229 2351.720276221633 260.27329071424901 1279.5507049057633 1994.6775982864201 1348.1117399930954 146.4444450493902 318.86457117460668 402.02139779925346 791.48014151863754 23.275995267555118 16.292503634467721
leaf_count=13263 11890 249 452 24704 6914 19113 29356 30738 2623 5899 7227 21889 340 318
internal_value=0 0.00316828 -0.00580731 0.00413972 -0.0095959 0.00703083 0.000617307 -0.00590751 0.000431296 0.0017345 -0.0104441 -0.0166398 -0.0119582 0.00324762
internal_weight=10988.5 7120.03 3868.42 6659.29 2420.1 3631.27 3028.02 1608.39 1448.33 1301.88 460.74 811.713 425.297 35.4423
internal_count=174975 93197 81778 85063 59993 43817 41246 37652 21785 19162 8134 22341 7567 567
is_linear=0
shrinkage=0.03


Tree=59
num_leaves=15
num_cat=0
split_feature=14 13 20 5 17 7 7 14 14 5 5 15 17 17
split_gain=314.985 135.072 57.5745 56.2633 53.4199 52.9538 49.7357 45.4232 29.8038 22.2092 21.2328 15.8834 15.0587 7.54096
threshold=4.5000000000000009 0.072583486780786119 8.5000000000000018 5.5000000000000009 37.820526315789486 485.00000000000006 489.00000000000006 1.5000000000000002 9.5000000000000018 4.5000000000000009 5.5000000000000009 133.50000000000003 37.567028985507257 36.375337837837847
decision_type=8 8 2 2 10 10 10 10 10 2 2 10 10 10
left_child=2 5 4 6 11 8 -3 -6 -2 12 -7 -1 -4 -11
right_child=1 3 9 -5 7 10 -8 -9 -10 13 -12 -13 -14 -15
leaf_value=0.014115026102095658 -0.0093621424910835527 -0.0017211140521417063 0.0073351258727426824 -0.013355489001004216 -0.0067350177568300399 -0.0016566078059725088 0.0066648706361767474 0.0066118805531629925 -0.018219534272982282 0.0051319564385402146 -0.014303418851180284 0 0 -0.0050894689656953134
leaf_weight=1074.8100288435817 1478.7263093050569 1702.6529464945197 489.63642824068666 252.32047250121832 245.4155862107873 974.02386797405779 995.49738096818328 1928.011214800179 534.74809474498034 55.992602381855249 139.78757897391915 64.223432254046202 540.5589487478137 508.26549460366368
leaf_count=9297 32248 31849 4243 5556 2984 20835 16678 17559 17274 586 3762 630 5523 5951
internal_value=0 -0.00455799 0.00565566 0 0.00791339 -0.0088969 0.00132406 0.00502394 -0.0118281 0.000861397 -0.00343473 0.0132497 0.00355199 -0.00377551
internal_weight=10984.7 6077.76 4906.91 2950.47 3312.46 3127.29 2698.15 2173.43 2013.47 1594.45 1113.81 1139.03 1030.2 564.258
internal_count=174975 128202 46773 54083 30470 74119 48527 20543 49522 16303 24597 9927 9766 6537
is_linear=0
shrinkage=0.03


Tree=60
num_leaves=15
num_cat=0
split_feature=12 11 11 9 13 17 12 23 12 17 9 12 17 11
split_gain=195.062 90.3201 83.4836 67.1104 38.0334 36.0439 33.3431 29.8877 16.611 15.2957 13.5025 11.8058 10.4286 8.04599
threshold=0.054553304036322518 6.011111111111112 6.8588039867109645 15.500000000000002 0.060615729728684425 39.533974358974369 0.1335014694869068 5.5000000000000009 0.11085843568196511 37.150675675675686 12.500000000000002 0.031257879475542115 39.022649572649577 3.3397435897435903
decision_type=8 10 8 2 8 10 10 2 10 8 2 10 10 10
left_child=2 3 7 5 9 -2 -5 13 10 -4 -3 -6 -9 -1
right_child=1 8 4 6 11 -7 -8 12 -10 -11 -12 -13 -14 -15
leaf_value=0.0027297635725243123 0.0081359610326895461 0.00014032480062689033 0 -0.00053245434370961342 -0.011354182929219154 -0.0036419153267005988 0.006509749659168688 0.0084119290742663763 0.0028543606261760153 -0.01567725380249381 -0.0084284982437960575 -0.0034791933240662675 -0.002345410288547913 -0.0044907817757164374
leaf_weight=134.70193397253752 2853.6070415545255 166.3949450366199 64.724309209734201 2632.4138448853046 271.81101141497493 233.49742676131427 769.8393007516861 345.49591021053493 166.98551559448242 858.89947580546141 782.41588446497917 736.56112466752529 77.27678419277072 862.28626277297735
leaf_count=1371 33303 3386 1492 35982 6677 3527 6600 5195 2397 24361 17172 17045 1234 15041
internal_value=-2.76534e-05 0.00261583 -0.00606538 0.00398479 -0.0101198 0.00719217 0.0010242 -0.000426785 -0.00519432 -0.0146226 -0.00677564 -0.0057955 0.00609056 -0.00335677
internal_weight=10956.9 7605.15 3351.76 6489.36 1932 3087.1 3402.25 1419.76 1115.8 923.624 948.811 1008.37 422.773 996.988
internal_count=174783 102367 72416 79412 49575 36830 42582 22841 22955 25853 20558 23722 6429 16412
is_linear=0
shrinkage=0.03


Tree=61
num_leaves=15
num_cat=0
split_feature=14 12 14 7 5 12 14 14 10 7 14 23 7 5
split_gain=267.217 88.3478 59.8979 52.3698 56.4807 52.0759 26.1105 26.0412 22.5278 19.5783 16.7158 15.1565 14.9692 11.6339
threshold=6.5000000000000009 0.054553304036322518 1.5000000000000002 465.00000000000006 4.5000000000000009 0.062964939325665062 4.5000000000000009 2.5000000000000004 0.13714733542319751 491.00000000000006 9.5000000000000018 5.5000000000000009 451.00000000000006 4.5000000000000009
decision_type=10 8 10 10 2 10 8 10 10 10 10 2 10 2
left_child=1 2 12 6 -5 8 -3 -4 10 11 -2 -7 -1 -11
right_child=5 3 7 4 -6 9 -8 -9 -10 13 -12 -13 -14 -15
leaf_value=-0.016842566238391386 -0.0089945506941687941 0.0032937422991250426 0.0082948783607392843 0.0081358558614988107 -0.00053906319093571559 -0.0081771959335553961 -0.0043188285007082191 -0.0010311618747354768 -0.003806463778593382 0.0044214978420549812 -0.017180614090025859 0.0013162519015916551 -0.0061815594084939068 -0.0044894943357561999
leaf_weight=190.61875534243882 541.82708900421858 982.54383620619774 350.42899782955647 3426.9479369744658 800.61759002506733 708.77659169770777 681.10911140963435 1038.5205849595368 314.38674817979336 334.05998553708196 654.38337462581694 157.64099686220288 569.25253196060658 201.83921645022929
leaf_count=5315 14505 8978 3071 34731 9731 14694 11728 15795 7755 6222 23029 3344 11660 4225
internal_value=-2.8298e-05 0.0027787 -0.00237824 0.00468556 0.00645886 -0.0078189 8.36167e-05 0.00123548 -0.01172 -0.00348327 -0.0136505 -0.00628013 -0.00914467 0.000777501
internal_weight=10953 8040.04 2148.82 5891.22 4227.57 2912.91 1663.65 1388.95 1510.6 1402.32 1196.21 866.418 759.871 535.899
internal_count=174783 101009 35841 65168 44462 73774 20706 18866 45289 28485 37534 18038 16975 10447
is_linear=0
shrinkage=0.03


Tree=62
num_leaves=15
num_cat=0
split_feature=14 14 14 7 15 7 9 14 17 17 9 3 0 14
split_gain=252.822 82.1108 82.6126 63.5704 52.8367 40.7146 33.8783 28.5212 26.0415 23.1035 16.3939 12.2132 11.5367 10.8057
threshold=6.5000000000000009 3.5000000000000004 1.5000000000000002 447.00000000000006 139.50000000000003 491.00000000000006 11.500000000000002 10.500000000000002 39.372077922077928 37.667156862745109 12.500000000000002 5.5000000000000009 1175.0000000000002 8.5000000000000018
decision_type=10 8 10 10 10 10 2 10 8 10 2 2 2 10
left_child=1 2 9 8 -4 7 -5 10 -3 -1 -2 13 -9 -7
right_child=5 3 4 6 -6 11 -8 12 -10 -11 -12 -13 -14 -15
leaf_value=0.0033915289703703552 0.00055823844410499699 -0.0015654018114042126 0.0093323775654959185 0.010558711477540022 -0.012203794464446954 0 0.00036804610706845108 -0.00013802789020415912 -0.014595130994295408 -0.0055645985754380232 -0.0085079450358071761 0.001244908261540509 -0.016064926914680464 -0.0082514960845823521
leaf_weight=462.19875180348754 182.06600634939969 279.39386618882418 2716.1544005125761 322.02777987718582 96.435682497918606 202.40239188633859 3286.3775623161346 63.908981055021286 340.73404623195529 551.99382978305221 969.56164662539959 403.1456090901047 693.02935864776373 378.31429935060441
leaf_count=4876 4022 4257 22404 4352 877 3874 48868 1957 8589 6786 23102 9536 21390 9893
internal_value=-3.04905e-05 0.00268788 0.00586986 -0.000159879 0.00852038 -0.0076444 0.00133236 -0.010222 -0.00902411 -0.00133923 -0.00694873 -0.00246619 -0.0149268 -0.00528724
internal_weight=10947.7 8055.32 3826.78 4228.53 2812.59 2892.43 3608.41 1908.57 620.128 1014.19 1151.63 983.862 756.938 580.717
internal_count=174783 101009 34943 66066 23281 73774 53220 50471 12846 11662 27124 23303 23347 13767
is_linear=0
shrinkage=0.03


Tree=63
num_leaves=15
num_cat=0
split_feature=14 12 15 12 9 12 17 10 9 10 14 17 10 15
split_gain=239.12 81.9353 61.1858 50.2844 50.0064 24.6231 23.7903 21.9259 18.2035 18.5703 16.0938 13.8022 6.91018 6.66793
threshold=6.5000000000000009 0.054553304036322518 154.50000000000003 0.062964939325665062 15.500000000000002 0.14364307000505552 39.034057971014498 0.13714733542319751 12.500000000000002 0.11834733893557424 9.5000000000000018 39.50238095238096 0.17902930402930406 28.500000000000004
decision_type=10 8 8 10 2 10 10 10 2 10 10 10 10 10
left_child=1 2 11 7 6 -6 -3 10 13 -10 -2 -1 -4 -5
right_child=3 4 12 8 5 -7 -8 -9 9 -11 -12 -13 -14 -15
leaf_value=0.0016879048018248401 -0.008680866346784586 0.0084034291584380479 -0.011163142124824065 -6.2451246077074017e-05 0.00032047763121193878 0.0071649557388008796 6.6297992359077269e-05 -0.0035113911073400214 -0.0077693741558126639 0 -0.01679440869278985 -0.0078236352443928747 0.0015477674665136836 0.0090198084697801703
leaf_weight=1406.8840034343302 534.65751155465841 2455.2638759277761 577.52685226500034 101.59993131831288 2477.3396779261529 596.40190202370286 393.88666500523686 311.17378010042012 711.22017973288894 456.77336641587317 637.4886752795428 144.15999338775873 18.178959891200066 119.57124750502408
leaf_count=18910 14505 26335 14401 1966 29812 4756 4265 7755 15811 8422 23029 2268 262 2286
internal_value=-3.11278e-05 0.00260134 -0.00237054 -0.00747028 0.00442917 0.00170672 0.00730554 -0.0113451 -0.0031994 -0.00475488 -0.0132736 0.000685169 -0.0105159 0.00427531
internal_weight=10942.1 8069.64 2146.75 2872.48 5922.89 3073.74 2849.15 1483.32 1389.16 1167.99 1172.15 1551.04 595.706 221.171
internal_count=174783 101009 35841 73774 65168 34568 30600 45289 28485 24233 37534 21178 14663 4252
is_linear=0
shrinkage=0.03


Tree=64
num_leaves=15
num_cat=0
split_feature=14 11 12 15 5 5 17 12 23 11 11 15 0 10
split_gain=226.43 106.527 76.9009 58.1694 47.023 41.0449 26.9859 22.7869 20.203 19.6929 12.1625 10.0771 10.0042 6.70415
threshold=6.5000000000000009 7.0960061443932423 0.054553304036322518 154.50000000000003 5.5000000000000009 4.5000000000000009 37.520294117647069 0.11085843568196511 5.5000000000000009 5.5040983606557381 4.8360215053763449 99.500000000000014 1075.0000000000002 0.17902930402930406
decision_type=10 8 8 8 2 2 8 10 2 10 10 8 2 10
left_child=2 5 3 9 6 8 -4 12 -2 -1 -7 -6 -3 -5
right_child=1 7 4 13 11 10 -8 -9 -10 -11 -12 -13 -14 -15
leaf_value=0.0030459247826043656 1.3539561596454553e-05 -0.0003049936348321803 0.0086682935415655377 -0.01094256038368641 -0.0029907026708679055 0 0.0036783138998066913 0 0.011093759635418469 -0.004138679279340203 -0.010321317626763128 -0.017064073986530277 -0.014480776140292546 0.0015097916138933961
leaf_weight=1058.8429231271148 638.38509288430214 69.102862568572164 1368.4188117161393 571.68399768695235 235.81422681733966 129.0035818554461 4268.1566537730396 110.80438090488315 199.5739461760968 493.17768108472228 394.50486571155488 69.506987929344177 1311.8654377423227 18.202530764043331
leaf_count=12702 12565 2052 12334 14401 3221 2123 48549 1821 4191 8476 10038 1064 40984 262
internal_value=-3.08719e-05 -0.00730262 0.00252013 -0.00230414 0.00428486 -0.00110452 0.00492295 -0.0128365 0.00288057 0.000660613 -0.00773403 -0.00690122 -0.0138833 -0.0102967
internal_weight=10937 2853.24 8083.8 2141.91 5941.9 1361.47 5636.58 1491.77 837.959 1552.02 523.508 305.321 1380.97 589.887
internal_count=174783 73774 101009 35841 65168 28917 60883 44857 16756 21178 12161 4285 43036 14663
is_linear=0
shrinkage=0.03


Tree=65
num_leaves=15
num_cat=0
split_feature=14 11 7 14 14 20 7 11 7 17 20 11 11 14
split_gain=189.463 112.218 72.6198 60.475 58.8662 33.7878 28.1218 26.142 24.6188 24.3691 23.4655 20.4036 11.6676 10.6206
threshold=6.5000000000000009 6.5797962648556885 485.00000000000006 1.5000000000000002 3.5000000000000004 8.5000000000000018 475.00000000000006 2.3431372549019613 433.00000000000006 39.101923076923086 3.5000000000000004 4.1702898550724647 8.851648351648354 7.5000000000000009
decision_type=10 8 10 10 10 2 10 8 10 10 2 10 10 10
left_child=2 10 3 8 -5 9 -3 -7 -1 -4 13 -12 -8 -2
right_child=1 6 5 4 -6 7 12 -9 -10 -11 11 -13 -14 -15
leaf_value=-0.01574809888474675 0 -0.015925989268030911 0.0090311480414836474 0.00617486444993083 -0.0020727927194058309 0.014924218554874254 -0.0056389624256767074 -5.5249186497440483e-05 -0.0035359631041302761 0 0.0076608148156018024 -0.0031039668136680796 -0.016542743755178203 0.020686210819013943
leaf_weight=173.95602901466191 37.407758589833975 836.60991539806128 1855.9279609881341 1595.6359805054963 1477.1021392587572 108.8966918848455 707.80320874974132 1089.0630905069411 1445.5243291798979 348.45805842429399 183.97132874652743 875.64591472409666 124.19377608411014 63.915917588397861
leaf_count=4403 666 26380 21316 13195 20682 877 19530 12454 23907 4009 2548 18869 4268 1400
internal_value=-0.00020576 -0.00689359 0.00211634 -0.000273693 0.00216445 0.00545206 -0.0118667 0.00123809 -0.0049845 0.00766623 0.000145753 -0.00106688 -0.0075349 0.0136918
internal_weight=10924.1 2829.55 8094.56 4692.22 3072.74 3402.35 1668.61 1197.96 1619.48 2204.39 1160.94 1059.62 831.997 101.324
internal_count=174504 73661 100843 62187 33877 38656 50178 13331 28310 25325 23483 21417 23798 2066
is_linear=0
shrinkage=0.03


Tree=66
num_leaves=15
num_cat=0
split_feature=14 12 7 14 11 14 11 11 20 11 7 12 14 23
split_gain=179.471 99.9615 64.9258 58.7541 41.4193 40.0355 38.2513 29.0433 22.8324 18.4259 16.607 14.9584 14.0444 9.825
threshold=4.5000000000000009 0.045979680851631781 485.00000000000006 1.5000000000000002 5.6017241379310354 2.5000000000000004 6.802777777777778 7.505319148936171 8.5000000000000018 2.2613636363636371 503.00000000000006 0.068120497596696292 9.5000000000000018 3.5000000000000004
decision_type=8 8 10 10 10 10 8 10 2 10 10 10 10 2
left_child=3 6 7 9 -4 8 -2 -3 -5 10 -1 -7 -8 -11
right_child=1 2 4 5 -6 11 12 -9 -10 13 -12 -13 -14 -15
leaf_value=-0.00092889509214568464 -0.0022642272316331477 -0.0034464992132437543 0.0055963283987799399 0.01149184038743044 -0.0042245166663348365 5.9107191284501464e-05 -0.010413988327126833 -0.01497202478962616 0.0026163194694373139 -0.0088092487224122485 0.012004387863907803 0.0050664669010449777 -0.018922088032261468 -0.00035437775284664989
leaf_weight=306.53525451570749 425.72807436063886 2320.6804755032063 1350.7013715934008 1191.1638192981482 519.4052410852164 973.81082979589701 745.85753036662936 223.0966541338712 398.70274958014488 363.96821952983737 112.17364472523332 1389.2388587407768 351.33461735211313 245.14950935915112
leaf_count=3124 9684 44032 20523 8620 12474 11066 20416 6677 3120 4585 987 12150 13984 3062
internal_value=-0.000200862 -0.0037356 -0.00140509 0.00398181 0.00278469 0.00565299 -0.0103653 -0.00454356 0.00937529 -0.00229638 0.00228273 0.00307076 -0.013348 -0.00568129
internal_weight=10917.5 5936.8 4413.88 4980.74 1870.11 3952.92 1522.92 2543.78 1589.87 1027.83 418.709 2363.05 1097.19 609.118
internal_count=174504 127790 83706 46714 32997 34956 44084 50709 11740 11758 4111 23216 34400 7647
is_linear=0
shrinkage=0.03


Tree=67
num_leaves=15
num_cat=0
split_feature=14 11 13 15 12 13 20 11 20 10 15 12 7 7
split_gain=171.906 104.993 76.5285 57.9414 43.6706 42.9048 34.3641 25.0019 22.272 18.5996 15.0323 13.5999 12.7739 9.92017
threshold=6.5000000000000009 6.5797962648556885 0.057741683963144781 70.500000000000014 0.18772033389258272 0.085285064554450493 8.5000000000000018 5.2025641025641036 8.5000000000000018 0.23904761904761906 34.500000000000007 0.067848147258607855 463.00000000000006 485.00000000000006
decision_type=10 8 8 8 10 10 2 8 2 10 10 8 10 10
left_child=2 8 3 7 6 12 -4 -1 10 -10 -2 -5 -3 -7
right_child=1 5 4 11 -6 13 -8 -9 9 -11 -12 -13 -14 -15
leaf_value=0.0055022016486356677 -0.00071318289164574197 -0.018605079533354472 0.0045443035553007433 -0.014245215871180385 0.01500240455299371 -0.0062744688310586473 -0.0004447165515241857 -0.0028010944190541322 -0.0072681246885892099 0.0036479994798852351 0.0087311574409339454 -0.0041837956557715548 -0.011160369875672045 0.0035218467037450027
leaf_weight=530.68764711171389 228.47308572754264 464.77434095367789 4128.878417827189 380.95825715176761 293.46521452814341 194.93434039503336 1700.5221365466714 818.57112610526383 418.82268898561597 185.81906525976956 326.8755590710789 258.89621224999428 827.69106372632086 150.99894195608795
leaf_count=5018 4637 15946 50378 9329 2043 5157 19195 11270 9128 3163 6555 3610 25400 3675
internal_value=-0.000196815 -0.00661398 0.00200114 -0.00306481 0.00367254 -0.0114935 0.00306409 0.000362236 0.00016898 -0.00366492 0.00460633 -0.0104708 -0.0140145 -0.00158172
internal_weight=10910.4 2798.39 8111.98 1989.11 6122.87 1638.4 5829.4 1349.26 1159.99 604.642 555.349 639.854 1292.47 345.933
internal_count=174504 73661 100843 29227 71616 50178 69573 16288 23483 12291 11192 12939 41346 8832
is_linear=0
shrinkage=0.03


Tree=68
num_leaves=15
num_cat=0
split_feature=14 12 12 14 9 11 11 23 12 20 1 17 9 23
split_gain=166.039 95.2369 47.6218 42.4586 41.3591 31.5619 25.0072 20.1596 17.1438 11.7184 8.20746 3.03896 2.68692 2.22785
threshold=10.500000000000002 0.058714347463205425 0.18772033389258272 5.5000000000000009 13.500000000000002 8.2034482758620708 5.8768939393939403 5.5000000000000009 0.11085843568196511 3.5000000000000004 2.5000000000000004 38.401428571428575 10.500000000000002 2.5000000000000004
decision_type=10 8 10 8 2 8 8 2 10 2 2 10 2 2
left_child=1 3 4 7 -3 9 -5 -1 12 11 -11 -2 -7 -4
right_child=5 2 13 6 -6 8 -8 -9 -10 10 -12 -13 -14 -15
leaf_value=-0.0020184469457575137 0.015947026127973392 0.0067997171213431728 0.0076725934180228248 0.00066538064477760048 0.0010485255240562639 0 -0.008648171323144804 0.0051756115944395853 0.0010573075409618159 0 -0.0092809869799883142 0 -0.018389655027028617 0.016755240861323826
leaf_weight=1167.7410336099565 16.10858765989542 1508.622013008222 132.47704208642244 289.97863844782114 4756.0065053924918 14.761707769706844 1241.5988992713392 494.0628712028265 29.811136048287153 130.6984061524272 397.09094460867345 22.13484513387084 486.58289504610002 216.98353938013315
leaf_count=14494 459 17482 972 5686 59085 503 35064 5933 537 3522 10573 686 17980 1528
internal_value=-0.000192856 0.00103335 0.00309838 -0.00319496 0.00246175 -0.0112447 -0.00679076 3.95008e-05 -0.0166388 -0.00581884 -0.00715139 0.00780309 -0.0179873 0.0138921
internal_weight=10904.7 9807.47 6614.09 3193.38 6264.63 1097.19 1531.58 1661.8 531.156 566.033 527.789 38.2434 501.345 349.461
internal_count=174504 140244 79067 61177 76567 34260 40750 20427 19020 15240 14095 1145 18483 2500
is_linear=0
shrinkage=0.03


Tree=69
num_leaves=15
num_cat=0
split_feature=14 13 11 13 14 11 14 15 12 12 13 0 0 1
split_gain=157.893 108.643 57.5592 51.4175 33.5666 30.6779 28.7574 28.5011 17.0266 16.7472 8.69208 7.53843 4.09586 1.19061
threshold=10.500000000000002 0.057741683963144781 5.5040983606557381 0.09756754979948723 4.5000000000000009 8.2034482758620708 3.5000000000000004 70.500000000000014 0.058984288449234347 0.11085843568196511 0.1333578973225252 1175.0000000000002 1175.0000000000002 3.5000000000000004
decision_type=10 8 8 10 8 8 8 10 8 10 8 2 2 2
left_child=1 2 7 4 -3 10 -4 -1 -5 12 11 -2 -7 -11
right_child=5 3 6 8 -6 9 -8 -9 -10 13 -12 -13 -14 -15
leaf_value=0.0046757556002257053 0.0043358298268760627 0.0036501014636501085 -0.000237612529519499 0.00034412172200074486 -0.00099817039462516874 -0.0031841677200359123 -0.0097865915840020107 -0.010114705321944086 0.0085857559816912392 0.0081474969100829887 0.010964748722642368 -0.0075548773783547778 -0.01875748031054203 0
leaf_weight=678.43555008247495 33.063685189932585 2850.7801943942904 407.37322684749961 311.18225964903831 2662.8554950542748 42.720230327919126 1270.8211379498243 132.48707469552755 1498.5881509147584 11.698212295770647 16.226076615974307 513.63110556825995 450.2696786057204 18.140572033822536
leaf_count=7226 898 26517 4321 5045 49734 1514 29952 1753 15696 212 334 14008 16969 325
internal_value=-0.00018582 0.00100333 -0.00438191 0.0028559 0.00137913 -0.0110256 -0.00756533 0.0020283 0.00725615 -0.0163989 -0.00567054 -0.00653107 -0.0177547 0.00102931
internal_weight=10898.3 9812.52 2489.12 7323.41 5513.64 1085.75 1678.19 810.923 1809.77 522.829 562.921 546.695 492.99 29.8388
internal_count=174504 140244 43252 96992 76251 34260 34273 8979 20741 19020 15240 14906 18483 537
is_linear=0
shrinkage=0.03


Tree=70
num_leaves=15
num_cat=0
split_feature=11 7 9 17 11 17 9 7 7 17 18 4 0 11
split_gain=138.239 100.594 66.4201 59.3652 29.0502 18.8733 14.2875 6.80058 6.18426 6.1547 3.86667 3.49176 2.37328 1.53153
threshold=7.3371212121212128 439.00000000000006 12.500000000000002 37.520294117647069 5.2472222222222227 39.680909090909097 12.500000000000002 511.00000000000006 483.00000000000006 36.5014705882353 1.0000000180025095e-35 8.5000000000000018 1850.0000000000002 8.6711711711711725
decision_type=10 10 2 8 8 10 2 10 10 8 2 2 2 10
left_child=1 4 5 -4 10 -3 8 -8 11 -6 -1 -2 -10 -9
right_child=6 2 3 -5 9 -7 7 13 12 -11 -12 -13 -14 -15
leaf_value=-0.0029678038435925046 -0.011435634190000956 0.0084916730135462335 0.0050229569194883087 -0.0009285809592784487 0 -0.0041466097101840373 -0.014568064537303436 0 0.0077337719445911045 -0.013478033907203313 0.0054068864942330118 0 0 -0.0079600344557485374
leaf_weight=108.83786449953914 55.268039122223854 1378.5293727982789 2024.5988756138831 5792.6382395457476 13.502827629446982 95.717735709622502 631.41499277204275 60.252582861110568 49.345621218904853 556.10667744465172 79.740313010290265 21.672660626471043 11.356765499338506 32.633400294929743
leaf_count=1199 1549 17438 25442 89569 211 1705 18889 1544 1248 13333 835 579 283 1046
internal_value=-0.000129869 0.000847364 0.0017202 0.000595867 -0.00959382 0.00755847 -0.0116359 -0.0133486 -0.0014199 -0.0129518 0 -0.00760481 0.00411865 -0.00320607
internal_weight=10911.6 10049.7 9291.48 7817.24 758.188 1474.25 861.944 724.301 137.643 569.61 188.578 76.9407 60.7024 92.886
internal_count=174870 149732 134154 115011 15578 19143 25138 21479 3659 13544 2034 2128 1531 2590
is_linear=0
shrinkage=0.03


Tree=71
num_leaves=15
num_cat=0
split_feature=14 13 14 14 13 10 5 5 10 9 7 9 5 10
split_gain=170.741 73.7154 66.2473 59.386 53.3029 31.7496 31.1616 28.1999 21.7249 19.9822 14.6827 11.2489 6.8042 4.14465
threshold=6.5000000000000009 0.056941279361208193 3.5000000000000004 1.5000000000000002 0.06317550466421544 0.17445652173913045 5.5000000000000009 4.5000000000000009 0.44949494949494956 12.500000000000002 485.00000000000006 11.500000000000002 4.5000000000000009 0.088562091503267992
decision_type=10 10 8 10 8 10 2 2 10 2 10 2 2 10
left_child=2 11 3 8 10 9 -6 -5 -1 -3 -4 -2 -7 -13
right_child=1 5 4 7 6 12 -8 -9 -10 -11 -12 13 -14 -15
leaf_value=-0.0029131817093671067 0 0.0022089342697922329 -0.0076556892537723098 0.0083790508147861993 0.0025746318962375468 0.0060127707300180822 -0.010572395031033169 0.00018928149279005642 0.010719672786019836 -0.0069837395256016621 -0.00067825742809355109 -0.016545813273763789 -0.00099820077010348172 -0.0088097380504307075
leaf_weight=912.07752077281475 55.178951907902956 227.60088102705777 905.90156962536275 2410.2427735850215 2699.3941177725792 312.49772101268172 164.23422310501337 493.78271717205644 111.20134628564119 1208.5050787143409 459.08174498565495 596.84223097935319 149.81065013818443 202.12983321584761
leaf_count=10650 1625 5396 17651 18549 38110 5894 2747 4918 989 32180 7385 20379 3072 5325
internal_value=-0.000127643 -0.00659428 0.00203913 0.00484598 -0.000534942 -0.00318191 0.00175122 0.0070408 -0.00124088 -0.00542015 -0.00542952 -0.0139413 0.00343351 -0.0148422
internal_weight=10908.5 2752.57 8155.92 3927.3 4228.61 1898.41 2863.63 2904.03 1023.28 1436.11 1364.98 854.151 462.308 798.972
internal_count=174870 73871 100999 35106 65893 46542 40857 23467 11639 37576 25036 27329 8966 25704
is_linear=0
shrinkage=0.03


Tree=72
num_leaves=15
num_cat=0
split_feature=14 11 12 15 5 7 5 12 11 11 7 7 15 12
split_gain=161.508 98.791 64.8947 56.4335 54.8411 44.8859 31.2142 21.6519 20.4816 14.37 9.3741 8.71444 5.37042 4.79322
threshold=6.5000000000000009 6.6267857142857158 0.045462879621295471 69.500000000000014 5.5000000000000009 441.00000000000006 5.5000000000000009 0.094968588436715073 4.3288288288288301 3.4558441558441566 473.00000000000006 469.00000000000006 154.50000000000003 0.11968294521695429
decision_type=10 8 8 8 2 10 2 8 10 10 10 10 8 10
left_child=2 6 3 9 5 -4 8 11 -2 -1 -9 -3 -6 -8
right_child=1 7 4 -5 12 -7 13 10 -10 -11 -12 -13 -14 -15
leaf_value=0.0059081305896138353 0.010261615058610314 -0.016259779652273036 -0.0045547857808744801 -0.011462150698887105 -0.0056371964027157589 0.0046238339643665674 -0.013051001546526457 -0.0097896633082965034 0 -0.0018693963988170538 0.0016438590252901045 -0.010074916796032153 -0.017924160571232969 0
leaf_weight=314.06330701895058 216.91210192069411 567.48228986933827 501.82393958978355 531.69123131968081 280.2828011251986 5869.8817615043372 156.29490314051509 91.184204686433077 779.4241799172014 612.47761861234903 147.98737745918334 757.17292434349656 55.95607084967196 19.650431808084249
leaf_count=3883 2954 20460 7540 12768 3916 63209 4105 1951 16612 8767 2825 24636 916 328
internal_value=-0.000125363 -0.00643963 0.00197454 -0.00370473 0.00323334 0.00387441 2.18073e-05 -0.0113635 0.00221979 0.000623437 -0.00221206 -0.0128885 -0.00835421 -0.0113133
internal_weight=10902.3 2736.11 8166.18 1458.23 6707.94 6371.71 1172.28 1563.83 996.336 926.541 239.172 1324.66 336.239 175.945
internal_count=174870 73871 100999 25418 75581 70749 23999 49872 19566 12650 4776 45096 4832 4433
is_linear=0
shrinkage=0.03


Tree=73
num_leaves=15
num_cat=0
split_feature=14 13 5 14 15 14 12 17 12 20 10 13 2 12
split_gain=154.123 121.737 63.7522 55.3614 35.2932 34.9321 34.1896 33.2263 25.9583 20.723 13.5301 11.895 8.33722 7.83498
threshold=3.5000000000000004 0.06317550466421544 5.5000000000000009 1.5000000000000002 141.50000000000003 6.5000000000000009 0.083344720779812351 37.650714285714294 0.05540954657015109 9.5000000000000018 0.17902930402930406 0.098365110477548132 1.5000000000000002 0.11968294521695429
decision_type=8 8 2 10 10 8 10 10 8 2 8 10 2 10
left_child=3 5 6 7 9 13 -3 10 -7 -5 -1 -9 -4 -2
right_child=1 2 12 4 -6 8 -8 11 -10 -11 -12 -13 -14 -15
leaf_value=-0.0081783981534117242 -0.0042257553997323448 -0.00097749040834083784 -0.0036540646606405144 0.0086084156280671741 -0.010657983766793449 -0.014965469118194628 0.0045609670777562242 -0.0087971246548684059 -0.0065999067492119555 0.0017474948812492739 0.0064832109596608531 0.00038518484468585561 -0.015441714859742415 0.004132149479920205
leaf_weight=52.793854869902134 727.50367131642997 2627.9081436656415 123.1943710707128 2279.3069057427347 90.789588272571564 794.81916833482683 1588.3410616274923 422.21746097505093 753.81332483701408 552.84974727034569 412.17053261771798 137.08508446440101 239.4086573831737 95.234729442745447
leaf_count=722 11617 54895 2715 17967 824 27817 19185 5376 17082 4676 4082 1459 5534 919
internal_value=-0.00012487 -0.00282636 2.21288e-07 0.00459149 0.00670032 -0.0083358 0.00107635 -0.00128403 -0.0110243 0.00732744 0.00443 -0.00629725 -0.0119491 -0.00305797
internal_weight=10897.4 6950.22 4578.85 3947.21 2922.95 2371.37 4216.25 1024.27 1548.63 2832.16 464.964 559.303 362.603 822.738
internal_count=174870 139764 82329 35106 23467 57435 74080 11639 44899 22643 4804 6835 8249 12536
is_linear=0
shrinkage=0.03


Tree=74
num_leaves=15
num_cat=0
split_feature=14 11 9 14 12 13 13 5 5 14 15 11 5 12
split_gain=146.536 94.2077 59.2512 38.3075 35.0476 32.2641 31.941 28.7275 23.3919 22.5867 22.5571 18.8782 11.5305 8.27746
threshold=6.5000000000000009 6.6267857142857158 15.500000000000002 3.5000000000000004 0.070001635590448169 0.072888161475770444 0.084978737696953716 5.5000000000000009 4.5000000000000009 1.5000000000000002 69.500000000000014 4.3288288288288301 4.5000000000000009 0.10819750269577584
decision_type=10 8 2 8 10 10 8 2 2 10 8 10 2 10
left_child=2 7 3 9 10 13 -5 11 -6 -1 -4 -2 -7 -3
right_child=1 5 4 6 8 12 -8 -9 -10 -11 -12 -13 -14 -15
leaf_value=0.0016517524775891139 0.0098992875341136453 -0.015420145319843901 -0.00098088171046322543 -0.0010568706887092213 0.0030699295988436568 -0.0026703958918527794 0.006971079588927568 -0.01086987644536434 -0.0046159354237867989 0.0093995840198352696 -0.0081320557778379217 0 -0.013425169539560376 -0.00070693671552344997
leaf_weight=508.78712744638324 218.63565836846828 869.18367288261652 1091.7105164341629 1351.7982158530504 2034.8029844909906 484.58477587252855 644.44542421773076 172.28730562888086 414.36845463886857 1460.2767187394202 676.95856609009206 777.53152055852115 127.15616877935827 58.779888149350882
leaf_count=5567 2954 31829 14181 21891 19999 13136 8294 4433 4766 11511 14790 16612 3796 1111
internal_value=-0.000123296 -0.00617851 0.00186487 0.00449966 -0.00057904 -0.0110421 0.00147077 0.000122238 0.0017017 0.00748286 -0.00381777 0.00221794 -0.00523981 -0.0146577
internal_weight=10891.3 2708.16 8183.15 3965.31 4217.84 1539.7 1996.24 1168.45 2449.17 1969.06 1768.67 996.167 611.741 927.964
internal_count=174870 73871 100999 47263 53736 49872 30185 23999 24765 17078 28971 19566 16932 32940
is_linear=0
shrinkage=0.03


Tree=75
num_leaves=15
num_cat=0
split_feature=14 11 9 12 7 11 14 5 12 12 11 17 9 12
split_gain=150.992 67.9329 67.811 42.7237 35.8874 45.2418 32.688 21.5135 17.1803 16.63 14.3062 12.8003 11.9775 5.96598
threshold=7.5000000000000009 6.8588039867109645 15.500000000000002 0.11968294521695429 467.00000000000006 5.0678160919540236 4.5000000000000009 5.5000000000000009 0.10937776548672568 0.15676354457151145 4.3288288288288301 36.677951388888893 12.500000000000002 0.074931672616177322
decision_type=10 8 2 8 10 10 8 2 10 8 10 10 2 10
left_child=2 7 4 6 9 -6 -4 10 12 -1 -2 -5 -3 -9
right_child=1 8 3 11 5 -7 -8 13 -10 -11 -12 -13 -14 -15
leaf_value=-0.0001926024469619647 0.0094365853212150762 -0.0034353147010233627 0.00038996855008342838 0.010301215500983651 0.0088519867158715279 0 -0.0053845202448160184 -0.015741331627118955 0 0.011979877648705064 -0.00062601751764272445 0.0023756224714382829 -0.013949193561475183 -0.00039213468536153308
leaf_weight=1291.7220923677087 146.95109473913908 156.94406653381884 1909.9645459279418 285.86083547398448 2113.3190372772515 719.26222245208919 1566.8562616687268 93.136745823547244 95.495421202853322 102.92328114435077 663.83224492520094 722.01975924149156 957.65693420544267 57.814767571166158
leaf_count=18671 2059 5106 19316 3050 22359 10487 31047 2882 1712 862 15184 5908 35042 1320
internal_value=0.000195279 -0.00685717 0.00197355 -0.000566535 0.00470127 0.00664427 -0.00217326 -0.000728469 -0.0115815 0.00063813 0.00106057 0.00481137 -0.0126247 -0.0110254
internal_weight=10883.8 2171.83 8711.93 4484.7 4227.23 2832.58 3476.82 961.735 1210.1 1394.65 810.783 1007.88 1114.6 150.952
internal_count=175005 63305 111700 59321 52379 32846 50363 21445 41860 19533 17243 8958 40148 4202
is_linear=0
shrinkage=0.03


Tree=76
num_leaves=15
num_cat=0
split_feature=14 11 5 7 12 9 5 12 11 9 15 23 12 5
split_gain=143.03 65.2042 63.9127 73.3256 49.2511 32.9611 21.9551 17.9242 14.0719 9.09523 7.36583 5.43745 5.05933 3.46673
threshold=7.5000000000000009 7.0086206896551735 5.5000000000000009 487.00000000000006 0.11968294521695429 10.500000000000002 5.5000000000000009 0.066853018813623127 4.3288288288288301 11.500000000000002 28.500000000000004 6.5000000000000009 0.074931672616177322 6.5000000000000009
decision_type=10 8 2 10 10 2 2 10 10 2 10 2 10 2
left_child=2 6 3 4 -1 -5 8 11 -2 -4 -9 -3 -8 -11
right_child=1 7 9 5 -6 -7 12 10 -10 13 -12 -13 -14 -15
leaf_value=-0.0010655189881854659 0.0090921817016831174 -0.016012154375444117 0.0022724807947802415 0.018688149681470544 0.0066495833013486333 0.005274023128368931 -0.015432539355814246 -0.011685147117796368 -0.00083101796677320899 -0.0069747807739322645 -0.0022138092441689834 -0.0061986696107815022 -0.0010842236985674713 -0.015252040285995725
leaf_weight=4180.8817465398461 148.11326575651765 605.57558371126652 37.974333235993981 182.03867382928729 898.69375399872661 2990.6970744449645 99.067052001133561 138.47518486529589 709.95230433158576 298.0911368560046 272.59288521483541 124.23775432258844 60.254544891417027 134.45552179031074
leaf_count=60899 2059 24591 550 1844 7344 33924 3153 3616 16577 4825 7034 4887 1388 2314
internal_value=0.000188584 -0.0067017 0.00191348 0.00254245 0.000275156 0.00611907 -0.00100625 -0.0116232 0.000750807 -0.00871322 -0.00586699 -0.0145993 -0.011117 -0.0100354
internal_weight=10881.1 2158.27 8722.83 8252.31 5079.58 3172.74 1017.39 1140.88 858.066 470.521 411.068 729.813 159.322 432.547
internal_count=175005 63305 111700 104011 68243 35768 23177 40128 18636 7689 10650 29478 4541 7139
is_linear=0
shrinkage=0.03


Tree=77
num_leaves=15
num_cat=0
split_feature=14 9 11 13 7 13 20 17 14 11 0 11 7 14
split_gain=135.614 62.8656 62.5321 44.2199 35.5245 33.7025 32.6797 25.52 18.5017 16.8344 14.4006 13.7027 9.35185 9.01377
threshold=7.5000000000000009 15.500000000000002 7.0086206896551735 0.056941279361208193 451.00000000000006 0.072888161475770444 4.5000000000000009 38.880476190476195 1.5000000000000002 4.3288288288288301 1175.0000000000002 5.1348484848484857 463.00000000000006 11.500000000000002
decision_type=10 2 8 8 10 10 2 10 10 10 2 8 10 10
left_child=1 3 9 11 8 12 -6 -5 -3 -2 -11 -1 -4 -7
right_child=2 4 5 7 6 13 -8 -9 -10 10 -12 -13 -14 -15
leaf_value=0.004004336009609262 0.0074552584628505073 -0.01328744219370025 -0.02096645707740016 0.0073603094846932983 0.0038125894043089118 -0.00015794622421078252 -0.0018095544581636575 0.00029219273450543275 -0.0025996659076518575 0.011954571697167453 -0.0039093603759980441 -0.0036674971486752089 -0.011702498051061145 -0.0094725669888629047
leaf_weight=290.20750283077359 163.51313547044992 256.36925506591797 266.59335670620203 2699.611310293898 1594.2503354325891 259.97761162184179 2191.3809770606458 608.33914377726614 444.05135702900589 46.267572801560163 806.72602747194469 650.03608856163919 422.40118263103068 180.04249162226915
leaf_count=2812 2329 6271 11169 30885 20940 7256 26333 7339 5777 1108 19740 11343 15753 5950
internal_value=0.000179464 0.00185351 -0.00655415 0.00447094 -0.000593959 -0.0114114 0.000520445 0.00610815 -0.00679072 -0.000982998 -0.0028094 -0.00113223 -0.0156284 -0.00436987
internal_weight=10879.8 8734.25 2145.52 4248.19 4486.05 1129.01 3785.63 3307.95 700.421 1016.51 852.994 940.244 688.995 440.02
internal_count=175005 111700 63305 52379 59321 40128 47273 38224 12048 23177 20848 14155 26922 13206
is_linear=0
shrinkage=0.03


Tree=78
num_leaves=15
num_cat=0
split_feature=14 13 11 10 11 7 7 14 14 7 11 23 1 2
split_gain=128.991 92.24 47.5471 46.71 42.2174 40.1306 31.1117 22.9935 19.5629 15.9706 13.5678 10.6043 10.4227 7.97153
threshold=3.5000000000000004 0.056941279361208193 4.3380952380952387 0.021980676328502421 6.8834841628959289 433.00000000000006 511.00000000000006 6.5000000000000009 1.5000000000000002 457.00000000000006 5.8591269841269851 5.5000000000000009 6.5000000000000009 2.5000000000000004
decision_type=8 8 8 10 8 10 10 10 10 10 10 2 2 2
left_child=3 4 12 9 11 -4 8 -6 -5 -1 -11 -2 -3 -8
right_child=1 2 5 6 7 -7 13 -9 -10 10 -12 -13 -14 -15
leaf_value=0.0024551432394229779 -0.0040863571494335442 0.0090509981247376536 -0.013596529064790351 -0.0050505531983711712 -0.0073376817633790314 -0.00065999281330155672 0.013702577461207174 -0.016497104886748895 0.0017700842517213795 0.010162119073993498 0 0.0041301563712855113 0.0002834436715676173 0.0033098210175277129
leaf_weight=482.06658126413822 491.48865643702447 531.64330621063709 225.72870633378625 583.73390805348754 694.37255295179784 4059.0505741536617 180.52214703708887 503.99287715367973 1021.8471292816103 1382.3200524039567 152.67427559196949 178.0439301263541 205.36109944805503 185.79507692158222
leaf_count=4102 9240 5860 5846 7045 15094 78391 1675 19942 8347 10556 1716 3291 2231 1669
internal_value=0.000171455 -0.00229947 -0.000149712 0.00447429 -0.00798309 -0.00139153 0.00109657 -0.011367 -0.000624511 0.00769133 0.00922504 -0.0016646 0.00682851 0.00895092
internal_weight=10878.6 6889.68 5021.78 3988.96 1867.9 4284.78 1971.9 1198.37 1605.58 2017.06 1534.99 669.533 737.004 366.317
internal_count=175005 139895 92328 35110 47567 84237 18736 35036 15392 16374 12272 12531 8091 3344
is_linear=0
shrinkage=0.03


Tree=79
num_leaves=15
num_cat=0
split_feature=14 5 7 11 17 15 5 15 7 11 2 17 17 23
split_gain=124.072 59.9864 66.2992 58.4244 38.069 28.3979 20.8565 13.4613 11.8342 11.7394 7.32697 4.66068 4.37374 3.94041
threshold=7.5000000000000009 5.5000000000000009 451.00000000000006 7.0086206896551735 37.520294117647069 148.50000000000003 5.5000000000000009 28.500000000000004 469.00000000000006 4.3288288288288301 1.5000000000000002 37.001428571428576 38.767261904761916 3.5000000000000004
decision_type=10 2 10 8 8 8 2 10 10 10 2 10 10 2
left_child=1 2 5 6 -4 -1 9 11 -9 -2 13 -5 -8 -3
right_child=3 10 4 7 -6 -7 12 8 -10 -11 -12 -13 -14 -15
leaf_value=-0.00082716769454599241 0.0083013892619602965 -0.0064910073013874116 0.0075914992236301429 0 0.0022764025618237788 -0.010821821320005667 -0.012212158439794129 -0.012776843112947705 -0.0040080943889402084 -0.00068080648289919551 -0.011518445914309998 -0.016533007443383773 0 0.001489723107653467
leaf_weight=966.31407120265067 150.84041178971529 96.200600048527122 1632.9721322022378 20.399302553385496 5319.1028463486582 364.08591455593705 149.86979689449072 294.72812982462347 404.89490006491542 706.64248123392463 299.61998831294477 390.08490509353578 7.4877477809786788 71.972955724224448
leaf_count=12253 2059 1490 15668 673 66580 9510 4298 11463 13647 16577 5031 14345 243 1168
internal_value=0.000166519 0.00175961 0.00236584 -0.00631194 0.00355098 -0.00370497 -0.000935986 -0.0110658 -0.00797941 0.000764306 -0.00856817 -0.0158058 -0.0108634 -0.00226493
internal_weight=10875.2 8750.27 8282.47 2124.95 6952.07 1330.4 1014.84 1110.11 699.623 857.483 467.794 410.484 157.358 168.174
internal_count=175005 111700 104011 63305 82248 21763 23177 40128 25110 18636 7689 15018 4541 2658
is_linear=0
shrinkage=0.03


Tree=80
num_leaves=15
num_cat=0
split_feature=13 9 17 17 13 15 15 13 10 17 13 9 13 9
split_gain=83.7711 44.8363 38.7905 31.404 21.5948 20.4052 18.1862 16.3606 12.7328 10.6259 10.3153 7.132 7.0197 8.25756
threshold=0.057741683963144781 15.500000000000002 39.034057971014498 38.380476190476195 0.095003589759913035 98.500000000000014 69.500000000000014 0.09756754979948723 0.24621212121212124 39.95277777777779 0.042726222968717205 12.500000000000002 0.037570657554370397 12.500000000000002
decision_type=8 2 10 8 8 10 10 10 10 10 10 2 10 2
left_child=3 2 4 6 -2 7 10 -3 -7 -4 -1 -8 13 -5
right_child=1 5 9 12 -6 8 11 -9 -10 -11 -12 -13 -14 -15
leaf_value=-0.0023029941860695539 0.00371249988187819 -0.00080848613899697113 0 0 0.0093025609214953901 -0.0093280987091947341 0.0025175535623677076 0.0038806645530093942 0.00066339487025367369 -0.0081692141496982444 0.003406036197988392 -0.010142948685454411 -0.0054184495397323045 -0.011969107251419189
leaf_weight=515.21341759711504 2380.7356069386005 2739.0868123229593 509.85864704102278 61.629938865080476 941.46250830218196 342.87406779453158 24.962811043485999 873.5323290489614 130.66860421188176 192.34381435625255 594.72570036165416 221.12480091117322 902.92929642274976 452.39349120296538
leaf_count=9082 33459 42317 8270 1550 10866 6508 483 10967 1756 4220 8938 4688 20123 12050
internal_value=0.000185154 0.00173743 0.00398682 -0.00429599 0.00535332 -0.000443461 -0.000898954 0.000287685 -0.00627949 -0.00225829 0.000623029 -0.00823672 -0.00742688 -0.0105797
internal_weight=10883.5 8110.56 4024.4 2772.98 3322.2 4086.16 1356.03 3612.62 473.543 702.202 1109.94 246.088 1416.95 514.023
internal_count=175277 118363 56815 56914 44325 61548 23191 53284 8264 12490 18020 5171 33723 13600
is_linear=0
shrinkage=0.03


Tree=81
num_leaves=15
num_cat=0
split_feature=11 5 13 10 9 9 2 10 16 11 10 15 13 5
split_gain=94.4089 57.7191 56.6892 56.694 29.8962 13.1145 12.7464 9.99201 5.93735 4.48863 4.33403 1.59816 1.49319 1.56528
threshold=7.0960061443932423 5.5000000000000009 0.073516338757670177 0.030776515151515155 11.500000000000002 12.500000000000002 1.5000000000000002 0.14119601328903655 1.0000000180025095e-35 7.7523584905660385 0.12973352033660593 55.500000000000007 0.049186346019595102 5.5000000000000009
decision_type=10 2 8 8 2 2 2 10 8 10 10 10 8 2
left_child=1 2 3 -1 -4 12 8 9 -3 -7 -8 -9 -2 -14
right_child=5 6 4 -5 -6 7 10 11 -10 -11 -12 -13 13 -15
leaf_value=0.0056541809347694354 -0.0050550560512244566 0.0032637066690974657 0.010871658391126835 -0.0025878650680856781 0.0030321747257001232 -0.0066855864579009822 -0.014058241340387361 0.0002477564056292759 -0.0063595087056559476 -0.013882183329128868 -0.0048404610039798008 -0.0051254798050092048 0.003167111737301621 -0.005061071230785706
leaf_weight=947.90512887760997 43.189809009432793 98.78388556279242 505.97804863378406 3466.0345449019223 4401.7228798512369 236.10384589061141 244.85838592424989 71.780414864420891 105.07877308875322 451.08857701905072 139.56125362031162 55.179573548957705 105.20039210468531 11.234105471521614
leaf_count=11748 1363 1854 5556 61031 56041 6010 5307 1967 1961 15202 2588 1749 2574 326
internal_value=0.000178095 0.00106898 0.00165895 -0.000779524 0.00388119 -0.00869412 -0.00796187 -0.0102336 -0.0010118 -0.0116925 -0.0112021 -0.00105658 0 0.000962288
internal_weight=10883.7 9909.92 9321.64 4413.94 4907.7 973.777 588.282 814.152 203.863 687.192 384.42 126.96 159.624 116.434
internal_count=175277 146086 134376 72779 61597 29191 11710 24928 3815 21212 7895 3716 4263 2900
is_linear=0
shrinkage=0.03


Tree=82
num_leaves=15
num_cat=0
split_feature=12 12 7 23 13 17 13 11 11 12 11 12 9 9
split_gain=92.9792 47.8665 38.0503 35.4726 32.9887 29.6449 25.9225 22.1821 18.0015 17.4454 16.6573 11.6535 9.69969 6.48052
threshold=0.053032005447735793 0.12808140361765127 509.00000000000006 5.5000000000000009 0.098365110477548132 39.083771929824572 0.072583486780786119 5.2529069767441863 3.8775000000000004 0.20005144032921815 8.2546296296296315 0.044972463410729975 14.500000000000002 11.500000000000002
decision_type=10 10 10 2 10 8 8 8 8 10 10 10 2 2
left_child=3 2 4 6 -2 10 7 -1 -4 12 -5 -7 -3 -8
right_child=1 9 8 5 -6 11 13 -9 -10 -11 -12 -13 -14 -15
leaf_value=-0.0011682480760959858 -0.0014748516675841801 0.0087582662145147556 0.014552025964987954 0.0068095380615577298 0.0047202473334151968 -0.010616948769157111 0.0060878775151156795 -0.010826755560877773 0.0037778240131883284 0.013714033332760209 -0.010827975801821932 0.0024432076721621729 0.0029334811682051108 -0.0027854856260692714
leaf_weight=314.05037576891482 4242.5793581753969 437.47175843641162 191.41155591979623 507.86256120726466 936.95186359807849 200.6891670897603 67.727695008739829 1068.9225203851238 771.5964044034481 268.31669303402305 42.665828265249729 61.636121246963739 960.35961883887649 811.29822321794927
leaf_count=4069 64791 3579 1656 8956 11933 5614 1181 31730 11646 1861 1564 1512 8589 16596
internal_value=0.000170229 0.00192344 0.000670793 -0.0042293 -0.000321785 0.000984586 -0.00616712 -0.00875365 0.00613841 0.00643595 0.00508747 -0.00699891 0.00488808 -0.00190156
internal_weight=10883.5 7808.69 6142.54 3074.85 5179.53 812.854 2262 1382.97 963.008 1666.15 550.528 262.325 1397.83 879.026
internal_count=175277 104055 90026 71222 76724 17646 53576 35799 13302 14029 10520 7126 12168 17777
is_linear=0
shrinkage=0.03


Tree=83
num_leaves=15
num_cat=0
split_feature=14 11 12 15 7 13 20 11 11 20 14 12 12 7
split_gain=99.2037 86.6038 46.1748 44.7137 39.951 27.6783 26.4053 24.3324 16.8943 15.1644 14.4167 14.0126 8.67344 7.78639
threshold=6.5000000000000009 7.0960061443932423 0.1246562740230117 69.500000000000014 451.00000000000006 0.072003236245954713 3.5000000000000004 5.2025641025641036 4.287593984962407 3.5000000000000004 2.5000000000000004 0.17289439897287759 0.10660820735447603 439.00000000000006
decision_type=10 8 10 8 10 10 2 10 10 2 10 10 10 10
left_child=2 6 3 7 -5 12 13 -1 -8 10 -4 -11 -3 -2
right_child=1 5 9 4 -6 -7 8 -9 -10 11 -12 -13 -14 -15
leaf_value=0.0039620808879770137 0 -0.015036450164625782 0.014682270199919217 -0.010977151290444792 -0.00069439435829122132 -0.0046943432145297717 0.006154565022133302 -0.00087210593330782889 -0.0027423730774161917 0.0013659189023499368 0.0033244132981801611 0.0092147978304116026 0 0.015601686895397628
leaf_weight=3063.5614928267896 14.16404410637915 708.28928929194808 332.05644311010838 419.73998172022402 1912.967470375821 540.95084053091705 228.09032035991549 1280.7897580675781 978.73472552746534 700.77972125634551 204.78694326803088 325.79214764386415 52.654597330838442 118.01716734282672
leaf_count=29873 358 28612 2534 10377 29974 15585 3044 18774 23058 5738 1564 2212 1035 2539
internal_value=0.000165948 -0.00487324 0.00180107 0.000687256 -0.00262833 -0.0103717 0.00037992 0.00250303 -0.000918613 0.00644497 0.0106971 0.00403483 -0.0141549 0.0129304
internal_weight=10881.4 2640.9 8240.47 6677.06 2332.71 1301.89 1339.01 4344.35 1206.83 1563.42 536.843 1026.57 760.944 132.181
internal_count=175277 74231 101046 88998 40351 45232 28999 48647 26102 12048 4098 7950 29647 2897
is_linear=0
shrinkage=0.03


Tree=84
num_leaves=15
num_cat=0
split_feature=14 12 15 10 9 13 13 5 15 5 15 3 15 13
split_gain=93.7486 43.4016 42.0966 39.4371 36.9528 36.8053 23.0879 22.6771 16.15 14.7783 13.2201 12.5211 5.64689 4.97444
threshold=6.5000000000000009 0.1246562740230117 69.500000000000014 0.17902930402930406 12.500000000000002 0.082810976094243469 0.085285064554450493 5.5000000000000009 15.500000000000002 3.5000000000000004 133.50000000000003 3.5000000000000004 34.500000000000007 0.053101778778796536
decision_type=10 10 8 10 2 8 8 2 10 2 8 2 10 10
left_child=1 2 7 4 8 -4 -6 -1 -2 11 -11 -3 -5 -14
right_child=3 9 5 12 6 -7 -8 -9 -10 10 -12 -13 13 -15
leaf_value=0.0029714063978168166 -0.0074526301740237095 0.0030493982551189577 -0.0055254453258943492 -0.0016266011231671883 -0.010265356024151491 0.0021459938305258982 -0.0016514876647557031 -0.0062785127969699631 0.0067858554242965574 0.004144683370138371 -0.0081717781774300093 0.011119381732990199 -0.003361872166379841 0.0058176706426290815
leaf_weight=4113.3199318312109 90.440466709434986 323.46511157602072 1446.2467703521252 169.89067297428846 1355.6068283291534 881.26294271834195 410.45072182454169 238.97986728698015 233.2235097233206 524.0961538143456 81.092797070741653 640.80302007123828 37.792978977784514 331.5668976623565
leaf_count=44859 2501 2415 27485 3393 44650 12866 10203 3788 6120 4185 727 4721 937 6427
internal_value=0.00016008 0.00174582 0.000663968 -0.00475262 -0.00663475 -0.00255813 -0.00835841 0.00242246 0.00229799 0.00623831 0.00219507 0.00859675 0.00225943 0.00444538
internal_weight=10878.2 8249.27 6679.81 2628.97 2089.72 2327.51 1766.06 4352.3 323.664 1569.46 605.189 964.268 539.251 369.36
internal_count=175277 101046 88998 74231 63474 40351 54853 48647 8621 12048 4912 7136 10757 7364
is_linear=0
shrinkage=0.03


Tree=85
num_leaves=15
num_cat=0
split_feature=12 5 14 13 23 11 13 0 2 3 11 15 2 11
split_gain=96.9274 67.4778 50.6052 38.1558 34.6753 25.5105 17.1261 12.9625 12.2184 12.0531 11.8281 9.69213 9.46231 5.50232
threshold=0.046392936463211937 4.5000000000000009 9.5000000000000018 0.09756754979948723 5.5000000000000009 5.0923295454545459 0.082356066762517985 1350.0000000000002 3.5000000000000004 5.5000000000000009 4.4316770186335415 58.500000000000007 2.5000000000000004 6.2880184331797242
decision_type=8 2 8 10 2 8 8 2 2 2 10 10 2 8
left_child=2 3 7 4 -2 12 -4 11 -7 -5 -9 -1 -3 -8
right_child=1 5 6 9 -6 8 13 10 -10 -11 -12 -13 -14 -15
leaf_value=0.0041734808053716169 0.00016322097823888437 0.0033491291824747165 -0.014260703736545755 0.0042610582543183874 0.0061116776946588324 -0.00521849902971625 0.0079994309598195954 -0.00034447564417945323 -0.014309823258375287 0.010362042539545955 -0.0072708237599294796 -0.005851071564258673 -0.0038208864113432025 -0.0051431337757583823
leaf_weight=360.77031339332461 4476.4810216613114 380.13136537000537 616.48838854301721 852.31148268282413 1111.4632008392364 745.80547049082816 24.096790159121156 458.48844639025629 202.71665672399104 594.50496450252831 536.45180451497436 100.0796673502773 282.59847449883819 143.86003372818232
leaf_count=5864 62257 4316 23659 9227 15941 15024 600 6887 4424 6374 10907 2068 3386 4296
internal_value=-0.000170768 0.00125657 -0.0057368 0.00253845 0.00137762 -0.00423789 -0.0119017 -0.00228284 -0.00738364 0.00689836 -0.00424671 0.00163509 6.13625e-05 -0.00221355
internal_weight=10886.2 8646.01 2240.24 7034.76 5587.94 1611.25 784.445 1455.79 948.522 1446.82 994.94 460.85 662.73 167.957
internal_count=175230 120949 54281 93799 78198 27150 28555 25726 19448 15601 17794 7932 7702 4896
is_linear=0
shrinkage=0.03


Tree=86
num_leaves=15
num_cat=0
split_feature=12 5 7 11 13 11 11 3 20 7 5 7 15 10
split_gain=91.7676 63.6769 49.4804 24.737 24.7274 24.968 24.2864 22.1989 13.2455 11.3102 9.77868 8.37767 7.78738 2.02434
threshold=0.046392936463211937 4.5000000000000009 483.00000000000006 7.505319148936171 0.05129082044266723 6.7470930232558155 5.0923295454545459 3.5000000000000004 8.5000000000000018 427.00000000000006 6.5000000000000009 493.00000000000006 77.500000000000014 0.19722222222222227
decision_type=8 2 10 10 8 8 8 2 2 10 2 10 10 10
left_child=4 2 3 -2 5 12 8 -4 -3 -6 -11 -8 -1 -7
right_child=1 6 7 -5 9 13 11 -9 -10 10 -12 -13 -14 -15
leaf_value=0 0.00076702616001093459 0.0082583615564602621 0.001495878872769682 -0.01040429718944943 -0.015645559612157217 -0.014412562312548198 -0.0098544754320657058 0.0071254183614676012 -0.0019350346456905557 -0.0018577683567418241 -0.016842408561972076 -0.0033430758023679321 -0.013652582333725989 0
leaf_weight=237.84606787003577 3788.2416893374175 140.8877258785069 1020.2513408698142 181.60578998364508 61.9846131503582 479.70377698726952 532.94387328438461 2057.699362995103 521.97639458999038 1364.5055349003524 38.862314932048321 409.68837638944387 39.702013729140162 6.1326201409101477
leaf_count=3893 51698 1468 12317 5278 1791 16812 11210 24506 6234 29551 1150 8238 856 228
internal_value=-0.000166403 0.00121812 0.00245991 0.000205797 -0.0055998 -0.0100568 -0.00413066 0.0053135 5.25197e-05 -0.00314957 -0.00243755 -0.00721534 -0.00216429 -0.0141921
internal_weight=10882 8653.29 7047.8 3969.85 2228.74 763.384 1605.5 3077.95 662.864 1465.35 1403.37 942.632 277.548 485.836
internal_count=175230 120949 93799 56976 54281 21789 27150 36823 7702 32492 30701 19448 4749 17040
is_linear=0
shrinkage=0.03


Tree=87
num_leaves=15
num_cat=0
split_feature=14 12 7 5 14 14 17 11 17 11 11 7 17 14
split_gain=89.551 69.0337 44.23 34.0278 32.561 28.1691 24.8344 21.8719 20.2092 19.0379 13.3417 10.9495 10.944 10.4747
threshold=4.5000000000000009 0.040679393172841367 483.00000000000006 5.5000000000000009 1.5000000000000002 2.5000000000000004 37.901515151515163 5.8352713178294584 37.533974358974369 3.2529069767441867 3.4037037037037039 509.00000000000006 38.433974358974368 10.500000000000002
decision_type=8 8 10 2 10 10 10 8 10 10 10 10 10 8
left_child=4 7 6 -4 8 9 -3 -2 10 -6 -1 -10 -7 -9
right_child=1 2 3 -5 5 12 -8 13 11 -11 -12 -13 -14 -15
leaf_value=0.0065136738968506382 0 -0.001101952900318846 0.0034501412184284362 -0.0087322689060462966 0.010454611195293432 0.0032555510336726972 -0.0072703958699758551 -0.0068478524731986181 -0.0075089927954741665 0.0036327594918054628 -0.0043715365585675556 0.0014597553534341403 -0.00082828641389841903 -0.014564255066016631
leaf_weight=298.58872722834349 195.65418831072748 1445.7646984737366 1870.0581793133169 221.70420298725367 779.5404868721962 1583.2797604836524 1074.6064228089526 394.68628157582134 495.08970046415925 887.86246874928474 131.49752148240805 125.86242053285241 858.47611858695745 515.96333719976246
leaf_count=2614 3990 27637 32604 5657 4803 14702 26103 12739 6076 6983 1683 1378 8550 19711
internal_value=-0.000164421 -0.00276185 -0.00110637 0.00206965 0.00268485 0.00390144 -0.00380057 -0.00949246 -0.00192547 0.00693351 0.0028288 -0.00545432 0.00175969 -0.0114393
internal_weight=10878.6 5718.44 4612.13 2091.76 5160.2 4109.16 2520.37 1106.3 1051.04 1667.4 430.086 620.952 2441.76 910.65
internal_count=175230 128441 92001 38261 46789 35038 53740 36440 11751 11786 4297 7454 23252 32450
is_linear=0
shrinkage=0.03


Tree=88
num_leaves=15
num_cat=0
split_feature=13 5 17 9 12 17 5 5 7 7 20 9 1 12
split_gain=86.2777 58.3101 45.3732 48.0426 38.1218 20.1748 14.788 10.23 10.6362 10.1275 9.48764 7.2369 5.32203 3.06631
threshold=0.050917937298530565 5.5000000000000009 37.520294117647069 11.500000000000002 0.079758919288155247 38.39852941176472 4.5000000000000009 6.5000000000000009 503.00000000000006 493.00000000000006 8.5000000000000018 14.500000000000002 2.5000000000000004 0.1246562740230117
decision_type=8 2 8 2 10 8 2 2 10 10 2 2 2 10
left_child=4 2 6 -4 5 11 -2 8 -3 -7 12 -1 -6 -12
right_child=1 7 3 -5 10 9 -8 -9 -10 -11 13 -13 -14 -15
leaf_value=1.0071969378071887e-05 0.0073693397648358317 -0.0083014176309859789 0.0079459101996925338 -0.00036513561974975037 0.0086909064951832295 -0.013522448091669692 0.00082110076233292992 -0.014447287338145171 0.0013941479391974374 -0.0037000021053805324 -0.0097269604827344251 -0.006067582081185038 0.00053273558708338917 0
leaf_weight=199.08097747340798 1427.5726194642484 251.83212086744606 695.5730365216732 5676.5427607018501 106.71628888323903 619.46608779672533 466.67310248315334 179.49082994088531 128.0760253444314 170.61613291501999 77.421540789306164 490.91179585456848 344.03981671482325 38.643904386088252
leaf_count=3969 14692 5279 9115 88680 1348 18602 6313 4136 2545 4386 1180 10348 4220 417
internal_value=-0.000160931 0.00111255 0.0017635 0.000524086 -0.00571431 -0.00824943 0.00584148 -0.00817141 -0.00466746 -0.0116266 0.000657271 -0.00411073 0.00286746 -0.00645122
internal_weight=10872.7 8825.76 8266.36 6372.12 2046.9 1480.07 1894.25 559.399 379.908 790.082 566.822 689.993 450.756 116.065
internal_count=175230 130760 118800 97795 44470 37305 21005 11960 7824 22988 7165 14317 5568 1597
is_linear=0
shrinkage=0.03


Tree=89
num_leaves=15
num_cat=0
split_feature=14 13 15 14 15 12 14 13 10 11 11 23 11 10
split_gain=82.7399 70.3954 35.5958 30.9355 36.8233 30.22 29.5803 27.3993 20.919 17.9438 15.3251 11.8584 5.63706 4.65726
threshold=4.5000000000000009 0.048788422171794917 22.500000000000004 1.5000000000000002 141.50000000000003 0.067848147258607855 2.5000000000000004 0.10158582227547745 0.35504201680672276 4.4629120879120885 7.5508620689655181 3.5000000000000004 6.901612903225808 0.60769230769230786
decision_type=8 8 8 10 10 8 10 10 10 8 8 2 8 10
left_child=3 5 9 8 6 10 -5 -4 11 -3 -2 -1 -7 -10
right_child=1 2 7 4 -6 12 -8 -9 13 -11 -12 -13 -14 -15
leaf_value=-0.006773119824176368 -0.0058650332141892258 0.0025399242057127843 -0.00083034447803130541 0.0074681694718689391 -0.01080373839601566 0.0022462952920959409 0.002078228275340896 0.0058578340313990823 0.002163943003078941 -0.0075038778889280752 -0.016502287480041032 3.463002634826778e-06 -0.0049383687257069358 0.014543396800563031
leaf_weight=530.32264436781406 244.40498235076666 166.63255268707871 2874.1990385260433 1624.61111754179 140.31419377401471 129.70588361658156 2355.05919560045 672.51449548639357 132.41160081326962 904.2879379587248 472.5064720865339 334.15221463516355 234.13611878082156 53.527836754918098
leaf_count=6166 6657 1978 62086 11375 1367 2234 22296 10845 1240 20765 18787 3913 5089 432
internal_value=-0.000156463 -0.00266163 -0.00100791 0.00257544 0.00375881 -0.00955196 0.00432281 0.000402071 -0.00191971 -0.00579713 -0.0131494 -0.00399624 -0.0019747 0.00680082
internal_weight=10868.8 5698.39 4617.63 5170.4 4119.98 1080.75 3979.67 3546.71 1050.41 1070.92 716.911 864.475 363.842 185.939
internal_count=175230 128441 95674 46789 35038 32767 33671 72931 11751 22743 25444 10079 7323 1672
is_linear=0
shrinkage=0.03


Tree=90
num_leaves=15
num_cat=0
split_feature=11 5 17 13 15 6 2 13 13 11 17 11 11 11
split_gain=92.3787 68.5475 60.8232 58.1205 19.5442 11.5315 6.5377 5.89108 3.75595 3.57623 3.11062 2.6948 1.74177 0.899504
threshold=7.3371212121212128 5.5000000000000009 37.520294117647069 0.06317550466421544 83.500000000000014 52.500000000000007 1.5000000000000002 0.074648407815704296 0.062519543464665428 9.5131578947368443 40.808333333333344 8.2034482758620708 3.6622807017543866 8.3377192982456165
decision_type=10 2 8 8 10 2 2 10 10 10 10 10 8 10
left_child=1 2 4 -4 -1 8 7 -3 13 10 -7 -10 -8 -2
right_child=5 6 3 -5 -6 9 12 -9 11 -11 -12 -13 -14 -15
leaf_value=0.0071335696352786441 0 -0.0084370331043162345 -0.003918501103149407 0.001894530970883314 0 -0.0094541826888760363 0 0.00038609749149206191 0 -0.016879828950345604 0 0.014152927397066735 -0.012145268639154921 -0.0080731549722979825
leaf_weight=1804.6258092187345 13.581513410434125 104.55850350670516 2219.2643973026425 5075.3222933448851 396.02942659892142 564.44923148304224 33.365275841206312 103.84884379990399 13.582462651655076 142.5409424174577 7.8184414636343709 20.266370946541429 357.0263171736151 18.848744736984372
leaf_count=19590 458 2261 42618 70383 4919 16631 401 1827 385 5962 242 686 8024 845
internal_value=2.40314e-05 0.000808813 0.00144498 0.000103985 0.00581171 -0.00986757 -0.008959 -0.00343157 4.23761e-05 -0.0109887 -0.00912805 0.00823676 -0.0114497 -0.00446078
internal_weight=10875.1 10094 9495.24 7294.59 2200.66 781.088 598.799 208.407 66.2791 714.809 572.268 33.8488 390.392 32.4303
internal_count=175232 150023 137510 113001 24509 25209 12513 4088 2374 22835 16873 1071 8425 1303
is_linear=0
shrinkage=0.03


Tree=91
num_leaves=15
num_cat=0
split_feature=11 5 7 13 14 6 7 7 2 11 12 13 11 9
split_gain=87.7268 65.0299 69.6679 44.8725 32.4582 11.0635 9.08077 8.86758 6.49219 4.97889 3.61469 3.53934 2.54507 1.12569
threshold=7.3371212121212128 5.5000000000000009 437.00000000000006 0.057741683963144781 6.5000000000000009 52.500000000000007 503.00000000000006 527.00000000000011 1.5000000000000002 7.6700680272108857 0.10189606995920657 0.062519543464665428 8.2034482758620708 12.500000000000002
decision_type=10 2 10 8 8 2 10 10 2 10 10 10 10 2
left_child=1 2 4 -4 -1 11 9 8 -3 -7 -8 13 -13 -2
right_child=5 7 3 -5 -6 6 10 -9 -10 -11 -12 12 -14 -15
leaf_value=-0.001259552786445654 0 -0.0040177072065079294 -0.0017462573190864833 0.0032760366262978226 -0.015381481160466347 -0.0045690404930750972 -0.0052537757035653609 0.00047490382805434736 -0.012600908323971406 -0.014308378061541236 0.0051877095487525716 0 0.013665934689434455 -0.0074724057237752261
leaf_weight=339.0841692648828 6.4724816475063554 188.52707976102829 2045.1376670235768 6826.3869462106377 294.33109313715249 115.12009867560118 128.66418488975614 53.213854240253568 352.51310786511749 443.11332159023732 20.844725292176008 13.582462651655076 20.532960986718535 25.814919866621494
leaf_count=3950 223 3725 36201 87617 9742 3140 4059 1079 7709 15276 360 385 686 1080
internal_value=2.09141e-05 0.000782584 0.00139983 0.00210103 -0.00812566 -0.00966427 -0.0107736 -0.00876903 -0.00994895 -0.0126246 -0.00270642 0 0.0079592 -0.00435591
internal_weight=10873.3 10099.2 9504.94 8871.52 633.415 774.145 707.742 594.254 541.04 558.233 149.509 66.4028 34.1154 32.2874
internal_count=175232 150023 137510 123818 13692 25209 22835 12513 11434 18416 4419 2374 1071 1303
is_linear=0
shrinkage=0.03


Tree=92
num_leaves=15
num_cat=0
split_feature=13 13 23 15 15 0 6 20 23 15 4 16 20 13
split_gain=74.7751 29.8825 26.9245 25.9673 23.5426 14.6105 11.545 10.8978 8.92683 8.40864 5.90637 3.5613 2.93349 5.22109
threshold=0.057741683963144781 0.11667351410572448 5.5000000000000009 105.50000000000001 69.500000000000014 1350.0000000000002 54.250000000000007 8.5000000000000018 3.5000000000000004 153.50000000000003 4.5000000000000009 -4.9999999999999991 1.5000000000000002 0.040171902840735997
decision_type=8 10 2 10 8 2 2 2 2 8 2 8 2 10
left_child=4 2 3 -2 5 10 -4 11 -7 -9 -1 -3 13 -6
right_child=1 7 6 -5 12 8 -8 9 -10 -11 -12 -13 -14 -15
leaf_value=-0.0031311250942361035 0.00057209327134642577 0 0.0076652016124769346 -0.0061600840327334875 -0.0092465811158572719 -0.0061491166894613218 0.0018147201234781582 0.0040736671129155593 -0.00051197213026056869 -0.0088472680651159631 0.0031485274959013486 0.010327133492988727 -0.0098085565122310436 0
leaf_weight=165.94848735071719 5356.9777846168727 63.27437200024724 622.12530733086169 565.01721009518951 77.850442117080092 800.38369187526405 766.65097188577056 282.49973986111581 459.88773378077894 44.027665430679917 457.66706736385822 477.86647232808173 628.99821142293513 102.65864046663046
leaf_count=3161 77500 806 9641 9803 2317 15288 11318 3160 8748 576 8790 5471 16013 2640
internal_value=1.69095e-05 0.00145863 0.000808332 -4.95702e-05 -0.00429984 -0.00233945 0.00456126 0.00672996 -0.00422076 0.00177185 0.00122723 0.00940345 -0.00863555 -0.00358535
internal_weight=10871.8 8178.44 7310.77 5921.99 2693.39 1883.89 1388.78 867.668 1260.27 326.527 623.616 541.141 809.507 180.509
internal_count=175232 118275 108262 87303 56957 35987 20959 10013 24036 3736 11951 6277 20970 4957
is_linear=0
shrinkage=0.03


Tree=93
num_leaves=15
num_cat=0
split_feature=11 5 7 13 11 0 7 7 20 13 4 10 4 9
split_gain=83.0337 61.2529 65.985 39.2123 17.149 13.7657 8.56017 7.17707 6.27394 4.93399 2.50241 2.38688 2.04101 1.78963
threshold=7.3371212121212128 5.5000000000000009 437.00000000000006 0.057741683963144781 5.2472222222222227 1075.0000000000002 527.00000000000011 511.00000000000006 8.5000000000000018 0.058187301255206603 5.5000000000000009 0.14760348583878 11.500000000000002 10.500000000000002
decision_type=10 2 10 8 8 2 10 10 2 10 2 10 2 2
left_child=1 2 4 -4 -1 9 8 13 -3 -2 -11 -8 -9 -7
right_child=5 6 3 -5 -6 7 11 12 -10 10 -12 -13 -14 -15
leaf_value=0 -0.0026339522690837793 -0.001804448008121496 -0.0015751156336755671 0.0031229598981989976 -0.010858544465765469 0 -0.0016371327715306873 -0.0044937297025731465 -0.011535863181965074 0 0.017643156793880423 0.0087061583041732962 0.0036158651521537694 -0.012169904339431619
leaf_weight=162.82941913045943 23.358497533947229 116.87484983541071 2034.9564710333943 6850.8132658526301 466.08660061750561 24.479391230270267 30.934295067563653 73.152042561210692 419.21322221122682 11.249918451532723 17.663448221981525 22.254174079746008 22.596483740024269 594.48844255227596
leaf_count=1737 729 2513 36201 87617 11955 731 682 2200 8921 293 451 397 693 20112
internal_value=1.57896e-05 0.000753749 0.00135033 0.00202989 -0.00795454 -0.00945338 -0.00855685 -0.0105969 -0.00972777 0.00312329 0.0119001 0.000488927 -0.00100656 -0.0118201
internal_weight=10871 10104 9514.69 8885.77 628.916 766.988 589.277 714.716 536.088 52.2719 28.9134 53.1885 95.7485 618.968
internal_count=175232 150023 137510 123818 13692 25209 12513 23736 11434 1473 744 1079 2893 20843
is_linear=0
shrinkage=0.03


Tree=94
num_leaves=15
num_cat=0
split_feature=14 5 12 15 20 12 0 13 12 16 9 13 0 20
split_gain=76.5729 50.0361 45.8401 49.6806 18.1408 17.8053 13.4291 9.62432 8.90829 6.5758 4.73979 3.17087 1.77609 0.829289
threshold=10.500000000000002 5.5000000000000009 0.083344720779812351 70.500000000000014 3.5000000000000004 0.040985237421147742 1175.0000000000002 0.084978737696953716 0.10660820735447603 -2.9999999999999996 11.500000000000002 0.082810976094243469 1075.0000000000002 10.500000000000002
decision_type=10 2 8 8 2 8 2 10 10 10 2 10 2 2
left_child=1 2 3 -1 -4 7 9 12 -8 -7 -3 -12 -2 -9
right_child=5 10 4 -5 -6 6 8 13 -10 -11 11 -13 -14 -15
leaf_value=0.0015595649151883767 0 0 0.0066508867148296113 -0.0045116156930235657 0.0022011833338589407 -0.00027025782458748243 -0.007957933683439871 -0.0033040783081209634 0.00011798393090295471 0.016131151036701472 -0.010753340822095871 -0.0038482851299778066 -0.018176427621636529 0.0052233106343333724
leaf_weight=3773.3175682388246 10.307637743651865 43.634682571515441 1406.6911670640111 1775.1855354337022 2382.398996271193 15.599875224754213 563.2862337436527 29.943672526627779 110.88230792619288 31.84945166669786 330.96154513023794 183.08643642254174 203.90778571087867 8.3740000762045366
leaf_count=55842 451 776 13974 37239 22404 500 19022 1116 2016 952 7355 3177 10128 280
internal_value=1.27205e-05 0.00081798 0.00135456 -0.000358149 0.00389925 -0.00797619 -0.00518822 -0.015105 -0.00641772 0.00836725 -0.00783194 -0.00864375 -0.0175373 0
internal_weight=10869.4 9895.28 9337.59 5548.5 3789.09 974.151 721.618 252.533 674.169 47.4493 557.683 514.048 214.215 38.3177
internal_count=175232 140767 129459 93081 36378 34465 22490 11975 21038 1452 11308 10532 10579 1396
is_linear=0
shrinkage=0.03


Tree=95
num_leaves=15
num_cat=0
split_feature=14 7 9 20 14 10 13 13 1 10 7 1 3 7
split_gain=94.7715 55.4911 46.4075 37.7029 27.6892 19.0142 14.2303 13.0972 12.4599 5.01733 4.2732 3.07489 2.86896 1.69362
threshold=10.500000000000002 439.00000000000006 11.500000000000002 3.5000000000000004 6.5000000000000009 0.19722222222222227 0.072003236245954713 0.076944684528954213 2.5000000000000004 0.088562091503267992 413.00000000000006 1.5000000000000002 7.5000000000000009 539.00000000000011
decision_type=10 10 2 2 8 10 8 10 2 10 10 2 2 10
left_child=1 4 7 -4 10 6 13 -3 -8 -6 -1 -7 -13 -2
right_child=5 2 3 -5 9 11 8 -9 -10 -11 -12 12 -14 -15
leaf_value=-0.010580833698398445 -0.015296012980688514 0.0034188313263365656 0.0033262199616115535 -0.00085052206160407822 -0.015574626526102784 0.0084260115249501898 0.0028381064134171147 0.011451765602701842 -0.0091974546253302501 0 -0.00040921323316137477 -0.0042289329708072743 0.004436755846515184 0
leaf_weight=42.526192262768745 423.96907697431743 415.26561622321606 3057.6955133005977 5239.3952580485493 265.62670146021992 22.157475566491485 85.166004041209817 473.02216264419258 247.89330850355327 22.38102750107646 378.58874375931919 154.07170172967017 24.334519879892468 6.8321304628625503
leaf_count=557 18653 5774 44736 70835 8790 528 2704 4873 7859 535 4585 3710 578 265
internal_value=-0.000110573 0.000752128 0.00139143 0.000671725 -0.00727052 -0.00907441 -0.0112286 0.00790452 -0.0056797 -0.014444 -0.00190051 -6.6764e-05 -0.00214035 -0.01506
internal_weight=10858.9 9894.5 9185.38 8297.09 709.123 964.424 763.861 888.288 333.059 288.008 421.115 200.564 178.406 430.801
internal_count=174982 140685 126218 115571 14467 34297 29481 10647 10563 9325 5142 4816 4288 18918
is_linear=0
shrinkage=0.03


Tree=96
num_leaves=15
num_cat=0
split_feature=14 9 12 17 12 10 23 12 14 15 1 12 1 10
split_gain=89.8501 51.336 31.3372 28.3383 22.5787 18.3683 16.6653 16.6556 11.2394 9.06992 6.54952 5.75043 2.89337 5.63634
threshold=10.500000000000002 15.500000000000002 0.062964939325665062 38.834313725490205 0.045979680851631781 0.19722222222222227 5.5000000000000009 0.20005144032921815 4.5000000000000009 16.500000000000004 2.5000000000000004 0.10189606995920657 2.5000000000000004 0.22792207792207794
decision_type=10 2 8 10 10 10 2 10 8 10 2 10 2 10
left_child=1 3 8 4 -1 6 11 -4 -3 -5 -8 -2 13 -7
right_child=5 2 7 9 -6 12 10 -9 -10 -11 -12 -13 -14 -15
leaf_value=-0.00050222296947450011 -0.014657801632747682 -0.0016855456982062533 -0.00010613915396061332 -0.0058279376194650045 0.0052336951771669912 -0.0026427360464833763 0.0056994606322467584 0.010191504816966226 -0.0068511743976605354 0.00021544288836869519 -0.006092248628332058 -0.0026848755396291155 -0.0027092577960308364 0.0132581982740064
leaf_weight=710.77298269234598 513.88480305857956 785.27294079773128 3147.7905281726271 291.13135365955532 3121.4507433511317 16.050737600773573 51.567441166378558 141.97785206884146 959.84670465625823 741.44059377722442 114.67507880553603 75.759466214105487 152.95320929214358 31.240618517622352
leaf_count=13861 21426 8860 37588 4397 36767 413 1968 973 26521 11718 4530 1557 3672 731
internal_value=-0.000108003 0.000727869 -0.00137485 0.00293408 0.00413148 -0.00887736 -0.0110124 0.000307545 -0.0046239 -0.00136378 -0.00149896 -0.0134072 -1.50172e-05 0.0052562
internal_weight=10855.8 9899.68 5034.89 4864.8 3832.22 956.131 755.887 3289.77 1745.12 1032.57 166.243 589.644 200.245 47.2914
internal_count=174982 140685 73942 66743 50628 34297 29481 38561 35381 16115 6498 22983 4816 1144
is_linear=0
shrinkage=0.03


Tree=97
num_leaves=15
num_cat=0
split_feature=14 7 23 12 9 17 12 0 7 19 1 7 7 12
split_gain=85.3808 54.1373 35.6475 31.6458 21.9599 23.7696 21.2348 20.718 12.7244 6.46028 6.13891 5.25089 4.36066 4.27534
threshold=10.500000000000002 489.00000000000006 5.5000000000000009 0.11968294521695429 10.500000000000002 39.250757575757582 0.038414131761877211 1175.0000000000002 491.00000000000006 1.0000000180025095e-35 2.5000000000000004 439.00000000000006 495.00000000000006 0.0622127360355385
decision_type=10 10 2 10 2 10 8 2 10 2 2 10 10 10
left_child=1 2 3 -1 10 -6 -4 11 13 -10 -3 -2 -13 -9
right_child=7 4 6 -5 5 -7 -8 8 9 -11 -12 12 -14 -15
leaf_value=-0.0034060589855358062 -0.0064776803509534455 0.001045130380016402 -0.003818920642738222 0.0026776625525666373 0.0038042615128996457 -0.0041514949708365166 0.0051947060262684175 -0.016081489426273209 -0.0079800270622823865 0 0.016011792749420529 0.014198725901506799 0 -0.0082390944628579019
leaf_weight=3920.7350661400706 8.7200242178514582 56.296249587088823 276.47789285797626 925.40431378036737 3120.8186549944803 357.28378840535879 1085.4139459598809 304.22555948328227 193.85832062363625 136.78352908696979 161.55467812716961 46.147475705482066 14.13872744143009 244.59092454612255
leaf_count=65197 377 616 5838 7774 39058 5501 14954 14355 6241 4283 1747 1627 451 6963
internal_value=-0.000106911 0.000704187 -0.000988332 -0.00221185 0.00358511 0.00293916 0.00324783 -0.00869309 -0.0100009 -0.00451734 0.0129275 0.00549771 0.00989089 -0.0129632
internal_weight=10852.4 9903.98 6208.03 4846.14 3695.95 3478.1 1361.89 948.465 879.458 330.642 217.851 69.0062 60.2862 548.816
internal_count=174982 140685 93763 72971 46922 44559 20792 34297 31842 10524 2363 2455 2078 21318
is_linear=0
shrinkage=0.03


Tree=98
num_leaves=15
num_cat=0
split_feature=12 13 5 7 17 17 7 5 7 7 6 13 5 7
split_gain=68.154 45.0921 32.4415 32.9923 20.3744 18.5157 15.9295 14.4649 13.162 12.195 11.3225 11.2403 6.62768 5.99317
threshold=0.044551553631330315 0.098365110477548132 4.5000000000000009 439.00000000000006 36.5014705882353 39.28688172043011 489.00000000000006 3.5000000000000004 491.00000000000006 517.00000000000011 52.500000000000007 0.063497368644427482 5.5000000000000009 445.00000000000006
decision_type=8 10 2 10 10 8 10 2 10 10 2 8 2 10
left_child=5 2 3 -2 7 8 -4 -3 10 -6 -1 -7 -10 -13
right_child=1 4 6 -5 9 11 -8 -9 12 -11 -12 13 -14 -15
leaf_value=0.0015554794488250271 -0.0068169605973298769 0.015147691138597996 -0.0079788994711229716 0.0015669582024115645 0.0021848418565438925 -0.013630356152372633 -0.00089398984283488368 0.0002469639889212827 0.0031603144330506561 0.010705495863036438 -0.0063563245696160115 -0.01413586745037014 -0.006812443985360633 -0.0019831451269343566
leaf_weight=165.41361957415938 449.37898307200521 274.98334539495409 600.12381865642965 5322.4563116170466 1239.5431079659611 318.6948657380417 646.23207168094814 100.88240169733763 350.78053246159106 186.44636322185397 815.22241529356688 50.123128836974502 61.141373707912862 267.76265209820122
leaf_count=3577 8891 3263 11487 71987 13805 11833 11330 1193 6634 1957 18453 1782 1874 6916
internal_value=-0.000104203 0.00102276 -4.41394e-05 0.000882909 0.00524995 -0.00506698 -0.00444351 0.0115979 -0.00295138 0.00343724 -0.00486846 -0.00940212 0.00125634 -0.00455313
internal_weight=10849.2 8820.05 7018.19 5771.84 1801.86 2029.14 1246.36 375.866 1392.56 1425.99 980.636 636.581 411.922 317.886
internal_count=174982 123913 103695 80878 20218 51069 22817 4456 30538 15762 22030 20531 8508 8698
is_linear=0
shrinkage=0.03


Tree=99
num_leaves=15
num_cat=0
split_feature=11 7 17 20 11 13 13 17 23 5 7 12 3 1
split_gain=70.538 63.6284 39.8023 44.8021 29.5321 15.1719 8.81704 8.54837 7.85466 5.5346 5.34589 5.26753 3.97039 3.84869
threshold=6.802777777777778 439.00000000000006 39.634313725490202 3.5000000000000004 5.7161172161172171 0.096160546770302877 0.085285064554450493 37.980322580645172 5.5000000000000009 4.5000000000000009 511.00000000000006 0.04260927459040121 6.5000000000000009 3.5000000000000004
decision_type=10 10 10 2 8 8 10 8 2 2 10 10 2 2
left_child=1 4 3 -3 13 8 -4 -6 10 11 -2 -7 -10 -1
right_child=5 2 6 -5 7 9 -8 -9 12 -11 -12 -13 -14 -15
leaf_value=0.0055524711854842319 -0.011485262111574135 0.0049692834289263542 -0.0083514649096816333 0.00032920491854729041 -0.0030878956286038203 -0.0020359534299992437 0 -0.014769449328062073 -0.0057475599603894149 -0.004626053939716838 -0.0018111156435316692 0.011689669356782154 0.00075727313663729809 -0.0021059269379468141
leaf_weight=86.039503563195467 604.68303713575006 2869.1009931843728 423.35219289548695 5603.3107364308089 112.43266438134015 12.616123359650372 156.71187714859843 351.58811658341438 197.58735391963273 40.937729632481933 100.14189105294645 61.661829506978393 81.54369829595089 144.70775824598968
leaf_count=1008 19452 40815 9570 73429 1967 374 2646 10480 5897 1087 2898 1300 2398 1661
internal_value=-0.000101749 0.000697956 0.00138512 0.00192022 -0.00798695 -0.00730028 -0.00612387 -0.0123219 -0.00853591 0.00192054 -0.0103445 0.00748492 -0.00333947 0.000170609
internal_weight=10846.4 9747.24 9052.48 8472.41 694.768 1099.17 580.064 464.021 983.956 115.216 704.825 74.278 279.131 230.747
internal_count=174982 141576 126460 114244 15116 33406 12216 12447 30645 2761 22350 1674 8295 2669
is_linear=0
shrinkage=0.03


Tree=100
num_leaves=15
num_cat=0
split_feature=9 14 17 5 12 11 7 17 12 4 12 9 11 11
split_gain=73.3424 58.4982 43.0285 48.5024 31.1545 27.1365 22.9172 14.6344 12.9222 9.02774 9.00206 7.21361 1.56729 2.26807
threshold=12.500000000000002 9.5000000000000018 37.650714285714294 4.5000000000000009 0.11968294521695429 6.5058139534883734 439.00000000000006 39.28688172043011 0.15820103738221869 11.500000000000002 0.11085843568196511 10.500000000000002 4.5508620689655181 7.232051282051283
decision_type=2 10 8 2 10 8 10 10 10 2 8 2 8 10
left_child=6 2 3 -2 -4 9 12 8 -8 -3 -7 -9 -1 -14
right_child=1 5 4 -5 -6 10 7 11 -10 -11 -12 -13 13 -15
leaf_value=0 0.0060725587898668131 -0.0041730722611822034 -0.0026862660468888761 -0.0030332823665499505 0.0031571047973916254 -0.012527504036303047 0.0064638189408695061 0.0065874180045119579 0.017425065533153119 0.005517351168454962 0 -0.005022800165376263 -0.010335499557709679 0
leaf_weight=20.936167005449533 1636.3517819512635 287.49355702847242 4644.2624199856073 746.64125557616353 971.49443717300892 601.72006754856557 1333.6609023492783 64.708470426499844 124.21546766161919 110.07139910198748 55.845528272911906 133.97182111814618 77.934732120484114 9.4535460928454977
leaf_count=191 16406 6990 76373 11049 8202 26921 18023 1154 816 2677 1316 2542 1709 316
internal_value=0 -0.00109308 -0.000196033 0.00315632 -0.0016468 -0.00771893 0.00558388 0.00650933 0.00755665 -0.00108233 -0.0114666 -0.000436119 -0.00690773 -0.00859055
internal_weight=10818.8 9053.88 7998.75 2382.99 5615.76 1055.13 1764.88 1656.56 1457.88 397.565 657.566 198.68 108.324 87.3883
internal_count=174685 149934 112030 27455 84575 37904 24751 22535 18839 9667 28237 3696 2216 2025
is_linear=0
shrinkage=0.03


Tree=101
num_leaves=15
num_cat=0
split_feature=9 11 17 7 20 7 17 6 11 9 0 6 20 10
split_gain=68.8434 54.5295 44.0248 42.9539 23.3433 21.5387 13.6499 13.1537 9.51478 6.81248 6.11251 3.18251 2.19504 1.93513
threshold=12.500000000000002 6.546536796536798 37.650714285714294 465.00000000000006 8.5000000000000018 439.00000000000006 39.28688172043011 55.750000000000007 9.3385416666666696 10.500000000000002 1350.0000000000002 51.250000000000007 7.5000000000000009 0.075235849056603785
decision_type=2 10 8 10 2 10 10 2 10 2 2 2 2 10
left_child=5 2 4 -4 -2 11 7 -7 10 -8 -3 -1 -13 -10
right_child=1 8 3 -5 -6 6 9 -9 13 -11 -12 12 -14 -15
leaf_value=0 0.0063580258640974011 -0.0018819333057925329 -0.0055432209573102352 9.4365335068112899e-05 0.00030911198969738187 0.010210575573883964 0.0063717079092177548 0.0039898936086917303 -0.016613191168441298 -0.0048971652880123858 -0.007734271086930632 -0.011112425147990573 0 0
leaf_weight=11.315401912666855 1117.4181505814195 323.30867311079055 1752.5470104105771 3787.2127237431705 1290.4793659131974 749.24069561250508 65.056042801588774 716.49893735256046 123.72684695757926 133.42326926533133 632.7534119989723 75.582018051296473 20.745141342282295 15.898957866244016
leaf_count=247 12466 8768 34072 54535 16131 10010 1154 8829 5788 2542 17511 1606 363 663
internal_value=0 -0.00106193 -0.000175766 -0.00166547 0.00318572 0.00539697 0.00628943 0.00729561 -0.00732355 -0.000400557 -0.00593137 -0.00673596 -0.00887173 -0.0152845
internal_weight=10815.2 9043.35 7947.66 5539.76 2407.9 1771.86 1664.22 1465.74 1095.69 198.479 956.062 107.643 96.3272 139.626
internal_count=174685 149934 117204 88607 28597 24751 22535 18839 32730 3696 26279 2216 1969 6451
is_linear=0
shrinkage=0.03


Tree=102
num_leaves=15
num_cat=0
split_feature=9 14 4 17 11 7 17 17 12 12 10 9 6 20
split_gain=64.6318 54.7347 39.7435 32.0826 25.5026 20.1965 13.6584 12.7287 12.0814 8.66564 8.62842 6.43373 3.08912 2.10508
threshold=12.500000000000002 9.5000000000000018 5.5000000000000009 37.701219512195131 6.5058139534883734 439.00000000000006 38.033974358974369 39.28688172043011 0.15820103738221869 0.11085843568196511 0.059411764705882358 10.500000000000002 51.250000000000007 7.5000000000000009
decision_type=2 10 2 8 8 10 8 10 10 8 10 2 2 2
left_child=5 2 6 -4 10 12 -2 8 -7 -6 -3 -9 -1 -14
right_child=1 4 3 -5 9 7 -8 11 -10 -11 -12 -13 13 -15
leaf_value=0 -0.00052106013713044204 0.0092324715277111516 0.0046628948394093501 -0.0002655480534581421 -0.01221083465304889 0.0059894165123878336 -0.0050677741043248853 0.0061640377228010463 0.01650984352785043 0 -0.0031092996408803035 -0.0047742278460292872 -0.010895448547637625 0
leaf_weight=11.315401912666855 1110.5864551104605 51.458694867789745 1724.2445254791528 3641.3237727256492 591.77307478990406 1347.7681688796729 1513.5422901064157 65.393610203638673 125.9132595770061 55.662436958402395 345.59700750559568 132.89014007244259 74.884826795198023 20.745141342282295
leaf_count=247 13046 1483 19785 55399 26921 18023 23800 1154 816 1316 8184 2542 1606 363
internal_value=0 -0.00103201 -0.000166599 0.00129316 -0.00747663 0.00521638 -0.00320521 0.006076 0.00704252 -0.0111548 -0.00104179 -0.00036604 -0.00655387 -0.00868396
internal_weight=10813.1 9034.19 7989.7 5365.57 1044.49 1778.91 2624.13 1671.97 1473.68 647.436 397.056 198.284 106.945 95.63
internal_count=174685 149934 112030 75184 37904 24751 36846 22535 18839 28237 9667 3696 2216 1969
is_linear=0
shrinkage=0.03


Tree=103
num_leaves=15
num_cat=0
split_feature=9 5 12 3 7 7 12 23 9 5 2 12 16 20
split_gain=60.7211 50.3097 46.9805 43.7849 18.9458 11.2503 9.96911 7.42106 6.0652 4.25008 7.43463 3.33419 1.50346 1.92561
threshold=12.500000000000002 5.5000000000000009 0.037043509780315099 3.5000000000000004 439.00000000000006 487.00000000000006 0.083344720779812351 5.5000000000000009 11.500000000000002 6.5000000000000009 1.5000000000000002 0.18210118805356904 3.0000000000000004 7.5000000000000009
decision_type=2 2 8 2 10 10 8 2 2 2 2 8 10 2
left_child=4 2 5 -4 12 -2 7 -6 -8 10 -3 -11 13 -1
right_child=1 9 3 -5 6 -7 8 -9 -10 11 -12 -13 -14 -15
leaf_value=-0.010088202727884882 -0.0084212981968746683 0 -0.0027346348353893789 0.002111162121568705 0.0015529962225913887 -0.0010902102570125739 0.011454466236336273 0.0074617948349639867 0.004311170538155531 -0.015131878638939767 -0.0097843082279179504 0 0 0
leaf_weight=69.754515036940575 728.78637709654868 130.65101588238031 2544.3290722873062 4859.024555339478 671.58582066372037 323.36641173437238 404.6834434941411 329.89894362911582 272.96309649571776 177.08304859884083 254.43318922445178 7.7476294124498954 19.137555478140712 17.374809226021171
leaf_count=1532 20586 2875 37294 70595 11005 7556 3498 5500 2532 4748 6152 128 378 306
internal_value=0 -0.00100336 -0.000400704 0.000424826 0.00504437 -0.00632588 0.0058729 0.00367585 0.00884946 -0.00960247 -0.00682025 -0.0142766 -0.00637485 -0.00798545
internal_weight=10810.8 9025.42 8455.51 7403.35 1785.4 1052.15 1679.13 1001.48 677.647 569.915 385.084 184.831 106.267 87.1293
internal_count=174685 149934 136031 107889 24751 28142 22535 16505 6030 13903 9027 4876 2216 1838
is_linear=0
shrinkage=0.03


Tree=104
num_leaves=15
num_cat=0
split_feature=13 5 3 12 12 9 11 10 12 11 9 13 0 5
split_gain=58.166 43.3353 35.6362 32.2215 22.5617 14.6902 13.1987 22.3647 8.89527 8.15476 6.68154 6.19746 5.73029 4.70647
threshold=0.055756485720514504 5.5000000000000009 3.5000000000000004 0.053766021918345654 0.15423450817666493 12.500000000000002 5.2025641025641036 0.067231638418079109 0.11321067929539703 8.1270161290322598 11.500000000000002 0.048788422171794917 1350.0000000000002 6.5000000000000009
decision_type=8 2 2 8 10 2 8 10 8 8 2 10 2 2
left_child=3 2 5 9 -4 -2 7 -5 -8 12 -3 -11 -1 -12
right_child=1 10 4 6 -6 -7 8 -9 -10 11 13 -13 -14 -15
leaf_value=0 0.0041300139594073904 0.0015264109097046917 0.0024634723779958126 0.010708612126483261 0.0090074504553912648 -0.0020651418587677556 -0.004509198097801999 -0.002320336310502694 0.00227216256826158 -0.012855339006147508 -0.0052717601529678748 -0.0025013056668952197 -0.0071332437218569918 -0.013498901285721258
leaf_weight=193.51935674902052 391.21037154644728 41.051153112202883 4688.7212823703885 196.96165088750422 551.56984205543995 2208.7761480659246 768.14015530794859 252.13561506196856 188.91026473045349 401.56475918274373 315.05216079205275 106.9144172212109 356.70062297489494 148.02327515184879
leaf_count=3828 4775 744 69116 1718 4012 32100 16072 2747 2363 15464 6826 3631 7663 3626
internal_value=0 0.00119268 0.00175784 -0.00404804 0.00318879 -0.00106926 -0.000942182 0.00311847 -0.00300987 -0.00800837 -0.00723315 -0.0110159 -0.00488461 -0.00833815
internal_weight=10809.3 8344.4 7840.28 2464.85 5240.29 2599.99 1406.15 449.097 957.05 1058.7 504.127 508.479 550.22 463.075
internal_count=174685 121199 110003 53486 73128 36875 22900 4465 18435 30586 11196 19095 11491 10452
is_linear=0
shrinkage=0.03


Tree=105
num_leaves=14
num_cat=0
split_feature=5 13 13 0 15 2 15 10 0 4 13 2 13
split_gain=53.8283 44.2594 34.7297 35.0306 7.84781 9.14069 7.15277 6.31498 5.81993 5.47734 5.39148 1.53852 0.871966
threshold=5.5000000000000009 0.11667351410572448 0.039193064026620351 1175.0000000000002 169.50000000000003 1.5000000000000002 40.500000000000007 0.14760348583878 1850.0000000000002 14.500000000000002 0.086212749022637383 2.5000000000000004 1.0000000180025095e-35
decision_type=2 10 8 2 8 2 8 10 2 2 10 2 10
left_child=1 2 6 -4 5 10 -1 -7 9 -3 -2 -10 -6
right_child=4 8 3 -5 12 7 -8 -9 11 -11 -12 -13 -14
leaf_value=-0.0028537636475717519 -0.004174458842266875 0.008747624753044695 0.008785122481615627 0.00016662353955369515 0 -0.011626841721715847 -0.0088799986570628243 -0.00092273122371466082 0.0029996096435381575 0 0.0061713165184376431 -0.0051033149661376875 -0.018685299183281427
leaf_weight=559.9502686932683 136.76353231817484 700.84202852845192 446.23539684619755 7963.7888500811532 9.6378892483189684 268.57211361359805 370.09924686327577 100.90969581902027 35.98098393343389 56.786346646025777 57.918868346139789 34.008808266371489 78.535465316846967
leaf_count=11246 3313 7701 7500 120482 226 7189 10915 2047 380 648 1016 355 2016
internal_value=7.69201e-05 0.000628231 2.12765e-05 0.000646694 -0.00822734 -0.00638129 -0.00544689 -0.00915533 0.0072566 0.00802241 -0.000267894 0 -0.0174529
internal_weight=10820 10167.7 9340.07 8410.02 652.338 564.164 930.05 369.482 827.618 757.628 194.682 69.9898 88.1734
internal_count=175034 159227 150143 127982 15807 13565 22161 9236 9084 8349 4329 735 2242
is_linear=0
shrinkage=0.03


Tree=106
num_leaves=15
num_cat=0
split_feature=14 7 11 14 14 11 2 11 1 0 7 0 15 7
split_gain=83.4676 44.478 33.398 32.41 35.9263 31.883 28.703 18.5737 12.3046 10.5367 13.8651 9.76384 9.11776 5.7141
threshold=9.5000000000000018 483.00000000000006 3.7165178571428577 3.5000000000000004 1.5000000000000002 9.0208333333333339 2.5000000000000004 5.2472222222222227 2.5000000000000004 1175.0000000000002 507.00000000000006 1500.0000000000002 37.500000000000007 493.00000000000006
decision_type=10 10 10 8 10 8 2 8 2 2 10 2 10 10
left_child=1 3 11 4 -1 8 -4 -5 12 -7 -11 -3 -2 -10
right_child=5 2 6 7 -6 9 -8 -9 13 10 -12 -13 -14 -15
leaf_value=-0.004915128040846907 -0.0039699241052032321 0.008535481906704688 0.0038331790662017289 0.0012856185474182382 0.0042131067414835719 0 -0.0032589940900383243 -0.0040612739717111488 -0.0080687074510289534 -0.017241640699828514 0 0.004069761119973367 0.0082095901702344942 -0.00092505266712013582
leaf_weight=492.72219038382173 77.637547921389341 816.13687942363322 1064.5382405053824 719.10777343995869 1618.8093319907784 37.961120747961104 974.12936142273247 2402.3461225712672 342.13826616387814 357.53530034329742 58.723851218819618 1521.9472561050206 118.74115070793778 217.55205674469471
leaf_count=5760 2449 9190 14737 8668 12666 1587 13401 50757 10994 16373 2185 16475 3540 6252
internal_value=7.2458e-05 0.00102247 0.0032594 -0.000821127 0.0020056 -0.00732044 0.000371271 -0.00278142 -0.00324416 -0.0136697 -0.0150403 0.00570748 0.00267059 -0.00559037
internal_weight=10820 9609.74 4376.75 5232.99 2111.53 1210.29 2038.67 3121.45 756.069 454.22 416.259 2338.08 196.379 559.69
internal_count=175034 131654 53803 77851 18426 43380 28138 59425 23235 20145 18558 25665 5989 17246
is_linear=0
shrinkage=0.03


Tree=107
num_leaves=15
num_cat=0
split_feature=14 9 12 0 13 12 9 15 13 10 6 16 12 13
split_gain=79.2243 42.791 27.3718 24.5875 21.0912 20.9463 19.3143 16.0578 13.839 10.5106 6.08279 6.01434 5.51659 5.06487
threshold=9.5000000000000018 15.500000000000002 0.16587108093328476 1250.0000000000002 0.032712828300329198 0.080192362795162439 14.500000000000002 70.500000000000014 0.11219911707716587 0.21807065217391305 52.500000000000007 -1.0000000180025095e-35 0.054058892404757079 0.070910406525457187
decision_type=10 2 10 2 8 8 2 10 10 10 2 10 10 8
left_child=1 2 4 8 -1 -5 7 10 -3 13 -2 -9 -11 -8
right_child=6 3 -4 5 -6 -7 9 11 -10 12 -12 -13 -14 -15
leaf_value=-0.0056742398316076449 0.0048706307587921202 0.0014259098072500625 0.012188751424432823 -0.0045396678460430835 0.0029334165724414552 0 -0.014205163288856683 0 0.013118510207719154 0.0075084675366696961 -0.0074686765330250707 0.011658939952227889 -0.0051923268836660532 -0.0072171016476858061
leaf_weight=257.08891312871128 23.561190539970994 1214.4148718221113 278.8834666647017 1812.1867840150371 4228.0087034311146 1724.3637914955616 370.99161974713206 40.018575850874186 99.922951813787222 33.904169057495892 230.21333199553192 83.016542359255254 100.87892067804933 319.80670718103647
leaf_count=5164 890 18767 1805 31883 55595 17317 17320 1295 1123 1017 7707 2561 2077 10513
internal_value=6.88449e-05 0.000991662 0.00301746 -0.000968011 0.00240084 -0.00229158 -0.00715973 -0.00105227 0.00247488 -0.00974358 -0.00567143 0.00715316 -0.000770102 -0.0112607
internal_weight=10817.3 9614.87 4763.98 4850.89 4485.1 3536.55 1202.39 376.81 1314.34 825.581 253.775 123.035 134.783 690.798
internal_count=175034 131654 62564 69090 60759 49200 43380 12453 19890 30927 8597 3856 3094 27833
is_linear=0
shrinkage=0.03


Tree=108
num_leaves=15
num_cat=0
split_feature=14 12 0 13 13 0 20 5 5 6 6 13 2 13
split_gain=75.085 34.9448 40.3508 31.3536 19.6494 17.0369 12.3525 14.3988 9.27945 8.38598 5.53438 5.40939 4.37212 3.9602
threshold=9.5000000000000018 0.15423450817666493 1250.0000000000002 0.12074887551842983 0.050578796055476723 1175.0000000000002 5.5000000000000009 4.5000000000000009 3.5000000000000004 53.500000000000007 55.750000000000007 0.050217395413901973 4.5000000000000009 0.12368696899481409
decision_type=10 10 2 10 10 2 2 2 2 2 2 10 2 10
left_child=1 2 4 -4 -1 9 13 -8 10 11 -3 -2 -10 -7
right_child=5 8 3 -5 -6 6 7 -9 12 -11 -12 -13 -14 -15
leaf_value=-0.00092727085968840185 0 0.011885506334263015 -0.0014004701611278771 0.0069880105777499887 0.0055167712785265536 -0.01383360631505515 -0.0016508243065991406 -0.010441686542132605 0.0036519656883961219 0 0.0045788279698030154 0.026448744147194964 -0.0046680341918407427 0
leaf_weight=522.4365147696808 5.4251744691282537 314.1166197694838 6065.0733075737953 420.33838987164199 1640.035263877362 322.81867660116404 449.51761340908706 323.80696495063603 334.94380348548293 67.049082943238318 273.92908309400082 15.409251205623148 49.773032333701849 10.460328819230197
leaf_count=10120 261 2225 87067 4621 22772 14325 13901 11806 2637 2301 1817 498 395 288
internal_value=6.66869e-05 0.000962359 0.000336017 -0.000828713 0.00389219 -0.00699613 -0.00805822 -0.00556789 0.00634695 0.00447636 0.00880207 0.0190837 0.00214458 -0.0132255
internal_weight=10815.1 9620.65 8647.88 6485.41 2162.47 1194.49 1106.6 773.325 972.763 87.8835 588.046 20.8344 384.717 333.279
internal_count=175034 131654 124580 91688 32892 43380 40320 25707 7074 3060 4042 759 3032 14613
is_linear=0
shrinkage=0.03


Tree=109
num_leaves=15
num_cat=0
split_feature=14 7 11 11 14 14 2 17 11 1 9 7 17 9
split_gain=71.1684 41.6972 30.8914 30.5447 30.081 33.7746 26.7899 17.8142 17.5056 11.6126 12.5997 9.5784 8.08555 3.99898
threshold=9.5000000000000018 483.00000000000006 3.7165178571428577 9.0208333333333339 3.5000000000000004 1.5000000000000002 2.5000000000000004 39.533974358974369 5.2472222222222227 2.5000000000000004 14.500000000000002 507.00000000000006 39.651666666666678 12.500000000000002
decision_type=10 10 10 8 8 10 2 10 8 2 2 10 10 2
left_child=1 4 7 9 5 -1 -4 -3 -6 10 -2 13 -11 -5
right_child=3 2 6 11 8 -7 -8 -9 -10 12 -12 -13 -14 -15
leaf_value=-0.0048576766152504938 0.012788127761243629 0.0061844911147288717 0.0036497056656011285 -0.0024201137227919359 0.0011908358952635836 0.0039961115332163046 -0.0031996388137483841 -0.0034051649960235722 -0.0039907356569080987 -0.0062200769445668108 -0.0019357785172497818 0 0.0069955632290331264 -0.016286641735008489
leaf_weight=491.7391793616116 71.900458438321948 2185.251902544871 1069.1264054477215 49.792411620728672 720.76214817538857 1625.517456792295 972.30810064077377 165.44077482633293 2396.3417533896863 520.04764998704195 122.98946162778884 60.770009820349514 30.68071538861841 330.68511933740228
leaf_count=5760 2089 23381 14737 1934 8668 12666 13401 2284 50757 16062 3900 2297 1184 15914
internal_value=6.4191e-05 0.000933636 0.00309484 -0.00683622 -0.000852418 0.00186251 0.000314309 0.0054401 -0.00274458 -0.00283843 0.00292988 -0.013148 -0.00515761 -0.014916
internal_weight=10813.4 9626.49 4392.13 1186.87 5234.36 2117.26 2041.43 2350.69 3117.1 745.618 194.89 441.248 550.728 380.478
internal_count=175034 131654 53803 43380 77851 18426 28138 25665 59425 23235 5989 20145 17246 17848
is_linear=0
shrinkage=0.03


Tree=110
num_leaves=15
num_cat=0
split_feature=14 7 11 14 5 17 5 2 7 17 12 11 11 0
split_gain=56.2858 50.3264 45.5947 38.7693 38.0657 24.1013 19.0747 15.4885 12.9848 9.91883 8.7645 7.17136 7.08954 5.8097
threshold=3.5000000000000004 433.00000000000006 7.7158385093167707 1.5000000000000002 5.5000000000000009 37.139508290451694 3.5000000000000004 1.5000000000000002 519.00000000000011 39.533974358974369 0.13028320917741135 3.0217391304347831 4.6030303030303044 1175.0000000000002
decision_type=8 10 10 10 2 10 2 2 10 10 8 10 8 2
left_child=3 10 4 5 -3 11 9 -8 -7 -5 12 -1 -2 -4
right_child=1 2 13 6 -6 8 7 -9 -10 -11 -12 -13 -14 -15
leaf_value=0.0090889789341047807 0 0.00028347561265152185 0 0.0071113366579967146 -0.009099554012805185 -0.0063335959068513085 0.0063685256106632187 -0.00069415156679356841 0.004283800561598515 0 0 0 -0.015547312894880587 -0.011221809901129245
leaf_weight=169.71881963312626 26.808161020278931 5474.2477605268359 48.503166231326759 1656.0741187632084 412.42851823661476 701.65107634849846 389.33406129851937 860.32110198587179 100.42943422868848 173.26150469854474 26.831837570294738 86.912898160517216 293.48334112763405 417.68087260331959
leaf_count=1417 357 99561 1654 11659 10958 8243 3215 7323 1009 1447 459 1052 10203 16593
internal_value=-2.75513e-05 -0.00173981 -0.00110113 0.00270757 -0.000355617 -0.00214263 0.00442472 0.0014033 -0.00480002 0.00639749 -0.0128209 0.00552249 -0.0142191 -0.010093
internal_weight=10837.7 6699.98 6352.86 4137.7 5886.68 1058.71 3078.99 1249.66 802.081 1829.34 347.123 256.632 320.292 466.184
internal_count=175150 139785 128766 35365 110519 11721 23644 10538 9252 13106 11019 2469 10560 18247
is_linear=0
shrinkage=0.03


Tree=111
num_leaves=15
num_cat=0
split_feature=11 10 13 17 11 10 5 16 6 23 17 11 13 3
split_gain=53.4346 42.4795 46.4053 42.0126 20.0025 16.6927 7.83572 6.04466 5.41286 2.93253 3.70125 3.35806 0.964402 2.81542
threshold=7.7158385093167707 1.0000000180025095e-35 0.104482395713739 39.301612903225816 4.6030303030303044 0.44949494949494956 4.5000000000000009 11.000000000000002 52.500000000000007 2.5000000000000004 41.005555555555567 9.0208333333333339 0.062875540907848401 5.5000000000000009
decision_type=10 8 10 10 10 8 2 8 2 2 10 10 10 2
left_child=1 4 3 -3 7 -4 -6 -1 12 11 -11 -10 -2 -14
right_child=8 2 5 -5 6 -7 -8 -9 9 10 -12 -13 13 -15
leaf_value=0.0087950683865225376 -0.0034895999597578378 -0.00068831626707916338 0.00059006673648344659 -0.0088000275652388438 0.0029734240715156889 0.0076144363782290657 -0.0033388264579781802 -0.0010202826791679922 -0.00045886381811471492 -0.012714639664159881 0 -0.010652980481176482 0 0.014033886503903342
leaf_weight=752.30370364524424 25.746990540064871 6396.6807800093666 597.08665545284748 634.41171954385936 927.86134784854949 746.45847392268479 193.72840108070523 30.857568651437759 116.59559418540448 318.24332106113434 6.7092772303149095 61.958171164616942 14.56651079747826 10.371544039808212
leaf_count=5711 1166 99915 6704 15345 14135 8550 3994 304 3892 11326 290 2964 511 343
internal_value=-2.71677e-05 0.000450023 -0.000454198 -0.00144728 0.00449494 0.00461772 0.00174001 0.008214 -0.00907143 -0.0100037 -0.012177 -0.00500725 0 0.00406024
internal_weight=10833.6 10279.4 8374.64 7031.09 1904.75 1343.55 1121.59 783.161 554.191 503.506 324.953 178.554 50.685 24.9381
internal_count=175150 154658 130514 115260 24144 15254 18129 6015 20492 18472 11616 6856 2020 854
is_linear=0
shrinkage=0.03


Tree=112
num_leaves=15
num_cat=0
split_feature=14 13 15 5 13 20 5 9 10 3 12 9 12 13
split_gain=51.7987 42.7078 37.6531 26.3412 22.7688 22.6769 14.6657 12.5478 9.77201 9.08898 8.15 7.55709 7.2968 7.28353
threshold=3.5000000000000004 0.10092128918758345 70.500000000000014 5.5000000000000009 0.032091761747954202 3.5000000000000004 3.5000000000000004 13.500000000000002 0.28285714285714292 3.5000000000000004 0.081277401794493664 15.500000000000002 0.10660820735447603 0.078452460759610723
decision_type=8 8 10 2 10 2 2 2 8 2 8 2 10 10
left_child=2 3 5 4 -2 9 10 -7 12 -1 -3 -8 -4 -10
right_child=1 6 8 -5 -6 7 11 -9 13 -11 -12 -13 -14 -15
leaf_value=0.0029797287227108253 -0.0087562898642352498 0.0018009033968709358 -0.010375343173966553 -0.010471599759109143 -0.0015205955792596875 0.0057354535646254963 0.0036612405164113881 0.00066534678660705915 -0.0054090281276834799 0.0094942786585260185 0.0097267881777512392 -0.0035987163716872982 0 0.0028150772899557669
leaf_weight=374.0560692884028 436.70020466018468 255.37545374035835 223.53467004932463 377.44123847130686 4751.460578173399 633.98083335533738 238.35244208946824 1695.8836524561048 153.24081866070628 741.11912827566266 357.40746636688709 268.29042186029255 86.382866226136684 238.11452763155103
leaf_count=2741 13716 4888 2579 11518 97510 5038 3680 15422 1531 5378 3910 4563 681 1995
internal_value=-2.75392e-05 -0.00167468 0.0025908 -0.00276542 -0.00216637 0.00390137 0.00360313 0.00211855 -0.0036171 0.00746611 0.00670781 0 -0.00756744 -5.43524e-05
internal_weight=10831.3 6685.03 4146.31 5565.6 5188.16 3445.04 1119.43 2329.86 701.273 1115.18 612.783 506.643 309.918 391.355
internal_count=175150 139785 35365 122744 111226 28579 17041 20460 6786 8119 8798 8243 3260 3526
is_linear=0
shrinkage=0.03


Tree=113
num_leaves=15
num_cat=0
split_feature=11 5 10 12 11 14 12 10 3 11 12 4 10 6
split_gain=50.1952 39.3465 36.9311 32.8762 15.2058 12.0773 7.93759 6.1527 4.81832 3.97999 3.74683 0.869968 0.561298 1.04138
threshold=7.7158385093167707 5.5000000000000009 0.033615819209039555 0.065684702719989205 4.6030303030303044 4.5000000000000009 0.11321067929539703 0.29520697167755999 5.5000000000000009 9.9843750000000018 0.11321067929539703 12.500000000000002 0.10380747126436783 53.500000000000007
decision_type=10 2 8 8 10 10 10 10 2 10 8 2 10 2
left_child=1 2 4 -4 -1 12 7 -3 10 -10 -7 -8 13 -2
right_child=5 6 3 -5 -6 8 11 -9 9 -11 -12 -13 -14 -15
leaf_value=0.0079999745691338407 0.0018157735041329341 -0.0095240893253485445 -0.0025211918207066167 0.0014943485985970215 0.0021870242056858929 -0.015048138497090297 0.0020322527624796445 0.001352796583144121 -0.0017089180571079653 -0.013884587527372061 0 -0.0042095252581500556 0.0040888737770595944 -0.0034729839868855306
leaf_weight=772.2369629163295 14.596464008092878 458.5620079766959 2907.8254293259233 4953.8340986901894 1062.814944778569 242.29233028087765 79.493645280599594 24.607232106849551 141.78788827359676 41.574744765646756 13.768182610161601 19.492428237572312 19.962641298770905 74.628728315234184
leaf_count=5814 218 11555 62043 56883 16622 10786 1053 421 5575 2168 350 267 314 1081
internal_value=-2.58187e-05 0.00043401 0.000903928 0 0.00472987 -0.00883831 -0.00707878 -0.00865469 -0.0110347 -0.00556119 -0.0141981 0 0 -0.000965417
internal_weight=10827.5 10278.9 9696.71 7861.66 1835.05 548.611 582.155 483.169 439.423 183.363 256.061 98.9861 109.188 89.2252
internal_count=175150 154658 141362 118926 22436 20492 13296 11976 18879 7743 11136 1320 1613 1299
is_linear=0
shrinkage=0.03


Tree=114
num_leaves=15
num_cat=0
split_feature=11 7 5 10 11 12 9 10 12 19 23 11 23 16
split_gain=47.7639 43.5907 39.6469 33.6199 13.3322 7.51083 5.29844 4.72699 4.88752 4.43467 2.28412 2.08486 1.23828 0.744264
threshold=7.7158385093167707 421.00000000000006 5.5000000000000009 0.033615819209039555 4.6631205673758878 0.11321067929539703 12.500000000000002 0.095695970695970703 0.11149588877286788 1.0000000180025095e-35 8.5000000000000018 9.7559523809523832 2.5000000000000004 3.0000000000000004
decision_type=10 10 2 8 8 10 2 10 10 2 2 10 2 10
left_child=1 4 3 -3 -1 -4 9 8 -8 12 -6 -11 -2 -9
right_child=6 2 5 -5 10 -7 7 13 -10 11 -12 -13 -14 -15
leaf_value=6.5904481174937756e-05 0 0.0048680761904828472 -0.0084084335236692433 0.00029575137182001409 -0.01826513340375915 0 -0.012531983206605889 -0.0038028869341882351 0 0.0078756509874138656 0 0 -0.010599528343661214 0
leaf_weight=29.914119470864534 12.267848783172665 1802.1295651281253 478.29040768370032 7717.8538647806272 145.29373814631253 98.971258452162147 340.94315554667264 58.715863300487399 19.305526122450829 39.311903164722025 7.7104304367676368 9.1019298750907165 32.761775319464505 31.876950378529727
leaf_count=292 399 21858 11933 114780 4312 1319 14006 2086 353 1117 164 350 1021 1160
internal_value=-2.52207e-05 0.000421216 0.000701462 0.00117914 -0.0138574 -0.00686109 -0.00865743 -0.0100378 -0.0116921 -0.000302369 -0.0174449 0.00404073 -0.00790725 -0.0016224
internal_weight=10824.4 10280.2 10097.2 9519.98 182.918 577.262 544.285 450.841 360.249 93.4435 153.004 48.4138 45.0296 90.5928
internal_count=175150 154658 149890 136638 4768 13252 20492 17605 14359 2887 4476 1467 1420 3246
is_linear=0
shrinkage=0.03


Tree=115
num_leaves=14
num_cat=0
split_feature=14 7 9 7 12 13 0 10 12 9 12 12 16
split_gain=49.6434 39.0478 37.3091 22.5933 17.2469 16.5765 13.6844 8.00309 5.98512 3.02095 4.22245 2.92729 1.36616
threshold=10.500000000000002 415.00000000000006 15.500000000000002 473.00000000000006 0.053416992596633205 0.088472937919988878 1175.0000000000002 0.18834459459459463 0.043872559098546517 14.500000000000002 0.056775375162471949 0.092313113243345818 -1.0000000180025095e-35
decision_type=10 10 2 10 10 8 2 10 10 2 10 8 10
left_child=1 12 4 -4 -3 6 8 -8 -2 11 -11 -7 -1
right_child=5 2 3 -5 -6 9 7 -9 -10 10 -12 -13 -14
leaf_value=-0.020162201938073322 -0.0052093443125958393 -0.0003765026714179543 -0.0036430586833817464 0.00045831190546607146 0.0036007064870669458 0.0097591898640493873 -0.012350319477973227 -0.001632924106880169 0.011182620799467236 0.0036537823256262581 -0.005886420911681697 0 -0.0015276966510611976
leaf_weight=78.609085655771196 22.170828889124095 1256.2543255621567 1967.7499498873949 2985.1573100034148 3607.3657150361687 44.210300972685218 496.65643976535648 112.01927867438644 35.501744470559061 43.731545328162611 105.13511855341494 22.529484786093235 24.078737049363554
leaf_count=2154 1053 24453 32486 39967 41159 1343 22883 3041 1139 1694 2644 397 492
internal_value=-0.000136612 0.000457025 0.000668509 -0.00114291 0.00254327 -0.00694721 -0.00927287 -0.0106517 0.00257487 0 -0.00208133 0.00534863 -0.0174594
internal_weight=10801.2 9919.22 9816.53 4952.91 4863.62 881.955 666.348 608.676 57.6726 215.606 148.867 66.7398 102.688
internal_count=174905 140711 138065 72453 65612 34194 28116 25924 2192 6078 4338 1740 2646
is_linear=0
shrinkage=0.03


Tree=116
num_leaves=14
num_cat=0
split_feature=14 7 23 7 15 11 11 12 23 7 15 11 16
split_gain=47.0382 37.5143 27.3458 35.6972 13.2735 11.111 7.68354 6.44598 5.54363 4.73574 3.28422 2.57735 1.26638
threshold=10.500000000000002 415.00000000000006 5.5000000000000009 489.00000000000006 42.500000000000007 7.0086206896551735 8.093073593073596 0.077476597501390562 6.5000000000000009 531.00000000000011 104.50000000000001 6.6267857142857158 -1.0000000180025095e-35
decision_type=10 10 2 10 10 10 8 8 2 10 10 8 10
left_child=1 12 3 -3 8 -4 10 -8 9 -2 -6 -10 -1
right_child=4 2 5 -5 6 -7 7 -9 11 -11 -12 -13 -14
leaf_value=-0.01992587113146373 -0.013235061165079991 -0.0017824820436536353 0.0045356102747311057 0.0023575645297850599 0.0027712167806462425 -0.0026706415652953887 -0.010402439925129158 0 0.0076537433962404538 0 -0.003737321497986076 -0.0056456278060050694 -0.001491327583897317
leaf_weight=77.235390956513584 321.27448993735015 4747.3519899398088 1805.2234084736556 3083.472917728126 171.96023562923074 184.94776672590524 155.39812369365245 56.692623913288116 14.379105582833288 15.083175313659011 109.32247544266284 32.159666874445975 24.048371396958828
leaf_count=2154 13303 71074 23669 38535 5120 4787 8474 1645 377 505 3262 1508 492
internal_value=-0.000134187 0.000441364 0.000647617 -0.000132686 -0.00678707 0.00378573 -0.00305135 -0.00729579 -0.0111126 -0.0124475 0 0 -0.0172362
internal_weight=10798.5 9922.28 9821 7830.82 876.27 1990.17 493.373 212.091 382.896 336.358 281.283 46.5388 101.284
internal_count=174905 140711 138065 109609 34194 28456 18501 10119 15693 13808 8382 1885 2646
is_linear=0
shrinkage=0.03


Tree=117
num_leaves=14
num_cat=0
split_feature=14 7 9 7 12 9 0 7 0 15 15 15 16
split_gain=44.5672 36.0417 34.1268 20.6081 16.2117 12.9085 9.12679 9.0859 5.13507 4.43137 4.39228 2.74774 1.18755
threshold=10.500000000000002 415.00000000000006 15.500000000000002 473.00000000000006 0.053416992596633205 13.500000000000002 1350.0000000000002 495.00000000000006 1175.0000000000002 48.500000000000007 20.500000000000004 103.50000000000001 1.0000000180025095e-35
decision_type=10 10 2 10 10 2 2 10 2 10 10 10 10
left_child=1 12 4 -4 -3 6 11 8 -7 -9 -8 -2 -1
right_child=5 2 3 -5 -6 7 10 9 -10 -11 -12 -13 -14
leaf_value=-0.018830184625100069 0.015647359384498443 -0.00041198061582728695 -0.0035021385658022797 0.00041690863494842035 0.0034396013528566311 0 -0.011335325071676259 -0.0073755747739382297 -0.011827117582008172 0.00014042483009224575 0 0 0
leaf_weight=83.671561324968934 32.289738412946463 1257.4465912068263 1959.5582043631002 2988.2746773138642 3620.4089055126533 32.370480963028967 37.883774158544838 93.789202775806189 434.81938374973834 127.13811159320176 102.20619272626936 10.262604663148521 16.245494207367301
leaf_count=2313 1097 24453 32486 39967 41159 1328 1471 3411 18987 4261 3307 332 333
internal_value=-0.000131801 0.000426211 0.000627385 -0.00110689 0.00241659 -0.00662987 0 -0.00850289 -0.0109774 -0.00247899 -0.00327593 0.0118319 -0.0170143
internal_weight=10796.4 9925.61 9825.69 4947.83 4877.86 870.759 182.642 688.117 467.19 220.927 140.09 42.5523 99.9171
internal_count=174905 140711 138065 72453 65612 34194 6207 27987 20315 7672 4778 1429 2646
is_linear=0
shrinkage=0.03


Tree=118
num_leaves=15
num_cat=0
split_feature=5 17 9 12 10 13 5 11 12 2 10 13 15 13
split_gain=51.395 37.1802 36.6594 31.6652 20.26 13.4842 12.8014 7.54263 7.32533 5.65208 5.7423 4.63057 2.83386 1.69837
threshold=5.5000000000000009 37.798333333333339 12.500000000000002 0.10660820735447603 0.036038961038961044 0.092598347259627567 4.5000000000000009 4.6708333333333343 0.13028320917741135 1.5000000000000002 0.27888888888888896 0.073795651649750979 27.500000000000004 0.10909953424184925
decision_type=2 8 2 10 10 8 2 8 8 2 10 10 8 10
left_child=1 4 5 -4 7 -3 -6 -1 9 11 -11 -2 -10 -14
right_child=8 2 3 -5 6 -7 -8 -9 12 10 -12 -13 13 -15
leaf_value=0.011360229477645062 -0.0085344245031822152 0.0017777028438023693 -0.0030742647809132244 0.0022362985110303628 0.0026299068536913268 0.009293755641599585 -0.0027408161655686067 0.0046401065148739982 0.006951605598741438 -0.013213020487043736 0 0 -0.0070766686424976258 0
leaf_weight=233.28188798576593 96.382973957806826 972.99126449134201 4459.9822255978361 1268.8817119523883 1349.9342491077259 305.02548355050385 540.03356015030295 1035.1069060275331 27.167451547458768 330.94657342508435 20.935692075639963 92.931640195660293 45.410459505394101 14.794614421203731
leaf_count=1688 2716 15138 91098 11983 14689 3271 7759 13518 338 9496 364 1980 692 175
internal_value=-0.000129268 0.000373126 -0.000828291 -0.00187095 0.00308301 0.00371771 0.00101295 0.00603362 -0.00842957 -0.00972085 -0.0122418 -0.00406877 0 -0.00390828
internal_weight=10793.8 10165.2 7006.88 5728.86 3158.36 1278.02 1889.97 1268.39 628.569 541.197 351.882 189.315 87.3725 60.2051
internal_count=174905 159144 121490 103081 37654 18409 22448 15206 15761 14556 9860 4696 1205 867
is_linear=0
shrinkage=0.03


Tree=119
num_leaves=15
num_cat=0
split_feature=14 15 23 13 13 15 15 17 10 17 20 1 17 2
split_gain=41.6278 25.7347 24.9819 25.0872 15.7478 12.6627 11.257 7.33616 5.79495 4.74373 3.46882 2.02554 3.40105 2.13673
threshold=10.500000000000002 237.50000000000003 5.5000000000000009 0.099081631696826031 0.088472937919988878 42.500000000000007 15.500000000000002 39.267424242424248 0.267948717948718 36.645993589743597 11.500000000000002 1.5000000000000002 38.75119047619048 2.5000000000000004
decision_type=10 10 2 8 8 10 10 10 10 8 2 2 10 2
left_child=1 2 3 -1 5 8 -4 -7 -2 -3 -11 13 -13 -6
right_child=4 9 6 -5 11 7 -8 -9 -10 10 -12 12 -14 -15
leaf_value=-0.001007177292050363 -0.014580756721147508 0 0.00039669747833077289 0.00319345560118714 0.013822665940898027 -0.00073766406915492242 0.0053363891118635744 -0.010958359705008644 0 -0.014338499379677083 0 -0.0040874052320369371 0.0037244250711881994 0
leaf_weight=6156.7642762707546 279.20549254305661 15.904695982113479 719.4324755538255 1606.5158998630941 14.399574941024186 253.37600695621222 1270.1058144699782 101.26008778158575 16.916281172074378 132.80036981403828 24.079157969914377 119.77262861188501 68.232133547775447 10.711828695610164
leaf_count=91817 12907 208 10705 17567 418 9687 17787 5091 431 2209 418 3138 2219 303
internal_value=-0.000123678 0.00041314 0.000633559 -0.000117102 -0.00643104 -0.00874143 0.00363084 -0.00418487 -0.0135401 -0.0108527 -0.012479 0 -0.000452055 0.00769621
internal_weight=10789.5 9925.6 9752.82 7763.28 863.874 650.758 1989.54 354.636 296.122 172.784 156.88 213.116 188.005 25.1114
internal_count=174905 140711 137876 109384 34194 28116 28492 14778 13338 2835 2627 6078 5357 721
is_linear=0
shrinkage=0.03


Tree=120
num_leaves=15
num_cat=0
split_feature=7 20 17 11 12 14 20 15 14 13 7 15 12 17
split_gain=40.8507 30.4077 34.0794 27.2465 23.9662 22.1172 20.0076 17.9978 17.1608 14.6229 9.76747 5.86582 5.12509 5.04415
threshold=451.00000000000006 8.5000000000000018 38.401428571428575 2.3431372549019613 0.043012663937402773 6.5000000000000009 3.5000000000000004 141.50000000000003 8.5000000000000018 0.10227890988228312 421.00000000000006 28.500000000000004 0.047794875057563205 38.095119047619058
decision_type=10 2 10 8 10 8 2 10 8 10 10 10 8 10
left_child=5 2 4 13 -2 6 11 -5 -4 10 -7 -1 -8 -3
right_child=1 3 8 7 -6 9 12 -9 -10 -11 -12 -13 -14 -15
leaf_value=0.00057324089013654122 -0.0012827031521658958 0.010770434155558539 0.00039030546358700019 -0.0018417744960800364 0.0047468093370646195 -0.020490349402247879 0 -0.011393979077779968 -0.0058229498517422124 0.0025843280617768262 -0.0079707809033102376 0.0090240171637042659 -0.0073607210493921047 0
leaf_weight=340.86197493597865 678.3171331724152 165.74331571161747 1937.2600498376414 2435.705045837909 3250.3954444695264 88.089842233806849 106.10676709003747 196.87113844137639 488.70746880955994 69.602077431045473 501.11587532330304 110.4177102856338 360.05280289240181 27.250877249985933
leaf_count=3805 14981 1219 24533 37914 39293 3911 1571 3835 18458 1640 17743 1432 4015 255
internal_value=0 0.000773278 0.00193555 -0.00178647 0.00366734 -0.0044472 -0.00122863 -0.00263323 -0.000809044 -0.00866032 -0.0102516 0.00304592 -0.00567352 0.0087811
internal_weight=10756.5 9180.25 6354.68 2825.57 3928.71 1576.25 917.439 2632.58 2425.97 658.808 589.206 451.28 466.16 192.994
internal_count=174605 140488 97265 43223 54274 34117 10823 41749 42991 23294 21654 5237 5586 1474
is_linear=0
shrinkage=0.03


Tree=121
num_leaves=15
num_cat=0
split_feature=5 17 13 2 0 12 17 0 15 3 10 10 17 12
split_gain=38.0941 43.0849 34.5903 27.0196 21.3248 18.5963 17.4971 16.0595 12.904 11.348 5.97831 4.80309 2.64512 0.489159
threshold=4.5000000000000009 37.650714285714294 0.063497368644427482 3.5000000000000004 1175.0000000000002 0.11321067929539703 35.967261904761912 1650.0000000000002 141.50000000000003 7.5000000000000009 0.27429467084639503 0.19722222222222227 36.375337837837847 0.096821696601051374
decision_type=2 8 8 2 2 8 10 2 10 2 10 10 8 8
left_child=1 6 5 8 -4 -3 -1 -8 9 -2 12 -10 -5 -12
right_child=3 2 4 10 -6 -7 7 -9 11 -11 13 -13 -14 -15
leaf_value=0.022581271788175449 -0.0020437000938347857 -0.0046362192299180486 0.011096250483782133 0 0.00066441066274279114 0.0034316972380987183 0.0023530968178379556 0.0086841418174919138 -0.015051895556050961 0.0056385881681652048 0.0032637758350359011 0 -0.012416969913496867 -0.0027441763598832812
leaf_weight=46.496224589645863 1211.6353045888245 1829.2603075504303 181.99704369995743 23.246301797218621 4444.7294907402247 273.47164391167462 1519.9728937065229 523.97842948231846 82.896295654587448 190.46100912988186 21.861049588769674 36.989470212720335 352.05462080333382 15.465148855000733
leaf_count=429 23277 43411 3045 435 64084 2835 17002 5274 2265 3659 332 628 7775 154
internal_value=0 0.000841708 -0.000306927 -0.00380167 0.00111868 -0.00351012 0.00460283 0.00406654 -0.00182038 -0.000877206 -0.0106412 -0.0111733 -0.0117685 0
internal_weight=10754.5 8819.91 6729.46 1934.61 4626.73 2102.73 2090.45 2043.95 1521.98 1402.1 412.627 119.886 375.301 37.3262
internal_count=174605 136080 113375 38525 67129 46246 22705 22276 29829 26936 8696 2893 8210 486
is_linear=0
shrinkage=0.03


Tree=122
num_leaves=15
num_cat=0
split_feature=13 11 0 12 13 20 12 19 20 17 11 17 12 23
split_gain=33.8973 26.4057 23.7838 27.772 20.1532 19.2909 16.3441 15.7333 8.14556 8.07607 7.16258 7.09465 5.56803 5.40326
threshold=0.055466219238216881 5.2472222222222227 1350.0000000000002 0.15423450817666493 0.09756754979948723 8.5000000000000018 0.11321067929539703 1.0000000180025095e-35 2.5000000000000004 37.701219512195131 6.8588039867109645 36.30156250000001 0.028395535468955787 2.5000000000000004
decision_type=8 8 2 10 8 2 8 2 2 8 10 10 10 2
left_child=1 5 7 4 -4 8 9 12 -1 -3 -9 -5 -2 -8
right_child=2 6 3 11 -6 -7 13 10 -10 -11 -12 -13 -14 -15
leaf_value=0.012181135758790452 -0.0058279279084228882 -0.0015487237430212915 -0.0018001378821879751 0.011944620897975006 0.0022845466490691796 -0.0057626680559839574 0.0084199147835613622 0.0079222315001295646 0.0022800589393644649 -0.0074671214600629037 0 0.0035983756815617498 0.0020034025557320516 -0.00071184279824090617
leaf_weight=115.91823026537895 75.129530659876764 338.92871949821711 4171.223290104419 140.11255394294858 1440.8566160583869 198.17172416485846 81.244971176609397 736.48755197785795 363.2067650090903 1167.757460125722 90.095129030756652 592.3676479794085 1136.8109897738323 104.00330818165094
leaf_count=987 1831 7856 66322 1053 18451 2549 1019 10177 3823 35239 2457 4251 17308 1282
internal_value=0 -0.00315873 0.000901601 0 -0.000723623 0.00167324 -0.00518063 0.00371637 0.0050864 -0.00624453 0.00694335 0.00546844 0.00137272 0.00262069
internal_weight=10752.3 2369.23 8383.08 6344.56 5612.08 677.297 1691.93 2038.52 479.125 1506.69 826.583 732.48 1211.94 185.248
internal_count=174605 52755 121850 90077 84773 7359 45396 31773 4810 43095 12634 5304 19139 2301
is_linear=0
shrinkage=0.03


Tree=123
num_leaves=15
num_cat=0
split_feature=9 14 13 21 14 11 15 14 15 4 13 14 14 11
split_gain=34.6901 25.5671 32.4743 28.2564 27.8732 26.2695 13.5452 13.0393 16.8927 13.3558 9.08545 7.08031 6.90279 3.75738
threshold=13.500000000000002 6.5000000000000009 0.056941279361208193 1.0000000180025095e-35 1.5000000000000002 2.5166666666666671 26.500000000000004 2.5000000000000004 21.500000000000004 6.5000000000000009 0.044866161970362688 7.5000000000000009 1.5000000000000002 7.0960061443932423
decision_type=2 8 8 2 10 8 8 10 10 2 8 10 8 8
left_child=7 3 13 4 -2 -5 -4 10 11 -10 -1 -9 -12 -3
right_child=1 2 6 5 -6 -7 -8 8 9 -11 12 -13 -14 -15
leaf_value=-0.0025073397190313921 -0.0084422008766067095 -0.0035068861933593189 -0.0068633567134209128 0.0074098053968732463 0.0031483690058821865 -0.003328132725831648 -0.00015452798980498722 -0.00026183302321541093 5.6794199101021083e-05 0.0081469508536815265 0.0014821155915019683 -0.0078733600905868638 0.0080342954242923585 -0.0096130078741151655
leaf_weight=84.736571919173002 189.82738523930311 220.11542387772352 319.07852832879871 216.81742038205266 2692.3104917965829 1977.2832835763693 1977.0028487695381 526.1172101572156 423.9664196819067 380.99607599060982 259.41623147949576 152.27378935366869 724.22357852943242 605.84524693246931
leaf_count=1373 2179 6243 9096 1593 27590 22687 44575 6190 7283 6613 2489 4748 7504 24442
internal_value=0 -0.000944546 -0.00308344 0.00034316 0.00231972 -0.00218438 -0.00116491 0.00305758 0.00110304 0.00409779 0.00561377 -0.00223494 0.00647424 -0.00819716
internal_weight=10750 8198.28 3122.04 5076.24 2882.14 2194.1 2296.08 2551.73 1483.35 804.962 1068.38 678.391 983.64 825.961
internal_count=174605 138405 84356 54049 29769 24280 53671 36200 24834 13896 11366 10938 9993 30685
is_linear=0
shrinkage=0.03


Tree=124
num_leaves=12
num_cat=0
split_feature=7 5 17 7 15 17 7 14 23 13 17
split_gain=39.2307 39.0321 36.9268 26.9125 20.4559 17.3409 13.9064 6.60597 3.4457 1.9506 0.0889576
threshold=421.00000000000006 4.5000000000000009 37.650714285714294 491.00000000000006 141.50000000000003 35.967261904761912 497.00000000000006 2.5000000000000004 1.0000000180025095e-35 0.11773100558517004 36.975378787878796
decision_type=10 2 8 10 10 10 10 8 2 10 8
left_child=7 2 5 -4 6 -2 -3 -1 -6 10 -9
right_child=1 4 3 -5 8 -7 -8 9 -10 -11 -12
leaf_value=0 0.022552112022804237 -0.0046498970910571202 -0.0013179769116299016 0.0027624253636695704 0 0.0040786918532138144 0.00066339536512116453 0 -0.015263550376862854 0 -0.016964654962463237
leaf_weight=28.013647027313709 46.336894707754254 1059.7872155793011 4423.0520134586841 2161.0973017476499 28.273069563321769 2013.9794109351933 682.09115137998015 8.4467689953744394 147.90666798036546 6.4673752021044484 142.46470981743187
leaf_count=263 414 21576 78772 30086 755 21693 12444 162 3495 144 4801
internal_value=0 0.000247683 0.00112032 0 -0.00359987 0.00462038 -0.00248749 -0.0134923 -0.0133979 -0.0158133 -0.0164831
internal_weight=10747.9 10562.5 8644.47 6584.15 1918.06 2060.32 1741.88 185.393 176.18 157.379 150.911
internal_count=174605 169235 130965 108858 38270 22107 34020 5370 4250 5107 4963
is_linear=0
shrinkage=0.03


Tree=125
num_leaves=15
num_cat=0
split_feature=14 15 7 20 9 14 14 10 15 10 12 14 12 7
split_gain=38.4132 48.1361 44.4132 34.672 24.7957 21.0355 20.9394 12.5525 12.7375 10.1451 8.53267 6.84295 6.65066 4.42969
threshold=4.5000000000000009 22.500000000000004 433.00000000000006 8.5000000000000018 14.500000000000002 1.5000000000000002 2.5000000000000004 0.4188596491228071 106.50000000000001 0.34057971014492755 0.089159953521655663 8.5000000000000018 0.14230891954248689 481.00000000000006
decision_type=8 8 10 2 2 10 10 10 10 8 10 8 8 10
left_child=3 10 12 5 -4 9 -7 8 -5 -1 11 -2 -3 -12
right_child=1 2 4 7 -6 6 -8 -9 -10 -11 13 -13 -14 -15
leaf_value=-0.0072038147856458542 -0.0059465744737321061 -0.014788239106501837 0.0041548178775335327 -0.0016053082983551712 -0.00099464192198418008 0.0072865821656243413 0.0021631353366666334 0.0052994492187569608 -0.011042208676252694 0.0016099949333911625 -0.0056182200307669525 -0.0123294286739045 0 0.00067215976508506559
leaf_weight=215.30423478223383 661.18819232750684 200.61586201842874 1193.7695310860872 1346.5039715953171 2751.4724938692525 1307.3898944556713 1861.9958721771836 186.24840984866023 148.62863065116107 204.60425549373031 159.06345850974321 321.85414465982467 14.210950847715138 171.43551432713866
leaf_count=2622 13932 7886 23507 13221 64391 8689 17027 1439 1678 1992 2360 13303 288 2248
internal_value=-1.24269e-05 -0.00178566 -0.000165262 0.0018006 0.00052882 0.00347824 0.00433199 -0.00169147 -0.00267708 -0.00258778 -0.00678372 -0.00823999 -0.0133164 -0.00194681
internal_weight=10744.3 5473.61 4160.07 5270.68 3945.24 3589.29 3169.39 1681.38 1495.13 419.908 1313.54 983.042 214.827 330.499
internal_count=174583 127915 96072 46668 87898 30330 25716 16338 14899 4614 31843 27235 8174 4608
is_linear=0
shrinkage=0.03


Tree=126
num_leaves=15
num_cat=0
split_feature=11 7 20 17 14 11 13 12 7 17 13 14 15 0
split_gain=43.7223 34.044 36.5255 42.5787 27.3336 14.3742 11.5605 11.3519 10.4934 7.55759 4.25091 3.00664 2.55121 2.39426
threshold=7.7523584905660385 439.00000000000006 8.5000000000000018 39.533974358974369 6.5000000000000009 3.4037037037037039 0.074085229808121392 0.1246562740230117 505.00000000000006 38.567261904761914 0.065345379345402466 2.5000000000000004 99.500000000000014 1075.0000000000002
decision_type=10 10 2 10 8 8 10 10 10 10 8 10 10 2
left_child=1 4 3 -3 10 -4 8 -6 11 13 -1 -2 -11 -8
right_child=6 2 5 -5 7 -7 9 -9 -10 12 -12 -13 -14 -15
leaf_value=-0.0043986237716177115 0 0.0029039674010840756 0.0020252614344328846 -0.0050375789969938599 -0.014725411407610406 -0.0030689465761894424 0 0.0025715646030581916 0 0.0062853115652461294 0.001724621100991517 -0.01491673418228584 -0.0024825285453957853 -0.010022348265221087
leaf_weight=159.85759570449591 14.002878475934265 6046.4890493983403 599.70709731057286 658.48872779496014 269.28305549174547 2243.3768520401791 6.6867560148239127 21.17353124730289 56.620810466818511 80.290916729718447 232.22700117342174 264.51942938473076 13.042148292995988 75.154888468794525
leaf_count=2132 201 83426 4845 14099 10871 36322 162 348 2094 2542 2593 12152 482 2314
internal_value=-1.29849e-05 0.000402306 0.000879874 0.00209851 -0.00601803 -0.00194006 -0.00855275 -0.0129346 -0.011857 -0.00124488 -0.000418097 -0.0142118 0.00347075 -0.00824013
internal_weight=10740.9 10230.6 9548.06 6704.98 682.541 2843.08 510.318 290.457 335.143 175.175 392.085 278.522 93.3331 81.8416
internal_count=174583 154636 138692 97525 15944 41167 19947 11219 14447 5500 4725 12353 3024 2476
is_linear=0
shrinkage=0.03


Tree=127
num_leaves=15
num_cat=0
split_feature=11 9 0 12 3 6 9 12 11 1 17 11 12 17
split_gain=41.5515 33.1148 29.6895 23.5713 16.8368 11.9748 8.90938 6.53016 3.72767 3.58301 1.84724 1.67311 0.884556 0.114385
threshold=7.7523584905660385 10.500000000000002 1250.0000000000002 0.070001635590448169 5.5000000000000009 52.500000000000007 12.500000000000002 0.11149588877286788 6.8588039867109645 6.5000000000000009 38.128869047619055 9.4058823529411786 0.079367982257521411 38.850609756097569
decision_type=10 2 2 10 2 2 2 10 10 2 10 10 10 10
left_child=1 8 4 -4 -3 10 12 -8 9 -1 -2 -12 -7 -10
right_child=5 2 3 -5 -6 6 7 -9 13 -11 11 -13 -14 -15
leaf_value=0.0095179109367833793 0 0.00064435639544118144 -0.0030128377723649159 0.00043320782473757919 0.0058430484336337582 -0.0023469882463837063 -0.012848826296857145 0 0 0.0017571410418772064 0.012300080098326201 0 0.0043689293092477833 -0.0025654583831668065
leaf_weight=409.37472528219223 13.138844543136655 1449.8039267966524 3024.620678236708 4203.9389201030135 996.54474061354995 61.565943504683673 357.26072284951806 24.053914124146104 14.559757253155114 123.05379118584096 20.658005684614182 12.210898832418023 17.498026898130774 10.641591945663093
leaf_count=4792 522 24021 61308 46576 16037 2132 15057 437 313 1343 780 653 366 246
internal_value=-1.36244e-05 0.000389271 -6.70706e-06 -0.000989058 0.00283089 -0.00837244 -0.00993241 -0.0118152 0.00746512 0.0080364 0.00374016 0.00792112 0 0
internal_weight=10738.9 10232.5 9674.91 7228.56 2446.35 506.386 460.379 381.315 557.63 532.429 46.0077 32.8689 79.064 25.2013
internal_count=174583 154636 147942 107884 40058 19947 17992 15494 6694 6135 1955 1433 2498 559
is_linear=0
shrinkage=0.03


Tree=128
num_leaves=15
num_cat=0
split_feature=11 9 0 13 14 13 9 14 17 13 1 3 0 1
split_gain=39.3565 31.0256 27.9199 24.8485 17.3348 11.2568 8.02518 7.60138 7.05129 3.61291 3.54556 2.56856 2.28275 1.61564
threshold=7.7523584905660385 10.500000000000002 1250.0000000000002 0.096811606285617482 1.5000000000000002 0.074085229808121392 12.500000000000002 2.5000000000000004 38.567261904761914 0.054745588341573538 6.5000000000000009 5.5000000000000009 1075.0000000000002 3.5000000000000004
decision_type=10 2 2 10 10 10 2 10 10 10 2 2 2 2
left_child=1 9 4 -4 -3 6 -2 -8 12 13 -11 -10 -7 -1
right_child=5 2 3 -5 -6 8 7 -9 11 10 -12 -13 -14 -15
leaf_value=0.0052077205751209239 0 -0.0014539349994465193 -0.0019073549769800802 0.0023112146591985853 0.0042124588444410671 0 0 -0.014951896846756844 0 0.0097551505502487344 0.0016706443102090605 0.0088233446046254698 -0.0096377027066952784 -0.0026754134762555868
leaf_weight=36.197955657728016 59.036451419815421 609.7265117187053 5637.0226441370323 1585.2116528749466 1841.9354747952893 6.659048866480588 15.340157808735965 254.36647835280746 52.40333588887006 368.05329515039921 114.27751420158893 40.673177860677242 73.82594408094883 42.049717020243406
leaf_count=606 2045 11270 89968 17916 28788 162 231 12171 1735 4152 1227 1289 2314 709
internal_value=-1.14337e-05 0.000378679 -5.12994e-06 -0.000959706 0.00274208 -0.00818108 -0.0114716 -0.0136445 -0.000961724 0.00720878 0.0081843 0.00356149 -0.00784962 0
internal_weight=10736.8 10234.5 9673.9 7222.23 2451.66 502.305 328.743 269.707 173.562 560.578 482.331 93.0765 80.485 78.2477
internal_count=174583 154636 147942 107884 40058 19947 14447 12402 5500 6694 5379 3024 2476 1315
is_linear=0
shrinkage=0.03


Tree=129
num_leaves=15
num_cat=0
split_feature=14 15 7 20 5 17 7 0 7 12 10 14 17 2
split_gain=34.3294 45.333 40.6434 31.1436 29.8195 19.9021 17.1926 13.9702 11.6116 7.57163 7.39351 7.05654 6.67292 5.36075
threshold=4.5000000000000009 22.500000000000004 433.00000000000006 8.5000000000000018 5.5000000000000009 39.28688172043011 511.00000000000006 1350.0000000000002 523.00000000000011 0.16587108093328476 0.32666666666666672 7.5000000000000009 37.201250000000009 3.5000000000000004
decision_type=8 8 10 2 2 10 10 2 10 8 10 8 8 2
left_child=3 7 12 5 -4 6 -1 -2 9 -5 -10 -9 -3 -7
right_child=1 2 4 8 -6 13 -8 11 10 -11 -12 -13 -14 -15
leaf_value=0.0032424773299633016 -0.00041863622373346492 0 0.0012994631462288 -0.0032738013717453101 -0.0086849980653953066 -0.00035285770518761418 0.010301355279125382 -0.0056131605383229815 0 0.0034372986893385 0.014332762887149967 -0.01175358406766446 -0.014304473252658391 -0.0091870355368760329
leaf_weight=2760.6583512257785 306.27675856463611 11.665030049160121 3659.8757861508057 1364.0042821560055 283.63912849128246 381.70711716637015 378.91013264283538 592.70945049449801 116.03908281028271 144.6878452077508 52.743587564677 403.34498766530305 197.9309239955619 80.913403294980526
leaf_count=22978 7611 336 78655 13836 9243 3643 2936 10312 1140 957 405 13920 7838 773
internal_value=-1.01915e-05 -0.00169219 -0.000121509 0.00169938 0.000533249 0.00328417 0.00415713 -0.00656671 -0.00161428 -0.00252186 0.00547435 -0.00829581 -0.0128651 -0.00230046
internal_weight=10735.1 5455.44 4153.11 5279.66 3943.51 3602.19 3139.57 1302.33 1677.47 1508.69 168.783 996.054 209.596 462.621
internal_count=174583 127915 96072 46668 87898 30330 25914 31843 16338 14793 1545 24232 8174 4416
is_linear=0
shrinkage=0.03


Tree=130
num_leaves=15
num_cat=0
split_feature=5 12 0 14 12 9 1 14 2 1 12 10 10 12
split_gain=39.7132 23.7322 34.2379 18.6205 15.2744 11.8081 10.9543 10.3271 6.44098 4.03572 3.21426 3.15923 2.99945 2.5154
threshold=5.5000000000000009 0.086785780927839049 1250.0000000000002 7.5000000000000009 0.040679393172841367 14.500000000000002 6.5000000000000009 4.5000000000000009 1.5000000000000002 1.5000000000000002 0.11968294521695429 0.267948717948718 0.091608391608391626 0.15676354457151145
decision_type=2 8 2 10 10 2 2 8 2 2 8 10 10 8
left_child=1 2 4 -4 -1 9 -7 8 12 -3 11 -9 -2 -10
right_child=7 5 3 -5 -6 6 -8 10 13 -11 -12 -13 -14 -15
leaf_value=-0.0016106035739105698 0.0087561372236238475 0 -0.0012312083964926542 -0.0061864908414484771 0.0044840281244017052 0.0022569507966484041 -0.001875969537390293 -0.012585775197744321 -0.0074369602350262687 0.0051810223287808805 -0.0001755125029472581 0 0 0
leaf_weight=478.27524913381785 45.536124613136053 174.6618146840483 3676.0418490665033 875.31971444375813 1249.8078336175531 1770.5972405094653 815.60196479223669 307.02031465992332 133.78650207817554 1109.3812649296597 50.696851355023682 14.328494419343768 41.090366892516613 15.842587687075136
leaf_count=12700 603 1577 53672 32593 22125 18420 8103 11089 2041 9902 949 354 507 161
internal_value=-0.000152089 0.000281492 -0.000840168 -0.00222287 0.00271091 0.00213882 0.000894571 -0.00757441 -0.00181004 0.00451532 -0.0107645 -0.0119472 0.00358119 -0.00591618
internal_weight=10758 10149.7 6279.44 4551.36 1728.08 3870.24 2586.2 608.301 236.256 1284.04 372.046 321.349 86.6265 149.629
internal_count=174796 159092 121090 86265 34825 38002 26523 15704 3312 11479 12392 11443 1110 2202
is_linear=0
shrinkage=0.03


Tree=131
num_leaves=14
num_cat=0
split_feature=7 7 14 14 21 10 17 12 10 17 2 16 14
split_gain=40.4422 30.2985 28.2097 24.4775 17.5233 14.0096 9.83109 9.8716 8.28726 6.8109 6.73938 3.99213 2.87165
threshold=503.00000000000006 421.00000000000006 10.500000000000002 1.5000000000000002 1.0000000180025095e-35 0.57738095238095244 39.186190476190482 0.060569337236375816 0.28285714285714292 38.850609756097569 2.5000000000000004 5.0000000000000009 2.5000000000000004
decision_type=10 10 10 8 2 10 10 8 10 10 2 8 8
left_child=1 11 3 -3 6 10 9 -8 -4 -2 -6 12 -1
right_child=4 2 8 -5 5 -7 7 -9 -10 -11 -12 -13 -14
leaf_value=0 0.0061915468062304314 -0.0053786732684163356 -0.0080516334722118884 0.00023939828473555679 0.0022613301862397903 0.017789276576731329 -0.0079146458195218303 0.0049981152434980455 0.0021904655471478474 0.016385926433688414 -0.0023677710334079308 -0.019933874940758375 -0.0091032161155042562
leaf_weight=22.155445620417595 821.0535876955837 767.83985105343163 574.5265892772004 6892.571516001597 573.56325534079224 36.29242405295372 78.244438555091619 141.90559963230044 53.793112074024975 86.861059405840933 549.17430259101093 72.874822973273695 83.898256845772266
leaf_count=200 10091 8766 25155 101834 8651 279 2109 1969 1299 1230 8069 2567 2577
internal_value=-0.00014853 -0.00111819 -0.000831102 -0.000307301 0.00337067 0.000627756 0.0060413 0 -0.00692755 0.00741557 0 -0.0132177 -0.00656229
internal_weight=10754.8 8467.66 8288.73 7660.41 2287.09 1159.03 1128.06 220.15 628.32 907.915 1122.74 178.929 106.054
internal_count=174796 142398 137054 110600 32398 16999 15399 4078 26454 11321 16720 5344 2777
is_linear=0
shrinkage=0.03


Tree=132
num_leaves=14
num_cat=0
split_feature=7 7 0 14 5 15 14 15 15 14 10 11 7
split_gain=38.1254 29.0378 30.9953 30.7534 20.6814 13.8633 10.8105 19.6585 13.2811 3.48154 3.40523 2.15134 0.146737
threshold=503.00000000000006 421.00000000000006 1350.0000000000002 10.500000000000002 6.5000000000000009 62.500000000000007 3.5000000000000004 63.500000000000007 30.500000000000004 2.5000000000000004 0.063164893617021281 3.8775000000000004 517.00000000000011
decision_type=10 10 2 10 2 10 10 10 10 8 8 8 10
left_child=1 9 5 -4 6 -3 7 -2 -8 -1 12 -11 -6
right_child=4 2 3 -5 10 -7 8 -9 -10 11 -12 -13 -14
leaf_value=0 0.0075501170272430571 0.0033287784547222418 -0.0013428328974019786 -0.0098878746750235835 -0.0026904029395017365 -0.0021747592545064455 -0.0021829814701898381 -0.0017303339528633895 0.0046355476482147079 0 -0.015383419327425422 -0.015688108525335531 0.0015989772671768264
leaf_weight=28.709595993161201 1009.9054251220077 1833.1373796910048 5545.4051684523001 411.40139128267765 7.7306663459166911 492.6413355525583 464.09864366706461 224.54595176503062 523.58511589933187 7.753006685525178 51.852722827345133 140.50141706317663 10.611859835684298
leaf_count=267 9841 30514 78645 17324 247 10571 8247 2009 10427 83 1281 4994 346
internal_value=-0.00014329 -0.00108679 -0.000806518 -0.00196595 0.00326807 0.00209651 0.00383529 0.00574082 0.00128565 -0.0129976 -0.0117544 -0.0148671 0
internal_weight=10751.9 8459.55 8282.59 5956.81 2292.33 2325.78 2222.14 1234.45 987.684 176.964 70.1952 148.254 18.3425
internal_count=174796 142398 137054 95969 32398 41085 30524 11850 18674 5344 1874 5077 593
is_linear=0
shrinkage=0.03


Tree=133
num_leaves=15
num_cat=0
split_feature=5 7 7 17 3 11 13 5 2 11 7 17 7 11
split_gain=37.2457 39.5474 29.9562 23.1614 10.9298 16.6262 7.96429 6.31316 9.02727 4.80404 3.53951 3.42979 1.51489 1.69635
threshold=5.5000000000000009 503.00000000000006 421.00000000000006 38.020344827586214 5.5000000000000009 4.8768939393939403 0.075952825620806547 6.5000000000000009 1.5000000000000002 3.9864864864864868 499.00000000000006 37.240370370370378 537.00000000000011 3.3266666666666671
decision_type=2 10 10 10 2 10 10 2 2 8 10 8 10 8
left_child=1 2 11 -4 5 -3 -6 8 10 -10 -2 -1 13 -9
right_child=7 4 3 -5 6 -7 -8 12 9 -11 -12 -13 -14 -15
leaf_value=0 -0.0018145447748420947 0.0042066286506771645 0.0010837365506750161 -0.0021742811056303908 0.0027845118047883782 -0.0033643001473067096 0.0093001282115169163 0 0 -0.009338412751542258 0.0070973171415401248 -0.01436608827802982 0 -0.013443154304407965
leaf_weight=21.269210800528526 90.30917810741812 871.5134942298755 4322.7643390828744 3554.8598772408441 393.99261196423322 346.77890171296895 482.97617278061807 6.7286317795515052 31.397324930876493 235.90000254288316 53.076414795592427 152.60024681594223 8.5104096103459579 177.14690852444619
leaf_count=335 2142 9622 62528 63809 5958 6545 5342 83 399 6521 1129 4953 245 5185
internal_value=-0.000141196 0.000276622 -0.000663405 -0.000367895 0.00395328 0.00192405 0.00657534 -0.00736222 -0.00455204 -0.00782766 0.000601433 -0.0128291 -0.0123339 -0.0128917
internal_weight=10749.8 10146.8 8051.49 7877.62 2095.26 1218.29 876.969 603.069 410.683 267.297 143.386 173.869 192.386 183.876
internal_count=174796 159092 131625 126337 27467 16167 11300 15704 10191 6920 3271 5288 5513 5268
is_linear=0
shrinkage=0.03


Tree=134
num_leaves=15
num_cat=0
split_feature=14 0 12 0 12 17 14 14 12 0 11 10 0 16
split_gain=28.9677 20.5467 25.3412 16.5061 13.5799 12.8648 11.2137 17.7635 10.3505 6.84021 8.96142 5.69701 2.73224 2.62973
threshold=10.500000000000002 1350.0000000000002 0.086785780927839049 1650.0000000000002 0.040679393172841367 37.520294117647069 1.5000000000000002 2.5000000000000004 0.040362151608639187 1175.0000000000002 8.3377192982456165 0.24621212121212124 1175.0000000000002 -2.9999999999999996
decision_type=10 2 8 2 8 10 10 10 8 2 8 10 2 10
left_child=1 6 3 -3 11 -4 8 -8 -1 13 -11 12 -2 -6
right_child=4 2 5 -5 9 -7 7 -9 -10 10 -12 -13 -14 -15
leaf_value=-0.0083887481808409877 0 -0.0048152549136998325 0.0039101240747378687 -0.00069986633648106691 0 0 0.0088462459892282175 0.0019685373019288368 0.00099114390378986553 -0.00070837028345040924 -0.0088748321262033525 0 -0.015228890630945948 0.011088462524339662
leaf_weight=122.94067202135921 19.4546137759462 1303.9355745874345 1251.4790981002152 3013.7704351954162 14.900916324928401 1746.6147877564654 477.80142707750201 1458.1707022888586 538.54413300380111 369.27495910879225 217.64790203981102 15.375334048643706 165.31826144549996 31.965069673955441
leaf_count=3712 974 23307 11856 50154 506 16091 3295 23579 8470 11113 9923 534 10310 972
internal_value=-0.000137186 0.000301327 -0.00049559 -0.00198154 -0.00549944 0.00159418 0.00260014 0.00376166 -0.000576955 -0.00298216 -0.00403953 -0.0124725 -0.0139709 0.00648055
internal_weight=10747.2 9913.26 7315.8 4317.71 833.937 2998.09 2597.46 1935.97 661.485 633.789 586.923 200.148 184.773 46.866
internal_count=174796 140464 101408 73461 34332 27947 39056 26874 12182 22514 21036 11818 11284 1478
is_linear=0
shrinkage=0.03


Tree=135
num_leaves=15
num_cat=0
split_feature=7 5 17 14 9 20 5 23 3 7 7 23 9 5
split_gain=31.5698 32.0351 32.705 27.4167 24.89 20.0049 16.1745 15.913 14.6568 13.9504 11.3522 11.6634 9.46257 2.67026
threshold=465.00000000000006 4.5000000000000009 38.420344827586213 7.5000000000000009 14.500000000000002 3.5000000000000004 6.5000000000000009 5.5000000000000009 3.5000000000000004 495.00000000000006 439.00000000000006 5.5000000000000009 10.500000000000002 2.5000000000000004
decision_type=10 2 10 8 2 2 2 2 2 10 10 2 2 2
left_child=3 2 4 5 -2 8 9 -7 -1 -3 13 -12 -4 -5
right_child=1 6 12 10 -6 7 -8 -9 -10 -11 11 -13 -14 -15
leaf_value=-0.0021983070732127701 0.0069780708035771305 -0.0047097404045748489 0.0061102175505293507 -0.0017967336369594646 0.0017876287979858305 -0.0053756542469323813 -0.011724964605412906 0.0023040129760313098 0.0056589787621331858 0.0010764438675807556 -0.0062435292125680433 0.0018174594531459465 -0.0016932280504332322 -0.013780244735353367
leaf_weight=300.11258036457002 1289.2451668670401 701.84257307369262 139.48532714601606 52.765886360779405 2674.6796015342698 832.65468278247863 165.53365587629378 306.89529045019299 578.29134249966592 729.08032229635864 669.40255533810705 175.6125137777999 1931.9210957912728 219.29345012456179
leaf_count=3677 14060 13667 1841 2156 33901 10286 4793 3791 6938 12843 19326 5443 32801 9612
internal_value=-0.000124843 0.000901746 0.00191625 -0.00266916 0.00352025 -0.000496417 -0.00283389 -0.00317534 0.00280744 -0.00166363 -0.00644075 -0.00439098 -0.00108207 -0.0120718
internal_weight=10766.8 7631.79 6035.33 3135.03 3963.92 2017.95 1596.46 1139.55 878.404 1430.92 1117.07 845.015 2071.41 272.059
internal_count=175135 113906 82603 61229 47961 24692 31303 14077 10615 26510 36537 24769 34642 11768
is_linear=0
shrinkage=0.03


Tree=136
num_leaves=15
num_cat=0
split_feature=13 11 9 12 17 17 5 15 5 7 9 15 1 7
split_gain=30.075 23.5182 22.9203 18.9661 17.678 16.5102 15.7518 11.1785 10.6522 10.6399 10.6184 8.18221 7.96199 6.96009
threshold=0.055756485720514504 5.2025641025641036 15.500000000000002 0.10877603910286564 38.86770833333334 37.433974358974368 4.5000000000000009 112.50000000000001 4.5000000000000009 431.00000000000006 12.500000000000002 21.500000000000004 3.5000000000000004 485.00000000000006
decision_type=8 8 2 8 10 8 2 10 2 10 2 10 2 10
left_child=1 7 4 10 6 8 -2 12 -4 -7 -3 -6 -1 -5
right_child=2 3 5 13 11 9 -8 -9 -10 -11 -12 -13 -14 -15
leaf_value=0.0072490959140860669 0.0042513363613569544 0 0.0045079076872495934 -0.00097693043654669158 -0.0047050520379365579 -0.011155507924458 -0.00079784843405193511 -0.01045323967111144 -0.0014192850636234526 -0.001603722957585014 -0.0073341155128440853 0.00091710244084858554 0 0.0087178959045486407
leaf_weight=224.15922449715436 2745.7099753571674 206.87411945313215 697.15550089254975 133.32128069829196 387.83662686496973 111.15631476975977 635.61745104007423 55.133680578321218 392.94106477778405 2927.8241924457252 1258.1969235772267 490.9490026589483 401.5847104806453 95.181722579523921
leaf_count=2387 32423 5196 6976 1791 6107 2980 10728 810 6633 46568 37965 9304 4157 1110
internal_value=-0.000121702 -0.00311055 0.000707732 -0.00501986 0.0022601 -0.000858416 0.00325812 0.00142181 0.00223767 -0.00202012 -0.00630231 -0.00140699 0.0027805 0.00251921
internal_weight=10763.6 2374.45 8389.19 1693.57 4260.11 4129.08 3381.33 680.878 1090.1 3038.98 1465.07 878.786 625.744 228.503
internal_count=175135 53416 121719 46062 58562 63157 43151 7354 13609 49548 43161 15411 6544 2901
is_linear=0
shrinkage=0.03


Tree=137
num_leaves=15
num_cat=0
split_feature=7 5 17 13 7 7 20 11 5 11 11 11 23 17
split_gain=29.6307 33.5507 43.4588 20.5209 16.82 8.56725 12.1607 14.1059 8.35914 7.76314 7.59107 7.29279 5.06995 4.45187
threshold=449.00000000000006 4.5000000000000009 37.498437500000009 0.06317550466421544 495.00000000000006 421.00000000000006 3.5000000000000004 6.1441558441558453 6.5000000000000009 7.8360215053763449 5.1975609756097567 3.5732142857142866 5.5000000000000009 37.201250000000009
decision_type=10 2 8 8 10 10 2 8 2 10 8 8 2 8
left_child=5 2 9 -4 11 10 7 -7 -6 -2 -1 -3 -8 -12
right_child=1 4 3 -5 8 6 12 -9 -10 -11 13 -13 -14 -15
leaf_value=0 0.0063795872376567839 0.00054358528877964285 -0.0024790698025172904 0.0013533903833842153 0.0010888626662169483 0.0072259080309684644 -0.0081696047022695797 -0.0028414966592841765 -0.0084472969191298122 -0.0081087904718486013 0 -0.0066939528382119143 -0.00071717635063735458 -0.015756646659690031
leaf_weight=36.941348195075989 1423.9534398596734 101.37198084406555 1749.4862903319299 4372.0054404595867 728.79818098060787 161.45841261744499 405.32130213920027 491.52881790604442 88.23867398314178 20.93781706597656 12.29081812314689 884.9252224592492 162.39997151494026 121.05122804269195
leaf_count=424 13787 986 35013 58450 12843 1625 7741 13316 2468 646 258 19806 3115 4657
internal_value=-0.000119051 0.00047385 0.00136436 0.000232483 -0.00317303 -0.00420767 -0.00312496 -8.82567e-05 0 0.00603894 -0.010803 -0.00579977 -0.00632457 -0.0140447
internal_weight=10760.7 9369.72 7566.38 6121.49 1803.33 1390.99 1220.71 652.987 817.037 1444.89 170.283 986.297 567.721 133.342
internal_count=175135 143999 107896 93463 36103 31136 25797 14941 15311 14433 5339 20792 10856 4915
is_linear=0
shrinkage=0.03


Tree=138
num_leaves=15
num_cat=0
split_feature=7 14 11 0 4 7 23 11 14 23 14 11 14 18
split_gain=28.3948 25.3848 19.3747 20.2717 14.8349 13.6523 11.6743 10.7358 9.57847 4.63812 3.68038 3.02348 2.37066 2.10312
threshold=465.00000000000006 7.5000000000000009 8.6035714285714295 1175.0000000000002 5.5000000000000009 511.00000000000006 5.5000000000000009 6.8355855855855863 7.5000000000000009 5.5000000000000009 1.5000000000000002 6.6267857142857158 4.5000000000000009 21.500000000000004
decision_type=10 8 10 2 2 10 2 8 10 2 10 10 10 2
left_child=1 4 3 11 10 -5 -6 9 -9 -3 -1 -2 -4 -14
right_child=2 7 12 5 6 -7 -8 8 -10 -11 -12 -13 13 -15
leaf_value=-0.010290610213129714 0.0099317098066665378 -0.0028224052397783782 0 5.8205128214333738e-05 -0.00018076807985159272 0.0033342463521607983 0.0061110856332046446 -0.0047150385738313439 -0.011979351611580634 0.0068352745679909222 -0.0027793974684174791 0 -0.011411878902908151 0
leaf_weight=87.478487398475409 259.07121150847524 151.89929401874542 25.115828894078732 5688.1639900822192 965.11695593781769 1460.9753957567737 340.77556022349745 566.13372130412608 330.57957552978769 57.593911658972502 621.25045710243285 55.452500525861979 132.62928614392877 15.55905265547335
leaf_count=1075 3350 3897 382 82242 11847 19541 4137 14424 16823 1393 7633 1239 6251 901
internal_value=-0.000116815 -0.00253772 0.000853869 0.00110453 -0.000447886 0.000750516 0.00136373 -0.00618961 -0.007611 0 -0.00398227 0.00854424 -0.00882842 -0.0102297
internal_weight=10757.8 3120.83 7636.97 7463.66 2014.62 7149.14 1305.89 1106.21 896.713 209.493 708.729 314.524 173.304 148.188
internal_count=175135 61229 113906 106372 24692 101783 15984 36537 31247 5290 8708 4589 7534 7152
is_linear=0
shrinkage=0.03


Tree=139
num_leaves=15
num_cat=0
split_feature=13 9 12 20 10 23 10 1 23 10 4 13 10 1
split_gain=27.0549 21.454 16.53 12.6373 15.7554 11.7875 9.3402 8.44437 8.10717 7.98464 6.62702 5.97133 5.29352 4.62617
threshold=0.055756485720514504 14.500000000000002 0.1036980406604348 3.5000000000000004 0.38675213675213682 5.5000000000000009 0.067231638418079109 5.5000000000000009 8.5000000000000018 0.097167584579071611 11.500000000000002 0.052648689343645201 0.15075757575757578 3.5000000000000004
decision_type=8 2 8 2 10 2 10 2 2 8 2 10 8 2
left_child=2 8 5 7 -5 9 11 -3 10 -1 -2 -4 -10 -7
right_child=1 3 6 4 -6 13 -8 -9 12 -11 -12 -13 -14 -15
leaf_value=-0.0021894161194725339 0.0026675787054215184 0.0030892407308146402 0.0068141696213453598 -0.0021431491870049935 0.0056696037825597258 0.0030163756219539536 -0.0039919072160886568 -0.00074622994529273694 -0.0050926111943046561 -0.007459146767032656 0.0078673774171315915 -0.0025763022591333952 0.0019957441988656521 -0.0026596314287157257
leaf_weight=508.18246762035415 2344.934152177535 1170.836382583715 272.64003803674132 3193.0652268202975 236.77066375687718 211.5532932151109 135.98075406625867 827.77250981330872 177.72046490386128 879.53966114390641 285.9231669800356 48.797343770042062 156.59466909151524 305.18617536127567
leaf_count=13357 30740 18648 3083 49259 2221 5088 1463 12616 2237 22939 3997 509 2001 6977
internal_value=-0.000113891 0.000670018 -0.00295864 -0.000427387 -0.00155268 -0.00421232 0.00192576 0.00142792 0.00272692 -0.00565187 0.00330346 0.00491147 -0.00134984 -4.17351e-05
internal_weight=10755.5 8393.62 2361.88 5428.44 3429.84 1904.46 457.418 1998.61 2965.17 1387.72 2630.86 321.437 334.315 516.739
internal_count=175135 121719 53416 82744 51480 48361 5055 31264 38975 36296 34737 3592 4238 12065
is_linear=0
shrinkage=0.03


Tree=140
num_leaves=15
num_cat=0
split_feature=7 23 12 20 20 17 15 17 10 12 16 10 1 6
split_gain=38.6016 24.4865 26.4605 19.8612 18.7632 25.8607 18.2944 16.5597 12.8123 12.6008 7.21159 6.86399 6.69157 10.4481
threshold=479.00000000000006 5.5000000000000009 0.066104923996537931 4.5000000000000009 8.5000000000000018 38.401428571428575 141.50000000000003 37.498437500000009 0.38675213675213682 0.043012663937402773 -2.9999999999999996 0.48333333333333339 3.5000000000000004 54.250000000000007
decision_type=10 2 10 2 2 10 10 8 10 8 8 8 2 2
left_child=1 2 7 -4 5 9 8 -1 -6 -2 -7 -8 13 -3
right_child=4 12 3 -5 6 10 11 -9 -10 -11 -12 -13 -14 -15
leaf_value=0 0 0.0083293824868827596 0.0019739501459405499 -0.0035046181388888051 -0.00049881959553694296 0.0036335662160201132 -0.013896763928255607 -0.0074120074755560624 0.0076378335382055757 0.0060731660591447668 -0.0013137394102323929 0 0 0
leaf_weight=310.65051936730742 317.48972433432937 278.47226215153933 1116.5100876931101 1226.8369843866676 1586.6657560905442 348.17928652092814 113.88063963875175 1293.139854255598 188.63186356984079 1876.3084287513047 1053.845096686855 42.476831725798547 701.11608074977994 231.14857074897736
leaf_count=5731 6822 5139 14625 15812 24555 6161 2316 36027 1647 21379 17338 585 12246 4103
internal_value=6.73604e-05 -0.00178374 -0.0029427 -0.000831782 0.00182185 0.00310759 -0.000495974 -0.00592163 0.000300497 0.00513809 0 -0.0101979 0.00186778 0.00446588
internal_weight=10685.4 5157.87 3947.14 2343.35 5527.48 3595.82 1931.66 1603.79 1775.3 2193.8 1402.02 156.357 1210.74 509.621
internal_count=174486 93683 72195 30437 80803 51700 29103 41758 26202 28201 23499 2901 21488 9242
is_linear=0
shrinkage=0.03


Tree=141
num_leaves=10
num_cat=0
split_feature=5 17 9 20 5 2 9 15 11
split_gain=32.6636 32.4042 28.3042 24.8012 12.6726 11.7428 7.67044 7.46642 1.65549
threshold=6.5000000000000009 37.520294117647069 11.500000000000002 3.5000000000000004 4.5000000000000009 1.5000000000000002 9.5000000000000018 153.50000000000003 3.4037037037037039
decision_type=2 8 2 2 2 2 2 10 8
left_child=1 4 6 -4 7 -6 -3 -1 -2
right_child=8 2 3 -5 5 -7 -8 -9 -10
leaf_value=0.0050975379033851489 0 0.0092938893322841928 0.00060923128678788024 -0.0029126048883415302 0.0059001707938736506 -0.0023971690115130026 0.0023628672371964594 -0.0026913200014798302 -0.012890728484286034
leaf_weight=1704.7424987088889 6.7385079860687247 233.90030280407518 3286.6769320773892 3821.2552238237113 209.56311680004001 534.3164927251637 622.27905726153404 89.482658996246755 175.46706751827151
leaf_count=17731 93 2994 60081 66245 3269 9060 8610 1074 5329
internal_value=6.43681e-05 0.000299588 -0.000625727 -0.00126375 0.00325756 0 0.0044735 0.00461932 -0.0123382
internal_weight=10684.4 10502.2 7964.11 7107.93 2538.1 743.88 856.179 1794.23 182.206
internal_count=174486 169064 137930 126326 31134 12329 11604 18805 5422
is_linear=0
shrinkage=0.03


Tree=142
num_leaves=15
num_cat=0
split_feature=7 5 23 17 13 17 21 7 7 13 6 13 7 0
split_gain=36.6263 29.5251 23.1728 19.4142 19.0929 19.0137 24.1954 14.7861 14.1621 9.62384 7.63878 1.30562 0.382197 0.762056
threshold=479.00000000000006 6.5000000000000009 5.5000000000000009 38.420344827586213 0.032712828300329198 37.901515151515163 1.0000000180025095e-35 511.00000000000006 427.00000000000006 0.125045720555962 54.250000000000007 1.0000000180025095e-35 533.00000000000011 1950.0000000000002
decision_type=10 2 2 10 10 8 2 10 10 8 2 8 10 2
left_child=2 3 5 7 11 6 -1 -2 -7 -5 -6 -4 13 -3
right_child=1 12 4 9 10 8 -8 -9 -10 -11 -12 -13 -14 -15
leaf_value=0.0036594994928110958 0.0020997134264333743 -0.013357672209780075 0 -0.0010419173017167016 0.0053754640855764079 -0.013924306273726988 -0.0040666062859869472 0.006500819100601329 -0.0037979814364689055 0.009127711372546532 5.570532813049845e-05 -0.010646767793895425 0 0
leaf_weight=736.7585907028988 2684.9583491003141 108.6284926654771 9.8652354776859266 1619.0316382339224 600.78225184511393 141.82952747680247 711.19010403845459 1018.7941996017471 2348.2154512731358 81.759209847077727 503.90544231049716 98.084664498455822 11.282291326671837 8.4520940883085114
leaf_count=9482 35441 3184 251 28052 10372 5152 10728 12513 46833 1040 8235 2630 334 239
internal_value=6.23674e-05 0.00176988 -0.00174272 0.00213575 0.00180281 -0.00287344 -3.30349e-05 0.00335791 -0.00446163 -0.000439792 0.0030952 -0.00964623 -0.0120126 -0.0126671
internal_weight=10683.5 5532.91 5150.63 5404.54 1212.64 3937.99 1447.95 3703.75 2490.04 1700.79 1104.69 107.95 128.363 117.081
internal_count=174486 80803 93683 77046 21488 72195 20210 47954 51985 29092 18607 2881 3757 3423
is_linear=0
shrinkage=0.03


Tree=143
num_leaves=11
num_cat=0
split_feature=5 13 15 11 20 10 23 2 11 15
split_gain=30.0128 23.4446 24.0092 23.5849 14.5683 10.6523 7.45318 7.24504 1.60353 0.152867
threshold=6.5000000000000009 0.11905631500226095 153.50000000000003 4.8360215053763449 8.5000000000000018 1.0000000180025095e-35 5.5000000000000009 4.5000000000000009 3.4037037037037039 14.500000000000002
decision_type=2 10 10 8 2 8 2 2 8 8
left_child=1 2 3 -1 5 -3 -4 -6 -2 -10
right_child=8 4 6 -5 7 -7 -8 -9 9 -11
leaf_value=0.0024718784804141978 0 0 -0.0090412232659605168 -0.00079111354436773727 0.0017915788231193434 0.010284487579872333 0 -0.011468416938590482 0 -0.013157374486019316
leaf_weight=2874.8889705203474 6.6948901340365401 83.46301877591759 337.99296304397285 6410.9362555537373 245.36322243977338 416.06115446146578 96.992881895974278 38.466634828597307 16.532803450711071 155.50246775429696
leaf_count=26093 93 857 7027 125276 2681 4613 2127 390 517 4812
internal_value=5.93651e-05 0.00028344 -0.000104922 0.00020375 0.00526307 0.00832292 -0.00696262 0 -0.0119427 -0.0124969
internal_weight=10682.9 10504.2 9720.81 9285.83 783.354 499.524 434.986 283.83 178.73 172.035
internal_count=174486 169064 160523 151369 8541 5470 9154 3071 5422 5329
is_linear=0
shrinkage=0.03


Tree=144
num_leaves=15
num_cat=0
split_feature=7 13 20 17 15 15 10 12 7 13 10 9 12 10
split_gain=34.534 22.2107 17.1429 22.6302 16.6943 15.0833 14.5743 11.5988 11.529 9.76738 6.58999 4.74992 3.61935 1.86811
threshold=479.00000000000006 0.030917786132437262 8.5000000000000018 38.401428571428575 141.50000000000003 146.50000000000003 1.0000000180025095e-35 0.043012663937402773 523.00000000000011 0.125045720555962 0.48333333333333339 14.500000000000002 0.15124207175899079 0.22792207792207794
decision_type=10 10 2 10 10 10 8 8 10 8 8 2 10 10
left_child=1 12 3 7 8 6 -3 -2 -4 -5 -6 -7 13 -1
right_child=2 5 4 9 10 11 -8 -9 -10 -11 -12 -13 -14 -15
leaf_value=-0.0096560253615142217 -2.0672835174964988e-05 0.0022563623134770126 -0.00068763685087373089 -0.00061218259483890314 -0.013517334930687321 -3.0907919225324731e-05 -0.0016823027547270262 0.0057201266739020816 0.0059846820267572595 0.010959174247949902 0 -0.012755975488584429 0 0
leaf_weight=360.52490628976375 318.23050912562758 1087.5831722738221 1508.8007617285475 1336.5883282823488 111.77252962905914 64.108107163570821 3477.6789307687432 1889.8331723930314 267.77147350646555 64.006004482507706 42.297624939121306 125.62570364680141 16.851599657908082 10.635024609975515
leaf_count=10821 6822 17835 22376 22722 2316 1358 60337 21379 3826 777 585 3008 153 171
internal_value=5.58338e-05 -0.00169897 0.00171222 0.00293801 -0.00050315 -0.00109497 -0.000709731 0.00482679 0.000247818 0 -0.0098411 -0.00933785 -0.00861113 -0.00928079
internal_weight=10682.3 5143.01 5539.3 3608.66 1930.64 4755 4565.26 2208.06 1776.57 1400.59 154.07 189.734 388.012 371.16
internal_count=174486 93683 80803 51700 29103 82538 78172 28201 26202 23499 2901 4366 11145 10992
is_linear=0
shrinkage=0.03


Tree=145
num_leaves=15
num_cat=0
split_feature=3 5 11 17 5 20 14 13 23 1 13 10 4 23
split_gain=32.463 26.9904 20.8146 20.749 14.5793 13.8429 12.1233 12.0303 11.0115 10.8551 9.38282 5.59529 3.82794 3.35129
threshold=4.5000000000000009 5.5000000000000009 5.2025641025641036 39.301612903225816 2.5000000000000004 2.5000000000000004 4.5000000000000009 0.077589619679471436 5.5000000000000009 6.5000000000000009 0.06966663027780215 0.25403225806451618 2.5000000000000004 7.5000000000000009
decision_type=2 2 8 10 2 2 8 8 2 2 8 10 2 2
left_child=2 3 5 9 10 12 -6 -5 -7 -2 -4 13 -1 -3
right_child=1 11 4 7 6 8 -8 -9 -10 -11 -12 -13 -14 -15
leaf_value=0 0.0035805028180693347 -0.0089606956935404415 -0.0027044413879279416 -0.0067311278499174159 -0.0013219176369892605 -0.0014700415374383847 -0.005740659840151421 0.0013702486278265073 0.0047306168096217932 0.00027279239746347164 0.0058166890671853735 0.0023992621760262635 0.010606843218554676 0
leaf_weight=58.242582388222218 3575.4249838013202 278.12186094932258 197.1691067982465 348.21429893281311 1003.6204820815474 1276.1108297407627 1645.5876569813117 259.73463700339198 315.45832921750844 1326.0551176611334 232.99574949219823 26.794003013521433 144.43042278289795 14.197718882933257
leaf_count=463 52725 7675 4341 9752 10184 13077 45334 4759 3062 18413 3061 436 1155 345
internal_value=1.40765e-05 0.0015382 -0.00177764 0.00205244 -0.00328144 0.000721845 -0.00412883 -0.00304231 -0.000136117 0.00271739 0.00158007 -0.00677206 0.00802268 -0.00814342
internal_weight=10702.2 5828.54 4873.62 5509.43 3079.37 1794.24 2649.21 607.949 1591.57 4901.48 430.165 319.114 202.673 292.32
internal_count=174782 94105 80677 85649 62920 17757 55518 14511 16139 71138 7402 8456 1618 8020
is_linear=0
shrinkage=0.03


Tree=146
num_leaves=15
num_cat=0
split_feature=7 23 12 3 14 9 14 0 5 14 12 7 15 12
split_gain=31.8721 26.4553 26.2919 19.0175 16.9741 13.2604 12.465 11.6869 10.5251 9.637 7.56854 6.94174 6.90911 5.95293
threshold=491.00000000000006 5.5000000000000009 0.061189306444263965 4.5000000000000009 1.5000000000000002 11.500000000000002 7.5000000000000009 1750.0000000000002 2.5000000000000004 4.5000000000000009 0.045462879621295471 517.00000000000011 28.500000000000004 0.038414131761877211
decision_type=10 2 10 2 8 2 10 2 2 8 10 10 8 8
left_child=1 2 6 8 -4 13 -1 11 -2 -10 -7 -5 -9 -3
right_child=3 5 4 7 -6 10 -8 12 9 -11 -12 -13 -14 -15
leaf_value=-0.0036073768750578168 0.0083293025764557618 0 -0.0068182946925567636 0.0044261696087971184 3.6003232835794435e-05 -0.0021809924303053444 -0.0099440044484610263 -0.0011845404852938266 0.001359941097734653 -0.0032133607176809032 0.0025910947061737375 0.010415325726819183 0.0038231486196791276 0.013431758973692528
leaf_weight=1440.7551595335826 118.49094648752362 24.348949590697885 352.6330444291234 852.0675990190357 3138.5080027198419 386.47859338391572 406.58394996449351 416.31325206067413 833.57779422961175 772.48484989441931 1020.7732331221923 310.33101591095328 504.85700506251305 122.06917331926525
leaf_count=27908 1460 553 3652 12462 41869 9805 20243 5329 7242 16300 14823 4320 7129 1687
internal_value=1.40335e-05 -0.00118867 -0.0022052 0.0022288 -0.000622192 0.00220381 -0.00510607 0.004155 -1.69578e-05 -0.000749768 0.00117122 0.00619137 0.00140384 0.0107712
internal_weight=10700.3 6892.15 5338.48 3808.12 3491.14 1553.67 1847.34 2083.57 1724.55 1606.06 1407.25 1162.4 921.17 146.418
internal_count=174782 120540 93672 54242 45521 26868 48151 29240 25002 23542 24628 16782 12458 2240
is_linear=0
shrinkage=0.03


Tree=147
num_leaves=15
num_cat=0
split_feature=3 12 14 14 20 1 17 17 12 17 20 9 17 14
split_gain=29.6496 17.4601 13.7408 13.126 20.7548 12.5152 10.5643 8.33892 7.4305 7.03035 6.76247 5.28859 5.09153 2.71015
threshold=4.5000000000000009 0.045462879621295471 11.500000000000002 3.5000000000000004 4.5000000000000009 6.5000000000000009 39.533974358974369 40.303846153846159 0.20005144032921815 39.347017543859657 3.5000000000000004 15.500000000000002 38.821980676328508 4.5000000000000009
decision_type=2 10 8 8 2 2 10 10 8 10 2 2 10 8
left_child=3 2 11 4 9 6 -3 8 -5 -1 -7 -2 -6 -9
right_child=1 5 -4 7 12 10 -8 13 -10 -11 -12 -13 -14 -15
leaf_value=0.0060988957842744197 0.0023327218740042048 0.0037182606209472556 -0.0072674136879365856 -0.0028644932540975287 -0.0011392240437298102 0.002705635346895822 -0.0023006426781094248 0 0.0053118302770634668 -0.0015014250300820614 -0.0018157054522643789 -0.0024693359323757799 -0.0076869836689430872 -0.012852732469475773
leaf_weight=531.91045387089252 456.81571475602686 3176.2809184510261 299.64663334144279 2773.6739927572198 1130.498885339126 447.58561803214252 251.06811239104718 11.624259185045956 86.900270372629166 98.425996150821447 842.46407306287438 363.51792232645676 129.90406270138919 98.402551486156881
leaf_count=3764 9199 42302 12059 59302 10104 6043 5290 138 1215 829 11068 8144 1424 3901
internal_value=1.38605e-05 0.00146837 -0.00181932 -0.00170157 0.000178654 0.00228178 0.00323094 -0.00294701 -0.00255493 0.00467355 -0.000126801 2.09528e-05 -0.00196032 -0.0112825
internal_weight=10698.7 5837.38 1119.98 4861.34 1890.74 4717.4 3427.35 2970.6 2860.57 630.336 1290.05 820.334 1260.4 110.027
internal_count=174782 94105 29402 80677 16121 64703 47592 64556 60517 4593 17111 17343 11528 4039
is_linear=0
shrinkage=0.03


Tree=148
num_leaves=15
num_cat=0
split_feature=7 3 11 7 21 17 0 10 11 12 13 10 7 13
split_gain=31.1232 30.4167 19.8413 16.5641 13.9324 13.5934 11.8222 9.81626 8.35358 6.65898 4.91862 6.11936 4.69059 4.58363
threshold=449.00000000000006 4.5000000000000009 4.802777777777778 517.00000000000011 1.0000000180025095e-35 39.702272727272735 1500.0000000000002 0.04819976771196284 9.5131578947368443 0.1246562740230117 0.075952825620806547 0.084039548022598873 447.00000000000006 0.10715528382542998
decision_type=10 2 8 10 2 8 2 8 10 10 8 8 8 8
left_child=5 2 7 4 -3 10 -5 -2 -4 13 11 -1 -12 -7
right_child=1 3 8 6 -6 9 -8 -9 -10 -11 12 -13 -14 -15
leaf_value=-2.3179029145179643e-05 0.0059231518968920387 0.0028861797805422441 -0.0023791422402014901 0.013095018210726181 -0.0004658261685574097 -0.012218919804233716 0.0033932706210259744 1.698215952733e-05 -0.015497092383559849 0 0.0016284678081716693 -0.006602994365236441 -0.0072989416038617295 0
leaf_weight=274.99315404193476 356.8740853574127 2730.4585580984131 2805.2294856598601 200.11201655305922 1767.6195069216192 271.13360686600208 407.80429206974804 1021.0057333800942 44.33491144888103 32.623737350106239 350.34791833907366 343.51823709066957 56.5524199064821 35.035583288408816
leaf_count=5810 2759 41649 51143 2850 27643 10464 5347 9892 2433 456 5212 7418 779 927
internal_value=1.09968e-05 0.000644259 -0.00121434 0.00221209 0.00153657 -0.00419855 0.00691237 0.00167105 -0.00266257 -0.00951249 -0.00225963 -0.00394179 0 -0.0109194
internal_weight=10697.6 9333.44 4227.44 5105.99 4498.08 1364.2 607.916 1377.88 2849.56 338.793 1025.41 618.511 406.9 306.169
internal_count=174782 143716 66227 77489 69292 31066 8197 12651 53576 11847 19219 13228 5991 11391
is_linear=0
shrinkage=0.03


Tree=149
num_leaves=15
num_cat=0
split_feature=7 5 19 17 20 17 20 11 12 12 11 6 5 7
split_gain=29.4713 31.2531 27.5024 17.8926 16.7476 12.9258 12.1816 7.8036 6.44726 5.83533 3.45307 3.32379 2.9681 2.46538
threshold=449.00000000000006 5.5000000000000009 1.0000000180025095e-35 39.301612903225816 1.5000000000000002 39.702272727272735 3.5000000000000004 8.1695402298850599 0.1246562740230117 0.054553304036322518 6.011111111111112 52.500000000000007 6.5000000000000009 523.00000000000011
decision_type=10 2 2 10 2 8 2 8 10 10 8 2 2 10
left_child=5 2 4 -4 -2 6 7 -1 10 13 -7 -8 -11 -3
right_child=1 9 3 -5 -6 8 11 -9 -10 12 -12 -13 -14 -15
leaf_value=0.0052804264638427563 0.0042628746865990778 -0.01230638784849435 0.0038299864352283786 -0.0026590437996975914 -0.00097399960756494402 0 0 -0.002108914795544036 0 -0.00093504511453649706 -0.011355066378599163 -0.006284556366571885 -0.0075274391767723905 0
leaf_weight=222.24210679717362 616.28986252192408 156.56674852408469 3249.8428859207779 401.72753401659429 4504.9467583214864 10.058787991292773 78.967183948494494 260.35162361292168 32.623737350106239 267.99885139334947 293.05196258425713 462.12161306478083 117.70342421904206 22.026882355101407
leaf_count=2975 9526 5678 43668 8950 66526 149 1604 6134 456 5639 11242 8506 3010 719
internal_value=9.68886e-06 0.000625154 0.00108117 0.00307241 -0.000310989 -0.00409447 -0.00220191 0.00100561 -0.00930783 -0.00614801 -0.0107071 -0.00532038 -0.00340133 -0.0110087
internal_weight=10696.5 9337.1 8772.81 3651.57 5121.24 1359.42 1023.68 482.594 335.734 564.296 303.111 541.089 385.702 178.594
internal_count=174782 143716 128670 52618 76052 31066 19219 9109 11847 15046 11391 10110 8649 6397
is_linear=0
shrinkage=0.03


Tree=150
num_leaves=15
num_cat=0
split_feature=7 23 17 20 20 5 0 17 5 15 15 7 16 10
split_gain=24.7557 24.5764 28.4281 23.6865 22.6574 19.3639 15.5671 13.6434 8.99876 8.36482 7.44453 2.66601 2.38549 1.98909
threshold=479.00000000000006 5.5000000000000009 37.450714285714291 8.5000000000000018 3.5000000000000004 6.5000000000000009 1250.0000000000002 39.402000000000008 4.5000000000000009 153.50000000000003 18.500000000000004 537.00000000000011 -6.9999999999999991 0.074537037037037054
decision_type=10 2 8 2 2 2 2 10 2 10 8 10 8 8
left_child=1 2 3 -1 -4 6 9 -8 10 -2 -3 12 -7 -10
right_child=5 8 4 -5 -6 11 7 -9 13 -11 -12 -13 -14 -15
leaf_value=0.0067532255480815826 0.0057306062639396168 -0.00059294153405116965 -0.0013170195668814942 -0.003015096956802799 -0.0066404645495158456 0 0.0016203509281082322 -0.0037908541564276995 0 -0.0037729720252159932 0.0047161880506668393 0 -0.012211999116596369 -0.0083777465312201704
leaf_weight=478.25927078444511 1075.9500455036759 264.3417901089415 1640.3942068279721 387.08001554850489 1415.9219488315284 11.582904472947119 3870.8836562251672 452.19094322994351 60.206380799412727 67.462504300288856 833.99852415267378 8.0070444662123901 106.85973540134728 61.495049781166017
leaf_count=5904 15873 3451 33915 5681 26846 399 50711 9407 1522 1326 15249 239 3207 1298
internal_value=0.000198094 -0.00128777 -0.00246296 0.00221913 -0.00383907 0.00159081 0.00188582 0.00101596 0.0023619 0.00502528 0.00330557 -0.0096084 -0.0108511 -0.00476508
internal_weight=10734.6 5141.7 3921.66 865.339 3056.32 5592.94 5466.49 4323.07 1220.04 1143.41 1098.34 126.45 118.443 121.701
internal_count=175028 93866 72346 11585 60761 81162 77317 60118 21520 17199 18700 3845 3606 2820
is_linear=0
shrinkage=0.03


Tree=151
num_leaves=15
num_cat=0
split_feature=7 5 17 12 17 7 5 17 7 13 7 13 16 16
split_gain=24.2804 24.6285 31.9377 17.4915 13.868 13.276 12.0965 10.421 7.30976 4.76883 2.5467 2.74185 2.53287 0.17743
threshold=431.00000000000006 4.5000000000000009 37.498437500000009 0.098133384073305005 38.033974358974369 479.00000000000006 6.5000000000000009 35.967261904761912 453.00000000000006 0.12074887551842983 415.00000000000006 0.084152669808407535 -8.9999999999999982 -1.0000000180025095e-35
decision_type=10 2 8 10 8 10 2 10 10 10 10 10 8 10
left_child=4 2 7 -4 10 8 -7 -2 -3 12 13 -12 -6 -1
right_child=1 5 3 -5 9 6 -8 -9 -10 -11 11 -13 -14 -15
leaf_value=-0.0080810439217127664 0.018805845483861678 0 -0.00070925271356693444 0.0025903905656788984 0 0.00015462891829059704 -0.0093958572739026858 0.0043605780279584658 -0.0079087193437370595 0 0 0.0093370885951110268 -0.013101513660218391 0
leaf_weight=20.694488777779043 49.349333648569882 119.20343845197931 4812.5610979227349 2046.1207397915423 11.898332007229326 1128.7132910024375 125.27945384755731 1584.568839950487 485.31133387517184 10.231710998341439 75.583771461620927 32.18054502364248 221.66613206313923 12.493017966859041
leaf_count=405 417 2881 91216 18356 474 20521 3845 16164 10794 229 1393 387 7704 242
internal_value=0.000189697 0.00047984 0.00117679 0.000254431 -0.00713734 -0.00261903 -0.00071389 0.00494443 -0.00628664 -0.0114004 0 0.00261953 -0.0123909 -0.00630537
internal_weight=10735.9 10351.1 8492.6 6858.68 384.748 1858.51 1253.99 1633.92 604.515 243.796 140.952 107.764 233.564 33.1875
internal_count=175028 164194 126153 109572 10834 38041 24366 16581 13675 8407 2427 1780 8178 647
is_linear=0
shrinkage=0.03


Tree=152
num_leaves=14
num_cat=0
split_feature=13 14 14 15 11 5 23 23 9 3 3 10 13
split_gain=21.2002 17.7829 30.0257 22.5984 19.8763 15.0226 15.2797 13.9832 12.6557 7.37954 3.2937 3.04004 1.53275
threshold=0.072888161475770444 1.5000000000000002 3.5000000000000004 91.500000000000014 6.901612903225808 6.5000000000000009 1.0000000180025095e-35 3.5000000000000004 15.500000000000002 4.5000000000000009 7.5000000000000009 0.4188596491228071 0.055756485720514504
decision_type=10 8 8 10 8 2 2 2 2 2 2 10 10
left_child=1 7 3 -3 -4 6 9 11 -8 -2 -7 -1 -9
right_child=5 2 4 -5 -6 10 8 12 -10 -11 -12 -13 -14
leaf_value=-0.013093642721393187 0.0018846169569830056 0.003828598734745961 0.00033881220540820365 -0.011463238908295316 -0.0043507650363928847 -0.012624599813393431 0.0024676481735809476 -0.004124865884337782 -0.00052491221173120786 0.0091429049924994128 0 0 0.0022655373032657686
leaf_weight=208.7230009175837 299.68712949100882 1385.3746341951191 1345.8954640608281 83.808477181941271 1854.9351743883453 75.577521936967969 2684.2455563545227 47.36623590439558 2283.7189591387287 345.52963214740157 11.181768987327812 19.111784543842077 90.171790288761258
leaf_count=2795 4135 11057 24907 769 57609 2028 33499 650 31541 4476 301 172 1089
internal_value=0.000183644 -0.00121803 -0.000680059 0.00281861 -0.00233463 0.00144818 0.0016667 -0.00758716 0.00106269 0.00604272 -0.0103756 -0.0120673 0
internal_weight=10735.3 5035.39 4670.01 1469.18 3200.83 5699.94 5613.18 365.373 4967.96 645.217 86.7593 227.835 137.538
internal_count=175028 99048 94342 11826 82516 75980 73651 4706 65040 8611 2329 2967 1739
is_linear=0
shrinkage=0.03


Tree=153
num_leaves=15
num_cat=0
split_feature=5 17 2 15 12 17 17 0 16 20 13 12 3 23
split_gain=20.0497 34.1412 23.8988 17.1461 22.3804 16.2446 10.9517 12.1461 8.98525 8.83051 9.09158 7.81001 5.65938 3.67532
threshold=4.5000000000000009 37.520294117647069 2.5000000000000004 17.500000000000004 0.039414772369317834 39.28688172043011 35.967261904761912 1500.0000000000002 3.0000000000000004 7.5000000000000009 0.043569567115410913 0.072994013076218459 7.5000000000000009 1.0000000180025095e-35
decision_type=2 8 2 8 8 10 10 2 8 2 8 10 2 2
left_child=1 6 9 5 -5 -3 -1 -8 11 10 -2 -4 -11 -10
right_child=2 3 8 4 -6 -7 7 -9 13 12 -12 -13 -14 -15
leaf_value=0.018177541515873624 -0.005770959415083105 -0.0014402684232408312 -0.0076977301471592881 -0.0041059471036423087 0.0012802803556058488 -0.010290667839065081 0.0019868532043292439 0.0075645111657201827 -0.00049224266880711553 -0.0023661998268388476 0.0078454788685147648 0 0.0042467715771228398 -0.013702314098601584
leaf_weight=52.155988421291113 38.691398077178746 978.6504612849094 243.56832534866408 793.10448971344158 5027.2962012588978 246.06644207984209 1189.4171517407522 576.28955692332238 48.259920372162014 761.62810935266316 209.85289634391665 252.3735381308943 119.8361538881436 197.85897143837065
leaf_count=450 1159 12692 6663 24420 75371 5139 12856 5490 1154 15269 3888 3827 2387 4263
internal_value=0.000177325 0.000786501 -0.00262121 -0.000139655 0.000517694 -0.00337505 0.00444864 0.00390822 -0.00678637 0 0.00506216 -0.00392057 -0.00127906 -0.0117707
internal_weight=10735 8862.98 1872.07 7045.12 5820.4 1224.72 1817.86 1765.71 742.061 1130.01 248.544 495.942 881.464 246.119
internal_count=175028 136418 38610 117622 99791 17831 18796 18346 15907 22703 5047 10490 17656 5417
is_linear=0
shrinkage=0.03


Tree=154
num_leaves=15
num_cat=0
split_feature=7 5 0 15 15 7 11 7 23 11 12 7 12 15
split_gain=22.8699 21.9092 15.8542 17.6068 13.102 12.5508 9.5908 9.46207 6.10401 4.71358 2.55424 2.4974 1.61739 1.14997
threshold=431.00000000000006 4.5000000000000009 1250.0000000000002 17.500000000000004 141.50000000000003 479.00000000000006 5.6510869565217403 483.00000000000006 6.5000000000000009 4.3288288288288301 0.070352411068843712 425.00000000000006 0.16189775286759286 28.500000000000004
decision_type=10 2 2 8 10 10 8 10 2 8 10 8 10 10
left_child=6 2 7 -4 5 -3 10 -2 12 -6 13 -12 -8 -1
right_child=1 4 3 -5 9 -7 8 -9 -10 -11 11 -13 -14 -15
leaf_value=-0.0071780672160360777 0.0016849171457054165 -0.0052592993224842757 -0.0030560564383683964 0.0010824031109344854 0 0.00011408650645310632 -0.01255790205958727 0.0061447126544563841 0 -0.013805796864614148 0.010144224669261705 0 0 0
leaf_weight=34.590382626280189 1308.7192720612511 554.07992198131979 1105.0524993608706 5333.8922680937685 46.043565394356847 1132.9790956596844 212.91068553784862 755.52120639942586 48.382985427975655 116.94789613178 29.415788030251861 29.191085470840335 7.0581812504678956 20.531469775363803
leaf_count=398 22500 12289 15027 78417 599 21553 7915 10209 1516 3600 306 300 69 330
internal_value=0.000170343 0.000451426 0.00110754 0.000347062 -0.00247819 -0.00157237 -0.00696611 0.00340062 -0.0100147 -0.0106352 0 0.00451024 -0.0120947 -0.00408835
internal_weight=10735.3 10353.2 8503.19 6438.94 1850.05 1687.06 382.081 2064.24 268.352 162.991 113.729 58.6069 219.969 55.1219
internal_count=175028 164194 126153 93444 38041 33842 10834 32709 9500 4199 1334 606 7984 728
is_linear=0
shrinkage=0.03


Tree=155
num_leaves=15
num_cat=0
split_feature=9 7 15 13 13 23 15 12 12 7 23 3 4 7
split_gain=33.2289 24.4909 15.218 11.3956 9.86864 11.1231 8.38976 8.20196 7.79427 6.46424 10.9644 5.1067 4.17661 4.17136
threshold=12.500000000000002 473.00000000000006 16.500000000000004 0.058187301255206603 0.037570657554370397 1.0000000180025095e-35 174.50000000000003 0.13028320917741135 0.099825250367592613 501.00000000000006 5.5000000000000009 1.5000000000000002 7.5000000000000009 439.00000000000006
decision_type=2 10 8 8 8 2 10 8 10 10 2 2 2 10
left_child=2 3 9 8 7 -6 -5 -3 -2 10 -1 -4 -11 -13
right_child=1 4 11 6 5 -7 -8 -9 -10 12 -12 13 -14 -15
leaf_value=-0.008454745556582528 -0.0068533721151545768 -0.0062091615924542857 0 -0.0013222295243496792 0.0038555727226763526 1.2678489715649886e-05 -0.011874862493971895 0.0075472409313908492 0 0.0097056996538084066 0.0018521500421076549 0 -0.00011105353102056921 0.0059823344250321472
leaf_weight=182.7070425497368 836.04844665993005 317.4821008737199 127.35953064076602 2438.3226835252717 823.99899691157043 4165.7322333995253 69.632656713947654 30.767262252978981 196.73866242635995 60.555691602639854 144.10302655212581 67.57797141559422 30.689954881556332 1215.0108746178448
leaf_count=2820 24661 7877 1722 40561 12578 60375 1549 349 2272 769 1859 1538 379 15638
internal_value=-0.000174264 -0.0009463 0.00348608 -0.00288329 0.00031195 0.000680546 -0.00169796 -0.00447955 -0.0055951 -0.00124937 -0.00349855 0.00499563 0.00501114 0.00556725
internal_weight=10706.7 8878.72 1828 3540.74 5337.98 4989.73 2507.96 348.249 1032.79 418.056 326.81 1409.95 91.2456 1282.59
internal_count=174947 150222 24725 69043 81179 72953 42110 8226 26933 5827 4679 18898 1148 17176
is_linear=0
shrinkage=0.03


Tree=156
num_leaves=15
num_cat=0
split_feature=17 5 17 13 0 20 4 11 12 4 20 14 11 11
split_gain=23.4721 21.4168 20.0073 18.8895 12.3951 8.09253 6.72846 6.06011 5.72816 6.31352 5.49418 4.72064 6.41831 3.66178
threshold=39.28688172043011 5.5000000000000009 37.498437500000009 0.033347590533219278 1650.0000000000002 1.5000000000000002 3.5000000000000004 5.7537878787878798 0.074931672616177322 8.5000000000000018 6.5000000000000009 2.5000000000000004 5.2025641025641036 6.802777777777778
decision_type=10 2 8 8 2 2 2 8 10 2 2 10 8 10
left_child=1 2 4 -4 -1 11 13 -8 10 -10 -3 -2 -13 -7
right_child=5 8 3 -5 -6 6 7 -9 9 -11 -12 12 -14 -15
leaf_value=0.0017627468905907235 0.010853216123732743 0.0012519170966424861 -0.006379027796986853 0.00026541538727798775 0.0072086513301250019 -0.012759049750637979 0.00026549611921292094 -0.0052564544667444823 0.0023849927684067357 -0.0066371974773639783 -0.0092967717851503272 0.013418969069700137 -0.0034175377348886105 0
leaf_weight=1712.0816855439916 30.931728959083557 22.633049200754613 404.06046727346256 6320.4828837830573 532.02997743152082 157.45039013074711 185.92069145850837 577.32096785120666 138.24124217126518 113.03142754919827 292.77318811230361 16.816371917724609 160.21392036415637 40.35076375445351
leaf_count=19769 228 704 10879 95203 5493 3254 2219 16166 2669 2178 9807 173 4656 1549
internal_value=-0.000169657 0.000308376 0.000681719 -0.000115985 0.0031337 -0.00418135 -0.005359 -0.00372312 -0.00529231 -0.00113851 -0.00806394 0.000554574 -0.000669513 -0.0106842
internal_weight=10704.3 9535.33 8968.66 6724.54 2244.11 1169 961.043 763.242 566.679 251.273 315.406 207.962 177.03 197.801
internal_count=174947 146702 131344 106082 25262 28245 23188 18385 15358 4847 10511 5057 4829 4803
is_linear=0
shrinkage=0.03


Tree=157
num_leaves=15
num_cat=0
split_feature=9 11 15 13 4 6 14 11 14 3 2 13 13 9
split_gain=31.1293 20.0915 14.1748 13.2199 11.8484 11.569 10.8317 8.12728 7.46646 4.78543 5.00767 3.63532 3.0074 2.35918
threshold=12.500000000000002 7.8032258064516133 16.500000000000004 0.037570657554370397 3.5000000000000004 53.500000000000007 2.5000000000000004 5.4027027027027037 3.5000000000000004 1.5000000000000002 5.5000000000000009 0.089455364824942998 0.064390622339117118 8.5000000000000018
decision_type=2 10 8 8 2 2 8 8 10 2 2 8 10 2
left_child=2 3 6 7 -5 12 11 -2 -7 -4 -11 -1 -3 -8
right_child=1 5 9 4 -6 8 13 -9 -10 10 -12 -13 -14 -15
leaf_value=0.0089141571908562377 0 -0.00089448322861336539 0 -0.0026141220773952213 0.00032268535823754343 0 0.0011036101381878274 -0.0068370110880624033 -0.011873821567613838 0.0057649552167757332 -0.0024754449047552059 0 0.0091147172853632136 -0.0053638074335164336
leaf_weight=88.585525631904602 188.66892771236598 32.174998384900391 127.30841185245663 1518.9048588108271 6322.9208520399407 40.524434838443995 16.010140472091734 460.62590063177049 274.07298765610904 1246.4788317605853 41.220556306652725 29.844113878905773 30.877075303345919 282.90538348257542
leaf_count=638 2263 1781 1722 23149 94809 594 250 13351 13089 16682 494 193 1186 4746
internal_value=-0.000163856 -0.000913032 0.00337321 -0.000590467 -0.00022834 -0.00767114 -0.00119359 -0.00469961 -0.0101037 0.00482524 0.00537658 0.00580876 0.00211246 -0.00451139
internal_weight=10701.1 8868.77 1832.35 8491.12 7841.83 377.649 417.345 649.295 314.597 1415.01 1287.7 118.43 63.0521 298.916
internal_count=174947 150222 24725 133572 117958 16650 5827 15614 13683 18898 17176 831 2967 4996
is_linear=0
shrinkage=0.03


Tree=158
num_leaves=15
num_cat=0
split_feature=9 7 5 3 20 0 11 9 10 7 1 7 14 13
split_gain=29.2891 21.2203 16.1665 12.3368 13.0527 9.93399 6.74864 5.42903 3.58386 6.87037 3.53344 3.29391 3.81677 1.16852
threshold=11.500000000000002 473.00000000000006 6.5000000000000009 3.5000000000000004 3.5000000000000004 1250.0000000000002 7.8956442831215972 9.5000000000000018 1.0000000180025095e-35 477.00000000000006 7.5000000000000009 469.00000000000006 2.5000000000000004 0.030917786132437262
decision_type=2 10 2 2 2 2 8 2 10 10 2 10 10 8
left_child=7 3 5 6 -5 -3 -2 11 9 -9 -10 -1 -13 -4
right_child=1 2 13 4 -6 -7 -8 8 10 -11 -12 12 -14 -15
leaf_value=0.00092564355523176733 -0.0024034516913764162 0.0029756042090175244 0 0.0009855987008824832 -0.0032186792117407637 0 -0.0072687214090174437 0 0.0019126266489257772 0.0082637378118479606 -0.0059024567352178661 0.015439861451243783 0.0039246752436051602 -0.010650627421225779
leaf_weight=81.354459014721215 670.64989214763045 1317.4287289865315 7.3125924235209814 1237.0299690640531 1337.3586915293708 4348.2867551064119 610.75622326694429 190.09634182788432 295.67764231096953 228.92722861934453 55.107021052390337 99.91930478066206 100.90910422615707 117.77467175805941
leaf_count=1223 9945 20195 343 24938 24008 62846 15380 3058 3686 2776 651 822 1355 3721
internal_value=-0.00015926 -0.000691915 0.00043446 -0.00242078 -0.00114232 0.000698719 -0.00485823 0.00456336 0.00291414 0.00480538 0.000197605 0.00841113 0.0106185 -0.00994862
internal_weight=10698.6 9646.6 5790.8 3855.79 2574.39 5665.72 1281.41 1051.99 769.808 419.024 350.785 282.183 200.828 125.087
internal_count=174947 161376 87105 74271 48946 83041 25325 13571 10171 5834 4337 3400 2177 4064
is_linear=0
shrinkage=0.03


Tree=159
num_leaves=15
num_cat=0
split_feature=7 17 11 12 23 17 10 12 6 6 2 15 6 15
split_gain=23.5355 21.7591 15.2707 12.8272 12.5229 14.5484 13.4515 12.428 9.52979 7.89929 6.96562 6.74874 6.09873 5.64033
threshold=467.00000000000006 39.28688172043011 4.8360215053763449 0.034532902700616881 3.5000000000000004 37.400746268656725 0.045983086680761107 0.13028320917741135 53.500000000000007 52.500000000000007 2.5000000000000004 18.500000000000004 55.750000000000007 20.500000000000004
decision_type=10 10 10 8 2 8 8 10 2 2 2 10 2 8
left_child=4 2 3 -2 5 12 -7 9 -4 -6 11 -3 -1 -9
right_child=1 10 8 -5 7 6 -8 13 -10 -11 -12 -13 -14 -15
leaf_value=0.0045287459413835846 -0.0035372139156345322 -0.0075290637104962503 0.0057932472651209994 0.0027760646677905333 0.0035017407596510588 0 -0.0069734541519704193 0 -0.0014321598951099134 -0.0022669907401550436 -0.0073305986794849152 0.00050482953954660611 -0.0030649637018817641 0.010854345980281758
leaf_weight=213.80550782568753 286.28111545089632 111.19579602312297 169.87642692402005 4247.1161898709834 239.50906370859593 320.77995702577755 1083.9381280522794 37.061222463846207 1859.4686837941408 1182.4329424728639 320.33988121338189 362.89960533194244 144.49941004347056 116.68248852156103
leaf_count=2892 5763 2047 3870 44826 5035 6613 24381 276 37727 23553 7060 7955 1939 1010
internal_value=-0.000152913 0.000780021 0.00136527 0.00234088 -0.00225168 -0.00399072 -0.00538291 -0.000204515 -0.000740835 -0.00118133 -0.00384528 -0.00112529 0.0010534 0.00763758
internal_weight=10695.9 7357.18 6562.74 4533.4 3338.71 1763.02 1404.72 1575.69 2029.35 1421.94 794.435 474.095 358.305 153.744
internal_count=174947 109248 92186 50589 65699 35825 30994 29874 41597 28588 17062 10002 4831 1286
is_linear=0
shrinkage=0.03


Tree=160
num_leaves=15
num_cat=0
split_feature=9 7 0 7 13 10 17 17 17 12 10 16 12 12
split_gain=24.938 18.258 17.9987 16.7572 15.7879 13.7116 13.2945 13.2588 10.3586 7.84549 6.86161 6.34951 9.70793 3.69233
threshold=15.500000000000002 433.00000000000006 1250.0000000000002 489.00000000000006 0.032712828300329198 0.053101503759398504 37.533974358974369 38.720344827586217 39.50238095238096 0.10063025488248926 0.094044811320754734 -14.999999999999998 0.070352411068843712 0.099825250367592613
decision_type=2 10 2 10 8 10 10 8 10 8 10 10 8 8
left_child=3 11 9 4 13 8 -4 -6 -5 -3 -7 -2 -13 -1
right_child=1 2 6 5 7 10 -8 -9 -10 -11 -12 12 -14 -15
leaf_value=-0.0093815924798300639 -0.018546232167078371 0.00011890216101212973 -5.2323802656070109e-06 0.0070017328357010874 0.0022306359567367466 -0.0047877121125373635 -0.0037408692130491026 -0.0017449629279189321 -0.00077966999310140697 0.0052418967835768798 0.0019339298442142263 -0.011917934338195152 0.0010836000298016315 0
leaf_weight=182.42702743690461 64.828023162670434 995.33355359779671 1542.4568052105606 932.6592269311659 1838.6946778893471 151.37152083404362 2185.3037934135646 1241.3860979978926 142.78375292662531 400.32348298840225 821.90257868543267 85.744788340758532 76.586740974336863 30.449641725979745
leaf_count=5513 2737 20472 23228 11987 24738 2515 38058 23930 2960 4173 10032 2983 1211 375
internal_value=-7.9662e-05 -0.00153975 -0.00113254 0.00135488 0 0.00348175 -0.00223742 0.000579471 0.00583096 0.00170892 0.000716067 -0.00985585 -0.0050384 -0.0077757
internal_weight=10692.3 5350.58 5123.42 5341.67 3292.96 2048.72 3727.76 3080.08 1075.44 1395.66 973.274 227.16 162.332 212.877
internal_count=174912 92862 85931 82050 54556 27494 61286 48668 14947 24645 12547 6931 4194 5888
is_linear=0
shrinkage=0.03


Tree=161
num_leaves=13
num_cat=0
split_feature=15 9 17 14 14 20 10 12 17 5 23 9
split_gain=27.521 20.2594 16.3962 14.5167 15.212 12.2196 11.7405 11.6457 9.87228 9.69087 5.39043 3.7971
threshold=141.50000000000003 15.500000000000002 38.86770833333334 1.5000000000000002 3.5000000000000004 8.5000000000000018 0.48333333333333339 0.045462879621295471 36.470135135135145 3.5000000000000004 4.5000000000000009 12.500000000000002
decision_type=10 2 8 8 8 2 10 8 10 2 2 2
left_child=1 2 5 8 -5 -1 9 -4 -3 10 -2 -11
right_child=6 3 7 4 -6 -7 -8 -9 -10 11 -12 -13
leaf_value=0.0042308339087472006 -0.0060078106097139509 0.0055615997165272294 -0.0053473116011136705 0.0019282580898374161 -0.0017320506966465798 0.00022279739914301449 0.0097618394381453234 0.00052764500592848652 -0.0076860681455541155 -0.00052919044946193807 0.0041434062466528723 -0.011885117359281374
leaf_weight=2135.5697998842224 93.946821606718004 40.422261040657759 370.62318019103259 1490.4234460480511 3107.8278005514294 1127.7041605869308 25.555971663445234 1440.105947015807 418.38541673496366 60.632042984478176 74.132982216309756 305.14829057687894
leaf_count=27160 1769 377 11412 11494 69581 15740 244 22367 5036 1146 1466 7120
internal_value=-7.81682e-05 0.000266684 0.00161699 -0.00105877 -0.00051225 0.00289411 -0.00653626 -0.000603654 -0.00614813 -0.00767816 -0.000673526 -0.0104398
internal_weight=10690.5 10131.1 5074 5057.06 4598.25 3263.27 559.416 1810.73 458.808 533.86 168.08 365.78
internal_count=174912 163167 76679 86488 81075 42900 11745 33779 5413 11501 3235 8266
is_linear=0
shrinkage=0.03


Tree=162
num_leaves=13
num_cat=0
split_feature=15 7 7 14 10 11 16 16 7 14 0 11
split_gain=26.0561 21.8329 17.5064 18.0458 11.2258 9.63248 6.51812 6.13005 4.25784 4.57355 3.61154 3.26419
threshold=141.50000000000003 499.00000000000006 421.00000000000006 1.5000000000000002 0.48333333333333339 6.1684397163120579 1.0000000180025095e-35 9.0000000000000018 487.00000000000006 5.5000000000000009 1350.0000000000002 2.8786764705882359
decision_type=10 10 10 8 10 10 8 8 10 10 2 8
left_child=1 2 7 -4 8 6 -3 -1 11 -10 -7 -2
right_child=4 5 3 -5 -6 10 -8 -9 9 -11 -12 -13
leaf_value=-0.0036566928328860553 0 0.0052930527649376145 -0.00513165224484507 0.00012835026187289956 0.0094611956769342261 0.0021318589311769063 0.0017534398247250308 -0.018797886672054318 -0.0074028271454663445 0 -0.0036994229885849027 -0.011637458867785309
leaf_weight=103.14460822427645 19.397904608398676 991.00210650451481 633.89705939777195 6736.9169330741279 25.733150644227862 110.92699185758829 1239.7763570062816 55.441914546303451 145.66014760732651 128.21694900747389 260.34281827323139 237.28621476283297
leaf_count=2860 210 11235 7274 114983 244 2739 14831 2328 1618 3584 6917 6089
internal_value=-7.52521e-05 0.000258982 -0.000543494 -0.00030685 -0.00637777 0.00263519 0.00340129 -0.0102798 -0.00750722 -0.00385308 -0.00155334 -0.0106848
internal_weight=10687.7 10131.4 7529.4 7370.81 556.294 2602.05 2230.78 158.587 530.561 273.877 371.27 256.684
internal_count=174912 163167 127445 122257 11745 35722 26066 5188 11501 5202 9656 6299
is_linear=0
shrinkage=0.03


Tree=163
num_leaves=13
num_cat=0
split_feature=15 13 11 12 23 12 10 20 11 10 3 23
split_gain=24.6767 19.0492 20.8832 14.9173 13.8471 15.8155 12.0648 8.04837 7.88594 6.66324 4.39149 4.07897
threshold=134.50000000000003 0.037570657554370397 7.6700680272108857 0.081277401794493664 5.5000000000000009 0.098133384073305005 0.48333333333333339 8.5000000000000018 5.779132791327914 0.1526806526806527 7.5000000000000009 3.5000000000000004
decision_type=10 8 8 8 2 8 10 2 10 10 2 2
left_child=1 2 11 -4 5 -3 7 9 -6 -2 -9 -1
right_child=6 4 3 -5 8 -7 -8 10 -10 -11 -12 -13
leaf_value=-0.0016829750177514522 -0.0061085535701222672 -0.00095067569073718501 -0.012255481247751512 0 0.0040800686253002457 0.0019355230329149431 0.010170666920193609 -0.013853278246791351 -0.00015024140740940565 0.002220965603238657 0 0.0043415967792481613
leaf_weight=223.67590493522584 280.3059333791025 4780.230407862924 300.87516000354663 99.716891799122095 1411.6068741027266 2646.8312732903287 27.861865807324648 177.83669970696792 457.70498103881255 89.138093111105263 30.678523382171988 159.86505067627877
leaf_count=4000 6582 88359 12224 1635 17830 24823 263 3861 10538 1408 640 2749
internal_value=-7.33974e-05 0.000267035 -0.00418261 -0.00895372 0.000660528 5.83254e-05 -0.00593937 -0.00705388 0.0029666 -0.00369542 -0.0120759 0.000465644
internal_weight=10686.3 10080.5 784.133 400.592 9296.37 7427.06 605.821 577.959 1869.31 369.444 208.515 383.541
internal_count=174912 162158 20608 13859 141550 113182 12754 12491 28368 7990 4501 6749
is_linear=0
shrinkage=0.03


Tree=164
num_leaves=15
num_cat=0
split_feature=7 5 17 7 5 14 7 7 12 11 13 12 17 12
split_gain=23.2848 22.2412 19.3599 16.3776 11.2793 9.16338 8.76436 5.37548 5.29028 4.18747 2.6527 2.44351 2.02843 2.02295
threshold=437.00000000000006 4.5000000000000009 40.102272727272734 503.00000000000006 6.5000000000000009 6.5000000000000009 495.00000000000006 489.00000000000006 0.1246562740230117 4.6030303030303044 0.064877655291183625 0.16189775286759286 38.020344827586214 0.084509889909615402
decision_type=10 2 10 10 2 8 10 10 10 8 10 10 10 8
left_child=5 2 3 -2 6 10 -3 -4 9 -7 13 -6 -12 -1
right_child=1 4 7 -5 11 8 -8 -9 -10 -11 12 -13 -14 -15
leaf_value=-0.0072868951098874176 0.00051752518824740087 -0.0037825775010617377 -0.00904598468756743 0.0039062213389464188 -0.011032142397153603 0 0.00044273720676598022 -0.00015203677166046863 0 -0.012592370057430802 0.0028496088159181078 0 -0.0029929634243879592 0
leaf_weight=102.34195762034506 6261.7078804983757 926.92347657866776 203.37406218517572 1661.8417107248679 161.52581697748974 9.1048554331064206 731.19158580247313 137.8674986390397 17.827013611793518 219.76780655514449 109.75127460248768 8.113248033449052 94.776000931859016 37.949222151190042
leaf_count=1662 91888 19364 6486 19534 5360 179 12850 3390 319 11010 1133 108 1258 371
internal_value=-7.13377e-05 0.000254722 0.000930805 0.00124919 -0.00271476 -0.00584157 -0.00183339 -0.00593999 -0.0103784 -0.0116739 -0.00206496 -0.0101716 0 -0.00516707
internal_weight=10684.1 10092.5 8264.79 7923.55 1827.75 591.518 1658.12 341.242 246.7 228.873 344.818 169.639 204.527 140.291
internal_count=174912 158980 121298 111422 37682 15932 32214 9876 11508 11189 4424 5468 2391 2033
is_linear=0
shrinkage=0.03


Tree=165
num_leaves=15
num_cat=0
split_feature=15 9 1 13 4 15 5 9 14 13 12 13 12 14
split_gain=27.3226 22.5009 19.4132 17.411 11.6572 8.5004 8.44706 5.52566 4.17723 3.81951 2.95969 2.86707 1.98035 1.25331
threshold=154.50000000000003 10.500000000000002 5.5000000000000009 0.048096911698486712 7.5000000000000009 16.500000000000004 3.5000000000000004 9.5000000000000018 1.5000000000000002 0.1333578973225252 0.084509889909615402 0.10227890988228312 0.18772033389258272 2.5000000000000004
decision_type=10 2 2 8 2 10 2 2 8 8 10 10 8 8
left_child=1 5 3 -3 -4 7 10 -1 -7 12 11 -2 -8 -12
right_child=6 2 4 -5 -6 8 9 -9 -10 -11 13 -13 -14 -15
leaf_value=0.0061112217974947534 -0.007060929185644136 -0.0025079515927489034 -0.0032136226654036763 0.0020005055479827578 3.190477736567459e-05 0 -0.010696259033048414 -0.0027301981234077446 0.010801409160529589 0 0 0.0028858360082662728 0 0.0081862028837305662
leaf_weight=110.04686125833541 72.771373922005296 881.88058132492006 1794.5289900694042 4944.331184163224 2030.4252841640264 56.022429093718529 299.32439806591719 115.2113229855895 287.77486647106707 16.606100081466138 25.003486260771751 10.432645076885818 11.806871840730308 30.307731670327485
leaf_count=1454 1861 21941 28561 75058 32163 479 6974 1618 3410 250 194 173 140 382
internal_value=0.000207679 0.000546682 0.000187325 0.0012908 -0.00145382 0.00632534 -0.00683188 0.000976626 0.00933557 -0.00943147 0 -0.00402025 -0.0102225 0.0045309
internal_weight=10686.5 10220.2 9651.17 5826.21 3824.95 569.055 466.253 225.258 343.797 327.737 138.515 83.204 311.131 55.3112
internal_count=174658 164684 157723 96999 60724 6961 9974 3072 3889 7364 2610 2034 7114 576
is_linear=0
shrinkage=0.03


Tree=166
num_leaves=15
num_cat=0
split_feature=7 0 13 2 1 13 14 4 14 13 8 11 16 11
split_gain=27.3705 22.5372 18.7644 18.5737 14.46 10.4438 9.06509 5.93957 5.8027 4.7309 3.53366 2.90986 2.33774 1.4686
threshold=441.00000000000006 1250.0000000000002 0.072583486780786119 4.5000000000000009 5.5000000000000009 0.049935138245552645 6.5000000000000009 11.500000000000002 1.5000000000000002 0.12074887551842983 2.5000000000000004 5.5040983606557381 -1.0000000180025095e-35 7.8360215053763449
decision_type=10 2 8 2 2 8 8 2 8 10 2 10 8 10
left_child=6 5 3 -3 -4 7 11 -2 -7 10 -8 12 -1 -13
right_child=1 2 4 -5 -6 8 9 -9 -10 -11 -12 13 -14 -15
leaf_value=0.0016513962997327057 -0.0027809418429466542 -0.00094889636192111099 0.0025274178316945749 -0.0077916315945751507 -0.00094869446353311308 -0.00010748975688985362 -0.010935406402503184 0.0045120506491955498 0.0047357335654740875 0.00022247479151638746 0 -0.0085389454452155511 -0.0028062520874758603 0
leaf_weight=171.4191625751555 351.77485164673999 2721.4552924935706 2623.598257528618 422.53580517834052 1742.4632176551968 186.61107101663947 284.68044197605923 127.98509778035805 1722.5328755453229 14.151005885563789 22.179204142186791 74.275848729535937 209.58560479432344 12.067791848443447
leaf_count=1974 7992 51627 33897 7543 21988 2042 12873 2917 26447 380 1059 1296 2304 319
internal_value=0.000201901 0.000644776 -0.000144053 -0.00192707 0.00110631 0.00318242 -0.00513897 -0.000499494 0.00418492 -0.00913479 -0.0100439 -0.00200914 -0.000416687 -0.00698647
internal_weight=10687.3 9898.96 7510.05 3143.99 4366.06 2388.9 788.359 479.76 1909.14 321.011 306.86 467.348 381.005 86.3436
internal_count=174658 154453 115055 59170 55885 39398 20205 10909 28489 14312 13932 5893 4278 1615
is_linear=0
shrinkage=0.03


Tree=167
num_leaves=15
num_cat=0
split_feature=1 13 20 17 12 16 17 13 5 20 13 12 5 20
split_gain=20.7362 17.0725 11.3714 15.9004 8.76464 7.91994 7.75924 6.72656 8.77302 6.30537 5.43063 2.98185 2.87635 1.7667
threshold=5.5000000000000009 0.048096911698486712 9.5000000000000018 37.750757575757582 0.042259219285793008 5.0000000000000009 36.470135135135145 0.11905631500226095 5.5000000000000009 2.5000000000000004 0.043173276536718645 0.18210118805356904 3.5000000000000004 10.500000000000002
decision_type=2 8 2 8 10 8 8 10 2 2 10 8 2 2
left_child=1 4 3 -3 10 -4 12 8 -8 -6 -1 -9 -2 -14
right_child=6 2 5 -5 9 -7 7 11 -10 -11 -12 -13 13 -15
leaf_value=-0.0086896373097758058 0.010894083360908744 0.0060323894550124643 0.00071745398454976393 0.0015891276172592249 0.0039969963170889342 -0.0047530473130618783 -0.0016900465910732333 0.0038648182829992897 -0.0086155590044190433 -0.0023197732210733088 0 -0.0030152762422264146 -0.0020581732990559176 0.0050133516580077786
leaf_weight=235.03511408204213 48.704893380403519 998.56134873069823 1002.0609334753826 3248.6064838897437 198.3275871668011 298.60436677094549 3560.2309340415522 258.04721285309643 182.27591772284359 448.13699003215879 70.094463833607733 43.727314256131649 46.449914109893143 49.725350510329008
leaf_count=8872 422 11334 14811 53037 3971 4647 56458 2971 5299 8976 2217 290 635 718
internal_value=0.000193896 0.00126669 0.00191861 0.00267493 -0.00236739 -0.000436962 -0.00143429 -0.00170875 -0.00207842 -0.00013581 -0.00653327 0.00234603 0.00502755 0.000182501
internal_weight=10688.6 6499.43 5547.83 4247.17 951.594 1300.67 4189.16 4044.28 3742.51 646.465 305.13 301.775 144.88 96.1753
internal_count=174658 107865 83829 64371 24036 19458 66793 65018 61757 12947 11089 3261 1775 1353
is_linear=0
shrinkage=0.03


Tree=168
num_leaves=15
num_cat=0
split_feature=7 15 9 1 20 10 15 11 20 12 12 17 7 1
split_gain=25.9018 23.5426 22.3787 16.2823 9.78504 10.759 7.24333 6.96654 4.95499 4.65176 3.66281 3.39554 3.13027 2.98574
threshold=441.00000000000006 154.50000000000003 10.500000000000002 5.5000000000000009 8.5000000000000018 0.095695970695970703 16.500000000000004 5.5040983606557381 3.5000000000000004 0.1246562740230117 0.032265098546769275 37.001428571428576 433.00000000000006 3.5000000000000004
decision_type=10 10 2 2 2 8 10 8 2 10 8 8 8 2
left_child=7 2 6 -4 5 -3 -2 8 13 11 -6 -9 -10 -1
right_child=1 4 3 -5 10 -7 -8 9 12 -11 -12 -13 -14 -15
leaf_value=0.010582124536082559 0.0015973742569945083 -0.011827446858795877 0.0016202682398731147 -0.00098205990795667249 0 0.0010826100883115234 0.0097562753012890059 0 0 0 -0.012939687636272674 -0.0086114576115749603 -0.0076933007477120677 0
leaf_weight=36.053678607568145 212.19988583959639 68.836854920722544 5377.4989827666432 3543.30918302387 10.197333236224948 203.80134945642203 328.43410221301019 34.756612472236156 71.588944524526596 53.457513902336359 160.15513475192711 445.43955214833841 85.920917499810457 57.64957476966083
leaf_count=353 2740 1910 85082 53777 384 3819 3604 646 917 640 3137 16062 1038 549
internal_value=0.000187707 0.000617855 0.000949297 0.000569858 -0.00605788 -0.001791 0.00687278 -0.00502007 -0.000239306 -0.006969 -0.0117855 -0.00790864 -0.00397216 0.00439906
internal_weight=10689.3 9904.43 9461.44 8920.81 442.991 272.638 540.634 784.867 251.213 533.654 170.352 480.196 157.51 93.7033
internal_count=174658 154453 145203 138859 9250 5729 6344 20205 2857 17348 3521 16708 1955 902
is_linear=0
shrinkage=0.03


Tree=169
num_leaves=15
num_cat=0
split_feature=15 0 9 17 15 11 14 5 17 12 23 9 16 12
split_gain=24.4715 20.5539 21.3897 17.1123 10.5464 8.91413 9.43677 7.91708 6.8084 2.7886 2.81085 1.89107 1.40826 0.631352
threshold=154.50000000000003 1250.0000000000002 10.500000000000002 39.50238095238096 15.500000000000002 7.6381818181818195 1.5000000000000002 3.5000000000000004 38.620526315789483 0.11231128645386762 6.5000000000000009 12.500000000000002 25.000000000000004 0.10877603910286564
decision_type=10 2 2 10 10 10 10 2 10 10 2 2 10 8
left_child=1 5 4 -4 -3 6 -1 9 -7 10 -2 13 -13 -9
right_child=7 2 3 -5 -6 8 -8 11 -10 -11 -12 12 -14 -15
leaf_value=0 -0.0060276596650987724 0 -0.00021713833432039352 -0.0053497624041066744 0.0088305246555157296 -0.007731018214623229 0.004424564576863535 -0.0034634896460815933 0.0032947996052671708 0.0068234074657750514 0.0024644497168953856 -0.010617833445234749 0 0
leaf_weight=594.65868603531271 83.144030868075788 195.16664561256766 6497.1654828451574 647.06429670983925 324.43658391479403 116.84638013970107 1794.1475089904852 42.739614603109658 59.416339317336679 30.638188619166613 24.261608945205808 260.1565800732933 9.8522454053163511 10.228100040927528
leaf_count=11242 1828 2643 98191 15943 3613 4197 26419 925 2436 268 514 6088 242 109
internal_value=0.000181956 0.000501653 -0.000258877 -0.000706406 0.00555653 0.00282839 0.0033415 -0.00651873 -0.00319844 0 -0.00275065 -0.00906116 -0.0102025 -0.000277267
internal_weight=10689.9 10228.9 7663.83 7144.23 519.603 2565.07 2388.81 461.02 176.263 138.044 107.406 322.977 270.009 52.9677
internal_count=174658 164684 120390 114134 6256 44294 37661 9974 6633 2610 2342 7364 6330 1034
is_linear=0
shrinkage=0.03


Tree=170
num_leaves=15
num_cat=0
split_feature=3 5 7 7 12 13 12 14 23 13 3 1 12 23
split_gain=27.3287 21.5489 17.032 13.0833 12.6728 9.27273 7.98924 7.388 6.92083 4.70914 4.47386 4.41318 3.38709 3.06083
threshold=3.5000000000000004 5.5000000000000009 423.00000000000006 475.00000000000006 0.15423450817666493 0.070910406525457187 0.18772033389258272 6.5000000000000009 5.5000000000000009 0.12074887551842983 7.5000000000000009 6.5000000000000009 0.21237886843384357 5.5000000000000009
decision_type=2 2 10 10 10 10 8 10 2 8 2 2 10 2
left_child=3 2 13 5 -4 7 8 -1 -5 10 -3 -7 -8 -2
right_child=1 9 4 6 -6 11 12 -9 -10 -11 -12 -13 -14 -15
leaf_value=-0.0044741359701157245 -0.011983444739310357 -0.0086079178766394586 0.0014171484908442114 -0.0017174803702478863 0.0058414131633884011 0 0.011273149927205363 -0.012755929568708918 0.002978800998317373 0.0016439825175255829 0 -0.0052851717905924274 0 0
leaf_weight=554.78857434168458 86.062922960612923 266.08598408242688 5994.626421875786 1596.25947597716 677.02799274586141 555.32698609400541 66.303890979848802 161.71296094590798 320.54384263325483 36.556497777812183 71.237028398551047 200.2909926995635 44.164762746542692 36.521625645458698
leaf_count=9252 3033 7627 96625 24453 4727 8710 649 7584 4977 707 2018 3037 281 987
internal_value=0.000189857 0.00126338 0.00166766 -0.001965 0.00189262 -0.00412221 -0.000318429 -0.00662667 -0.000848371 -0.00561234 -0.00684943 -0.00152225 0.0072164 -0.00899469
internal_weight=10667.5 7168.12 6794.24 3499.39 6671.65 1472.12 2027.27 716.502 1916.8 373.88 337.323 755.618 110.469 122.585
internal_count=174667 115724 105372 58943 101352 28583 30360 16836 29430 10352 9645 11747 930 4020
is_linear=0
shrinkage=0.03


Tree=171
num_leaves=15
num_cat=0
split_feature=3 5 7 11 13 0 7 0 14 13 3 5 13 14
split_gain=25.7548 20.295 16.1947 13.0138 13.5523 12.8567 9.25122 5.75713 5.74357 4.52906 4.26883 3.73067 2.61445 2.0081
threshold=3.5000000000000004 5.5000000000000009 423.00000000000006 4.802777777777778 0.1037255595020518 1250.0000000000002 475.00000000000006 1175.0000000000002 4.5000000000000009 0.12074887551842983 7.5000000000000009 4.5000000000000009 0.10158582227547745 5.5000000000000009
decision_type=2 2 10 8 8 2 10 2 8 8 2 2 10 8
left_child=3 2 12 7 6 -4 -5 -1 -9 10 -3 -6 -2 -11
right_child=1 9 5 4 11 -7 -8 8 -10 13 -12 -13 -14 -15
leaf_value=0.011113953988702848 -0.010343893399238717 -0.0084185937490408869 0.0041519906262782215 -0.0064828108387143639 0.0034601676280612754 0.0010358518579347887 -0.0020956077713929046 -0.0011263813845549537 0.0037638417751104519 0.0089911181863338591 0 -0.0036004353890437147 0 0
leaf_weight=40.807142723351717 109.00319991772994 264.0515251159668 1657.9694800511934 909.27279099170119 305.64200106728822 5022.6391906719655 1104.3474730481394 781.03129468858242 289.85726572945714 18.67166999168694 71.237028398551047 62.815592282451689 12.687071516178547 17.935648623853922
leaf_count=367 3752 7627 26753 22201 4013 74599 21090 6161 3864 232 2018 1247 268 475
internal_value=0.000182553 0.00122381 0.00161528 -0.00191141 -0.00317171 0.00183417 -0.00416216 0.00065687 6.91755e-05 -0.00546505 -0.00668923 0.00182272 -0.00881523 0.00159861
internal_weight=10668 7174.19 6802.3 3493.77 2382.08 6680.61 2013.62 1111.7 1070.89 371.896 335.289 368.458 121.69 36.6073
internal_count=174667 115724 105372 58943 48551 101352 43291 10392 10025 10352 9645 5260 4020 707
is_linear=0
shrinkage=0.03


Tree=172
num_leaves=15
num_cat=0
split_feature=3 5 7 14 11 7 10 23 14 7 3 14 23 23
split_gain=24.2361 19.1592 15.3214 12.4808 12.3358 8.64196 11.2532 5.58767 3.98642 3.81444 4.9429 3.13256 2.98375 2.06113
threshold=3.5000000000000004 5.5000000000000009 423.00000000000006 1.5000000000000002 4.802777777777778 475.00000000000006 0.19722222222222227 5.5000000000000009 6.5000000000000009 519.00000000000011 7.5000000000000009 4.5000000000000009 5.5000000000000009 6.5000000000000009
decision_type=2 2 10 8 8 10 8 2 10 10 2 8 2 2
left_child=4 2 12 -4 7 8 -7 11 -6 10 -3 -1 -2 -9
right_child=1 9 3 -5 5 6 -8 13 -10 -11 -12 -13 -14 -15
leaf_value=-0.0014878171920477421 -0.011588618436239047 -0.0086642485451530298 -0.0019458167225876151 0.0022254937512578097 -0.0037151463080789225 -0.004770928441969682 0.00075351738607578537 0.010727887521467005 -0.0088453335169342666 0 0 0.0023713258513112794 0 0.0019122925253990842
leaf_weight=650.76463889330626 84.482848571613431 241.83083470724523 680.86695653945208 6008.9937768587843 789.60100674256682 520.55173313757405 804.84286292362958 53.032953713089228 260.81015752954409 61.380451699718833 66.841188452206552 248.20545715186745 36.234349471051246 160.31144396029413
leaf_count=5189 3033 6952 7205 94147 13307 11571 12429 517 11244 1523 1877 3308 987 1378
internal_value=0.000176239 0.00118543 0.001565 0.00177741 -0.00185705 -0.00308735 -0.00131325 0.000638558 -0.00516693 -0.00532824 -0.00670001 -0.000249151 -0.00861561 0.00498614
internal_weight=10668.8 7180.63 6810.58 6689.86 3488.12 2375.81 1325.39 1112.31 1050.41 370.052 308.672 898.97 120.717 213.344
internal_count=174667 115724 105372 101352 58943 48551 24000 10392 24551 10352 8829 8497 4020 1895
is_linear=0
shrinkage=0.03


Tree=173
num_leaves=13
num_cat=0
split_feature=13 11 4 17 9 2 17 11 12 11 12 11
split_gain=22.4575 19.2603 17.0268 12.9681 10.9754 3.82278 4.68661 3.29951 2.88046 1.76925 1.76068 0.186054
threshold=0.12368696899481409 10.256578947368423 5.5000000000000009 37.798333333333339 14.500000000000002 4.5000000000000009 38.834313725490205 4.253571428571429 0.094968588436715073 4.6708333333333343 0.017569583783505687 5.6264534883720936
decision_type=10 10 2 8 2 2 8 10 10 8 8 8
left_child=1 2 4 -4 -1 6 7 -2 10 -8 -3 -7
right_child=5 8 3 -5 -6 11 9 -9 -10 -11 -12 -13
leaf_value=0.00017197489984026836 0.010336454770624018 0 0.0027331874499547854 -7.1346273989768906e-05 -0.0031731406742263736 -0.0019208300404590002 -0.0046590495998473239 0.0018991021762429013 0 0.002939808820042186 -0.018832771062699386 0.0004812349224962043
leaf_weight=1413.3454964589328 276.45321793854237 3.5764876375906161 2176.8543318817392 4332.914988568984 2033.7681888584048 37.664349609985948 15.787446800619362 108.26932787708938 4.465763682499527 171.72850922401994 56.391368720680475 38.329048406332731
leaf_count=20666 2277 277 28848 77777 36179 326 127 1515 141 2341 3756 437
internal_value=0.00016948 -0.000167241 -4.23068e-05 0.000844838 -0.0017599 0.00556607 0.0064047 0.00840172 -0.0159196 0.0014165 -0.0176283 0
internal_weight=10669.5 10021.3 9956.88 6509.77 3447.11 648.232 572.239 384.723 64.4336 187.516 59.9679 75.9934
internal_count=174667 167644 163470 106625 56845 7023 6260 3792 4174 2468 4033 763
is_linear=0
shrinkage=0.03


Tree=174
num_leaves=14
num_cat=0
split_feature=3 17 17 20 7 7 7 9 20 16 16 13 12
split_gain=21.6468 18.2514 15.6015 15.4231 18.1397 12.6056 11.5404 8.47145 6.47025 4.66379 1.88754 1.55627 1.3511
threshold=3.5000000000000004 35.967261904761912 39.895833333333343 3.5000000000000004 485.00000000000006 425.00000000000006 463.00000000000006 14.500000000000002 2.5000000000000004 3.0000000000000004 -1.0000000180025095e-35 0.11321471583414579 0.074247799093411254
decision_type=2 8 10 2 10 10 10 2 2 8 8 10 8
left_child=2 9 6 5 -5 -3 7 -1 -8 -2 12 -12 -4
right_child=1 3 10 4 -6 -7 8 -9 -10 -11 11 -13 -14
leaf_value=4.1512883164980341e-05 0.022878752658576418 -0.0073998640923062971 -0.006677337456451043 -0.0020255895226969581 0.0017794137336732683 0.0032104512884445803 0.0028154105151395425 -0.0060360808426523204 -0.00097109564053131066 0 -0.01545289936817895 0 0
leaf_weight=234.78528317296878 39.199230592697859 92.236518775578588 44.770365739706904 2242.2160583296791 2249.7330778050236 2549.4804340153933 503.02476467518136 629.51539434818551 1941.4454678571783 19.062932068482041 86.24052412295714 7.3955944841727606 30.864814274013042
leaf_count=4165 435 3333 1771 38101 32080 41571 7071 13403 29303 204 2567 127 536
internal_value=0.000164295 0.00111662 -0.00176064 0.000951391 -8.66886e-05 0.00277003 -0.00124629 -0.00422182 -0.000126512 0.017302 -0.0106298 -0.0143766 -0.00352706
internal_weight=10670 7191.93 3478.04 7133.67 4491.95 2641.72 3308.77 864.301 2444.47 58.2622 169.271 93.6361 75.6352
internal_count=174667 115724 58943 115085 70181 44904 53942 17568 36374 639 5001 2694 2307
is_linear=0
shrinkage=0.03


Tree=175
num_leaves=12
num_cat=0
split_feature=12 9 17 3 15 0 5 9 13 17 0
split_gain=22.5365 15.4999 15.593 13.6044 11.684 11.1864 6.45834 5.12572 3.60853 4.86023 4.88134
threshold=0.18772033389258272 15.500000000000002 39.451666666666675 7.5000000000000009 84.500000000000014 1350.0000000000002 3.5000000000000004 10.500000000000002 0.056562293253234315 38.821980676328508 1250.0000000000002
decision_type=10 2 10 2 10 2 2 2 10 10 2
left_child=1 2 3 -1 5 -3 -6 -4 -2 10 -10
right_child=8 4 7 -5 6 -7 -8 -9 9 -11 -12
leaf_value=0.00034559122664986122 0 0.00096385352265382514 0.0025296440220870802 0.0048277537761644987 -0.0012675305325981776 -0.0022153580480343514 -0.0080418226006806325 -0.0056775530785243234 0 0 0.010536769257749594
leaf_weight=3972.8633698085323 39.671872174367309 1400.9204036784358 50.716730821877718 737.4618781064637 275.22916033910587 3035.1642949436791 396.49425101047382 435.71074320189655 53.377170018851757 46.639492902904749 261.82084685377777
leaf_count=58989 279 25317 969 10525 5542 51555 8964 10858 338 304 1649
internal_value=-0.000316545 -0.000602933 0.000528269 0.00108352 -0.00178256 -0.00117763 -0.00551768 -0.00449958 0.00658148 0.00754012 0.00887669
internal_weight=10706.1 10304.6 5196.75 4710.33 5107.81 4436.08 671.723 486.427 401.509 361.838 315.198
internal_count=175289 172719 81341 69514 91378 76872 14506 11827 2570 2291 1987
is_linear=0
shrinkage=0.03


Tree=176
num_leaves=15
num_cat=0
split_feature=7 5 17 15 23 16 9 16 17 20 5 7 20 16
split_gain=20.1561 20.4602 18.0672 15.5459 13.7439 10.6365 10.5995 9.3158 6.496 11.3877 6.22475 4.45637 3.53526 3.42964
threshold=451.00000000000006 4.5000000000000009 38.320344827586219 17.500000000000004 3.5000000000000004 7.0000000000000009 15.500000000000002 3.0000000000000004 37.750757575757582 3.5000000000000004 6.5000000000000009 497.00000000000006 1.5000000000000002 11.000000000000002
decision_type=10 2 8 8 2 8 2 10 8 2 2 10 2 10
left_child=4 2 6 -4 8 -6 -2 10 9 -1 -3 -9 -7 -10
right_child=1 7 3 -5 5 12 -8 11 13 -11 -12 -13 -14 -15
leaf_value=0.0070305409841196764 0.0042726686255383905 -0.00030499062311325738 -0.0047283309240585946 0.00033638700744291071 0.0013362020021000826 0 0.00081434128258933757 -0.0091801192761069104 -0.0087301441808176235 -0.0065359491801969061 -0.0076646627925520535 -0.0023257430400140701 -0.0098554321608615349 0
leaf_weight=75.840932374820113 1632.4484252631664 1123.5164515008219 637.65408714208752 3382.8425678350031 571.63952793739736 53.095899633131921 1816.3713250663131 257.87702831579372 514.08212006371468 150.28680633706972 116.30118447076529 243.39030344970524 117.05742838978767 9.6804505125619453
leaf_count=1060 16784 21316 9910 57448 11070 1663 20959 5879 14651 2342 3803 4815 3250 339
internal_value=-0.000306782 0.000202442 0.000900475 -0.000434494 -0.00354138 -0.000417866 0.00249854 -0.00270024 -0.00640923 -0.00128323 -0.00114388 -0.0062041 -0.00703707 -0.00830557
internal_weight=10702.1 9210.4 7469.32 4020.5 1491.68 741.793 3448.82 1741.08 749.89 226.128 1239.82 501.267 170.153 523.763
internal_count=175289 140914 105101 67358 34375 15983 37743 35813 18392 3402 25119 10694 4913 14990
is_linear=0
shrinkage=0.03


Tree=177
num_leaves=15
num_cat=0
split_feature=7 5 2 17 15 23 16 9 7 17 20 20 16 15
split_gain=19.009 19.3883 17.8005 16.981 14.6933 13.0182 10.1001 9.8969 7.21635 6.18618 10.7711 3.3735 3.3335 3.25501
threshold=451.00000000000006 4.5000000000000009 3.5000000000000004 38.320344827586219 17.500000000000004 3.5000000000000004 7.0000000000000009 15.500000000000002 497.00000000000006 37.750757575757582 3.5000000000000004 1.5000000000000002 11.000000000000002 19.500000000000004
decision_type=10 2 2 8 8 2 8 2 10 8 2 2 10 10
left_child=5 3 8 7 -5 9 13 -2 -3 10 -1 -8 -11 -7
right_child=1 2 -4 4 -6 6 11 -9 -10 12 -12 -13 -14 -15
leaf_value=0.0067998979251329937 0.0041328007558476144 -0.0028694630783016547 -0.0084188390809204067 -0.0046043925452798826 0.00032622130434208747 -0.0017553859381387808 0 0.00078951234650459349 0.0014254657741791452 -0.0085345679943502149 -0.0063780502580640039 -0.0096528336160420017 0 0.0028511973006840499
leaf_weight=76.224594654515386 1637.1612424664199 772.27520807133988 375.9338102019392 635.34373878221959 3383.7525562304072 160.52696317899972 53.095899633131921 1817.4294610572979 589.30797716137022 510.26011385628954 149.52271391591057 116.04926105123013 9.6804505125619453 411.71745622297749
leaf_count=1060 16784 16501 8323 9910 57448 2606 1663 20959 10989 14651 2342 3250 339 8464
internal_value=-0.000298868 0.000194487 -0.00263425 0.000873502 -0.000420693 -0.00344573 -0.000402639 0.00242097 -0.000902394 -0.00624863 -0.00122747 -0.00687993 -0.00811051 0.00129508
internal_weight=10698.3 9211.2 1737.52 7473.69 4019.1 1487.08 741.39 3454.59 1361.58 745.688 225.747 169.145 519.941 572.244
internal_count=175289 140914 35813 105101 67358 34375 15983 37743 27490 18392 3402 4913 14990 11070
is_linear=0
shrinkage=0.03


Tree=178
num_leaves=15
num_cat=0
split_feature=9 5 13 17 17 5 11 17 18 6 9 16 0 11
split_gain=15.3946 14.6944 13.2966 11.9351 8.56463 5.39218 4.98849 6.38523 4.34148 3.22642 2.91991 2.69083 1.84599 1.22771
threshold=13.500000000000002 6.5000000000000009 0.11773100558517004 40.252777777777787 39.402000000000008 3.5000000000000004 5.945195195195196 38.137797619047625 6.5000000000000009 57.250000000000007 10.500000000000002 -4.9999999999999991 1950.0000000000002 3.4558441558441566
decision_type=2 2 10 10 10 2 10 8 2 2 2 8 2 10
left_child=4 2 3 -2 6 -4 7 -1 -8 12 13 -12 -3 -6
right_child=1 9 5 -5 10 -7 8 -9 -10 -11 11 -13 -14 -15
leaf_value=0.0048703098152486409 -0.00089897371391919065 -0.013405980244529818 0.0057575160891120657 -0.0079340137150545349 -0.00044872421639496863 0 0.00084714242322707887 0.0011951214511806702 -0.0062367820359150467 0 0 -0.0070878822321976094 0 0.0057466575818185626
leaf_weight=873.23881050758064 7067.2026057085022 108.99500954337418 353.23820857424289 226.36205327138305 26.872653555124998 299.97127284668386 296.47005351772532 1112.9312195708044 92.584482756443322 16.091039664112031 30.952793205156922 152.50655762152746 8.2073430032469314 28.694367314688861
leaf_count=8207 119076 3838 3737 7834 467 3551 6294 14057 2741 501 805 3339 280 562
internal_value=-0.000290218 -0.000949568 -0.000760012 -0.00114315 0.00168834 0.00326631 0.00227295 0.00289446 -0.000515728 -0.01073 -0.00343383 -0.00539784 -0.0124119 0.000484223
internal_weight=10694.3 8080.07 7946.77 7293.56 2614.25 653.209 2375.22 1986.17 389.055 133.293 239.026 183.459 117.202 55.567
internal_count=175289 138817 134198 126910 36472 7288 31299 22264 9035 4619 5173 4144 4118 1029
is_linear=0
shrinkage=0.03


Tree=179
num_leaves=15
num_cat=0
split_feature=7 11 0 15 23 14 11 16 17 17 17 20 11 20
split_gain=17.986 14.3669 15.811 15.4339 12.2655 10.7246 9.70336 9.57667 8.49154 8.32799 5.85451 10.1934 3.71337 3.21796
threshold=451.00000000000006 3.2529069767441867 1350.0000000000002 78.500000000000014 3.5000000000000004 1.5000000000000002 6.8588039867109645 7.0000000000000009 38.150609756097573 37.950714285714291 37.750757575757582 3.5000000000000004 5.6510869565217403 1.5000000000000002
decision_type=10 8 2 10 2 10 10 8 10 10 8 2 10 2
left_child=4 5 3 -3 10 8 -4 -6 -2 -7 11 -1 -12 -9
right_child=1 2 6 -5 7 9 -8 13 -10 -11 12 -13 -14 -15
leaf_value=0.0065790140882253326 0.0017754965973409752 0.0031245241142339691 -0.00059691712551489793 -0.003872264578869051 0.0012508763469753113 0.002625818009640526 -0.0049083032534973986 0 -0.0089882841126529885 0.010096570215829827 -0.0090640368195341482 -0.0062257430653633056 -9.0203232233144556e-05 -0.0094515926366860667
leaf_weight=76.591096051968634 239.12682171165943 1797.0752663961612 5541.6333748204634 314.91248527029529 572.84874346992001 447.90342759713531 527.69531901273876 53.091752177570015 81.502275656908751 258.41615725681186 431.8653018437326 148.77709778491408 84.061965973582119 115.05556231783703
leaf_count=1060 2031 28700 79567 7053 11070 2925 18008 1663 918 1712 11767 2342 3223 3250
internal_value=-0.000281306 0.000197662 -0.000205669 0.00200372 -0.00334826 0.00354163 -0.00100019 -0.000390687 -0.000595956 0.00562172 -0.00608122 -0.00117459 -0.00790474 -0.00672415
internal_weight=10690.6 9208.27 8181.32 2111.99 1482.29 1026.95 6069.33 740.996 320.629 706.32 741.295 225.368 515.927 168.147
internal_count=175289 140914 133328 35753 34375 7586 97575 15983 2949 4637 18392 3402 14990 4913
is_linear=0
shrinkage=0.03


Tree=180
num_leaves=15
num_cat=0
split_feature=14 14 2 9 0 11 5 13 12 13 11 7 13 12
split_gain=17.7163 21.7652 20.0618 16.168 14.591 14.3061 13.0504 12.3438 12.0841 10.2158 6.58531 5.06468 5.01592 3.84561
threshold=3.5000000000000004 1.5000000000000002 3.5000000000000004 11.500000000000002 1250.0000000000002 4.1270161290322589 3.5000000000000004 0.054745588341573538 0.15820103738221869 0.057741683963144781 1.7638888888888891 457.00000000000006 0.1100354862490785 0.14024395385776242
decision_type=8 10 2 2 2 8 2 10 8 8 8 10 10 8
left_child=1 7 11 8 9 -6 -4 13 12 -5 -9 -3 -2 -1
right_child=3 2 6 4 5 -7 -8 10 -10 -11 -12 -13 -14 -15
leaf_value=-0.012395502911405688 0.00066036963168913216 0.00099161169280385583 0.0015177569777236261 -0.0025582759929320222 0.0020680592332055076 -0.0030685077145182712 -0.0064109608575214127 0.0083807234768129672 0.017773500609717996 0.0025730530341741414 -0.0015067924493607061 0.0048711470025127107 0.010186884598811306 0
leaf_weight=117.95122808776796 511.94153338111937 485.6728446111083 467.2486404851079 483.33584331348538 521.27240585908294 3749.9472942585126 286.50107413716614 57.487632967531681 47.220460198819637 1098.2012067707255 865.57950381375849 1907.6088139526546 57.770820897072554 15.034693129360674
leaf_count=1765 9258 3839 3154 15214 5466 86511 2449 423 389 22103 9379 14078 693 131
internal_value=0 0.0015218 0.0027922 -0.000978498 -0.00148426 -0.00240486 -0.00132065 -0.00211795 0.00355175 0.000907194 -0.000687548 0.00415012 0.00196761 -0.0105747
internal_weight=10672.8 4203.08 3147.03 6469.69 5852.76 4271.22 753.75 1056.05 616.933 1581.54 923.067 2393.28 569.712 132.986
internal_count=174852 35218 23520 139634 129294 91977 5603 11698 10340 37317 9802 17917 9951 1896
is_linear=0
shrinkage=0.03


Tree=181
num_leaves=14
num_cat=0
split_feature=5 2 17 12 14 20 17 20 20 6 2 17 12
split_gain=17.6408 27.3703 15.1428 11.2669 18.8607 11.1301 9.02328 8.58433 8.57848 6.89482 6.33458 5.44341 5.78589
threshold=4.5000000000000009 3.5000000000000004 38.420344827586213 0.038414131761877211 9.5000000000000018 2.5000000000000004 35.967261904761912 7.5000000000000009 8.5000000000000018 55.250000000000007 1.5000000000000002 35.967261904761912 0.15676354457151145
decision_type=2 2 8 10 8 2 10 2 2 2 2 8 10
left_child=2 7 6 4 -4 -5 -1 10 -8 -9 -2 -3 -13
right_child=1 11 3 5 -6 -7 8 9 -10 -11 -12 12 -14
leaf_value=0.013900493993465246 0.0077620007027048455 0.0025821793043747693 0.00059545201705802373 0.0018971870888130071 -0.0090659158822027058 -0.0013874008596362988 0.0025336446098531075 -0.0055401501502838311 -0.00025679142374281761 -0.00022704566528011072 0 -0.011622949028625188 0
leaf_weight=53.4111248254776 156.71197547623888 9.67271157260984 321.10493639018387 1597.5225126128644 345.71467786375433 2202.484148232732 2967.7089325827546 336.20800728909671 1348.2372855851427 807.39500941336155 149.2733355872333 343.49086382659152 30.702058190479875
leaf_count=448 3227 162 7070 27120 15097 35725 35580 7773 15125 15801 3120 8293 311
internal_value=0 -0.0026655 0.000564232 -0.000639057 -0.00422043 0 0.00182798 -0.000655622 0.00162795 -0.00193696 0.0036051 -0.00976365 -0.0105082
internal_weight=10669.6 1833.45 8836.18 4466.83 666.82 3800.01 4369.36 1449.59 4315.95 1143.6 305.985 383.866 374.193
internal_count=174852 38687 136165 85012 22167 62845 51153 29921 50705 23574 6347 8766 8604
is_linear=0
shrinkage=0.03


Tree=182
num_leaves=15
num_cat=0
split_feature=5 2 7 23 20 17 23 15 20 10 10 10 6 17
split_gain=16.6516 25.9531 17.7878 14.4976 14.1781 13.616 11.7331 10.5187 8.06421 19.5495 7.06103 6.86539 6.52041 3.68306
threshold=4.5000000000000009 3.5000000000000004 463.00000000000006 5.5000000000000009 1.5000000000000002 38.401428571428575 1.0000000180025095e-35 18.500000000000004 7.5000000000000009 0.17902930402930406 0.031754032258064523 0.27429467084639503 55.250000000000007 38.128869047619055
decision_type=2 2 10 2 2 8 2 8 2 10 10 10 2 8
left_child=2 8 3 4 -1 10 -7 -5 9 -2 -4 13 -10 -3
right_child=1 11 5 7 -6 6 -8 -9 12 -11 -12 -13 -14 -15
leaf_value=0.0011510905529048287 0.0010756057557121952 -0.0074994418656210583 0.0044506140070922923 -0.0040223790263514587 -0.0045706188074192836 0.0041378799269722651 -0.00076912831795178925 0.00439517291180796 -0.0054019931256430731 0.034300170080580443 0.0013982172556450579 0 -0.00022031795464748881 -0.017405242908616819
leaf_weight=491.95046423748136 294.13022835971788 251.28792943665758 1394.9292339254171 160.41126719070598 1350.833043015562 518.739264679607 2686.6735423752107 499.70608823001385 334.61479694209993 12.86517614033073 1735.6514005474746 34.526156677864492 807.24338864767924 94.630020209122449
leaf_count=11095 6160 5700 14891 2194 26957 8985 43447 10038 7773 187 18558 474 15801 2592
internal_value=0 -0.00259355 0.000547185 -0.00156387 -0.00296299 0.00140534 0 0.00210929 -0.000639008 0.00347609 0.00281108 -0.00954309 -0.0018865 -0.0108461
internal_weight=10668.2 1829.3 8838.89 2502.9 1842.78 6335.99 3205.41 660.117 1448.85 306.995 3130.58 380.444 1141.86 345.918
internal_count=174852 38687 136165 50284 38052 85881 52432 12232 29921 6347 33449 8766 23574 8292
is_linear=0
shrinkage=0.03


Tree=183
num_leaves=12
num_cat=0
split_feature=11 5 15 17 15 21 16 3 6 12 4
split_gain=16.8571 15.0153 17.0479 12.5385 9.59393 8.0449 9.03829 5.07166 1.44594 2.44285 0.876142
threshold=9.6055555555555561 4.5000000000000009 17.500000000000004 39.202000000000005 119.50000000000001 1.0000000180025095e-35 3.0000000000000004 5.5000000000000009 52.500000000000007 0.091058353851375756 1.5000000000000002
decision_type=10 2 10 10 10 2 8 2 2 10 2
left_child=1 2 3 -1 -4 7 -7 -3 -2 10 -10
right_child=8 5 4 -5 -6 6 -8 -9 9 -11 -12
leaf_value=-0.0004687014677872077 0 -0.0011722660626109578 0.0020599961997453554 -0.0074178510574827057 -0.0019736970599040847 -0.0015341991656824515 -0.0069315346806230567 0.0055188620782772113 0 0 -0.015077957969965878
leaf_weight=2813.2880524131469 12.354034261312334 207.30841836566105 5133.8868059236556 258.00562655925751 550.14426745660603 979.43060963414609 458.92351847700775 157.14360534679145 5.2989348527044049 11.234838501550255 79.793200342915952
leaf_count=44425 737 4330 71733 5123 9865 19976 9809 3110 359 331 5054
internal_value=0 0.000131446 0.000658483 -0.00111234 0.00164183 -0.00233988 -0.00337825 0.00134244 -0.0114826 -0.0126795 -0.0143255
internal_weight=10666.8 10558.1 8755.32 3071.29 5684.03 1802.81 1438.35 364.452 108.681 96.327 85.0921
internal_count=174852 168371 131146 49548 81598 37225 29785 7440 6481 5744 5413
is_linear=0
shrinkage=0.03


Tree=184
num_leaves=12
num_cat=0
split_feature=11 10 13 11 17 4 14 4 14 16 17
split_gain=16.0961 18.775 19.1417 14.0706 13.3173 9.10835 8.62373 3.61163 1.42115 1.56436 1.24474
threshold=9.6055555555555561 1.0000000180025095e-35 0.048788422171794917 3.1270161290322585 35.967261904761912 8.5000000000000018 10.500000000000002 11.500000000000002 3.5000000000000004 13.000000000000002 41.305555555555564
decision_type=10 8 8 10 8 2 8 2 10 10 10
left_child=1 3 6 7 -4 -5 -3 -1 -2 10 -10
right_child=8 2 4 5 -6 -7 -8 -9 9 -11 -12
leaf_value=0.012267855979612727 0 -0.0020747264541548121 0.012335858759267031 0 -7.6294496374366006e-05 0.0040118600867636378 -0.0082142644021875096 0 -0.013489467022344791 0 0
leaf_weight=162.22505935281515 4.6356649436056605 752.4691555602476 73.54928894340992 1073.7287644119933 7236.3018184197135 858.98938583116978 348.01853501982987 53.748352417722344 94.62484851712361 5.0490991100668898 3.2292705243453375
leaf_count=1044 69 13556 724 17295 107635 13737 14040 340 5865 329 218
internal_value=0 0.000125115 -0.000499662 0.00263573 3.64329e-05 0.00171638 -0.00418035 0.0099591 -0.0112807 -0.0120239 -0.0128593
internal_weight=10666.6 10559 8410.34 2148.69 7309.85 1932.72 1100.49 215.973 107.539 102.903 97.8541
internal_count=174852 168371 135955 32416 108359 31032 27596 1384 6481 6412 6083
is_linear=0
shrinkage=0.03


Tree=185
num_leaves=15
num_cat=0
split_feature=17 12 7 23 12 20 12 12 12 15 14 2 7 17
split_gain=17.8829 14.9854 12.0339 16.9263 10.2814 7.83663 6.03449 4.00035 3.91108 3.88242 3.15898 7.09606 2.50108 1.75922
threshold=39.50238095238096 0.18772033389258272 451.00000000000006 1.0000000180025095e-35 0.041308551188198546 1.5000000000000002 0.074931672616177322 0.11011303195960168 0.12654889139596884 18.500000000000004 2.5000000000000004 1.5000000000000002 495.00000000000006 39.803571428571438
decision_type=10 10 10 2 8 2 8 10 10 10 10 2 10 10
left_child=1 2 4 -4 -1 6 13 9 -8 -7 11 -3 -12 -2
right_child=5 10 3 -5 -6 7 8 -9 -10 -11 12 -13 -14 -15
leaf_value=-0.0078308716721724632 0.00016620048475852128 0 0.0037527134081069041 -5.9265486101892038e-05 -0.0010646110739289121 -0.012238796209868954 0.013089302999504643 0 0 -0.0047096241725350504 -0.00030115530812040674 0.011584346405707154 0.0060688228360560167 -0.0054652324805585361
leaf_weight=270.47263609338552 24.636143391951919 52.648288052529097 1216.5280156154186 6904.4511273419484 1068.6406878205016 124.420362054836 44.455427188426256 101.1657607536763 14.114503270015119 438.94509791303426 93.172730665653944 167.668267339468 66.576104909181595 69.385028986725956
leaf_count=9509 669 317 19637 101087 20013 3151 779 1095 138 13646 665 961 464 2511
internal_value=-4.37547e-05 0.000296988 4.48334e-05 0.00049527 -0.0025669 -0.00430644 0.00101232 -0.00575022 0.0088271 -0.00672941 0.00610168 0.00863109 0.0015467 -0.00254093
internal_weight=10657.3 9840.16 9460.09 8120.98 1339.11 817.122 152.591 664.531 58.5699 563.365 380.065 220.317 159.749 94.0212
internal_count=174642 152653 150246 120724 29522 21989 4097 17892 917 16797 2407 1278 1129 3180
is_linear=0
shrinkage=0.03


Tree=186
num_leaves=13
num_cat=0
split_feature=12 13 0 11 12 15 15 6 13 15 15 15
split_gain=16.3521 13.645 15.813 15.4778 13.1902 13.015 7.48551 7.02346 2.7168 3.7297 4.01905 1.66796
threshold=0.18772033389258272 0.04771857028463275 1350.0000000000002 7.6700680272108857 0.086785780927839049 18.500000000000004 84.500000000000014 53.500000000000007 0.056562293253234315 28.500000000000004 63.500000000000007 21.500000000000004
decision_type=10 8 2 8 8 8 10 2 10 8 10 10
left_child=1 3 7 6 -5 -4 -1 -3 -2 11 -11 -10
right_child=8 2 5 4 -6 -7 -8 -9 9 10 -12 -13
leaf_value=0.0009602283056807493 0 0.0062684417965294462 -0.0035553425879379695 -0.0084708051541838858 0.00036410195385032482 0 -0.0082091065515591255 0.0014765494102357787 0.0042700258407554099 0.012635139002249456 0.0014976547810578163 -0.00089231318966406347
leaf_weight=710.7162428079173 38.272778127342463 359.77904399810359 1099.4876711326651 534.87970828264952 167.21434305887669 5396.1391747621819 85.177922897972167 1902.5780819440261 91.798195607960224 137.7342646792531 81.271975144743919 50.935646839439869
leaf_count=11822 264 6418 15471 21337 2524 82777 2057 29699 534 892 548 299
internal_value=-4.34006e-05 -0.000290695 0.000146152 -0.00293651 -0.00616681 -0.000588021 0 0.0023169 0.00585197 0.00666982 0.00929739 0.00144462
internal_weight=10656 10256 8757.98 1497.99 702.094 6495.63 795.894 2262.36 400.013 361.74 219.006 142.734
internal_count=174642 172105 134365 37740 23861 98248 13879 36117 2537 2273 1440 833
is_linear=0
shrinkage=0.03


Tree=187
num_leaves=14
num_cat=0
split_feature=17 12 2 5 14 14 14 2 10 15 13 5 12
split_gain=16.986 13.6091 11.7794 19.0795 15.2256 4.7159 3.09956 7.44449 2.54839 2.06573 1.98797 1.54251 1.08097
threshold=40.252777777777787 0.18772033389258272 4.5000000000000009 3.5000000000000004 1.5000000000000002 5.5000000000000009 2.5000000000000004 1.5000000000000002 0.16172624237140368 19.500000000000004 0.082138823409281386 4.5000000000000009 0.090204181430472499
decision_type=10 10 2 2 8 8 10 2 10 10 8 2 10
left_child=1 2 4 -4 -1 9 7 -3 11 -2 -8 -7 -11
right_child=5 6 3 -5 -6 8 10 -9 -10 12 -12 -13 -14
leaf_value=-0.0034669327728462738 -0.0072428423248218493 0 0 -0.0078342938084712856 0.0007584120271484163 -0.011128223706247288 0.0055157814045769023 0.011032054552439762 0 0 -1.900177833150454e-05 0 0.0055469312367566314
leaf_weight=838.93457283265889 29.730902954936028 54.352439798414707 856.08154703816399 432.52773957932368 7828.9009682093747 180.58029068727046 63.268922828137875 172.96059755980968 6.0650454396381965 48.865684900432825 106.70627943053842 6.9143821606412521 28.239272709935904
leaf_count=9566 374 325 12395 7698 132631 8002 459 981 213 681 740 346 231
internal_value=-4.03581e-05 0.00015108 -5.25639e-05 -0.00273581 0.000330395 -0.00702426 0.00556468 0.0080244 -0.00985899 -0.000336012 0.00128266 -0.0105914 0.000779152
internal_weight=10654.1 10353.7 9956.44 1288.61 8667.84 300.396 397.288 227.313 193.56 106.836 169.975 187.495 77.105
internal_count=174642 164795 162290 20093 142197 9847 2505 1306 8561 1286 1199 8348 912
is_linear=0
shrinkage=0.03


Tree=188
num_leaves=15
num_cat=0
split_feature=17 7 23 17 9 13 13 20 10 6 15 15 13 7
split_gain=16.2264 13.774 17.534 10.5483 10.5158 11.2037 7.80087 7.50017 6.39361 3.65418 4.78484 2.58924 7.07496 1.90726
threshold=39.50238095238096 457.00000000000006 1.0000000180025095e-35 37.520294117647069 15.500000000000002 0.044451211259981062 0.061859706625547968 1.5000000000000002 0.059411764705882358 52.500000000000007 69.500000000000014 27.500000000000004 0.052177299200866861 489.00000000000006
decision_type=10 10 2 10 2 8 10 2 8 2 10 10 10 10
left_child=1 4 6 -4 5 -1 -3 11 -6 10 -9 -2 -13 -11
right_child=7 2 3 -5 8 -7 -8 9 -10 13 -12 12 -14 -15
leaf_value=-0.0073533831692275805 -0.0011989584562751231 0.00070838710379014379 0.0016151314529044367 -0.00077180303872599555 0 0.0015874529588371347 0.0061382540573239192 -0.0035509798265226647 -0.0056830888628756826 -0.008085503226511935 0.013719980118428657 -0.0052908079171054617 0.011798328538251305 -0.0031383605381209729
leaf_weight=143.00895449426025 81.77719449531287 453.19566181767732 2890.7176046590321 3850.0829706755467 247.90056737838313 822.78911082586274 735.78247994929552 36.374413407407701 697.84699336159974 342.8799795024097 15.105647406075148 16.888853572309017 53.514998883940279 265.13427217397839
leaf_count=3987 1850 8723 38840 56492 4739 13905 9768 1151 16199 10169 605 802 1445 5967
internal_value=-3.99698e-05 0.000282858 0.000847319 0.00023001 -0.00197657 7.79871e-05 0.00420585 -0.0041156 -0.00422183 -0.00554051 0 0.00108491 0.00563061 -0.00621611
internal_weight=10653 9841.32 7929.78 6740.8 1911.55 965.798 1188.98 811.675 945.748 659.494 51.4801 152.181 70.4039 608.014
internal_count=174642 152653 113823 95332 38830 17892 18491 21989 20938 17892 1756 4097 2247 16136
is_linear=0
shrinkage=0.03


Tree=189
num_leaves=15
num_cat=0
split_feature=17 3 23 5 12 1 12 11 14 11 5 12 12 20
split_gain=15.7127 13.3568 14.9886 14.9559 10.5698 8.75658 5.60213 5.51426 4.53316 5.32609 1.45687 1.05113 4.34753 0.231299
threshold=40.252777777777787 4.5000000000000009 1.0000000180025095e-35 5.5000000000000009 0.053766021918345654 5.5000000000000009 0.065299010881909939 4.8768939393939403 5.5000000000000009 7.8675438596491238 4.5000000000000009 0.090204181430472499 0.064605776284798661 4.5000000000000009
decision_type=10 2 2 2 8 2 10 8 8 8 2 8 10 2
left_child=1 5 4 -4 -3 7 -7 -1 11 13 -11 12 -2 -10
right_child=8 2 3 -5 -6 6 -8 -9 9 10 -12 -13 -14 -15
leaf_value=0.0018925938394105289 0 0 0.00087060900666207459 -0.0066632871916496479 0.0070312017530024208 -0.004894793385111681 -0.0011930017154968765 -0.00092016424601635031 0 -0.011911549135059776 0 0.0016655292488300753 -0.012696272973220639 0.004010625348478394
leaf_weight=934.44213338010013 43.683433091267943 235.67514350777492 4649.9402463869192 242.10778254829347 586.07109293621033 673.39455201709643 1150.7777961399406 1882.1238148682751 12.019569789990785 165.02749216929078 6.1489353328943244 38.361635759472847 24.428830049932003 7.9417433030903331
leaf_count=8676 677 6267 67948 6894 7666 15667 13752 37925 353 7632 323 325 284 253
internal_value=-3.93659e-05 0.00014332 0.00112658 0.000460703 0.00488248 -0.00103491 -0.00265117 0 -0.00678842 -0.00958502 -0.0113794 -0.000217717 -0.00337139 0
internal_weight=10652.1 10354.5 5713.79 4892.05 821.746 4640.74 1824.17 2816.57 297.612 191.138 171.176 106.474 68.1123 19.9613
internal_count=174642 164795 88775 74842 13933 76020 29419 46601 9847 8561 7955 1286 961 606
is_linear=0
shrinkage=0.03


Tree=190
num_leaves=15
num_cat=0
split_feature=12 14 14 14 15 15 23 11 12 6 15 12 12 15
split_gain=15.9316 19.9616 15.1486 18.0058 26.2043 19.9872 12.4019 8.95102 8.75609 5.42952 5.24096 7.10642 4.11424 3.65412
threshold=0.039724321193385509 9.5000000000000018 1.5000000000000002 2.5000000000000004 17.500000000000004 113.50000000000001 3.5000000000000004 6.8588039867109645 0.027425127181508992 56.750000000000007 50.500000000000007 0.037652755070178609 0.035090708030724178 61.500000000000007
decision_type=8 8 8 8 8 10 2 8 10 2 10 10 10 8
left_child=1 10 6 5 -5 -4 9 8 -3 -2 11 -1 -12 -9
right_child=2 7 3 4 -6 -7 -8 13 -10 -11 12 -13 -14 -15
leaf_value=0.0018799239752691163 -0.0074729858984103441 0.015237256437922694 0.0043310700274362271 -0.0043648922836837705 0.00080481409579308196 -0.011029797738999755 0.00078473551687458594 -0.016702141918330436 -0.005320144440191135 0 -0.007711172271375924 -0.0060291613684887429 0 -0.0072025446718589287
leaf_weight=645.11697691306472 463.64550749398768 21.680309478193521 1535.0396961793303 1040.6119827125221 5649.4812889881432 70.492683369666338 361.47696670331061 95.383575697429478 54.568111286498606 145.19582714512944 138.08011017739773 112.51113694254309 72.724080176092684 287.29653029702604
leaf_count=11886 4900 786 9855 16240 96903 539 3845 7141 1922 1603 3387 1937 1620 12376
internal_value=-0.000186927 -0.00313951 0.000253168 0.000683584 0 0.00353135 -0.00325747 -0.00828204 0 -0.00588858 -0.000518402 0.000476873 -0.00471866 -0.0101421
internal_weight=10693.3 1427.36 9265.94 8295.63 6690.09 1605.53 970.318 458.929 76.2484 608.841 968.432 757.628 210.804 382.68
internal_count=174940 41055 133885 123537 113143 10394 10348 22225 2708 6503 18830 13823 5007 19517
is_linear=0
shrinkage=0.03


Tree=191
num_leaves=10
num_cat=0
split_feature=7 14 14 17 23 12 10 12 14
split_gain=16.1661 14.86 23.8981 15.6975 16.5122 14.631 12.2678 3.71828 2.35901
threshold=415.00000000000006 1.5000000000000002 2.5000000000000004 36.5014705882353 3.5000000000000004 0.040362151608639187 0.045983086680761107 0.072729907009825887 2.5000000000000004
decision_type=10 8 8 10 2 8 10 10 8
left_child=8 3 6 7 -5 -4 -3 -2 -1
right_child=1 2 5 4 -6 -7 -8 -9 -10
leaf_value=0 0 0.0054999912844257174 -0.0034801096274614573 -0.007691669707521288 0 0.00012675729929534357 0.00020122210720846301 0.012462947166339148 -0.014667324301346133
leaf_weight=13.136215036734937 25.108576081693172 1056.6788107231259 1177.409241579473 596.91312903352082 375.91814642399549 6594.3950953804888 722.08466730639338 54.764719862490892 73.987913516350091
leaf_count=133 292 6840 38065 6790 4190 109981 4981 423 3245
internal_value=-0.000183052 -6.00855e-05 0.000299002 -0.00344571 -0.00460649 -0.000402272 0.00343965 0.00836335 -0.0127047
internal_weight=10690.4 10603.3 9550.57 1052.7 972.831 7771.8 1778.76 79.8733 87.1241
internal_count=174940 171562 159867 11695 10980 148046 11821 715 3378
is_linear=0
shrinkage=0.03


Tree=192
num_leaves=15
num_cat=0
split_feature=12 1 5 12 4 11 13 12 4 10 13 0 0 4
split_gain=14.3385 13.0107 9.40347 7.52951 8.32306 7.49875 6.40176 6.04789 8.48334 5.84788 5.45392 4.61818 3.02958 2.97459
threshold=0.039724321193385509 5.5000000000000009 4.5000000000000009 0.066535928824699955 9.5000000000000018 7.4023809523809536 0.12368696899481409 0.037652755070178609 11.500000000000002 0.48333333333333339 0.12368696899481409 1175.0000000000002 1075.0000000000002 7.5000000000000009
decision_type=8 2 2 10 2 8 8 10 2 10 8 2 2 2
left_child=5 2 9 4 -3 7 -4 8 -1 -2 12 -5 -7 -9
right_child=1 3 6 11 -6 10 -8 13 -10 -11 -12 -13 -14 -15
leaf_value=0.0027583261245755198 0.0015224316014070573 -0.005415849914279223 -0.0023947351948596499 0.0064114557933018712 0 0 0.0054222960924255968 -0.01138267974533424 -0.005388594055080605 0.0090170436154473795 0.0035117325882080218 -0.0004956904323541165 -0.0063650314454026698 0
leaf_weight=444.5704990895465 4572.2062348304316 638.59442045958713 864.73224998638034 83.706339492462575 414.7661967179738 32.004143496975303 91.574814174324274 58.229413934051991 144.78196400869638 100.45875024050474 36.698307150043547 2500.9086889224127 645.95218472741544 57.553477237932384
leaf_count=8514 63101 13186 17111 943 8240 1087 1302 1094 2831 809 921 29193 25532 1076
internal_value=-0.000176773 0.000238932 0.00115554 -0.00113778 -0.00328008 -0.00298667 -0.00146584 -0.000539655 0.000476061 0.00172509 -0.00517214 -0.000202122 -0.00588411 -0.00675738
internal_weight=10686.7 9266.95 5628.97 3637.98 1053.36 1419.79 956.307 705.135 589.352 4672.66 714.655 2584.62 677.956 115.783
internal_count=174940 133885 82323 51562 21426 41055 18413 13515 11345 63910 27540 30136 26619 2170
is_linear=0
shrinkage=0.03


Tree=193
num_leaves=13
num_cat=0
split_feature=7 5 13 3 7 11 12 15 16 16 16 12
split_gain=15.427 14.0651 12.1257 12.1094 7.3992 5.75194 4.87614 2.1814 1.96966 0.619792 0.249848 0.0264642
threshold=415.00000000000006 5.5000000000000009 0.11773100558517004 5.5000000000000009 511.00000000000006 6.779132791327914 0.14789210159191243 141.50000000000003 1.0000000180025095e-35 -4.9999999999999991 -1.0000000180025095e-35 0.071185798907707029
decision_type=10 2 8 2 10 10 8 8 10 8 10 10
left_child=8 2 3 -2 6 -4 -3 -6 9 -1 -11 -10
right_child=1 4 5 -5 7 -7 -8 -9 11 10 -12 -13
leaf_value=0 -0.0010727183634464991 -0.007859112349605759 0.002744666033809674 0.0011331723087529826 0.0028521911165745283 0.015441545567781954 8.2618603169377767e-05 -0.0062175907782054075 -0.0012593498609250083 -0.017835439692968153 0 0
leaf_weight=14.022706770338116 5267.8960283496417 373.02684660814703 877.66708241403103 3864.3190256552771 118.78156234230846 35.565408482216299 40.54974577948451 20.130817756522447 10.017848641145976 47.576953717041761 8.4230820126831514 6.0306476969271889
leaf_count=550 86111 11604 9273 59590 2950 819 619 596 429 2015 264 120
internal_value=-0.000171118 -5.12221e-05 0.000191762 -0.000122765 -0.00470036 0.00348389 -0.00673041 0.000325167 -0.0124735 -0.0145773 -0.0164466 0
internal_weight=10684 10597.9 10045.4 9132.22 552.489 913.232 413.577 138.912 86.0712 70.0227 56 16.0485
internal_count=174940 171562 155793 145701 15769 10092 12223 3546 3378 2829 2279 549
is_linear=0
shrinkage=0.03


Tree=194
num_leaves=12
num_cat=0
split_feature=7 14 14 15 15 17 23 12 14 1 16
split_gain=14.8931 14.1984 22.4401 20.1252 18.2454 14.8346 15.6753 3.46305 2.42485 0.491416 0.673845
threshold=413.00000000000006 1.5000000000000002 2.5000000000000004 17.500000000000004 70.500000000000014 36.5014705882353 3.5000000000000004 0.072729907009825887 2.5000000000000004 8.5000000000000018 -6.9999999999999991
decision_type=10 8 8 8 10 10 2 10 8 2 8
left_child=8 5 4 -4 -3 7 -7 -2 -1 10 -10
right_child=1 2 3 -5 -6 6 -8 -9 9 -11 -12
leaf_value=0 0 0.0043980805829471493 -0.0038725541767944244 0.00026208058141467789 -0.0052982655178057166 -0.0075257952483569566 0 0.011984923353933773 0 0 -0.01735441751063424
leaf_weight=11.245038270950316 25.09513483941555 1605.1610123626888 1249.8989923577756 6525.7687123622745 178.22358751669526 593.67459928616881 376.24669474735856 55.239178862422705 5.7109332741238177 4.5482850568369022 51.099742572754622
leaf_count=117 292 10547 22125 126371 1286 6791 4193 423 275 211 2309
internal_value=-0.000165925 -5.59104e-05 0.000294099 -0.000385324 0.00333309 -0.00337001 -0.00450656 0.00805439 -0.0132696 -0.0154535 -0.0162338
internal_weight=10681.9 10609.3 9559.05 7775.67 1783.38 1050.26 969.921 80.3343 72.604 61.359 56.8107
internal_count=174940 172028 160329 148496 11833 11699 10984 715 2912 2795 2584
is_linear=0
shrinkage=0.03


Tree=195
num_leaves=12
num_cat=0
split_feature=7 1 11 14 0 7 17 9 16 9 17
split_gain=13.6561 13.6396 15.9828 12.3852 12.1373 7.72037 6.66175 5.27497 4.35097 1.16368 1.81717
threshold=415.00000000000006 6.5000000000000009 7.0678160919540236 4.5000000000000009 1350.0000000000002 499.00000000000006 36.30156250000001 12.500000000000002 1.0000000180025095e-35 13.500000000000002 39.083771929824572
decision_type=10 2 10 10 2 10 8 2 10 2 10
left_child=8 2 4 6 -2 -5 -3 -4 9 -1 -11
right_child=1 3 7 5 -6 -7 -8 -9 -10 10 -12
leaf_value=0 0.0032761658825379548 0.0096541732657086723 0.00068554246792698354 -0.0062136446779881543 0.00043802283772411663 0 -0.00055154486514507554 -0.0053957660224193968 0 -0.018758345427854949 0
leaf_weight=13.433710897341369 1913.0625962004997 53.757788997143507 119.24413094902411 653.19161001453176 5208.2687566480599 255.66920260572806 1875.689547361806 460.31165147619322 16.041836934164166 48.059170629363507 7.3018133817240587
leaf_count=457 29292 423 3447 18084 75205 5738 20584 18166 523 1910 438
internal_value=3.50676e-05 0.000148339 0.000816504 -0.00161002 0.00122327 -0.00449493 -0.000165436 -0.00389276 -0.0115919 -0.014719 -0.0167993
internal_weight=10624 10539.2 7700.89 2838.31 7121.33 908.861 1929.45 579.556 84.8365 68.7947 55.361
internal_count=174267 170939 126110 44829 104497 23822 21007 21613 3328 2805 2348
is_linear=0
shrinkage=0.03


Tree=196
num_leaves=15
num_cat=0
split_feature=20 7 14 17 9 11 7 17 11 9 10 15 11 15
split_gain=14.421 21.0082 17.46 10.7783 10.2042 9.32801 8.27378 8.656 7.72053 6.56854 6.4856 6.29543 4.30136 2.92649
threshold=3.5000000000000004 457.00000000000006 3.5000000000000004 38.401428571428575 11.500000000000002 3.8360215053763445 433.00000000000006 38.450714285714291 3.2529069767441867 15.500000000000002 0.032795698924731186 19.500000000000004 4.1558704453441306 83.500000000000014
decision_type=2 10 8 8 2 10 10 10 10 2 10 10 10 10
left_child=2 9 8 5 -5 -3 11 -8 13 10 -2 -4 -10 -1
right_child=1 3 6 4 -6 -7 7 -9 12 -11 -12 -13 -14 -15
leaf_value=0.0068546346155188512 -0.0057530524906864644 0.0024809300357429664 -0.010933791794484605 0.0028122676818260052 -0.0030094582539414677 -0.00043904828766848142 0.0018858338531775628 -0.0017947561616761891 -0.0025157924150725828 -0.0078076955968042509 0.00034891358636930826 0 0.0031892686053358538 0
leaf_weight=706.57645120471716 254.71720169298351 1686.4587488551624 97.75365737080574 298.130081564188 1549.7935177902691 2196.2057674205862 1652.4499660185538 844.68987320177257 153.41997832804918 425.73248019302264 291.14564311224967 85.281565482728183 333.2177669480443 47.985073171555996
leaf_count=4577 5556 15043 4323 4238 29679 38148 29438 21960 936 9084 4634 3470 2838 343
internal_value=3.30768e-05 -0.000797729 0.00149045 -7.78731e-05 -0.00198422 0.000792238 6.89516e-05 0.000579779 0.004427 -0.00486779 -0.00225253 -0.00593262 0.00107826 0.0063679
internal_weight=10623.6 6702.18 3921.37 5730.59 1847.92 3882.66 2680.18 2497.14 1241.2 971.595 545.863 183.035 486.638 754.562
internal_count=174267 106382 67885 87108 33917 53191 59191 51398 8694 19274 10190 7793 3774 4920
is_linear=0
shrinkage=0.03


Tree=197
num_leaves=15
num_cat=0
split_feature=20 7 12 14 23 17 17 0 17 20 23 16 10 16
split_gain=13.5478 19.8791 18.4299 14.7389 13.1224 13.6373 10.1282 11.1743 8.55614 8.11804 7.91936 5.22118 4.01854 3.65493
threshold=3.5000000000000004 457.00000000000006 0.049558496744766291 9.5000000000000018 1.0000000180025095e-35 39.602941176470594 38.401428571428575 1350.0000000000002 37.820526315789486 8.5000000000000018 3.5000000000000004 11.000000000000002 0.14907407407407411 -2.9999999999999996
decision_type=2 10 10 8 2 8 8 2 10 2 2 10 10 8
left_child=2 10 3 13 5 -4 9 -8 -6 -3 11 -2 -12 -1
right_child=1 6 4 -5 8 -7 7 -9 -10 -11 12 -13 -14 -15
leaf_value=0.0050021170577883552 -0.0083515991893288195 0.0022750690177595566 0.013449039766044245 -0.0064880974744379065 0.00358712647053886 0.0016013740725297563 0.0042807055740864356 -0.0028155997404328932 0 -0.00043056366272957686 -0.0035179320432539448 0.0033947296067707968 0.0019376991931332251 -0.00025539212796608625
leaf_weight=140.8839377136901 454.6396553250961 1772.8235213048756 195.87129199597985 399.24572707107291 1200.3445943854749 216.57397029735148 207.81312934402376 1636.9324627127498 1348.7296077781357 2111.7957716579549 357.51938689919189 15.254608113784341 140.34321237634867 423.2847169386223
leaf_count=2809 9237 22480 2224 17269 15470 3653 4825 29092 18679 30711 7637 380 2020 7781
internal_value=3.08173e-05 -0.000774745 0.00144275 -0.00206775 0.00263688 0.00768088 -7.47735e-05 -0.00192569 0.00174859 0.000766979 -0.00474286 -0.00762268 -0.00167777 0.000826377
internal_weight=10622.1 6697.12 3924.93 963.414 2961.52 412.445 5729.36 1844.75 2549.07 3884.62 967.757 469.894 497.863 564.169
internal_count=174267 106382 67885 27859 40026 5877 87108 33917 34149 53191 19274 9617 9657 10590
is_linear=0
shrinkage=0.03


Tree=198
num_leaves=15
num_cat=0
split_feature=15 14 14 15 3 11 11 12 0 14 0 15 16 5
split_gain=13.1388 12.57 23.2853 20.3233 17.9037 13.2108 9.747 7.88249 7.71697 5.20537 5.19244 4.81463 1.59114 1.33104
threshold=154.50000000000003 3.5000000000000004 1.5000000000000002 17.500000000000004 4.5000000000000009 2.0294117647058827 3.0217391304347831 0.10660820735447603 1350.0000000000002 4.5000000000000009 1175.0000000000002 272.50000000000006 5.0000000000000009 3.5000000000000004
decision_type=10 8 10 8 2 8 10 8 2 10 2 10 10 2
left_child=1 2 5 8 -5 -1 -4 10 -3 12 -2 -11 -9 -12
right_child=7 3 6 4 -6 -7 -8 9 -10 11 13 -13 -14 -15
leaf_value=0.0075830785704856362 0.0010863005777996344 0 0.00490285685522889 -0.0017861081468320353 0.0017343105355388207 -0.0037333448464178568 0.0013182217581529329 -0.0076574820784203433 -0.0063708448611248985 0.014661066378952668 -0.0024107640913902839 0 0 -0.010178865629072543
leaf_weight=92.033163148909807 27.60237643122673 244.46997091406956 1282.6851138398051 2350.4858266748488 2880.4275975357741 855.44507689960301 1802.8347399365157 30.804744195193052 663.88189037516713 34.216719715856016 88.647131000645459 12.689773124642668 33.622121468186378 220.9546372583136
leaf_count=696 676 4866 8033 51797 59769 9756 14681 261 14641 522 2071 224 264 6010
internal_value=3.07659e-05 0.000267397 0.0015775 -0.000569403 0.000123584 -0.0024426 0.00286245 -0.00494878 -0.00470316 0.00082392 -0.00727726 0.00888357 -0.00310061 -0.00850511
internal_weight=10620.8 10172.3 4033 6139.27 5230.91 947.478 3085.52 448.538 908.352 111.333 337.204 46.9065 64.4269 309.602
internal_count=174267 164239 33166 131073 111566 10452 22714 10028 19507 1271 8757 746 525 8081
is_linear=0
shrinkage=0.03


Tree=199
num_leaves=11
num_cat=0
split_feature=7 0 15 3 13 13 12 16 12 23
split_gain=12.7683 12.6354 15.1317 12.2364 11.2819 11.8002 8.13456 4.20155 2.76494 1.57838
threshold=415.00000000000006 1175.0000000000002 154.50000000000003 5.5000000000000009 0.032712828300329198 0.072292335569189695 0.10660820735447603 1.0000000180025095e-35 0.031257879475542115 7.5000000000000009
decision_type=10 2 10 2 8 10 8 10 8 2
left_child=7 4 3 -3 8 -6 -4 9 -2 -1
right_child=1 2 6 -5 5 -7 -8 -9 -10 -11
leaf_value=-0.015807924534704289 0 -0.00076303488044256228 -0.008197596318857173 0.0014111268650278059 0.010157615260680449 0.00059923572851268805 0.00011348179406219934 0 -0.011039607368272062 0
leaf_weight=61.03079855395481 10.414411367382852 5552.2860647244379 305.69626173470169 3980.8055024901405 276.93839801289141 260.31283818744123 108.48791515547782 16.006350229959935 40.545410899445415 6.5524195241741827
leaf_count=2606 370 90310 7980 61666 4980 3472 1231 523 930 199
internal_value=2.90253e-05 0.000138403 -0.00010048 0.000129384 0.00439783 0.00585117 -0.00568744 -0.0112933 -0.00739752 -0.0144139
internal_weight=10619.1 10535.5 9947.28 9533.09 588.211 537.251 414.184 83.5896 50.9598 67.5832
internal_count=174267 170939 161187 151976 9752 8452 9211 3328 1300 2805
is_linear=0
shrinkage=0.03


Tree=200
num_leaves=14
num_cat=0
split_feature=9 7 14 15 23 16 7 23 15 15 14 18 15
split_gain=16.372 13.5149 13.1249 14.5281 11.5969 3.49475 2.66793 7.05265 5.96351 3.66784 3.4527 2.96322 0.168731
threshold=10.500000000000002 415.00000000000006 10.500000000000002 41.500000000000007 1.0000000180025095e-35 1.0000000180025095e-35 493.00000000000006 3.5000000000000004 134.50000000000003 15.500000000000002 7.5000000000000009 1.0000000180025095e-35 34.500000000000007
decision_type=2 10 10 10 2 10 10 2 8 8 10 2 10
left_child=6 5 4 -4 -3 -2 7 9 -9 -1 11 -8 -12
right_child=1 2 3 -5 -6 -7 10 8 -10 -11 12 -13 -14
leaf_value=-0.0094844236291106374 -0.015508459752597466 0.0024916034352774038 -0.009312178686921524 -0.000356363041885834 -0.0004506384591000522 0 0.0040435171757704719 0.0093997014225054402 -0.00097379053286447595 0.00021395313339616699 -0.0026723371932176735 0.015291606489839373 0.00036156148615441993
leaf_weight=33.442447685170919 62.216425426770002 1421.035422812216 292.03389002149925 446.03312017582357 7796.380331939552 16.484257808886468 113.97088831476867 152.27441948046908 36.363538978621364 157.97516343090683 15.886899877339603 67.487832454964519 15.628093812614678
leaf_count=497 2733 21961 14003 18679 109463 530 972 1947 613 1944 386 596 346
internal_value=-0.000120741 -0.00042167 -0.000305131 -0.00414063 0 -0.0124727 0.00468117 0.00248878 0.00665186 -0.000915068 0.00775854 0.00932923 0
internal_weight=10627.2 10034.2 9955.48 738.067 9217.42 78.7007 593.029 380.056 188.638 191.418 212.974 181.459 31.515
internal_count=174670 167369 164106 32682 131424 3263 7301 5001 2560 2441 2300 1568 732
is_linear=0
shrinkage=0.03


Tree=201
num_leaves=15
num_cat=0
split_feature=14 7 20 14 13 7 13 16 23 14 16 4 6 16
split_gain=13.1389 11.7737 10.769 12.4821 11.0263 9.65774 8.08935 6.91979 5.0673 4.53956 4.49359 4.39193 0.727745 0.725649
threshold=10.500000000000002 415.00000000000006 2.5000000000000004 2.5000000000000004 0.12074887551842983 461.00000000000006 0.088472937919988878 1.0000000180025095e-35 6.5000000000000009 15.500000000000002 -1.0000000180025095e-35 11.500000000000002 54.250000000000007 -4.9999999999999991
decision_type=10 10 2 8 8 10 8 10 2 10 10 2 2 8
left_child=1 10 3 -3 -4 6 8 11 -2 -9 13 -7 -8 -1
right_child=5 2 4 -5 -6 7 12 9 -10 -11 -12 -13 -14 -15
leaf_value=0 -0.015834989721364247 0.0063574886596665051 -0.00069365834648455014 0.00085927338037318274 0.0033597895512375566 -0.0068711775812571986 0.0056335249470437342 0 0 0.013082943638964884 0 0 0 -0.017874417835805134
leaf_weight=11.673808690160511 116.50529636302963 476.06807170435786 6555.4069221629761 2090.2542925495654 653.3207741053775 238.01617256877944 15.637702785432337 261.92697693314403 27.65889588650316 21.647178805898875 20.476512923836708 78.385139067657292 17.057984333485365 41.428188197780401
leaf_count=320 7541 2930 91721 36001 6879 9805 663 10161 1500 926 511 3290 611 1811
internal_value=-0.000117338 0.000165163 0.000272996 0.00194794 -0.00030343 -0.00386886 -0.0101203 -0.00170972 -0.0131787 0.00128355 -0.0113576 -0.00483736 0 -0.0156225
internal_weight=10625.5 9848.63 9775.05 2566.32 7208.73 776.835 176.86 599.975 144.164 283.574 73.5785 316.401 32.6957 53.102
internal_count=174670 140173 137531 38931 98600 34497 10315 24182 9041 11087 2642 13095 1274 2131
is_linear=0
shrinkage=0.03


Tree=202
num_leaves=15
num_cat=0
split_feature=9 17 7 20 2 3 9 6 3 7 1 15 15 17
split_gain=15.4651 12.9069 14.8435 10.4645 9.3842 9.19023 5.36709 3.63349 3.48545 3.40043 3.3543 2.04615 5.26388 3.26284
threshold=10.500000000000002 38.401428571428575 451.00000000000006 8.5000000000000018 4.5000000000000009 3.5000000000000004 14.500000000000002 55.750000000000007 7.5000000000000009 495.00000000000006 2.5000000000000004 77.500000000000014 28.500000000000004 38.128869047619055
decision_type=2 10 10 2 2 2 2 2 2 10 2 10 10 10
left_child=7 2 6 -4 5 -3 -2 9 -6 10 -1 12 -9 -13
right_child=1 4 3 -5 8 -7 -8 11 -10 -11 -12 13 -14 -15
leaf_value=0.0097180062542232583 0 -0.0039950596527015643 0.0018217430063801655 -0.00073132016709469207 -0.0088586926575069704 -0.00017643910702184939 -0.0045351067711805063 0 0 0.013501164913479439 0.00046901803331736506 -0.011417046895615934 0.0098483819390036247 5.4827458894934851e-05
leaf_weight=64.749945352785289 297.08399260928854 872.05679791234434 3812.0182843217626 2219.5522819086909 231.08712077327073 1866.6575942207128 690.18447513272986 187.59170521702617 39.835164970252663 74.258868453092873 156.88774243416265 20.491901962086558 65.789731805212796 24.807654857635498
leaf_count=917 5530 18445 51798 33220 4711 37088 15830 2127 747 773 2139 216 729 400
internal_value=-0.000113575 -0.000406948 0.000279297 0.000857567 -0.00205492 -0.00145209 -0.00308891 0.00454658 -0.00746846 0.00705839 0.00398768 0.001489 0.00287013 -0.00277155
internal_weight=10623.1 10028.5 7018.84 6031.57 3009.64 2738.71 987.268 594.578 270.922 295.897 221.638 298.681 253.381 45.2996
internal_count=174670 167369 106378 85018 60991 55533 21360 7301 5458 3829 3056 3472 2856 616
is_linear=0
shrinkage=0.03


Tree=203
num_leaves=15
num_cat=0
split_feature=9 11 5 2 7 20 8 6 7 12 11 23 12 12
split_gain=14.709 14.2604 10.2413 27.4798 10.7612 9.72039 5.64466 3.40389 3.04413 2.83038 2.52017 2.34469 2.77229 2.60639
threshold=10.500000000000002 3.2529069767441867 4.5000000000000009 2.5000000000000004 421.00000000000006 2.5000000000000004 1.0000000180025095e-35 55.750000000000007 495.00000000000006 0.096821696601051374 3.6622807017543866 2.5000000000000004 0.043012663937402773 0.071698763601360641
decision_type=2 8 2 2 10 2 2 2 10 8 8 2 10 10
left_child=7 5 4 -4 -3 -2 -7 8 10 -10 -1 13 -13 -9
right_child=1 2 3 -5 -6 6 -8 11 9 -11 -12 12 -14 -15
leaf_value=-0.0012652357582373997 0.011081043634918072 -0.0088189512839393393 1.0608254575184718e-05 -0.0079387651060506929 -0.00013347702586652559 0 0.0045911041316629856 0.0035364251863702948 0.017091417832104123 0 0.0052806842857817966 -0.0017741538840291746 0.0060025841068707198 -0.0041600881566057008
leaf_weight=24.535514738410711 115.85598468594253 126.93942312337458 963.62871322548017 613.9652828220278 7241.6729445676319 606.00425142794847 357.03560082241893 48.532269163057208 50.033457345329225 24.894927632063627 197.62057948298752 19.162641762755811 137.37180048506707 93.895820273086429
leaf_count=176 717 4915 21041 14789 118537 4625 2745 781 609 164 2880 375 1492 824
internal_value=-0.000109319 -0.000396182 -0.000802615 -0.00300364 -0.000309324 0.00282373 0.0016233 0.00442912 0.0068606 0.0130101 0.00388546 0.00144632 0.00409653 -0.000489069
internal_weight=10621.1 10025.1 8946.21 1577.59 7368.61 1078.9 963.04 596.047 297.084 74.9284 222.156 298.963 156.534 142.428
internal_count=174670 167369 159282 35830 123452 8087 7370 7301 3829 773 3056 3472 1867 1605
is_linear=0
shrinkage=0.03


Tree=204
num_leaves=15
num_cat=0
split_feature=1 13 14 15 17 14 3 15 13 18 13 18 23 17
split_gain=12.8939 10.4989 9.684 10.981 10.0469 8.45664 8.51299 7.57661 5.45148 6.56977 5.22966 5.31176 5.03518 3.62044
threshold=6.5000000000000009 0.034191281531707071 1.5000000000000002 195.50000000000003 37.501666666666672 2.5000000000000004 7.5000000000000009 17.500000000000004 0.067351891631745139 1.5000000000000002 1.0000000180025095e-35 1.5000000000000002 2.5000000000000004 38.033974358974369
decision_type=2 8 8 10 10 10 2 10 10 2 10 2 2 8
left_child=1 10 4 -4 -3 8 7 -7 12 -10 13 -12 -2 -1
right_child=5 2 3 -5 -6 6 -8 -9 9 -11 11 -13 -14 -15
leaf_value=0.011371236269944837 0.00034744269311215632 0.0014390408467038231 0.001407471241192989 -0.0063264870345483316 -0.0054123940279608386 -0.0085326660422006869 0.0015706181191457273 -0.0027575872022776483 -0.0002120950529668366 0.0052063333710345846 -0.007680374202339032 0 -0.0056475719052979656 0
leaf_weight=24.394410151988268 173.72688309848309 296.36870858818293 6404.4672401244752 158.36778128426522 425.81082327663898 310.45168427471071 232.60973107581958 1074.4009362752549 551.12560294102877 275.10132768191397 259.5721572516486 157.58130036760122 236.78631187137216 37.988379848189652
leaf_count=424 2751 2814 103209 3871 5179 5421 4180 21316 5748 2899 7600 4695 3427 1136
internal_value=-0.000104965 0.00051392 0.000814753 0.00119333 -0.00240386 -0.00183899 -0.00326355 -0.00418619 0 0.00143204 -0.00370794 -0.00506407 -0.00277586 0.00283729
internal_weight=10618.8 7764.55 7285.01 6562.84 722.18 2854.2 1617.46 1384.85 1236.74 826.227 479.536 417.153 410.513 62.3828
internal_count=174670 128928 115073 107080 7993 45742 30917 26737 14825 8647 13855 12295 6178 1560
is_linear=0
shrinkage=0.03


Tree=205
num_leaves=14
num_cat=0
split_feature=7 5 3 0 0 11 2 11 7 5 16 13 7
split_gain=19.1183 15.3108 12.9301 13.4681 10.3864 9.98989 7.89119 3.30726 3.07116 2.57378 1.4384 1.2483 1.62234
threshold=439.00000000000006 5.5000000000000009 3.5000000000000004 1350.0000000000002 1175.0000000000002 4.7018518518518526 1.5000000000000002 6.546536796536798 425.00000000000006 6.5000000000000009 1.0000000180025095e-35 0.14298820445609439 421.00000000000006
decision_type=10 2 2 2 2 8 2 8 8 2 10 10 10
left_child=5 2 4 -4 -2 8 9 -8 -1 -3 -10 12 -7
right_child=1 6 3 -5 -6 11 7 -9 10 -11 -12 -13 -14
leaf_value=0.0080581006883940764 0.0065524718293416802 0.002377221509961577 0.0036891832979012262 0.00049799420832104323 -0.0014471679846053704 -0.011972990122853277 -0.0039852625974078505 -0.012258807444071007 -0.0039980784195748692 -0.0048448950160808286 0.0017536358728801917 0 -0.0054087231695014309
leaf_weight=38.819926124066114 143.56156185641885 139.11546997586265 1655.5391997755505 4746.6790220504627 2891.2503316826187 112.79191600857303 223.02693493105471 114.10929727181792 69.520267395302653 58.987574243918061 41.199935116805136 7.5899090114980927 371.20854691090062
leaf_count=408 2370 3258 25488 68505 44918 4980 5507 4831 693 1785 410 151 11228
internal_value=-3.021e-05 0.000279447 0.000574498 0.00134884 -0.00100925 -0.00504373 -0.00460223 -0.00736223 0.00088123 0 -0.000578291 -0.00713886 -0.007352
internal_weight=10613.4 9972.27 9437.03 6402.22 3034.81 641.131 535.239 337.136 149.54 198.103 110.72 491.59 484
internal_count=174532 156662 141281 93993 47288 17870 15381 10338 1511 5043 1103 16359 16208
is_linear=0
shrinkage=0.03


Tree=206
num_leaves=15
num_cat=0
split_feature=7 5 3 15 2 2 12 15 12 13 15 13 13 13
split_gain=18.0674 14.5368 12.154 10.3361 7.53698 7.11791 5.32461 3.84155 3.73809 2.98604 2.97578 2.95603 1.94501 6.33854
threshold=439.00000000000006 5.5000000000000009 3.5000000000000004 15.500000000000002 1.5000000000000002 3.5000000000000004 0.1246562740230117 96.500000000000014 0.074931672616177322 0.12228949505682062 127.50000000000001 0.064119213475018644 0.092598347259627567 0.072888161475770444
decision_type=10 2 2 8 2 2 8 8 10 10 8 10 8 10
left_child=6 2 5 -4 10 -2 7 11 -6 -9 -3 -1 13 -8
right_child=1 4 3 -5 8 -7 12 9 -10 -11 -12 -13 -14 -15
leaf_value=-0.0068807348023983287 -1.6106286505314513e-05 0.0018061092376568764 -0.0012471319501869288 0.0018691138101807349 -0.010362605675871047 -0.0033431256413815362 0 -0.011870591427933692 -0.0022086253645128323 0 -0.0076060016186289573 -0.00080459327879017328 -0.0030017090086668272 0.016310597518814939
leaf_weight=177.01051438227296 2204.2341222562827 166.50984211917967 1105.0616246070713 5303.5709373722784 183.67081056069583 828.1037386902608 33.780067563056946 139.17817557929084 151.39499740581959 6.9722118573263279 31.623784564901143 234.13313378486782 25.002362629398704 22.193930542096496
leaf_count=5523 34632 4098 14954 79039 7072 12656 467 6396 3266 192 945 4704 338 250
internal_value=-2.95672e-05 0.000270347 0.000557611 0.00130783 -0.00449524 -0.000978078 -0.00491515 -0.00600599 -0.00720607 -0.0107996 0 -0.00383226 0.000760243 0.00500904
internal_weight=10612.4 9974.17 9440.97 6408.63 533.199 3032.34 638.27 557.294 335.066 146.15 198.134 411.144 80.9764 55.974
internal_count=174532 156662 141281 93993 15381 47288 17870 16815 10338 6588 5043 10227 1055 717
is_linear=0
shrinkage=0.03


Tree=207
num_leaves=15
num_cat=0
split_feature=5 17 0 13 20 2 20 23 13 0 14 23 13 13
split_gain=12.5475 18.661 14.539 12.8855 15.6994 6.3865 5.4675 5.42891 5.23864 3.27528 2.63851 3.54046 2.01283 1.42568
threshold=5.5000000000000009 37.520294117647069 1650.0000000000002 0.11773100558517004 3.5000000000000004 1.5000000000000002 8.5000000000000018 1.0000000180025095e-35 0.069071139199177387 1850.0000000000002 5.5000000000000009 3.5000000000000004 0.083354911099602982 0.024609950041149405
decision_type=2 8 2 8 2 2 2 2 8 2 8 2 10 8
left_child=1 2 6 4 -3 10 -1 -7 -4 -5 11 -2 -12 -9
right_child=5 3 8 9 -6 7 -8 13 -10 -11 12 -13 -14 -15
leaf_value=0.0025932998505998209 0 0.00058508903441318488 0.011674521253577593 0.004135340871857832 -0.0022335183059818469 0 -0.00060470427752420204 0 0.0041795252457449191 -0.0015375159620936718 -0.0066284179873749719 0.0089664482941751167 0 -0.0091968026023481579
leaf_weight=993.93217608565465 56.856764115393162 3238.0407214160077 167.27926319884136 613.78105395659804 3769.2918732878752 63.371663311962038 810.64151594461873 8.5491582280956191 417.98576477821916 62.729532077908516 67.750832737889141 46.945102944970131 30.058157928287983 265.08097979519516
leaf_count=11151 821 60128 2145 7476 63871 1985 9617 403 3769 688 2771 706 874 8127
internal_value=-3.188e-05 0.000193351 0.00251644 -0.000510837 -0.00091018 -0.00448334 0.00107611 -0.00698255 0.0066566 0.0033818 0 0.00301621 -0.00367014 -0.00879664
internal_weight=10612.3 10073.7 2389.84 7683.84 7007.33 538.613 1804.57 337.002 585.265 676.511 201.611 103.802 97.809 273.63
internal_count=174532 158845 26682 132163 123999 15687 20768 10515 5914 8164 5172 1527 3645 8530
is_linear=0
shrinkage=0.03


Tree=208
num_leaves=15
num_cat=0
split_feature=7 15 15 4 10 2 16 16 7 13 13 13 15 13
split_gain=17.2826 13.6292 11.3962 12.981 9.1423 6.52156 6.07378 5.83513 2.07874 2.33466 2.03409 1.37952 1.25875 2.245
threshold=439.00000000000006 154.50000000000003 18.500000000000004 3.5000000000000004 0.13840996168582378 4.5000000000000009 -6.9999999999999991 1.0000000180025095e-35 413.00000000000006 0.06626669633449607 0.11547988233381494 0.091808842516923048 96.500000000000014 0.036966778627271886
decision_type=10 10 8 2 8 2 8 10 10 10 8 10 10 10
left_child=7 2 5 -4 10 -2 -6 8 11 -10 -3 -1 13 -9
right_child=1 4 3 -5 6 -7 -8 12 9 -11 -12 -13 -14 -15
leaf_value=-0.016036866005217514 -0.00086025666908036327 -0.013042535076441208 -0.0013630662347730257 0.0016400208580799171 -0.014170662023159399 -0.0067725466095203309 0 -0.0053618220007572203 -0.0080044662638612506 -0.002023705479197762 0 0 -0.0061282171743529028 0.0031650424991480739
leaf_weight=43.717549839988351 1525.1773656951264 110.67155716149136 1576.8267989773303 6235.9349241931923 26.245646775700152 201.69175665779039 290.74416553834453 21.874108670279384 180.09779573045671 227.44681715872139 7.3741484619677058 9.2590008480474335 21.951669178437442 131.62041183188558
leaf_count=2148 21730 3392 25070 97406 613 2976 5330 740 6304 5022 145 253 724 2679
internal_value=-2.98402e-05 0.000262639 0.000514735 0.00101425 -0.00486756 -0.00165496 -0.00158407 -0.00481745 -0.00657537 -0.00509524 -0.0120431 -0.0139533 0 0.000872681
internal_weight=10610.6 9974.67 9539.63 7812.76 435.036 1726.87 316.99 635.967 460.521 407.545 118.046 52.9766 175.446 153.495
internal_count=174532 156662 147182 122476 9480 24706 5943 17870 13727 11326 3537 2401 4143 3419
is_linear=0
shrinkage=0.03


Tree=209
num_leaves=15
num_cat=0
split_feature=15 11 17 14 5 16 12 3 23 13 20 13 12 14
split_gain=13.9658 12.6992 10.5972 12.8996 11.9095 7.80637 6.87361 3.68097 3.6768 3.72964 2.78408 1.72149 1.21373 0.254449
threshold=154.50000000000003 9.4058823529411786 37.520294117647069 1.5000000000000002 4.5000000000000009 11.000000000000002 0.091058353851375756 6.5000000000000009 8.5000000000000018 0.095003589759913035 6.5000000000000009 0.080496369118052302 0.092313113243345818 9.5000000000000018
decision_type=10 10 8 8 2 10 8 2 2 8 2 8 10 10
left_child=1 2 4 -4 -1 8 10 12 9 -2 -7 -8 -3 -9
right_child=5 7 3 -5 -6 6 11 13 -10 -11 -12 -13 -14 -15
leaf_value=0.0033699790650187187 -0.010596394727889948 -0.014241483091146688 -0.0046530384262848017 9.2406367614430402e-05 -0.00099007337490849201 0.00019840603590064022 0 0.0015003025963104997 0.00022416605111990283 -0.00071219820114314276 -0.0076302364670918542 0.01466145287035215 0 -0.0028981083638588236
leaf_weight=1761.0886015985161 225.57165394444019 69.967801883816719 547.79811398684978 6985.1839293427765 758.25587369082496 24.937111533246934 18.721626718528569 15.32106309942901 12.421266726218162 81.638240539934486 60.385878626722842 24.928080366924405 8.0815384630113822 16.819539270363748
leaf_count=17512 5810 4566 6713 119955 13638 665 242 556 241 1300 1601 251 244 1238
internal_value=-3.31721e-05 0.000182384 0.000310197 -0.00023564 0.00199894 -0.00519518 0 -0.00968276 -0.00770421 -0.00850368 -0.00379715 0.0100195 -0.0130357 0
internal_weight=10611.1 10162.5 10052.3 7532.98 2519.34 448.604 128.973 110.19 319.631 307.21 85.323 43.6497 78.0493 32.1406
internal_count=174532 164422 157818 126668 31150 10110 2759 6604 7351 7110 2266 493 4810 1794
is_linear=0
shrinkage=0.03


Tree=210
num_leaves=14
num_cat=0
split_feature=13 14 14 1 2 17 7 2 17 10 21 1 3
split_gain=13.011 15.1738 15.2988 11.8264 8.13087 7.50345 4.97785 3.35296 2.51405 2.15224 1.89926 0.978251 0.597722
threshold=0.12368696899481409 1.5000000000000002 2.5000000000000004 6.5000000000000009 2.5000000000000004 37.650714285714294 517.00000000000011 1.5000000000000002 39.475961538461547 0.13714733542319751 1.0000000180025095e-35 4.5000000000000009 4.5000000000000009
decision_type=10 8 8 2 2 10 10 2 10 8 2 2 2
left_child=1 5 4 -4 -3 7 -7 -1 9 11 -11 -2 -10
right_child=8 2 3 -5 -6 6 -8 -9 12 10 -12 -13 -14
leaf_value=-0.0059136181045443192 0.0029780992991204247 0.004181227976292709 -0.00015959988142494832 -0.0029274679931634469 0 -0.0081555307336421967 0 0 0 0.0071436407921283644 0.0021900869824950098 -0.0026573050967511102 -0.0048356185764267985
leaf_weight=96.089122092351317 49.789706777781248 903.86023403704166 5458.5044549559243 1922.3853559829295 771.65083223581314 421.56395037472248 67.840173868462443 346.9710805490613 15.764691736549137 254.13653222937137 266.74965856410563 50.866935118101537 21.435920350253582
leaf_count=951 549 6012 108477 37377 5159 5588 737 3482 259 2576 2768 554 348
internal_value=-0.000411595 -0.000694169 -0.000300064 -0.000902306 0.00225844 -0.00433982 -0.00695159 -0.00107471 0.00362018 0.00416739 0.00493706 0 -0.00137863
internal_weight=10647.6 9988.87 9056.4 7380.89 1675.51 932.464 489.404 443.06 658.743 621.543 520.886 100.657 37.2006
internal_count=174837 167783 157025 145854 11171 10758 6325 4433 7054 6447 5344 1103 607
is_linear=0
shrinkage=0.03


Tree=211
num_leaves=15
num_cat=0
split_feature=9 1 4 17 15 11 15 14 20 14 6 17 9 12
split_gain=14.3744 9.14206 10.4985 8.56576 8.09826 7.59627 6.18619 10.2876 6.79217 5.88295 4.06886 3.88165 3.56911 1.89202
threshold=14.500000000000002 5.5000000000000009 7.5000000000000009 39.351190476190489 84.500000000000014 7.1126984126984132 21.500000000000004 3.5000000000000004 9.5000000000000018 1.5000000000000002 53.500000000000007 36.470135135135145 11.500000000000002 0.085150788921644474
decision_type=2 2 2 10 10 10 8 8 2 10 2 8 2 8
left_child=3 5 11 6 -4 9 7 -1 -8 -2 -7 -3 -5 -14
right_child=1 2 4 12 -6 10 8 -9 -10 -11 -12 -13 13 -15
leaf_value=0.0025600018050709462 -0.0018000006014565566 0.0016391251340791143 0 0.00042552068214830771 -0.0063884145893732857 0.00095558497048181036 0.0034809560121154496 -0.0029645244574512198 -0.00044464363174636067 0.00082533117340483314 -0.0065342237186757123 -0.0050013523732528363 -0.0066580368675725607 0
leaf_weight=623.79116118326783 1052.0443219356239 47.085403337609023 1431.3278138688765 106.1711078863591 200.2962085143663 42.880309092346579 1663.1169976382516 579.62861751625314 434.29136523976922 2760.2979515274055 246.01140040438622 1189.283098989632 184.74756360240281 81.906024297699332
leaf_count=4537 18589 616 22789 2056 4218 1969 23684 10695 6134 42224 10014 20968 5315 1029
internal_value=-0.000399416 -0.0012099 -0.00251422 0.00109693 -0.000816122 -0.000259314 0.00161469 0 0.00259765 6.01482e-05 -0.00491477 -0.00462204 -0.00305078 -0.00496944
internal_weight=10642.9 6969.23 2867.99 3673.65 1631.62 4101.23 3300.83 1203.42 2097.41 3812.34 288.892 1236.37 372.825 266.654
internal_count=174837 121387 48591 53450 27007 72796 45050 15232 29818 60813 11983 21584 8400 6344
is_linear=0
shrinkage=0.03


Tree=212
num_leaves=15
num_cat=0
split_feature=9 1 4 13 13 16 13 4 17 0 7 1 9 7
split_gain=13.516 8.63111 9.89696 9.29205 8.49728 16.2398 8.22084 7.06784 6.6154 6.48203 5.99727 5.58635 4.89775 4.00366
threshold=14.500000000000002 5.5000000000000009 7.5000000000000009 0.04771857028463275 0.086969745054480074 -1.0000000180025095e-35 0.12368696899481409 10.500000000000002 39.301612903225816 1750.0000000000002 433.00000000000006 4.5000000000000009 9.5000000000000018 453.00000000000006
decision_type=2 2 2 8 8 10 10 2 10 2 10 2 2 10
left_child=4 3 6 13 7 -6 -3 12 -9 -5 -4 -7 -1 -2
right_child=1 2 10 9 5 11 -8 8 -10 -11 -12 -13 -14 -15
leaf_value=0.0037355613128252788 -0.0084101097791534438 -0.0051932194167018837 -0.0098337121171301767 0.0012322805629261088 0.006590940746595283 0.0023103514439328961 0.0037294014157064066 0.0049463849500634392 -0.0050150447447854553 -0.0015285381904829142 -0.00032407759411396916 -0.0033907378115808858 -0.0012348794218237551 -0.0018917199749052002
leaf_weight=181.67314131744206 137.80565949110314 1154.1803460964002 59.747173124458641 2378.4994263998233 602.67208584584296 318.53477698098868 77.585938830859959 398.5759997703135 51.867118700407445 1093.788403397426 1570.8333236449398 282.9916397286579 1840.0394564126618 489.86226942343637
leaf_count=2425 4971 20712 1885 38860 6907 3351 872 6196 1326 17145 25122 2943 30302 11820
internal_value=-0.000388283 -0.00117532 -0.00244452 -0.000250807 0.00106105 0.00312282 -0.00449712 0 0.00342754 0.000318524 -0.000793234 -0.000130291 -0.000706105 -0.00361509
internal_weight=10638.7 6962.3 2862.35 4099.96 3676.35 1204.2 1231.77 2472.16 450.443 3472.29 1630.58 601.526 2021.71 627.668
internal_count=174837 121387 48591 72796 53450 13201 21584 40249 7522 56005 27007 6294 32727 16791
is_linear=0
shrinkage=0.03


Tree=213
num_leaves=15
num_cat=0
split_feature=13 14 7 20 14 7 4 12 1 20 1 19 13 1
split_gain=12.2165 14.7944 13.9365 9.74179 11.0668 11.2999 8.98476 8.68504 7.6048 7.09739 6.12364 5.47349 5.13418 5.10354
threshold=0.063497368644427482 8.5000000000000018 455.00000000000006 3.5000000000000004 2.5000000000000004 449.00000000000006 3.5000000000000004 0.11321067929539703 4.5000000000000009 8.5000000000000018 4.5000000000000009 1.0000000180025095e-35 0.066040882600979275 7.5000000000000009
decision_type=8 8 10 2 10 10 2 10 2 2 2 2 8 2
left_child=1 7 -3 4 5 -2 12 9 -8 -1 -6 -4 -5 -9
right_child=3 2 11 6 10 -7 8 13 -10 -11 -12 -13 -14 -15
leaf_value=-0.000334448371916976 -0.0024958330217271086 -0.012142910475112133 -0.0050803586728525845 0.0045814141111676851 0.0018076620468292055 0.0048351543831055633 0.0015048372973731452 0.005515265807159722 -0.001137082865547691 -0.0049245850336800782 -0.0023257608903938039 0 -0.0036058730660366374 -0.0021011265709562324
leaf_weight=1441.3725146935321 194.25358302425593 208.95774292387068 403.80350122973323 54.301714553497732 631.59974592039362 1145.1477366760373 1905.2747373394668 286.83410246483982 1985.1322721471079 411.90997686516494 634.35581628186628 291.8784296810627 968.21851810393855 72.160274270921946
leaf_count=22289 4099 11798 14761 907 10288 12571 26888 2311 27389 6898 10455 9968 13622 593
internal_value=-0.000377915 -0.00196123 -0.00520356 0.000259421 0.00175363 0.00365504 -0.000503446 -0.000558986 0.000118526 -0.00144588 -0.000146529 -0.00283338 -0.00300492 0.00356439
internal_weight=10635.2 3116.92 904.64 7518.28 2605.36 1339.4 4912.93 2212.28 3890.41 1853.28 1265.96 695.682 1022.52 358.994
internal_count=174837 68618 36527 106219 37413 16670 68806 32091 54277 29187 20743 24729 14529 2904
is_linear=0
shrinkage=0.03


Tree=214
num_leaves=14
num_cat=0
split_feature=13 14 14 1 16 17 7 0 17 8 8 0 7
split_gain=11.7559 14.2134 13.8437 10.1717 7.82208 7.16918 4.76954 3.00942 2.3441 1.47801 3.16952 0.444383 0.0622334
threshold=0.12368696899481409 1.5000000000000002 2.5000000000000004 6.5000000000000009 -2.9999999999999996 37.650714285714294 517.00000000000011 1650.0000000000002 39.475961538461547 2.5000000000000004 1.0000000180025095e-35 1750.0000000000002 485.00000000000006
decision_type=10 8 8 2 8 10 10 2 10 2 2 2 10
left_child=1 5 4 -4 -3 7 -7 -1 9 10 -2 -10 -11
right_child=8 2 3 -5 -6 6 -8 -9 11 12 -12 -13 -14
leaf_value=-0.00279193607043891 0.0021289309207992483 0.0061296218381030913 -0.00014220327706729332 -0.0027176734080870215 0.00095252886190508627 -0.0079253806347774312 0 0.002218828678124425 0 0 0.0077080011142637668 -0.0043704896986178953 -0.001500647781417824
leaf_weight=312.28046681731939 378.5558312702924 362.20358571410179 5454.5942075150087 1910.1528901690617 1315.4417305365205 418.12366208992898 67.722392272204161 129.63114083744586 17.409065139479935 21.015476930886507 204.37357889860868 19.704381843097508 19.871886955574155
leaf_count=3240 3934 2436 108477 37377 8735 5588 737 1193 313 232 2093 294 188
internal_value=-0.000368085 -0.000638282 -0.00025671 -0.000831933 0.0021743 -0.00417516 -0.00673797 -0.000978053 0.00345679 0.00398689 0.00438899 -0.00130698 0
internal_weight=10631.1 9970.15 9042.39 7364.75 1677.65 927.758 485.846 441.912 660.93 623.817 582.929 37.1134 40.8874
internal_count=174837 167783 157025 145854 11171 10758 6325 4433 7054 6447 6027 607 420
is_linear=0
shrinkage=0.03


Tree=215
num_leaves=12
num_cat=0
split_feature=5 2 5 7 14 5 6 16 7 7 11
split_gain=19.9616 11.8804 15.0049 14.1236 11.011 19.0326 14.0017 8.20612 2.11063 1.38565 0.0235711
threshold=6.5000000000000009 4.5000000000000009 3.5000000000000004 495.00000000000006 1.5000000000000002 2.5000000000000004 52.500000000000007 -4.9999999999999991 467.00000000000006 537.00000000000011 6.546536796536798
decision_type=2 2 2 10 10 2 2 8 8 10 8
left_child=1 4 3 -3 5 -1 -6 -4 10 -10 -2
right_child=8 2 7 -5 6 -7 -8 -9 9 -11 -12
leaf_value=0.0059394327139485276 0 -0.0026756997772074275 0.0024020834252756968 0.0054317500665729502 0.0063526673437733468 -0.0023482247946551957 0.00077081189994784112 -0.0086060542836238884 -0.012563799835246697 0 -0.0012617971150275938
leaf_weight=273.63029659632593 11.696967625990512 644.41838118759915 46.248932414222509 268.62388822017238 439.4994934280403 1951.9705802141689 6405.9503602711484 383.38825312489644 127.37352379271761 7.4125117575749746 8.324271791148929
leaf_count=5138 336 10245 857 3059 9081 30989 102725 6504 4463 242 430
internal_value=-2.83948e-06 0.000144366 -0.00246407 -0.000110444 0.000548134 -0.00125101 0.00115546 -0.00706195 -0.0105386 -0.0118557 0
internal_weight=10568.5 10413.7 1342.68 913.042 9071.05 2225.6 6845.45 429.637 154.807 134.786 20.0212
internal_count=174069 168598 20665 13304 147933 36127 111806 7361 5471 4705 766
is_linear=0
shrinkage=0.03


Tree=216
num_leaves=12
num_cat=0
split_feature=5 15 14 9 12 11 3 11 15 1 1
split_gain=19.0112 14.8606 13.3691 12.234 12.2757 8.05777 7.11495 7.07954 2.53515 1.44078 1.23817
threshold=6.5000000000000009 17.500000000000004 5.5000000000000009 14.500000000000002 0.039414772369317834 4.1558704453441306 5.5000000000000009 3.1270161290322585 14.500000000000002 1.5000000000000002 8.5000000000000018
decision_type=2 8 8 2 8 8 2 8 8 2 2
left_child=1 2 7 6 -5 -4 -3 -1 -2 -10 -11
right_child=8 3 5 4 -6 -7 -8 -9 9 10 -12
leaf_value=0.0056644799823094864 0 0.00071704930925555138 0.0030440928384714797 -0.003595405757996471 0.00042862949953558497 -0.0086729005657214635 0.0039060797141023825 -0.0015692804276439911 0 -0.013530354580147192 0
leaf_weight=123.8531764484942 14.448367408476768 1453.5329583259299 38.384925235062838 781.19454547623172 5053.4040663060732 363.27402613731101 1338.3847165401094 1262.4899453204125 15.55375113384798 112.97240811027586 10.372265696991233
leaf_count=790 523 21208 486 24871 77795 12217 18653 12578 556 4025 367
internal_value=-2.12667e-06 0.000140467 -0.00232632 0.000670184 -8.70791e-05 -0.00716063 0.00230368 -0.000797187 -0.0103323 -0.0115469 -0.012633
internal_weight=10567.9 10414.5 1788 8626.52 5834.6 401.659 2791.92 1386.34 153.347 138.898 123.345
internal_count=174069 168598 26071 142527 102666 12703 39861 13368 5471 4948 4392
is_linear=0
shrinkage=0.03


Tree=217
num_leaves=12
num_cat=0
split_feature=5 23 7 4 23 23 12 5 7 7 11
split_gain=18.124 10.8861 12.5959 12.2592 8.9225 13.8672 12.6529 2.97552 2.05509 1.3497 0.0170878
threshold=6.5000000000000009 1.0000000180025095e-35 435.00000000000006 9.5000000000000018 5.5000000000000009 8.5000000000000018 0.066104923996537931 2.5000000000000004 467.00000000000006 535.00000000000011 6.546536796536798
decision_type=2 2 10 2 2 2 8 2 8 10 8
left_child=1 2 7 -4 6 -6 -3 -1 10 -10 -2
right_child=8 4 3 -5 5 -7 -8 -9 9 -11 -12
leaf_value=0 0 -0.0026898507969716277 0.00058891699673113826 0.0063074850756876522 0.0026253682232254385 -0.0032122911345433907 6.3522000054886521e-05 -0.013502664579725019 -0.012213205736097833 0 -0.0010775928038097868
leaf_weight=12.768345199991016 11.59426971152425 2178.4682614165358 876.31741628516465 622.43366198800504 1747.6844136468135 438.72217531735078 4492.7360759736039 45.431671015918255 123.59486287599429 8.525466754101215 8.2440060093067569
leaf_count=556 336 52424 15027 10287 29374 6066 53073 1791 4423 282 430
internal_value=-1.62233e-06 0.000136605 0.00245512 0.00307667 -0.000255164 0.00138088 -0.00081446 -0.0101545 -0.0101333 -0.0114468 0
internal_weight=10566.5 10414.6 1556.95 1498.75 8857.61 2186.41 6671.2 58.2 151.959 132.12 19.8383
internal_count=174069 168598 27661 25314 140937 35440 105497 2347 5471 4705 766
is_linear=0
shrinkage=0.03


Tree=218
num_leaves=15
num_cat=0
split_feature=15 14 2 11 10 15 11 14 11 10 14 17 17 10
split_gain=12.0656 12.8454 11.0468 10.8866 15.7104 10.1106 8.22152 7.80309 6.92582 3.95326 3.9186 2.98424 2.13287 1.93802
threshold=17.500000000000004 5.5000000000000009 4.5000000000000009 7.6030303030303044 1.0000000180025095e-35 140.50000000000003 4.1558704453441306 1.5000000000000002 3.1270161290322585 0.14119601328903655 4.5000000000000009 37.350609756097569 38.320344827586219 0.14907407407407411
decision_type=8 8 2 10 8 10 8 8 8 10 10 10 10 10
left_child=1 2 8 4 5 -2 13 -6 -1 10 -5 -8 -11 -3
right_child=3 6 -4 9 7 -7 11 -9 -10 12 -12 -13 -14 -15
leaf_value=0.0071822311798375657 0.0043004082622879313 0.0099785291569032351 -0.0083900871655007425 0 -0.0024421784454226277 -0.0069737527062214213 0 0.00050447285591491333 -0.00051876492804398726 -0.0021390932194913187 -0.0073608928305647654 -0.00959461490563919 0.0068548925981382815 0
leaf_weight=109.98164057731628 1286.7930118818767 17.645419413223863 147.22002922557294 56.33992120437324 922.27904295548797 61.669946745969355 54.161776228807867 6109.3281354540959 1137.5694961640984 28.228032842744142 265.06318664830178 315.28134109219536 33.137822280172259 21.118363302201033
leaf_count=702 15806 241 1415 886 10316 1262 1528 102641 11450 1034 14024 11169 1344 251
internal_value=-1.47935e-06 -0.00224686 -0.000745864 0.000444423 0.000686963 0.00365012 -0.00694138 9.52066e-05 6.63444e-05 -0.00441913 -0.00583314 -0.0084598 0.000608036 0.00341576
internal_weight=10565.8 1802.98 1394.77 8762.84 8380.07 1348.46 408.207 7031.61 1247.55 382.769 321.403 369.443 61.3659 38.7638
internal_count=174069 26756 13567 147313 130025 17068 13189 112957 12152 17288 14910 12697 2378 492
is_linear=0
shrinkage=0.03


Tree=219
num_leaves=15
num_cat=0
split_feature=13 23 7 3 23 13 11 14 7 2 7 14 12 3
split_gain=10.6403 9.3625 13.2266 10.444 10.0437 10.2383 8.65934 10.2719 6.48707 4.92281 4.34319 4.30912 4.15308 3.47182
threshold=0.044866161970362688 1.0000000180025095e-35 473.00000000000006 1.5000000000000002 1.5000000000000002 0.13742266922325533 6.802777777777778 5.5000000000000009 517.00000000000011 2.5000000000000004 435.00000000000006 1.5000000000000002 0.028395535468955787 4.5000000000000009
decision_type=8 2 10 2 2 10 8 8 10 2 10 8 8 2
left_child=6 2 10 -4 8 -6 11 9 -3 -8 -2 -1 -9 -13
right_child=1 4 3 -5 5 -7 7 12 -10 -11 -12 13 -14 -15
leaf_value=-0.0087839643337146722 -0.0099705461216851778 -0.0032356842429928623 -0.0035950903204449713 0.0061100883299504182 0.00017340840291783156 0.0065007729473566993 0.003636542396763347 -0.015563052460070562 0.0024912699625207336 -0.0049956927823399042 0 -0.0014632411456109013 -0.0055487517115555395 0.0031352671084405506
leaf_weight=40.717437956482172 40.976540332660079 1194.8248537979089 90.873506503179669 767.28085055109113 6416.5227154730819 237.07965407986194 138.24354817345738 71.15496337832883 175.12630557641387 96.623560110107064 412.39254756225273 238.94296574033797 348.80346595076844 295.41784976050258
leaf_count=639 1381 17537 1378 11098 98475 2416 1873 4816 2163 1386 7329 3787 15315 4476
internal_value=-2.34194e-06 0.000329443 0.0026762 0.00489371 -3.69008e-05 0.000426103 -0.00263322 -0.0049788 -0.00238809 0 -0.00120154 0 -0.00776163 0.000806404
internal_weight=10565 9335.08 1311.52 858.154 8023.55 6653.6 1229.9 654.826 1369.95 234.867 453.369 575.078 419.958 534.361
internal_count=174069 141777 21186 12476 120591 100891 32292 23390 19700 3259 8710 8902 20131 8263
is_linear=0
shrinkage=0.03


Tree=220
num_leaves=15
num_cat=0
split_feature=15 15 12 20 17 17 23 17 13 23 20 8 6 23
split_gain=12.7198 12.9551 14.5311 12.5109 11.7125 8.51619 7.20847 6.69428 7.0759 6.49923 6.30857 3.68944 3.20464 1.93144
threshold=105.50000000000001 18.500000000000004 0.039414772369317834 2.5000000000000004 39.28688172043011 39.186190476190482 1.0000000180025095e-35 37.367028985507254 0.092224920610417691 6.5000000000000009 7.5000000000000009 1.5000000000000002 57.250000000000007 4.5000000000000009
decision_type=10 8 8 2 8 8 2 10 10 2 2 2 2 2
left_child=1 5 4 -4 -3 6 -1 10 9 -9 -2 -7 -12 -10
right_child=7 2 3 -5 -6 11 -8 8 13 -11 12 -13 -14 -15
leaf_value=0.0051524400441318339 0.0082491991749992968 0 0.0035031667766558636 0.00058188189010033536 -0.0068896704378399879 -0.0083936475436039749 -0.0016282125991177669 -0.008296496913779013 0.0024866663349987395 0 -0.0040731944907525727 0 0.0058823701266467509 -0.0036004548409691393
leaf_weight=144.56412988621742 68.631787739228457 623.32571095740423 1882.9297768524848 4983.6939797131345 342.21132093807682 225.90848537208512 1396.884015857242 407.26465736702085 115.16432305518538 85.548138104379177 157.42360762832686 57.421044550836086 20.853619439993054 71.775487052276731
leaf_count=2123 934 15574 28327 70480 13599 5038 18744 10511 1774 2130 2646 1269 302 1120
internal_value=2.76616e-05 0.000364464 0.000907922 0.00140674 -0.00247392 -0.00188225 -0.000880692 -0.00330434 -0.00485786 -0.00672705 0.000388636 -0.00670121 -0.00196152 0
internal_weight=10583.6 9656.94 7832.16 6866.62 965.537 1824.78 1541.45 926.662 679.753 492.813 246.909 283.33 178.277 186.94
internal_count=174571 155154 127980 98807 29173 27174 20867 19417 15535 12641 3882 6307 2948 2894
is_linear=0
shrinkage=0.03


Tree=221
num_leaves=15
num_cat=0
split_feature=7 17 23 17 3 0 13 9 14 17 13 17 13 0
split_gain=16.5534 13.3229 11.5232 16.0649 7.04072 15.6781 6.99785 6.75122 6.1015 5.00586 3.72619 3.56031 2.50619 0.740923
threshold=491.00000000000006 40.402941176470598 5.5000000000000009 37.998648648648661 5.5000000000000009 1750.0000000000002 0.033347590533219278 10.500000000000002 1.5000000000000002 38.020344827586214 0.07565939404116491 39.398148148148159 0.10811791472168832 1175.0000000000002
decision_type=10 10 2 10 2 2 8 2 8 8 8 8 10 2
left_child=1 2 3 -1 7 8 -4 10 -6 -7 -2 -9 13 -3
right_child=4 12 6 -5 5 9 -8 11 -10 -11 -12 -13 -14 -15
leaf_value=1.0342212499995292e-05 0.01338701341889284 0 -0.0046607866296187236 -0.0033768977098102559 0 -0.0040396641717106085 0.002312754874602484 0.00067574458959954945 0.0066301633700219199 0.0014047502586290615 0.00052107225710149474 -0.0022959959058683789 0 -0.011244718743153241
leaf_weight=3042.7941883974709 49.753376113250852 6.8800031896680585 125.67347217490897 2045.9445193544962 109.39813211746514 209.84293816192076 1391.8556891717017 1613.502264150884 803.2597491722554 501.42286771303043 77.545356141403317 462.64151424448937 11.156628200784324 131.42571296403185
leaf_count=49609 661 283 3409 39577 1075 2277 22002 22357 11663 7120 717 8262 266 5293
internal_value=2.63848e-05 -0.00085204 -0.000623597 -0.00132404 0.00161513 0.00312709 0.00162331 0.00042835 0.0057214 -9.06879e-06 0.00699928 0 -0.00963115 -0.0107573
internal_weight=10583.1 6755.73 6606.27 5088.74 3827.37 1623.92 1517.53 2203.44 912.658 711.266 127.299 2076.14 149.462 138.306
internal_count=174571 120439 114597 89186 54132 22135 25411 31997 12738 9397 1378 30619 5842 5576
is_linear=0
shrinkage=0.03


Tree=222
num_leaves=15
num_cat=0
split_feature=7 17 20 16 4 13 5 13 2 16 11 14 13 8
split_gain=15.5965 12.6653 11.2578 15.3267 9.6684 7.30834 6.67841 7.19263 5.51791 4.0522 4.97426 3.22248 2.42923 1.06897
threshold=491.00000000000006 40.402941176470598 3.5000000000000004 7.0000000000000009 11.500000000000002 0.099081631696826031 2.5000000000000004 0.077289509035953219 2.5000000000000004 5.0000000000000009 6.2025641025641036 1.5000000000000002 0.10811791472168832 2.5000000000000004
decision_type=10 10 2 8 2 8 2 10 2 8 10 8 10 2
left_child=1 2 5 -4 6 -1 7 -2 -8 11 -11 -6 13 -3
right_child=4 12 3 -5 9 -7 8 -9 -10 10 -12 -13 -14 -15
leaf_value=7.6354538128509778e-05 0 -0.011305214184353315 -0.00073234275998631073 -0.0057806369423343334 0 0.0043483525681905725 0.0013759665930994343 0.010945432502330592 -0.0013640854652714907 0.0026100355388542435 -0.0085015752257007696 0.0065607636722096333 0 0
leaf_weight=2334.973488274496 116.16498395055532 126.09520226577297 3150.7925054999068 677.61754976725206 79.532524283975363 439.44024731079116 1545.0425686286762 108.68435293994844 1125.7091420940123 289.96902236808091 32.881706165615469 533.74642016366124 11.156628200784324 10.894026795867829
leaf_count=44222 1660 5133 51879 13057 811 5439 21835 1007 16384 3799 998 7638 266 443
internal_value=2.57209e-05 -0.000827323 -0.000604713 -0.00167138 0.00156688 0.000813571 0.000645401 0.00557595 0.000164598 0.00423921 0.000908418 0.00572851 -0.00942589 -0.0105464
internal_weight=10582.7 6750.97 6602.82 3828.41 3831.73 2774.41 2895.6 224.849 2670.75 936.13 322.851 613.279 148.146 136.989
internal_count=174571 120439 114597 64936 54132 49661 40886 2667 38219 13246 4797 8449 5842 5576
is_linear=0
shrinkage=0.03


Tree=223
num_leaves=15
num_cat=0
split_feature=7 17 23 17 13 0 12 17 7 14 10 7 13 8
split_gain=14.694 12.0417 10.8328 15.2854 6.61803 5.42764 8.54388 5.55722 7.26916 6.08739 5.23042 2.61286 2.35478 1.02073
threshold=491.00000000000006 40.402941176470598 5.5000000000000009 37.998648648648661 0.033347590533219278 1500.0000000000002 0.20005144032921815 37.93390804597702 511.00000000000006 1.5000000000000002 0.040408163265306128 513.00000000000011 0.10811791472168832 2.5000000000000004
decision_type=10 10 2 10 8 2 10 10 10 10 8 10 10 2
left_child=1 2 3 -1 -4 7 10 8 -2 -9 -7 -8 13 -3
right_child=5 12 4 -5 -6 6 11 9 -10 -11 -12 -13 -14 -15
leaf_value=3.2866336671577986e-05 -0.00020162548811863054 -0.011088200934183983 -0.004524100871222409 -0.0032742186910671902 0.0022603972168068628 0.0033262463456830032 0.013863812253385231 -0.0022983826785620731 0.0047754523554851911 0.0072017212330637171 -0.0004762155686766361 0 0 0
leaf_weight=3040.9257284239866 639.23659201804549 124.82352400338277 125.09684169339016 2039.7673561279662 1393.5673385807313 383.95528675476089 50.847549200057983 42.673949517309666 390.31063683470711 395.47181514976546 1889.4494790546596 43.904621969908476 11.156628200784324 10.894026795867829
leaf_count=49609 8565 5133 3409 39577 22002 6069 303 543 5153 7262 25976 261 266 443
internal_value=2.50575e-05 -0.000803283 -0.000586304 -0.00126726 0.00159008 0.00152009 0.000550333 0.00297578 0.0015542 0.00592246 0.000106037 0.00916703 -0.00922465 -0.0103393
internal_weight=10582.1 6746.23 6599.36 5080.69 1518.66 3835.85 2368.16 1467.69 1029.55 438.146 2273.4 94.7522 146.874 135.718
internal_count=174571 120439 114597 89186 25411 54132 32609 21523 13718 7805 32045 564 5842 5576
is_linear=0
shrinkage=0.03


Tree=224
num_leaves=15
num_cat=0
split_feature=7 15 12 15 17 19 0 9 17 7 6 17 20 23
split_gain=13.8472 13.0986 12.7111 10.5765 6.33724 6.20061 14.1668 6.43271 4.72407 3.90972 3.47521 3.33704 4.53969 2.72561
threshold=491.00000000000006 127.50000000000001 0.039724321193385509 17.500000000000004 38.033974358974369 1.0000000180025095e-35 1750.0000000000002 10.500000000000002 38.020344827586214 519.00000000000011 57.750000000000007 36.701136363636373 6.5000000000000009 5.5000000000000009
decision_type=10 10 8 8 8 2 2 2 8 10 2 10 2 2
left_child=1 2 4 -4 -1 7 9 13 -8 -7 -9 -3 -13 -2
right_child=5 11 3 -5 -6 6 8 10 -10 -11 -12 12 -14 -15
leaf_value=0 0.008717623905104133 0 -0.0026853541864636926 0.00072675829973935983 -0.0055074371498621839 0.0038380529563447354 -0.0040007030912454335 0.00025445302084079965 0.0012720180252563135 0.0094304510133284142 -0.0049344094311058236 -0.00069385937467898533 -0.01015011467535786 0
leaf_weight=333.24181368248537 107.17630372103304 27.481453399639577 991.45249338820577 4476.9818317871541 601.52193875284865 706.52897514682263 209.61928366916254 1960.9208669769578 503.0117105296813 213.63972850050777 118.22785901930183 106.0038602380082 205.0608134274371 20.76087280549109
leaf_count=7281 1117 472 13708 69655 21346 9878 2277 28749 7120 2860 1870 2793 5184 261
internal_value=2.44255e-05 -0.000779986 -0.000448226 7.88334e-05 -0.00367519 0.00147493 0.00288822 0.000357409 -8.69918e-05 0.00534255 0 -0.00652035 -0.00746418 0.00675839
internal_weight=10581.6 6741.74 6403.2 5468.43 934.764 3839.89 1632.8 2207.09 712.631 920.169 2079.15 338.546 311.065 127.937
internal_count=174571 120439 111990 83363 28627 54132 22135 31997 9397 12738 30619 8449 7977 1378
is_linear=0
shrinkage=0.03


Tree=225
num_leaves=15
num_cat=0
split_feature=7 9 5 17 17 2 6 7 17 11 11 20 7 19
split_gain=13.3424 13.362 10.817 14.0184 9.3573 7.50558 5.94563 5.91379 5.88151 5.07381 4.64763 3.38551 2.43662 1.98736
threshold=511.00000000000006 12.500000000000002 5.5000000000000009 37.467006802721095 39.347017543859657 1.5000000000000002 55.750000000000007 451.00000000000006 38.667261904761908 5.4564393939393945 3.8775000000000004 8.5000000000000018 531.00000000000011 1.0000000180025095e-35
decision_type=10 2 2 8 10 2 2 10 8 8 10 2 10 2
left_child=1 6 3 -3 5 8 7 -1 -2 -8 -7 -4 13 -6
right_child=4 2 11 -5 12 10 9 -9 -10 -11 -12 -13 -14 -15
leaf_value=-0.00075536834425638899 0.0096667513656519908 0.0014805278931718756 0 -0.0016591285011379295 -0.010443853741387921 0.0034957974671401921 -0.0032368204346404526 0.0046913377736970512 0.00021482828257826813 0.0018961393652060965 -0.00022419772554417051 -0.0080355075762260104 0 0
leaf_weight=178.60328249214217 242.29409159813076 1612.9968614331447 75.701750316657126 5525.7942868559621 58.747435209341347 569.37840227223933 293.65573723055422 709.02786340843886 122.74195528309792 396.06407895404845 491.70612714486197 265.92278867587447 41.081149125471711 42.674453915096819
leaf_count=3562 3087 18835 2519 102319 1269 5486 2553 9258 1801 6314 8156 8299 851 878
internal_value=-0.000207992 -0.000663562 -0.00120482 -0.000928192 0.00232105 0.0031196 0.00180417 0.00342925 0.00693979 -8.0927e-05 0.00163828 -0.00645579 -0.00448844 -0.00696629
internal_weight=10626.4 9057.77 7480.42 7138.79 1568.62 1426.12 1577.35 887.631 365.036 689.72 1061.08 341.625 142.503 101.422
internal_count=175187 153659 131972 121154 21528 18530 21687 12820 4888 8867 13642 10818 2998 2147
is_linear=0
shrinkage=0.03


Tree=226
num_leaves=15
num_cat=0
split_feature=7 10 11 3 17 17 2 1 3 14 2 14 17 4
split_gain=12.5484 15.0333 11.8811 11.3388 9.69483 8.88733 6.82486 6.50928 5.75452 5.65727 4.43358 4.41239 3.9298 2.82399
threshold=511.00000000000006 1.0000000180025095e-35 9.6770833333333339 7.5000000000000009 35.967261904761912 38.350581395348847 3.5000000000000004 8.5000000000000018 4.5000000000000009 6.5000000000000009 1.5000000000000002 1.5000000000000002 39.240588235294126 13.500000000000002
decision_type=10 8 10 2 8 8 2 2 2 10 2 8 10 2
left_child=1 2 6 4 -3 7 -1 10 12 -4 -2 -5 -7 -10
right_child=5 3 9 11 -6 8 -8 -9 13 -11 -12 -13 -14 -15
leaf_value=0.0029325208173448213 0.0095269078169567794 0.0092702477516983395 0 -0.0034104863111596422 -0.0019594266970338319 -0.00069594939677915647 -0.0016879297468936833 -0.0029030804074017423 0.003556998309557391 -0.013746617469380596 0.0034063682056629375 0.0023456964681917787 -0.0095990992659039341 -0.0017522381465037177
leaf_weight=1630.9867378789932 193.49046951904893 60.694315858185291 12.415895372629164 114.62508412264287 5969.5696122650988 233.40716343419626 301.8220584532246 74.451290774624795 311.07479761447757 59.589359194273129 608.80097456322983 902.8526061270386 69.737604711670429 80.094589407555759
leaf_count=24705 2409 646 333 1318 101825 3476 5149 882 4523 4643 7385 15040 1548 1305
internal_value=-0.000201683 -0.000644393 0.00161186 -0.00130817 -0.00181396 0.00224803 0.0021311 0.00425428 -8.31693e-05 -0.00961154 0.00511814 0.00153702 -0.0033534 0.00208288
internal_weight=10623.6 9052.56 2004.81 7047.74 6030.26 1571.06 1932.81 876.743 694.314 72.0053 802.291 1017.48 303.145 391.169
internal_count=175187 153659 34830 118829 102471 21528 29854 10676 10852 4976 9794 16358 5024 5828
is_linear=0
shrinkage=0.03


Tree=227
num_leaves=13
num_cat=0
split_feature=15 10 11 17 23 17 10 20 23 12 16 17
split_gain=12.7646 10.3911 13.8639 10.918 8.8038 8.41976 6.72568 4.47865 3.72369 2.37586 2.15048 0.100778
threshold=154.50000000000003 1.0000000180025095e-35 9.6770833333333339 40.402941176470598 8.5000000000000018 35.967261904761912 0.48333333333333339 1.5000000000000002 7.5000000000000009 0.1159151483905589 -1.0000000180025095e-35 38.267117117117131
decision_type=10 8 10 10 2 8 10 2 2 8 8 8
left_child=1 2 4 5 -1 -3 8 -5 9 -2 -4 -10
right_child=6 3 10 7 -6 -7 -8 -9 11 -11 -12 -13
leaf_value=0.0029954051069798235 -0.0082613602065523019 0.009091877249311096 0 0 -0.0038072981501903543 -0.00041544107459772303 0.0070924035068698635 -0.010933860698102394 0 0 -0.01444698905832878 0.0021475062005838182
leaf_weight=1931.2434524497949 318.04171208944172 78.721466277725995 31.927477394696325 41.589220175985247 164.90574701270089 7766.1731924396008 22.602896824479103 120.42689517932013 13.230676753446462 74.246296110097319 43.062853429466486 15.055790195241569
leaf_count=29091 8530 799 2199 1470 2170 122292 228 4222 197 844 2800 345
internal_value=-0.000195855 7.63364e-06 0.00186027 -0.00047685 0.00238105 -0.000295199 -0.00515182 -0.00810221 -0.00623792 -0.00707906 -0.0100604 0.000232101
internal_weight=10621.2 10178.1 2171.14 8006.91 2096.15 7844.89 443.177 162.016 420.574 392.288 74.9903 28.2865
internal_count=175187 165043 36260 128783 31261 123091 10144 5692 9916 9374 4999 542
is_linear=0
shrinkage=0.03


Tree=228
num_leaves=15
num_cat=0
split_feature=15 7 14 14 0 14 7 15 17 17 14 12 0 17
split_gain=12.0254 10.475 10.2189 14.1513 11.2588 9.10395 6.34655 6.29094 5.88221 4.67527 4.51421 12.1062 2.92397 2.09503
threshold=154.50000000000003 511.00000000000006 1.5000000000000002 2.5000000000000004 1650.0000000000002 3.5000000000000004 487.00000000000006 28.500000000000004 39.267424242424248 36.789181286549713 7.5000000000000009 0.10063025488248926 1075.0000000000002 37.367028985507254
decision_type=10 10 8 8 2 8 10 8 10 8 10 8 2 10
left_child=1 2 4 -4 -1 8 9 -7 -3 -2 13 -12 -11 -8
right_child=6 5 3 -5 -6 7 10 -9 -10 12 11 -13 -14 -15
leaf_value=-0.0070868888767278452 0 0.0060625050477346853 0.0025542695339558067 -0.00067009050245426453 0 -0.0031818916154475398 0 0.0021774069996916517 -0.0027617121681320499 0 -0.00097337876212954535 0.022446672619555803 -0.011382258342145275 -0.0065151319057527171
leaf_weight=404.11792398244143 20.375592359807342 573.23388453200459 1504.7416016757488 6451.4084465643391 345.70331403613091 293.05814649816602 49.937543647363782 556.52536053443328 49.337218638509512 10.922094131354241 56.872249946929514 19.233886050991714 177.18081076955423 106.53109297435731
leaf_count=4725 359 4352 9895 126699 4075 5277 568 9592 428 255 2261 334 4928 1439
internal_value=-0.0001911 5.489e-06 -0.000375833 -4.02066e-05 -0.00371449 0.00235572 -0.00501326 0.000145428 0.00510776 -0.0088614 -0.000818529 0.00411492 -0.0104211 -0.00420024
internal_weight=10619.2 10178.1 8705.97 7956.15 749.821 1472.15 441.053 849.584 622.571 208.478 232.575 76.1061 188.103 156.469
internal_count=175187 165043 145394 136594 8800 19649 10144 14869 4780 5542 4602 2595 5183 2007
is_linear=0
shrinkage=0.03


Tree=229
num_leaves=15
num_cat=0
split_feature=9 5 16 2 5 10 12 0 10 0 12 0 3 11
split_gain=11.0955 11.8715 8.39162 8.46594 8.36743 5.99835 4.592 5.00036 6.91462 4.9574 4.3813 3.0033 4.42015 1.36768
threshold=14.500000000000002 5.5000000000000009 7.0000000000000009 4.5000000000000009 2.5000000000000004 0.14760348583878 0.15820103738221869 1175.0000000000002 0.087337909992372245 1650.0000000000002 0.1246562740230117 1250.0000000000002 6.5000000000000009 5.0119047619047628
decision_type=2 2 8 2 2 10 10 2 8 2 8 2 2 10
left_child=6 2 3 -2 -4 10 7 8 -1 -9 -3 -8 -13 -7
right_child=1 5 4 -5 -6 13 11 9 -10 -11 -12 12 -14 -15
leaf_value=0 0.00054295682949169206 -0.010371110578684397 0.0018668809404114698 -0.0032561965240784311 -0.0033214115881632341 0.0020022144545453484 -0.00023829656171769461 -0.0017541057900030718 0.0073354047334111524 0.0010314584400016231 0 0.0087106609356348008 0 -0.0045038140912130832
leaf_weight=179.05832562129945 4216.5660574689973 213.05134965432808 302.31371620018035 596.88864067243412 1466.567551068496 73.431918766349554 34.123052161186934 749.90145664755255 226.34254613565281 2216.8513402009849 39.928769616875798 173.67407747730613 87.070650149136782 40.182277061510831
leaf_count=2764 66977 8007 6230 8724 28336 1285 217 11618 3713 33531 694 1130 544 1417
internal_value=-0.000185444 -0.000901887 -0.000581677 3.78255e-05 -0.00234737 -0.00616252 0.00113073 0.000759788 0.00389461 0.000275114 -0.00869641 0.00478928 0.00600378 0
internal_weight=10616 6948.93 6582.34 4813.45 1768.88 366.594 3667.02 3372.15 405.401 2966.75 252.98 294.868 260.745 113.614
internal_count=175187 121670 110267 75701 34566 11403 53517 51626 6477 45149 8701 1891 1674 2702
is_linear=0
shrinkage=0.03


Tree=230
num_leaves=15
num_cat=0
split_feature=13 23 7 17 6 17 14 17 13 23 9 13 17 13
split_gain=12.6662 10.6789 12.0793 10.5255 9.12366 7.89478 7.70308 5.47776 5.32449 3.96666 7.323 3.06079 3.7082 2.09013
threshold=0.09756754979948723 5.5000000000000009 469.00000000000006 37.820526315789486 52.500000000000007 37.733809523809533 1.5000000000000002 38.698780487804889 0.093527709477987248 6.5000000000000009 15.500000000000002 0.11905631500226095 39.351190476190489 0.10623635727593485
decision_type=8 2 10 8 2 10 8 10 10 2 2 8 10 8
left_child=1 2 3 -1 5 -3 -4 9 -6 10 -2 12 -9 -11
right_child=7 4 6 -5 8 -7 -8 11 -10 13 -12 -13 -14 -15
leaf_value=0 0.0057014225519842745 0 -0.0040521116749748795 -0.0045655506551473745 0.00087801587660942297 0.010914433219077681 0.00012284331774328077 -0.0062679205983827771 -0.0077316619132257415 -0.0053998756363406947 0.0012921836635363814 0.0017146448409398468 0 0.00045687411300006749
leaf_weight=719.66138666635379 651.15579210873693 89.810121966991574 431.30487898364663 1403.0205825797748 1547.644058028236 149.82077674102038 3959.2158008133993 148.49856576509774 60.339577978476882 61.02215669862926 955.68386215949431 151.34282402554527 94.079348959960043 157.81576142180711
leaf_count=10974 6553 1592 5076 35543 26466 3017 64899 1991 788 689 11726 2070 1713 1576
internal_value=-6.22374e-05 -0.000610892 -0.00119421 -0.00305642 0.00136211 0.0068078 -0.000257303 0.00193374 0.000438977 0.00264944 0.00318419 -0.000998885 -0.00329815 -0.000590271
internal_weight=10580.4 8360.82 6513.2 2122.68 1847.61 239.631 4390.52 2219.6 1607.98 1825.68 1606.84 393.921 242.578 218.838
internal_count=174673 148355 116492 46517 31863 4609 69975 26318 27254 20544 18279 5774 3704 2265
is_linear=0
shrinkage=0.03


Tree=231
num_leaves=15
num_cat=0
split_feature=9 7 23 12 15 5 5 23 7 12 1 15 23 4
split_gain=10.4759 9.53167 8.28644 8.50851 7.6086 7.38415 4.68276 4.49689 4.93558 4.49275 3.84701 3.79991 3.5237 2.67691
threshold=14.500000000000002 433.00000000000006 1.0000000180025095e-35 0.039414772369317834 17.500000000000004 5.5000000000000009 6.5000000000000009 3.5000000000000004 511.00000000000006 0.067258414277728398 2.5000000000000004 52.500000000000007 1.5000000000000002 2.5000000000000004
decision_type=2 10 2 8 8 2 2 2 10 8 2 10 2 2
left_child=4 9 3 -3 7 -4 11 8 -1 13 -9 -6 -11 -2
right_child=1 2 5 -5 6 -7 -8 10 -10 12 -12 -13 -14 -15
leaf_value=-0.0060887740296657012 0 -0.0036670029501330169 -0.00073173132656506579 0.0028212464496075672 0.0013360382507857768 -0.0057418019244829897 -0.0073117910805997628 0.004988565089453772 0.0025561634195930836 -0.0085324091761458127 -0.00092938015131531775 0.0039915375729261213 0.0010880121861830683 -0.01159531098221769
leaf_weight=247.0766529571265 17.347806661855429 198.01515573589131 5124.182142465841 1042.4833931759931 1997.9479331835173 287.94676001882181 36.099255355075002 121.02397857932374 46.94333750475198 38.287177035585046 396.99012462049723 809.24944398226216 92.228798334952444 123.01041877432726
leaf_count=4135 810 6198 81261 16008 27238 9054 1168 1773 664 873 5452 12727 1805 5507
internal_value=-5.91687e-05 -0.000758441 -0.000506858 0.00165456 0.00122356 -0.00103103 0.00197508 -0.00122025 -0.00418722 -0.00627237 0.000200907 0.00216063 -0.000837966 -0.0100911
internal_weight=10578.8 6923.5 6652.63 1240.5 3655.33 5412.13 2843.3 812.034 294.02 270.874 518.014 2807.2 130.516 140.358
internal_count=174673 121516 112521 22206 53157 90315 41133 12024 4799 8995 7225 39965 2678 6317
is_linear=0
shrinkage=0.03


Tree=232
num_leaves=15
num_cat=0
split_feature=13 0 10 11 17 15 12 17 13 7 10 2 10 11
split_gain=11.9004 13.1255 12.0667 18.8944 10.4519 7.7367 5.99626 6.5422 6.30919 3.92789 4.55011 1.74424 0.974584 0.832551
threshold=0.09756754979948723 1175.0000000000002 1.0000000180025095e-35 3.7165178571428577 39.402000000000008 13.500000000000002 0.091058353851375756 36.677951388888893 0.13742266922325533 453.00000000000006 0.13423423423423428 3.5000000000000004 0.045983086680761107 3.7165178571428577
decision_type=8 2 8 10 10 8 10 10 8 10 8 2 10 10
left_child=1 9 3 -3 -4 11 8 -8 -7 13 -11 12 -2 -1
right_child=5 2 4 -5 -6 6 7 -9 -10 10 -12 -13 -14 -15
leaf_value=-0.0027194792920407335 -0.0098461182820211157 0.0076645100561866485 -0.0011672455007087734 -0.00017806690946735223 -0.0059375008512427777 0.0025423756982448677 0.0044250582211687291 -0.00068412926152963129 0.009003025638480322 0.001403287421703795 0.0090160679617339451 0 0 0.0016506336850363879
leaf_weight=65.52943053515628 54.251456066966057 328.50529213622212 5600.899269242771 1425.160784507636 465.82550671044737 832.14610130526125 296.33155944384634 783.98859203979373 201.94269044185057 207.41275479504839 183.75600733142346 21.061863305047154 32.588233035057783 78.568856280762702
leaf_count=1623 628 2174 93541 29577 13711 12682 2479 6587 3359 3325 2860 239 344 1544
internal_value=-5.82532e-05 -0.000591036 -0.000918484 0.00122336 -0.00156282 0.00187444 0.00232852 0.000593041 0.00398566 0.00387966 0.00542676 -0.00540414 -0.00727978 0
internal_weight=10578 8355.66 7820.39 1753.67 6066.72 2222.31 2114.41 1080.32 1034.09 535.267 391.169 107.902 86.8397 144.098
internal_count=174673 148355 139003 31751 107252 26318 25107 9066 16041 9352 6185 1211 972 3167
is_linear=0
shrinkage=0.03


Tree=233
num_leaves=15
num_cat=0
split_feature=13 2 15 10 12 15 12 13 12 9 13 13 2 10
split_gain=11.1797 10.3925 10.9805 8.35438 7.86832 7.34345 6.27419 5.8667 5.62413 6.9222 3.97848 3.77304 1.68774 0.902431
threshold=0.09756754979948723 4.5000000000000009 99.500000000000014 1.0000000180025095e-35 0.094112045174491774 13.500000000000002 0.1159151483905589 0.084978737696953716 0.091058353851375756 15.500000000000002 0.11905631500226095 0.091808842516923048 3.5000000000000004 0.045983086680761107
decision_type=8 2 8 8 8 8 10 10 10 2 10 10 2 10
left_child=1 2 3 -1 7 12 -4 -3 9 -7 -10 -6 13 -2
right_child=5 4 6 -5 11 8 -8 -9 10 -11 -12 -13 -14 -15
leaf_value=0.0022186598255008248 -0.0096372166547562428 -0.0064040716924911052 -0.0031606733792983099 -0.00026545889193337806 0.0010628720973766665 0.006381072567222484 0.0017121178719754165 0 -0.00082181769473274938 0.0010518344902381638 0.002740618387157927 -0.008212604728533985 0 0
leaf_weight=1711.8820409988984 53.878716724924743 587.93702840525657 1370.1706423847936 3931.8528941944242 360.48678161436692 515.08714233525097 241.41246518865228 107.89083302207291 617.96533028036356 522.13898195512593 462.88504046574235 39.225158475339413 21.061863305047154 32.588233035057783
leaf_count=29192 628 12867 33770 64512 3604 7168 2318 1746 5356 8873 3710 346 239 344
internal_value=-5.56208e-05 -0.000572998 -0.000139178 0.000462777 -0.00329603 0.00181536 -0.00233491 -0.00521195 0.00225781 0.00386018 0.000571285 0 -0.00528012 -0.00713485
internal_weight=10576.5 8350.86 7255.32 5643.73 1095.54 2225.61 1611.58 695.828 2118.08 1037.23 1080.85 399.712 107.529 86.4669
internal_count=174673 148355 129792 93704 18563 26318 36088 14613 25107 16041 9066 3950 1211 972
is_linear=0
shrinkage=0.03


Tree=234
num_leaves=15
num_cat=0
split_feature=13 17 12 14 11 11 20 15 20 20 15 14 13 6
split_gain=10.5912 10.7398 9.69329 10.7936 9.56109 8.75828 4.91464 5.27357 4.8569 4.44242 3.99969 3.91648 2.84554 2.6481
threshold=0.12368696899481409 37.798333333333339 0.034532902700616881 1.5000000000000002 6.779132791327914 7.7523584905660385 8.5000000000000018 28.500000000000004 8.5000000000000018 4.5000000000000009 89.500000000000014 3.5000000000000004 0.16225938617832153 55.750000000000007
decision_type=8 8 10 8 8 10 2 10 2 2 10 10 8 2
left_child=1 5 4 -4 -3 8 9 -8 -1 13 -9 -7 -11 -2
right_child=6 2 3 -5 -6 11 7 10 -10 12 -12 -13 -14 -15
leaf_value=0.0024338821661819185 0.004706074309401548 0 -0.0053521650800051838 -0.0002484017240298056 -0.0070855600014094215 0 -0.0045616531438647853 0.0071534368814594922 0 0.010362371355100966 -0.00087910442043657902 -0.010480401472701305 6.417256270580988e-05 -0.00043510645348229614
leaf_weight=1702.6767423935235 133.72552727768198 227.83138799760491 403.8056492228061 5415.5816528387368 438.16927575226873 12.223542550578712 119.97140393964946 106.39098821394145 1514.8445846294053 169.34936045762151 53.716767356730998 78.618899137247354 63.624120584689081 134.50966122932732
leaf_count=19211 1745 4176 5247 93137 18746 187 1401 1174 21198 1723 682 3678 917 1451
internal_value=-5.34791e-05 -0.000336183 -0.00105699 -0.000632595 -0.00450937 0.001031 0.00327916 0 0.00133517 0.00504382 0.00360498 -0.00768458 0.00824074 0.00161821
internal_weight=10575 9793.75 6485.39 5819.39 666.001 3308.36 781.288 280.079 3217.52 501.209 160.108 90.8424 232.973 268.235
internal_count=174673 165580 121306 98384 22922 44274 9093 3257 40409 5836 1856 3865 2640 3196
is_linear=0
shrinkage=0.03


Tree=235
num_leaves=15
num_cat=0
split_feature=13 1 17 6 15 15 15 15 0 6 15 15 17 2
split_gain=12.3775 9.45215 6.95642 6.91971 6.42545 7.69998 4.20886 2.96979 2.18755 1.95999 1.82663 1.81414 0.779697 0.491548
threshold=0.11667351410572448 5.5000000000000009 40.303846153846159 52.500000000000007 132.50000000000003 18.500000000000004 89.500000000000014 18.500000000000004 1850.0000000000002 54.250000000000007 364.50000000000006 209.50000000000003 39.140454545454553 4.5000000000000009
decision_type=10 2 10 2 10 8 10 8 2 2 10 10 8 2
left_child=1 2 3 -1 5 -3 7 9 -9 -2 -6 -4 13 -8
right_child=6 4 11 -5 10 -7 12 8 -10 -11 -12 -13 -14 -15
leaf_value=0.004404751849814724 -0.0058335060556652654 -0.0037994754963241676 -0.0067000555083524668 0.00029032470822735112 -0.0078510592228640003 -0.00034479657125707352 0.0012579825692180726 0.0055210081171875383 0 0.0022444160243756477 0 0 -0.0054714990646468125 -0.0030674629510687975
leaf_weight=402.30528696067631 33.057680509984493 777.29272007104009 146.08791396766901 5351.3705172077753 176.20112773077562 2756.0310482033528 116.16066483873874 605.33064163848758 55.011683854274452 88.082105265930295 21.283971172757447 6.0625193128362289 19.228906740434468 21.6388552878052
leaf_count=8499 322 11398 5222 87661 4123 46776 1320 6345 564 814 612 326 336 233
internal_value=0 -0.000312551 0.00041442 0.000607634 -0.0015025 -0.00115148 0.00328761 0.0042134 0.00500022 0 -0.00685865 -0.00572445 -0.00038181 0
internal_weight=10575.1 9636.64 5905.83 5753.68 3730.81 3533.32 938.511 781.482 660.342 121.14 197.485 152.15 157.028 137.8
internal_count=174551 164617 101708 96160 62909 58174 9934 8045 6909 1136 4735 5548 1889 1553
is_linear=0
shrinkage=0.03


Tree=236
num_leaves=15
num_cat=0
split_feature=15 14 11 16 9 4 14 15 10 23 23 10 14 3
split_gain=9.27871 10.2129 17.4003 10.005 7.95021 7.68312 6.00977 5.11487 4.31867 3.95491 2.45953 2.3823 2.04388 1.57915
threshold=134.50000000000003 11.500000000000002 8.9843750000000018 -2.9999999999999996 10.500000000000002 5.5000000000000009 5.5000000000000009 69.500000000000014 0.088562091503267992 7.5000000000000009 8.5000000000000018 0.48333333333333339 2.5000000000000004 7.5000000000000009
decision_type=10 10 8 10 2 2 10 10 8 2 2 10 8 2
left_child=1 4 7 9 12 -6 11 -3 -8 13 -4 -5 -1 -2
right_child=3 2 10 6 5 -7 8 -9 -10 -11 -12 -13 -14 -15
leaf_value=0.0070194635622626332 -0.015512678075537788 -0.0021722330481191007 -0.011788298361381308 -0.0057755053804018014 -0.0010095199935482159 0.00084643966854739013 -0.0040421147982971683 0.0059122789838275767 0.0047617858769452466 0 0 0.00012743806862903373 0.0020458847634239156 0
leaf_weight=175.45804683119059 82.371154121123254 205.17141857696697 179.29399554361589 223.97789092361927 2966.6161402557045 6001.1587106874213 51.493154392112046 98.324986550491303 158.67029595701024 9.4389614751562458 5.6755696609616271 19.873808801174164 381.85286820493639 15.715613063424824
leaf_count=1177 2245 7769 11366 2776 45167 87862 2191 3278 4730 196 257 170 4985 382
internal_value=0 0.000218418 -0.00395952 -0.00372779 0.000450376 0.000215535 -0.00134698 1.40839e-05 0.00186375 -0.0119409 -0.0110977 -0.00469876 0.00392696 -0.0137902
internal_weight=10575.1 10013.6 488.466 561.541 9525.09 8967.77 454.015 303.496 210.163 107.526 184.97 243.852 557.311 98.0868
internal_count=174551 161861 22670 12690 139191 133029 9867 11047 6921 2823 11623 2946 6162 2627
is_linear=0
shrinkage=0.03


Tree=237
num_leaves=15
num_cat=0
split_feature=13 1 15 14 10 4 14 15 10 10 15 23 23 8
split_gain=11.5755 9.04957 7.99561 16.6703 8.89552 5.77824 5.75034 3.92103 3.34211 3.07449 2.78202 2.10985 2.09715 1.3372
threshold=0.11667351410572448 6.5000000000000009 78.500000000000014 11.500000000000002 0.19722222222222227 7.5000000000000009 2.5000000000000004 89.500000000000014 0.4188596491228071 0.032795698924731186 18.500000000000004 3.5000000000000004 8.5000000000000018 1.0000000180025095e-35
decision_type=10 2 10 10 10 2 8 10 10 8 8 2 2 2
left_child=1 2 3 -1 -4 6 -3 10 13 -7 11 -2 -12 -9
right_child=7 5 4 -5 -6 9 -8 8 -10 -11 12 -13 -14 -15
leaf_value=0.0010238874218989724 -0.0037123770712868764 0 -0.0041245740542211013 -0.0065155001542889727 0.0017181769911779657 0.0020552058444355584 -0.004680104647565235 -0.0050724620203536196 0.00915816795682446 -0.0012373223890085796 0.0052092655863783671 0.0039055457475800103 0 0
leaf_weight=5797.7830421440303 64.123896765522659 346.30046465527266 700.97738887928426 267.66832380928099 304.74755383934826 311.92208834271878 855.49985577305779 86.796926761046052 17.27585930749774 1048.7963788192719 637.27312122285366 57.033942717127502 25.423301605507731 52.790176959708333
leaf_count=87265 599 3019 16613 13126 4503 5097 17563 1088 145 17431 6662 537 247 656
internal_value=0 -0.000303921 0.000231081 0.000661372 -0.002206 -0.00183624 -0.00336595 0.00317405 -0.000341381 -0.000367972 0.0040654 0 0.00482456 -0.00283056
internal_weight=10574.4 9633.7 7071.18 6065.45 1005.72 2562.52 1201.8 940.717 156.863 1360.72 783.854 121.158 662.696 139.587
internal_count=174551 164617 121507 100391 21116 43110 20582 9934 1889 22528 8045 1136 6909 1744
is_linear=0
shrinkage=0.03


Tree=238
num_leaves=15
num_cat=0
split_feature=13 1 3 6 9 12 10 10 15 10 18 15 0 23
split_gain=10.8667 8.5498 6.5009 6.24143 6.70828 6.49347 6.21867 6.09225 3.64575 3.16426 2.75893 2.59629 2.04094 1.99449
threshold=0.11667351410572448 5.5000000000000009 4.5000000000000009 52.500000000000007 9.5000000000000018 0.07866713914481456 1.0000000180025095e-35 0.21132376395534294 89.500000000000014 0.4188596491228071 2.5000000000000004 18.500000000000004 1850.0000000000002 3.5000000000000004
decision_type=10 2 2 2 2 10 8 10 10 10 2 8 2 2
left_child=1 3 7 5 -5 -1 -4 -3 11 10 -10 13 -13 -2
right_child=8 2 6 4 -6 -7 -8 -9 9 -11 -12 12 -14 -15
leaf_value=0.0058324804318502874 -0.003617284047595501 -0.00361851550156796 0.0027267288939000545 0.0060900326645722206 -5.992887368138501e-05 -0.0026081746358583486 -0.0011760639891826255 0.0010410638002909542 -0.00572059061073402 0.0089035217313429647 0.0014507093541042272 0.0051620364056866623 0 0.0037888331174535331
leaf_weight=341.17199859628454 63.96915583871305 1413.4079753591213 463.22014141548425 158.62936492962763 5331.4536032783799 76.629416335374117 1598.1833179076202 248.0619227704592 101.34375913348049 17.378284808248281 37.923825910314918 609.75427402090281 55.215296311303973 57.178894420154393
leaf_count=8227 599 26274 7571 1893 90663 925 25926 3138 1212 145 532 6345 564 537
internal_value=0 -0.000295252 -0.00142918 0.000394535 9.58494e-05 0.00391706 -0.000221998 -0.00283178 0.00307128 -0.000289729 -0.00274545 0.00392821 0.00465928 0
internal_weight=10573.5 9630.76 3722.87 5907.88 5490.08 417.801 2061.4 1661.47 942.763 156.646 139.268 786.118 664.97 121.148
internal_count=174551 164617 62909 101708 92556 9152 33497 29412 9934 1889 1744 8045 6909 1136
is_linear=0
shrinkage=0.03


Tree=239
num_leaves=15
num_cat=0
split_feature=13 10 17 6 14 11 14 20 10 20 23 12 10 13
split_gain=10.2308 8.09554 10.3396 10.264 10.1589 10.0958 6.85695 3.67665 4.45678 5.42914 4.24062 3.32615 2.94823 0.35919
threshold=0.11667351410572448 1.0000000180025095e-35 35.967261904761912 52.500000000000007 10.500000000000002 6.8588039867109645 5.5000000000000009 8.5000000000000018 0.48333333333333339 11.500000000000002 5.5000000000000009 0.080986677971684615 0.11834733893557424 0.14968023137398676
decision_type=10 8 8 2 10 10 10 2 10 2 2 8 8 10
left_child=1 3 11 6 -4 -5 -1 10 9 -9 12 -3 -2 -12
right_child=7 2 4 5 -6 -7 -8 8 -10 -11 13 -13 -14 -15
leaf_value=0.0021072185714171897 0 0.016461913816752181 -0.00054665609408210665 0.001899869443250149 -0.0047554235685493586 -0.0031030342000175556 0.018604863801503297 -0.0042094156252853237 0.0084802116057902509 0.0038864930640992745 -0.0016071115851835831 0 0.0066649862577284457 0.0017143151405852376
leaf_weight=90.682696079835296 85.126164783723652 34.600864619016647 6853.2489381791092 1541.0118883121759 570.95353909442201 455.05000085500069 46.337708688806742 195.23426927439868 47.134310407564044 100.95999327488244 89.849430401809514 36.462399242445827 404.67988389451057 21.640395957045257
leaf_count=971 880 462 101840 17011 24807 17251 1967 2228 346 1182 936 308 4145 217
internal_value=0 -0.000285922 -0.000762748 0.00131727 -0.000893502 0.000679474 0.00920118 0.00297773 3.1733e-05 -0.00093314 0.00439831 0.0100862 0.0056051 0
internal_weight=10573 9628.35 7495.27 2133.08 7424.2 1996.06 137.02 944.624 343.329 296.194 601.296 71.0633 489.806 111.49
internal_count=174551 164617 127417 37200 126647 34262 2938 9934 3756 3410 6178 770 5025 1153
is_linear=0
shrinkage=0.03


Tree=240
num_leaves=14
num_cat=0
split_feature=9 17 7 10 14 11 6 15 11 13 15 7 23
split_gain=13.8011 12.8152 10.7332 10.6573 9.19226 4.55118 2.25001 3.35174 1.74507 1.9972 0.86635 0.712122 1.56999
threshold=10.500000000000002 40.252777777777787 431.00000000000006 1.0000000180025095e-35 6.5000000000000009 4.2034482758620699 57.750000000000007 217.50000000000003 6.2524509803921573 0.11114361875040636 22.500000000000004 495.00000000000006 4.5000000000000009
decision_type=2 10 10 8 8 8 2 8 8 10 10 10 2
left_child=5 2 4 -4 -2 11 7 -7 10 -10 -3 12 -1
right_child=1 8 3 -5 -6 6 -8 -9 9 -11 -12 -13 -14
leaf_value=-0.0060327680399317272 -0.00041751955244420706 -0.0043418691890070166 0.0019645095246135324 -0.0005063743636589624 -0.011713647828248524 0.00763459515688887 0 0 -0.0084987883498085382 0 0.0045722279638343161 0.0019774731874272586 0
leaf_weight=45.394592883065343 187.14357296191156 14.863941304385664 1987.905789763201 7406.3325763293542 127.42022596113384 343.70246450928971 19.55491922236979 99.797556524630636 215.63281842134893 19.010800330899656 14.384735018014906 51.215344723314047 36.848861653357744
leaf_count=328 2569 184 32382 115666 7315 4624 276 1428 8559 422 225 322 270
internal_value=-8.16542e-05 -0.000361557 -0.000166688 1.29517e-06 -0.00557431 0.00431259 0.00571425 0.0062122 -0.0068367 -0.00768107 0 0 -0.00219694
internal_weight=10569.2 9972.69 9708.8 9394.24 314.564 596.514 463.055 443.5 263.892 234.644 29.2487 133.459 82.2435
internal_count=174570 167322 157932 148048 9884 7248 6328 6052 9390 8981 409 920 598
is_linear=0
shrinkage=0.03


Tree=241
num_leaves=15
num_cat=0
split_feature=13 11 10 15 12 23 11 17 1 16 11 1 17 13
split_gain=11.6314 10.9644 10.888 9.46547 8.73054 7.67348 9.12601 7.26634 6.93023 6.75739 5.86872 2.12726 1.94428 1.27922
threshold=0.033347590533219278 5.2529069767441863 1.0000000180025095e-35 155.50000000000003 0.1036980406604348 1.0000000180025095e-35 4.7158385093167707 37.720344827586217 6.5000000000000009 -2.9999999999999996 4.7018518518518526 7.5000000000000009 37.901515151515163 0.019341259519895789
decision_type=8 8 8 10 8 2 8 8 2 8 10 2 10 10
left_child=1 10 3 9 7 6 -4 -3 -7 -2 12 -5 -1 -6
right_child=2 4 5 11 13 8 -8 -9 -10 -11 -12 -13 -14 -15
leaf_value=-0.0047332225172155218 0.0057374832317024027 0 -0.0023168899617973878 -0.01109555429550212 0 -0.00013690822592416188 0.0033670271476312205 -0.010573635285716929 -0.0023648820480607433 0.0014040954228740148 0.011525184267052086 0 0.0021928421846731105 0.0057915676584319583
leaf_weight=60.872563254088163 479.46088126674294 100.61524816229939 314.17689237743616 50.246355005539954 31.190960142295808 4924.6305351639166 923.47981680743396 295.77891772333533 1763.5452616666444 1485.3814092967659 40.022307837381959 8.5892036356963199 53.858688227832317 36.061265814118087
leaf_count=593 8161 2775 3097 1476 479 76390 17856 12436 27069 22251 592 273 592 530
internal_value=-7.94825e-05 -0.00406394 0.000155015 0.00212636 -0.0064433 -0.00033043 0.00179995 -0.0082149 -0.000748121 0.00254956 0.0021043 -0.00874956 -0.000273293 0.00176854
internal_weight=10567.9 618.4 9949.51 2023.68 463.646 7925.83 1237.66 396.394 6688.18 1964.84 154.754 58.8356 114.731 67.2522
internal_count=174570 17997 156573 32161 16220 124412 20953 15211 103459 30412 1777 1749 1185 1009
is_linear=0
shrinkage=0.03


Tree=242
num_leaves=15
num_cat=0
split_feature=17 7 10 15 13 7 12 13 13 7 12 0 18 12
split_gain=11.0278 10.088 11.0229 12.6201 9.66305 7.16336 8.52944 7.59769 3.06812 2.62428 2.40405 1.83449 0.505868 0.968875
threshold=40.252777777777787 523.00000000000011 1.0000000180025095e-35 155.50000000000003 0.048788422171794917 525.00000000000011 0.071185798907707029 0.073795651649750979 0.048788422171794917 475.00000000000006 0.028395535468955787 1750.0000000000002 21.500000000000004 0.1036980406604348
decision_type=10 10 8 10 8 10 8 10 10 10 8 2 2 8
left_child=1 2 3 -1 -4 7 -7 -3 12 10 -10 -11 13 -2
right_child=8 5 4 -5 -6 6 -8 -9 9 11 -12 -13 -14 -15
leaf_value=0.0021987463803172769 -0.015538039724653754 0 -0.0035216956786736087 -0.011238317953449593 -0.00028675545894783517 -0.0020288348791368599 0.0047071991254923297 0.018607329134777882 0 0.0029522702122533246 -0.00899009112620309 -0.0036837605827615828 0 0
leaf_weight=2016.2812647800893 42.805406426079571 35.907840317115188 975.50758666638285 56.898586558178067 6493.7227696855552 240.25328839989379 420.22807459812611 50.883227625861764 6.2155918325297526 63.577747053466737 81.757772401440889 72.620678538456559 4.3685104821342966 5.8668728885240844
leaf_count=32513 2339 589 24738 1838 95863 4529 4215 563 398 1839 2920 1731 374 121
internal_value=-7.72901e-05 6.87471e-05 -0.000179938 0.00173163 -0.000731392 0.00342386 0.0020347 0.0116746 -0.00593465 -0.00329387 -0.00722128 0 -0.013266 -0.0140994
internal_weight=10566.9 10289.7 9542.41 2073.18 7469.23 747.272 660.481 86.7911 277.213 224.172 87.9734 136.198 53.0408 48.6723
internal_count=174570 164848 154952 34351 120601 9896 8744 1152 9722 6888 3318 3570 2834 2460
is_linear=0
shrinkage=0.03


Tree=243
num_leaves=15
num_cat=0
split_feature=17 3 23 10 1 10 2 12 12 11 8 16 12 18
split_gain=10.5006 8.94482 12.306 9.40006 7.0608 5.61995 6.36686 6.10195 1.99776 4.07186 1.68991 0.942411 1.08538 0.430151
threshold=40.252777777777787 4.5000000000000009 1.0000000180025095e-35 0.19139194139194141 2.5000000000000004 1.0000000180025095e-35 3.5000000000000004 0.065299010881909939 0.07393120106737297 9.3385416666666696 2.5000000000000004 -2.9999999999999996 0.085988597016201443 4.5000000000000009
decision_type=10 2 2 10 2 8 2 8 10 8 2 8 10 2
left_child=1 5 3 -3 -4 6 -1 -7 9 -2 -11 13 -13 -10
right_child=8 2 4 -5 -6 7 -8 -9 11 10 -12 12 -14 -15
leaf_value=0.0022220859076420578 0 0.0058373816234309683 0.0022797161540844026 -0.0015604605340197018 -0.00035314984384204472 -0.0031658334048929818 -0.0040751431120418288 -0.00048070002207204848 0.0037069846330327785 -0.011675556920903456 0 0 -0.0056728985534495362 0
leaf_weight=812.65519648115151 43.281532740686089 673.83855926129036 1192.726207120344 159.83118845429271 3695.5433823745698 1267.352399174124 158.62830625660717 2329.1529825404286 24.410428012721241 115.13700572331436 9.1298096007667464 20.374534990638494 53.454109713435173 10.111211045645176
leaf_count=13415 1280 12009 18560 1971 56272 30976 3029 28616 425 5899 483 537 840 258
internal_value=-7.58344e-05 6.59624e-05 0.00086941 0.00423936 0.000260282 -0.000907541 0.00102439 -0.00147163 -0.00580523 -0.00805351 -0.0107203 -0.000803374 -0.00338702 0.00065613
internal_weight=10565.6 10289.7 5721.94 833.67 4888.27 4567.79 971.284 3596.51 275.899 167.548 124.267 108.35 73.8286 34.5216
internal_count=174570 164848 88812 13980 74832 76036 16444 59592 9722 7662 6382 2060 1377 683
is_linear=0
shrinkage=0.03


Tree=244
num_leaves=15
num_cat=0
split_feature=9 17 7 23 11 11 12 11 12 12 17 7 7 23
split_gain=13.0725 11.0488 10.2061 9.69104 5.1032 4.2532 2.5843 4.6447 2.49584 3.89423 3.1371 1.41589 0.653484 1.49447
threshold=10.500000000000002 40.252777777777787 431.00000000000006 1.0000000180025095e-35 5.9240384615384629 4.2034482758620699 0.076934728403980163 9.3385416666666696 0.1028739979480759 0.08395868349519453 38.821980676328508 487.00000000000006 495.00000000000006 4.5000000000000009
decision_type=2 10 10 2 8 8 10 8 10 8 8 10 10 2
left_child=5 2 4 -4 -2 12 7 -3 9 -7 -10 -8 13 -1
right_child=1 6 3 -5 -6 8 11 -9 10 -11 -12 -13 -14 -15
leaf_value=-0.0058647296773830021 0 0 0.0022591692296431822 -0.00040079145479077758 -0.0081762735624077432 0.0045670557213332253 -0.004766163195930909 -0.011601735465136565 0.0053225571801226966 0.015256885203292724 -0.003261383762525208 0.0012544944162985279 0.0019156964314823474 0
leaf_weight=45.201379599049687 107.86633694730699 42.534117067698389 1453.8329801880755 7940.2875264468603 205.16080883634277 280.05226834351197 48.478233546949923 124.03080431674607 73.426587076857686 56.05623104609549 55.137331608682871 44.591156858950853 51.262599311769009 36.847254075109959
leaf_count=328 1398 1270 24574 123474 8486 4739 1001 6398 539 597 453 721 322 270
internal_value=-7.46946e-05 -0.000347951 -0.000167096 0 -0.00545302 0.00419611 -0.00641198 -0.00876727 0.00554573 0.00698715 0.00053382 -0.000435142 0 -0.0020939
internal_weight=10564.8 9966.78 9707.15 9394.12 313.027 597.984 259.634 166.565 464.672 336.108 128.564 93.0694 133.311 82.0486
internal_count=174570 167322 157932 148048 9884 7248 9390 7668 6328 5336 992 1722 920 598
is_linear=0
shrinkage=0.03


Tree=245
num_leaves=15
num_cat=0
split_feature=20 7 23 14 11 14 12 1 11 14 12 13 14 7
split_gain=9.24132 9.44015 11.2023 9.68708 7.95884 7.86428 8.34579 7.30841 6.73705 5.9694 5.94263 4.5011 4.45874 3.23793
threshold=1.5000000000000002 523.00000000000011 5.5000000000000009 1.5000000000000002 4.1702898550724647 4.5000000000000009 0.053416992596633205 6.5000000000000009 6.4023809523809536 7.5000000000000009 0.1028739979480759 0.075402182981719218 6.5000000000000009 451.00000000000006
decision_type=2 10 2 8 8 10 8 2 8 10 8 10 8 10
left_child=5 2 3 -2 7 6 13 -3 12 -10 -4 -6 -7 -1
right_child=1 4 10 -5 11 8 -8 -9 9 -11 -12 -13 -14 -15
leaf_value=-0.0058473155895885261 -0.0045656400520351671 0.011541595100414123 0.0020672440948518648 -0.00088147421793239157 -0.0021711583066913267 0 0.0050031201337263648 0 0 -0.0092493663263073008 -0.0020594472564721489 0.0032094362219113161 0.018298043882483968 0.00085894015782938149
leaf_weight=79.810340354219079 755.14171263109893 139.88962043263018 1583.1444874573499 5801.0592618274968 234.55666537722573 32.432399610057473 800.78065718989819 57.587420644238591 140.55126769747585 108.90621695760638 352.99848738964647 293.85631598997861 14.854314766824244 184.12712800689042
leaf_count=2627 8864 1069 28444 100378 4448 458 8841 436 2911 5620 3157 3913 295 3572
internal_value=-7.88136e-05 -0.00043353 -0.000728771 -0.00133183 0.00279669 0.00220594 0.00345694 0.00792695 -0.00176845 -0.00414522 0.00123422 0.000541878 0.00709859 -0.000682181
internal_weight=10579.7 9218.23 8492.34 6556.2 725.89 1361.46 1064.72 197.477 296.744 249.457 1936.14 528.413 47.2867 263.937
internal_count=175033 150709 140843 109242 9866 24324 15040 1505 9284 8531 31601 8361 753 6199
is_linear=0
shrinkage=0.03


Tree=246
num_leaves=15
num_cat=0
split_feature=15 14 14 2 5 10 12 17 17 0 12 18 14 15
split_gain=9.75767 12.6122 9.17735 11.4572 16.4957 11.2703 10.1159 9.3664 7.10992 4.72937 3.6664 5.16386 3.53864 2.49642
threshold=18.500000000000004 7.5000000000000009 1.5000000000000002 1.5000000000000002 4.5000000000000009 0.1526806526806527 0.038414131761877211 36.375337837837847 37.420294117647067 1950.0000000000002 0.03888053139354046 4.5000000000000009 2.5000000000000004 27.500000000000004
decision_type=8 8 8 2 2 8 8 10 10 2 8 2 10 10
left_child=1 10 5 6 -5 13 -4 -7 -3 -10 11 -1 -12 -2
right_child=2 8 3 4 -6 7 -8 -9 9 -11 12 -13 -14 -15
leaf_value=0 0 0 -0.0025016157341388868 0.00069378648144499233 -0.0036553894109424196 0.010039675023700671 0.0034353756160094375 -0.0022032155966008652 -0.012241729557688506 0 6.0694637198019431e-05 0.010755400487766244 -0.0028335413011523224 -0.016408097909117861
leaf_weight=183.44829150941223 21.952029675245285 42.467175709083676 267.79766080575064 4826.6478048223071 932.03070506406948 52.580854287371039 1798.2748097521253 792.71285899542272 184.20293630054221 12.73962263157591 508.09633976407349 45.192382702603936 852.98376816418022 57.255484796129167
leaf_count=2579 358 1309 8427 79236 21571 440 27987 8763 7989 482 3766 923 10240 963
internal_value=-7.60691e-05 -0.00207701 0.000326064 0.000675553 0 -0.00245827 0.00258923 -0.00121069 -0.00850962 -0.0109238 -0.000990568 0.00222697 -0.00164704 -0.0131286
internal_weight=10578.4 1829.13 8749.25 7824.75 5758.68 924.501 2066.07 845.294 239.41 196.943 1589.72 228.641 1361.08 79.2075
internal_count=175033 27288 147745 137221 100807 10524 36414 9203 9780 8471 17508 3502 14006 1321
is_linear=0
shrinkage=0.03


Tree=247
num_leaves=14
num_cat=0
split_feature=12 10 5 10 14 4 1 1 11 1 18 4 23
split_gain=7.59979 9.65789 8.99525 7.79575 11.7547 5.76921 3.55313 2.61421 1.01287 0.945952 0.826081 0.60999 0.193207
threshold=0.17289439897287759 0.10102040816326532 6.5000000000000009 0.48333333333333339 1.5000000000000002 6.5000000000000009 2.5000000000000004 5.5000000000000009 3.6035714285714291 3.5000000000000004 19.000000000000004 13.500000000000002 3.5000000000000004
decision_type=10 10 2 10 8 2 2 2 10 2 2 2 2
left_child=2 5 3 4 -1 -2 -5 8 -3 12 -11 -7 -4
right_child=1 7 9 6 -6 11 -8 -9 -10 10 -12 -13 -14
leaf_value=-0.0037021732020315573 0.010776137247541819 0.0035070226926865642 -0.0022088799384743958 0 1.2863026032614956e-05 0.00012558400619456706 0.0083608879672676297 -0.0050299002983169045 -0.00042241613911713085 -0.010719632398286209 0 0.0054970078165104061 0
leaf_weight=826.58948959503323 157.35984053649008 74.215274028480053 33.282693210057914 48.710762064903975 8831.2005519331433 169.09382891654968 132.95518302544951 96.398033138364553 58.517022825777531 84.09160030214116 5.6372485053725532 40.591787733137608 18.303650597110391
leaf_count=10173 1007 406 1248 413 154029 1071 1189 661 464 3098 324 260 690
internal_value=-7.37509e-05 0.00318218 -0.000284753 -0.000159289 -0.000291327 0.00624142 0.00587636 -0.0011064 0.000733155 -0.00769139 -0.0100112 0.00196791 -0.000477479
internal_weight=10576.9 596.176 9980.77 9839.46 9657.79 367.045 181.666 229.13 132.732 141.315 89.7288 209.686 51.5863
internal_count=175033 3869 171164 165804 164202 2338 1602 1531 870 5360 3422 1331 1938
is_linear=0
shrinkage=0.03


Tree=248
num_leaves=15
num_cat=0
split_feature=7 14 14 20 23 13 7 4 7 20 2 7 13 5
split_gain=8.67943 10.849 12.8682 12.8363 10.8595 13.2361 8.02958 6.60474 9.23517 4.39892 3.97362 4.97481 3.3575 3.31417
threshold=523.00000000000011 1.5000000000000002 2.5000000000000004 9.5000000000000018 3.5000000000000004 0.09756754979948723 413.00000000000006 9.5000000000000018 529.00000000000011 6.5000000000000009 1.5000000000000002 531.00000000000011 0.080010887316276549 4.5000000000000009
decision_type=10 8 8 2 2 10 10 2 10 2 2 10 10 2
left_child=1 4 3 -3 5 -1 -4 10 13 -6 11 -2 -12 -9
right_child=7 2 6 -5 9 -7 -8 8 -10 -11 12 -13 -14 -15
leaf_value=-0.0091021841476223719 0 0.0036523406824489997 -0.011731415229279517 -0.0029226397697664202 -0.0064411519201375556 0.00011631711762703725 -0.00044050360822732508 0.01723873432413003 0.0017804837288777407 0.0021190121153468315 -0.0042537615124379827 0.010070515503889224 0.0012841098306680277 0
leaf_weight=386.79226064123213 57.96292486647144 1366.653627730906 53.445785803021863 302.52008803375065 57.880096821114421 169.38239694945514 7173.4334298365284 73.559425104409456 197.2692170063965 301.05652676150203 162.48505196766928 72.137137091252953 177.95838712807745 22.824763319455087
leaf_count=5052 802 8738 2774 2231 626 1580 140167 850 2614 3525 2631 989 2031 423
internal_value=-7.06403e-05 -0.000324889 0 0.00236593 -0.00342607 -0.00605138 -0.000552799 0.00297943 0.00651917 0.00025696 0.000409627 0.0049763 -0.000948065 0.0141722
internal_weight=10575.4 9811.16 8896.05 1669.17 915.111 556.175 7226.88 764.197 293.653 358.937 470.544 130.1 340.443 96.3842
internal_count=175033 164693 153910 10969 10783 6632 142941 10340 3887 4151 6453 1791 4662 1273
is_linear=0
shrinkage=0.03


Tree=249
num_leaves=15
num_cat=0
split_feature=7 23 14 14 12 11 12 12 12 23 11 12 2 23
split_gain=8.23873 10.4152 10.3776 10.3918 8.41006 7.00013 8.08844 6.62164 8.05638 5.19577 4.1577 3.93792 2.5494 3.12792
threshold=523.00000000000011 5.5000000000000009 1.5000000000000002 4.5000000000000009 0.14024395385776242 4.1702898550724647 0.06896987332508582 0.1028739979480759 0.18210118805356904 8.5000000000000018 3.4037037037037039 0.18210118805356904 1.5000000000000002 2.5000000000000004
decision_type=10 2 8 10 8 10 10 8 10 2 10 10 2 2
left_child=1 2 4 -4 -1 6 10 9 -9 -3 -2 -8 13 -7
right_child=5 7 3 -5 -6 12 11 8 -10 -11 -12 -13 -14 -15
leaf_value=-0.005876294240079293 -0.0034343078701446301 0.0031517892421165632 0.00040129877014245596 -0.001984518846149919 0.00125129348180178 0 0.0092978355464299681 -0.003914320680562672 0.0080693799656394553 -0.00074610838361130916 0.0095241193298691747 0 -0.0021379900788422346 0.0083923468621095974
leaf_weight=593.43519477546215 108.85871932376176 1411.323837579228 4406.5949628772214 2552.2043388853781 153.69190252572298 33.198689002543688 268.04627577587962 324.29858285933733 48.96271064504981 317.17185651278123 21.447506349533796 50.460035666823387 231.24869247805327 52.238605831749737
leaf_count=7680 1835 26225 51019 70227 1184 584 2309 3056 289 5013 231 283 4181 917
internal_value=-6.78281e-05 -0.000316164 -0.000839389 -0.000452979 -0.00421207 0.00290062 0.00530695 0.00152844 -0.00185992 0.00234992 0 0.00787465 -7.28675e-05 0.00366726
internal_weight=10573.2 9807.68 7705.93 6958.8 747.127 765.499 448.813 2101.76 373.261 1728.5 130.306 318.506 316.686 85.4373
internal_count=175033 164693 130110 121246 8864 10340 4658 34583 3345 31238 2066 2592 5682 1501
is_linear=0
shrinkage=0.03


Tree=250
num_leaves=15
num_cat=0
split_feature=9 11 17 0 0 23 11 13 16 11 11 4 23 10
split_gain=12.8489 8.31119 7.5895 9.97156 8.46256 3.5157 8.18927 4.31541 1.97695 3.6534 3.11378 1.96794 0.879402 0.727604
threshold=11.500000000000002 9.4058823529411786 37.467006802721095 1750.0000000000002 1750.0000000000002 5.5000000000000009 5.5571895424836608 0.052648689343645201 -2.9999999999999996 4.5741758241758248 4.1558704453441306 7.5000000000000009 1.0000000180025095e-35 0.088562091503267992
decision_type=2 10 8 2 2 2 10 8 8 8 8 2 2 10
left_child=5 2 4 -4 -2 8 7 -7 9 -1 -10 -8 -3 -14
right_child=1 12 3 -5 -6 6 11 -9 10 -11 -12 -13 13 -15
leaf_value=0.012060335125426844 0.00052087338179031435 0 0.0003136514217556775 -0.001975456264122552 0.0055077694393805936 0 -0.0047665089386513841 0.013138143002107765 -0.002296947133742244 0.00080379000213075323 0.0022930375473555085 0.0048360482462370194 -0.010424354744006045 0
leaf_weight=50.341807385906577 1917.1492553409189 14.34058580175042 4340.4107288168743 2736.0988933108747 383.90914761321619 27.001631516963243 47.123507290147245 123.37913406267762 142.38104224763811 118.13691964978352 541.49962086742744 20.095780910458416 79.177619663532823 9.1714080478996021
leaf_count=381 25068 1069 79205 45309 4572 424 972 1253 962 1834 7328 397 5213 493
internal_value=0.000177132 -0.000160189 -4.88948e-05 -0.000551009 0.00142807 0.0032923 0.00699936 0.0108452 0.00213567 0.00528259 0.00110994 0 -0.00845644 -0.00953812
internal_weight=10550.2 9480.26 9377.57 7076.51 2301.06 1069.96 217.6 150.381 852.359 168.479 683.881 67.2193 102.69 88.349
internal_count=174480 160929 154154 124514 29640 13551 3046 1677 10505 2215 8290 1369 6775 5706
is_linear=0
shrinkage=0.03


Tree=251
num_leaves=15
num_cat=0
split_feature=9 15 14 15 16 16 1 10 16 14 10 10 11 10
split_gain=12.4051 8.17056 9.36358 8.03848 15.1499 10.471 7.66233 7.39948 5.90365 11.698 6.71529 5.78548 5.76512 4.95727
threshold=13.500000000000002 27.500000000000004 4.5000000000000009 118.50000000000001 -2.9999999999999996 -2.9999999999999996 7.5000000000000009 0.14119601328903655 -2.9999999999999996 2.5000000000000004 0.18301435406698566 0.067231638418079109 2.3431372549019613 0.063164893617021281
decision_type=2 10 8 10 10 8 2 8 8 10 8 8 8 10
left_child=1 8 13 5 -5 11 -4 -6 10 -10 -1 -2 -7 -3
right_child=3 2 6 4 7 12 -8 -9 9 -11 -12 -13 -14 -15
leaf_value=0.0082635472290706041 0.0049196103038432158 0.004095245730202696 0.0085736464145953466 -0.013620483873691884 -0.0074778735720105079 0.0041100151428586041 -0.0016687055696128915 0.00084323244310674983 0.0022104556082701847 -0.0034668904683040846 0 0.00070873369434051251 -0.00093360964185163202 -0.0013256472223911093
leaf_weight=166.2688774834387 452.42421408509836 268.72854162193835 425.71979412576184 111.31334195425734 118.30778735131025 197.42283874005079 48.177787835244089 345.35192725039087 704.94990562647581 589.86416217219085 138.15300529869273 1151.1899999275338 5551.8468253219035 280.94592253863811
leaf_count=2487 8741 2034 9126 3013 3667 1470 1074 6570 8175 9267 1781 19827 94895 2353
internal_value=0.000173207 0.00196947 0.00407946 -0.000403018 -0.00381207 -0.000113645 0.00721261 -0.00101705 0.000516989 -0.000263896 0.00427374 0.00200159 -0.000730929 0.00106715
internal_weight=10550.7 2622.81 1023.57 7927.86 574.973 7352.88 473.898 463.66 1599.24 1294.81 304.422 1603.61 5749.27 549.674
internal_count=174480 36297 14587 138183 13250 124933 10200 10237 21710 17442 4268 28568 96365 4387
is_linear=0
shrinkage=0.03


Tree=252
num_leaves=15
num_cat=0
split_feature=9 15 15 14 14 10 1 15 14 11 12 10 12 10
split_gain=11.7249 8.84142 10.2956 10.7988 8.84301 6.4145 3.65404 2.70205 4.17836 7.20797 5.63017 4.13773 3.9919 1.32982
threshold=11.500000000000002 146.50000000000003 15.500000000000002 2.5000000000000004 1.5000000000000002 0.19722222222222227 3.5000000000000004 16.500000000000004 3.5000000000000004 4.6708333333333343 0.072466222019366214 0.24621212121212124 0.15820103738221869 0.48333333333333339
decision_type=2 10 8 10 10 10 2 10 8 8 8 10 8 10
left_child=7 2 3 -2 -4 6 -3 11 10 -10 -9 12 -1 -7
right_child=1 5 4 -5 -6 13 -8 8 9 -11 -12 -13 -14 -15
leaf_value=-0.0010426960775083173 0.0012011803075245629 -0.00095889049714695891 -0.0010663711736140934 -0.0039605043154709203 0.0011783153585179387 -0.0003802611264061231 -0.0096456805144894894 0.006719657872332566 0.014500243776100064 0.0032180038673726152 -0.00088637036156493721 0.012664131267041332 0.0090059086864988161 0.0062441848068651284
leaf_weight=351.47139065572992 501.17804072517902 114.28144248900935 2178.4961775401607 1036.5461110516917 5326.3753450885415 116.83531263330951 179.06454015476629 118.08834877610207 89.549752460792661 240.90067773172632 219.5266098305583 19.541279133409262 34.517819982022047 25.244309907779098
leaf_count=5238 3998 3076 37322 19323 89902 2067 4993 1021 832 4652 1375 190 243 248
internal_value=0.000168113 -0.000154033 3.16755e-05 -0.00218253 0.000506483 -0.00430784 -0.00683705 0.00313871 0.00436867 0.00689313 0.00139544 0.000718574 0 0
internal_weight=10551.6 9478.02 9042.6 1537.72 7504.87 435.426 293.346 1073.6 668.065 330.45 337.615 405.53 385.989 142.08
internal_count=174480 160929 150545 23321 127224 10384 8069 13551 7880 5484 2396 5671 5481 2315
is_linear=0
shrinkage=0.03


Tree=253
num_leaves=15
num_cat=0
split_feature=9 7 11 6 14 23 4 7 23 11 10 6 10 14
split_gain=11.3501 10.4508 8.75281 14.7422 9.12218 6.09429 4.74699 6.42686 4.65984 4.41065 4.0249 3.49895 3.19595 4.3636
threshold=13.500000000000002 511.00000000000006 7.5508620689655181 53.500000000000007 1.5000000000000002 8.5000000000000018 3.5000000000000004 519.00000000000011 5.5000000000000009 5.573214285714287 0.20256410256410259 54.250000000000007 0.10380747126436783 6.5000000000000009
decision_type=2 10 10 2 8 2 2 10 2 10 10 2 8 10
left_child=5 2 4 -4 -2 8 7 -3 10 -10 -1 -8 -7 -14
right_child=1 6 3 -5 -6 12 11 -9 9 -11 -12 -13 13 -15
leaf_value=0.0022168424564976549 -0.0042001860148857097 0.0043271136679822377 0.0063846494674983517 -0.0087250668291334738 -0.00020176414208660632 -0.0054199358745883582 -0.00033827097582681459 -0.0056497323311815728 0.0070188687343173788 0 -0.0013799055202609256 0.0039180369330453916 -0.0015578531572278842 0.010090476600466206
leaf_weight=1565.101100504864 571.0173777891323 79.596406204160303 57.672695968765765 275.87850077170879 5842.9038283941336 131.69378782249987 140.35012097842991 138.98013205034658 343.51063214894384 158.1419728291221 283.10780856385827 817.43167010648176 116.02127683907747 30.717620573937893
leaf_count=22326 7320 1187 2902 12850 98222 1729 2235 2120 4177 3439 2801 11347 1161 664
internal_value=0.0001635 -0.000387706 -0.000858918 -0.00561375 -0.000584098 0.00187983 0.00218034 -0.00133015 0.00240742 0.00510418 0.00158272 0.00314002 -0.00200752 0.000144158
internal_weight=10552.1 7923.83 6747.47 333.551 6413.92 2628.29 1176.36 218.577 2349.86 501.653 1848.21 957.782 278.433 146.739
internal_count=174480 138183 121294 15752 105542 36297 16889 3307 32743 7616 25127 13582 3554 1825
is_linear=0
shrinkage=0.03


Tree=254
num_leaves=15
num_cat=0
split_feature=9 7 15 0 15 14 13 14 17 2 11 3 11 13
split_gain=10.6785 9.81219 9.83602 10.0074 7.40771 8.4817 5.74916 5.38448 5.2902 5.24855 4.81431 4.24506 3.34772 3.32795
threshold=13.500000000000002 511.00000000000006 153.50000000000003 1750.0000000000002 27.500000000000004 4.5000000000000009 0.12074887551842983 2.5000000000000004 39.372077922077928 1.5000000000000002 4.4031250000000011 2.5000000000000004 5.3858560794044674 0.026268909109368261
decision_type=2 10 10 2 10 8 10 10 10 2 10 2 8 10
left_child=4 2 3 -2 7 10 -7 11 13 -9 -6 -1 -4 -3
right_child=1 8 12 -5 5 6 -8 9 -10 -11 -12 -13 -14 -15
leaf_value=-0.0016870169497459487 0.00015322619022678049 -0.0041498666726333174 -0.00084457236342129103 -0.0023985372254675288 0.002791522817130489 0.0078111847056127996 -0.0016209828695400949 0.0020535964771379836 -0.0038040049547987975 -0.00291488999116614 -0.0032994273459282554 0.0033701627031450438 -0.0097654077171389457 0.0032092659027367254
leaf_weight=146.63613797165453 4567.9978581450414 36.797869144938886 106.98661543335766 1922.918158265762 409.51855047233403 442.7245040088892 36.005229627713561 252.7191628953442 98.812704137060791 553.82919394318014 141.57031629607081 648.91298700869083 144.8882523458451 1042.7404843908735
leaf_count=1586 81309 737 1692 33257 2940 9745 455 4046 2207 8885 1447 7193 5036 13945
internal_value=0.000157697 -0.000376938 -0.000834611 -0.0005809 0.00182131 0.00382128 0.00678228 0.000434514 0.00210767 -0.0011702 0.000941468 0.00224593 -0.00665032 0.00280213
internal_weight=10553.1 7921.14 6742.79 6490.92 2631.92 1029.82 478.73 1602.1 1178.35 806.548 551.089 795.549 251.875 1079.54
internal_count=174480 138183 121294 114566 36297 14587 10200 21710 16889 12931 4387 8779 6728 14682
is_linear=0
shrinkage=0.03


Tree=255
num_leaves=10
num_cat=0
split_feature=17 13 10 17 16 5 6 1 7
split_gain=10.6698 8.65749 9.13305 7.93032 10.1332 9.30526 7.76528 5.34818 3.29231
threshold=35.967261904761912 0.037570657554370397 0.03478523895946764 38.401428571428575 -1.0000000180025095e-35 5.5000000000000009 56.750000000000007 1.5000000000000002 477.00000000000006
decision_type=8 8 8 10 8 2 2 2 10
left_child=6 2 8 5 -5 -3 -1 -4 -2
right_child=1 3 7 4 -6 -7 -8 -9 -10
leaf_value=0.016521456687161228 -0.0010856505406508709 0.0012243348723747485 0.00079624537280667627 0.0010962891657588772 -0.0024143586974336201 -0.0033425503660599715 0 -0.0067094651739346405 0.0050142084810388173
leaf_weight=56.938907009549439 165.17278443928808 6356.2271912987344 62.704612081404775 1211.8710722052492 1741.9354581865482 408.54869895568117 31.815173315349966 427.05016275891103 114.71994613157585
leaf_count=593 4794 85058 1873 23471 31993 11604 368 12663 2780
internal_value=0.000194406 8.98594e-05 -0.00294245 0.000346814 -0.000923915 0.000924102 0.0102853 -0.00544697 0.000932114
internal_weight=10577 10488.2 769.648 9718.58 2953.81 6764.78 88.7541 489.755 279.893
internal_count=175197 174236 22110 152126 55464 96662 961 14536 7574
is_linear=0
shrinkage=0.03


Tree=256
num_leaves=11
num_cat=0
split_feature=17 9 17 0 12 11 15 3 11 13
split_gain=9.98304 8.40253 9.5845 11.1 9.6593 7.01421 5.12063 2.4966 2.2361 1.35945
threshold=35.967261904761912 10.500000000000002 38.401428571428575 1250.0000000000002 0.052643030552883517 4.1558704453441306 71.500000000000014 3.5000000000000004 2.5166666666666671 0.079275444909822509
decision_type=8 2 10 2 8 8 8 2 8 10
left_child=5 6 4 -4 -3 -1 8 -7 -2 -8
right_child=1 2 3 -5 -6 7 9 -9 -10 -11
leaf_value=0 0 -0.001542716497415548 0.0027304969901173447 -0.0023341046496701484 0.0011098675206487505 0 0.0019643732096412802 0.020257048707784778 0.0058787168022736685 -0.0028409822640314683
leaf_weight=30.729659505188465 20.616613190621138 1566.9547464828938 430.09794757468626 2540.2336869435385 5336.7664305218495 20.160364414099604 87.002698767930269 38.479489556513727 404.14335318515077 102.60365864634514
leaf_count=255 125 38467 11259 49975 67134 242 1475 464 4718 1083
internal_value=0.00018848 8.65998e-05 -0.000111269 -0.00154699 0.000485411 0.00991756 0.00348415 0.015654 0.00531212 0
internal_weight=10577.8 10488.4 9874.05 2970.33 6903.72 89.3695 614.366 58.6399 424.76 189.606
internal_count=175197 174236 166835 61234 105601 961 7401 706 4843 2558
is_linear=0
shrinkage=0.03


Tree=257
num_leaves=13
num_cat=0
split_feature=10 15 15 17 10 7 15 15 7 9 15 11
split_gain=9.86712 9.53205 8.76949 8.15148 7.40864 6.69902 5.83991 4.55201 3.9388 3.51672 1.05349 0.66388
threshold=0.4188596491228071 134.50000000000003 18.500000000000004 38.350581395348847 0.19722222222222227 425.00000000000006 40.500000000000007 68.500000000000014 475.00000000000006 11.500000000000002 132.50000000000003 2.6282894736842111
decision_type=10 10 8 10 8 10 10 10 10 2 10 10
left_child=1 2 3 -1 9 -4 11 -8 -6 -3 -9 -2
right_child=6 4 5 -5 8 -7 7 10 -10 -11 -12 -13
leaf_value=0 0.0023130858178368676 0 -0.0052810162574589425 -0.0039630669919569848 -0.0055309298434984078 0.00082508596810005089 0.017034150564266288 0 0.0013040992646434076 -0.009917237670537574 0.0073580487583480205 -0.0024601691577604383
leaf_weight=1028.6958107454702 50.819483749568462 26.480944774113595 154.34323766292073 763.0185700498987 101.14911981346086 7863.4340797145851 54.723996058106422 67.313667945563793 213.03571558045223 175.36874550930224 35.661685286089778 44.374766668304801
leaf_count=13218 339 539 5971 13848 2701 127642 452 576 3737 5378 355 441
internal_value=0.000183347 2.39651e-05 0.000248269 -0.00162185 -0.00391349 0.000685628 0.00598255 0.00943591 -0.000478604 -0.00839401 0.00340697 0
internal_weight=10578.4 10325.5 9809.49 1791.71 516.035 8017.78 252.894 157.699 314.185 201.85 102.975 95.1943
internal_count=175197 173034 160679 27066 12355 133613 2163 1383 6438 5917 931 780
is_linear=0
shrinkage=0.03


Tree=258
num_leaves=15
num_cat=0
split_feature=23 13 23 23 6 10 13 16 14 1 14 20 6 11
split_gain=9.39017 14.9895 10.1235 15.5093 13.7438 10.0715 8.19025 13.2433 9.64124 5.28326 4.96554 5.69409 2.99362 2.36627
threshold=1.0000000180025095e-35 0.064877655291183625 3.5000000000000004 4.5000000000000009 53.500000000000007 0.38675213675213682 0.085285064554450493 -2.9999999999999996 1.5000000000000002 6.5000000000000009 7.5000000000000009 3.5000000000000004 55.750000000000007 5.7013513513513523
decision_type=2 8 2 2 2 10 8 10 8 2 8 2 2 10
left_child=1 10 6 4 -4 -5 8 -8 -2 -3 11 -1 -11 -12
right_child=2 9 3 5 -6 -7 7 -9 -10 12 13 -13 -14 -15
leaf_value=0.0053156046884178564 -0.0080358730420201589 0.0061985727870109445 0.01576749056112375 -0.00011584628256643987 0.0028060742793444685 0.0092267584894186148 0.0038379675148010359 -0.0016741935472925186 -0.0015908739828054677 0.004470390691219189 -0.0060475721725186393 -0.0016201221571669224 -0.0016602859617549294 0
leaf_weight=159.07048120349646 242.2254230491817 672.9759790818207 97.276677175424993 3935.5684904973023 462.14684314839542 101.25770716741681 632.80007572425529 985.47668715799227 2535.4611325422302 111.53477789834142 187.05721401213668 259.13215042185038 146.94360917294398 50.407361771678552
leaf_count=1996 3189 9852 2008 63560 8221 907 8325 11589 48621 1724 6670 3617 1913 3005
internal_value=0.000178074 0.00230887 -0.000182413 0.000781833 0.00544537 9.25112e-05 -0.00122442 0.000394022 -0.00222024 0.00477457 -0.000976542 0.000695193 0.000450459 -0.00449293
internal_weight=10579.3 1587.12 8992.21 4596.25 559.424 4036.83 4395.96 1618.28 2777.69 931.454 655.667 418.203 258.478 237.465
internal_count=175197 28777 146420 74696 10229 64467 71724 19914 51810 13489 15288 5613 3637 9675
is_linear=0
shrinkage=0.03


Tree=259
num_leaves=9
num_cat=0
split_feature=17 7 9 17 6 15 1 17
split_gain=9.42021 8.06115 7.75318 9.30167 7.18717 4.56296 1.82852 1.09689
threshold=35.967261904761912 411.00000000000006 10.500000000000002 38.401428571428575 56.750000000000007 71.500000000000014 6.5000000000000009 37.201250000000009
decision_type=8 10 2 10 2 8 2 8
left_child=4 6 5 -4 -1 -3 7 -2
right_child=1 2 3 -5 -6 -7 -8 -9
leaf_value=0.0155470916086431 0 0.005128055103838851 0.00054860069181693826 -0.0014615940575240381 0 0 0 -0.015422561904109571
leaf_weight=57.911047446541488 4.5380816510878494 424.74271604418755 6871.4883052012883 2952.624033624772 32.013033590745181 188.66824611788616 12.670887050218878 35.828897207742557
leaf_count=593 100 4804 103992 60448 368 2525 624 1743
internal_value=0.000172751 7.31656e-05 0.000149281 -4.07361e-05 0.00959435 0.00341079 -0.0110437 -0.0138673
internal_weight=10580.5 10490.6 10437.5 9824.11 89.9241 613.411 53.0379 40.367
internal_count=175197 174236 171769 164440 961 7329 2467 1843
is_linear=0
shrinkage=0.03


Tree=260
num_leaves=10
num_cat=0
split_feature=15 20 16 15 13 20 12 12 9
split_gain=11.8032 6.68015 15.2632 11.1914 8.91911 8.49122 6.72404 5.51883 1.27445
threshold=399.50000000000006 1.5000000000000002 -10.999999999999998 19.500000000000004 0.13742266922325533 9.5000000000000018 0.075283199783278215 0.049558496744766291 12.500000000000002
decision_type=10 2 10 8 8 2 8 10 2
left_child=1 3 5 6 -4 -3 -1 -5 -2
right_child=8 2 4 7 -6 -7 -8 -9 -10
leaf_value=0 0 -0.0021299817848300126 6.3336423074394153e-05 0 0.00553349983473728 -0.0099787482138272987 -0.0095392436040962203 0.0044485144687948716 -0.016329397413894706
leaf_weight=119.63059343677014 9.2147271707653982 1169.4843357780483 7564.1767960684374 262.83903914317489 276.03239828906953 154.052771222312 97.358140836469829 876.42741534626111 38.953841179609299
leaf_count=2245 230 22236 121119 8655 2876 3119 890 12389 1196
internal_value=0 6.86934e-05 -0.000207693 0.00204023 0.00027845 -0.00319056 -0.00383372 0.00330196 -0.0141019
internal_weight=10568.2 10520 9163.75 1356.26 7840.21 1323.54 216.989 1139.27 48.1686
internal_count=174955 173529 149350 24179 123995 25355 3135 21044 1426
is_linear=0
shrinkage=0.03


Tree=261
num_leaves=9
num_cat=0
split_feature=15 7 15 10 20 14 7 5
split_gain=11.3287 11.4828 7.92069 9.74906 7.20534 7.99274 6.92973 6.55672
threshold=399.50000000000006 489.00000000000006 25.500000000000004 0.03478523895946764 1.5000000000000002 4.5000000000000009 475.00000000000006 2.5000000000000004
decision_type=10 10 10 10 2 8 8 2
left_child=1 4 7 -4 6 -6 -1 -3
right_child=-2 2 3 -5 5 -7 -8 -9
leaf_value=0.0029294686301078675 -0.013888411668343708 0.0045490695640565152 0.0052868750608258764 0.00087337410406703548 0 -0.0023703283976064375 -0.0025885829238019016 -0.00064865201151972397
leaf_weight=801.89175281045027 47.621412808308378 243.53617465123534 782.56114967400208 1304.0167172797956 2755.6624468844384 2593.3341472162865 243.21186563489027 1796.152714329306
leaf_count=16610 1426 2978 12531 19152 25503 69816 3535 23404
internal_value=0 6.59294e-05 0.00131177 0.00260903 -0.000715 -0.00117606 0.00149628 0
internal_weight=10568 10520.4 4126.27 2086.58 6394.1 5349 1045.1 2039.69
internal_count=174955 173529 58065 31683 115464 95319 20145 26382
is_linear=0
shrinkage=0.03


Tree=262
num_leaves=13
num_cat=0
split_feature=15 7 11 17 23 10 3 11 17 7 17 7
split_gain=10.8435 10.4221 10.3088 9.76209 9.72505 7.82333 5.56711 4.1778 3.73438 2.36841 3.22847 0.648087
threshold=267.50000000000006 489.00000000000006 7.4558441558441571 37.467006802721095 2.5000000000000004 0.067231638418079109 1.5000000000000002 3.0217391304347831 38.967204301075277 509.00000000000006 36.701136363636373 525.00000000000011
decision_type=10 10 10 8 2 8 2 8 10 10 8 10
left_child=1 2 3 -1 5 -3 -6 -2 -4 10 -9 -11
right_child=7 4 8 -5 6 -7 -8 9 -10 11 -12 -13
leaf_value=0.0018401228189343049 0 0.0075781932052461877 -0.007999275176612473 -0.0010059443259528584 -0.0043925476187063267 0.0019282182922282492 0.00052634624921524752 0 -2.0630046659627294e-05 1.8039164760597883e-05 -0.015350870977521414 -0.0055459724854055002
leaf_weight=1390.9946260564029 17.202778570353985 298.38311368972063 223.37897945265286 4620.7729361243546 223.75550365354866 1412.1075738663785 2148.7697010138072 6.5753378318622699 119.82041908148676 18.288601757027209 73.25714742904529 13.963332299143074
leaf_count=17085 178 5146 9586 81603 3241 19195 29573 136 6132 413 2375 292
internal_value=0 0.000104998 -0.000638983 -0.000321513 0.00129902 0.00302047 0 -0.00847446 -0.00568479 -0.0106996 -0.0135327 0
internal_weight=10567.3 10438 6354.97 6011.77 4083.02 1710.49 2372.53 129.287 343.199 112.084 79.8325 32.2519
internal_count=174955 171561 114406 98688 57155 24341 32814 3394 15718 3216 2511 705
is_linear=0
shrinkage=0.03


Tree=263
num_leaves=15
num_cat=0
split_feature=7 5 17 20 0 17 10 17 20 10 23 0 2 5
split_gain=9.87179 10.5358 10.114 8.17088 4.21096 6.44661 5.5752 8.5741 5.07508 4.76548 4.49461 4.11934 3.60284 3.43993
threshold=497.00000000000006 4.5000000000000009 37.150675675675686 1.5000000000000002 1500.0000000000002 37.383602150537648 0.043961352657004842 38.433974358974368 1.5000000000000002 0.085960591133004943 2.5000000000000004 1350.0000000000002 3.5000000000000004 5.5000000000000009
decision_type=10 2 8 2 2 10 8 10 2 8 2 2 2 2
left_child=1 2 11 -4 5 10 7 -6 -7 -8 -2 -1 13 -3
right_child=4 12 3 -5 6 8 9 -9 -10 -11 -12 -13 -14 -15
leaf_value=0.00026523917353105537 0.0032844782742271934 -0.00065259269836521713 0.0017092189185889341 -0.0011393237679152108 0.010364096346766407 -0.0020872693831686072 -0.0061755300796966679 0 0.0059776243834666716 0.00017345067373069958 -0.0019379948139503886 0.0052270684525220499 -0.007203887370493516 -0.0052928574189815619
leaf_weight=350.83470221702009 269.04011317994446 589.55835524108261 1089.8081188460346 4613.8001334494911 116.87932914542034 48.100044717080891 107.65096864569932 203.78655261592939 547.31331721274182 1481.4586519305594 297.43761230167001 398.6610832712613 210.88217474869452 241.34640305489302
leaf_count=3653 3602 11467 20958 79165 1591 587 2033 3274 8808 19078 3784 3947 5475 7533
internal_value=0 -0.000591178 -0.000114073 -0.000567746 0.00142681 0.00287486 0.000462292 0.00406256 0.00506432 -0.000180572 0.000286899 0.00312042 -0.00338853 -0.00220346
internal_weight=10566.6 7494.89 6453.1 5703.61 3071.67 1161.89 1909.78 320.666 595.413 1589.11 566.478 749.496 1041.79 830.905
internal_count=174955 132198 107723 100123 42757 16781 25976 4865 9395 21111 7386 7600 24475 19000
is_linear=0
shrinkage=0.03


Tree=264
num_leaves=15
num_cat=0
split_feature=7 23 10 20 10 23 12 20 4 9 18 12 1 10
split_gain=9.37064 8.69198 7.74529 8.12397 7.6512 7.04268 8.48572 10.0356 6.82943 6.779 5.98995 5.4114 5.33592 4.88796
threshold=489.00000000000006 2.5000000000000004 0.067231638418079109 3.5000000000000004 0.29520697167755999 5.5000000000000009 0.070001635590448169 3.5000000000000004 3.5000000000000004 11.500000000000002 7.5000000000000009 0.069309863450800077 2.5000000000000004 0.049390243902439034
decision_type=10 2 8 2 10 2 10 2 2 2 2 8 2 10
left_child=5 2 3 -2 -4 6 10 -8 -3 13 -1 -11 -10 -7
right_child=1 8 4 -5 -6 9 7 -9 12 11 -12 -13 -14 -15
leaf_value=-0.0017351419048184645 0 -0.0032206136740633149 0.00065994193757246643 0.010791257190137052 0.0073427532313496136 8.2650496408721966e-05 0.0018673042283734163 -0.0017313665746650775 0.0035943590548477267 0.0019043606043444175 -0.005874493951602406 -0.0019082707287805946 -3.3904093323817979e-05 0.013226134130794303
leaf_weight=1613.4600219039712 109.97359220637009 485.90037804003805 1254.7873004055582 194.82607584120706 185.07547721546143 80.476979368831962 1194.4115797602572 1637.0798955378123 448.21821596892551 799.26955421362072 464.85207821964286 552.0187908206135 1481.8897609054111 63.539666736498475
leaf_count=37994 1398 7023 17874 3892 1796 1310 14446 20638 6290 17470 17223 6394 20402 805
internal_value=0 0.00110383 0.00271513 0.00717719 0.00164518 -0.000723782 -0.00128627 -0.000159837 -9.84351e-07 0.0010213 -0.00274486 0.000234962 0.000738262 0.00713732
internal_weight=10565.8 4160.67 1744.66 304.8 1439.86 6405.11 4909.8 2831.49 2416.01 1495.3 2078.31 1351.29 1930.11 144.017
internal_count=174955 58675 24960 5290 19670 116280 90301 35084 33715 25979 55217 23864 26692 2115
is_linear=0
shrinkage=0.03


Tree=265
num_leaves=15
num_cat=0
split_feature=1 7 15 15 14 11 11 20 11 14 17 15 12 14
split_gain=11.1649 8.79988 5.83909 6.90563 6.54996 5.1305 4.73162 4.60777 2.88064 2.88971 2.78408 1.87615 1.46962 0.241879
threshold=4.5000000000000009 451.00000000000006 154.50000000000003 18.500000000000004 2.5000000000000004 10.256578947368423 6.011111111111112 8.5000000000000018 3.0217391304347831 5.5000000000000009 36.833974358974366 197.50000000000003 0.057384363178806901 7.5000000000000009
decision_type=2 10 10 10 10 10 10 2 10 10 10 10 8 10
left_child=1 8 3 4 -2 7 -5 -3 9 -1 -4 -12 -10 -7
right_child=2 5 10 6 -6 13 -8 -9 12 -11 11 -13 -14 -15
leaf_value=-0.0016222667529139569 -0.00043706245855797826 0.0024643875990596567 0 0.00082929242990737568 -0.0042752519681162338 0 -0.0022113052278073479 0.00024138285993175205 -0.0020712820486691185 -0.0093799256165373081 -0.011729221330384173 -0.0025278872073092053 0.0018769607984765373 -0.011581090956521354
leaf_weight=308.94348876876757 1166.3690354796126 3123.0018356428482 21.06755444733426 2754.165880450746 701.18569182837382 4.2289981478825238 533.54587977612391 1363.6579453712329 136.05024286196567 70.382316939067096 69.713929025456309 113.15324992290698 198.66916676191613 18.901140587870032
leaf_count=6489 18186 46615 376 35509 12802 138 16471 21322 3883 3621 1656 2950 3183 1452
internal_value=0.000211897 0.00120922 -0.000732492 -0.000500714 -0.00196581 0.00171637 0.000287686 0.00182315 -0.00177493 -0.00355527 -0.00572149 -0.00705293 0 -0.0103063
internal_weight=10583 5223.84 5359.2 5155.27 1867.55 4509.79 3287.71 4486.66 714.045 379.326 203.935 182.867 334.719 23.1301
internal_count=174653 86703 87950 82968 30988 69527 51980 67937 17176 10110 4982 4606 7066 1590
is_linear=0
shrinkage=0.03


Tree=266
num_leaves=11
num_cat=0
split_feature=7 17 2 17 13 3 3 14 17 17
split_gain=10.3318 8.95609 8.73619 12.0348 9.03948 5.15992 2.91855 2.07768 1.21749 0.190728
threshold=411.00000000000006 35.967261904761912 4.5000000000000009 37.150675675675686 0.11547988233381494 3.5000000000000004 6.5000000000000009 2.5000000000000004 38.898333333333348 37.201250000000009
decision_type=10 8 2 10 8 2 2 8 10 8
left_child=7 5 4 -4 -3 -2 -7 -1 9 -9
right_child=1 2 3 -5 -6 6 -8 8 -10 -11
leaf_value=0 0 0.00018636336281552336 0.0013286901467537034 -0.0043197321078467512 0.0032783727826218119 0.019232097118311264 0 0 0 -0.018078585046518211
leaf_weight=8.1986141651868802 28.476746678818017 8128.4202812279109 515.69968642760068 828.38543825922534 966.14149837940931 37.798744086176157 27.346236841753125 4.9062621444463721 7.6234992868266991 31.749234213028103
leaf_count=89 312 139115 7738 13285 11085 384 275 137 563 1670
internal_value=0.000202648 0.000285668 0.000185891 -0.00204446 0.000532942 0.00931618 0.0137197 -0.0124251 -0.0147653 -0.0168588
internal_weight=10584.7 10532.3 10438.6 1344.09 9094.56 93.6217 65.145 52.4776 44.279 36.6555
internal_count=174653 172194 171223 21023 150200 971 659 2459 2370 1807
is_linear=0
shrinkage=0.03


Tree=267
num_leaves=15
num_cat=0
split_feature=13 11 14 2 2 6 10 2 11 13 11 11 11 13
split_gain=7.82468 7.53143 5.00733 13.7602 12.6375 4.97666 4.7631 3.60736 3.58498 6.99397 3.59267 2.85072 1.26036 1.40026
threshold=0.11547988233381494 6.8588039867109645 1.5000000000000002 4.5000000000000009 3.5000000000000004 53.500000000000007 0.13245614035087722 4.5000000000000009 4.9574275362318847 0.13742266922325533 4.1270161290322589 7.6030303030303044 3.5732142857142866 0.12368696899481409
decision_type=8 10 10 2 2 2 10 2 10 8 10 10 8 10
left_child=1 2 4 -4 -1 11 -7 8 10 -10 -2 -3 -9 -14
right_child=7 5 3 -5 -6 6 -8 12 9 -11 -12 -13 13 -15
leaf_value=-0.0026140077093661611 0.0029673248345423106 -0.001785794993940317 0.0011575929828187899 -0.0030812293869197224 0.0021300657673758703 -0.0049692379886225749 0.00058185817259543706 -0.0058337708282238041 0.001522205070750914 0.016944001796226692 -0.0025548874745979456 0.0057442318183386059 -0.003915407789424172 0.0031974332704316692
leaf_weight=1514.0522949327715 738.99546815222129 49.35391912702471 5623.6647037677467 766.83302733721212 721.93704547407106 594.55790277896449 119.9965784936212 35.480222206562757 105.52080680197105 49.814001160673797 90.544180180877447 81.336335553787649 33.89507715171203 59.943569422699511
leaf_count=26370 7772 1455 81331 10902 11855 22329 4070 236 1773 868 879 3810 382 621
internal_value=0.00019707 -6.78111e-05 0.000181327 0.000623487 -0.00101401 -0.00277302 -0.003831 0.00257309 0.00324342 0.0077775 0.00217314 0.00183411 -0.00134597 0
internal_weight=10585.9 9471.73 8626.49 6390.5 2235.99 845.245 714.554 1114.19 984.874 155.335 829.54 130.69 129.319 93.8386
internal_count=174653 162122 130458 92233 38225 31664 26399 12531 11292 2641 8651 5265 1239 1003
is_linear=0
shrinkage=0.03


Tree=268
num_leaves=15
num_cat=0
split_feature=1 7 7 7 23 3 23 17 12 13 17 15 1 20
split_gain=10.4687 8.27323 5.64889 5.20647 6.11317 4.46041 7.61449 5.0507 3.92652 3.92422 4.09596 2.98849 2.55298 1.30544
threshold=4.5000000000000009 451.00000000000006 439.00000000000006 445.00000000000006 1.0000000180025095e-35 5.5000000000000009 5.5000000000000009 37.498437500000009 0.14789210159191243 0.12228949505682062 38.183602150537645 19.500000000000004 8.5000000000000018 3.5000000000000004
decision_type=2 10 10 10 2 2 2 8 8 8 8 10 2 2
left_child=1 9 8 13 -5 7 -7 -3 12 11 -11 -1 -2 -4
right_child=2 5 3 4 -6 6 -8 -9 -10 10 -12 -13 -14 -15
leaf_value=-0.0055201726676849128 -0.0071338886843762238 0.0030438177055524358 0.0068453597952782353 0.0017319866243058165 -0.0011384351625332359 0.0015530217166088696 0.0061882978994331752 0 0.0027600455609080592 0 0.013101633844877581 -0.00070302298235638654 0 0
leaf_weight=212.71173285064287 239.91790673485957 641.06374742975459 96.352689485065639 757.4943653778173 4116.2071100035682 1469.5277573112398 469.00469984067604 1937.1634235493839 26.835894242860377 20.093432992696762 25.37285429937765 454.90978445764631 39.921315273270011 80.227774205151945
leaf_count=6343 7340 8214 2052 12602 62830 21687 6931 32695 350 220 540 10073 1196 1580
internal_value=0.000191197 0.00115657 -0.000723492 -0.000448139 -0.000660237 0.00164802 0.00276469 0.00074663 -0.00469676 -0.00173727 0.00550111 -0.00249045 -0.00597436 0.00443676
internal_weight=10586.8 5229.85 5356.96 5050.28 4873.7 4516.76 1938.53 2578.23 306.675 713.088 45.4663 667.622 279.839 176.58
internal_count=174653 86703 87950 79064 75432 69527 28618 40909 8886 17176 760 16416 8536 3632
is_linear=0
shrinkage=0.03


Tree=269
num_leaves=15
num_cat=0
split_feature=1 7 5 15 16 15 0 17 20 17 13 17 15 13
split_gain=9.82451 7.81635 8.27127 5.54573 8.47556 6.48229 7.985 4.89159 4.0815 3.83045 3.68813 3.88641 2.81735 2.1888
threshold=4.5000000000000009 451.00000000000006 6.5000000000000009 154.50000000000003 9.0000000000000018 18.500000000000004 1250.0000000000002 37.498437500000009 2.5000000000000004 36.833974358974366 0.12228949505682062 38.183602150537645 19.500000000000004 0.04403907401245425
decision_type=2 10 2 10 8 10 2 8 2 8 8 8 10 8
left_child=1 10 7 5 9 6 -2 -3 -7 -5 12 -12 -1 -4
right_child=3 2 13 4 -6 8 -8 -9 -10 -11 11 -13 -14 -15
leaf_value=-0.0053836483168196734 0.0012218195135060683 0.0036256368376461311 0 0 0.00080888100555898416 0.0024387828122697437 -0.0030781424277214011 0.0011636933883492487 -0.00018180620486052106 -0.012047627118802539 0 0.012654641162433268 -0.00068254586077521836 -0.0097812079104821845
leaf_weight=211.7050191743765 477.65368500398472 1071.9144268371165 8.1654407721944136 13.750606637448071 73.691312794107944 644.1645291110035 1386.0225970332976 3377.4284058469348 2642.8313706833869 115.45200704969466 20.093432992696762 25.653276443481445 454.65478640678339 64.517546165734529
leaf_count=6343 8105 12436 437 256 1709 10716 22883 54464 41264 3017 220 540 10073 2190
internal_value=0.000186517 0.00112133 0.00159875 -0.00069964 -0.00557399 -0.000473318 -0.00189549 0.00179389 0.000289119 -0.0102267 -0.00169125 0.0052731 -0.0024285 -0.00776256
internal_weight=10587.7 5234.13 4522.03 5353.57 202.894 5150.67 1863.68 4449.34 3287 129.203 712.107 45.7467 666.36 72.683
internal_count=174653 86703 69527 87950 4982 82968 30988 66900 51980 3273 17176 760 16416 2627
is_linear=0
shrinkage=0.03


Tree=270
num_leaves=11
num_cat=0
split_feature=17 2 17 14 20 23 13 15 10 2
split_gain=8.48042 9.30443 13.3999 8.72763 9.35328 8.84197 6.96162 6.85156 4.26984 3.33086
threshold=35.967261904761912 4.5000000000000009 37.801282051282058 1.5000000000000002 1.5000000000000002 8.5000000000000018 0.090110766426555911 15.500000000000002 0.267948717948718 2.5000000000000004
decision_type=8 2 10 10 2 2 10 8 8 2
left_child=8 3 7 4 -2 -5 -4 -3 -1 -10
right_child=1 2 6 5 -6 -7 -8 -9 9 -11
leaf_value=0 0.0025902372107096837 -0.0080471689184945221 -0.0080019221263898325 0.0011535392131607905 -0.0022593337929232979 -0.00351909436586196 0 0.0010542963584442477 0.0004539096983820499 0.019270804445480551
leaf_weight=22.626224113628268 417.21314391726628 77.717964611481875 394.9593417160213 6556.5100876067299 1786.4455659547821 367.40066040819511 137.98693189676851 723.5757177118212 34.515957026742399 34.153918743133545
leaf_count=350 8855 1023 7784 110866 27705 5120 1667 10663 316 304
internal_value=8.45575e-05 0 -0.0023322 0.000345424 -0.00126948 0.000881588 -0.00599662 0 0.0089467 0.0125216
internal_weight=10553.1 10461.8 1334.24 9127.57 2203.66 6923.91 532.946 801.294 91.2961 68.6699
internal_count=174653 173683 21137 152546 36560 115986 9451 11686 970 620
is_linear=0
shrinkage=0.03


Tree=271
num_leaves=15
num_cat=0
split_feature=11 6 23 23 23 4 7 16 7 11 7 13 3 16
split_gain=9.0185 8.1066 7.20145 10.225 8.97722 8.13612 5.6873 5.47701 4.36742 4.12755 4.02476 3.6233 4.68937 1.44753
threshold=7.4558441558441571 53.500000000000007 5.5000000000000009 8.5000000000000018 1.0000000180025095e-35 9.5000000000000018 415.00000000000006 7.0000000000000009 489.00000000000006 7.7464285714285728 493.00000000000006 0.064390622339117118 5.5000000000000009 1.0000000180025095e-35
decision_type=10 2 2 2 2 2 10 8 10 10 8 10 2 10
left_child=2 11 4 7 5 -1 -6 -4 9 -3 -5 -2 -13 -10
right_child=1 8 3 10 6 -7 -8 -9 13 -11 -12 12 -14 -15
leaf_value=0 -0.00013387642017881004 0 0.0039184507780922811 0 -0.011348157486083577 0.0045302091417767911 -0.00049848399323110509 0 -0.0036754950563938787 -0.0097315701093705267 -0.0069679603694911352 0 0.017434930898755089 0.00061022067784861249
leaf_weight=890.47096874099225 44.703896722290665 55.060604537371546 1274.2137709455565 309.11376584833488 40.312716000480577 636.35945751378313 6372.8482806687243 364.43973094969988 100.97269625449553 215.84606202994473 107.3292970075272 26.91620661271736 23.316135741770267 91.685420423280448
leaf_count=15023 2411 1802 17759 4012 1739 10331 93809 6816 3661 10878 1162 1047 755 3448
internal_value=8.17368e-05 -0.00359069 0.000303635 0.00188772 -8.84215e-05 0.00195254 -0.000598843 0.00299179 -0.00535454 -0.00789558 -0.0020847 0.00335805 0.00891226 -0.000913207
internal_weight=10553.6 558.501 9995.09 2055.1 7939.99 1526.83 6413.16 1638.65 463.565 270.907 416.443 94.9362 50.2323 192.658
internal_count=174653 24002 150651 29749 120902 25354 95548 24575 19789 12680 5174 4213 1802 7109
is_linear=0
shrinkage=0.03


Tree=272
num_leaves=15
num_cat=0
split_feature=11 17 6 2 17 20 7 11 17 11 9 3 4 7
split_gain=8.50967 8.13861 7.6815 7.35862 11.8702 7.62467 4.17309 3.38095 2.85555 4.52382 2.23485 2.04569 1.42031 0.2651
threshold=7.4558441558441571 40.402941176470598 53.500000000000007 4.5000000000000009 37.898809523809533 8.5000000000000018 493.00000000000006 7.7464285714285728 38.367333333333342 7.8032258064516133 10.500000000000002 6.5000000000000009 4.5000000000000009 497.00000000000006
decision_type=10 10 2 2 10 2 10 10 10 10 2 2 2 10
left_child=1 3 8 5 -5 -1 7 -4 13 -10 -3 -12 -8 -2
right_child=2 10 6 4 -6 -7 12 -9 9 -11 11 -13 -14 -15
leaf_value=0.0013286446216797319 -0.0025963743201693579 0 0 0.00031734332923819442 -0.0055517270710242579 -0.00063171784318638753 -0.0050232648410730753 -0.0090650510594033912 -0.00029558101600568701 0.012041832554705235 -0.0086834990323602767 0 0.0002900657643179183 0
leaf_weight=6124.3737007884774 30.719864156562835 10.652183553203939 60.839774882420897 831.08615914918482 452.56758042983711 2398.4152599293739 46.404248205479234 232.32723480183631 11.620255462825297 47.970474706031382 130.77374243899249 49.833054924150929 121.75893086008728 4.9895078698173156
leaf_count=89806 1281 232 1974 11644 6992 35594 1754 11664 399 2343 4683 1700 4397 190
internal_value=7.74446e-05 0.000293027 -0.00349572 0.000428124 -0.00164898 0.000759339 -0.00522544 -0.00742983 0.0032251 0.00747706 -0.00570395 -0.00672599 -0.000412609 -0.00023264
internal_weight=10554.3 9997.7 556.63 9806.44 1283.65 8522.79 461.33 293.167 95.3001 59.5907 191.259 180.607 168.163 35.7094
internal_count=174653 150651 24002 144036 18636 125400 19789 13638 4213 2742 6615 6383 6151 1471
is_linear=0
shrinkage=0.03


Tree=273
num_leaves=15
num_cat=0
split_feature=11 17 17 2 6 7 11 11 17 11 15 2 20 17
split_gain=8.06289 7.68758 7.28618 7.81915 7.23695 4.01098 3.77254 3.56809 2.65044 4.29569 2.45909 2.79499 2.27884 1.31236
threshold=7.4558441558441571 40.402941176470598 35.967261904761912 4.5000000000000009 53.500000000000007 489.00000000000006 7.7464285714285728 3.2124060150375944 38.367333333333342 7.8032258064516133 21.500000000000004 2.5000000000000004 1.5000000000000002 38.598387096774196
decision_type=10 10 8 2 2 10 10 10 10 8 10 2 2 10
left_child=1 2 7 -4 8 6 -6 -1 -2 -10 12 -12 -3 -7
right_child=4 10 3 -5 5 13 -8 -9 9 -11 11 -13 -14 -15
leaf_value=0.012000501693227876 -0.00017424430913052139 0 0.0006600948092705313 -0.0018447485747247921 0 -0.0034872581807650583 -0.0093439039058896174 0 -0.00028943664275432466 0.011594561288381666 0.00032028209231388795 -0.0073230949564388114 -0.014369994973069454 0.00058241540397521469
leaf_weight=67.755110804922879 35.636330336797982 18.247790143825114 8451.0675328306388 1267.6379514555447 55.060604537371546 100.12596415029839 212.09596425644122 23.17914130538702 11.617122093681244 48.510828619357198 80.871165340766311 47.872665123548359 43.280261190840974 91.91282406123355
leaf_count=582 1471 499 124616 18489 1802 3540 10878 349 399 2343 2995 1879 1242 3569
internal_value=7.33071e-05 0.000283213 0.000414588 0.000317174 -0.00340989 -0.00510119 -0.00756105 0.00870304 0.00306204 0.00714939 -0.00555898 -0.00156784 -0.01091 -0.000812824
internal_weight=10554.9 9999.91 9809.64 9718.71 554.96 459.195 267.157 90.9343 95.7643 60.128 190.272 128.744 61.5281 192.039
internal_count=174653 150651 144036 143105 24002 19789 12680 931 4213 2742 6615 4874 1741 7109
is_linear=0
shrinkage=0.03


Tree=274
num_leaves=15
num_cat=0
split_feature=11 17 17 2 6 10 7 11 13 17 15 2 20 16
split_gain=7.64701 7.31665 6.82433 7.36624 6.7837 3.93671 3.82892 3.60036 3.31346 5.06755 2.36703 2.67608 2.18712 1.35112
threshold=7.4558441558441571 40.402941176470598 35.967261904761912 4.5000000000000009 53.500000000000007 0.267948717948718 489.00000000000006 7.7464285714285728 0.064390622339117118 38.367333333333342 21.500000000000004 2.5000000000000004 1.5000000000000002 1.0000000180025095e-35
decision_type=10 10 8 2 2 8 10 10 10 10 10 2 2 10
left_child=1 2 5 -4 8 -1 7 -6 -2 -10 12 -12 -3 -8
right_child=4 10 3 -5 6 -7 13 -9 9 -11 11 -13 -14 -15
leaf_value=0 -0.00041576980313991408 0 0.00063998119981328113 -0.0017921213280480879 0 0.011785249308993443 -0.0034945447215468267 -0.0091488402209888124 0 0.014744510374841258 0.00031114873339299545 -0.0071669001310417698 -0.014138997026146859 0.00069200521883575072
leaf_weight=21.871386611834168 45.151582101359963 18.247790143825114 8455.2634679784533 1265.8911908264272 55.060604537371546 69.552419875748456 100.32133839651942 210.25440650456585 17.604694617912173 33.524858269374818 80.894105540355667 47.562251129187644 42.757410816848278 91.450604613404721
leaf_count=311 2411 499 124616 18489 1802 620 3661 10878 586 1216 2995 1879 1242 3448
internal_value=6.9312e-05 0.000273807 0.00040206 0.000307091 -0.00332761 0.00840496 -0.0049772 -0.00739357 0.00288174 0.00824375 -0.00543686 -0.00149849 -0.0107155 -0.00076894
internal_weight=10555.4 10002 9812.58 9721.15 553.368 91.4238 457.087 265.315 96.2811 51.1296 189.462 128.456 61.0052 191.772
internal_count=174653 150651 144036 143105 24002 931 19789 12680 4213 1802 6615 4874 1741 7109
is_linear=0
shrinkage=0.03


Tree=275
num_leaves=15
num_cat=0
split_feature=5 2 11 7 11 14 11 11 11 5 20 15 15 16
split_gain=13.4125 16.4509 9.80201 7.85834 7.64613 6.68861 9.24932 6.27184 4.85125 4.83445 4.39582 4.14035 2.29711 2.1003
threshold=4.5000000000000009 3.5000000000000004 3.8360215053763445 455.00000000000006 7.7464285714285728 7.5000000000000009 9.9843750000000018 7.3186653771760168 2.3431372549019613 6.5000000000000009 3.5000000000000004 19.500000000000004 17.500000000000004 -4.9999999999999991
decision_type=2 2 8 10 10 8 8 10 8 2 2 8 10 8
left_child=3 4 -3 5 9 10 -7 8 -5 -2 -1 -4 -9 -6
right_child=1 2 11 7 13 6 -8 12 -10 -11 -12 -13 -14 -15
leaf_value=0.0018657400802040362 0.0004093861267452582 0.0011261302761192201 0 0.0049185762752582607 0 0.0020960600157049632 -0.0061741795316479445 -0.0070726953193706605 0.00097393285756724069 -0.0060210811401764106 -0.0019267098172151111 -0.011625576665617629 -0.00065757291744211418 -0.010958802159718877
leaf_weight=575.36055121570826 1216.4654892382678 57.565996827557683 43.095755725167692 313.54091132059693 19.340227650478482 133.68304455792531 429.18133949115872 89.821283267345279 6468.3003589911386 109.40082734636962 516.52518902858719 262.79391718399711 259.82745122630149 74.59474142966792
leaf_count=7277 21518 621 1167 2147 1016 5104 18210 2831 83837 3589 6612 7067 9955 3764
internal_value=2.34613e-05 -0.00232987 -0.0080243 0.000519209 -0.000743823 -0.00130264 -0.00394465 0.000963575 0.00118189 -2.91281e-05 0 -0.0102192 -0.00280499 -0.00880411
internal_weight=10569.5 1783.26 363.456 8786.24 1419.8 1654.75 562.864 7131.49 6781.84 1325.87 1091.89 305.89 349.649 93.935
internal_count=174715 38742 8855 135973 29887 37203 23314 98770 85984 25107 13889 8234 12786 4780
is_linear=0
shrinkage=0.03


Tree=276
num_leaves=15
num_cat=0
split_feature=5 17 0 7 11 17 7 10 10 20 11 14 10 7
split_gain=12.6668 9.44938 8.64019 7.64815 6.71225 6.67294 6.63216 6.43309 5.85377 4.02763 4.26312 1.84589 1.82004 1.67056
threshold=4.5000000000000009 37.533974358974369 1500.0000000000002 465.00000000000006 8.0128205128205146 39.050862068965522 451.00000000000006 1.0000000180025095e-35 0.21807065217391305 3.5000000000000004 3.8360215053763445 7.5000000000000009 0.095695970695970703 453.00000000000006
decision_type=2 8 2 10 10 10 10 8 8 2 10 8 10 8
left_child=1 2 6 7 9 -5 -1 -3 -4 11 -11 -2 13 -6
right_child=4 3 8 5 12 -7 -8 -9 -10 10 -12 -13 -14 -15
leaf_value=-0.0035532185343823477 0 0.00092492768504285098 0.010379754199499082 0.0012388297076561389 0 -0.0014752678237071721 0.0019225187297470488 -0.0025979796836975212 0.0029541350914334052 0.00014586958171728409 -0.002965767092090702 0.014773514306789064 0 -0.014124018162852548
leaf_weight=226.79072850663215 22.454321225173771 596.86531816469505 171.31238817190751 3806.207696180325 6.4341989371459922 989.38210345199332 1059.0825219424441 1498.9078238410875 440.30060190148652 457.80929371155798 1202.6101679634303 11.406632593367247 17.430998527444899 61.543056738795713
leaf_count=3002 337 11516 1773 49582 506 20214 10465 35547 3874 6708 26474 383 826 3508
internal_value=2.11563e-05 0.000502816 0.00237462 0 -0.00226818 0.000646682 0.000830535 -0.00152346 0.00534461 -0.00173065 -0.0020199 0.0070282 -0.0105868 -0.0127003
internal_weight=10568.5 8788.85 1897.49 6891.36 1779.69 4795.59 1285.87 2095.77 611.613 1694.28 1660.42 33.861 85.4083 67.9773
internal_count=174715 135973 19114 116859 38742 69796 13467 47063 5647 33902 33182 720 4840 4014
is_linear=0
shrinkage=0.03


Tree=277
num_leaves=15
num_cat=0
split_feature=11 6 11 20 9 23 20 23 13 17 13 11 7 7
split_gain=10.2862 8.52756 8.50616 8.52051 6.93272 6.09193 5.05559 4.46875 4.31115 3.71001 3.05196 2.91869 2.80809 0.671975
threshold=7.5508620689655181 53.500000000000007 2.3431372549019613 3.5000000000000004 15.500000000000002 1.0000000180025095e-35 6.5000000000000009 1.5000000000000002 0.050217395413901973 36.833974358974366 0.063497368644427482 8.7303030303030322 503.00000000000006 497.00000000000006
decision_type=10 2 8 2 2 2 2 2 8 10 10 10 8 10
left_child=2 10 6 5 -5 -4 13 -8 9 -3 -2 -10 -12 -1
right_child=1 8 3 4 -6 -7 7 -9 11 -11 12 -13 -14 -15
leaf_value=0.00041735288688489713 0 0 0.004059292939597124 0.00027714939722173063 -0.0017475321112340729 0.00060967709661793163 0.012679381161758013 0.0029601314979368562 -0.00027058381064861049 -0.012737227064429252 0.011522014118268576 -0.0073828806378216623 0 -0.0038959449079470718
leaf_weight=76.517510402947664 39.564603752456605 4.0708761150017372 575.56569038564339 3162.2736080305185 2754.8460012101568 3163.8687074137852 88.147785751149058 204.65793606825173 198.68774738674983 113.95421030023135 42.006831463892013 103.11246128589846 5.959785772021859 33.909160017967224
leaf_count=560 2228 227 10815 43580 44360 50288 656 1525 6607 6852 1552 5060 187 218
internal_value=2.10155e-05 -0.00410942 0.000246172 5.10851e-05 -0.000640837 0.00118541 0.0044928 0.00655351 -0.00601313 -0.0113898 0.00323178 -0.00327019 0.00837284 0
internal_weight=10567.1 507.357 10059.8 9656.55 5917.12 3739.43 403.232 292.806 419.825 118.025 87.5312 301.8 47.9666 110.427
internal_count=174715 22713 152002 149043 87940 61103 2959 2181 18746 7079 3967 11667 1739 778
is_linear=0
shrinkage=0.03


Tree=278
num_leaves=15
num_cat=0
split_feature=14 10 15 17 17 6 15 14 2 21 10 9 6 9
split_gain=6.44073 6.40417 6.90186 6.19792 5.88879 11.3528 11.2955 10.7828 14.8851 6.17984 6.16249 4.20105 2.85486 2.74497
threshold=10.500000000000002 0.14760348583878 28.500000000000004 38.367333333333342 37.750757575757582 54.250000000000007 70.500000000000014 1.5000000000000002 4.5000000000000009 1.0000000180025095e-35 0.37171052631578955 13.500000000000002 56.750000000000007 13.500000000000002
decision_type=10 10 10 10 10 2 8 10 2 2 10 2 2 2
left_child=4 2 -2 12 5 6 -1 10 -9 -7 -6 -4 -3 -5
right_child=1 3 11 13 7 9 -8 8 -10 -11 -12 -13 -14 -15
leaf_value=0.001591313489103357 -0.0099995332536325626 -0.0052104512564582189 0.0038765011341659046 0 -0.0059066329807053574 0.0032954784000638346 -0.0034946292846018455 0.00057970595582644492 -0.0052363483967983546 0.00059219155370676007 0.0029090534895516258 -0.0036028180200132539 0.0016581809117834994 0.011554534704953389
leaf_weight=689.41735578840598 155.7391968362499 102.21733220014721 67.909149969927967 25.010735082440078 448.61831430997699 1661.4329976877198 834.21109049580991 3995.4939109468833 434.54996716883034 1704.1490107099526 57.029372215270996 276.31931496364996 61.789907756727189 52.689876751974225
leaf_count=7586 9447 2825 2616 682 6263 21719 17637 58388 6444 21588 572 15487 1625 1836
internal_value=2.04643e-05 -0.00264956 -0.00463045 0.00085065 0.000238528 0.000986092 -0.00109752 -0.000471885 0 0.00197409 -0.00459986 -0.00166341 -0.00176265 0.00795354
internal_weight=10566.6 741.676 499.968 241.708 9824.9 4889.21 1523.63 4935.69 4430.04 3365.58 505.648 344.228 164.007 77.7006
internal_count=174715 34518 27550 6968 140197 68530 25223 71667 64832 43307 6835 18103 4450 2518
is_linear=0
shrinkage=0.03


Tree=279
num_leaves=15
num_cat=0
split_feature=5 7 12 16 11 15 11 12 5 11 6 15 23 23
split_gain=11.6729 6.98972 6.60509 10.6268 6.25213 5.82536 5.72062 5.36454 3.53029 4.2847 3.22946 2.40708 2.34865 2.20413
threshold=4.5000000000000009 425.00000000000006 0.18210118805356904 -2.9999999999999996 8.0128205128205146 18.500000000000004 5.7161172161172171 0.070653575352602208 6.5000000000000009 3.8360215053763445 53.500000000000007 14.500000000000002 1.0000000180025095e-35 5.5000000000000009
decision_type=2 10 10 10 10 8 8 10 2 10 2 8 2 2
left_child=1 6 5 -4 8 -3 7 -1 9 -2 -6 -10 -12 -8
right_child=4 2 3 -5 10 -7 13 -9 11 -11 12 -13 -14 -15
leaf_value=-0.0054982180874961145 0.0011623509141564796 -0.0012854208041821089 0.010136246585448634 0 0 0.00079349246649564043 -0.011103658374896699 0.010574284280368875 0 -0.002160923687978399 0 -0.0079599306814671904 -0.01467753534888694 0
leaf_weight=27.564743728376925 438.56982661690563 1431.2443263884634 165.09839387983084 267.25688208267093 9.2142687919549626 6741.9618393955752 93.157496875617653 29.566267078742385 12.933462753426282 1117.2429010714404 12.876321923453359 121.78900317149237 62.015939814504236 35.152511950116605
leaf_count=407 6099 20093 1040 1537 555 106472 4720 318 458 23122 730 4223 3555 1386
internal_value=2.00423e-05 0.000482355 0.000623389 0.0042534 -0.00218074 0.000410541 -0.00511938 0.000586913 -0.00166019 -0.0011273 -0.0102802 -0.00648002 -0.0124198 -0.00871207
internal_weight=10565.6 8791 8605.56 432.355 1774.64 8173.21 185.441 57.131 1690.54 1555.81 84.1065 134.722 74.8923 128.31
internal_count=174715 135973 129142 2577 38742 126565 6831 725 33902 29221 4840 4681 4285 6106
is_linear=0
shrinkage=0.03


Tree=280
num_leaves=14
num_cat=0
split_feature=5 7 10 14 7 15 15 14 0 11 11 20 14
split_gain=8.7482 7.53946 6.4345 7.17195 4.95691 4.13055 2.37849 1.56831 1.06268 0.18809 0.137645 0.1079 0.0594722
threshold=6.5000000000000009 415.00000000000006 0.44949494949494956 1.5000000000000002 505.00000000000006 21.500000000000004 27.500000000000004 3.5000000000000004 1950.0000000000002 6.4023809523809536 4.6631205673758878 9.5000000000000018 4.5000000000000009
decision_type=2 10 10 10 10 8 8 8 2 10 10 2 8
left_child=1 6 3 -3 -4 11 10 -7 -9 -8 -1 -2 -13
right_child=5 2 4 -5 -6 7 9 8 -10 -11 -12 12 -14
leaf_value=0 0.0023892381741207089 -0.0015115923563625798 0.00037219943207174116 0.00033272948750856415 0.01089456843112744 0 -0.01403442229602251 -0.013144247284716566 0 0 -0.0028920126460265363 0 -0.0017411829661302762
leaf_weight=16.481355147203434 12.01154128834605 2500.7956415568478 140.9303771648556 7644.2841716459952 80.216180039569736 25.647825779393315 41.403719366295263 77.587042096303776 6.9403738668188444 3.5310429434757671 9.811573497951029 9.4981593769043702 12.655000759288667
leaf_count=444 410 40550 1237 123691 575 472 2238 3518 279 295 341 186 618
internal_value=-0.000182956 -6.52567e-05 0 -0.000107644 0.00500874 -0.00740246 -0.00946572 -0.010165 -0.012194 -0.0134032 0 0 0
internal_weight=10581.8 10437.5 10366.2 10145.1 221.147 144.34 71.2277 110.175 84.5274 44.9348 26.2929 34.1647 22.1532
internal_count=174854 169371 166053 164241 1812 5483 3318 4269 3797 2533 785 1214 804
is_linear=0
shrinkage=0.03


Tree=281
num_leaves=14
num_cat=0
split_feature=5 10 10 13 11 6 12 15 12 3 20 13 12
split_gain=8.33191 6.11527 5.91831 9.40454 7.50011 5.30102 6.33885 3.99222 3.50374 1.02569 0.103215 0.0933936 0.0721148
threshold=6.5000000000000009 0.44949494949494956 0.040408163265306128 0.098365110477548132 3.1686991869918706 56.250000000000007 0.11011303195960168 21.500000000000004 0.15940958605664493 6.5000000000000009 9.5000000000000018 0.071151858599744489 0.028395535468955787
decision_type=2 10 8 8 10 2 10 8 10 2 2 8 8
left_child=1 2 4 -4 -1 9 -7 10 12 -3 -2 -12 -9
right_child=7 5 3 -5 -6 6 -8 8 -10 -11 11 -13 -14
leaf_value=0.0062740939292525583 0.0023350163525410711 0 -0.001151734804936229 0.001298366402262848 0.00047577581209081127 0.020070297051437824 0 0 0 0.0045920037932603869 0 -0.0022486128830193929 -0.011989971677772092
leaf_weight=229.92214519716799 12.037459194194524 114.19770914316177 6161.0046955449507 1773.889935172163 2049.2155432549771 33.767722049728036 32.93535203114152 5.9558881041593841 6.6928334571421138 41.362638683989644 10.508582520298662 11.623796437401323 96.577435705345124
leaf_count=1413 410 955 108422 20687 37027 317 211 402 101 339 443 361 3766
internal_value=-0.000177558 -6.26475e-05 -0.000185016 -0.000584636 0.00113884 0.00478106 0.011757 -0.00724599 -0.00998328 0.000582627 0 0 -0.0116273
internal_weight=10579.7 10436.3 10214 7934.89 2279.14 222.263 66.7031 143.396 109.226 155.56 34.1698 22.1324 102.533
internal_count=174854 169371 167549 129109 38440 1822 528 5483 4269 1294 1214 804 4168
is_linear=0
shrinkage=0.03


Tree=282
num_leaves=15
num_cat=0
split_feature=5 17 14 2 5 11 23 15 4 14 2 13 13 11
split_gain=7.86838 8.06472 7.22116 14.7056 10.655 6.31336 4.31938 3.83704 2.05839 1.55079 0.990217 0.355917 0.0742059 0.252643
threshold=6.5000000000000009 36.5014705882353 1.5000000000000002 4.5000000000000009 2.5000000000000004 2.8786764705882359 6.5000000000000009 21.500000000000004 4.5000000000000009 3.5000000000000004 4.5000000000000009 0.080268813022653665 0.04403907401245425 4.5976190476190482
decision_type=2 8 10 2 2 10 2 8 2 8 2 8 8 10
left_child=1 5 4 -4 -3 6 -1 12 -7 11 -11 -9 -2 -14
right_child=7 2 3 -5 -6 8 -8 9 -10 10 -12 -13 13 -15
leaf_value=0.0093877547795944948 0.0024801724871892543 0.0018887613494224882 0.00071360946775369865 -0.0034585016460163317 -0.0026610408240641706 0.0050992004339896662 0 7.6705238835525174e-05 -0.0021719501391234911 -0.012736103018111088 0 -0.0044136934755555843 0 -0.0029187701139498194
leaf_weight=180.08302581077442 5.8571868082508436 558.09142457600683 6643.7171083875 848.52521187555976 2010.4554328667 43.186974001117051 28.271918428130448 13.979855204001071 122.10511604091153 75.713641942711547 7.0335612078197292 11.437498895451425 6.6243799058720496 21.69013265054673
leaf_count=1609 270 9967 109494 13556 32326 564 246 282 1609 3427 370 190 138 806
internal_value=-0.000170107 -5.83602e-05 -0.000234159 0.000219103 -0.00161243 0.00421962 0.00763094 -0.00706404 0 -0.00977164 -0.0117919 0 0 0
internal_weight=10576.8 10434.4 10060.8 7492.24 2568.55 373.647 208.355 142.336 165.292 108.165 82.7472 25.4174 34.1717 28.3145
internal_count=174854 169371 165343 123050 42293 4028 1855 5483 2173 4269 3797 472 1214 944
is_linear=0
shrinkage=0.03


Tree=283
num_leaves=13
num_cat=0
split_feature=5 17 7 12 9 11 23 14 3 17 12 11
split_gain=7.4478 7.55377 7.36221 9.81941 7.78288 5.87694 4.08994 3.50727 2.02457 1.44754 1.2947 0.0569642
threshold=6.5000000000000009 36.5014705882353 467.00000000000006 0.12654889139596884 9.5000000000000018 2.8786764705882359 6.5000000000000009 3.5000000000000004 5.5000000000000009 36.10208333333334 0.1075172273062615 5.9888888888888898
decision_type=2 8 10 10 2 10 2 8 2 8 10 8
left_child=1 5 3 -3 -4 6 -1 11 -7 -9 -11 -2
right_child=7 2 4 -5 -6 8 -8 9 -10 10 -12 -13
leaf_value=0.0090614880345177388 0 -0.0021763308751926815 0.0058681737666632632 0.0025501458119284288 9.107833475481203e-05 0.0025155701319332707 0 0 -0.0040330434500057619 -0.01197559413313258 0 0.0017696712917078202
leaf_weight=181.13376649562269 24.202146507799625 2639.4763743642252 214.30761081539094 433.59613977279514 6771.3337742146105 98.504270531702787 28.271918428130448 6.6287563950754693 66.755382121074945 82.732866197591648 16.41841775085777 11.370410710573195
leaf_count=1609 391 59593 2201 3767 99782 1307 246 227 866 4218 392 255
internal_value=-0.0001648 -5.59901e-05 -0.000226821 -0.00145766 0.000293837 0.00407784 0.0073563 -0.00689494 0 -0.00955509 -0.0104699 0
internal_weight=10574.7 10433.4 10058.7 3073.07 6985.64 374.665 209.406 141.353 165.26 105.78 99.1513 35.5726
internal_count=174854 169371 165343 63360 101983 4028 1855 5483 2173 4837 4610 646
is_linear=0
shrinkage=0.03


Tree=284
num_leaves=12
num_cat=0
split_feature=0 3 20 14 1 15 15 14 11 4 11
split_gain=6.7856 5.20024 6.41251 13.997 6.30499 3.83347 4.38464 3.64475 4.25237 2.71758 0.509506
threshold=2250.0000000000005 7.5000000000000009 3.5000000000000004 2.5000000000000004 6.5000000000000009 42.500000000000007 112.50000000000001 3.5000000000000004 6.1441558441558453 13.500000000000002 4.1702898550724647
decision_type=2 2 2 8 2 10 10 10 10 2 10
left_child=1 2 3 -1 -4 9 -7 10 -9 -3 -2
right_child=7 5 4 -5 -6 6 -8 8 -10 -11 -12
leaf_value=0.0044996465088985678 0.0028311441811249192 0.0023138280670979799 -0.00051427050386478534 -0.00042158353432705364 -0.0028522120111123621 0.0056118347418109968 -8.4350312421486512e-05 0.015502408937494685 0 -0.00074321071038741307 -0.0025399032401674424
leaf_weight=627.76779066585004 29.813413206487894 390.76712752552703 4057.1433569418732 2741.3546815554146 1509.5658677925821 314.37404685886577 116.3696902343072 48.219773265067488 23.624691976234317 690.28604402206838 22.826594917103648
leaf_count=3866 294 5186 66369 54766 24157 5301 2358 785 731 10802 239
internal_value=-0.000158897 -0.000257204 -0.000544635 0.000456241 -0.00117718 0.00133903 0.00374541 0.00662468 0.0107999 0.000229264 0
internal_weight=10572.1 10447.6 8935.83 3369.12 5566.71 1511.8 430.744 124.484 71.8445 1081.05 52.64
internal_count=174854 172805 149158 58632 90526 23647 7659 2049 1516 15988 533
is_linear=0
shrinkage=0.03


Tree=285
num_leaves=13
num_cat=0
split_feature=10 14 14 13 10 6 3 13 13 6 13 0
split_gain=5.46929 9.73433 7.37411 9.88315 6.90946 9.41304 5.67195 3.18772 2.25848 3.91258 0.672682 0.364416
threshold=0.48333333333333339 1.5000000000000002 2.5000000000000004 0.11114361875040636 0.17445652173913045 56.250000000000007 4.5000000000000009 0.081303225495162987 0.092224920610417691 56.250000000000007 0.043569567115410913 1650.0000000000002
decision_type=10 8 8 10 8 2 2 10 10 2 10 2
left_child=1 4 3 -3 10 -6 -4 11 -9 -10 -1 -2
right_child=7 2 6 -5 5 -7 -8 8 9 -11 -12 -13
leaf_value=0 -0.0026685981339128959 0.0026187842449693034 -0.0012822533127239617 -0.0042855881698095422 -0.0035953707890313087 0.0045909658063402678 0.0003413023794671479 0.013801078914220614 0 0.010035325985350887 -0.010251221355624129 0.0010107675133196117
leaf_weight=14.391221733763812 35.897285301238298 1588.6044901236892 3398.0657660977449 192.2062683403492 598.54797991365194 141.96007799822837 4270.7782218290959 40.237401394173503 74.718265917152166 37.764117885380983 125.65878575574607 30.949222452938557
leaf_count=291 345 10542 69663 1088 6752 1603 80974 336 556 273 2013 293
internal_value=-0.000122778 -0.000237167 2.89701e-05 0.00177967 -0.00324663 -0.00180453 -0.000358915 0.00447652 0.00683539 0.00258551 -0.00951249 0
internal_weight=10549.8 10330.2 9449.65 1780.81 880.558 740.508 7668.84 219.566 152.72 112.482 140.05 66.8465
internal_count=174729 172926 162267 11630 10659 8355 150637 1803 1165 829 2304 638
is_linear=0
shrinkage=0.03


Tree=286
num_leaves=11
num_cat=0
split_feature=17 14 5 2 15 21 15 15 3 3
split_gain=6.54854 6.53183 6.53326 17.4206 9.99927 5.6 6.95831 6.53948 4.32616 7.27729
threshold=35.967261904761912 1.5000000000000002 3.5000000000000004 3.5000000000000004 47.500000000000007 1.0000000180025095e-35 112.50000000000001 71.500000000000014 3.5000000000000004 6.5000000000000009
decision_type=8 8 2 2 10 2 10 10 2 2
left_child=8 5 4 -4 -3 6 -2 -7 -1 -10
right_child=1 2 3 -5 -6 7 -8 -9 9 -11
leaf_value=0 -0.0086946857911896717 3.3540812910876879e-05 0.00014428930875672836 -0.0046539906316891647 0.0032574100697786235 0.00082003117272288128 0.0008570884044452337 -0.0052888034239346009 0.019429787316971085 0
leaf_weight=26.706637606024742 220.93684955500066 4672.000979246106 2848.7808845536783 868.28341803629883 1086.6148408588488 490.55576066486537 59.028014738112688 210.82376723270863 37.514369766227901 26.447015927638859
leaf_count=291 2470 72688 51751 16778 21100 5683 769 2556 375 268
internal_value=-0.000118646 -0.000204017 2.2174e-05 -0.000941005 0.000670188 -0.00252919 -0.0061747 -0.000828278 0.00765549 0.0117372
internal_weight=10547.7 10457 9475.68 3717.06 5758.62 981.344 279.965 701.38 90.668 63.9614
internal_count=174729 173795 162317 68529 93788 11478 3239 8239 934 643
is_linear=0
shrinkage=0.03


Tree=287
num_leaves=15
num_cat=0
split_feature=23 19 23 12 23 16 0 15 12 13 6 15 12 11
split_gain=5.00801 9.9074 6.76978 8.87824 8.32908 7.83158 5.66102 5.54167 5.48369 4.84491 4.61119 4.03763 2.44377 1.9608
threshold=1.0000000180025095e-35 1.0000000180025095e-35 5.5000000000000009 0.080192362795162439 8.5000000000000018 7.0000000000000009 1175.0000000000002 134.50000000000003 0.047514415634966861 0.064877655291183625 54.250000000000007 90.500000000000014 0.023643742033745613 5.4932432432432448
decision_type=2 2 2 8 2 10 2 10 8 8 2 10 10 8
left_child=1 9 3 6 5 -4 -2 8 -3 12 -5 -6 -1 -11
right_child=2 7 4 10 11 -7 -8 -9 -10 13 -12 -13 -14 -15
leaf_value=0.0031009727934701173 0.0037839959362661367 0 0.0027272127999405748 -0.0017559812951382699 -0.0036556630382521952 -0.0032129352446728246 -0.0022222661889771721 -0.0057196616997093799 0.0064564547197925419 -0.00051266477567566728 0.00085797524596930804 0.0045779000872273922 -0.0039121584397286543 0.002700989758181201
leaf_weight=22.918206266593188 125.24924241611734 131.43102193367667 1580.9262003288604 781.27612111670896 404.61550392350182 202.26065024500713 3321.6812930305023 29.583624978084117 492.36645828047767 212.91149098891765 2495.6566113941371 42.269814318045974 365.00410253833979 337.99060080340132
leaf_count=1043 2510 3842 26468 8728 5452 3629 72762 712 6673 2186 25604 793 8304 6023
internal_value=-0.000113652 0.00141354 -0.0004026 -0.000889466 0.000996936 0.00196246 -0.0019554 0.00425887 0.00501237 -0.000419827 0.000187333 -0.00250289 -0.00308188 0.00119571
internal_weight=10546.1 1592.21 8953.94 6723.86 2230.07 1783.19 3446.93 653.381 623.797 938.824 3276.93 446.885 387.922 550.902
internal_count=174729 28783 145946 109604 36342 30097 75272 11227 10515 17556 34332 6245 9347 8209
is_linear=0
shrinkage=0.03


Tree=288
num_leaves=11
num_cat=0
split_feature=17 10 15 16 23 4 23 16 11 15
split_gain=6.13275 6.65882 5.39579 5.12476 5.06841 11.6748 7.12226 2.12268 1.23263 0.0504785
threshold=35.967261904761912 0.4188596491228071 267.50000000000006 7.0000000000000009 1.0000000180025095e-35 9.5000000000000018 5.5000000000000009 15.000000000000002 3.3266666666666671 41.500000000000007
decision_type=8 8 10 10 2 2 2 10 8 10
left_child=1 9 4 8 5 -2 -6 -5 -4 -1
right_child=2 -3 3 7 6 -7 -8 -9 -10 -11
leaf_value=0 -0.00059988546043908885 0.013589264561727391 0 0.0045083113510012499 -0.00090205304335828017 0.0045323391959363477 0.0010526159172352038 -0.0056243313196874846 -0.013968814474421689 -0.0014601517140770623
leaf_weight=18.894641815684736 911.95686304895207 55.916634164750576 10.229766916483639 34.691908091073856 6574.9235488737468 650.71067209471948 2190.37463281909 29.890009758993983 50.663004028843716 16.308502662461251
leaf_count=226 16707 486 115 853 106787 11400 35483 774 1676 222
internal_value=-0.000110035 0.00739501 -0.000193301 -0.00627636 -0.00010188 0.00144918 -0.000396173 0 -0.0121655 0
internal_weight=10544.6 91.1198 10453.4 125.475 10328 1562.67 8765.3 64.5819 60.8928 35.2031
internal_count=174729 934 173795 3418 170377 28107 142270 1627 1791 448
is_linear=0
shrinkage=0.03


Tree=289
num_leaves=11
num_cat=0
split_feature=17 14 23 5 12 15 12 6 8 12
split_gain=5.73343 6.11854 7.23745 6.15694 9.6044 8.45841 4.5386 3.82954 2.29497 0.215629
threshold=35.967261904761912 1.5000000000000002 3.5000000000000004 3.5000000000000004 0.080192362795162439 141.50000000000003 0.12654889139596884 56.250000000000007 1.0000000180025095e-35 0.081921990438939593
decision_type=8 8 2 2 8 8 8 2 2 8
left_child=8 2 6 4 -3 -5 -2 -4 9 -1
right_child=1 3 7 5 -6 -7 -8 -9 -10 -11
leaf_value=0.014359747020128377 -0.0061087628646270464 -0.00039038839597832346 -0.00061523665005078546 -0.00031452963102115858 0.0020459692232783545 -0.0047223181930352697 0 0.0065853780138323496 0 0.00059350854971481064
leaf_weight=29.717011326923966 433.99801282677799 3218.159955114359 303.85107772052288 3254.7598533602431 2541.6960361455567 458.33202549465932 167.43200904875994 73.692980136722326 32.413413644302636 29.425145968794823
leaf_count=368 5816 68818 3474 57328 24970 11201 1303 885 337 229
internal_value=-0.000106661 -0.000187794 -0.00244176 3.04797e-05 0.000659544 -0.000904575 -0.00450314 0.000465846 0.00713198 0.0104293
internal_weight=10543.5 10451.9 978.974 9472.95 5759.86 3713.09 601.43 377.544 91.5556 59.1422
internal_count=174729 173795 11478 162317 93788 68529 7119 4359 934 597
is_linear=0
shrinkage=0.03


Tree=290
num_leaves=15
num_cat=0
split_feature=20 0 0 3 15 15 12 14 13 6 12 12 12 15
split_gain=7.26832 6.62926 8.72991 11.0787 8.42425 7.29053 8.04542 4.42771 4.79373 4.10294 3.5928 3.14312 1.71703 5.17069
threshold=1.5000000000000002 1250.0000000000002 1650.0000000000002 7.5000000000000009 18.500000000000004 134.50000000000003 0.094112045174491774 3.5000000000000004 0.081505775754712947 55.750000000000007 0.10504423405452572 0.098133384073305005 0.039724321193385509 77.500000000000014
decision_type=2 2 2 2 10 8 10 10 10 2 8 8 8 8
left_child=7 5 3 -3 -4 6 -2 12 11 -10 -7 -9 13 -1
right_child=1 2 4 -5 -6 10 -8 8 9 -11 -12 -13 -14 -15
leaf_value=0.007384479659225506 0.0033199727002449215 -0.0029770493686615807 -0.0017560544229070362 0.0028132366429447619 0.00099981766920435389 -0.0043744373027209578 -0.00080764598369328445 -0.0042104615556726697 0.007659379812829748 -0.0019657655094006054 0.0017761378691514935 0.0020474243614619428 0.0038499707696630081 -0.0048017896317203877
leaf_weight=46.863172909244895 1343.6188851229381 1988.0680913915858 1427.4369673319161 319.35336500406265 3230.2474227151833 265.74959831126034 542.60624671261758 237.10093836463057 99.478644466493279 28.549370849505067 80.507730531971902 62.952136234380305 818.84261738043278 74.17266111029312
leaf_count=431 25287 33392 23266 5041 50381 7208 5136 7510 1819 421 1000 851 10130 3001
internal_value=0.000163614 -0.000124873 -0.000595652 -0.00210644 0.00012208 0.00127492 0.00205428 0.00220592 0 0.00439224 -0.00251241 -0.00239378 0.00335978 0
internal_weight=10565.5 9197.59 6965.11 2307.42 4657.68 2232.48 1886.23 1367.96 428.081 128.028 346.257 300.053 939.878 121.036
internal_count=174874 150711 112080 38433 73647 38631 30423 24163 10601 2240 8208 8361 13562 3432
is_linear=0
shrinkage=0.03


Tree=291
num_leaves=14
num_cat=0
split_feature=4 9 12 12 0 7 12 1 14 0 12 10 7
split_gain=7.07952 9.05873 7.00121 6.97633 6.78455 8.89196 8.47809 6.11539 3.75631 3.64023 4.54553 1.99343 0.830709
threshold=15.500000000000002 15.500000000000002 0.026909005449764354 0.031958510043799189 1250.0000000000002 503.00000000000006 0.039414772369317834 1.5000000000000002 5.5000000000000009 1750.0000000000002 0.036735796425539431 0.22401433691756276 485.00000000000006
decision_type=2 2 8 10 2 10 8 2 8 2 8 8 10
left_child=1 2 8 -4 6 -6 -3 12 -1 10 -9 -11 -2
right_child=7 4 3 -5 5 -7 -8 9 -10 11 -12 -13 -14
leaf_value=0 -0.0075866652981531673 -0.0044051255782889959 0.0070687290264588856 0.00086466484503233795 -0.002520904307491998 0.00087348922387738741 0.0018985138542505708 0 -0.008002914906746943 0.0056341578194783921 0.0097702299510469808 -0.0031203956662597719 0
leaf_weight=97.11325940862298 22.773160316050053 215.9687098711729 172.9233590613585 4986.6080532842316 2624.1215021081734 863.05546769080684 1160.8559166607447 23.315625118324533 110.0713711346034 35.26247290475294 190.45884798606858 47.994630804052576 15.91028676368296
leaf_count=1243 439 7042 4505 71458 48609 12565 18712 736 4996 608 2947 772 242
internal_value=0.000158736 2.36428e-06 0.000866339 0.00110828 -0.00092001 -0.00163781 0.000788811 0.00441386 -0.004336 0.00611415 0.00815994 0 -0.00441352
internal_weight=10566.4 10230.7 5366.72 5159.53 4864 3487.18 1376.82 335.715 207.185 297.032 213.774 83.2571 38.6834
internal_count=174874 169130 82202 75963 86928 61174 25754 5744 6239 5063 3683 1380 681
is_linear=0
shrinkage=0.03


Tree=292
num_leaves=14
num_cat=0
split_feature=11 0 3 12 0 3 15 12 5 18 23 12 12
split_gain=8.60617 6.19139 6.87832 7.15016 5.84403 8.58185 8.45759 4.81598 3.52104 1.21744 0.538281 0.763456 0.510576
threshold=9.4058823529411786 1250.0000000000002 7.5000000000000009 0.026909005449764354 1650.0000000000002 7.5000000000000009 18.500000000000004 0.11968294521695429 3.5000000000000004 23.000000000000004 1.5000000000000002 0.082294588036658109 0.053416992596633205
decision_type=10 2 2 8 2 2 10 10 2 2 2 10 8
left_child=1 2 3 -1 5 -3 -6 -4 9 -2 12 -12 -10
right_child=8 4 7 -5 6 -7 -8 -9 10 -11 11 -13 -14
leaf_value=-0.0060915589129937227 -0.014980621985648614 -0.002009741983222913 0.0066899581156292668 0.0012527676057803683 -0.0012729492653235316 0.0027269920188942817 0.0012996170122831711 -0.00089375429958059099 0.0061651461617905096 0 -0.0054357760698701086 0 0
leaf_weight=116.20939222350717 46.578826933400705 2328.0672978847288 332.59651152649894 2149.5987535023596 1681.3149070197251 375.28830751217902 3424.6943974704482 53.21193091571331 7.3455123296007487 4.7913388456217936 34.320917075965554 6.4802003051154307 6.8678144719451675
leaf_count=3582 3132 38290 5633 34900 27185 5807 51807 415 680 417 2436 227 363
internal_value=0.000153592 0.000255706 0.0015122 0.000797451 -0.000152428 -0.00129297 0.000422753 0.00526212 -0.00810149 -0.0136347 0 -0.00321948 0.000711344
internal_weight=10567.4 10461 2651.62 2265.81 7809.36 2703.36 5106.01 385.808 106.385 51.3702 55.0144 40.8011 14.2133
internal_count=174874 167619 44530 38482 123089 44097 78992 6048 7255 3549 3706 2663 1043
is_linear=0
shrinkage=0.03


Tree=293
num_leaves=13
num_cat=0
split_feature=11 20 4 9 11 11 17 5 11 8 14 23
split_gain=8.18977 6.79647 7.83175 8.28901 7.04756 4.93044 6.12019 3.41913 0.882448 0.860062 0.681135 0.548005
threshold=9.4058823529411786 1.5000000000000002 15.500000000000002 15.500000000000002 6.0845238095238097 3.0217391304347831 39.034057971014498 3.5000000000000004 11.205263157894739 2.5000000000000004 4.5000000000000009 1.5000000000000002
decision_type=10 2 2 2 8 8 8 2 10 2 10 2
left_child=1 5 3 -3 -4 -1 -7 9 11 10 -2 -9
right_child=7 2 4 -5 -6 6 -8 8 -10 -11 -12 -13
leaf_value=0.012055512840986351 0 0.00062278809381013836 0.0090933400098032555 -0.0012131671861691305 0 -0.00044320636854483058 0.0034857942963230121 0.00559060250864306 -0.006690183907106342 0 -0.015456356553265082 0
leaf_weight=44.733284529298544 4.0148003585636607 4749.1397058453877 152.46487195510417 4069.3589014986064 130.30422455631196 551.91076501831412 765.05762945488095 10.780100195668636 12.74416036903858 3.8724217987619332 42.823415058199316 31.356466094264761
leaf_count=264 70 69841 1761 69635 2840 6965 16313 721 1112 264 3215 1873
internal_value=0.000147897 0.000247534 -3.2485e-05 -0.000207634 0.00481719 0.00222214 0.00173033 -0.0079335 0 -0.0134231 -0.014442 0
internal_weight=10568.6 10463 9101.27 8818.5 282.769 1361.7 1316.97 105.591 54.8807 50.7106 46.8382 42.1366
internal_count=174874 167619 144077 139476 4601 23542 23278 7255 3706 3549 3285 2594
is_linear=0
shrinkage=0.03


Tree=294
num_leaves=14
num_cat=0
split_feature=11 9 3 17 7 3 7 5 18 13 11 14 14
split_gain=7.85528 5.60504 5.91587 6.29146 4.2695 3.84399 3.81311 3.27256 1.17437 0.879746 0.848884 0.391888 0.203055
threshold=9.4058823529411786 9.5000000000000018 7.5000000000000009 38.701612903225815 477.00000000000006 6.5000000000000009 455.00000000000006 3.5000000000000004 23.000000000000004 0.0694719510776282 11.205263157894739 4.5000000000000009 8.5000000000000018
decision_type=10 2 2 8 10 2 10 2 2 8 10 10 10
left_child=1 5 4 -4 -3 6 -1 8 11 -7 12 -2 -9
right_child=7 2 3 -5 -6 9 -8 10 -10 -11 -12 -13 -14
leaf_value=0 0 -0.00093466303043798088 0.003363586166984167 -0.00049812472722885273 0.00039341848966832914 0.0028499689319130559 0.0081727305351495649 0.0028184255193210036 0 -0.0028085494560832675 -0.0065769763702292856 -0.015496315115645006 0
leaf_weight=25.676022100728005 4.3653418086469165 3842.4159950036556 940.50572044448927 531.65355198131874 4853.931411131518 28.601783443242311 181.06609425786883 18.006155954673886 4.7606452491600058 60.777158961631358 12.661935870070009 40.951873056823388 24.187840704107657
leaf_count=439 75 72124 12275 10209 69697 401 1892 624 417 582 1112 3057 1970
internal_value=0.00014306 0.00024067 0.000106013 0.00187046 -0.000176346 0.00428797 0.00651818 -0.00779497 -0.0132194 0 0 -0.0145703 0
internal_weight=10569.6 10464.6 10168.5 1472.16 8696.35 296.121 206.742 104.934 50.0779 89.3789 54.8559 45.3172 42.194
internal_count=174874 167619 164305 22484 141821 3314 2331 7255 3549 983 3706 3132 2594
is_linear=0
shrinkage=0.03


Tree=295
num_leaves=15
num_cat=0
split_feature=9 17 16 14 4 6 6 13 17 10 10 9 16 16
split_gain=7.2858 10.0525 5.92289 5.78869 6.26566 5.99193 5.53837 9.79937 6.11834 5.32409 4.95335 4.80731 4.71063 4.45998
threshold=15.500000000000002 36.420256410256421 3.0000000000000004 1.5000000000000002 15.500000000000002 56.750000000000007 55.250000000000007 0.049186346019595102 39.101923076923086 0.25403225806451618 0.040408163265306128 11.500000000000002 -2.9999999999999996 -6.9999999999999991
decision_type=2 8 10 8 2 2 2 8 10 10 10 2 8 10
left_child=6 2 9 5 -5 -3 7 11 -9 -2 13 -1 -12 -8
right_child=1 3 -4 4 -6 -7 10 8 -10 -11 12 -13 -14 -15
leaf_value=0.0043150685160619545 0.012504330280571949 -0.0065452420645784439 -7.2196079496787813e-05 -0.0010534943581214306 0.0032873782225184521 0.00034613157627683773 -0.0016656752570242254 0.0031157659633136965 -0.00081966443321420019 0 0.0012268470971651207 -0.0038091763822149603 -0.0028540137062203728 0.0020526441239427091
leaf_weight=59.293797535356134 101.1022660061717 323.44824044685811 57.376691286917776 4254.9321023845114 303.37544658710249 113.02540592569858 360.76375486608595 2047.1318591986783 359.10335820820183 33.422582427039742 297.20320071280003 368.01957996748388 862.83150153839961 1007.6352837157901
leaf_count=1335 1364 4267 739 78989 5270 1452 5580 27584 7664 302 4327 9774 11495 14229
internal_value=0 -0.000800216 0.0057314 -0.00108665 -0.000728434 -0.00443723 0.000776106 0.00169173 0.00246576 0.00919568 -0.000192115 -0.00229802 -0.00167896 0.000960636
internal_weight=10548.7 5186.68 191.902 4994.78 4558.31 436.474 5361.98 2833.55 2406.24 134.525 2528.43 427.313 1160.03 1368.4
internal_count=174371 92383 2405 89978 84259 5719 81988 46357 35248 1666 35631 11109 15822 19809
is_linear=0
shrinkage=0.03


Tree=296
num_leaves=9
num_cat=0
split_feature=7 3 13 23 13 23 23 1
split_gain=7.08751 6.30837 5.61756 5.17068 12.2413 8.37091 3.99047 1.87268
threshold=399.00000000000006 1.5000000000000002 0.1333578973225252 1.0000000180025095e-35 0.060960552745098935 1.5000000000000002 2.5000000000000004 3.5000000000000004
decision_type=10 2 8 2 10 2 2 2
left_child=-1 2 6 4 -3 -5 -2 -4
right_child=1 3 7 5 -6 -7 -8 -9
leaf_value=-0.015537749551776893 -0.00016444434993609139 -0.001313325157173821 0 -0.0021797101247938624 0.0042213902009062814 0.00042855090829974302 -0.0044581192245056996 0.01030682539712984
leaf_weight=21.35250857216306 414.46674606529996 554.0255912845023 18.730915267020464 1319.1779756455217 866.8703523366712 6760.2191092409194 561.29599418840371 31.997200715355575
leaf_count=980 7299 12840 246 20106 12372 110297 9852 379
internal_value=0 3.98166e-05 -0.00217152 0.000295545 0.0019611 0 -0.00279741 0.00634679
internal_weight=10548.1 10526.8 1026.49 9500.29 1420.9 8079.4 975.763 50.7281
internal_count=174371 173391 17776 155615 25212 130403 17151 625
is_linear=0
shrinkage=0.03


Tree=297
num_leaves=15
num_cat=0
split_feature=20 17 3 0 10 23 17 7 23 23 10 17 7 13
split_gain=7.3092 10.683 7.17867 6.72765 10.5648 5.70028 7.0624 5.67049 6.64204 5.47265 4.51172 3.19029 1.60794 2.16669
threshold=3.5000000000000004 40.402941176470598 7.5000000000000009 1650.0000000000002 0.26491228070175443 1.0000000180025095e-35 39.372077922077928 511.00000000000006 5.5000000000000009 1.0000000180025095e-35 0.4188596491228071 37.598529411764709 493.00000000000006 0.10811791472168832
decision_type=2 10 2 2 8 2 8 10 2 2 10 8 10 10
left_child=1 5 7 4 -4 6 -1 8 -2 -5 -9 -7 13 -3
right_child=2 12 3 9 -6 11 -8 10 -10 -11 -12 -13 -14 -15
leaf_value=0.0078288776958838797 -0.00212095009216447 -0.0097871376859492241 0.00034900179977147598 0.005974363221989281 0.010164967509588828 0.0033244967136056513 0.00051726761831397399 0.00020428441610790337 0.00049154878395699119 -0.0021327804167873927 0.0084815458837993914 0.00039999916199730435 0 0
leaf_weight=262.20703426818363 3571.2443036981858 98.862150378990918 303.37806886364706 81.996101118857041 171.67164598451927 413.33978881314397 303.61562594631687 945.91204790445045 1043.8911203788593 419.10195824224502 62.403704643249512 2810.7293873354793 52.153395826462656 7.7696073763072482
leaf_count=3656 60339 4233 5131 1260 2290 4199 6741 13571 17226 6143 462 47573 1366 181
internal_value=0 0.00102 -0.000610907 0.00170078 0.00427765 0.00137517 0.00420721 -0.00103999 -0.00149767 -0.000463883 0.000903908 0.000825953 -0.00632464 -0.0084648
internal_weight=10548.3 3948.68 6599.6 976.148 475.05 3789.89 565.823 5623.45 4615.14 501.098 1008.32 3224.07 158.785 106.632
internal_count=174371 67949 106422 14824 7421 62169 10397 91598 77565 7403 14033 51772 5780 4414
is_linear=0
shrinkage=0.03


Tree=298
num_leaves=15
num_cat=0
split_feature=17 3 16 15 5 13 3 23 11 16 1 15 1 12
split_gain=6.44128 5.38929 6.98033 13.0502 8.54447 4.95961 4.18738 3.87634 2.70099 4.78135 3.32861 1.94844 1.62258 1.5968
threshold=40.102272727272734 1.5000000000000002 -2.9999999999999996 119.50000000000001 2.5000000000000004 0.1333578973225252 3.5000000000000004 2.5000000000000004 9.2546296296296315 -2.9999999999999996 1.5000000000000002 49.500000000000007 3.5000000000000004 0.034837108330108828
decision_type=10 2 8 10 2 8 2 2 8 10 2 10 2 8
left_child=1 5 3 -3 -4 7 11 -1 9 -8 -10 13 -7 -2
right_child=6 2 4 -5 -6 12 8 -9 10 -11 -12 -13 -14 -15
leaf_value=0 0 0.0026519196259259413 0.002814103516505127 -0.007348934359775015 -0.00041812944826313494 0 -0.0050791039581265839 -0.0041912371435588562 0.0035607398107512836 0.0094526438365357245 -0.0056162512354634665 0 0.0097743156131285432 -0.013857548555681406
leaf_weight=403.89666664786637 8.6990038549993169 1831.9372904635966 824.35908025503159 113.82847262616269 6449.9995761176106 18.568910951726139 16.275845368392766 543.44794955826364 22.14548967173323 44.522124742157757 141.24531270400621 36.729490514378995 31.691568685695529 59.38408382050693
leaf_count=6885 517 29305 13023 2762 101102 243 405 9282 789 1064 5326 1640 367 1661
internal_value=0 0.000136946 0.000377559 0.00197263 -2.95525e-05 -0.00192804 -0.00409667 -0.0025403 -0.000936519 0.00319239 -0.00341285 -0.00913968 0.00608344 -0.0122274
internal_weight=10546.7 10217.7 9220.12 1945.77 7274.36 997.605 329.001 947.345 224.189 60.798 163.391 104.813 50.2605 68.0831
internal_count=174371 162969 146192 32067 114125 16777 11402 16167 7584 1469 6115 3818 610 2178
is_linear=0
shrinkage=0.03


Tree=299
num_leaves=15
num_cat=0
split_feature=9 12 7 14 0 12 13 15 14 12 5 11 14 15
split_gain=6.87455 5.10561 5.04574 10.8148 5.76926 4.85175 4.36228 4.00385 10.8114 5.05915 3.66556 3.25103 5.32553 3.9155
threshold=15.500000000000002 0.02641089819733974 439.00000000000006 6.5000000000000009 1250.0000000000002 0.14364307000505552 0.095523672515220814 26.500000000000004 4.5000000000000009 0.1028739979480759 3.5000000000000004 7.0960061443932423 3.5000000000000004 19.500000000000004
decision_type=2 10 10 8 2 8 10 10 10 10 2 8 10 10
left_child=1 11 3 -2 10 -6 -5 8 -3 -9 -4 13 -13 -1
right_child=2 7 4 6 5 -7 -8 9 -10 -11 -12 12 -14 -15
leaf_value=-0.0077060948398945629 0 0.0012429020729358884 0.0024821074489652832 -0.013653356929200822 -0.001694008999145009 0.0011360041973783196 0 0.0028134702699846082 -0.0030895142187444568 -7.8744911773655956e-05 -0.00048868812565165817 0 -0.012325952216309239 0.0044692943890637929
leaf_weight=29.050759485922754 179.07412574160844 2161.9949893387966 772.56051862658933 102.67070147255436 2925.2229606986511 600.12078032828867 17.739904182497412 1632.0630956043024 671.29602107545361 668.10669650416821 585.26337788021192 67.434356156736612 64.036197447683662 70.189810015261173
leaf_count=460 2545 23339 12243 6746 54087 5127 640 29945 16366 5726 10995 1619 3262 1271
internal_value=0 0.000754077 -0.000777257 -0.00458896 -0.000508344 -0.00116884 -0.0113463 0.00097437 0.000159933 0.00190998 0.00109444 -0.00342789 -0.00646028 0
internal_weight=10546.8 5364.17 5182.65 299.485 4883.17 3525.34 120.411 5133.46 2833.29 2300.17 1357.82 230.711 131.471 99.2406
internal_count=174371 81988 92383 9931 82452 59214 7386 75376 39705 35671 23238 6612 4881 1731
is_linear=0
shrinkage=0.03


Tree=300
num_leaves=15
num_cat=0
split_feature=7 5 3 7 23 15 15 18 11 12 10 18 12 10
split_gain=8.74794 6.73878 5.12291 5.11033 5.12513 4.59433 10.8457 3.59951 3.57602 2.91232 4.14793 2.74234 2.65265 2.01878
threshold=523.00000000000011 5.5000000000000009 4.5000000000000009 423.00000000000006 1.0000000180025095e-35 28.500000000000004 55.500000000000007 2.5000000000000004 4.1558704453441306 0.13726305830152363 0.30217391304347835 6.5000000000000009 0.071185798907707029 0.074537037037037054
decision_type=10 2 2 10 2 8 8 2 8 10 10 2 8 8
left_child=1 3 7 8 -5 13 -7 12 -1 10 -3 -9 -2 -4
right_child=2 9 5 4 -6 6 -8 11 -10 -11 -12 -13 -14 -15
leaf_value=0.00090163908610469421 -0.0057158165174635046 -0.0057383064685439097 -0.0033790676819286367 0.001716232387941339 -0.00027548282753866776 0.0181014074079624 0.0029199433808896748 0.010784210239836578 -0.0075362290941161482 0.00053635667826342132 0.0049105188052742683 0 0 0.003060897535573199
leaf_weight=23.056278187781572 89.819306661374867 374.43315475690179 47.392329868394881 1359.861890866654 7804.4256466594525 68.28557794727385 189.34843759471551 37.968885309994221 133.10248587396927 54.806499186903238 17.005110889673233 59.75452098203823 152.21675984747708 129.19422189705074
leaf_count=240 1732 12887 632 23368 120858 915 2572 360 5825 759 329 1232 1534 1422
internal_value=-4.08018e-06 -0.000262144 0.00304059 -7.23202e-05 4.47772e-06 0.00518595 0.00778292 0 -0.00537033 -0.00384973 -0.00484123 0.00496195 -0.0016958 0.000461034
internal_weight=10540.7 9766.69 773.98 9320.45 9164.29 434.221 257.634 339.759 156.159 446.245 391.438 97.7234 242.036 176.587
internal_count=174665 164266 10399 150291 144226 5541 3487 4858 6065 13975 13216 1592 3266 2054
is_linear=0
shrinkage=0.03


Tree=301
num_leaves=15
num_cat=0
split_feature=20 14 17 2 5 10 14 0 3 11 11 17 16 11
split_gain=5.98858 8.86617 9.88182 7.4248 12.107 7.08482 6.43025 8.03882 7.00743 6.22384 5.70989 4.76678 3.97988 3.77358
threshold=3.5000000000000004 1.5000000000000002 36.601190476190489 1.5000000000000002 3.5000000000000004 0.267948717948718 3.5000000000000004 1250.0000000000002 3.5000000000000004 9.2041666666666675 8.0128205128205146 39.125657894736854 -1.0000000180025095e-35 2.5166666666666671
decision_type=2 10 8 2 2 8 10 2 2 8 10 10 8 10
left_child=6 2 13 5 -5 -3 8 10 -1 -9 -8 -4 -10 -2
right_child=1 3 11 4 -6 -7 7 9 12 -11 -12 -13 -14 -15
leaf_value=-0.00030452016021339221 0.0092690241978949373 0.0033056737983317413 -0.0028258521400865962 0.0014329133068664813 -0.001985597719910334 -0.0015246204955349032 0.0038292193247446062 0.00031980220008155728 0.0061556521397174028 -0.0041335288222083726 -0.007458418542418117 -0.011565156478232761 0.0020542898633926338 0
leaf_weight=791.97367546800524 73.184218235313892 970.14844380388968 1251.1998581364751 1472.1429826240055 2402.6508441010956 327.86372270178981 413.20460210554302 424.72536047408357 327.63071539532393 594.43475370318629 32.172635120805353 69.33497734554112 1356.4646462071687 32.293000318109989
leaf_count=10974 561 17035 17429 20789 44596 4693 8973 8263 2199 16801 1660 1087 19241 364
internal_value=-1.54496e-06 -0.000568125 -0.00265813 0 -0.000647975 0.00196931 0.000908733 -0.000589441 0.00185473 -0.00213868 0.00260703 -0.00343977 0.00295685 0.00548271
internal_weight=10539.4 6598.82 1426.01 5172.81 3874.79 1298.01 3940.61 1464.54 2476.07 1019.16 445.377 1320.53 1684.1 105.477
internal_count=174665 106554 19441 87113 65385 21728 68111 35697 32414 25064 10633 18516 21440 925
is_linear=0
shrinkage=0.03


Tree=302
num_leaves=15
num_cat=0
split_feature=23 2 5 14 12 12 21 10 19 1 0 10 12 14
split_gain=7.32028 9.24213 9.90827 9.77726 6.33184 5.77097 5.70213 5.23267 4.50118 4.29953 4.14744 2.96435 2.49714 6.66591
threshold=1.0000000180025095e-35 1.5000000000000002 4.5000000000000009 1.5000000000000002 0.081585525924069591 0.054058892404757079 1.0000000180025095e-35 0.14119601328903655 1.0000000180025095e-35 2.5000000000000004 1650.0000000000002 0.267948717948718 0.045979680851631781 5.5000000000000009
decision_type=2 2 2 8 10 10 2 10 2 2 2 8 8 8
left_child=5 3 9 10 -5 12 8 -4 -7 -3 -2 -8 13 -1
right_child=1 2 7 4 -6 6 11 -9 -10 -11 -12 -13 -14 -15
leaf_value=0.0056703086776707899 -0.0090567293117385286 0.0010009408494641699 -0.005539993309363664 0.0030148563361239921 -9.6055314973052754e-05 0.0021058331866984068 -0.0016002917089096493 -0.00048283651010273506 0.0078358302615419914 -0.0009239105448904662 0 0.0034566414913917019 -0.0035973249710757405 -0.0028938435939802483
leaf_weight=141.07210065983236 100.8494477532804 1322.4019532208331 595.85245454241522 1426.0712385340594 846.98747261893004 397.52799922600389 265.31931123929098 367.87840276444331 286.38435715809464 4191.1567290008534 97.297683008015156 160.34820014378056 175.034882980166 164.24076186260208
leaf_count=1944 1139 20290 15311 29710 8691 5308 4126 6436 3487 63201 1114 1798 4127 7983
internal_value=-1.55109e-06 -0.000349258 -0.000957529 0.00118322 0.00179216 0.00185634 0.00306829 -0.00377686 0.00476243 -0.000434574 -0.00493602 0 -0.000636917 0.000607508
internal_weight=10538.4 8948.5 6477.29 2471.21 2273.06 1589.93 1109.58 963.731 683.912 5513.56 198.147 425.668 480.348 305.313
internal_count=174665 145892 105238 40654 38401 28773 14719 21747 8795 83491 2253 5924 14054 9927
is_linear=0
shrinkage=0.03


Tree=303
num_leaves=15
num_cat=0
split_feature=1 5 2 15 14 16 4 17 16 15 11 2 5 15
split_gain=5.42457 5.63671 15.5174 10.7483 9.78138 7.63537 6.89117 4.45413 4.81606 6.28018 6.05997 4.45244 3.99916 3.82568
threshold=6.5000000000000009 3.5000000000000004 2.5000000000000004 33.500000000000007 1.5000000000000002 -2.9999999999999996 2.5000000000000004 38.050757575757586 -1.0000000180025095e-35 63.500000000000007 5.1348484848484857 2.5000000000000004 3.5000000000000004 64.500000000000014
decision_type=2 2 2 10 8 8 2 10 8 10 10 2 2 8
left_child=1 3 6 11 -5 -4 -3 12 10 -10 -9 -1 -2 -14
right_child=7 2 5 4 -6 -7 -8 8 9 -11 -12 -13 13 -15
leaf_value=-0.00091797425869832774 0.0011819257430060143 -0.0032206295616195278 0.00061788119038535801 -0.0013925080601176634 0.004600998710700222 -0.0044185492973323791 0.0019599240345200266 -0.0025899834689528732 -0.0056882940104809919 0.00036280965321381975 0.0046180834224295638 0.0012805301506224958 -0.00011137372007985785 -0.0052371724748643518
leaf_weight=1714.3175447313115 909.79115006234497 248.08457884867676 304.24345372454263 268.09295289032161 1090.5734463811386 981.75335866073146 1564.2254759811331 309.05997286504135 540.7607063872274 152.2180700332392 151.95134276454337 1570.7481711702421 527.37886712886393 205.06124942796305
leaf_count=26091 12678 4452 5931 2886 20866 17869 27111 4868 9028 3685 3979 23645 7690 3886
internal_value=-2.15565e-06 0.000392599 -0.000566644 0.0010648 0.00330759 -0.00311305 0.00116132 -0.00114743 -0.00257638 -0.00415114 0 8.79933e-05 -4.74765e-05 -0.00177563
internal_weight=10538.3 7742.04 3098.31 4643.73 1358.67 1286 1812.31 2796.22 1153.99 692.979 461.011 3285.07 1642.23 732.44
internal_count=174665 128851 55363 73488 23752 23800 31563 45814 21560 12713 8847 49736 24254 11576
is_linear=0
shrinkage=0.03


Tree=304
num_leaves=15
num_cat=0
split_feature=15 16 12 0 15 4 17 10 12 4 11 17 10 17
split_gain=5.25097 7.19072 6.58957 5.31774 7.6088 7.80526 7.51166 6.79057 5.78125 5.42722 4.87272 2.53201 2.241 1.78333
threshold=154.50000000000003 -2.9999999999999996 0.09887478276197699 1350.0000000000002 34.500000000000007 2.5000000000000004 38.280322580645169 0.028174603174603175 0.030865840117214965 4.5000000000000009 4.9023809523809536 38.798000000000009 0.24621212121212124 37.139508290451694
decision_type=10 10 8 2 8 2 10 8 10 2 8 10 10 8
left_child=3 12 11 6 7 -6 9 -5 -8 -1 -4 -3 13 -2
right_child=1 2 10 4 5 -7 8 -9 -10 -11 -12 -13 -14 -15
leaf_value=-0.0020082998216910792 0 -0.0059249719990011511 0 0.00065298745590016728 -0.002759548658609372 0.0012887428526798038 -0.0029831980817764552 -0.0020398912946734513 0.0056241832370707333 0.0013305535796699387 0.010287480927512433 0 0 -0.016169397500860359
leaf_weight=569.31382820894942 8.6872274035122228 173.28638081206009 51.175477718003094 1111.2956750490703 476.25065467366949 3045.6600820275489 54.645902876276523 2727.5896911749151 482.09252762538381 1651.4643705638591 57.721819821279496 64.095173304667696 14.942917907144873 49.964510277844965
leaf_count=9240 223 4251 471 16875 8569 53303 2396 38527 10401 25242 792 2446 263 1666
internal_value=-2.31196e-06 -0.00328281 -0.000927077 0.000120554 -0.000283985 0.000695646 0.00125327 -0.00122149 0.00445152 0.000404632 0.00444713 -0.0040522 -0.0116944 -0.0141616
internal_weight=10538.2 419.874 346.279 10118.3 7360.8 3521.91 2757.52 3838.89 536.738 2220.78 108.897 237.382 73.5947 58.6517
internal_count=174665 10112 7960 164553 117274 61872 47279 55402 12797 34482 1263 6697 2152 1889
is_linear=0
shrinkage=0.03


Tree=305
num_leaves=12
num_cat=0
split_feature=7 2 5 5 3 1 6 3 0 3 3
split_gain=7.23245 6.28325 12.1385 13.0855 8.52419 5.64614 4.21165 2.54439 1.31274 0.883566 0.060768
threshold=411.00000000000006 4.5000000000000009 3.5000000000000004 2.5000000000000004 1.5000000000000002 4.5000000000000009 52.500000000000007 1.5000000000000002 1075.0000000000002 4.5000000000000009 3.5000000000000004
decision_type=10 2 2 2 2 2 2 2 2 2 2
left_child=8 4 3 -3 6 -6 -2 -4 -1 10 -10
right_child=1 2 7 -5 5 -7 -8 -9 9 -11 -12
leaf_value=0 0.004359937824325831 -0.0025576680913646645 0 0.0048194359412179304 0.0015542979350122656 0 -0.0029904359928902644 -0.0067072999651782046 -0.0016080236673403749 -0.016925316459198154 0
leaf_weight=4.6163710355758658 56.710962982382625 566.67683916399255 42.921498380135745 341.18071997491643 4118.8363565790933 4151.5482168253511 813.17889434238896 378.1439636789728 16.15107931918465 23.958517424529418 5.7683068434707812
leaf_count=170 1236 8838 879 4377 68061 67702 14103 7009 824 1185 296
internal_value=9.20063e-05 0.000163307 -0.00173722 6.16046e-05 0.00045683 0.000767999 -0.00231761 -0.00592294 -0.0106708 -0.0121417 0
internal_weight=10519.7 10469.2 1328.92 907.858 9140.27 8270.38 869.89 421.065 50.4943 45.8779 21.9194
internal_count=174680 172205 21103 13215 151102 135763 15339 7888 2475 2305 1120
is_linear=0
shrinkage=0.03


Tree=306
num_leaves=11
num_cat=0
split_feature=7 13 15 14 15 10 12 12 14 14
split_gain=6.96633 6.13185 9.15632 8.81548 8.3782 8.83183 7.08565 6.37193 2.08179 0.510952
threshold=411.00000000000006 0.077589619679471436 112.50000000000001 3.5000000000000004 43.500000000000007 0.24621212121212124 0.14230891954248689 0.1159151483905589 2.5000000000000004 10.500000000000002
decision_type=10 8 8 8 8 8 10 8 8 10
left_child=8 2 3 -2 7 -6 -4 -3 -1 -10
right_child=1 4 6 -5 5 -7 -8 -9 9 -11
leaf_value=0 0.001598269507429918 0.00060233887763339348 -0.0037466601986755753 -0.0011205452025391861 -0.00050915830331107201 0.0033516826998881586 0.0039052408516063526 -0.0027635748543315816 -0.014132760127965275 0
leaf_weight=8.5635691117495281 1946.8963907919824 1960.9545163670555 1027.9440165089909 2361.4147009807639 677.68301846692339 1730.797990760766 98.853848237544298 665.94181351736188 37.172338255215436 4.374141560168936
leaf_count=97 16933 25532 27594 61262 11575 23502 919 4888 1849 529
internal_value=8.78212e-05 0.000157863 -0.000523249 7.37211e-05 0.000922594 0.00220439 -0.00292854 -0.000197586 -0.010512 -0.01308
internal_weight=10520.6 10470.5 5435.11 4308.31 5035.38 2408.48 1126.8 2626.9 50.11 41.5465
internal_count=174680 172205 106708 78195 65497 35077 28513 30420 2475 2378
is_linear=0
shrinkage=0.03


Tree=307
num_leaves=12
num_cat=0
split_feature=7 7 12 6 13 4 18 1 14 11 15
split_gain=6.65017 5.78292 6.0241 5.55982 5.28546 5.20802 3.74697 3.53521 2.02446 0.903116 0.548215
threshold=411.00000000000006 523.00000000000011 0.20005144032921815 55.750000000000007 0.12368696899481409 6.5000000000000009 1.0000000180025095e-35 8.5000000000000018 2.5000000000000004 4.802777777777778 76.500000000000014
decision_type=10 10 10 2 8 2 2 2 8 8 10
left_child=8 2 4 -4 -2 6 -3 -7 -1 -10 -11
right_child=1 5 3 -5 -6 7 -8 -9 9 10 -12
leaf_value=0 -0.00037995204268540997 -0.002851195044561087 0.0097185511992340431 0 0.0024165123571942729 0.0055236643156763689 0.0037682917054493777 -0.0014960105821202167 0 -0.015522294128551301 0
leaf_weight=8.5635691117495281 8792.3720373644028 196.92190086841583 102.49877438507974 157.3949663862586 640.49020297080278 428.11667236452922 116.88629423128441 36.410751750227064 5.7848312724381676 32.119948323816061 3.1634232429787508
leaf_count=97 152407 2713 616 986 7775 5549 1671 488 94 2029 255
internal_value=8.41318e-05 0.000152653 -3.24628e-05 0.00440904 -0.000172999 0.00263492 0 0.0046439 -0.0103174 -0.0128759 -0.0144835
internal_weight=10520.7 10471.1 9692.76 259.894 9432.86 778.336 313.808 464.527 49.6318 41.0682 35.2834
internal_count=174680 172205 161784 1602 160182 10421 4384 6037 2475 2378 2284
is_linear=0
shrinkage=0.03


Tree=308
num_leaves=15
num_cat=0
split_feature=17 13 1 12 10 15 13 16 15 20 16 4 23 13
split_gain=6.17396 7.21886 6.27416 6.01326 6.8365 5.8812 4.76953 4.60836 4.29152 8.64258 5.4999 3.73238 2.17524 0.841108
threshold=38.050757575757586 0.04673196357413812 5.5000000000000009 0.10660820735447603 0.060915275200989494 21.500000000000004 0.043569567115410913 17.000000000000004 28.500000000000004 7.5000000000000009 -2.9999999999999996 2.5000000000000004 4.5000000000000009 0.090466522626999155
decision_type=8 8 2 10 10 8 10 8 10 2 10 2 2 10
left_child=7 3 11 4 -2 -4 -5 8 10 -10 -1 -3 13 -9
right_child=1 2 5 6 -6 -7 -8 12 9 -11 -12 -13 -14 -15
leaf_value=0.0027179002563067181 -0.0057357389898428897 -0.0017333100012159601 -0.0038680919331986114 0.0064515208248569888 0.0014391571704481258 -0.00021240845051021689 -0.0056467507037411286 -0.011876156669786786 0.0047838555725318536 0.00057061722395925082 -0.00063390595533498889 0.0011206554242016115 0 0
leaf_weight=574.07615500548854 568.46708760201 443.53369776625186 624.09812541957945 88.455077170394361 109.61539492057636 1340.131514625391 26.962907323613763 34.368006278993562 710.54156093392521 1396.4994354585651 1764.8322903870139 2802.6446787274908 24.596866675186902 12.022451930679379
leaf_count=7218 20462 7880 9111 1029 3016 24592 272 650 9847 21906 20235 47926 388 148
internal_value=8.15439e-05 -0.000532882 -9.59028e-05 -0.00319582 -0.00435424 -0.00145698 0.00226246 0.000931096 0.00108398 0.0020704 0.000128829 0.000682508 -0.00611119 -0.00966006
internal_weight=10520.8 6003.91 5210.41 793.5 678.082 1964.23 115.418 4516.94 4445.95 2107.04 2338.91 3246.18 70.9873 46.3905
internal_count=174680 114288 89509 24779 23478 33703 1301 60392 59206 31753 27453 55806 1186 798
is_linear=0
shrinkage=0.03


Tree=309
num_leaves=12
num_cat=0
split_feature=7 2 5 5 3 17 15 12 11 17 17
split_gain=6.3359 5.91059 11.4856 12.2256 7.84081 5.76365 3.77449 2.55637 1.41692 0.625017 0.0612043
threshold=411.00000000000006 4.5000000000000009 3.5000000000000004 2.5000000000000004 1.5000000000000002 37.467006802721095 75.500000000000014 0.049558496744766291 5.0119047619047628 39.347017543859657 37.044636015325672
decision_type=10 2 2 2 2 8 8 10 8 10 8
left_child=8 4 3 -3 7 -6 -4 -2 -1 10 -10
right_child=1 2 6 -5 5 -7 -8 -9 9 -11 -12
leaf_value=0 0.00017397095820405873 -0.0024922540455074144 -0.0032565586912800511 0.0046334903111355536 0.0021938720734412955 0.00027030713388538483 -0.011137237877816768 -0.0031170993810497815 0 0 -0.014592871505455083
leaf_weight=11.694008862599729 188.47977894404903 565.49319081706926 309.28984086727723 342.52910442650318 1888.6258860086091 6388.6020799546968 109.87002565711737 679.25644112657756 3.4124379549175492 4.1022070718463501 29.932521041948348
leaf_count=160 5566 8838 5407 4377 23816 111947 2481 9773 82 371 1862
internal_value=7.79973e-05 0.000144982 -0.00169975 4.21225e-05 0.000429879 0.00072838 -0.00578282 -0.00223348 -0.0101212 -0.0126768 -0.0138767
internal_weight=10521.3 10472.1 1327.18 908.022 9144.96 8277.23 419.16 867.736 49.1412 37.4472 33.345
internal_count=174680 172205 21103 13215 151102 135763 7888 15339 2475 2315 1944
is_linear=0
shrinkage=0.03


Tree=310
num_leaves=15
num_cat=0
split_feature=9 1 14 23 7 7 14 2 12 0 12 15 7 15
split_gain=7.47289 7.66949 8.43881 5.87491 4.23481 2.83898 3.31776 3.19574 2.08125 5.15755 4.1486 2.38853 2.10857 0.929389
threshold=10.500000000000002 5.5000000000000009 1.5000000000000002 1.0000000180025095e-35 499.00000000000006 499.00000000000006 3.5000000000000004 2.5000000000000004 0.10660820735447603 1650.0000000000002 0.15124207175899079 147.50000000000003 479.00000000000006 21.500000000000004
decision_type=2 2 8 2 10 10 10 2 8 2 10 10 10 10
left_child=8 2 4 -4 -2 6 -3 -7 9 12 13 -11 -1 -10
right_child=1 5 3 -5 -6 7 -8 -9 10 11 -12 -13 -14 -15
leaf_value=-0.0059376176142836024 -0.0049012568727123708 -0.00076052369133514401 0.0030756156734943743 0.00033536668282086325 0 0.0015800100521530438 -0.0030345519474529021 -0.00170235416863678 -0.006054081123079526 0.0064589977013168659 0.0056864255431398423 0 0.0017886636137950601 0
leaf_weight=48.518200876191258 368.81443150807172 1597.4024724266492 868.37579083116725 4664.3928144369274 182.70129550993443 562.88147144997492 1183.4445379658137 498.27387183229439 53.166506946086884 349.25216620694846 70.405795000493526 16.593663223553449 33.518559958785772 48.400916865095496
leaf_count=747 4625 19547 16259 80417 1836 7807 29711 7058 427 4722 404 344 408 375
internal_value=-1.00386e-05 -0.000224384 0.000419776 0.000794928 -0.00304752 -0.0012827 -0.00178583 0 0.00315673 0.00422906 0 0.00583569 -0.001136 -0.00348658
internal_weight=10546.1 9926.29 6084.28 5532.77 551.516 3842 2780.85 1061.16 619.856 447.883 171.973 365.846 82.0368 101.567
internal_count=174687 167260 103137 96676 6461 64123 49258 14865 7427 6221 1206 5066 1155 802
is_linear=0
shrinkage=0.03


Tree=311
num_leaves=15
num_cat=0
split_feature=9 1 11 6 7 7 9 15 12 0 12 1 16 7
split_gain=6.98613 7.24179 3.62671 6.18163 3.53317 2.79144 4.00968 2.76024 1.94208 4.80821 3.92165 2.43612 2.03705 2.0137
threshold=10.500000000000002 5.5000000000000009 7.8675438596491238 53.500000000000007 527.00000000000011 439.00000000000006 15.500000000000002 141.50000000000003 0.10660820735447603 1650.0000000000002 0.15124207175899079 2.5000000000000004 5.0000000000000009 479.00000000000006
decision_type=2 2 10 2 10 10 2 10 8 2 10 2 8 10
left_child=8 2 4 -4 -2 6 -3 -7 9 13 12 -11 -10 -1
right_child=1 5 3 -5 -6 7 -8 -9 10 11 -12 -13 -14 -15
leaf_value=-0.0058002311611385143 0.00036419660198791043 0 0.0046498557418095518 -0.0058759952909465465 0.0035968437769692703 -0.00076093177553032644 -0.0084714388913937344 -0.0049516293880482063 0 7.3847297800934465e-05 0.0055139260241795088 0.0072171889140994205 -0.0082354959511925386 0.0017400202151343636
leaf_weight=48.299194674938917 5512.5901587235276 98.00965563673526 47.903210189659148 190.18989674816839 335.45498834596947 3465.696497797966 113.4705788360443 160.92335378704593 61.175782832317054 103.95210967911407 70.583808682858944 263.56135449791327 40.188259445130825 33.561048243194818
leaf_count=747 87253 2544 2249 9462 4173 53893 3821 3865 475 1452 404 3614 327 408
internal_value=-9.43824e-06 -0.000217406 0.000407659 -0.00308912 0.000578169 -0.00124685 -0.00475439 -0.00099475 0.00304811 0.0040809 0 0.00562746 -0.00340264 -0.00105976
internal_weight=10545.6 9924.24 6086.14 238.093 5848.05 3838.1 211.48 3626.62 621.322 449.374 171.948 367.513 101.364 81.8602
internal_count=174687 167260 103137 11711 91426 64123 6365 57758 7427 6221 1206 5066 802 1155
is_linear=0
shrinkage=0.03


Tree=312
num_leaves=15
num_cat=0
split_feature=13 12 17 23 1 15 11 14 23 15 10 23 15 13
split_gain=6.1777 7.83171 7.81222 8.55428 7.63944 6.98224 8.48117 8.42756 6.93512 8.98294 5.52079 6.39994 5.07971 4.72825
threshold=0.073795651649750979 0.11321067929539703 37.601063829787243 3.5000000000000004 5.5000000000000009 52.500000000000007 5.3693957115009754 6.5000000000000009 5.5000000000000009 83.500000000000014 0.11215932914046123 1.0000000180025095e-35 141.50000000000003 0.033347590533219278
decision_type=10 10 10 2 2 10 10 10 2 10 10 2 8 10
left_child=1 8 3 4 -2 6 -4 -7 9 -1 11 -3 -5 -10
right_child=2 10 5 12 -6 7 -8 -9 13 -11 -12 -13 -14 -15
leaf_value=-0.0013799942096420759 0.0051186819591680557 0.0098980206485303878 -0.0024934463460264933 0.0014503305852364666 0.0004641109233936918 -0.00027044656259598161 0.0017316823088843305 0.0052507052065395542 -0.0038431572609609796 -0.0065231218483427708 -0.0016919455811837895 0.0014429758568471661 -0.0028686673195819487 0.0016321747547985996
leaf_weight=2779.2083010994829 896.0796693759039 117.39650828950107 1553.4223156464286 616.47973927203566 609.5189826595597 592.70194382406771 542.62999549694359 373.28037370182574 153.07917470484972 368.39506548456848 215.37207288108766 435.62597670219839 392.65007221186534 899.00497839786112
leaf_count=61829 10663 1057 16289 6505 7366 6185 10749 9914 4399 10916 1948 3933 5916 17018
internal_value=-8.55387e-06 -0.000791357 0.00066202 0.00190821 0.00334142 -0.000313961 -0.00132673 0.00172464 -0.00132232 -0.00203892 0.00190645 0.00357924 -8.81294e-05 0.000679199
internal_weight=10544.8 4968.08 5576.76 2514.73 1505.6 3062.03 2096.05 965.982 4199.69 3147.6 768.395 553.022 1009.13 1052.08
internal_count=174687 101100 73587 30450 18029 43137 27038 16099 94162 72745 6938 4990 12421 21417
is_linear=0
shrinkage=0.03


Tree=313
num_leaves=14
num_cat=0
split_feature=9 1 17 17 23 23 11 18 17 17 17 18 17
split_gain=6.62277 6.67752 5.39968 4.7756 5.02546 4.97351 3.75152 3.08783 2.17493 3.29332 3.09721 2.89133 2.25268
threshold=10.500000000000002 5.5000000000000009 36.470135135135145 37.498437500000009 4.5000000000000009 5.5000000000000009 1.5277777777777779 19.000000000000004 39.680909090909097 37.967156862745107 37.481934731934736 4.5000000000000009 38.333974358974366
decision_type=2 2 8 10 2 2 10 2 10 8 10 2 8
left_child=8 3 6 4 -2 -5 -3 -4 9 10 -1 -10 -11
right_child=1 2 7 5 -6 -7 -8 -9 11 12 -12 -13 -14
leaf_value=0 0.0024456890963275362 0.0097674970314046306 -0.001687988309116008 -0.00098472896197057506 -0.0002617659959667223 0.0014541914022412716 0 0.0018095307946432153 0.015441302411859948 -0.0033552421991955524 0.0094403473808867006 0 0.0017491680566520688
leaf_weight=89.602497522719204 1571.3930060956627 57.121680454351008 3488.3292340592016 2636.7265850468539 860.77391506964341 1019.6898784220684 89.740589991677552 198.01064469153062 25.862428297754377 89.513206031173468 89.827209094073623 10.314820969477294 317.29367363872007
leaf_count=788 24914 537 56488 47903 12903 17417 1202 5896 467 919 867 253 4133
internal_value=-7.42811e-06 -0.000210498 -0.00120031 0.000388515 0.00142737 -0.000262546 0.00409798 -0.00145729 0.00296648 0.00214576 0.00554151 0.0107476 0.000234651
internal_weight=10544.2 9921.79 3833.2 6088.58 2432.17 3656.42 146.862 3686.34 622.414 586.237 179.43 36.1772 406.807
internal_count=174687 167260 64123 103137 37817 65320 1739 62384 7427 6707 1655 720 5052
is_linear=0
shrinkage=0.03


Tree=314
num_leaves=14
num_cat=0
split_feature=9 14 13 23 5 15 15 12 12 12 6 16 5
split_gain=6.28492 6.06061 7.29004 9.94177 5.94508 5.69179 3.12618 2.53891 1.83744 3.6936 2.01743 1.94822 1.72076
threshold=10.500000000000002 1.5000000000000002 0.12368696899481409 3.5000000000000004 6.5000000000000009 29.500000000000004 42.500000000000007 0.15940958605664493 0.10660820735447603 0.15124207175899079 57.250000000000007 5.0000000000000009 2.5000000000000004
decision_type=2 8 10 2 2 8 10 10 8 10 2 8 2
left_child=8 2 3 -2 5 -3 -4 -6 10 11 12 -10 -1
right_child=1 4 6 -5 7 -7 -8 -9 9 -11 -12 -13 -14
leaf_value=0 -0.0061885170635427407 -0.00061178638361367307 0 0.00012049081648021144 -0.0077587228278409781 0.0009018681680176908 0.0084148989006571501 0 0 0.0052779145068332211 -0.00097382755062966331 -0.0081132077108605621 0.0053642404303914206
leaf_weight=80.826960138976574 503.30950055830181 4418.6499771713279 45.909175485372543 322.10731119662523 119.4032249529846 4442.2694992565084 61.52675224468112 6.7033156473189583 61.24889240693301 70.836263068020344 19.591223729774356 40.046006885357201 350.93200366105884
leaf_count=1094 6318 62411 394 3857 5029 88636 513 102 475 404 269 327 4858
internal_value=-4.72962e-06 -0.000203113 -0.00249976 -0.00355998 1.98552e-05 0.00013022 0.00410778 -0.0063001 0.00288947 0 0.0038887 -0.00337633 0.0044614
internal_weight=10543.4 9919.88 932.853 825.417 8987.03 8860.92 107.436 126.107 623.481 172.131 451.35 101.295 431.759
internal_count=174687 167260 11082 10175 156178 151047 907 5131 7427 1206 6221 802 5952
is_linear=0
shrinkage=0.03


Tree=315
num_leaves=15
num_cat=0
split_feature=2 5 5 2 2 17 7 17 15 17 23 15 4 17
split_gain=7.37091 8.58014 8.187 13.8054 7.98404 15.1809 7.82369 6.65237 5.95851 5.3964 4.47443 9.83797 4.16352 2.90895
threshold=1.5000000000000002 3.5000000000000004 3.5000000000000004 4.5000000000000009 3.5000000000000004 38.420344827586213 463.00000000000006 39.101923076923086 90.500000000000014 38.001250000000006 5.5000000000000009 21.500000000000004 15.500000000000002 38.173508771929825
decision_type=2 2 2 2 2 10 10 10 8 8 2 10 2 10
left_child=1 10 4 9 7 -6 13 -2 -8 -4 12 -12 -1 -3
right_child=2 6 3 -5 5 -7 8 -9 -10 -11 11 -13 -14 -15
leaf_value=-0.0019062861262335844 -0.0012472845731815692 -0.0039065164081652608 0.00032976131884141662 -0.0066744438992795072 0.0036390078060397784 -0.0025288760835681157 0.0054345309026364551 0.0022291448833644703 0 -0.0024819570922426331 -0.0014048323656406796 0.006444290020674863 0.0072217092580749024 0.0024358915655208055
leaf_weight=923.52069431496784 2512.7202960501891 162.22684124275111 1487.0111431884579 422.50529236532748 1322.3933186028153 459.11790025490336 852.88778110127896 590.60230131912977 232.60357457888313 961.08390943030827 276.9537477940321 248.48928183317184 36.704434124752879 73.842515516094863
leaf_count=14943 35492 3138 23652 7907 17893 8705 12934 14335 4583 20548 4088 4206 608 1907
internal_value=8.60573e-05 0.00141329 -0.000375631 -0.001655 0.000346447 0.00196287 0.00317051 -0.000534896 0.00427981 -0.000715737 -5.45984e-05 0.0020501 -0.00136636 -0.00129101
internal_weight=10562.7 2807.23 7755.43 2870.6 4884.83 1781.51 1321.56 3103.32 1085.49 2448.1 1485.67 525.443 960.225 236.069
internal_count=174939 46407 128532 52107 76425 26598 22562 49827 17517 44200 23845 8294 15551 5045
is_linear=0
shrinkage=0.03


Tree=316
num_leaves=15
num_cat=0
split_feature=20 13 17 3 16 13 5 13 23 13 13 16 17 0
split_gain=5.56763 9.3473 6.88158 5.43012 4.75588 4.61497 4.15288 4.69064 2.96958 9.65457 4.53869 2.54903 1.58937 1.48851
threshold=8.5000000000000018 0.13742266922325533 38.320344827586219 3.5000000000000004 9.0000000000000018 0.082590189415847323 3.5000000000000004 0.18581652884568892 3.5000000000000004 0.078452460759610723 0.081303225495162987 -4.9999999999999991 37.400746268656725 1750.0000000000002
decision_type=2 10 8 2 8 8 2 8 2 8 8 10 8 2
left_child=1 2 5 -4 8 -1 12 -8 9 -2 -10 13 -6 -3
right_child=4 11 3 -5 6 -7 7 -9 10 -11 -12 -13 -14 -15
leaf_value=0.0022218425432889324 -0.0041349670312227681 0.0051727069993334866 -0.0020157573866448285 0.00024546788804026651 0.0064886410023695003 -8.7818645388018193e-05 -0.0078075772343891682 0.0032106905628175694 0.0024907527682774839 0.00064465080253227087 -0.0012704961768587257 0.0097952922808691029 -0.0013910704861044567 -0.001303483771854603
leaf_weight=2089.8620476659853 653.82068851566873 43.078441699966788 1346.0537174299825 2979.601380584063 24.980418687686324 1046.8652978483588 231.29141097725369 17.067149646580219 580.54339342424646 796.60200587846339 513.30164036108181 119.78254630882293 81.914839527569711 38.401433572173119
leaf_count=29749 12774 493 28506 57102 221 10399 4670 313 10939 10393 6762 1060 1166 392
internal_value=8.30628e-05 0.000519741 0.000324251 -0.000425056 -0.00101837 0.00140435 -0.00430359 -0.00640994 -0.000493281 -0.00141364 0.000591479 0.0068573 0 0.00048708
internal_weight=10563.2 7663.64 7462.38 4325.66 2899.52 3136.73 355.254 248.359 2544.27 1450.42 1093.85 201.262 106.895 81.4799
internal_count=174939 127701 125756 85608 47238 40148 6370 4983 40868 23167 17701 1945 1387 885
is_linear=0
shrinkage=0.03


Tree=317
num_leaves=14
num_cat=0
split_feature=7 2 23 10 7 7 17 12 13 1 23 15 10
split_gain=6.98041 7.38667 8.23424 8.05806 7.67871 7.36406 5.60947 4.51104 2.03351 1.06584 1.51929 0.0204616 0.00987121
threshold=423.00000000000006 1.5000000000000002 1.0000000180025095e-35 0.27429467084639503 483.00000000000006 463.00000000000006 37.467006802721095 0.018941956780251779 0.10227890988228312 2.5000000000000004 5.5000000000000009 50.500000000000007 0.057417582417582429
decision_type=10 2 2 8 10 10 10 10 10 2 2 8 10
left_child=8 3 4 5 -3 -2 -4 -5 9 12 -11 -10 -1
right_child=1 2 6 7 -6 -7 -8 -9 11 10 -12 -13 -14
leaf_value=-0.00053068204234779171 -0.00036783433116118467 -0.00023222333435035739 0.00033101018004640461 0.0066085753373844869 0.0042405863703112012 0.0043247368489098522 -0.001448934568051518 -0.00057869588430794539 0 -0.011212931676851254 0 0.0011522687073755927 0
leaf_weight=26.545979549875486 337.52059391117655 625.00631399545819 2501.8483805144206 78.214414811227471 632.91382076218724 1079.4269248174969 3884.087886514375 1269.2531245220453 8.7355833449400979 75.581163519760594 29.827460388187319 8.8699689414352161 5.3100160215981296
leaf_count=1245 6099 12540 35870 1879 9486 17029 66321 19602 151 3379 956 258 124
internal_value=8.0681e-05 0.00019014 -0.000274082 0.0015261 0.00190735 0.0031041 -0.000728413 -2.77096e-05 -0.00611327 -0.00740685 -0.00890947 0 0
internal_weight=10563.1 10408.3 7643.86 2764.42 1257.92 1416.95 6385.94 1347.47 154.87 137.265 105.409 17.6056 31.856
internal_count=174939 168826 124217 44609 22026 23128 102191 21481 6113 5704 4335 409 1369
is_linear=0
shrinkage=0.03


Tree=318
num_leaves=15
num_cat=0
split_feature=9 13 12 23 23 17 17 0 12 13 13 13 17 12
split_gain=3.85633 4.91359 5.10902 4.38411 4.30265 4.15092 3.8802 3.8776 2.4321 4.95643 2.41051 6.98911 3.481 1.30648
threshold=11.500000000000002 0.031479239530086994 0.12246670187173621 5.5000000000000009 1.0000000180025095e-35 38.533739837398386 38.520344827586214 1350.0000000000002 0.039414772369317834 0.080923548902988446 0.076786502332618856 0.066040882600979275 38.228801843317981 0.033235220648857665
decision_type=2 8 10 2 2 10 10 2 10 8 8 10 10 8
left_child=3 2 7 10 5 -3 -6 -2 13 -10 11 -1 -12 -5
right_child=1 4 -4 8 6 -7 -8 -9 9 -11 12 -13 -14 -15
leaf_value=0.0021839047541011704 0 0.00043005707842442897 0.0049357240673081858 0.003632676176200029 0.00015376538109004959 0.0043145550194365074 -0.001376879504122454 -0.0064095681540082506 0.010843406648932453 0 0 -0.0057251969442246109 0.0051809599333893655 -0.0058505499163874789
leaf_weight=209.52635620441288 175.29962319880724 1049.0047720333096 44.46627608127892 20.571120597422123 5590.1969454488717 373.29287888505496 1971.3227660772391 272.22557551739737 111.73899837490171 72.634554577060044 296.95547744818032 166.15553093096241 191.05376217281446 19.493485913611948
leaf_count=3494 5652 16487 441 426 81974 7623 40293 8907 1509 729 2648 2152 2211 393
internal_value=7.71691e-05 -0.00010251 -0.00301115 0.00177241 4.16781e-05 0.00156621 -0.000226103 -0.00417804 0.0055536 0.00699472 0.000590852 -0.000949333 0.00207838 0
internal_weight=10563.9 9475.81 491.991 1088.13 8983.82 1422.3 7561.52 447.525 224.438 184.374 863.691 375.682 488.009 40.0646
internal_count=174939 161377 15000 13562 146377 24110 122267 14559 3057 2238 10505 5646 4859 819
is_linear=0
shrinkage=0.03


Tree=319
num_leaves=15
num_cat=0
split_feature=14 15 16 20 2 14 5 7 5 2 2 16 15 0
split_gain=7.30151 10.3354 6.85206 8.2273 6.1343 10.5425 8.91167 7.76466 7.36897 11.1666 6.52458 5.9318 4.75865 3.5349
threshold=10.500000000000002 49.500000000000007 1.0000000180025095e-35 7.5000000000000009 1.5000000000000002 1.5000000000000002 3.5000000000000004 453.00000000000006 3.5000000000000004 4.5000000000000009 3.5000000000000004 -4.9999999999999991 97.500000000000014 1250.0000000000002
decision_type=10 10 10 2 2 8 2 10 2 2 2 8 8 2
left_child=4 11 12 -4 5 6 -1 -7 10 -10 -6 -2 -3 -13
right_child=1 2 3 -5 8 7 -8 -9 9 -11 -12 13 -14 -15
leaf_value=-0.011109223247341348 0 0 0.010545018237866455 -9.6004528172280202e-05 -0.0002478130816348426 -0.0014156556256847306 0 0.0029559033883169387 -0.00053299065395938882 -0.0062252399581032907 0.0020492672502986416 -0.00068677858158783115 -0.0094014697807222655 -0.010804698688804721
leaf_weight=95.894440110772848 75.150731031084433 109.15751359215938 96.027718601515517 112.34939398034476 2940.5720621887594 393.11149841849692 126.91268344037235 2006.4067586171441 2189.4898318666965 374.373056137003 1700.9101219167933 77.320246621966362 70.145451093325391 196.04529871162958
leaf_count=990 3927 4648 4492 4249 41023 8139 1572 26909 33006 5837 22909 3768 3394 10076
internal_value=7.61224e-05 -0.00277558 0.000241115 0.00423697 0.000306303 0.00155184 -0.00441048 0.00217588 -0.000126959 -0.00143306 0.000562988 -0.00651154 -0.00357776 -0.00854549
internal_weight=10563.9 736.196 387.68 208.377 9827.67 2622.33 222.807 2399.52 7205.35 2563.86 4641.48 348.516 179.303 273.366
internal_count=174939 34554 16783 8741 140385 37610 2562 35048 102775 38843 63932 17771 8042 13844
is_linear=0
shrinkage=0.03


Tree=320
num_leaves=15
num_cat=0
split_feature=10 11 16 23 12 17 10 12 23 23 12 20 16 17
split_gain=5.70705 7.00324 7.49918 8.99709 8.48054 5.75012 6.50078 10.0218 4.58251 4.01657 2.89182 2.39953 2.3872 1.69975
threshold=1.0000000180025095e-35 9.6770833333333339 7.0000000000000009 8.5000000000000018 0.080986677971684615 39.73923076923078 0.38675213675213682 0.036168327202482808 1.5000000000000002 3.5000000000000004 0.070352411068843712 1.5000000000000002 -1.0000000180025095e-35 37.467006802721095
decision_type=8 10 8 2 8 10 8 8 2 2 10 2 10 10
left_child=1 2 3 -1 -4 6 8 -8 -2 11 13 -7 -11 -3
right_child=5 10 4 -5 -6 9 7 -9 -10 12 -12 -13 -14 -15
leaf_value=0.0029029827791454367 -0.0027703485157584621 0 -0.0080276210913283255 -0.0043555224381009701 0.0028828100075754494 0 -0.0039529606242675267 0.0010888726314930001 -0.00041351718996682419 -0.0042041850011372344 0 -0.0084113165104952731 0.0028129469936454092 -0.012041455690759831
leaf_weight=1806.3305574504193 1125.7632114295848 3.2921891321893773 139.42952024005353 148.00231155287474 85.759767356328666 52.436187204672024 379.60974893253297 3643.1645785635337 2775.0638267155737 74.800491150235757 18.08237607171759 165.97421837435104 88.267407752340659 51.752256076782942
leaf_count=26818 17829 251 3107 1888 959 1758 12558 50992 43031 2417 848 5271 2587 4399
internal_value=-6.76844e-05 0.00125279 0.00162236 0.00226702 -0.00324855 -0.000444434 -0.000249751 0.000571541 -0.00113477 -0.00404449 -0.00724111 -0.0066692 0 -0.0105626
internal_weight=10557.7 2252.65 2179.52 1954.33 225.189 8305.08 7923.6 4022.77 3900.83 381.478 73.1268 218.41 163.068 55.0444
internal_count=174713 38270 32772 28706 4066 136443 124410 63550 60860 12033 5498 7029 5004 4650
is_linear=0
shrinkage=0.03


Tree=321
num_leaves=15
num_cat=0
split_feature=10 11 14 15 10 7 9 1 23 15 10 12 14 23
split_gain=5.35389 6.59619 8.52634 7.6743 5.60587 5.09443 4.80616 3.98696 3.69404 3.16899 3.07317 2.79369 1.94541 1.68057
threshold=1.0000000180025095e-35 9.6770833333333339 7.5000000000000009 70.500000000000014 0.38675213675213682 487.00000000000006 9.5000000000000018 6.5000000000000009 5.5000000000000009 18.500000000000004 0.57738095238095244 0.070352411068843712 6.5000000000000009 1.5000000000000002
decision_type=8 10 10 10 10 10 2 2 2 10 10 10 10 2
left_child=1 2 3 -1 6 8 13 -8 -6 -4 -7 12 -3 -2
right_child=4 11 9 -5 5 10 7 -9 -10 -11 -12 -13 -14 -15
leaf_value=0.0014195354009321987 0 0 0 -0.0050588001736481883 -0.0030883740952639149 0.0023048808954203178 -0.00032176539613367893 -0.0019187880499174153 0.0088910707294439194 0.0077909748900120172 0.012390297508848657 0 -0.012805736289352099 0.0050153355636331056
leaf_weight=1730.3059907765128 75.430884344503284 9.893476917408405 42.260220497380942 170.05652223108336 127.52021910995245 145.63380034267902 5676.4058318659663 2026.6537662539631 21.127226073294878 239.50388710806146 61.093833165243268 18.08237607171759 44.554932726314291 168.29577182373032
leaf_count=18867 782 308 1936 2459 1239 1300 96292 34323 201 9510 433 848 4342 1873
internal_value=-6.73189e-05 0.00121028 0.00156916 0.000749334 -0.000432858 0.00316099 -0.000614323 -0.00076237 -0.000175551 0.00646593 0.00621608 -0.00705704 -0.0103559 0.00338294
internal_weight=10556.8 2254.66 2182.13 1900.36 8302.16 355.375 7946.79 7703.06 148.647 281.764 206.728 72.5308 54.4484 243.727
internal_count=174713 38270 32772 21326 136443 3173 133270 130615 1440 11446 1733 5498 4650 2655
is_linear=0
shrinkage=0.03


Tree=322
num_leaves=14
num_cat=0
split_feature=20 7 20 23 11 23 12 17 23 20 5 18 12
split_gain=5.05635 8.22341 9.80579 6.92777 5.57772 4.23515 3.79471 6.93032 4.30393 3.56168 5.94249 3.6463 1.14223
threshold=3.5000000000000004 467.00000000000006 6.5000000000000009 3.5000000000000004 9.5131578947368443 6.5000000000000009 0.034532902700616881 38.280322580645169 1.0000000180025095e-35 11.500000000000002 3.5000000000000004 15.500000000000002 0.094968588436715073
decision_type=2 10 2 2 10 2 10 8 2 2 2 2 10
left_child=4 2 5 -4 6 -2 7 -1 -8 11 -11 -3 -6
right_child=1 9 3 -5 12 -7 8 -9 -10 10 -12 -13 -14
leaf_value=0.0041928479074159032 -0.007663304414253936 -0.00057472189991317321 -0.0031864530652035233 0.0013950160159575059 -0.012202928535864088 0 0.0038324286009196263 -0.0041565210803172466 0.00075149031014627146 0.0069342591315840214 0.0002620845854650555 0.0032682593190488424 0
leaf_weight=105.96162896882743 363.06369100743905 3991.4971602822188 567.61053444608115 563.21553249075077 29.367985920747742 106.50638890592381 521.93447643355466 308.22092202492058 2982.6956293850671 162.27391636325046 628.12225844571367 222.37250237632543 2.8836822323501101
leaf_count=2110 7252 56716 11277 10649 2378 1888 8259 11110 43976 1905 11193 5906 94
internal_value=-6.42822e-05 -0.000584984 -0.00245337 -0.000776463 0.000767853 -0.00612493 0.000911868 -0.0016381 0.00125787 0 0.00185549 -0.000332734 -0.010478
internal_weight=10555.7 6604.66 1600.4 1130.83 3951.06 469.57 3918.81 414.183 3504.63 5004.27 790.396 4213.87 32.2517
internal_count=174713 106786 31066 21926 67927 9140 65455 13220 52235 75720 13098 62622 2472
is_linear=0
shrinkage=0.03


Tree=323
num_leaves=15
num_cat=0
split_feature=10 23 6 15 17 10 13 1 7 23 17 15 14 17
split_gain=5.0203 6.28044 6.69532 5.96401 5.47475 5.9278 8.83438 6.05707 4.20425 3.83807 3.11262 2.23895 2.10882 1.6312
threshold=1.0000000180025095e-35 8.5000000000000018 52.500000000000007 62.500000000000007 39.73923076923078 0.38675213675213682 0.082810976094243469 6.5000000000000009 481.00000000000006 3.5000000000000004 37.750757575757582 21.500000000000004 11.500000000000002 38.350581395348847
decision_type=8 2 2 10 10 8 10 2 8 2 10 10 8 10
left_child=1 2 11 -4 5 7 -7 -2 10 -6 -3 -1 -11 -10
right_child=4 8 3 -5 9 6 -8 -9 13 12 -12 -13 -14 -15
leaf_value=0.0010554903721390972 -0.00030628440813587572 -0.0084925617303159735 0.0018934826597195643 -0.002537354645691155 -0.0065100551127391789 -0.00060649452508744961 0.0022008267948215514 -0.003067201844608609 0 0.0014554298831473153 0.0023470438754763694 0.012341274708890409 -0.0062339489031802255 -0.01425649538763676
leaf_weight=64.216467277379707 2871.4399706867989 26.921597670763731 1653.8042260771617 297.47593657579273 217.14739316608757 2304.3987267762423 1719.216387625318 1022.9757954280358 24.016808573156595 126.25010086456314 85.595514051150531 69.539225591113791 36.683700270252302 34.895068595651537
leaf_count=1105 44718 290 25615 7456 7029 44061 19489 16142 250 2913 1336 1707 2091 511
internal_value=-6.14144e-05 0.00117467 0.00168246 0.00113656 -0.000416106 -0.000225918 0.000557031 -0.00107299 -0.00402388 -0.00393429 0 0.00823726 0 -0.0101932
internal_weight=10554.6 2256.46 2085.04 1951.28 8298.11 7918.03 4023.62 3894.42 171.429 380.081 112.517 133.756 162.934 58.9119
internal_count=174713 38270 35883 33071 136443 124410 63550 60860 2387 12033 1626 2812 5004 761
is_linear=0
shrinkage=0.03


Tree=324
num_leaves=9
num_cat=0
split_feature=7 10 23 16 10 6 15 7
split_gain=4.93437 4.8532 6.0626 7.41788 5.16282 9.61198 4.4419 4.05188
threshold=399.00000000000006 1.0000000180025095e-35 8.5000000000000018 7.0000000000000009 0.38675213675213682 56.250000000000007 232.50000000000003 481.00000000000006
decision_type=10 8 2 8 10 2 10 10
left_child=-1 2 3 -2 6 -6 -3 -4
right_child=1 4 7 -5 5 -7 -8 -9
leaf_value=-0.013705296306827427 0.0023537759599829007 -0.00042624969433485504 0 -0.0032671864951830136 0 0.010220046297426724 -0.0060029942537763916 -0.0099846966909500449
leaf_weight=18.835661372169852 1870.2458966253325 7794.0471260382328 112.3614944582805 213.01286943349987 245.09546284750104 110.67574420757592 131.04817349230871 58.45554329873994
leaf_count=956 31193 129214 1619 4527 2200 966 3280 758
internal_value=-6.05952e-05 -1.5478e-05 0.00120193 0.00170076 -0.000365489 0.00308407 -0.000541108 -0.00390384
internal_weight=10553.8 10534.9 2254.08 2083.26 8280.87 355.771 7925.1 170.817
internal_count=174713 173757 38097 35720 135660 3166 132494 2377
is_linear=0
shrinkage=0.03


Tree=325
num_leaves=15
num_cat=0
split_feature=9 17 7 6 13 20 0 17 7 6 4 4 10 10
split_gain=8.84698 11.1507 11.0781 6.88413 6.35323 9.25512 6.13855 5.65954 5.92623 5.44368 4.74889 3.61256 2.95042 5.06589
threshold=14.500000000000002 37.850757575757584 495.00000000000006 52.500000000000007 0.099081631696826031 7.5000000000000009 1750.0000000000002 39.083771929824572 467.00000000000006 53.500000000000007 3.5000000000000004 2.5000000000000004 0.067231638418079109 0.14459930313588851
decision_type=2 10 10 2 10 2 2 10 10 2 2 2 8 8
left_child=7 4 3 -3 10 -6 -4 8 9 -1 -2 -10 -9 -14
right_child=1 2 6 -5 5 -7 -8 12 11 -11 -12 -13 13 -15
leaf_value=0.0041467426824529788 -0.0026434435920373776 0.0019742518702374414 0.003040360099293947 -0.0036328964359693327 0.0063994068675800901 0 -0.0016237390449806077 0.00092700952098449449 0 -0.0013454938737722595 0.00046855652740094189 0.003217772713293752 -0.010597995488685291 -0.00071855554082366662
leaf_weight=200.87969524669461 530.57137052272446 179.93168422975577 508.13012270792387 1941.4098363216035 365.97840149328113 437.03930215956643 459.31658933032304 214.03292482579127 351.82498213881627 745.76894851308316 2438.4690322561655 1828.7055610702373 64.979093903210014 277.8164894473739
leaf_count=3576 9608 4796 8865 40369 4037 4902 7367 4501 4378 11805 41245 21927 1264 5843
internal_value=0.000109022 -0.000512076 -0.00185851 -0.00308323 0.000551751 0.00291435 0.000674763 0.0013055 0.00182231 -6.75134e-06 -4.06347e-05 0.00268321 -0.00132035 -0.00314799
internal_weight=10544.9 6860.85 3088.79 2121.34 3772.06 803.018 967.447 3684.01 3127.18 946.649 2969.04 2180.53 556.829 342.796
internal_count=174483 121189 61397 45165 59792 8939 16232 53294 41686 15381 50853 26305 11608 7107
is_linear=0
shrinkage=0.03


Tree=326
num_leaves=15
num_cat=0
split_feature=9 15 15 13 0 16 15 16 16 6 2 4 23 16
split_gain=8.2917 7.44134 5.49503 7.3945 5.84476 6.54625 4.59428 3.65421 5.53389 4.95218 3.6317 3.81204 3.29533 3.07797
threshold=14.500000000000002 20.500000000000004 118.50000000000001 0.092224920610417691 1350.0000000000002 7.0000000000000009 8.5000000000000018 -2.9999999999999996 -6.9999999999999991 53.500000000000007 4.5000000000000009 6.5000000000000009 8.5000000000000018 -2.9999999999999996
decision_type=2 10 10 8 2 10 8 10 10 2 2 2 2 10
left_child=1 7 4 -4 6 -6 -2 8 -1 -9 12 -12 -3 -5
right_child=2 10 3 13 5 -7 -8 9 -10 -11 11 -13 -14 -15
leaf_value=-0.00012022159002116031 0.011923150741931931 0.0033537019684418312 -0.0061276504194286395 -0.0055898636833109682 -0.00047477988122184434 -0.00477671695459983 0.0008017194742179248 0.0033084025722926549 0.0054208423622655825 -0.0029573727527115964 0.0024870287052851663 -0.0048103950631672382 0 0.0039400593511597541
leaf_weight=613.00081249140203 31.690456737065688 1652.8661614079028 334.09118477883749 26.640524186193943 4041.7827396339271 356.96881631365977 1943.6831891997717 112.70834286743775 195.2052353892941 638.12646825285628 109.53502523293719 116.95043563935906 249.05408375849947 122.75506139546633
leaf_count=9764 578 23569 9254 493 68533 6269 34142 1746 2997 8652 1399 1459 3708 1920
internal_value=0.000105498 0.00126337 -0.000495719 -0.00358523 -0.000235235 -0.000862981 0.00108553 -0.000224773 0.00105875 -0.00180269 0.00242171 -0.000655669 0.00286759 0.00114314
internal_weight=10545.1 3687.45 6857.61 483.487 6374.13 4398.75 1975.37 1559.04 808.206 750.835 2128.41 226.485 1901.92 149.396
internal_count=174483 53294 121189 11667 109522 74802 34720 23159 12761 10398 30135 2858 27277 2413
is_linear=0
shrinkage=0.03


Tree=327
num_leaves=15
num_cat=0
split_feature=17 9 0 0 17 7 4 0 17 7 9 13 12 12
split_gain=8.02092 9.62169 9.77612 6.83617 5.30368 5.6242 10.3245 7.97706 4.49809 5.12414 3.66054 1.96232 1.49043 0.240337
threshold=37.750757575757582 14.500000000000002 1175.0000000000002 1750.0000000000002 35.967261904761912 523.00000000000011 6.5000000000000009 1750.0000000000002 39.083771929824572 465.00000000000006 11.500000000000002 0.036966778627271886 0.057696387193629455 0.086785780927839049
decision_type=8 2 2 2 10 10 2 2 10 10 2 10 10 10
left_child=4 8 11 -4 12 7 -7 -6 9 -2 -10 -3 -1 -14
right_child=1 2 3 -5 5 6 -8 -9 10 -11 -12 -13 13 -15
leaf_value=0 -0.00059799852436152835 0 -0.0005657252623449408 -0.0031163564803491596 -0.00010292134842378071 -0.00071573617103954442 0.0100837351278108 0.0035690414106555783 0.0018554028204466415 0.0025146444305931795 -0.0030537754268592926 0.0089428845852223601 0.015097235728696794 0.0025027883450831289
leaf_weight=20.226403600070626 586.71261123660952 13.705771341919897 2618.1643643085845 1664.7936441923957 2469.3471827323083 107.62674235878512 159.62397227715701 650.65638785762712 164.98052346101031 1532.771537322551 391.97452720673755 89.688986673485488 30.916517517529428 44.544523631222546
leaf_count=317 10787 491 54629 30505 33313 1282 1755 7787 2931 19491 8677 1865 324 329
internal_value=0.00010166 -0.000463807 -0.00134225 -0.00159462 0.00129035 0.00103613 0.00525036 0.000619328 0.000919736 0.00158302 -0.00132909 0.00731914 0.00830157 0.0101445
internal_weight=10545.7 7062.79 4386.35 4282.96 3482.94 3387.25 267.251 3120 2676.44 2119.48 556.955 103.395 95.6874 75.461
internal_count=174483 129376 87490 85134 45107 44137 3037 41100 41886 30278 11608 2356 970 653
is_linear=0
shrinkage=0.03


Tree=328
num_leaves=15
num_cat=0
split_feature=17 9 15 16 16 2 15 11 16 17 14 3 17 17
split_gain=7.569 9.05262 7.73221 10.2107 8.30362 6.18065 6.67133 5.67326 4.05243 3.94803 3.10097 2.83056 2.56545 2.32556
threshold=37.750757575757582 14.500000000000002 118.50000000000001 7.0000000000000009 -1.0000000180025095e-35 4.5000000000000009 50.500000000000007 6.3371212121212128 -16.999999999999996 35.967261904761912 2.5000000000000004 2.5000000000000004 37.667156862745109 36.739565217391309
decision_type=8 2 10 10 10 2 10 10 10 10 10 2 10 10
left_child=7 5 3 -3 -4 6 -2 8 -1 -10 -7 13 -13 -9
right_child=1 2 4 -5 -6 10 -8 11 9 -11 -12 12 -14 -15
leaf_value=-0.0093610817658329338 0.00054329214435090809 -0.00048036122843257229 -0.015349284997064255 -0.006289556152433767 -0.0020204955903712235 0 0.0045856419603014171 0 0.0081343972693835587 0.0015570409478904094 -0.0061465018854271053 -0.0018116510790744768 0.0065578751867486013 -0.0099678791309317349
leaf_weight=20.444340591784567 1867.9404637147672 3828.4119973115157 68.985810726648197 297.82524643349461 186.48390928958543 177.20789160951972 494.39651014655828 7.7721865889616302 92.958843821659684 3034.2538836067542 138.67968797544017 241.29065564461052 30.247837343951687 58.759638448245823
leaf_count=330 28334 73757 2302 6174 5257 2126 8873 271 864 33649 2553 7202 887 1904
internal_value=9.896e-05 -0.000450238 -0.00130362 -0.000943073 -0.00642118 0.000889854 0.00146055 0.00125332 0.00167823 0.00181312 -0.00286682 -0.00223248 -0.0002352 -0.00770085
internal_weight=10545.7 7059.93 4381.71 4126.24 255.47 2678.22 2362.34 3485.73 3147.66 3127.21 315.888 338.07 271.538 66.5318
internal_count=174483 129376 87490 79931 7559 41886 37207 45107 34843 34513 4679 10264 8089 2175
is_linear=0
shrinkage=0.03


Tree=329
num_leaves=12
num_cat=0
split_feature=12 7 2 5 21 14 15 13 13 15 0
split_gain=6.97578 5.32573 6.06721 11.5254 6.10488 4.95776 8.75409 4.59723 3.81696 2.77268 3.25985
threshold=0.20005144032921815 511.00000000000006 2.5000000000000004 3.5000000000000004 1.0000000180025095e-35 1.5000000000000002 139.50000000000003 0.047446567349016359 0.14968023137398676 62.500000000000007 1350.0000000000002
decision_type=10 10 2 2 2 8 10 10 8 10 2
left_child=1 5 3 -3 -4 7 -7 -1 9 10 -2
right_child=8 2 4 -5 -6 6 -8 -9 -10 -11 -12
leaf_value=-0.01073592681397253 0 -0.00050192782222415648 0.0024815035431243878 0.0063538842280462847 -0.0030513203220446203 9.9457799537756768e-05 -0.0049726821866336686 -0.001656498577385018 -0.0019032211307678378 0 0.0094139836907702959
leaf_weight=60.354791357181966 40.821631971746683 335.24383495794609 324.35360443452373 479.95228124409914 372.51094377599657 7658.9583108942024 312.81667545088567 698.76771730184555 34.499779213219881 62.634801041334867 165.22815679386258
leaf_count=1039 242 4060 4291 7151 5489 133184 8973 8439 213 405 997
internal_value=9.39118e-05 -2.53375e-05 0.0015991 0.00336572 -0.000263035 -0.000324591 -8.37633e-05 -0.0026402 0.00454447 0.00594009 0.00758816
internal_weight=10546.1 10243 1512.06 815.196 696.865 8730.9 7971.77 759.123 303.184 268.685 206.05
internal_count=174483 172626 20991 11211 9780 151635 142157 9478 1857 1644 1239
is_linear=0
shrinkage=0.03


Tree=330
num_leaves=15
num_cat=0
split_feature=15 14 6 14 10 14 10 15 17 14 18 15 11 20
split_gain=6.46761 10.6858 12.862 10.2342 6.65446 8.3374 6.54539 6.27197 6.03586 6.01848 6.86625 5.21326 4.48072 3.82364
threshold=42.500000000000007 2.5000000000000004 52.500000000000007 2.5000000000000004 0.24621212121212124 1.5000000000000002 0.19722222222222227 23.500000000000004 37.533974358974369 10.500000000000002 14.500000000000002 141.50000000000003 5.7537878787878798 4.5000000000000009
decision_type=10 10 2 8 8 10 8 10 10 10 2 10 10 2
left_child=3 4 11 7 5 -2 -4 13 -9 10 -5 -3 -11 -1
right_child=1 2 6 9 -6 -7 -8 8 -10 12 -12 -13 -14 -15
leaf_value=0.0043966005055671538 -0.01087592978759316 0.013050456923386964 -0.00016182332112521893 -0.0013995858714771223 0 -6.0416769272943495e-05 0.0031368011046954305 0.0020285554033992047 -0.0036347045970203866 -0.0089588419145908878 0.002271302149499855 0 -0.00041462044630714644 0.00077422350857105754
leaf_weight=544.80584708787501 129.9785384638235 125.16113904677331 979.36083138571121 4783.4396386845037 597.73607132490724 178.6199048794806 1017.3995332315098 265.35928644239902 378.3044622708112 161.56088710715994 474.16350142285228 17.189466213807464 143.5335072115995 751.30456183850765
leaf_count=3358 2078 3434 24501 75743 5602 1320 20266 1976 3181 7314 10353 692 8558 6524
internal_value=-0.000161877 0.000983772 0.0021699 -0.000647251 -0.00164765 -0.00519489 0.00144761 0.0011868 -0.00107106 -0.00131424 -0.00103818 0.0108905 -0.00549438 0.00242318
internal_weight=10547.9 3045.45 2139.11 7502.47 906.335 308.598 1996.76 1939.77 643.664 5562.7 5257.6 142.351 305.094 1296.11
internal_count=174900 57893 48893 117007 9000 3398 44767 15039 5157 101968 86096 4126 15872 9882
is_linear=0
shrinkage=0.03


Tree=331
num_leaves=15
num_cat=0
split_feature=7 5 12 17 4 7 13 13 14 0 14 16 5 13
split_gain=8.11694 5.80597 7.5916 6.74375 6.91676 6.76315 5.34891 6.29953 8.37965 5.83625 4.59591 3.86575 3.70981 3.62582
threshold=495.00000000000006 4.5000000000000009 0.15423450817666493 37.150675675675686 14.500000000000002 421.00000000000006 0.067929610121843537 0.07439499996782202 6.5000000000000009 1350.0000000000002 13.500000000000002 -10.999999999999998 5.5000000000000009 0.081105371258360412
decision_type=10 2 8 8 2 10 10 10 10 2 8 10 2 10
left_child=1 3 -3 4 -1 -5 9 12 -9 10 -2 -11 -8 -4
right_child=6 2 13 5 -6 -7 7 8 -10 11 -12 -13 -14 -15
leaf_value=0.0011187296311003792 0.0081679137861591974 -0.0038364730283712498 0.010518071733436406 -0.0082197752456941893 0.011956826816345249 -0.00057083747912122559 -0.004512301720507263 -2.7724622223566709e-05 0.0048240376572280964 -0.0029589784462960124 0 0.0022548759235888234 0.0045689585112168255 0
leaf_weight=671.32821908919141 243.91490872995928 886.45496924035251 42.443193286191672 105.06373000098392 59.320333893876523 5396.2725923783146 333.93322052247822 1496.3667048877105 383.59719958947971 131.44807581207715 42.279980188701302 683.82323023863137 25.821583859622478 43.864916320890188
leaf_count=6753 3779 22377 599 4810 603 92732 4445 13466 8636 2463 1138 11839 790 470
internal_value=-0.000157053 -0.00073602 -0.00290896 -0.000370732 0.00227785 -0.000751488 0.00104581 0.000131168 0.000892846 0.00276107 0.00654397 0.00121846 -0.00339556 0.00466304
internal_weight=10545.9 7204.75 972.763 6231.98 730.649 5501.34 3341.18 2239.72 1879.96 1101.47 286.195 815.271 359.755 86.3081
internal_count=174900 128344 23446 104898 7356 97542 46556 27337 22102 19219 4917 14302 5235 1069
is_linear=0
shrinkage=0.03


Tree=332
num_leaves=15
num_cat=0
split_feature=7 5 15 17 12 17 15 5 11 20 7 6 10 7
split_gain=7.6274 5.4655 7.66254 9.27591 7.17613 5.11572 4.11646 10.8516 5.22386 5.03985 4.09151 3.9633 3.86176 3.06619
threshold=495.00000000000006 4.5000000000000009 18.500000000000004 38.401428571428575 0.15423450817666493 37.150675675675686 434.50000000000006 2.5000000000000004 5.779132791327914 1.5000000000000002 523.00000000000011 55.750000000000007 0.16064516129032261 517.00000000000011
decision_type=10 2 8 10 8 8 8 2 8 2 10 2 10 10
left_child=1 2 3 -1 12 -4 8 9 10 -8 -2 -6 -3 -10
right_child=6 4 5 -5 11 -7 7 -9 13 -11 -12 -13 -14 -15
leaf_value=-6.3105984736478625e-05 -0.00048365853840105034 -0.0048545521218978033 0.0027268918422644044 -0.0058833625257674266 -0.001271458597850267 -0.00021189378434787173 0.011953277198265295 -0.0044759902001694427 0.0040290075076875997 0 0.002979850330500695 0.0089562612688817295 0 0.00039652886999095509
leaf_weight=644.83200561301783 1255.2690647938289 668.28147686109878 593.8870703834109 457.02088609873317 24.65492157638073 4534.0957634760998 53.781568298116326 338.28032081597485 824.12064239941537 71.962090456858277 388.08764377702028 61.995765514206141 215.26481454027817 412.59498705761507
leaf_count=7591 12851 18309 6044 8819 346 82444 658 5022 15841 859 3811 723 4068 7514
internal_value=-0.000151836 -0.000713919 -0.000358943 -0.00262839 -0.00282595 0.000101558 0.00101283 -0.00144097 0.00146198 0.00543558 0.000249826 0.00449889 -0.0037344 0.00294441
internal_weight=10544.1 7200.03 6229.84 1101.85 970.197 5127.98 3344.1 464.024 2880.07 125.744 1643.36 86.6507 883.546 1236.72
internal_count=174900 128344 104898 16410 23446 88488 46556 6539 40017 1517 16662 1069 22377 23355
is_linear=0
shrinkage=0.03


Tree=333
num_leaves=15
num_cat=0
split_feature=23 23 14 23 3 16 12 17 12 12 10 12 1 12
split_gain=4.85275 6.53984 6.34703 6.24583 9.61199 5.87392 7.16856 5.2491 5.01708 4.3175 4.09912 1.27542 5.13734 0.557051
threshold=8.5000000000000018 5.5000000000000009 6.5000000000000009 1.0000000180025095e-35 5.5000000000000009 7.0000000000000009 0.094968588436715073 37.467006802721095 0.054836487487793288 0.14024395385776242 0.21525096525096529 0.079367982257521411 3.5000000000000004 0.053032005447735793
decision_type=2 2 8 2 2 8 8 10 10 8 8 10 2 8
left_child=1 3 9 4 -1 6 -3 -5 -7 10 -2 13 -13 -4
right_child=2 5 11 7 -6 8 -8 -9 -10 -11 -12 12 -14 -15
leaf_value=-0.00055190204999101648 -0.0095147900821004622 0.0036677728740669453 0.0015227392615604662 0.00016090220072496501 0.0040264461766503293 -0.005769833644985926 -0.001230266914033673 -0.0015009056616931027 0.00080039637577784058 0 0 0.014777928984103491 0 -0.0027142296669026541
leaf_weight=939.54902040213346 189.70036281365901 1129.3691659085453 36.418076526839286 2781.0221296621021 671.83472203440033 149.63567688991316 296.0380025524646 3895.4244009240065 233.04337948421016 50.039255803450942 70.715278689749539 22.605382184498012 26.849005469121039 50.016400832217187
leaf_count=17523 1991 19857 1335 41369 11325 4279 2688 68315 3341 304 644 322 369 1238
internal_value=-0.00014731 0 -0.00319119 -0.000368023 0.0012707 0.00162075 0.00254491 -0.00078664 -0.00142307 -0.00564478 -0.00724645 0.00135105 0.0050796 0
internal_weight=10542.3 10095.9 446.344 8287.83 1611.38 1808.09 1425.41 6676.45 382.679 310.455 260.416 135.889 49.4544 86.4345
internal_count=174900 168697 6203 138532 28848 30165 22545 109684 7620 2939 2635 3264 691 2573
is_linear=0
shrinkage=0.03


Tree=334
num_leaves=15
num_cat=0
split_feature=23 23 14 23 3 12 10 18 4 12 14 12 1 12
split_gain=4.55721 6.12566 6.01186 5.86156 9.02784 5.35792 5.1258 4.83836 4.52107 4.15567 4.06247 1.17965 4.86863 0.528102
threshold=8.5000000000000018 5.5000000000000009 6.5000000000000009 1.0000000180025095e-35 5.5000000000000009 0.096259794587674599 0.267948717948718 15.500000000000002 5.5000000000000009 0.14024395385776242 2.5000000000000004 0.079367982257521411 3.5000000000000004 0.053032005447735793
decision_type=2 2 8 2 2 8 10 2 2 8 10 10 2 8
left_child=1 3 9 4 -1 6 -3 -5 -7 10 -2 13 -13 -4
right_child=2 5 11 7 -6 8 -8 -9 -10 -11 -12 12 -14 -15
leaf_value=-0.00053566488415504295 -0.00071211881540758214 0.0018057170753788215 0.0014807128328917236 -0.0010007725295434668 0.0038946317801272735 0.0023570393528668746 0.0096032600596008735 0.0020731816188510784 -0.0041557285343151304 0 -0.010252121394903757 0.014275928789836139 0 -0.002646095779620231
leaf_weight=939.1456887004897 103.98913571424782 1362.4289744254202 36.469287463929504 6207.7480703615583 673.87349864840508 126.4923750218004 89.042337102815509 464.58271192130633 232.4944534022361 50.039255803450942 155.13696812279522 22.869989989325404 26.849005469121039 49.895738859660923
leaf_count=17523 848 25787 1335 96732 11325 1194 1067 12952 2117 304 1787 322 369 1238
internal_value=-0.000142666 0 -0.00309615 -0.000356535 0.0012288 0.00156725 0.00241838 -0.000762882 -0.00144794 -0.00549618 -0.00707752 0.00129477 0.00487082 0
internal_weight=10541.1 10095.8 445.249 8285.35 1613.02 1810.46 1451.47 6672.33 358.987 309.165 259.126 136.084 49.719 86.365
internal_count=174900 168697 6203 138532 28848 30165 26854 109684 3311 2939 2635 3264 691 2573
is_linear=0
shrinkage=0.03


Tree=335
num_leaves=15
num_cat=0
split_feature=0 7 17 20 20 7 23 2 4 14 16 14 16 1
split_gain=6.62572 7.07745 9.84044 9.16851 7.16503 4.95935 4.76825 4.7455 4.37672 3.84018 6.83922 4.3417 2.37115 0.392916
threshold=1250.0000000000002 503.00000000000006 38.050757575757586 4.5000000000000009 4.5000000000000009 425.00000000000006 1.0000000180025095e-35 1.5000000000000002 9.5000000000000018 2.5000000000000004 1.0000000180025095e-35 4.5000000000000009 9.0000000000000018 5.5000000000000009
decision_type=2 10 8 2 2 10 2 2 2 10 8 10 8 2
left_child=5 2 4 -4 -2 12 8 -8 -7 10 -3 -11 13 -1
right_child=1 9 3 -5 -6 6 7 -9 -10 11 -12 -13 -14 -15
leaf_value=0 0.003932055730332157 0.0064286888035217033 -0.00049644673031357686 -0.0035842570263768512 -0.00020144649227233532 0.001119141569169483 0.0029274811516820654 -0.00020138721286011116 0.0064558460712068593 -0.002393467748858047 0.00039749775163244071 0.0015169122852666272 -0.013140387531691331 -0.0038476443727061467
leaf_weight=34.440303408540785 462.53087124787271 285.44946279004216 2132.4243518079165 1627.6082691538613 1678.4293659753166 399.30647998489439 594.72976465057582 1333.9537277214695 314.23819837206975 424.2004927508533 554.39357879851013 624.62057666340843 22.257430302910507 18.88649517763406
leaf_count=1017 5301 2174 40733 31323 23757 7424 9850 21548 5459 3654 5844 13964 1381 583
internal_value=1.4076e-05 -0.000416465 -0.000942021 -0.00187589 0.000628733 0.00130166 0.00156748 0.000690935 0.0037067 0.00114454 0.00265087 0 -0.00565005 0
internal_weight=10507.5 7789.66 5900.99 3760.03 2140.96 2717.81 2642.23 1928.68 713.545 1888.66 839.843 1048.82 75.5842 53.3268
internal_count=174012 126750 101114 72056 29058 47262 44281 31398 12883 25636 8018 17618 2981 1600
is_linear=0
shrinkage=0.03


Tree=336
num_leaves=15
num_cat=0
split_feature=13 0 9 7 14 7 10 13 13 15 7 20 15 13
split_gain=6.98501 6.00691 6.52202 6.24993 5.94134 7.82901 4.0937 4.01178 3.72952 4.00109 3.18175 6.20216 2.44106 2.15331
threshold=0.032712828300329198 1250.0000000000002 15.500000000000002 503.00000000000006 3.5000000000000004 485.00000000000006 0.13245614035087722 0.12368696899481409 0.05129082044266723 146.50000000000003 465.00000000000006 2.5000000000000004 13.500000000000002 1.0000000180025095e-35
decision_type=8 2 2 10 8 10 10 10 8 10 8 2 8 10
left_child=4 8 7 -4 10 13 -7 -3 12 -10 -1 -12 -2 -6
right_child=1 2 3 -5 5 6 -8 -9 9 -11 11 -13 -14 -15
leaf_value=0.0063617855732690104 0.0056119306657821302 0.00029110620779221563 -0.0019249229325222458 0.00090564950185805903 0 -0.0012945261701752362 0.013168570747060578 0.0039890600787422063 0.0023428037450664344 -0.0031376275373209465 0.0072469160150413553 -0.0064771738912079348 -0.001949936849620603 -0.0092249081501940416
leaf_weight=62.267037495970726 30.884136909851804 3652.4526270199567 2583.7533992456738 878.31079967692494 34.394929036963731 112.82877602428198 15.107517024502156 294.83477199357003 2025.388253627345 100.41616100259125 32.929371304810047 85.649094630032778 366.58955007302575 231.09018605831079
leaf_count=648 566 54082 46231 12462 1295 3644 373 2713 30163 2251 257 910 8311 10106
internal_value=1.35529e-05 0.00021438 -0.00019859 -0.00116328 -0.00317292 -0.0052799 0 0.000609967 0.00148435 0.00200677 0.000622342 -0.00131317 -0.000927258 -0.00819225
internal_weight=10506.9 9932.63 7409.35 3462.06 574.267 393.421 127.936 3947.29 2523.28 2125.8 180.846 118.578 397.474 265.485
internal_count=174012 156779 115488 58693 17233 15418 4017 56795 41291 32414 1815 1167 8877 11401
is_linear=0
shrinkage=0.03


Tree=337
num_leaves=15
num_cat=0
split_feature=13 12 0 10 2 13 12 12 23 14 14 10 13 20
split_gain=6.56338 8.32249 5.62377 6.32863 10.1181 9.05257 4.89899 8.28134 6.74096 4.22939 3.55885 3.42216 1.61583 1.27258
threshold=0.032712828300329198 0.1036980406604348 1250.0000000000002 0.030776515151515155 3.5000000000000004 0.073795651649750979 0.094968588436715073 0.040679393172841367 6.5000000000000009 3.5000000000000004 6.5000000000000009 0.13245614035087722 0.028482230732501147 5.5000000000000009
decision_type=8 8 2 8 2 10 8 10 2 10 8 10 10 2
left_child=1 10 6 4 -4 -5 7 -2 -8 -3 12 -12 -1 -11
right_child=2 9 3 5 -6 -7 8 -9 -10 13 11 -13 -14 -15
leaf_value=0 -0.0011990783000548457 0.0094769894612538146 0.002688565471088024 -0.0021255937469298633 -0.0039739540201332683 0.00024788044722370796 0.00062941594310865219 0.00344576689865368 -0.0068210125709881071 -0.0068935180374005405 -0.0092259499800264669 0 -0.0052000011005300462 5.5091842778327924e-05
leaf_weight=187.8184798695147 401.8099239137955 55.331811205483973 1234.6925518696662 2293.898625418311 225.91874031466432 3653.0892084497027 628.28780808532611 1373.0063082261477 122.99631860293448 19.205648630391806 192.43539000255987 15.632043230347334 79.396593166980892 22.603031223174185
leaf_count=2899 10654 527 19325 44472 4172 47519 6285 23278 1074 311 11238 569 1294 395
internal_value=1.36256e-05 -0.00307987 0.000208438 -0.000190813 0.00154566 -0.000643441 0.00143654 0.0023095 -0.000429023 0.00397905 -0.00486132 -0.00802609 -0.00174388 -0.000327746
internal_weight=10506.1 572.423 9933.7 7407.6 1460.61 5946.99 2526.1 1774.82 751.284 97.1405 475.283 208.067 267.215 41.8087
internal_count=174012 17233 156779 115488 23497 91991 41291 33932 7359 1233 16000 11807 4193 706
is_linear=0
shrinkage=0.03


Tree=338
num_leaves=15
num_cat=0
split_feature=11 6 17 12 12 16 18 10 23 13 10 13 17 9
split_gain=10.5037 7.51937 6.78215 7.80218 7.21421 7.09315 6.45822 6.19858 4.76227 4.52576 3.39835 2.79067 2.89727 1.79111
threshold=7.5508620689655181 53.500000000000007 38.420344827586213 0.086785780927839049 0.094968588436715073 -2.9999999999999996 1.5000000000000002 0.30217391304347835 8.5000000000000018 0.096160546770302877 0.13245614035087722 0.046013991310514833 38.250555555555557 14.500000000000002
decision_type=10 2 8 10 10 8 2 10 2 10 10 10 10 2
left_child=2 11 4 5 8 -4 -5 -6 -1 10 -3 -2 -13 -11
right_child=1 9 3 6 7 -7 -8 -9 -10 13 -12 12 -14 -15
leaf_value=0.0020614893497424313 -0.0026749130239142405 -0.0083273115774602346 0.0014301878119733821 -0.00036346526698542356 0.00026463491080363838 -0.0023050138661966889 0.0034415494540072072 -0.0040726212417474756 -0.0031186876808031701 0.008695354257666859 0 0 0.010308637792767805 -0.00081419839879109826
leaf_weight=3304.1495427752379 21.677488585934043 314.92197649623267 513.12648979201913 987.03488669637591 1778.1370453033596 2330.1938206518535 611.18759562540799 341.49445738829672 141.15429676696658 16.004191108047962 48.802676418796182 19.703585632145405 46.985529148485512 31.310039178933948
leaf_count=50596 1342 15212 12029 10208 15381 52672 6263 2531 1725 433 1990 739 1870 1021
internal_value=1.22275e-05 -0.00419627 0.000239239 -0.000614312 0.000947355 -0.00157694 0.00100427 -0.000371481 0.00180157 -0.00601516 -0.00720217 0.00252684 0.00637868 5.87853e-05
internal_weight=10505.9 499.405 10006.5 4441.54 5564.94 2843.32 1598.22 2119.63 3445.3 411.039 363.725 88.3666 66.6891 47.3142
internal_count=174012 22607 151405 81172 70233 64701 16471 17912 52321 18656 17202 3951 2609 1454
is_linear=0
shrinkage=0.03


Tree=339
num_leaves=15
num_cat=0
split_feature=13 14 7 0 9 17 17 10 17 13 14 13 14 7
split_gain=6.13267 5.43896 7.45335 5.21535 6.15088 7.30846 7.21717 4.1124 3.72938 4.92911 2.54843 2.23129 1.64115 2.38669
threshold=0.032712828300329198 3.5000000000000004 485.00000000000006 1250.0000000000002 15.500000000000002 38.367333333333342 36.470135135135145 0.13245614035087722 36.880243902439027 0.050217395413901973 6.5000000000000009 1.0000000180025095e-35 1.5000000000000002 465.00000000000006
decision_type=8 10 10 2 2 8 8 10 8 8 10 10 10 8
left_child=1 12 11 8 5 -5 -6 -4 10 -10 -2 -3 -1 -14
right_child=3 2 7 4 6 -7 -8 -9 9 -11 -12 -13 13 -15
leaf_value=-0.0026633134881545594 0 0 -0.0017898421903119049 0.0020764259497008685 0.0054903298392282767 -0.00048546423952292278 -0.0014316547668153511 0.013008588553638938 -0.0011953505854183826 0.0025218581913967367 -0.0061474045994776311 -0.010174547521654238 0.0067427742338743548 0
leaf_weight=109.59953964501619 304.99333243817091 22.821473146555945 84.894724382320419 1728.4506973782554 128.69291061069816 2219.3333494858816 3329.2738595062401 15.169656342826782 326.39185952185653 1829.5030993910041 68.588287971448153 175.99809939786792 56.853455262258649 105.02974161691964
leaf_count=3796 2730 873 2956 20387 1524 36408 57169 371 7620 29132 1809 7769 533 935
internal_value=1.07866e-05 -0.00298479 -0.00574251 0.000199264 -0.000184862 0.000599463 -0.00112317 0 0.00138123 0.00188821 -0.0011346 -0.00905967 0 0.00199493
internal_weight=10505.6 570.367 298.884 9935.23 7405.75 3947.78 3457.97 100.064 2529.48 2155.89 373.582 198.82 271.483 161.883
internal_count=174012 17233 11969 156779 115488 56795 58693 3327 41291 36752 4539 8642 5264 1468
is_linear=0
shrinkage=0.03


Tree=340
num_leaves=14
num_cat=0
split_feature=9 14 12 14 11 10 10 20 3 12 0 3 16
split_gain=7.92123 4.91 6.51756 5.40782 11.9512 9.08967 4.27929 3.75868 2.42901 2.65779 2.22697 0.62508 0.960833
threshold=9.5000000000000018 1.5000000000000002 0.18772033389258272 3.5000000000000004 4.3288288288288301 0.10102040816326532 0.084039548022598873 1.5000000000000002 1.5000000000000002 0.13726305830152363 1250.0000000000002 5.5000000000000009 1.0000000180025095e-35
decision_type=2 10 8 10 8 10 8 2 2 10 2 2 10
left_child=6 2 7 5 -5 -3 11 -2 -8 -10 -4 12 -1
right_child=1 3 10 4 -6 -7 8 -9 9 -11 -12 -13 -14
leaf_value=0.0053181832644514553 0.00046920383662206526 0.0024143062576715921 0 0.0028713766332638924 -0.0010565842706611022 -0.00098128544996715287 0 -0.0022577079989761005 0.0096423899220108213 0 0.0058412447054175609 -0.003950063503291937 0
leaf_weight=25.983445394784212 484.85574456769973 2150.2176270596683 34.0375154344365 843.21896827593446 3725.7084386646748 979.40640529245138 24.07393111474812 1895.1280717654154 163.387687810231 41.771732892841101 142.18505524750799 30.314650922082365 18.897331126499921
leaf_count=346 10318 15842 455 8684 97209 7171 278 30333 1901 239 1362 400 236
internal_value=9.99501e-05 -2.82133e-05 -0.00117936 0.000335056 -0.000296518 0.00130394 0.00483262 -0.00163946 0.00687707 0.00794442 0.00408068 0 0.000481353
internal_weight=10559.2 10254.8 2556.21 7698.55 4568.93 3129.62 304.429 2379.98 229.233 205.159 176.223 75.1954 44.8808
internal_count=174774 171374 42468 128906 105893 23013 3400 40651 2418 2140 1817 982 582
is_linear=0
shrinkage=0.03


Tree=341
num_leaves=14
num_cat=0
split_feature=9 23 14 12 6 10 12 14 23 4 17 17 13
split_gain=7.39325 6.55921 5.82896 7.00033 6.42113 4.04474 3.98941 3.053 2.82385 4.65193 2.91502 0.625881 1.09518
threshold=9.5000000000000018 8.5000000000000018 1.5000000000000002 0.18772033389258272 52.500000000000007 0.084039548022598873 0.20005144032921815 7.5000000000000009 3.5000000000000004 4.5000000000000009 38.901250000000012 38.117752100840342 0.0704475214029925
decision_type=2 2 10 8 2 8 10 10 2 2 10 10 8
left_child=5 2 3 -2 -4 11 7 -3 10 -10 -7 -1 -13
right_child=1 6 4 -5 -6 8 -8 -9 9 -11 -12 12 -14
leaf_value=0.0019223077531660775 -0.0016014312846799217 -0.0056819570571971286 0.0040647755145235415 0.0044346690610297069 0.00030770866776694668 0.0047428533219976629 0.0055322663988460388 0 0.00046851201113301631 0.016469587755742497 -0.0048937843122648147 0 -0.0065338514707546412
leaf_weight=21.073003563098609 2309.9995326921344 344.82246140297502 443.53504010848701 171.11888968013227 6892.9696572269313 100.72775781713426 21.651387441903353 68.872423212509602 51.565576072782278 56.618109555449337 21.43433502363041 25.108745452016592 29.026020492427051
leaf_count=229 39695 3888 9565 1773 114267 951 126 2060 560 612 295 422 331
internal_value=9.68101e-05 -2.67799e-05 0.000119059 -0.00111671 0.000557891 0.00466059 -0.00362029 -0.00451791 0.00664305 0.0105256 0.00174649 0 -0.00281004
internal_weight=10558.5 10253 9817.62 2481.12 7336.5 305.554 435.346 413.695 230.346 108.184 122.162 75.2078 54.1348
internal_count=174774 171374 165300 41468 123832 3400 6074 5948 2418 1172 1246 982 753
is_linear=0
shrinkage=0.03


Tree=342
num_leaves=15
num_cat=0
split_feature=23 7 13 7 7 2 11 23 13 17 13 13 7 17
split_gain=5.98731 4.52005 8.4084 8.56015 4.59254 4.24819 7.89275 3.05127 2.06819 3.56957 2.17075 1.72275 1.31565 0.501856
threshold=8.5000000000000018 495.00000000000006 0.083045973594612701 523.00000000000011 517.00000000000011 4.5000000000000009 6.3854895104895117 3.5000000000000004 0.10227890988228312 38.720344827586217 0.11773100558517004 0.060960552745098935 461.00000000000006 38.298837209302334
decision_type=2 10 10 10 10 2 10 2 10 8 10 8 8 8
left_child=1 5 4 -4 -3 7 -7 -1 9 11 13 -2 -11 -10
right_child=8 2 3 -5 -6 6 -8 -9 10 12 -12 -13 -14 -15
leaf_value=-0.00047450641670889138 0.0011621076345252571 0.0035334456079116989 -0.0019882855301326789 0.0034121645326747807 9.7375241172828204e-05 -0.0010583409855370823 -0.011956874798288872 0.00087570538452951127 0 0 -0.0035183441365176913 -0.0033419413835747442 -0.010496005318824768 0.0086721736535860499
leaf_weight=3322.5403106170706 82.232439002487808 1269.7537228916772 1018.770847520791 340.51857306528836 610.50808699522167 800.08795573329553 65.83744551660493 2683.9851645203307 20.914115067571402 42.38739706762135 38.137537257745862 150.24410979170352 92.638962783850729 19.882929556071758
leaf_count=61345 1251 20607 11385 3608 9645 12422 2574 46955 168 963 354 1653 1592 252
internal_value=9.5841e-05 0.000260393 0.00118896 -0.000517912 0.00250056 -0.000156051 -0.00212309 0.000104103 -0.00326066 -0.00422868 0 -0.00112619 -0.0082681 0.00556773
internal_weight=10558.4 10112 3239.55 1359.29 1880.26 6872.45 865.925 6006.53 446.437 367.503 78.9346 232.477 135.026 40.797
internal_count=174774 168541 45245 14993 30252 123296 14996 108300 6233 5459 774 2904 2555 420
is_linear=0
shrinkage=0.03


Tree=343
num_leaves=15
num_cat=0
split_feature=9 23 14 2 2 10 7 10 23 4 17 17 17 13
split_gain=7.01497 5.82632 5.45836 10.0404 6.17662 3.87493 4.42699 3.8086 2.65334 4.1982 2.77134 1.82141 0.58998 1.05087
threshold=9.5000000000000018 8.5000000000000018 1.5000000000000002 4.5000000000000009 3.5000000000000004 0.15470085470085473 467.00000000000006 0.084039548022598873 3.5000000000000004 4.5000000000000009 38.901250000000012 37.498437500000009 38.117752100840342 0.0704475214029925
decision_type=2 2 10 2 2 8 8 8 2 2 10 10 10 8
left_child=7 2 4 -4 -2 6 -3 12 10 -10 -9 -7 -1 -14
right_child=1 5 3 -5 -6 11 -8 8 9 -11 -12 -13 13 -15
leaf_value=0.0018704377727560401 -0.0021315088538317174 0 0.00095564098512902632 -0.0024418432851918219 0.00098691545781925656 -0.0034462198097711255 -0.0091039849879505936 0.0045972960032261831 0.00045286301568904985 0.015843616569299668 -0.0047860733176120652 0.0024392276284149516 0 -0.0063928930861864965
leaf_weight=21.101662511005998 1698.0137402545661 102.92398412432522 6473.7108229193836 867.41326579381712 781.0227736257948 77.864095679484308 147.14478959096596 101.02366699837148 51.584699883125722 57.249079946428537 21.358430045191199 105.11112999590114 25.11984681757167 28.899735214188695
leaf_count=229 29026 1548 109512 14320 12442 994 2036 951 560 612 295 1496 422 331
internal_value=9.15676e-05 -2.86122e-05 0.000107558 0.000532393 -0.00108865 -0.00342496 -0.00581531 0.00453168 0.0064481 0.0102068 0.00165854 0 0 -0.00272937
internal_weight=10559.5 10253.2 9820.16 7341.12 2479.04 433.044 250.069 306.337 231.216 108.834 122.382 182.975 75.1212 54.0196
internal_count=174774 171374 165300 123832 41468 6074 3584 3400 2418 1172 1246 2490 982 753
is_linear=0
shrinkage=0.03


Tree=344
num_leaves=13
num_cat=0
split_feature=23 7 10 10 20 10 14 12 12 14 10 4
split_gain=5.3846 4.27571 4.57117 5.67733 4.55975 6.2377 5.26706 3.97431 3.76156 3.2036 2.59399 1.27463
threshold=8.5000000000000018 495.00000000000006 0.030776515151515155 0.080540540540540564 9.5000000000000018 0.14907407407407411 3.5000000000000004 0.072729907009825887 0.20005144032921815 7.5000000000000009 0.21525096525096529 5.5000000000000009
decision_type=2 10 8 8 2 8 8 10 10 10 10 2
left_child=1 4 7 -4 6 -6 -1 -3 9 10 -2 -11
right_child=8 2 3 -5 5 -7 -8 -9 -10 11 -12 -13
leaf_value=0.0013966383944387204 -0.0061014174074636102 0.00054356506970135924 -0.0046770809795971119 0.00097443556838334089 -0.0050053634045212712 -0.00023361822866821267 -0.00049272646296120992 0.006437501861313367 0.0058430010059419332 -0.0020483098557058303 0 0.0045883651882246464
leaf_weight=2086.9279290968552 317.28006264101714 273.070425769547 159.26216667285189 2550.4883772055618 380.19996853475459 896.84604351595044 3508.7962030684575 259.93040835438296 22.135269902646542 26.60445741424337 35.289751522243023 43.217969201505184
leaf_count=16904 3694 5460 3335 33731 9353 13113 83926 2719 129 810 313 1287
internal_value=8.86264e-05 0.000245057 0.00114803 0.000579019 -0.000159707 -0.00178524 0.000185749 0.00372981 -0.0031005 -0.00398302 -0.00519848 8.69516e-05
internal_weight=10560 10115.5 3242.75 2709.75 6872.77 1277.05 5595.72 533.001 444.528 422.392 352.57 69.8224
internal_count=174774 168541 45245 37066 123296 22466 100830 8179 6233 6104 4007 2097
is_linear=0
shrinkage=0.03


Tree=345
num_leaves=15
num_cat=0
split_feature=9 3 14 0 14 15 15 13 0 13 0 6 15 15
split_gain=5.67752 4.13786 5.52579 4.57296 3.9529 13.9096 12.0136 6.82393 6.68448 4.18914 3.84069 3.57608 3.36528 1.45885
threshold=11.500000000000002 6.5000000000000009 10.500000000000002 1750.0000000000002 3.5000000000000004 28.500000000000004 70.500000000000014 0.04403907401245425 1250.0000000000002 0.11547988233381494 1650.0000000000002 54.250000000000007 210.50000000000003 21.500000000000004
decision_type=2 2 10 2 10 10 10 10 2 10 2 2 8 10
left_child=1 10 3 -3 6 8 11 -7 -6 -8 -1 -2 -12 -4
right_child=4 2 13 -5 5 7 9 -9 -10 -11 12 -13 -14 -15
leaf_value=0 -6.7875808330417761e-05 0.0025655523495920242 0 -0.0039598916710079706 0 -0.0037424230582263607 -0.0045225396696525815 0.0014018993905562218 -0.0037030833852730529 0.0011961718707336991 0.0058366935344618936 0.0016015486787693694 0 0.016005575144995971
leaf_weight=164.623636898119 1603.6692013763823 128.9454037277028 6.7535113589838174 239.93028241768479 527.21351743768901 246.01365171070211 528.43414340447634 2004.5473196422681 1444.4614363510627 96.106167044490576 446.66086174175143 3006.0698348931037 88.45457550836727 17.170140298549086
leaf_count=2049 22761 1467 282 2608 10498 10712 5796 46734 32097 752 5417 32056 1227 485
internal_value=0.000123077 0.00217191 0 -0.00127383 -9.87991e-05 -0.000794003 0.00043358 0.000766011 -0.00264799 -0.00340175 0.00355397 0.000988828 0.00478333 0.0122869
internal_weight=10549.1 1092.54 392.799 368.876 9456.52 4222.24 5234.28 2250.56 1971.67 624.54 699.739 4609.74 535.115 23.9237
internal_count=174941 13535 4842 4075 161406 100041 61365 57446 42595 6548 8693 54817 6644 767
is_linear=0
shrinkage=0.03


Tree=346
num_leaves=15
num_cat=0
split_feature=23 23 9 18 12 4 11 1 7 12 15 7 11 4
split_gain=6.66426 6.56447 8.06902 6.23851 5.4766 5.30983 4.89979 4.53465 4.26839 4.1934 4.14511 2.94844 2.68639 3.35718
threshold=1.0000000180025095e-35 1.5000000000000002 11.500000000000002 9.5000000000000018 0.053416992596633205 7.5000000000000009 5.5040983606557381 1.5000000000000002 541.00000000000011 0.065684702719989205 26.500000000000004 445.00000000000006 6.2742946708463956 4.5000000000000009
decision_type=2 2 2 2 10 2 10 2 8 10 8 8 8 2
left_child=4 3 9 6 12 10 -2 -7 -4 -3 -6 -5 13 -1
right_child=1 2 8 11 5 7 -8 -9 -10 -11 -12 -13 -14 -15
leaf_value=0.0011372903217291928 -0.0037673251948782105 0 -3.068013539844665e-05 0.012953855905527565 -0.0031653363200251803 -0.00027381756923886198 0.00076598402095283359 0.0058897001216386231 -0.0055102332576898718 0.0046853490860359311 0.00248430448431093 0.00028928894171191007 0.00085468649204712528 -0.0060901049426433495
leaf_weight=44.89782040566206 1037.6184647711925 282.10515382653102 6578.2414707667194 17.513960127718747 157.91956803994253 76.58344309264794 203.16158386948518 553.8761614151299 127.03795014438219 497.99039451405406 349.63121942430735 196.50456999312155 288.15019593806937 138.0878730872646
leaf_count=759 12492 5061 112006 747 1798 973 5223 7079 1817 4746 5111 4158 10801 2170
internal_value=0.000119491 -0.000185499 0.000154756 -0.0020335 0.00190223 0.00304861 -0.00290455 0.00490869 -0.000160878 0.00304257 0.000420089 0.00228262 -0.000554716 -0.00353576
internal_weight=10549.3 8940.17 7485.37 1454.8 1609.15 1138.01 1240.78 630.46 6705.28 780.096 507.551 214.019 471.136 182.986
internal_count=174941 146250 123630 22620 28691 14961 17715 8052 113823 9807 6909 4905 13730 2929
is_linear=0
shrinkage=0.03


Tree=347
num_leaves=15
num_cat=0
split_feature=9 11 14 6 10 12 14 15 14 5 6 10 12 5
split_gain=5.08512 4.01443 4.60637 5.1658 3.85297 4.75409 6.78551 3.71449 6.40426 5.27781 3.47965 4.6006 4.2629 0.199622
threshold=11.500000000000002 9.8377192982456165 5.5000000000000009 53.500000000000007 1.0000000180025095e-35 0.066104923996537931 6.5000000000000009 18.500000000000004 2.5000000000000004 2.5000000000000004 55.750000000000007 0.16172624237140368 0.15820103738221869 3.5000000000000004
decision_type=2 10 10 2 8 8 10 8 10 2 2 10 8 2
left_child=4 7 -3 -4 5 13 -7 8 -2 -9 11 -6 -12 -1
right_child=1 2 3 -5 10 6 -8 9 -10 -11 12 -13 -14 -15
leaf_value=0.0019403195795878736 0.001134696277647536 0.002728491716045861 0 -0.015632619494243199 0.0007353347551470479 0.0033485087129066773 0.025008992211260416 0.0026284003849296588 -0.0027873223038318742 -5.0383181767630831e-06 -0.00198540765723744 0.0082098141404108645 0.0063900459366929199 -0.00083431441856378645
leaf_weight=34.22750133369118 518.52760520856827 8.2555330069735628 12.712013402953742 45.683950464939699 361.84105150774121 78.096000518649817 21.407512789592147 740.6010036310181 1029.425397926243 7099.4924607486464 391.30975380446762 113.2396291308105 54.313524354249239 40.935015267226845
leaf_count=579 4134 189 1023 4095 4740 592 476 12754 18743 120468 4704 1179 322 943
internal_value=0.000116499 -9.297e-05 -0.00717612 -0.0110472 0.00205305 0.00626976 0.0104176 -2.292e-05 -0.00137753 0.000226121 0.00106152 0.00289634 -0.000572141 0
internal_weight=10550.1 9454.7 66.6515 58.396 1095.37 174.666 99.5035 9388.05 1547.95 7840.09 920.704 475.081 445.623 75.1625
internal_count=174941 161406 5307 5118 13535 2590 1068 156099 22877 133222 10945 5919 5026 1522
is_linear=0
shrinkage=0.03


Tree=348
num_leaves=15
num_cat=0
split_feature=23 23 13 7 11 13 17 1 10 13 7 23 13 17
split_gain=6.23651 6.13509 5.80245 5.14449 5.14043 4.81593 5.14419 4.34075 4.17047 8.1957 3.87047 3.49376 2.42525 2.37268
threshold=1.0000000180025095e-35 1.5000000000000002 0.058187301255206603 517.00000000000011 6.2233560090702955 0.13742266922325533 37.980322580645172 7.5000000000000009 0.45804195804195807 0.07439499996782202 499.00000000000006 5.5000000000000009 0.051730509468104091 37.720344827586217
decision_type=2 2 8 10 8 8 10 2 8 8 10 2 10 8
left_child=2 3 12 7 -5 11 -7 -2 10 -10 -4 -3 13 -1
right_child=1 5 8 4 -6 6 -8 -9 9 -11 -12 -13 -14 -15
leaf_value=0.0043193523000251196 -0.0036095332096784984 -0.00044311484079545316 -0.00055557524583909528 -0.0010147297987626914 0.0079993893896431936 7.6557799146443822e-05 0.0093096277980715663 0.00023753026016948913 0.010914151082436454 0.0019880856872189641 0.0043259160600642747 0.0009902519999290245 -0.0041184047315712307 -0.00059072052473703441
leaf_weight=106.33060753485188 1008.4054020035546 5000.1931517708581 354.98678098991513 102.49153822194785 80.645164596382529 186.13476140517741 100.31417270936072 260.93782600597478 160.81364527763799 349.55385326826945 204.50120610045269 2199.3736013243906 127.38868212560192 307.930651423987
leaf_count=1911 15807 84712 5389 1053 1256 1947 1194 4504 2915 4493 2792 35777 2430 8761
internal_value=0.000114925 -0.000179867 0.00183833 -0.00196827 0.00226449 0.000148188 0.00392888 -0.00270316 0.00313613 0.00517029 0.000985468 0 -0.000455883 0.000348283
internal_weight=10550 8938.5 1611.51 1452.48 183.137 7486.02 286.449 1269.34 1069.86 510.367 559.488 7199.57 541.65 414.261
internal_count=174941 146250 28691 22620 2309 123630 3141 20311 15589 7408 8181 120489 13102 10672
is_linear=0
shrinkage=0.03


Tree=349
num_leaves=15
num_cat=0
split_feature=20 7 10 10 3 16 6 7 17 17 14 12 10 13
split_gain=4.35106 10.152 14.923 7.50687 9.38917 6.18874 5.29626 8.34446 6.24475 5.5598 5.05984 7.65801 6.66438 4.22285
threshold=8.5000000000000018 467.00000000000006 0.18834459459459463 0.38675213675213682 7.5000000000000009 7.0000000000000009 56.750000000000007 511.00000000000006 39.067261904761914 39.250757575757582 2.5000000000000004 0.10877603910286564 0.17445652173913045 0.068695225498143983
decision_type=2 10 10 8 2 8 2 10 10 8 10 8 10 10
left_child=6 2 -2 5 -5 -3 10 8 -8 -9 12 -12 -1 -4
right_child=1 3 13 4 -6 -7 7 9 -10 -11 11 -13 -14 -15
leaf_value=0.0015377490074379566 -0.0086258334475689934 -0.00016404361661758685 -0.0048741278529370342 0.00095641376461893515 0.011877800850571057 -0.0054195962414416658 0.0018743872241671923 0.0091803695380632301 -0.0056851595253609192 0 5.4096601095560261e-05 -0.0033859552399506695 -0.0035868218233261269 0.0038739993800793499
leaf_weight=2727.855262029916 324.46933979843743 1534.4510586548131 56.310398977715522 499.03438924765214 87.53884922619909 240.75249945744872 752.07178399106488 215.07300652749836 102.24658959312364 45.651685171760619 2870.3988993980456 701.65945521602407 229.4984194803983 163.51977981347591
leaf_count=37148 7403 25525 926 5945 943 4343 11539 2788 2542 817 63967 6700 2229 2126
internal_value=0.000112685 -0.000855742 -0.00452929 0 0.00292647 -0.00097428 0.000500766 0.00241635 0.000767273 0.00713927 0.000149084 -0.000583487 0.00108405 0.0009074
internal_weight=10550.5 2906.08 544.3 2361.78 586.573 1775.2 7644.46 1115.04 854.318 260.725 6529.41 3572.06 2957.35 219.83
internal_count=174941 47211 10455 36756 6888 29868 127730 17686 14081 3605 110044 70667 39377 3052
is_linear=0
shrinkage=0.03


Tree=350
num_leaves=15
num_cat=0
split_feature=13 12 16 17 6 17 0 10 10 17 11 13 11 13
split_gain=5.18362 5.66172 4.35626 4.34241 4.17472 11.335 5.14006 2.62885 3.51852 3.1048 2.1175 2.55554 2.23682 1.00824
threshold=0.036234677572547579 0.1036980406604348 -1.0000000180025095e-35 40.303846153846159 52.500000000000007 38.117752100840342 2250.0000000000005 0.03883861236802414 0.094044811320754734 38.780384615384627 9.3385416666666696 0.1333578973225252 7.7523584905660385 0.032712828300329198
decision_type=8 8 8 10 2 10 2 8 10 10 8 8 10 10
left_child=1 7 -3 4 5 -2 -6 9 -9 -1 12 -12 -5 -4
right_child=3 2 13 10 6 -7 -8 8 -10 -11 11 -13 -14 -15
leaf_value=-0.0032271558323047813 -0.00036632667341141305 -0.0028851108682415019 0.0088634741276951198 -0.0019416026461619449 0.00013475215396571743 0.0074126308850180796 0.0066953641432472731 -0.0069662881738186549 0 0.0040977841183450934 -0.0066248426860624886 0.0016638457818357745 0.010259414093893231 0
leaf_weight=149.18786215037107 350.11341846967116 37.597387680783868 64.966965432744473 39.819687026552856 8896.1363229630515 269.50617068912834 105.39465565513819 272.74463006807491 94.315821101423353 66.575122182024643 162.19431853783317 6.5226894854567936 12.520891695283352 16.161913617514074
leaf_count=3977 6174 512 825 749 132675 5522 1563 10361 2174 2748 6281 135 553 202
internal_value=0.000112842 -0.00234553 0.00287575 0.000304408 0.000414839 0.00280927 0.000231896 -0.00367974 -0.0052646 -0.000245915 -0.00374122 -0.00540226 0 0.00729957
internal_weight=10543.8 701.55 118.726 9842.21 9621.15 619.62 9001.53 582.823 367.06 215.763 221.058 168.717 52.3406 81.1289
internal_count=174451 20799 1539 153652 145934 11696 134238 19260 12535 6725 7718 6416 1302 1027
is_linear=0
shrinkage=0.03


Tree=351
num_leaves=15
num_cat=0
split_feature=13 14 15 10 13 15 20 6 1 15 11 14 9 5
split_gain=4.89351 4.29481 8.78176 9.45703 6.42257 5.39076 8.09341 6.31075 4.16564 3.30601 3.42338 3.19733 2.85652 2.70864
threshold=0.036234677572547579 2.5000000000000004 69.500000000000014 0.60769230769230786 0.091419222453135177 18.500000000000004 2.5000000000000004 52.500000000000007 2.5000000000000004 30.500000000000004 7.6381818181818195 1.5000000000000002 11.500000000000002 4.5000000000000009
decision_type=8 8 10 8 10 8 2 2 2 10 8 10 2 2
left_child=8 2 4 -4 -2 6 -3 -7 11 10 -10 -1 -11 -13
right_child=1 5 3 -5 -6 7 -8 -9 9 12 -12 13 -14 -15
leaf_value=-0.0051702473151331039 0.0032698993827935652 -0.006425605576308331 -0.0051827574650988705 0.0025984484921661578 -0.00011323097824957719 0.0039717077244546114 -0.00030753412436166326 0 0.00040079443991790451 0 -0.0046084537396008565 0.0062300791697660106 -0.009300057467417017 -0.00087209524340931552
leaf_weight=32.789232076145709 1521.1187587138265 277.91803605970927 334.86340917553753 207.37143891490996 629.99462126940489 381.08746984857135 819.96610058145598 5671.9565505054779 199.79425049619749 7.4391574258916071 193.81225781817921 111.28763098665513 128.62623968324624 26.310556590557098
leaf_count=1116 12204 4997 3733 1815 4431 9209 14391 102872 3161 201 7068 3017 5240 996
internal_value=0.000109591 0.000295898 0.00131887 -0.00193627 0.00221155 -6.90868e-05 -0.00201438 0.000260355 -0.00228103 -0.00366591 -0.00171632 0.00115057 -0.00798156 0.00383718
internal_weight=10544.3 9844.28 2693.35 542.235 2151.11 7150.93 1097.88 6053.04 700.059 529.672 393.607 170.387 136.065 137.598
internal_count=174451 153652 22183 5548 16635 131469 19388 112081 20799 15670 10229 5129 5441 4013
is_linear=0
shrinkage=0.03


Tree=352
num_leaves=15
num_cat=0
split_feature=13 17 6 17 16 18 15 10 17 9 8 13 10 10
split_gain=4.63155 4.03545 4.09919 10.9828 4.41015 2.36576 2.48286 2.35052 5.04205 2.89499 1.92993 1.50593 2.30864 0.626467
threshold=0.037570657554370397 40.576388888888893 52.500000000000007 38.117752100840342 -2.9999999999999996 11.500000000000002 36.500000000000007 0.031754032258064523 38.698780487804889 11.500000000000002 1.5000000000000002 0.093527709477987248 0.14459930313588851 0.1101010101010101
decision_type=8 10 2 10 8 2 10 8 10 2 2 8 8 10
left_child=5 2 3 -2 -4 7 10 8 -1 -9 -7 12 -3 -8
right_child=1 11 4 -5 -6 6 13 9 -10 -11 -12 -13 -14 -15
leaf_value=-0.003442791270056094 -0.00040905601872444282 0 0.001478616182340315 0.0072013165281708084 -0.00012344888637640718 0 -0.0057209145767962398 0.0015029700415700286 0.0053802526701365204 -0.0050892435567531031 0.0078390120293898562 0 -0.0078698925180362631 0
leaf_weight=166.35932777496055 348.61622780933976 26.044116033939645 1932.9057668163441 276.02795498794876 7080.5690734677482 4.7146273066755375 21.344887374667454 29.686306068208069 81.59775031125173 382.36004131031223 57.77782326634042 32.315721568651497 99.442466271808371 4.9995300807058802
leaf_count=3453 6111 1036 30064 5671 104655 446 1382 622 2626 11000 2347 816 4018 204
internal_value=0.00010476 0.000292508 0.00038575 0.00274619 0.000204105 -0.00213793 0.00140263 -0.00284701 0 -0.0042423 0.00560556 -0.00431806 -0.00580088 -0.00308555
internal_weight=10544.8 9795.92 9638.12 624.644 9013.47 748.84 88.8369 660.003 247.957 412.046 62.4925 157.802 125.487 26.3444
internal_count=174451 152371 146501 11782 134719 22080 4379 17701 6079 11622 2793 5870 5054 1586
is_linear=0
shrinkage=0.03


Tree=353
num_leaves=15
num_cat=0
split_feature=14 15 15 17 5 5 11 11 2 14 11 23 17 12
split_gain=3.79937 10.1811 5.36816 6.61577 5.30238 4.95524 6.52856 4.75289 4.49926 3.86559 2.88537 2.90838 2.45612 0.942779
threshold=2.5000000000000004 23.500000000000004 18.500000000000004 37.367028985507254 4.5000000000000009 2.5000000000000004 3.2529069767441867 3.8038461538461541 2.5000000000000004 1.5000000000000002 11.205263157894739 5.5000000000000009 38.533739837398386 0.10504423405452572
decision_type=8 10 8 8 2 2 10 8 2 10 10 2 10 10
left_child=1 7 3 8 -5 13 -7 12 -2 -9 11 -4 -1 -3
right_child=2 5 10 4 -6 6 -8 9 -10 -11 -12 -13 -14 -15
leaf_value=0.0013499354899911421 -0.00072163086937793229 -0.0099338956623066122 -0.00014352783184599477 -0.0041590687277673353 0.001556240223308589 0.0016512089227892273 -0.002420279770408716 0 0.0067608821238352192 0.0050146846088788876 -0.010240235564402997 0.0014160305165764014 -0.0045899643547182272 0
leaf_weight=299.04854322969913 129.847529577557 53.271503383293748 5176.1685052479152 837.32806329894811 131.55697588389739 814.46453686989844 616.64537859894335 161.69493554532528 104.02182979229838 774.53799630515277 18.851830352796242 1321.5688138231635 73.62394880130887 33.032746460288763
leaf_count=1854 1793 442 100987 15701 3547 6308 6657 2199 1582 5350 1792 25580 478 181
internal_value=0.000100883 0.00105068 -0.000227908 -0.00207079 -0.00322501 -0.000538913 -1.00868e-06 0.0030027 0.00205038 0.00413894 9.05564e-05 0.000151447 0 -0.00732715
internal_weight=10545.7 2826.32 7719.34 1202.75 968.885 1517.41 1431.11 1308.91 233.869 936.233 6516.59 6497.74 372.672 86.3042
internal_count=174451 23469 150982 22623 19248 13588 12965 9881 3375 7549 128359 126567 2332 623
is_linear=0
shrinkage=0.03


Tree=354
num_leaves=15
num_cat=0
split_feature=7 16 17 11 13 15 5 15 13 23 13 17 8 17
split_gain=5.15203 4.94905 3.75542 3.40164 3.30154 3.13657 8.84951 5.66312 2.634 2.47904 2.14799 1.85504 1.41947 1.03045
threshold=431.00000000000006 -14.999999999999998 40.576388888888893 9.3385416666666696 0.093527709477987248 64.500000000000014 3.5000000000000004 42.500000000000007 0.10298755392472853 1.5000000000000002 0.04771857028463275 37.201250000000009 2.5000000000000004 40.808333333333344
decision_type=10 10 10 8 8 10 2 10 10 2 10 8 2 10
left_child=1 8 5 13 -5 7 -7 -2 12 11 -11 -3 -1 -4
right_child=2 9 3 4 -6 6 -8 -9 -10 10 -12 -13 -14 -15
leaf_value=-0.013964536786324543 0.00025862792078698501 0 0 -0.0087445866188282997 0 0.001449152157248994 -0.0026156279927033459 0.0026827407382672198 0 -0.0048057997690490835 0.0023910211973973013 -0.0092648414200015086 0 0.0067493984122877666
leaf_weight=57.302897962741554 7156.8253632895648 6.5014660763554266 12.128187509719284 110.57546771876514 27.403003312181681 830.37604600167833 1058.6976062864996 1020.1741398414597 10.031129416078327 39.843429273692891 152.07926056277938 42.307045232271776 4.2490935125388196 17.496009222697467
leaf_count=3396 105518 121 311 5057 693 12968 21918 16814 305 1678 3449 1490 257 476
internal_value=9.64441e-05 -0.00364155 0.000226894 -0.00410062 -0.00640547 0.000315843 -0.000750578 0.000580851 -0.0105361 -0.000808316 5.11434e-05 -0.00666623 -0.0127813 0.00167707
internal_weight=10546 312.314 10233.7 167.603 137.978 10066.1 1889.07 8177 71.5831 240.731 191.923 48.8085 61.552 29.6242
internal_count=174451 10696 163755 6537 5750 157218 34886 122332 3958 6738 5127 1611 3653 787
is_linear=0
shrinkage=0.03


Tree=355
num_leaves=15
num_cat=0
split_feature=17 2 2 17 23 17 20 20 17 10 20 10 13 3
split_gain=3.90922 6.2921 3.75407 3.79779 3.67654 3.3593 3.65698 5.74466 4.22585 3.11781 2.766 2.65932 2.04734 0.429123
threshold=39.498000000000012 2.5000000000000004 1.5000000000000002 39.803571428571438 3.5000000000000004 35.967261904761912 9.5000000000000018 11.500000000000002 37.501666666666672 0.4188596491228071 1.5000000000000002 0.16172624237140368 0.080010887316276549 4.5000000000000009
decision_type=10 2 2 10 2 8 2 2 8 8 2 10 10 2
left_child=5 2 4 -4 -2 9 8 -8 -7 -1 13 -12 -11 -3
right_child=1 10 3 -5 -6 6 7 -9 -10 12 11 -13 -14 -15
leaf_value=0 -0.0067788243187086022 0.0026760500598296379 -0.00078057872831810069 0.0057567242344206404 0 0.001843597602595356 -0.0023541553948365234 0.00060494247760154698 1.6226603918399122e-05 0 -0.0078405661497056578 0 0.014820642863977777 -0.001911383434580759
leaf_weight=37.861142658628523 101.23561518546194 29.07958623743616 93.107663236558437 150.82410214282572 149.33157136617228 1456.438180154888 1251.968496868154 993.17491985135712 5960.230100638466 26.671406660228968 221.02863786742091 24.860106406267732 30.552476900629699 33.911325358785689
leaf_count=460 2707 856 2184 4941 4003 16689 19831 17034 97668 275 6764 606 218 904
internal_value=-1.8664e-05 -0.0020355 0 0.00269333 -0.00248084 0.000132993 6.06031e-05 -0.000980053 0.000396285 0.00561946 -0.00535838 -0.00677078 0.00979226 0
internal_weight=10560.3 803.379 494.499 243.932 250.567 9756.9 9661.81 2245.14 7416.67 95.085 308.88 245.889 57.2239 62.9909
internal_count=175140 22965 13835 7125 6710 152175 151222 36865 114357 953 9130 7370 493 1760
is_linear=0
shrinkage=0.03


Tree=356
num_leaves=15
num_cat=0
split_feature=16 7 10 12 13 16 10 17 23 7 12 17 7 12
split_gain=3.81021 8.64253 4.87715 6.51327 5.27169 4.35326 4.11606 4.03669 4.01514 3.89855 3.83514 3.30422 3.23814 3.19076
threshold=-2.9999999999999996 503.00000000000006 0.067231638418079109 0.080634483060396236 0.065345379345402466 -4.9999999999999991 0.38675213675213682 37.998648648648661 3.5000000000000004 523.00000000000011 0.11149588877286788 39.351190476190489 469.00000000000006 0.1335014694869068
decision_type=8 8 8 10 10 10 10 8 2 10 10 10 8 8
left_child=1 2 3 -1 -4 8 11 10 -3 -7 -8 13 -13 -2
right_child=6 5 4 -5 -6 9 7 -9 -10 -11 -12 12 -14 -15
leaf_value=0.0049978101665671933 -0.00056670492779280093 0.004905327071076054 -0.0038902857598575994 -0.0014964609976437092 0.00019522509191030393 0.0035710090294933964 0.0043310207265931794 0.010810255837498478 -0.0016348387551111342 0.015745612268596117 -0.0032200086268322384 0 -0.0038978669565107545 0.0010493455299482976
leaf_weight=348.63258081395179 6040.6815625019372 162.07263421919197 372.78366134641692 178.89279343141243 912.73323511891067 125.68010983383283 132.24160136096179 49.579064346849918 121.25361505243927 56.813771083485335 88.421707842499018 210.40756689454429 466.05239035259001 1293.0310318153352
leaf_count=8367 104363 2424 9097 2085 13657 1640 1250 563 1826 751 580 7109 10804 10624
internal_value=-1.66599e-05 0.00105294 2.84252e-05 0.00252044 -0.000883771 0.00467928 -0.000329588 0.00321023 0.00160631 0.00848004 0.000636247 -0.000469655 -0.00249513 -0.000260813
internal_weight=10559.3 2278.86 1813.04 527.525 1285.52 465.82 8280.41 270.242 283.326 182.494 220.663 8010.17 676.46 7333.71
internal_count=175140 39847 33206 10452 22754 6641 135293 2393 4250 2391 1830 132900 17913 114987
is_linear=0
shrinkage=0.03


Tree=357
num_leaves=10
num_cat=0
split_feature=7 16 7 16 6 5 7 2 16
split_gain=3.70839 3.40085 8.09897 4.0961 4.07863 6.5374 6.49249 3.2397 0.0819974
threshold=399.00000000000006 -2.9999999999999996 503.00000000000006 -4.9999999999999991 55.750000000000007 3.5000000000000004 485.00000000000006 4.5000000000000009 3.0000000000000004
decision_type=10 8 10 10 2 2 10 2 8
left_child=8 2 7 -4 5 -3 -6 -2 -1
right_child=1 4 3 -5 6 -7 -8 -9 -10
leaf_value=0 0.00049622659231102271 0.0010784545485301737 0.001541752701813926 0.0082227815746196541 -0.0023767348934673081 -0.0015879584611989237 0 -0.0041244482977734493 -0.013980332708625308
leaf_weight=5.6903759138658643 1668.1095823717769 3137.8927624274511 283.75708643207327 183.43848472740501 1692.2700691248756 1089.7664829837158 2342.3876996424515 142.35308550158516 12.464620069134982
leaf_count=277 30519 52544 4250 2391 28254 21663 32028 2538 676
internal_value=-1.41172e-05 0 0.00103702 0.00454193 -0.00027073 0.000354629 -0.000962763 3.99299e-05 -0.0120096
internal_weight=10558.1 10540 2277.66 467.196 8262.32 4227.66 4034.66 1810.46 18.155
internal_count=175140 174187 39698 6641 134489 74207 60282 33057 953
is_linear=0
shrinkage=0.03


Tree=358
num_leaves=10
num_cat=0
split_feature=7 17 2 7 3 16 2 20 16
split_gain=3.59565 3.69387 5.81792 4.33959 4.61929 3.93738 3.6619 2.6647 0.0681956
threshold=399.00000000000006 39.498000000000012 2.5000000000000004 511.00000000000006 7.5000000000000009 -2.9999999999999996 1.5000000000000002 1.5000000000000002 3.0000000000000004
decision_type=10 10 2 10 2 8 2 2 8
left_child=8 3 6 4 -2 -5 -3 -4 -1
right_child=1 2 7 5 -6 -7 -8 -9 -10
leaf_value=0 -0.00039067955692209465 -0.0024444465085768714 0 0.0049382436148062486 0.0015986983516275382 0.00076208608825214272 0.0026703329714348059 -0.0065455441437744727 -0.013806499208730175
leaf_weight=5.6903759138658643 7034.505201971624 249.34165876102634 62.771952260984108 281.77294261520728 1220.6714765627403 1202.6194359450601 244.05628423509188 243.89637194736861 12.308244850253688
leaf_count=277 114169 6671 1750 3625 18281 15263 7083 7345 676
internal_value=-1.31425e-05 0 -0.00193982 0.00017402 -7.75664e-05 0.00166945 0 -0.00514978 -0.0118654
internal_weight=10557.6 10539.6 800.066 9739.57 8255.18 1484.39 493.398 306.668 17.9986
internal_count=175140 174187 22849 151338 132450 18888 13754 9095 953
is_linear=0
shrinkage=0.03


Tree=359
num_leaves=9
num_cat=0
split_feature=7 17 2 7 3 2 0 0
split_gain=3.48664 3.48439 5.50924 4.09461 4.3443 3.44879 2.8855 2.63846
threshold=399.00000000000006 39.498000000000012 2.5000000000000004 511.00000000000006 7.5000000000000009 1.5000000000000002 1650.0000000000002 1500.0000000000002
decision_type=10 10 2 10 2 2 2 2
left_child=-1 3 5 4 -2 -3 -4 -5
right_child=1 2 6 7 -6 -7 -8 -9
leaf_value=-0.011722918691379799 -0.0003790813495526136 -0.0023773667842074586 0 0.0033106854304079006 0.0015490764499047527 0.002586053884727465 -0.0070627668044951127 0.00045152555480538575
leaf_weight=17.845932289492339 7032.4229738737922 248.83466196386144 101.59174181940034 551.68681036122143 1222.1180827105418 244.60420784493908 203.72515196911991 934.3298999289982
leaf_count=953 114169 6671 3856 7359 18281 7083 5239 11529
internal_value=-1.25696e-05 0 -0.00188519 0.000169338 -7.46841e-05 0 -0.0050183 0.00162114
internal_weight=10557.2 10539.3 798.756 9740.56 8254.54 493.439 305.317 1486.02
internal_count=175140 174187 22849 151338 132450 13754 9095 18888
is_linear=0
shrinkage=0.03


Tree=360
num_leaves=15
num_cat=0
split_feature=20 7 10 23 5 2 20 7 7 6 7 15 11 11
split_gain=7.56739 7.59926 6.10002 8.58226 5.26334 13.0877 5.90726 3.89988 4.84576 5.55393 2.65535 3.0202 2.03962 1.70401
threshold=1.5000000000000002 457.00000000000006 0.11215932914046123 5.5000000000000009 4.5000000000000009 3.5000000000000004 11.500000000000002 465.00000000000006 491.00000000000006 55.750000000000007 435.00000000000006 13.500000000000002 6.802777777777778 4.6631205673758878
decision_type=2 10 8 2 2 2 2 8 10 2 10 8 8 10
left_child=7 2 13 -4 6 -6 -3 10 12 -10 -1 -12 -9 -2
right_child=1 4 3 -5 5 -7 -8 8 9 -11 11 -13 -14 -15
leaf_value=0 0.00241353895013994 0.00026080456827000213 -0.0053263205659967077 0.0007746914115041143 0 -0.0067300217215286 0.0034695499653659241 0.0022502095857301198 0.0067194765467474046 -0.00083388597158380183 -0.0012243421994849769 0.0056331057250272815 -0.0022240524294195232 -0.00088481595409432693
leaf_weight=117.88273554481566 204.04722941853106 5467.0262845475227 700.14505598461255 235.80229586781934 1277.7054211758077 316.99764607637189 586.27686878060922 84.90399182215333 192.39093945315108 99.969586250837892 24.803256957791746 466.1148756321054 392.81534315668978 398.46213499782607
leaf_count=4257 1760 74837 16472 4868 26287 7967 7798 734 2423 1235 426 8807 6266 10841
internal_value=0.000104834 -0.000191654 -0.00211974 -0.00363387 0.000177727 -0.00132428 0.000598946 0.00218206 0.000524297 0.00366165 0.00401326 0.00497532 -0.00110304 0
internal_weight=10565.3 9186.46 1538.46 935.947 7648.01 1594.7 6053.3 1378.88 770.08 292.361 608.801 490.918 477.719 602.509
internal_count=174978 150830 33941 21340 116889 34254 82635 24148 10658 3658 13490 9233 7000 12601
is_linear=0
shrinkage=0.03


Tree=361
num_leaves=15
num_cat=0
split_feature=20 17 20 20 12 2 11 14 11 17 2 11 18 14
split_gain=7.08883 5.8651 5.23905 6.56672 5.06593 5.16411 4.84691 3.17207 11.6002 5.24674 3.68553 3.2689 3.15004 3.03692
threshold=1.5000000000000002 37.798333333333339 11.500000000000002 9.5000000000000018 0.098133384073305005 1.5000000000000002 4.7018518518518526 6.5000000000000009 9.6770833333333339 39.101923076923086 1.5000000000000002 5.0923295454545459 20.500000000000004 6.5000000000000009
decision_type=2 8 2 2 10 2 10 10 8 10 2 10 2 10
left_child=7 2 3 -2 5 -3 -4 9 -9 10 -1 -11 -10 -6
right_child=1 4 6 -5 13 -7 -8 8 12 11 -12 -13 -14 -15
leaf_value=-0.00067116340115965271 0.0012106530928349998 0.00016357434518197184 0.0056385159622081623 -0.0018958007863434645 0 -0.0020511295982929864 0 0.011911462751113648 -0.0087546675670399053 0.010057526586539708 0.0028666292007003191 0 0 0.0035866099543510272
leaf_weight=309.8970037503168 1935.2022989697289 1230.0066487116273 342.93278035987169 875.82009428343736 1426.2875041048974 2888.9092093964573 238.17740581254475 32.477890997659415 102.67450363747776 125.77117737196386 767.28180075762793 29.979096519760787 13.141526109771801 246.97263710433617
leaf_count=4402 23511 25424 3369 12506 11745 64462 5414 1152 4807 1413 11161 481 732 4399
internal_value=0.000101797 -0.000184966 0.000783201 0.000187872 -0.000778024 -0.001354 0.00338091 0.0021106 -0.00138698 0.00265635 0.00171182 0.00799921 -0.00669639 0.000550226
internal_weight=10565.5 9184.31 3392.13 2811.02 5792.18 4118.92 581.11 1381.22 148.294 1232.93 1077.18 155.75 115.816 1673.26
internal_count=174978 150830 44800 36017 106030 89886 8783 24148 6691 17457 15563 1894 5539 16144
is_linear=0
shrinkage=0.03


Tree=362
num_leaves=15
num_cat=0
split_feature=20 17 15 14 14 20 5 20 2 12 15 12 15 12
split_gain=6.6746 5.51167 6.26871 12.5719 6.09718 4.92049 12.9885 6.24762 2.97324 7.48509 4.57044 2.83191 3.56919 2.60672
threshold=1.5000000000000002 37.798333333333339 15.500000000000002 7.5000000000000009 1.5000000000000002 11.500000000000002 3.5000000000000004 8.5000000000000018 1.5000000000000002 0.090204181430472499 19.500000000000004 0.10063025488248926 68.500000000000014 0.17289439897287759
decision_type=2 8 8 8 8 2 2 2 2 8 10 10 10 10
left_child=8 5 3 -3 -4 7 -7 -2 9 10 -1 12 -10 -13
right_child=1 2 4 -5 -6 6 -8 -9 11 -11 -12 13 -14 -15
leaf_value=-0.0067660107496602204 0.001382657820147005 -0.0013153279235082231 -0.0037327481219358617 -0.011175470342211778 2.4992237852819215e-05 0.012133623218826566 0.00065205464601498391 -0.0014816193328234229 0.004648659306107931 0.0055826364339982525 0 -0.00084853731588531575 -0.0023269507925840482 0.0062942742587398393
leaf_weight=137.91674133297056 1684.3463066439144 840.44735312461853 414.01694800239056 142.56646642368287 4391.1555493392516 115.81653033103794 466.62073053070344 1127.0545213886071 643.48412632592954 133.20929508656263 133.56976770749316 244.80096483230591 40.451330973068252 49.676908567547798
leaf_count=3088 20192 10113 5605 6566 83746 1164 7619 15825 13573 1311 2559 2158 1174 285
internal_value=0.000100249 -0.000177794 -0.000753537 -0.00294648 -0.000271137 0.000759665 0.00327433 0.000180555 0.00204814 0 -0.0029641 0.00293977 0.00400447 0
internal_weight=10565.1 9182.02 5788.19 983.014 4805.17 3393.84 582.437 2811.4 1383.11 404.696 271.487 978.413 683.935 294.478
internal_count=174978 150830 106030 16679 89351 44800 8783 36017 24148 6958 5647 17190 14747 2443
is_linear=0
shrinkage=0.03


Tree=363
num_leaves=15
num_cat=0
split_feature=20 7 10 23 5 2 20 12 7 7 9 13 7 13
split_gain=6.27266 7.2017 5.76812 8.17592 4.9085 12.3726 5.06729 4.43739 3.67023 4.46227 7.74336 3.05755 3.14154 2.65717
threshold=1.5000000000000002 457.00000000000006 0.11215932914046123 5.5000000000000009 4.5000000000000009 3.5000000000000004 11.500000000000002 0.1246562740230117 465.00000000000006 491.00000000000006 15.500000000000002 0.034191281531707071 447.00000000000006 0.11321471583414579
decision_type=2 10 8 2 2 2 2 10 8 10 2 8 10 10
left_child=8 2 7 -4 6 -6 -3 -2 11 13 -11 -1 -13 -10
right_child=1 4 3 -5 5 -7 -8 -9 9 10 -12 12 -14 -15
leaf_value=-0.00095879803432231936 -0.00069056106600585163 0.00027725393476853486 -0.0051885879736689759 0.00075887916206271921 0 -0.0065409028658358591 0.0032504749092840267 0.007168099875356413 -0.0021087988560114911 0.0088297710662299089 -8.2468868719302451e-05 0.0010287680347961941 0.006556762266131529 0.0049989713741518567
leaf_weight=57.23862214316614 534.61228333134204 5464.2418466447853 696.94531869608909 235.86819215770811 1276.9128176949453 314.8518713763915 589.00465724943206 67.717066956683993 440.04670825460926 128.66777891851962 165.3535062065348 236.32708335597999 319.04073391039856 38.491318205371499
leaf_count=2297 11994 74837 16472 4868 26287 7967 7798 607 6635 1505 2153 6138 5055 365
internal_value=9.71932e-05 -0.000172125 -0.00205222 -0.00352876 0.00018689 -0.00126346 0.000593764 0 0.00198419 0.000379527 0.00339844 0.00374551 0.00450227 -0.00118109
internal_weight=10565.3 9180.15 1535.14 932.814 7645.01 1591.76 6053.25 602.329 1385.17 772.559 294.021 612.606 555.368 478.538
internal_count=174978 150830 33941 21340 116889 34254 82635 12601 24148 10658 3658 13490 11193 7000
is_linear=0
shrinkage=0.03


Tree=364
num_leaves=14
num_cat=0
split_feature=12 10 10 1 14 4 12 20 16 3 17 12 14
split_gain=6.12575 5.29165 6.72535 11.5401 6.19235 3.59049 3.95416 2.68084 3.23867 2.4256 2.3319 0.657621 0.581126
threshold=0.20005144032921815 0.4188596491228071 0.051956815114709856 6.5000000000000009 12.500000000000002 6.5000000000000009 0.22060412061437498 10.500000000000002 -2.9999999999999996 7.5000000000000009 36.601190476190489 0.1036980406604348 2.5000000000000004
decision_type=10 10 10 2 10 2 10 2 10 2 10 10 8
left_child=1 2 4 -4 -1 6 12 8 -3 10 -7 -9 -2
right_child=5 7 3 -5 -6 9 -8 11 -10 -11 -12 -13 -14
leaf_value=0.00063699047400263883 0.0016562362773147354 0 -0.00010217490260904422 -0.0039062750628984996 -0.0050979521039525482 0.0038741656196685883 0 0.0025739962962592821 0.010021806620323075 0.0066105327542167035 -0.0039017097114584492 -0.0011329359688940165 0.014924682627557206
leaf_weight=6017.9757146132179 35.886646874248981 27.088195266202092 2829.9550435121637 998.774832861498 164.87588695227169 35.207060236483812 41.878681752830744 73.136028258129954 93.56823549605906 44.343638099730015 97.424584163352847 52.786962646991014 52.328972076997161
leaf_count=100195 186 247 43942 15857 11004 214 255 716 789 254 602 367 350
internal_value=9.50849e-05 -1.63306e-05 -0.000138782 -0.00113745 0.000455822 0.00423839 0.00807101 0.00426314 0.00745577 0.0004524 -0.000681981 0 0.0115145
internal_weight=10565.2 10258.2 10011.6 3828.73 6182.85 307.07 130.094 246.579 120.656 176.975 132.632 125.923 88.2156
internal_count=174978 173117 170998 59799 111199 1861 791 2119 1036 1070 816 1083 536
is_linear=0
shrinkage=0.03


Tree=365
num_leaves=13
num_cat=0
split_feature=20 11 15 12 14 12 23 12 6 12 0 12
split_gain=5.12305 6.20458 5.38215 11.6264 5.31545 6.99058 4.71341 9.4711 4.55259 4.37128 4.30349 4.17242
threshold=1.5000000000000002 3.0217391304347831 19.500000000000004 0.049906708299828392 1.5000000000000002 0.035090708030724178 8.5000000000000018 0.17289439897287759 57.250000000000007 0.011126586196224081 1750.0000000000002 0.054553304036322518
decision_type=2 8 8 10 10 8 2 10 2 10 2 8
left_child=1 -1 3 -3 5 9 10 -8 -7 -2 -6 -4
right_child=4 2 11 -5 6 8 7 -9 -10 -11 -12 -13
leaf_value=0.012635513049393041 0 0.0073967558745932577 -0.00025052986115976067 -0.0075614457409421132 0.0011995990062711541 -0.0010322900544325949 -0.0046768827395521325 0.011424566873325642 0.0077920724369666275 -0.0095841199423736187 -0.0003279722615851137 0.003437753324472154
leaf_weight=46.068346168845892 24.568433781620115 54.740328799001873 305.06664060452022 147.3276081494987 4145.5292871026322 1907.0774960601702 327.7246506344527 27.387593699619174 46.032601122744381 134.97117861872539 2553.1502433258574 825.28615551162511
leaf_count=257 781 1259 9668 1749 71994 26953 4834 169 584 4186 40979 11171
internal_value=0.00025858 0.00196025 0.00143314 -0.0027041 0 -0.00131648 0.000397216 -0.00287716 -0.000728339 -0.00736409 0.000595191 0.0023135
internal_weight=10544.9 1378.49 1332.42 202.068 9166.44 2112.65 7053.79 355.112 1953.11 159.54 6698.68 1130.35
internal_count=174584 24104 23847 3008 150480 32504 117976 5003 27537 4967 112973 20839
is_linear=0
shrinkage=0.03


Tree=366
num_leaves=15
num_cat=0
split_feature=2 13 20 14 7 20 7 16 7 14 7 23 13 4
split_gain=6.52767 7.73985 5.92088 6.20737 8.42486 5.69713 6.60995 6.18971 5.08709 4.67184 3.4708 3.00381 2.26247 2.15282
threshold=4.5000000000000009 0.069857078306727674 2.5000000000000004 2.5000000000000004 461.00000000000006 6.5000000000000009 461.00000000000006 7.0000000000000009 459.00000000000006 8.5000000000000018 445.00000000000006 2.5000000000000004 0.07439499996782202 1.5000000000000002
decision_type=2 10 2 8 8 2 10 8 10 8 10 2 10 2
left_child=2 11 3 10 -5 6 -4 -7 12 -10 -1 13 -3 -2
right_child=1 8 5 4 -6 7 -8 -9 9 -11 -12 -13 -14 -15
leaf_value=0 0.0059692365450674401 0 -0.0035631981331396916 0.0037949248223137604 -0.00032338956789817948 0.001301404158191544 -1.6126254685534216e-05 -0.001597244436729589 -0.00025773403711240275 0.0047627039850016758 0.0063056946994489481 -0.0071275945471842121 -0.0071657722749256664 -0.0026760254899353977
leaf_weight=64.412788413465023 15.959557728376238 19.220820316579193 673.56524786818773 647.13045356515795 1247.4005380829331 3601.572036275873 1851.9859757220838 766.78629637393169 483.25108372420073 217.18478851718828 367.43835496529937 249.53810278675519 106.92057347204536 234.11971902661026
leaf_count=432 349 362 14301 17289 20599 57892 26834 13791 4852 3764 2134 5123 1740 5122
internal_value=0.000250954 -0.00168589 0.000546561 0.00185689 0.00101066 8.16169e-05 -0.00102658 0.000757056 0 0.00110905 0.00517189 -0.00461542 -0.00531935 -0.00143006
internal_weight=10546.5 1326.19 9220.29 2326.38 1894.53 6893.91 2525.55 4368.36 826.577 700.436 431.851 499.617 126.141 250.079
internal_count=174584 21312 153272 40454 37888 112818 41135 71683 10718 8616 2566 10594 2102 5471
is_linear=0
shrinkage=0.03


Tree=367
num_leaves=15
num_cat=0
split_feature=16 15 13 13 15 15 13 15 5 12 12 13 21 12
split_gain=5.44685 10.241 6.92201 6.49312 4.62909 8.65954 5.90411 6.27378 5.72355 3.81741 3.51441 3.08508 3.58843 0.213731
threshold=9.0000000000000018 55.500000000000007 0.052177299200866861 0.11437655948520574 18.500000000000004 14.500000000000002 0.058187301255206603 71.500000000000014 2.5000000000000004 0.15676354457151145 0.058984288449234347 0.14298820445609439 1.0000000180025095e-35 0.066535928824699955
decision_type=10 10 10 10 10 10 10 10 2 10 8 8 2 8
left_child=4 2 13 -4 5 8 7 -6 -1 -7 -8 12 -3 -2
right_child=1 11 3 -5 6 9 10 -9 -10 -11 -12 -13 -14 -15
leaf_value=0.0026450937052244199 0 0.0018301989745717977 -0.012599285771540828 0.00034638616241456689 4.0491023007706535e-05 -0.0054816831584266479 0.0028533511322531941 -0.0052268374720351356 -0.00055335699489013953 0.0027562823633314661 0.00089666991872245424 0.011426505433546901 -0.0032160720035901758 0.0028455349566423051
leaf_weight=632.61102937278338 27.050854538800195 241.28023477294482 152.00574854947627 16.702737096697092 1269.47093169461 380.57119392906316 1247.6671701136511 226.36769999237731 2318.372127993498 29.477083843201399 3739.2613187632523 15.833269281312822 232.94740282418206 18.756512899883091
leaf_count=11220 768 4976 2262 155 26467 5752 26667 7395 40511 202 43237 190 4504 278
internal_value=0.000241643 -0.00226351 -0.00765172 -0.010481 0.00043724 -0.000436022 0.000913095 -0.000671436 8.48742e-05 -0.00450201 0.00141862 0 -0.00034329 0
internal_weight=10548.4 704.577 214.516 168.708 9843.8 3361.03 6482.77 1495.84 2950.98 410.048 4986.93 490.061 474.228 45.8074
internal_count=174584 13133 3463 2417 161451 57685 103766 33862 51731 5954 69904 9670 9480 1046
is_linear=0
shrinkage=0.03


Tree=368
num_leaves=15
num_cat=0
split_feature=16 15 13 13 20 14 15 13 14 15 15 13 13 20
split_gain=5.07716 9.68199 6.62012 6.29623 4.6758 7.57525 5.7772 5.76782 8.67586 5.36057 3.00706 2.92429 3.40762 0.417442
threshold=9.0000000000000018 55.500000000000007 0.052177299200866861 0.11437655948520574 2.5000000000000004 2.5000000000000004 25.500000000000004 0.057326722982638426 5.5000000000000009 20.500000000000004 18.500000000000004 0.14298820445609439 0.083045973594612701 4.5000000000000009
decision_type=10 10 10 10 2 8 8 10 10 8 10 8 10 2
left_child=4 2 13 -4 5 10 -7 9 -9 -6 -1 12 -3 -2
right_child=1 11 3 -5 7 6 -8 8 -10 -11 -12 -13 -14 -15
leaf_value=0.00021905290576075128 0 0.0013523469714694764 -0.01234570575032279 0.00033833058669813796 0.0010376839011440498 -0.0014599569564836192 0.0017809291283520882 -0.00021258685960099492 0.0023996284159466448 -0.0026830051424911179 0.0066057280019309328 0.01109828207331902 -0.0036778483662266476 0.0034939719017578622
leaf_weight=146.93020355701447 20.07196169369854 288.16686619818211 150.59836498042569 16.706420073285699 427.76743289735168 697.57114088046364 1464.3417986920103 4097.0615262491629 1541.2359980638139 1143.7507147330325 328.22451309673488 15.958420317620037 185.81489146966487 25.775120857637376
leaf_count=890 442 6763 2262 155 8526 11963 30472 41241 38916 27544 1899 190 2717 604
internal_value=0.000235328 -0.00218472 -0.00744555 -0.0102355 0.000424372 0.00150471 0.000665034 7.66744e-06 0.000476379 -0.00157501 0.00496605 0 -0.000324281 0
internal_weight=10550 703.092 213.152 167.305 9846.88 2637.07 2161.91 7209.82 5638.3 1571.52 475.155 489.94 473.982 45.8471
internal_count=174584 13133 3463 2417 161451 45224 42435 116227 80157 36070 2789 9670 9480 1046
is_linear=0
shrinkage=0.03


Tree=369
num_leaves=15
num_cat=0
split_feature=2 5 13 5 5 14 6 23 17 17 17 10 3 11
split_gain=6.23228 11.4909 10.4919 9.38347 7.11286 10.3946 7.64792 5.66447 4.08705 3.11261 3.43146 2.73067 2.72987 0.987409
threshold=4.5000000000000009 3.5000000000000004 0.069857078306727674 2.5000000000000004 2.5000000000000004 1.5000000000000002 56.250000000000007 8.5000000000000018 38.967204301075277 38.183602150537645 39.250757575757582 0.13245614035087722 1.5000000000000002 3.6715686274509807
decision_type=2 2 10 2 2 10 2 2 10 8 10 10 2 8
left_child=4 2 8 -4 9 6 -6 -7 -2 -1 -11 13 -13 -3
right_child=1 11 3 -5 5 7 -8 -9 -10 10 -12 12 -14 -15
leaf_value=0 -0.0018735343056730514 0 -5.3797186815182695e-05 0.0073817083966975687 -0.0024883007564571701 0.001086695417129565 0.0024256436197219195 -0.0026974312880967484 -0.012547921940043144 0.0063695412274794166 0 0.004514688466876921 -0.0039256673150602044 -0.0091283738396754719
leaf_weight=98.366951174102724 305.68865611497313 10.663681361824272 328.63922940660268 229.7266931431368 1616.7259405748919 6465.0935001091566 311.9560372075066 351.50062339520082 43.839637161232531 339.2368765771389 43.278468191623688 22.211298658978194 195.41567004704848 189.18650361406617
leaf_count=975 5479 104 3879 2536 27155 108869 4349 4972 1426 5968 984 369 2897 4622
internal_value=0.000229222 -0.00166422 7.64747e-05 0.00277748 0.000518225 0.000303175 -0.0016117 0.000867742 -0.00379355 0.00407702 0.00529816 -0.00576088 -0.00230841 -0.0086401
internal_weight=10551.5 1325.37 907.894 558.366 9226.16 8745.28 1928.68 6816.59 349.528 480.882 382.515 417.477 217.627 199.85
internal_count=174584 21312 13320 6415 153272 145345 31504 113841 6905 7927 6952 7992 3266 4726
is_linear=0
shrinkage=0.03


Tree=370
num_leaves=15
num_cat=0
split_feature=17 1 0 17 23 12 16 13 17 15 12 17 4 10
split_gain=6.18932 7.15963 5.58176 10.2773 5.38385 6.16202 4.81155 4.29558 4.6092 4.22836 4.37446 3.13417 2.54354 0.665299
threshold=36.375337837837847 7.5000000000000009 1175.0000000000002 37.967156862745107 4.5000000000000009 0.05540954657015109 -2.9999999999999996 0.062875540907848401 38.601428571428578 70.500000000000014 0.050168030756969288 37.400746268656725 8.5000000000000018 0.36602870813397131
decision_type=8 2 2 8 2 8 8 8 10 10 8 8 2 8
left_child=4 2 3 -2 9 -6 -4 8 -3 10 -1 -9 -7 -11
right_child=1 7 6 -5 5 12 -8 11 -10 13 -12 -13 -14 -15
leaf_value=0 0 -0.0059981304023963272 0.0015951169007501888 0.0079216554210696788 0.011024480195489485 0 -0.00018109418048691691 -0.0035059172341268983 0 -0.0040275490092147453 0.012063790868304839 0 -0.010790856033778599 0.0024304605521299869
leaf_weight=22.016671491786838 295.75744499033317 344.31530821556225 1721.0887503139675 240.20586492563598 21.409852934535593 40.338198699057102 6284.12164255674 266.72356412559748 125.94902063370682 19.472849824931473 121.78868381911889 981.91106552165002 34.72068237606436 29.160559836775064
leaf_count=410 3820 6951 30288 5146 363 399 103697 3083 3778 338 1204 14941 342 277
internal_value=0.000169825 3.20993e-05 0.000402117 0.00336838 0.00446682 0 0.000182815 -0.00171533 -0.0042089 0.00736498 0.00987647 -0.000643504 -0.0054017 0
internal_weight=10549 10260.1 8541.17 535.963 288.907 96.4687 8005.21 1718.9 470.264 192.439 143.805 1248.63 75.0589 48.6334
internal_count=175037 171704 142951 8966 3333 1104 133985 28753 10729 2229 1614 18024 741 615
is_linear=0
shrinkage=0.03


Tree=371
num_leaves=15
num_cat=0
split_feature=17 1 23 12 16 15 15 12 15 3 12 12 15 2
split_gain=5.8007 6.73715 5.03095 5.84192 4.45975 12.8577 3.93896 4.11547 3.75074 2.82132 4.68275 3.01099 2.24827 0.245633
threshold=36.375337837837847 7.5000000000000009 4.5000000000000009 0.055902243683353135 -2.9999999999999996 112.50000000000001 70.500000000000014 0.050168030756969288 28.500000000000004 4.5000000000000009 0.098133384073305005 0.14230891954248689 56.500000000000007 3.5000000000000004
decision_type=8 2 2 8 8 10 10 8 8 2 8 10 10 2
left_child=2 4 6 -4 5 -2 7 -1 -6 11 -11 -3 -5 -8
right_child=1 9 3 12 8 -7 13 -9 -10 10 -12 -13 -14 -15
leaf_value=0 0.0024191758997299411 -0.0038674881093557858 0.010447515590932491 -0.0085356941048224475 -0.00079022800157388081 -0.007261394867466452 -0.0020765147737423434 0.011629661906952062 0.00064329048038273503 0.00091888300755142585 -0.0034586166293543467 0.0004022833912967691 0 0.0017787104723021453
leaf_weight=22.016671491786838 1738.3370608189143 654.66634870041162 22.389922835398465 53.902776659466326 2870.792799516581 121.7017707109917 26.018509202636778 122.71714620245621 3813.0983767514117 635.80529541918077 313.64661246025935 112.51383437030017 20.123080680146813 22.599796414840966
leaf_count=410 29539 12641 372 514 39480 3177 356 1204 70755 12328 2890 894 218 259
internal_value=0.000164532 3.05675e-05 0.00431831 0 0.000389642 0.00168758 0.00710912 0.00951974 5.0254e-06 -0.00166541 -0.000380586 -0.00304848 -0.00535731 0
internal_weight=10550.3 10260.6 289.768 96.4158 8543.93 1860.04 193.352 144.734 6683.89 1716.63 949.452 767.18 74.0259 48.6183
internal_count=175037 171704 3333 1104 142951 32716 2229 1614 110235 28753 15218 13535 732 615
is_linear=0
shrinkage=0.03


Tree=372
num_leaves=14
num_cat=0
split_feature=17 1 0 17 1 6 5 0 14 14 6 12 17
split_gain=5.46398 6.32848 5.21711 9.67077 4.71822 6.12313 4.25291 3.73706 3.01183 2.36066 2.1805 3.03604 1.73243
threshold=36.375337837837847 7.5000000000000009 1175.0000000000002 38.164495798319336 7.5000000000000009 56.750000000000007 5.5000000000000009 1650.0000000000002 1.5000000000000002 2.5000000000000004 56.750000000000007 0.086785780927839049 35.967261904761912
decision_type=8 2 2 10 2 2 2 2 8 10 2 8 10
left_child=4 2 3 -2 10 -6 -4 8 -3 -9 12 -12 -1
right_child=1 7 6 -5 5 -7 -8 9 -10 -11 11 -13 -14
leaf_value=0.0031677449510141751 0.00034842297671356672 -0.008311856661710592 0.0003345109325656388 0.0097645023700055327 0.019979836909010559 0 -0.0029247509729819392 0.0017390606227646876 -0.0020406897118360624 -0.0015389733258095888 0.010736416466981091 0 -0.0031197944129816679
leaf_weight=53.816875131800771 392.1768057490699 97.711055271327496 7641.217890505679 145.51512789935805 31.118471499532461 24.521315176039934 367.75780501053669 347.22661876305938 827.19631596375257 442.27392278285697 40.212597928708419 46.326655090786517 94.555451913271099
leaf_count=492 5755 1193 122411 3211 359 302 11574 4047 14752 8761 666 416 1098
internal_value=0.000159606 2.90118e-05 0.000377191 0.00323957 0.00418561 0.0121199 0.000164403 -0.00161554 -0.00290564 0 0.00146769 0.00520423 0
internal_weight=10551.6 10261.1 8546.67 537.692 290.551 55.6398 8008.98 1714.41 924.907 789.501 234.912 86.5393 148.372
internal_count=175037 171704 142951 8966 3333 661 133985 28753 15945 12808 2672 1082 1590
is_linear=0
shrinkage=0.03


Tree=373
num_leaves=15
num_cat=0
split_feature=17 1 3 16 18 16 15 5 13 17 17 23 10 15
split_gain=5.20779 5.98591 4.79389 5.97702 4.24647 4.17105 12.1547 6.14341 4.09275 5.18239 2.82624 1.79279 0.381088 0.349661
threshold=36.375337837837847 7.5000000000000009 6.5000000000000009 3.0000000000000004 5.5000000000000009 -2.9999999999999996 112.50000000000001 2.5000000000000004 0.063497368644427482 38.601428571428578 39.756349206349221 4.5000000000000009 0.36602870813397131 28.500000000000004
decision_type=8 2 2 8 2 8 10 2 8 10 10 2 8 10
left_child=2 5 3 4 -1 6 -2 -7 9 -3 -10 13 -5 -4
right_child=1 8 11 12 -6 7 -8 -9 10 -11 -12 -13 -14 -15
leaf_value=0.011996304998651484 0.0023302982775994714 -0.0058737315729226226 0.0034412612631566654 -0.0029773828882998831 0 0.0025002130146695948 -0.0071018243290196306 -0.00031616392287417568 -3.8094346611727741e-05 0.0001248132048258046 -0.0066053142958988264 -0.0069014640833675147 0.00077602940768545464 0
leaf_weight=123.02707427646965 1741.9793602831196 350.74510179436766 23.550172020215541 31.160389194265008 23.01214516395703 785.06161259580404 121.00159818422981 5900.8429241136182 1171.1220778180286 129.94756807037629 60.56708822469227 28.926905408734456 32.23657495342195 29.28885385626927
leaf_count=1300 29539 7117 236 443 378 12787 3177 97448 16211 3868 1557 322 308 346
internal_value=0.000155591 2.7629e-05 0.00408168 0.00655838 0.00983268 0.000366412 0.00162001 0 -0.00157251 -0.00395869 -0.000507722 -0.000545754 0 0.000636118
internal_weight=10552.5 10261.3 291.202 209.436 146.039 8548.89 1862.98 6685.9 1712.38 480.693 1231.69 81.7659 63.397 52.839
internal_count=175037 171704 3333 2429 1678 142951 32716 110235 28753 10985 17768 904 751 582
is_linear=0
shrinkage=0.03


Tree=374
num_leaves=9
num_cat=0
split_feature=7 17 1 20 1 6 13 20
split_gain=5.38094 4.8413 5.77847 4.66913 4.35481 5.69955 3.75141 3.45332
threshold=399.00000000000006 36.375337837837847 7.5000000000000009 8.5000000000000018 7.5000000000000009 56.750000000000007 0.062875540907848401 9.5000000000000018
decision_type=10 8 2 2 2 2 8 2
left_child=-1 4 3 -3 7 -6 -4 -2
right_child=1 2 6 -5 5 -7 -8 -9
leaf_value=-0.014283392043183974 -0.0015840025408071527 0.00083611006619232369 -0.0038409441359975541 -0.00072855724482828233 0.01907079001499723 0 -0.00049419683000055312 0.0049788793271732679
leaf_weight=17.928424714598805 109.04830659576692 6273.0226592679974 464.92563825612888 2263.3733439589851 31.625955963041633 24.599614461883903 1242.7935987231322 126.39685378293507
leaf_count=966 1046 104868 10649 37279 359 302 17950 1618
internal_value=0.000149554 0.000195108 7.07246e-05 0.000403503 0.00398329 0.0115666 -0.00150148 0.00134566
internal_weight=10553.7 10535.8 10244.1 8536.4 291.671 56.2256 1707.72 235.445
internal_count=175037 174071 170746 142147 3325 661 28599 2664
is_linear=0
shrinkage=0.03


Tree=375
num_leaves=15
num_cat=0
split_feature=3 18 12 7 11 5 13 13 6 12 13 16 11 16
split_gain=5.20685 5.06293 6.95852 7.34293 3.9496 3.36915 5.19028 4.64736 3.97533 3.72342 3.33885 3.30668 2.89475 1.497
threshold=1.5000000000000002 1.5000000000000002 0.058984288449234347 451.00000000000006 2.3431372549019613 2.5000000000000004 0.0677309576369967 0.083045973594612701 52.500000000000007 0.050815353884089302 0.070249725832001328 -1.0000000180025095e-35 9.2546296296296315 -1.0000000180025095e-35
decision_type=2 2 8 10 8 2 10 10 2 10 10 10 10 10
left_child=5 4 3 -3 11 7 8 13 -7 -8 -4 -2 -6 -1
right_child=1 2 10 -5 12 6 9 -9 -10 -11 -12 -13 -14 -15
leaf_value=-0.0051159241591399738 0 -0.0059717500122349271 0.0036983645820467628 0.00036020771269112994 -0.00023577028827901776 0.011427518690849655 0 0.011334705713617565 -0.00050732995991615063 -0.0053838652454676218 0.0011642203502640711 0.0058834186172685345 -0.0065172084277356438 0.0022669305508576983
leaf_weight=40.41572351148352 96.660928070545197 189.12364089488983 900.37130091688596 894.98338541504927 5717.4994553490542 21.771170319058001 94.648694059811532 32.883992779068649 312.80083457985893 478.22226619208232 1541.7762309159152 168.49875837564468 64.336422967724502 26.23408018075861
leaf_count=906 735 6833 13315 21358 91746 638 2321 362 7012 6240 17427 1181 4400 420
internal_value=0.000127427 0.000356821 0.00126417 -0.000629026 -0.000148113 -0.00189617 -0.00256098 0.00256248 0 -0.00429412 0.00216545 0.00334874 -0.000337158 -0.000161032
internal_weight=10580.2 9573.25 3526.25 1084.11 6047 1006.98 907.443 99.5338 334.572 572.871 2442.15 265.16 5781.84 66.6498
internal_count=174894 156995 58933 28191 98062 17899 16211 1688 7650 8561 30742 1916 96146 1326
is_linear=0
shrinkage=0.03


Tree=376
num_leaves=15
num_cat=0
split_feature=2 14 6 15 10 10 12 13 0 14 13 9 18 17
split_gain=7.92619 6.39996 13.9596 7.66586 6.22159 5.95888 5.49011 5.15641 4.74843 4.57715 3.94577 2.82588 1.86868 1.69715
threshold=4.5000000000000009 1.5000000000000002 52.500000000000007 19.500000000000004 0.14760348583878 0.267948717948718 0.037043509780315099 0.14298820445609439 1175.0000000000002 2.5000000000000004 0.11547988233381494 12.500000000000002 5.5000000000000009 37.833771929824572
decision_type=2 10 2 10 8 8 8 8 2 8 8 2 2 10
left_child=1 5 3 -3 12 11 9 -4 -7 -6 -8 -1 13 -2
right_child=4 2 7 -5 6 8 10 -9 -10 -11 -12 -13 -14 -15
leaf_value=0 -0.0022076043281935155 0 0.00035325041189584837 0.0080911191704791177 0 0.0063746949286394468 0.00075533522416888809 0.0055832165604101838 -0.0006157978894180253 -0.012631779343392864 -0.0052567161088471169 -0.0061167776791886943 0 -0.0090612941295919857
leaf_weight=56.046389440074563 138.11493513267487 109.4115811814554 6410.9045784177724 352.42161418357864 13.802809149026869 85.19762984989211 799.98636285634711 175.20360495150089 1816.8516622320749 54.10538736009039 106.89218879211694 254.90328438207507 51.317174304276705 155.55181142641231
leaf_count=666 2297 1896 105681 7446 167 1732 11185 1969 30198 2048 953 4080 1481 3095
internal_value=0.000123731 0.000447308 0.000900036 0.00594508 -0.00202673 -0.000925687 -0.000614877 0.000519266 -0.000208128 -0.00853536 0 -0.00476741 -0.00552169 -0.00643108
internal_weight=10580.7 9260.94 7047.94 461.833 1319.77 2213 974.787 6586.11 1902.05 67.9082 906.879 310.95 344.984 293.667
internal_count=174894 153668 116992 9342 21226 36676 14353 107650 31930 2215 12138 4746 6873 5392
is_linear=0
shrinkage=0.03


Tree=377
num_leaves=15
num_cat=0
split_feature=4 20 16 12 20 16 13 13 13 11 7 1 20 11
split_gain=5.35141 5.51021 4.63926 5.99849 5.71422 4.29925 4.30066 5.4066 4.28478 6.76635 4.04934 3.85978 3.31943 5.96823
threshold=3.5000000000000004 8.5000000000000018 5.0000000000000009 0.039724321193385509 5.5000000000000009 -4.9999999999999991 0.099793169237613708 0.14298820445609439 0.079275444909822509 5.945195195195196 533.00000000000011 1.5000000000000002 1.5000000000000002 6.779132791327914
decision_type=2 2 10 8 2 10 10 10 10 8 10 2 2 8
left_child=5 2 3 -2 -4 12 11 -8 9 -3 -10 -7 -1 -14
right_child=1 8 4 -5 -6 6 7 -9 10 -11 -12 -13 13 -15
leaf_value=0 -0.0018848913056285538 -0.0038461408521393839 5.9469097369578176e-05 0.00099775125829114418 0.0050910405194512579 0.0047958367728148594 -0.0054932295832476703 0.0045411705451919851 0 0.00082300442592951129 0.0068442521938650146 -9.2386722272496023e-05 0 -0.0069865575462479236
leaf_weight=129.65196892688982 727.47773147700354 722.9257647912018 441.35577523172833 4450.8736304149497 506.10806748829782 154.9642776325345 250.33984195161611 39.294864964671433 1154.9686976843514 376.85206685191952 76.614252378232777 1083.2877392366063 159.98088590055704 306.96316692512482
leaf_count=2682 22125 10117 7483 62748 8649 2599 2876 358 15262 11406 861 18787 2224 6717
internal_value=0.000119098 0.000470149 0.00095319 0.000562418 0.00291729 -0.00120576 -0.000251076 -0.00356879 -0.000734194 -0.00211394 0.000380158 0.000415539 -0.00337896 -0.00456991
internal_weight=10581.7 8457.18 6125.82 5178.35 947.464 2124.48 1527.89 289.635 2331.36 1099.78 1231.58 1238.25 596.596 466.944
internal_count=174894 138651 101005 84873 16132 36243 24620 3234 37646 21523 16123 21386 11623 8941
is_linear=0
shrinkage=0.03


Tree=378
num_leaves=15
num_cat=0
split_feature=2 3 12 17 2 13 13 20 13 1 12 9 20 13
split_gain=7.54029 8.09583 5.7641 5.72751 4.60384 4.28307 4.30599 3.96396 3.94379 3.4133 3.20613 3.108 2.77676 2.5379
threshold=4.5000000000000009 1.5000000000000002 0.037043509780315099 37.898809523809533 2.5000000000000004 1.0000000180025095e-35 0.013767786286551927 8.5000000000000018 0.0677309576369967 5.5000000000000009 0.023643742033745613 12.500000000000002 8.5000000000000018 0.089779665131103345
decision_type=2 2 8 10 2 8 8 2 10 2 10 2 2 10
left_child=1 4 10 7 8 9 -7 -4 -1 -3 -2 -12 -6 -5
right_child=2 5 3 13 12 6 -8 -9 -10 -11 11 -13 -14 -15
leaf_value=0 0 0.012427322651769483 0.0018167433115051838 -0.0053877410743488081 0.002211108655236509 -0.0079411278406160343 0.00071527311337306646 -0.0026242821337226336 -0.0060918984537690225 0 0 -0.013707302595403129 -0.0034212040376751913 0
leaf_weight=203.80500184814446 21.633436548290774 46.457405058201402 516.19905259739608 316.3218077714555 238.62982406839728 44.416991076199338 8273.6996948786546 264.70518093556166 324.02760814270005 26.191765348194167 9.2803579629398865 70.430316541809589 106.75824577617459 119.52392773283646
leaf_count=4669 795 1179 6736 5944 4341 1638 134574 3638 4803 636 226 2402 1828 1485
internal_value=0.000116112 0.000431812 -0.0019826 -0.00124656 -0.00226811 0.000731841 0.000646285 0.000113376 -0.00403175 0.00792355 -0.008935 -0.0115882 1.81064e-05 -0.00399705
internal_weight=10582.1 9263.99 1318.09 1216.75 873.221 8390.77 8318.12 780.904 527.833 72.6492 101.344 79.7107 345.388 435.846
internal_count=174894 153668 21226 17803 15641 138027 136212 10374 9472 1815 3423 2628 6169 7429
is_linear=0
shrinkage=0.03


Tree=379
num_leaves=14
num_cat=0
split_feature=3 10 18 12 5 12 12 6 16 17 17 10 9
split_gain=4.34114 5.14736 5.3284 6.92981 3.16115 4.33165 3.68465 3.41015 2.78353 2.12876 2.26203 1.93042 0.859221
threshold=1.5000000000000002 0.44949494949494956 1.5000000000000002 0.058984288449234347 2.5000000000000004 0.10431309222865907 0.060860931967254998 56.750000000000007 -8.9999999999999982 37.833771929824572 37.481934731934736 0.28285714285714292 12.500000000000002
decision_type=2 10 2 8 2 10 10 2 10 10 8 10 2
left_child=4 2 8 -4 5 12 7 -6 -2 10 -3 -8 -1
right_child=1 9 3 -5 6 -7 11 -9 -10 -11 -12 -13 -14
leaf_value=-0.0059213182643273223 -0.0016726293005332202 0.0042472674342711285 -0.00076034520654255199 0.0020509938871278465 -0.0012463930929142342 0.011267879227100513 -0.0026227124898239645 0.0065090811806924314 0 0.011322250405409958 -0.0025269195981364634 -0.0090682541120036785 0
leaf_weight=17.055171060375869 1122.1547875443939 132.60237600840628 1075.769177230075 2402.8976285120007 233.82030020048842 31.192549964413047 536.42409713286906 58.682895413367078 4769.4900334652048 45.561189895495772 32.130375310778618 74.383746382780373 51.187931223073974
leaf_count=279 21768 946 28097 30405 6399 248 7377 1661 75048 455 276 774 1161
internal_value=0.000110641 0.000320771 0.000198575 0.00113869 -0.0017398 0.00258286 -0.00239237 0 -0.000331565 0.00493778 0.00200673 -0.00371848 0
internal_weight=10583.4 9580.61 9370.31 3478.67 1002.75 99.4357 903.311 292.503 5891.64 210.294 164.733 610.808 68.2431
internal_count=174894 156995 155318 58502 17899 1688 16211 8060 96816 1677 1222 8151 1440
is_linear=0
shrinkage=0.03


Tree=380
num_leaves=15
num_cat=0
split_feature=20 16 12 6 23 13 13 23 12 18 6 3 20 13
split_gain=3.63639 4.89196 9.87205 6.80862 5.94281 4.73177 4.64915 8.90774 7.79538 5.63669 5.00711 4.3695 3.7071 3.61464
threshold=8.5000000000000018 5.0000000000000009 0.086785780927839049 53.500000000000007 8.5000000000000018 0.12074887551842983 0.076518140089111994 3.5000000000000004 0.068365630733421376 3.5000000000000004 56.750000000000007 7.5000000000000009 11.500000000000002 0.058187301255206603
decision_type=2 10 10 2 2 10 10 2 10 2 2 2 2 8
left_child=1 4 3 -3 5 -1 7 11 10 -9 -8 -2 -10 -4
right_child=6 2 13 -5 -6 -7 8 9 12 -11 -12 -13 -14 -15
leaf_value=-0.00014194743071957263 -0.0056591613014937894 0.0054597966515067707 0 -0.001558690400712799 -0.0044164561621567828 0.003135203869296352 0.00015638841470799853 0.0022663115470580621 -0.0025283852812021971 -0.0045245505643250038 0.0069853387720162649 0 0.00084228096387647033 0.0068641624783195203
leaf_weight=5787.3743348245043 597.3169380822219 151.12527193804272 85.005424690432847 601.60691904253326 272.25952851120383 418.4413039451465 290.78314728941768 401.47562210075557 796.33198302006349 141.84258940443397 188.8471767376177 100.65154834860004 375.49939600983635 350.38839846197516
leaf_count=99199 12338 3289 983 12911 3800 4189 5370 7432 8688 3397 3794 1888 4330 3167
internal_value=-0.000133362 0.000192316 0.00196496 0 -0.000110926 5.72167e-05 -0.00104706 -0.00243032 0 0.000194784 0.00319903 -0.00467401 -0.00132184 0.00553491
internal_weight=10558.9 7666.2 1188.13 752.732 6478.08 6205.82 2892.75 1241.29 1651.46 543.318 479.63 697.968 1171.83 435.394
internal_count=174775 127538 20350 16200 107188 103388 47237 25055 22182 10829 9164 14226 13018 4150
is_linear=0
shrinkage=0.03


Tree=381
num_leaves=15
num_cat=0
split_feature=15 14 11 10 11 23 11 3 14 11 14 13 14 13
split_gain=5.00792 4.39878 5.9782 12.2843 5.66151 5.62353 6.89897 4.22744 5.12365 4.65672 4.02045 3.15264 5.0323 3.19739
threshold=21.500000000000004 4.5000000000000009 4.5508620689655181 0.10102040816326532 4.7819293478260878 4.5000000000000009 4.5741758241758248 7.5000000000000009 4.5000000000000009 7.8675438596491238 2.5000000000000004 0.055466219238216881 1.5000000000000002 0.063836936627773969
decision_type=10 10 8 10 8 2 10 2 10 8 8 10 8 10
left_child=1 5 3 -3 -4 6 -1 11 -9 -10 -7 12 -2 -13
right_child=7 2 4 -5 -6 10 -8 8 9 -11 -12 13 -14 -15
leaf_value=-0.0001876679958092824 -0.0086151678025903275 0.012794850592656845 -0.014853314837592864 -0.0030222688090195738 -0.0028588276622388384 0.00024870915196605281 0.003815438077997303 0 0.0074124521256098185 0 -0.0028155139800634921 0.0030397124611189546 -0.00054395359273208424 0.00015910504754761303
leaf_weight=1967.2067272011191 78.292785114608705 60.240524797700346 40.796220062300563 108.93693960271776 810.43376516271383 471.02187769114971 461.55670894496143 445.94517242908478 246.29581697937101 125.77309086732566 1059.187459607143 402.66128727002069 846.08624124550261 3432.7101642875932
leaf_count=27716 1285 685 622 1316 25171 3420 5229 3777 4868 4291 14864 7888 23011 50632
internal_value=-0.000128164 -0.000830366 -0.00260483 0.0019543 -0.00369224 -0.000332456 0.000517716 0.000472019 0.00246603 0.00505002 -0.00177685 9.56183e-05 -0.00143164 0.000504152
internal_weight=10557.1 4979.38 1020.41 169.177 851.23 3958.97 2428.76 5577.76 818.014 372.069 1530.21 4759.75 924.379 3835.37
internal_count=174775 79023 27794 2001 25793 51229 32945 95752 12936 9159 18284 82816 24296 58520
is_linear=0
shrinkage=0.03


Tree=382
num_leaves=15
num_cat=0
split_feature=15 14 10 6 15 13 12 1 13 15 12 6 10 14
split_gain=4.73067 4.17226 4.30469 3.72004 6.07213 5.4545 3.50903 3.49458 3.47391 5.21256 5.88233 3.48011 3.12205 3.03183
threshold=21.500000000000004 4.5000000000000009 0.10380747126436783 54.250000000000007 14.500000000000002 0.10715528382542998 0.04918413145182763 2.5000000000000004 0.05129082044266723 27.500000000000004 0.12246670187173621 57.250000000000007 0.38675213675213682 3.5000000000000004
decision_type=10 10 8 2 8 10 10 2 10 8 8 2 8 8
left_child=1 3 7 4 -1 -5 -4 -3 9 13 -11 -10 -13 -2
right_child=8 2 6 5 -6 -7 -8 -9 11 10 -12 12 -14 -15
leaf_value=0.0018471590581780181 0.0065999028281915166 0.0041942257621480367 0 -0.00018256438000739146 -0.0026385546981557103 0.0037365680810784682 -0.005645431273698826 -0.0018102071150405408 0.0010124804796997635 -0.003678689602758755 0.0039576402727189821 -0.0044563703558397937 0.0031534866990349472 0
leaf_weight=313.22403513872996 93.363798301666975 108.97350958432071 143.79919632570818 2158.6722009563819 1125.3774122241884 360.55922569427639 422.45870837848634 342.94488595123403 4470.5892298044637 608.92187743401155 84.267375873401761 194.64551267353818 36.560783623717725 91.394593951292336
leaf_count=2823 832 3147 5642 25825 19424 3157 8716 10289 68344 19385 1011 3181 403 2596
internal_value=-0.000124014 -0.000807211 -0.00253808 -0.000321443 -0.00155497 0.000325219 -0.00428017 -3.98688e-06 0.000458579 -0.00120252 -0.00251385 0.000801567 -0.0025767 0.0028635
internal_weight=10555.8 4976.01 1018.18 3957.83 1438.6 2519.23 566.258 451.918 5579.74 877.948 693.189 4701.8 231.206 184.758
internal_count=174775 79023 27794 51229 22247 28982 14358 13436 95752 23824 20396 71928 3584 3428
is_linear=0
shrinkage=0.03


Tree=383
num_leaves=15
num_cat=0
split_feature=15 16 1 20 13 9 16 15 6 11 20 11 6 23
split_gain=4.45893 5.96884 4.76154 5.71423 4.54982 3.71851 3.64955 5.30156 4.63489 7.97367 3.61559 3.59916 2.81234 2.65529
threshold=21.500000000000004 -2.9999999999999996 5.5000000000000009 1.5000000000000002 0.099081631696826031 14.500000000000002 -6.9999999999999991 154.50000000000003 53.500000000000007 6.1263297872340434 2.5000000000000004 2.7550000000000003 54.250000000000007 7.5000000000000009
decision_type=10 8 2 2 8 2 10 10 2 8 2 10 2 2
left_child=1 5 4 -4 -3 13 7 11 9 -8 -10 -2 -7 -1
right_child=6 2 3 -5 -6 12 8 -9 10 -11 -12 -13 -14 -15
leaf_value=0.0051820427032177674 -0.0039336094529106077 -0.0010812998117254238 0.0005655422370402424 -0.0034892922884918577 0.0020480710410436119 -0.0033808194075145709 0 -0.012379247838140149 0.0022724752684873633 0.0069949294561632994 0 0.00095052106198453314 0.0012724208897484999 0
leaf_weight=271.37401058431715 198.99813896045089 1983.187334117014 332.20137871685438 1284.368064543698 504.49802095536143 166.60212678532116 312.54732644418254 36.225152234081179 732.58280363120139 269.31078369123861 3705.9628093990032 325.60614569834433 346.87682297895662 83.428236097563058
leaf_count=4153 3844 34118 5788 19810 5952 2870 3915 1195 11947 8031 60165 6655 5249 1083
internal_value=-0.000119827 -0.000783821 -0.00128116 -0.00256436 -0.000383658 0.00138915 0.000445071 -0.00176473 0.000723287 0.00326224 0.000353398 -0.000638592 0 0.00373967
internal_weight=10553.8 4972.54 4104.25 1616.57 2487.69 868.281 5581.23 560.829 5020.4 581.858 4438.55 524.604 513.479 354.802
internal_count=174775 79023 65668 25598 40070 13355 95752 11694 84058 11946 72112 10499 8119 5236
is_linear=0
shrinkage=0.03


Tree=384
num_leaves=15
num_cat=0
split_feature=15 16 17 20 3 12 0 16 15 20 13 11 12 13
split_gain=4.18377 5.61213 5.72766 4.20583 4.00286 5.00382 7.25914 4.12622 5.48559 4.16127 4.00265 4.49898 3.3122 3.18403
threshold=21.500000000000004 -2.9999999999999996 36.789181286549713 9.5000000000000018 7.5000000000000009 0.064936800238777806 1750.0000000000002 -6.9999999999999991 91.500000000000014 2.5000000000000004 0.1037255595020518 4.245000000000001 0.1335014694869068 0.096160546770302877
decision_type=10 8 10 2 2 8 2 10 10 2 8 8 10 10
left_child=1 2 -1 -4 7 6 -6 8 -2 -9 13 -12 -7 -3
right_child=4 10 3 -5 5 12 -8 9 -10 -11 11 -13 -14 -15
leaf_value=-0.0072708677028783435 -0.00037610557166175586 -0.0013791217990791337 0.0031881269140885652 -0.0019461911156127807 0.0088736058530634598 -0.00076972672477169587 0 0.002458219700683926 -0.0085997161973200165 0 -0.0045551938574921588 0.0019020783705702312 0.0044012328491870121 -0.0055457885462677561
leaf_weight=52.473017254378647 374.55435033305548 3210.0435146926902 676.94275661907159 139.77463679434732 193.07974401838146 394.69778890628368 92.530240832595155 722.78239582548849 102.68280091206543 3563.2197438920848 103.23858245648444 584.86964223347604 139.74471815116704 201.94904209394008
leaf_count=621 7373 55261 10488 2246 4687 5143 2092 12786 2742 59915 697 7263 1014 2447
internal_value=-0.000115658 -0.000759549 0.00134351 0.00212039 0.000430748 0.00236635 0.00558468 6.39199e-05 -0.00252737 0.000390021 -0.00124301 0.00069099 0.00033256 -0.00167739
internal_weight=10552.6 4969.29 869.19 816.717 5583.29 820.052 285.61 4763.24 477.237 4286 4100.1 688.108 534.443 3411.99
internal_count=174775 79023 13355 12734 95752 12936 6779 82816 10115 72701 65668 7960 6157 57708
is_linear=0
shrinkage=0.03


Tree=385
num_leaves=15
num_cat=0
split_feature=20 17 13 13 0 6 10 13 12 10 11 12 7 13
split_gain=3.89634 4.2701 5.19491 5.18869 5.95736 4.14194 3.47861 5.18858 5.27166 4.42387 10.7639 3.46785 2.77627 2.54359
threshold=1.5000000000000002 39.475961538461547 0.041684042257436757 0.040171902840735997 1750.0000000000002 54.250000000000007 0.44949494949494956 0.077589619679471436 0.11011303195960168 0.30217391304347835 4.6631205673758878 0.065299010881909939 465.00000000000006 0.030314812196616244
decision_type=2 8 8 10 2 2 10 10 10 10 10 8 10 10
left_child=1 2 13 11 -5 -4 9 -8 -9 12 -11 -3 -2 -1
right_child=6 3 5 4 -6 -7 7 8 -10 10 -12 -13 -14 -15
leaf_value=0 -0.0013066449599896577 -0.0088425709489202923 0.00019603091844164596 0.0061184217988955649 0 -0.0044850746133674796 -0.0033953802977940589 0.010614444342917799 0 -0.0053968948901740197 0.0034901460125558777 0.00059284728057614746 -2.7281758336869569e-05 0.010727456873465263
leaf_weight=48.437543212203309 2143.2801168682054 45.227117648813874 364.44348971336149 397.50614397064783 208.00266472622752 244.94171725725755 50.934792555868626 92.174491574987769 77.549149621278048 465.28939806297421 140.63101038290188 37.746590737253428 6175.1160679357126 44.461440483108163
leaf_count=1136 45703 2327 4519 8346 3623 2586 508 812 478 4161 2678 748 96212 855
internal_value=-0.000233398 0.00121372 -0.00024236 0.00290633 0.0039873 -0.00146258 -0.000470412 0.0031074 0.00595872 -0.000577365 -0.00307704 -0.0030554 -0.000375525 0.00589554
internal_weight=10535.7 1390.77 702.284 688.483 605.509 609.385 9144.98 220.658 169.724 8924.32 605.92 82.9737 8318.4 92.899
internal_count=174692 24140 9096 15044 11969 7105 150552 1798 1290 148754 6839 3075 141915 1991
is_linear=0
shrinkage=0.03


Tree=386
num_leaves=15
num_cat=0
split_feature=9 0 17 23 12 12 15 9 13 11 15 1 12 15
split_gain=3.75779 3.48911 5.20023 7.37762 6.87898 4.15605 4.19949 3.73394 2.59595 3.23723 4.36179 1.195 0.487919 1.03503
threshold=9.5000000000000018 1250.0000000000002 37.667156862745109 4.5000000000000009 0.025866357865843199 0.18772033389258272 21.500000000000004 15.500000000000002 0.071750145676572688 4.5064102564102573 54.500000000000007 5.5000000000000009 0.095623877812208477 19.500000000000004
decision_type=2 2 8 2 10 10 8 2 8 10 8 2 10 10
left_child=8 2 3 -2 -4 7 -7 -3 12 10 -10 -11 13 -1
right_child=1 5 4 -5 -6 6 -8 -9 9 11 -12 -13 -14 -15
leaf_value=-0.00054723352961816112 0.0011390052264344183 -0.00014111854510149197 -0.0049941409769593097 -0.0033876204794260267 0.002429160857084299 0.0079312989299817546 0 -0.0015619985481607744 -0.0023366756007126969 0.015823258706010326 0.0072039835899189641 0 -0.0033761756284218054 0.0043298134370291291
leaf_weight=34.634460306726396 684.38934940984473 3695.3377820288297 105.94232226908207 564.19523670128547 1375.855538835749 87.331580737605691 254.96772306598723 3466.1863621321972 71.56908739823848 30.236660504713655 67.631750457920134 19.075607840903103 31.283704992383718 45.418220941442996
leaf_count=649 9447 58105 3832 7114 26940 508 1620 63777 518 402 609 243 247 681
internal_value=-0.00022587 -0.000336701 0.000551023 -0.000792128 0.00178253 -0.000679841 0.00241684 -0.000850367 0.00300833 0.0051313 0.00134757 0.011943 0 0.000548039
internal_weight=10534.1 10234.2 2730.38 1248.58 1481.8 7503.82 342.299 7161.52 299.849 188.513 139.201 49.3123 111.336 80.0527
internal_count=174692 171343 47333 16561 30772 124010 2128 121882 3349 1772 1127 645 1577 1330
is_linear=0
shrinkage=0.03


Tree=387
num_leaves=15
num_cat=0
split_feature=9 0 17 23 12 12 15 13 13 1 15 12 14 12
split_gain=3.5399 3.27413 4.86692 6.968 6.50481 3.94745 3.92905 3.68395 2.48749 2.7412 1.49333 0.858553 0.618348 1.07635
threshold=9.5000000000000018 1250.0000000000002 37.667156862745109 4.5000000000000009 0.025866357865843199 0.18772033389258272 21.500000000000004 0.13742266922325533 0.071750145676572688 6.5000000000000009 28.500000000000004 0.072466222019366214 8.5000000000000018 0.095623877812208477
decision_type=2 2 8 2 10 10 8 10 8 2 8 10 8 10
left_child=8 2 3 -2 -4 7 -7 -3 12 11 -11 -10 13 -1
right_child=1 5 4 -5 -6 6 -8 -9 9 10 -12 -13 -14 -15
leaf_value=0.0039437710505668983 0.0011041719576147708 -0.00096803793043933912 -0.0048719976832612951 -0.0032947481108807032 0.0023519965192822269 0.0076790863869691181 0 0.0026737134296191548 0.011391591831806656 -0.0062054994498875263 0.0032424752901842658 0.0023989415870136646 -0.0038468424077827781 -0.0012414654630767859
leaf_weight=56.761659168638289 684.94943837774917 6922.5435800028499 105.47296957974322 562.85737833590247 1378.4880285772961 87.653144776821136 254.96772306598723 234.33751664869487 53.048278047703207 21.729746822267771 24.931022875010967 89.398257555440068 30.075492665171623 24.567544447258115
leaf_count=660 9447 119414 3832 7114 26940 508 1620 2468 657 201 237 677 739 178
internal_value=-0.000218303 -0.000326393 0.000532238 -0.00076558 0.00172317 -0.000659292 0.00235472 -0.000826069 0.00291587 0.00499156 0 0.00703793 0 0.00065872
internal_weight=10531.8 10231.3 2731.77 1247.81 1483.96 7499.5 342.621 7156.88 300.512 189.107 46.6608 142.447 111.405 81.3292
internal_count=174692 171343 47333 16561 30772 124010 2128 121882 3349 1772 438 1334 1577 838
is_linear=0
shrinkage=0.03


Tree=388
num_leaves=15
num_cat=0
split_feature=20 12 14 13 13 12 11 10 13 12 10 11 9 12
split_gain=3.64345 5.11139 5.6189 5.54568 5.40683 5.8308 4.69087 3.51643 4.9324 5.09281 3.92728 10.9129 3.06001 2.3588
threshold=2.5000000000000004 0.062515031265031287 9.5000000000000018 0.080268813022653665 0.051730509468104091 0.097430739723537954 5.1348484848484857 0.44949494949494956 0.081303225495162987 0.10573295834499245 0.30217391304347835 4.6631205673758878 15.500000000000002 0.057696387193629455
decision_type=2 8 8 10 8 8 10 10 10 10 10 10 2 10
left_child=1 2 13 -4 6 -6 -3 10 -9 -10 12 -12 -2 -1
right_child=7 4 3 -5 5 -7 -8 8 9 -11 11 -13 -14 -15
leaf_value=0.0017278388226019614 9.281644819476128e-05 0.0073125636371857289 -0.0060346706610187447 0.00088758549529801114 0.0027677213785191209 -0.00089324398687194565 -0.00082843975335588531 -0.0024042244702040874 0.011488858651467383 0 -0.005393327791987877 0.0035860707460979428 -0.0011361966529209572 -0.0031030659908679106
leaf_weight=499.13486098963767 3765.1287767332979 240.26039029099047 283.54997235396877 108.00002673501149 740.86171116866171 736.50312935886905 42.903497533872724 63.351839179173112 75.957828104496002 81.763054233044386 460.97189569287002 140.20488041825593 3200.0651422212832 90.613059064839035
leaf_count=8935 59029 3496 13209 2956 10191 6294 862 612 675 511 4143 2661 59920 1198
internal_value=-0.000210054 0.000705962 -0.000929371 -0.00375995 0.00170249 0.000844592 0.00556557 -0.000552063 0.00301742 0.00612391 -0.000678091 -0.00303942 -0.000450727 0.000713529
internal_weight=10529.3 2741.83 981.298 391.55 1760.53 1477.36 283.164 7787.44 221.073 157.721 7566.37 601.177 6965.19 589.748
internal_count=174692 47141 26298 16165 20843 16485 4358 127551 1798 1186 125753 6804 118949 10133
is_linear=0
shrinkage=0.03


Tree=389
num_leaves=15
num_cat=0
split_feature=20 15 12 12 10 2 10 12 15 5 3 14 6 6
split_gain=3.45323 4.72318 5.97257 3.45793 3.05608 3.8666 3.8648 7.31104 3.35708 2.85592 2.5192 2.31256 2.24937 1.16938
threshold=1.5000000000000002 21.500000000000004 0.050494506091662963 0.031958510043799189 0.44949494949494956 2.5000000000000004 0.30217391304347835 0.094968588436715073 120.50000000000001 6.5000000000000009 2.5000000000000004 7.5000000000000009 53.500000000000007 52.500000000000007
decision_type=2 8 8 10 10 2 10 8 10 2 2 10 2 2
left_child=1 3 12 13 6 -6 9 -8 -7 -2 -5 -4 -3 -1
right_child=4 2 11 10 5 8 7 -9 -10 -11 -12 -13 -14 -15
leaf_value=0 -0.00024780701159462311 0.0018461597670612658 0.004165246726659003 0.00096650355312491519 0.0073989180910820074 -0.0029468740946498864 0 -0.0065152625506511288 0.0083757606968397468 -0.0047038584689813243 -0.0038250401198033153 -0.00020717055780745228 -0.0038232711278930187 0.0092288307567919975
leaf_weight=12.253742187051101 8178.1995827355422 59.327599911019206 706.6982686817646 79.172755180858076 93.734912740066648 103.1463807746768 334.87768650706857 268.19435744080693 24.680978005751967 131.70768896117806 301.66448240238242 53.082141200779006 155.5291750524193 24.997089809505269
leaf_count=277 136543 2253 8952 1032 749 827 4560 2279 222 5372 3695 1892 5413 626
internal_value=-0.000203126 0.00115737 0.00235534 -0.00127562 -0.00042749 0.00291504 -0.000528987 -0.00287234 0 -0.000339259 -0.00244054 0.00366428 -0.00156915 0.00596324
internal_weight=10527.3 1392.73 974.637 418.088 9134.54 221.562 8912.98 603.072 127.827 8309.91 380.837 759.78 214.857 37.2508
internal_count=174692 24140 18510 5630 150552 1798 148754 6839 1049 141915 4727 10844 7666 903
is_linear=0
shrinkage=0.03


Tree=390
num_leaves=15
num_cat=0
split_feature=7 14 23 14 11 7 3 2 13 14 15 14 1 15
split_gain=5.18407 6.64672 10.0743 4.76984 9.65469 4.22237 4.14111 3.7893 6.45649 4.22291 3.40356 4.93926 4.11542 2.93138
threshold=499.00000000000006 1.5000000000000002 3.5000000000000004 11.500000000000002 9.4058823529411786 483.00000000000006 5.5000000000000009 2.5000000000000004 0.082356066762517985 7.5000000000000009 48.500000000000007 2.5000000000000004 3.5000000000000004 302.50000000000006
decision_type=10 8 2 10 8 8 2 2 8 10 10 10 2 10
left_child=1 2 6 13 -5 -4 -1 8 -2 -10 11 -9 -12 -3
right_child=7 3 5 4 -6 -7 -8 10 9 -11 12 -13 -14 -15
leaf_value=-0.002682941594266961 0.003848093303036218 0.00012342622111881355 0.0035941866084463077 0 -0.0094937167851905837 -0.0040469727872350387 -0.010382517184393892 0.0033551880900102209 -0.0010478621258353444 0.0054462105449834099 0.00063907506416738908 -0.00092966396714880088 -0.0046815932997642685 -0.0077022309801582757
leaf_weight=225.03576591331512 847.25868813879788 6631.1253861042205 187.62400105036795 231.1053326248657 139.83866798272356 82.834323292598128 163.56450530234724 428.80972939543426 586.54899248480797 101.2360538393259 171.78450518427417 463.59761754143983 261.98933266242966 38.054949473822489
leaf_count=3036 13347 106288 2351 9647 10369 946 2027 4128 5269 2250 2607 7385 4265 1140
internal_value=0 -0.000405497 -0.00328349 -0.000112644 -0.00340753 0.000678373 -0.00639557 0.00108896 0.00210273 0 0 0.00096932 -0.00224935 5.05609e-05
internal_weight=10560.4 7699.18 659.059 7040.12 370.944 270.458 388.6 2861.22 1535.04 687.785 1326.18 892.407 433.774 6669.18
internal_count=175055 135804 8360 127444 20016 3297 5063 39251 20866 7519 18385 11513 6872 107428
is_linear=0
shrinkage=0.03


Tree=391
num_leaves=15
num_cat=0
split_feature=7 1 17 0 10 7 10 2 5 13 2 4 10 17
split_gain=4.88672 4.71508 9.34926 5.78337 4.47498 4.03916 3.97981 3.55962 6.97375 6.04754 5.08634 4.01019 3.30118 3.2765
threshold=499.00000000000006 6.5000000000000009 36.30156250000001 1175.0000000000002 0.12973352033660593 461.00000000000006 0.10102040816326532 2.5000000000000004 3.5000000000000004 0.082356066762517985 3.5000000000000004 4.5000000000000009 1.0000000180025095e-35 37.967156862745107
decision_type=10 2 10 2 10 10 8 2 2 8 2 2 8 10
left_child=1 3 5 4 -1 -3 -5 9 10 -2 -9 -10 -4 -11
right_child=7 2 12 6 -6 -7 -8 8 11 13 -12 -13 -14 -15
leaf_value=0.0013211169515988776 0.003722427687808567 -0.0010619918134180074 -0.00016809706827142473 0.0009562179983479155 0.0098024844677489179 0.0049126152060133882 -0.00080563487598881713 -0.0007158933271047401 0.00092758515340472922 -0.0017807800093362269 0.0040496934011344052 -0.0039583515036780105 -0.0035271651735591008 0.0023922519858675662
leaf_weight=355.68248560046777 849.71620462997817 114.45641286065802 466.49352493416518 1630.7026524250396 81.562335564754903 235.82463303254917 3651.2529859771021 292.62696516979486 159.08165982970968 404.50892134569585 425.4489915529266 448.78654400305822 1160.8138026720844 283.35600991081446
leaf_count=6252 13347 3252 8058 30566 1097 3748 62910 3623 2745 4073 4729 7288 19921 3446
internal_value=0 -0.000394914 -0.00165695 1.63364e-05 0.00333532 0.0025507 -0.000232935 0.00105569 0 0.00203697 0.00190868 -0.00243779 -0.00265959 0
internal_weight=10560.3 7696.79 1977.59 5719.2 437.245 350.281 5281.96 2863.53 1325.94 1537.58 718.076 607.868 1627.31 687.865
internal_count=175055 135804 34979 100825 7349 7000 93476 39251 18385 20866 8352 10033 27979 7519
is_linear=0
shrinkage=0.03


Tree=392
num_leaves=15
num_cat=0
split_feature=7 23 0 6 23 13 11 12 1 13 17 1 12 20
split_gain=4.59169 5.76582 5.54108 7.62611 4.69977 4.63529 4.20602 4.07602 5.1548 4.93562 4.13825 3.78773 3.46687 3.10987
threshold=499.00000000000006 5.5000000000000009 1175.0000000000002 53.500000000000007 6.5000000000000009 0.09756754979948723 2.6754385964912282 0.10937776548672568 1.5000000000000002 0.048788422171794917 37.733809523809533 6.5000000000000009 0.10189606995920657 5.5000000000000009
decision_type=10 2 2 2 2 10 10 10 2 8 8 2 8 2
left_child=1 2 3 -1 6 -4 -3 8 -2 -10 11 -9 -6 -12
right_child=7 4 5 -5 12 -7 -8 10 9 -11 13 -13 -14 -15
leaf_value=0.016554793363119588 0.0059269979035723964 0 -0.0014507140232322838 0 0.00090217442733572751 0.000580686578515657 0.0057450551501601532 -0.0054134225801289477 -0.0027769585489433642 0.0017390390029873176 -0.0012826206185577746 0.00029424893987870995 -0.0029578036809518263 0.0032912593641191428
leaf_weight=32.154975076206028 246.18521585082635 156.85020887618884 4601.7552436604165 103.75298428768292 1075.6787737722043 1172.3879665932618 300.23415095359087 235.5735686570406 225.77314900816418 1585.9034404829144 209.82832567021251 103.33041801676154 251.48686457984149 259.09893087577075
leaf_count=613 3930 3268 89610 1872 18934 13981 5293 1742 5299 23788 1474 775 2233 2243
internal_value=0 -0.000382432 -0.000847922 0.00485346 0.00107366 -0.00101216 0.00368919 0.00102337 0.00175221 0.00108759 -0.000648075 -0.00325803 4.97858e-05 0.000936167
internal_weight=10560 7694.3 5910.05 135.908 1784.25 5774.14 457.084 2865.69 2057.86 1811.68 807.831 338.904 1327.17 468.927
internal_count=175055 135804 106076 2485 29728 103591 8561 39251 33017 29087 6234 2517 21167 3717
is_linear=0
shrinkage=0.03


Tree=393
num_leaves=11
num_cat=0
split_feature=15 23 23 10 11 6 15 5 11 11
split_gain=4.2466 3.76315 7.01856 9.97025 5.03137 6.2265 3.488 2.63702 1.19064 0.957399
threshold=302.50000000000006 5.5000000000000009 6.5000000000000009 0.10582306830907055 4.1558704453441306 54.250000000000007 76.500000000000014 4.5000000000000009 7.232051282051283 4.287593984962407
decision_type=10 2 2 8 10 2 10 2 10 8
left_child=1 4 7 -4 5 -1 -6 -3 9 -2
right_child=8 2 3 -5 6 -7 -8 -9 -10 -11
leaf_value=-0.0023098045843604354 0 0.0048826903616736644 -0.0023270563573720266 0.0022862146833352017 0.0011964953206639614 -4.0735404509241135e-05 -0.0014381820303873986 0 0 -0.0094105541880129158
leaf_weight=1677.1237143396866 25.32478192076087 485.30175784509629 770.20872490364127 910.84606617991813 2552.9753287653439 3486.8351432716008 498.47830043965951 86.030676340218633 7.0054226755164555 59.578275410691276
leaf_count=30122 338 8171 11876 13764 49941 43261 13195 2022 533 1832
internal_value=0 5.88067e-05 0.00115486 8.29548e-05 -0.000223968 -0.000808213 0.000715376 0.00402044 -0.00625019 -0.00735039
internal_weight=10559.7 10467.8 2252.39 1681.05 8215.41 5163.96 3051.45 571.332 91.9085 84.9031
internal_count=175055 172352 35833 25640 136519 73383 63136 10193 2703 2170
is_linear=0
shrinkage=0.03


Tree=394
num_leaves=15
num_cat=0
split_feature=7 14 23 14 11 10 3 12 10 12 14 14 10 9
split_gain=4.27462 6.24893 9.33976 4.50859 9.15851 4.26031 3.96238 3.80878 6.56473 4.98191 4.87493 7.71052 5.51227 3.98489
threshold=499.00000000000006 1.5000000000000002 3.5000000000000004 11.500000000000002 9.4058823529411786 0.18834459459459463 5.5000000000000009 0.10937776548672568 0.27429467084639503 0.065684702719989205 3.5000000000000004 7.5000000000000009 0.18834459459459463 9.5000000000000018
decision_type=10 8 2 10 8 8 2 10 10 8 10 10 8 2
left_child=1 2 6 -3 -5 -4 -1 8 13 -10 12 -12 -9 -2
right_child=7 3 5 4 -6 -7 -8 10 9 -11 11 -13 -14 -15
leaf_value=-0.0025313439179402058 0.0086892226086157896 7.3293562074065938e-05 -0.0058715852397710575 0 -0.0092685007926770254 0.0029584532714627141 -0.010097870248165053 0.0061456726967198082 0 0.0097049612851915004 -0.0073667444281217565 0.0023258399120755567 -0.00061013074864374082 0.00063697787535531552
leaf_weight=224.0485195973888 56.846011405810714 6665.3791933697648 52.654560038819909 231.10785989509895 138.35603319178335 218.21142893284559 161.89907002728432 132.35766135714948 77.220624866895378 148.90396985318512 193.73784368857741 84.188852308318019 397.27445815503597 1777.9344165383372
leaf_count=3036 637 107428 830 9647 10369 2467 2027 849 1033 1472 1649 1210 2526 29875
internal_value=0 -0.000368898 -0.00316296 -8.466e-05 -0.00329775 0.0006229 -0.00617762 0.000987091 0.0016914 0.00658166 -0.000625058 -0.0039113 0.000839297 0.000990925
internal_weight=10560.1 7691.66 656.814 7034.84 369.464 270.866 385.948 2868.46 2060.91 226.125 807.559 277.927 529.632 1834.78
internal_count=175055 135804 8360 127444 20016 3297 5063 39251 33017 2505 6234 2859 3375 30512
is_linear=0
shrinkage=0.03


Tree=395
num_leaves=13
num_cat=0
split_feature=15 15 14 3 0 0 17 12 17 7 9 15
split_gain=5.30346 5.55806 11.4188 6.45672 6.96727 5.2155 4.52092 4.3417 3.39849 2.71263 3.29131 0.547714
threshold=216.50000000000003 28.500000000000004 8.5000000000000018 7.5000000000000009 1750.0000000000002 1650.0000000000002 36.789181286549713 0.017569583783505687 39.186190476190482 475.00000000000006 15.500000000000002 504.50000000000006
decision_type=10 10 10 2 2 2 8 8 10 10 2 10
left_child=1 2 7 5 -5 -3 -2 -1 -4 11 -11 -8
right_child=6 3 8 4 -6 -7 9 -9 -10 10 -12 -13
leaf_value=0.0062889967651179489 0.0041585920650390818 -0.00054800592484374321 -0.0067344326244721774 0.0064704735711891932 0 0.0017952053392833087 -0.014117906278223964 -0.00012824613446784877 0 0.00019694476707954133 -0.0074917280326348354 0
leaf_weight=91.315940943546593 22.215479956474155 1748.9932812929619 306.98213053285144 369.83391074696556 198.98092114157043 1556.2940841442905 46.082704029045999 5960.1422654292546 98.545515587786213 69.719446256291121 63.224546426907182 6.5830465976614496
leaf_count=2300 367 34072 12398 6554 3008 26533 1602 78488 6064 1473 1635 331
internal_value=5.62573e-05 0.000166781 -0.000354852 0.00107419 0.00405229 0.000511027 -0.00460796 -1.53155e-06 -0.00519763 -0.00652573 -0.00251119 -0.012962
internal_weight=10538.9 10331.1 6456.99 3874.1 568.815 3305.29 207.825 6051.46 405.528 185.61 132.944 52.6658
internal_count=174825 169417 99250 70167 9562 60605 5408 80788 18462 5041 3108 1933
is_linear=0
shrinkage=0.03


Tree=396
num_leaves=15
num_cat=0
split_feature=15 15 6 7 13 13 16 12 6 15 5 9 11 7
split_gain=4.99879 5.22501 7.32779 6.62023 6.2298 4.11889 3.6027 3.7952 2.81615 2.48326 1.14777 1.75908 0.522007 0.387381
threshold=216.50000000000003 28.500000000000004 52.500000000000007 485.00000000000006 0.055466219238216881 0.081505775754712947 3.0000000000000004 0.017569583783505687 51.250000000000007 370.50000000000006 4.5000000000000009 15.500000000000002 3.7165178571428577 485.00000000000006
decision_type=10 10 2 8 10 8 10 8 2 10 2 2 8 10
left_child=1 6 3 -3 -4 9 7 -1 -8 -2 11 -7 -12 -11
right_child=5 2 4 -5 -6 10 8 -9 -10 13 12 -13 -14 -15
leaf_value=0.0060035454602248512 -0.011043441229836651 0.0086184808802843311 -0.0019655215814457345 -0.00055112839378053131 0.0012428439476369077 0.0073979094107943927 0.0049002396649801844 -0.00013031796663288438 -0.0023036908365076979 -0.0039374458386208563 0 0 -0.0060913188939171097 0.0015758372654799194
leaf_weight=87.276381593197584 78.66075631044805 200.53064565453678 633.10931929061189 63.322587254690006 2980.3508733243216 31.483953985385597 34.159537239465863 5282.7375693980139 1050.8502534013242 13.733346423599867 9.8764785565435869 30.387032345868647 24.356116550508887 18.441264268476516
leaf_count=2751 2407 4811 17806 1137 46413 469 535 81774 14190 656 118 494 678 586
internal_value=5.34827e-05 0.000160994 0.00104057 0.0058906 0.000637317 -0.00448391 -0.000344513 0 -0.00191784 -0.00829388 0 0.00248686 -0.00397349 0
internal_weight=10539.3 10332.3 3877.31 263.853 3613.46 206.939 6455.02 5370.01 1085.01 110.835 96.1036 61.871 34.2326 32.1746
internal_count=174825 169417 70167 5948 64219 5408 99250 84525 14725 3649 1759 963 796 1242
is_linear=0
shrinkage=0.03


Tree=397
num_leaves=15
num_cat=0
split_feature=2 11 15 7 7 7 12 3 0 12 18 12 14 12
split_gain=4.83238 9.58441 4.26357 4.3013 4.19827 7.56348 6.36103 5.61278 9.04084 4.9252 3.8586 3.64554 2.2558 2.97348
threshold=4.5000000000000009 3.2529069767441867 21.500000000000004 497.00000000000006 467.00000000000006 459.00000000000006 0.13726305830152363 7.5000000000000009 1750.0000000000002 0.04260927459040121 14.500000000000002 0.035689533359621502 13.500000000000002 0.096259794587674599
decision_type=2 10 8 10 10 8 10 2 2 8 2 8 10 10
left_child=4 2 3 -2 5 9 -7 10 -9 -1 -6 -4 13 -3
right_child=1 12 11 -5 7 6 -8 8 -10 -11 -12 -13 -14 -15
leaf_value=-0.0025086974228273125 -0.0064462275025461112 -0.0067627387762608585 -0.005999393862451039 0.0023574082963353977 8.3959935527488417e-05 -0.0040336289245397486 0.0028727178296453089 0.0052743675229708267 -0.00038517233207902322 0.0011675907645747924 0.0031569345916832728 0.0026716891161687774 0.00022924401334969855 -0.00097347814449333533
leaf_weight=396.42650748905726 129.30821687565185 355.98067254666239 33.563822388648987 45.186485514510423 5045.6872199797072 759.55255109071732 112.55962744727731 571.50158734549768 371.07260969746858 1562.6135297289584 403.84509171149693 538.69504345790483 22.884526641340926 191.15962621290237
leaf_count=14841 1816 7594 1287 428 71919 14331 874 8050 5084 28330 9983 7149 1018 2121
internal_value=5.07935e-05 -0.00162813 0.000430664 -0.00332863 0.000307496 -0.000625119 -0.00295995 0.000744177 0.00289775 0.0003428 0.000341872 0.00185571 -0.00456638 -0.00503889
internal_weight=10540 1316.78 746.754 174.495 9223.26 2831.15 872.112 6392.11 942.574 1959.04 5449.53 572.259 570.025 547.14
internal_count=174825 21413 10680 2244 153412 58376 15205 95036 13134 43171 81902 8436 10733 9715
is_linear=0
shrinkage=0.03


Tree=398
num_leaves=14
num_cat=0
split_feature=10 15 15 2 5 23 12 12 23 17 1 12 15
split_gain=4.80975 8.02078 6.47221 5.37096 8.80607 4.88432 3.68344 3.63151 3.29626 2.82914 2.25173 2.45021 0.870364
threshold=0.4188596491228071 40.500000000000007 225.50000000000003 4.5000000000000009 3.5000000000000004 4.5000000000000009 0.07866713914481456 0.070653575352602208 1.5000000000000002 37.001428571428576 2.5000000000000004 0.066104923996537931 281.50000000000006
decision_type=10 10 10 2 2 2 10 8 2 8 2 8 10
left_child=2 5 3 7 -5 8 9 -1 -2 -4 -3 -12 -8
right_child=1 10 6 4 -6 -7 12 -9 -10 -11 11 -13 -14
leaf_value=0.0010009316723080123 0 0 0 0 -0.0056105712832881915 0.0056545424007005043 0.0033106849314110888 -0.00020220889988044021 -0.012411518383046615 -0.011036376863845631 0 0.01217939694779915 -0.0030633834512645217
leaf_weight=3944.0283260531723 32.907127244397998 45.320159368216991 10.798089153831823 868.86440620850772 372.68010885757394 30.590604960918427 29.164687311742455 4915.8578972429968 37.003595529124141 90.934708719141781 23.590066950768232 99.769541643559933 38.568507624790072
leaf_count=90893 271 366 289 13011 7315 231 427 56707 295 3324 276 775 645
internal_value=4.90653e-05 0.00397707 -4.11681e-05 4.30366e-05 -0.00178311 -0.00152676 -0.00577755 0.000316718 -0.00683912 -0.00925327 0.00806952 0.010193 0
internal_weight=10540.1 269.181 10270.9 10101.4 1241.54 100.501 169.466 8859.89 69.9107 101.733 168.68 123.36 67.7332
internal_count=174825 2214 172611 167926 20326 797 4685 147600 566 3613 1417 1051 1072
is_linear=0
shrinkage=0.03


Tree=399
num_leaves=14
num_cat=0
split_feature=10 15 15 23 14 0 7 17 14 23 11 6 17
split_gain=4.55741 7.54831 6.11521 4.65227 4.56209 6.02577 5.29742 3.44802 3.58892 3.16087 1.783 2.75516 0.258271
threshold=0.4188596491228071 40.500000000000007 225.50000000000003 4.5000000000000009 1.5000000000000002 1650.0000000000002 561.00000000000011 37.420294117647067 9.5000000000000018 1.5000000000000002 3.6715686274509807 56.750000000000007 37.185912698412707
decision_type=10 10 10 2 8 2 8 8 10 2 10 2 10
left_child=2 3 4 9 5 -1 -6 12 -9 -2 11 -3 -4
right_child=1 10 7 -5 6 -7 -8 8 -10 -11 -12 -13 -14
leaf_value=-0.0045505722289111488 0 0 -4.3850936533716933e-05 0.005492141702685336 0.00030849173875620723 0.00027311928388536747 -0.010234998658880638 -0.011151109326883618 0 -0.012167055267760175 0.015897471872293213 0.0097571287699274225 0.0034085305273316934
leaf_weight=427.75339246541262 32.907127244397998 87.757368005812168 31.941575689706951 30.696514727547765 9248.5594836340751 388.60080965142697 37.403380154864863 90.196607849095017 31.416479506995529 36.719478316605091 33.322277881205082 48.354684464633465 15.000944383908061
leaf_count=5266 271 653 616 231 157169 4811 680 1920 1844 295 422 342 305
internal_value=4.68307e-05 0.00386658 -4.07278e-05 -0.00144838 4.04531e-05 -0.00208409 0.000244393 -0.00563154 -0.00824512 -0.00668124 0.00782484 0.00429228 0
internal_weight=10540.6 269.757 10270.9 100.323 10102.3 816.354 9285.96 168.556 121.613 69.6266 169.434 136.112 46.9425
internal_count=174825 2214 172611 797 167926 10077 157849 4685 3764 566 1417 995 921
is_linear=0
shrinkage=0.03


Tree=400
num_leaves=15
num_cat=0
split_feature=17 2 4 13 23 6 15 13 12 7 20 5 15 4
split_gain=9.09518 6.61629 5.83287 5.72943 5.01024 4.83077 5.26307 4.62011 6.0426 4.57869 6.29575 4.38782 4.28492 4.27746
threshold=37.798333333333339 3.5000000000000004 12.500000000000002 0.060615729728684425 6.5000000000000009 52.500000000000007 57.500000000000007 0.032091761747954202 0.064296718131298489 457.00000000000006 3.5000000000000004 6.5000000000000009 40.500000000000007 5.5000000000000009
decision_type=10 2 2 10 2 2 8 8 8 10 2 2 10 2
left_child=5 7 4 -4 -3 6 12 -2 -9 10 -7 -11 -1 -8
right_child=1 2 3 -5 -6 9 13 8 -10 11 -12 -13 -14 -15
leaf_value=-0.00093762541265938993 -0.0045647539223062431 -0.0047014797615375498 -0.0057426253576444066 0.00483457111466583 0.0028068797876858935 0.0013904757055798419 0 0.0012755009831966937 -0.0011063000551091839 0.0016119009680710481 -0.0036270148634814192 -0.0043706639184413311 0.011684650404745018 -0.010184537595586704
leaf_weight=124.75241466239095 226.35307213920169 887.46104900492355 54.680776754627004 141.1556471879594 58.757345507619902 429.23346980288625 49.363258071243763 1551.6621763762087 2434.0709103588015 3954.8732106962707 414.83454403048381 96.025038738967851 22.530659848358482 100.64923436148092
leaf_count=1566 7762 16496 1459 2352 979 9900 1367 37375 30389 50789 7456 3528 354 2687
internal_value=-0.000132611 -0.00101172 -0.00305395 0.00106492 -0.00406524 0.000745145 -0.00281085 -0.000419458 -0.000141032 0.000994379 -0.000905646 0.00142789 0.000328513 -0.00677193
internal_weight=10546.4 5354.14 1142.05 195.836 946.218 5192.26 297.296 4212.09 3985.73 4894.97 844.068 4050.9 147.283 150.012
internal_count=174459 96812 21286 3811 17475 77647 5974 75526 67764 71673 17356 54317 1920 4054
is_linear=0
shrinkage=0.03


Tree=401
num_leaves=15
num_cat=0
split_feature=17 0 0 17 11 4 17 16 12 15 1 11 4 17
split_gain=8.5469 8.93836 5.32838 8.83152 5.91854 5.82451 4.41292 4.03883 7.70607 4.48485 4.00368 3.36146 2.78478 2.1782
threshold=37.798333333333339 1175.0000000000002 1850.0000000000002 36.901020408163276 6.2474489795918382 5.5000000000000009 38.86770833333334 -2.9999999999999996 0.081585525924069591 15.500000000000002 6.5000000000000009 5.5441558441558447 11.500000000000002 38.533739837398386
decision_type=10 2 2 8 10 2 10 8 10 10 2 10 2 10
left_child=2 6 4 -4 11 -6 13 8 -3 -9 -8 -1 -5 -2
right_child=1 7 3 12 5 -7 10 9 -10 -11 -12 -13 -14 -15
leaf_value=0.00055494052548143015 0.0031723939952682787 0.0019318197964934805 0.02053384106162217 0.0041570882656257338 -0.0081535595743688835 0 0.014389943220337034 -0.0039068424124850312 -0.0026924236635446712 -0.0011803233106853033 0 0.0041292154633941914 -0.0027771738547168658 -0.0038474057442445778
leaf_weight=4298.3007540793624 154.60761383268982 825.82424065610394 26.778108908329159 173.08916926989332 126.48386889742687 260.65811377367936 54.038935536053032 771.71728866524063 524.10613683192059 2978.4462476067711 7.584402311127632 266.57819327479228 43.137150186579674 33.858449186198413
leaf_count=58087 2349 20250 295 2302 3819 7499 1484 12873 5914 53026 256 5020 625 660
internal_value=-0.000129239 -0.000982371 0.000720627 0.00507722 0.000471675 -0.00298713 0.00436999 -0.00127824 2.24549e-05 -0.00178579 0.011376 0.000800783 0.00206416 0.0010691
internal_weight=10545.2 5350.18 5195.03 243.004 4952.02 387.142 250.089 5100.09 1349.93 3750.16 61.6233 4564.88 216.226 188.466
internal_count=174459 96812 77647 3222 74425 11318 4749 92063 26164 65899 1740 63107 2927 3009
is_linear=0
shrinkage=0.03


Tree=402
num_leaves=15
num_cat=0
split_feature=17 0 7 2 10 0 17 10 17 6 10 5 1 18
split_gain=8.05627 8.3991 7.18198 6.95815 6.92553 5.01726 8.24172 5.81636 4.0609 3.99633 7.42571 4.7368 3.79352 2.18234
threshold=37.798333333333339 1175.0000000000002 477.00000000000006 2.5000000000000004 0.028174603174603175 1850.0000000000002 36.901020408163276 0.18301435406698566 38.86770833333334 52.500000000000007 0.16869918699186995 5.5000000000000009 6.5000000000000009 5.5000000000000009
decision_type=10 2 10 2 8 2 8 8 10 2 8 2 2 2
left_child=5 8 4 -4 -3 9 -7 -8 13 10 -1 -11 -10 -2
right_child=1 2 3 -5 -6 6 7 -9 12 11 -12 -13 -14 -15
leaf_value=0.0035208842483223147 0.003310724243479527 -6.954716835585476e-05 0.0010390549756455858 -0.0018884166909292769 -0.0038080826467253794 0.019776655159289884 0.010177023521518339 -6.5368723530820829e-05 0.013836573604818813 0.00097689327444445495 -0.0060895483126639722 -0.0027674592381287514 0 -0.0032599835050856371
leaf_weight=84.251262264326215 146.25533131835982 775.2119307727553 1621.1321658745874 1295.1271295910701 1403.999288600171 27.154832222033292 53.915411007124931 162.73663416691124 54.703737306175753 4355.9340044320561 209.07058882899582 304.50407891557552 7.584402311127632 42.472729629836977
leaf_count=1305 2135 15444 25210 21218 30191 295 886 2041 1484 59686 4602 8832 256 874
internal_value=-0.000124764 -0.000953931 -0.00124212 -0.000210711 -0.00255005 0.000699426 0.00492162 0.00197886 0.00422019 0.000456622 -0.00281357 0.000697389 0.0109148 0.00101175
internal_weight=10544.1 5346.49 5095.47 2916.26 2179.21 5197.57 243.807 216.652 251.016 4953.76 293.322 4660.44 62.2881 188.728
internal_count=174459 96812 92063 46428 45635 77647 3222 2927 4749 74425 5907 68518 1740 3009
is_linear=0
shrinkage=0.03


Tree=403
num_leaves=15
num_cat=0
split_feature=17 0 7 23 11 6 11 16 16 17 7 7 11 16
split_gain=7.59345 7.89383 6.79156 6.54804 4.91543 4.48719 4.62867 4.09649 3.80357 5.92755 3.2275 2.34 2.00628 1.69435
threshold=37.798333333333339 1175.0000000000002 477.00000000000006 5.5000000000000009 7.7523584905660385 52.500000000000007 4.4316770186335415 -2.9999999999999996 5.0000000000000009 38.183602150537645 457.00000000000006 515.00000000000011 6.2524509803921573 9.0000000000000018
decision_type=10 2 10 2 10 2 10 8 8 10 10 10 10 10
left_child=4 8 3 -3 5 6 -1 -4 9 -2 -7 13 -10 -6
right_child=1 2 7 -5 11 10 -8 -9 12 -11 -12 -13 -14 -15
leaf_value=-0.0048976343884749429 0 -0.0034790205444458068 0.0016687197448635243 0 -0.0098471327538091503 -0.00050499256753023668 0.0030946399259282132 -0.00089719671591375889 0.00017322805426977055 0.010041023126326182 0.0014299016129653854 0 -0.0090134458309353849 0
leaf_weight=226.5015440909192 73.404291511746123 1590.3967243356165 728.50843634176999 584.50742655829526 66.825304742436856 829.94721248582937 62.771380534861237 2187.1548322029412 36.999685690272599 123.83612334239297 3997.0103008898441 10.897045999299733 17.666226441739127 5.9287880170159033
leaf_count=4594 1054 34921 12103 10714 3062 16628 1089 34325 577 2607 51530 434 511 310
internal_value=-0.000120459 -0.000926353 -0.0012071 -0.00248088 0.00067881 0.00082534 -0.00263049 -0.000202959 0.0040762 0.00615221 0.00106599 -0.00613226 -0.000788143 -0.00836422
internal_weight=10542.4 5342.47 5090.57 2174.9 5199.88 5116.23 289.273 2915.66 251.906 197.24 4826.96 83.6511 54.6659 72.7541
internal_count=174459 96812 92063 45635 77647 73841 5683 46428 4749 3661 68158 3806 1088 3372
is_linear=0
shrinkage=0.03


Tree=404
num_leaves=15
num_cat=0
split_feature=0 23 14 15 1 14 14 15 20 16 15 3 0 12
split_gain=3.22753 4.93948 5.34763 3.96334 2.52898 2.35357 2.27929 13.4591 3.7628 3.59251 4.65521 3.38324 3.14201 0.787816
threshold=1175.0000000000002 8.5000000000000018 3.5000000000000004 68.500000000000014 8.5000000000000018 2.5000000000000004 8.5000000000000018 47.500000000000007 7.5000000000000009 1.0000000180025095e-35 83.500000000000014 7.5000000000000009 1350.0000000000002 0.063343413026861931
decision_type=2 2 8 10 2 8 10 10 2 10 10 2 2 8
left_child=1 2 13 5 -4 -3 9 8 -8 10 -2 -9 -11 -1
right_child=6 3 4 -5 -6 -7 7 11 -10 12 -12 -13 -14 -15
leaf_value=-0.0023798911930051391 0.00061379140628634119 0 0.0065967139994198556 0.006101396101268571 0 -0.0085391728728996356 -0.0073247877431434809 9.7184016453100421e-05 -0.0014351637734736045 0.00066184266617150657 -0.0027651672259640893 0.0064946440760390179 -0.0014620142249064283 0.0012134242214645919
leaf_weight=94.758070681244135 5249.0138130681589 31.093478541821241 292.58419210277498 17.635103083681315 18.527260892093182 74.484584202058613 302.74807730712928 533.56437066197395 258.82290159794502 738.53403145167977 378.33952219737694 93.75872062635608 2364.1202398152091 92.811083497479558
leaf_count=799 72596 207 6610 294 393 1037 15324 21048 9736 8718 5482 3263 28305 647
internal_value=-0.000116372 0.00194379 0.00341118 -0.00272667 0.00581084 -0.00576697 -0.00026157 -0.00149852 -0.00491169 -7.51819e-05 0.000357732 0.00133435 -0.000907947 0
internal_weight=10540.8 621.894 498.681 123.213 311.111 105.578 9918.9 1188.89 561.571 8730.01 5627.35 627.323 3102.65 187.569
internal_count=174459 9987 8449 1538 7003 1244 164472 49371 25060 115101 78078 24311 37023 1446
is_linear=0
shrinkage=0.03


Tree=405
num_leaves=15
num_cat=0
split_feature=13 12 7 17 17 11 5 2 7 12 7 7 18 17
split_gain=5.16806 6.90453 6.56336 6.25385 5.99186 6.21209 4.1003 6.77087 4.15513 2.81614 2.22739 3.74385 1.53042 0.49069
threshold=0.13742266922325533 0.086785780927839049 465.00000000000006 39.451666666666675 40.402941176470598 9.3385416666666696 4.5000000000000009 2.5000000000000004 451.00000000000006 0.07393120106737297 463.00000000000006 475.00000000000006 1.5000000000000002 39.083771929824572
decision_type=8 8 10 8 10 8 2 2 10 8 8 10 2 8
left_child=4 2 13 -4 6 12 8 -8 -1 -7 -3 -12 -6 -2
right_child=1 10 3 -5 5 9 7 -9 -10 -11 11 -13 -14 -15
leaf_value=-0.0015918331961671938 -0.0036343954505553997 0.0053301245462003457 0.015353529803946765 0 0 -0.012091900133686332 0 -0.0040625052031815923 0.00029466445691625118 -0.00072906903982063393 -0.008839209027793251 0 0.0082801661405322319 0.00026348615890799381
leaf_weight=1230.3481627006549 28.314103006850928 51.217457163147628 86.08295514434576 40.419100281316787 27.798541442723945 91.614874789491296 999.49779767147265 628.21983138890937 7012.7034158296883 64.539048625621945 43.34096425306052 192.35182823985815 17.366388668771833 17.765363081824034
leaf_count=28939 390 645 1053 758 717 5408 21239 15466 95653 1477 430 1608 447 489
internal_value=-0.000226014 0.00283054 0.00747993 0.0109761 -0.000381676 -0.00547923 -0.000259799 -0.00163354 0 -0.00849471 0 -0.00130116 0.00176394 0
internal_weight=10531.6 459.492 172.582 126.502 10072.1 201.319 9870.77 1627.72 8243.05 156.154 286.91 235.693 45.1649 46.0795
internal_count=174719 5373 2690 1811 169346 8049 161297 36705 124592 6885 2683 2038 1164 879
is_linear=0
shrinkage=0.03


Tree=406
num_leaves=15
num_cat=0
split_feature=13 11 17 11 23 20 6 16 7 16 7 0 18 16
split_gain=4.90052 5.90915 5.70432 5.96669 3.96943 4.74341 3.92709 14.3534 6.76731 2.72644 2.47864 1.8368 1.45975 0.527321
threshold=0.13742266922325533 3.7537878787878793 40.402941176470598 9.3385416666666696 2.5000000000000004 5.5000000000000009 52.500000000000007 -2.9999999999999996 465.00000000000006 -12.999999999999998 475.00000000000006 1750.0000000000002 1.5000000000000002 -1.0000000180025095e-35
decision_type=8 10 10 8 2 2 2 10 10 8 10 2 2 10
left_child=2 4 6 12 11 -6 7 -1 -8 -5 -3 -2 -4 -12
right_child=1 10 3 9 5 -7 8 -9 -10 -11 13 -13 -14 -15
leaf_value=-0.0036261739517195676 0 0 0 0 0.0098057812882378532 0 -0.0017942554444273435 0.005370968274762012 3.6142924947941942e-05 -0.0093520390134829989 0.00076283626460106569 -0.0048105968479481278 0.0080424101317042185 0.01552709836404181
leaf_weight=231.79376529576257 83.080265657044947 32.24847664590925 27.798541442723945 4.8368421900086105 68.620836784131825 103.18424585135654 2402.7428688239306 421.32694673608057 6812.6801047504414 150.25016191019677 28.286815285682678 102.33461071690544 17.489310896955431 42.547468035016209
leaf_count=5969 1152 477 717 271 693 924 48481 7575 99272 6614 353 1261 447 513
internal_value=-0.000219457 0.00275324 -0.000371544 -0.00535771 0.000433699 0.0039865 -0.000252449 0.00194665 -0.000425544 -0.00833608 0.00901159 -0.0020888 0.00167354 0.0120482
internal_weight=10529.2 460.303 10068.9 200.375 357.22 171.805 9868.54 653.121 9215.42 155.087 103.083 185.415 45.2879 70.8343
internal_count=174719 5373 169346 8049 4030 1617 161297 13544 147753 6885 1343 2413 1164 866
is_linear=0
shrinkage=0.03


Tree=407
num_leaves=13
num_cat=0
split_feature=13 11 4 0 14 7 5 2 0 20 20 7
split_gain=4.68657 5.61559 4.47737 3.7696 3.72077 4.48824 3.26777 5.53041 4.16171 2.64415 2.39687 2.30789
threshold=0.13742266922325533 3.7537878787878793 15.500000000000002 1750.0000000000002 1.5000000000000002 453.00000000000006 4.5000000000000009 2.5000000000000004 1650.0000000000002 4.5000000000000009 9.5000000000000018 475.00000000000006
decision_type=8 10 2 2 8 10 2 2 2 2 2 10
left_child=2 3 6 10 -4 -6 8 -8 -1 -5 -2 -3
right_child=1 11 4 9 5 -7 7 -9 -10 -11 -12 -13
leaf_value=-0.00090173327680794727 0.005451572173425118 0 -0.004845489079143595 0.00014530593325936676 -0.0020413715456089171 0.0060039142806193619 -0.00018288768083774701 -0.0040179788772376195 0.00043964039538859126 -0.0060378118904042197 0 0.011699192277140582
leaf_weight=4171.4442509517539 148.56943093473092 32.24847664590925 27.614718477241695 64.323571230750531 46.860615857876837 255.72034585569054 969.56427531968802 602.41209434135817 3992.015539531596 89.019262558314949 55.39463525544852 71.337448856327683
leaf_count=67597 1731 477 368 779 1204 4026 20737 14973 60441 945 575 866
internal_value=-0.000210905 0.00269376 -0.000360072 0.000418397 0.00298763 0.00425734 -0.000490491 -0.00175577 -0.000227557 -0.00257415 0.00339382 0.0087803
internal_weight=10526.5 460.893 10065.6 357.307 330.196 302.581 9735.44 1571.98 8163.46 153.343 203.964 103.586
internal_count=174719 5373 169346 4030 5598 5230 163748 35710 128038 1724 2306 1343
is_linear=0
shrinkage=0.03


Tree=408
num_leaves=15
num_cat=0
split_feature=12 15 5 16 5 23 10 15 12 15 15 23 10 5
split_gain=3.25808 8.34063 8.4935 7.90067 8.42899 7.34914 7.21178 6.1414 6.06951 5.42319 4.5092 4.16199 4.03922 2.70231
threshold=0.11011303195960168 28.500000000000004 3.5000000000000004 9.0000000000000018 2.5000000000000004 6.5000000000000009 0.30217391304347835 22.500000000000004 0.14364307000505552 96.500000000000014 154.50000000000003 8.5000000000000018 0.24621212121212124 3.5000000000000004
decision_type=10 8 2 8 2 2 8 10 10 10 10 2 10 2
left_child=3 6 5 10 7 -3 13 -5 -4 -6 11 -1 -12 -2
right_child=1 2 8 4 9 -7 -8 -9 -10 -11 12 -13 -14 -15
leaf_value=0.00094334060865125502 -0.0029308629279370191 0.0033645982278645561 -0.0060845294877291175 0.0030203032544989885 -0.0037630162356046193 -0.0054526449027020394 -0.0063886474086676378 -0.010587571760068519 0 0.00076882568007361851 -0.0063356110842632679 -0.002675855170311668 0.0017117899978794252 0.00056313011317000799
leaf_weight=5817.2362340590917 342.43742774333805 745.53043532278389 233.19029204919934 399.76151107857004 1120.1581471422687 79.854615414515138 400.59209125582129 23.678226148243994 314.56075028888881 233.93634945782833 150.77126320172101 276.68593660322949 46.61570243909955 339.60147975571454
leaf_count=104299 2420 6111 2778 8540 25013 640 2809 423 2740 5764 5107 4155 870 3050
internal_value=-0.000204771 -0.00116418 0.000290708 6.91903e-05 -0.00167257 0.00230321 -0.00314024 0.00179458 -0.00246389 -0.00286977 0.000586066 0.000752363 -0.00369861 -0.000981365
internal_weight=10524.6 2455.77 1373.14 8068.84 1777.53 825.385 1082.63 423.44 547.751 1354.09 6291.31 6093.92 197.387 682.039
internal_count=174719 20548 12269 154171 39740 6751 8279 8963 5518 30777 114431 108454 5977 5470
is_linear=0
shrinkage=0.03


Tree=409
num_leaves=14
num_cat=0
split_feature=13 10 7 12 4 13 12 23 10 7 23 4 11
split_gain=4.50456 8.49417 5.1363 4.30081 4.14231 3.67387 3.46835 8.03336 3.52465 3.27442 2.6424 2.47528 1.9853
threshold=0.13742266922325533 0.21132376395534294 473.00000000000006 0.086785780927839049 15.500000000000002 0.088124382459357845 0.11011303195960168 6.5000000000000009 0.40588235294117653 497.00000000000006 2.5000000000000004 13.500000000000002 2.2613636363636371
decision_type=8 8 10 8 2 10 10 2 10 10 2 2 10
left_child=4 2 -2 11 6 9 8 -8 -1 -6 -5 -3 -7
right_child=1 3 -4 10 5 12 7 -9 -10 -11 -12 -13 -14
leaf_value=-0.00025318787266240093 0 0.0068017889332907134 0.015463005517333003 -0.0048448989769785322 -0.0014145733463651236 0 -0.00083099822542783959 -0.0070309517381404825 0.0044613646962391156 0.0059004480125776351 0.00049207015117293978 0 0.011561082386457483
leaf_weight=7395.295957203256 30.220982443541288 110.73389910301194 59.921471377369016 127.27476706169546 168.96120000490919 38.565928446128964 1979.7525183968246 217.43490227777511 138.37348729651421 69.895039002411067 114.65452832076699 18.563581710681319 53.712001394480467
leaf_count=143817 374 1751 680 1410 3467 455 16853 1755 1323 1018 863 295 658
internal_value=-0.000199388 0.0026468 0.0107037 0.000175461 -0.000346043 0.0028669 -0.000472201 -0.00152723 -0.000143795 0.000187953 -0.00174941 0.00482505 0.00789315
internal_weight=10523.4 461.369 90.1425 371.227 10062 331.134 9730.86 2197.19 7533.67 238.856 241.929 129.297 92.2779
internal_count=174719 5373 1054 4319 169346 5598 163748 18608 145140 4485 2273 2046 1113
is_linear=0
shrinkage=0.03


Tree=410
num_leaves=14
num_cat=0
split_feature=11 3 11 16 17 16 17 18 17 15 11 17 17
split_gain=5.72277 5.46077 2.88443 5.65274 3.83908 6.51467 4.5289 2.25281 2.8147 2.24245 1.36694 0.580829 1.86944
threshold=9.3385416666666696 6.5000000000000009 2.3431372549019613 -2.9999999999999996 38.601428571428578 19.000000000000004 37.750757575757582 29.000000000000004 37.501666666666672 82.500000000000014 2.0294117647058827 40.002777777777787 39.101923076923086
decision_type=10 2 8 10 8 10 8 2 10 10 10 10 10
left_child=2 7 3 10 6 -6 -4 8 -2 -5 -1 12 -3
right_child=1 11 4 9 5 -7 -8 -9 -10 -11 -12 -13 -14
leaf_value=-0.0052124739918715532 0 0 5.7297533399561225e-05 0.006145915653227702 0.0003886942066788447 0.015296174767837175 -0.0015565427905072826 0 -0.014909698634237828 0 0 0 0.012966387684655228
leaf_weight=68.735034951008856 6.2057990210596463 16.992655093548827 3227.5504634021781 224.64193819090724 4005.3716154957656 22.25905727990903 2753.1881156554446 3.9993243711069217 61.5639260080643 80.378480834886432 39.887682691216469 5.7036798761691889 8.1164948805235309
leaf_count=595 376 1041 42452 1482 79510 618 41613 371 4625 659 255 410 551
internal_value=-0.000137594 -0.00703321 -5.19961e-05 0.00236499 -0.000168001 0.000527142 -0.000661242 -0.0115473 -0.0129819 0.00463349 -0.00260852 0 0.00416674
internal_weight=10524.6 102.582 10422 413.643 10008.4 4027.63 5980.74 71.769 67.7697 305.02 108.623 30.8128 25.1091
internal_count=174558 7374 167184 2991 164193 80128 84065 5372 5001 2141 850 2002 1592
is_linear=0
shrinkage=0.03


Tree=411
num_leaves=14
num_cat=0
split_feature=11 3 0 6 15 15 11 10 10 1 13 23 13
split_gain=5.40478 5.22405 4.22065 7.97246 4.48894 3.52279 4.24956 3.71417 3.48988 2.11265 1.18401 1.00691 1.7172
threshold=9.3385416666666696 6.5000000000000009 1175.0000000000002 54.250000000000007 11.500000000000002 42.500000000000007 3.2124060150375944 0.4188596491228071 0.13423423423423428 9.5000000000000018 0.10227890988228312 5.5000000000000009 0.058627848850639111
decision_type=10 2 2 2 8 8 8 10 10 2 10 2 10
left_child=2 9 3 4 -1 6 -4 -7 -5 10 -2 12 -3
right_child=1 11 5 8 -6 7 -8 -9 -10 -11 -12 -13 -14
leaf_value=-0.0037003883873630741 -0.01373054846800636 0 0.0015084171632896324 -0.0030599197442564927 0.0066724411085017287 0.00019125451953288155 -0.0010507204076802463 0.0049393914218341878 0.0043505837290928632 0 0 -0.0014648669338467215 0.011961351398539256
leaf_weight=19.923034400679171 62.319891094928607 8.5981685717124545 615.8954592552036 223.25615769810975 309.63888450339437 4207.7972118207254 4829.6628002915531 154.17572079971433 60.657884050160646 2.8679428461473426 5.7123962631449094 10.410424527246503 11.904744975036008
leaf_count=218 4867 804 4183 3497 4845 79345 72994 1296 806 252 253 560 638
internal_value=-0.000131979 -0.00685756 -4.86258e-05 0.0023354 0.00555109 -0.000214151 -0.000732642 0.000398891 -0.000909597 -0.0113192 -0.0126171 0 0.00585126
internal_weight=10522.8 101.814 10421 613.476 329.562 9807.53 5445.56 4361.97 283.914 70.9002 68.0323 30.9133 20.5029
internal_count=174558 7374 167184 9366 5063 157818 77177 80641 4303 5372 5120 2002 1442
is_linear=0
shrinkage=0.03


Tree=412
num_leaves=14
num_cat=0
split_feature=11 3 0 6 15 10 15 16 20 20 12 12 12
split_gain=5.12541 4.99307 3.9393 7.42196 4.26769 3.3899 3.32008 6.94849 6.39871 1.48351 0.74067 0.542173 0.624047
threshold=9.3385416666666696 6.5000000000000009 1175.0000000000002 54.250000000000007 11.500000000000002 0.063164893617021281 42.500000000000007 9.0000000000000018 8.5000000000000018 8.5000000000000018 0.080192362795162439 0.072729907009825887 0.035389011024757597
decision_type=10 2 2 2 8 8 8 8 2 2 10 10 8
left_child=2 9 3 4 -1 -5 7 -4 -8 10 -2 12 -3
right_child=1 11 6 5 -6 -7 8 -9 -10 -11 -12 -13 -14
leaf_value=-0.0036190245077828693 -0.014614065486202737 0.00015485842129197184 -0.00048143930294690059 -0.0053017779882811788 0.0064436562513030277 0.00099090681789871615 0.0011443644591260897 -0.0065912103811657761 -0.0013626376132789093 0 0 0.0063323225459333008 -0.0052770075738815267
leaf_weight=19.872997985221446 47.706695747561753 8.7079001404345089 5268.2357470029965 104.83988934662193 311.16756480094045 178.7632353999652 3107.8288901771884 174.06721417955123 1255.2687577744946 12.327321531716732 10.054695308674125 7.1689764852635554 15.157181026181204
leaf_count=218 4041 713 74463 1518 4845 2785 58816 2714 21825 937 394 300 989
internal_value=-0.000127103 -0.00669806 -4.57635e-05 0.00225453 0.00534834 -0.000867123 -0.000206321 -0.000710262 0.000388023 -0.0111019 -0.0129898 0 0
internal_weight=10521.2 101.123 10420 614.644 331.041 283.603 9805.4 5442.3 4363.1 70.0887 57.7614 31.0341 23.8651
internal_count=174558 7374 167184 9366 5063 4303 157818 77177 80641 5372 4435 2002 1702
is_linear=0
shrinkage=0.03


Tree=413
num_leaves=15
num_cat=0
split_feature=11 3 8 17 14 10 17 11 11 17 16 13 5 12
split_gain=4.84694 4.86045 2.93846 2.61988 3.86076 6.28543 4.55468 3.29795 2.37526 2.04395 1.88972 0.907808 0.964054 0.165438
threshold=9.3385416666666696 6.5000000000000009 2.5000000000000004 37.433974358974368 1.5000000000000002 0.6515151515151516 38.601428571428578 7.8032258064516133 4.2034482758620699 37.501666666666672 5.0000000000000009 0.058627848850639111 3.5000000000000004 0.027425127181508992
decision_type=10 2 2 10 10 10 10 10 10 10 10 10 2 8
left_child=3 2 9 7 5 -5 -6 8 -1 -2 -9 13 -13 -3
right_child=1 11 -4 4 6 -7 -8 10 -10 -11 -12 12 -14 -15
leaf_value=0.00021063212004344338 0 0 0 -0.0034823293223524773 -0.00086748715840733988 0.010211731713907683 0.00084042776611969712 -0.011128833160085113 0.0020418115894901678 -0.014529841350566669 0 0 0.010751156658461887 -0.0031937876291670375
leaf_weight=3081.1895480034873 5.9310314552858463 2.7249404753092685 5.1988918760325751 602.28616560064256 3488.8534360241611 22.06353373453021 2295.6450879760087 28.062462728004903 893.0427512167953 58.293413162464276 8.8789174251724017 8.3692903341725486 9.5037010544911009 10.403900602599606
leaf_count=44144 374 297 376 8203 51247 177 46728 1205 15106 4622 374 421 462 822
internal_value=-0.000124271 -0.00653601 -0.0109221 -4.49825e-05 -0.000434334 -0.00268278 -0.000163632 0.000539521 0.000661858 -0.0129017 -0.00755522 0 0.00594646 -0.000673788
internal_weight=10520.4 100.425 69.4233 10420 6408.85 624.35 5784.5 4011.17 3974.23 64.2244 36.9414 31.0018 17.873 13.1288
internal_count=174558 7374 5372 167184 106355 8380 97975 60829 59250 4996 1579 2002 883 1119
is_linear=0
shrinkage=0.03


Tree=414
num_leaves=15
num_cat=0
split_feature=0 17 17 0 7 13 2 16 9 16 17 13 12 13
split_gain=3.43587 6.65164 4.41363 4.76647 9.48574 4.22506 3.97637 3.44572 3.23398 4.28521 2.13209 1.65836 1.6572 0.794927
threshold=1175.0000000000002 37.650714285714294 37.520294117647069 1850.0000000000002 495.00000000000006 0.032712828300329198 3.5000000000000004 7.0000000000000009 12.500000000000002 17.000000000000004 37.433974358974368 0.096811606285617482 0.032554552468315325 0.065825699080353531
decision_type=2 8 10 2 8 8 2 10 2 10 10 8 8 10
left_child=1 10 3 6 -5 -3 -2 -7 12 -10 11 -1 -4 -12
right_child=2 5 8 4 -6 7 -8 -9 9 -11 13 -13 -14 -15
leaf_value=0.0014222349048518415 -0.00043350138519465382 -0.0028350437571500096 0.0053260003737198173 0.011926800729036981 -0.00026812259267195793 0.0071000880896166354 0.0015936196201606421 0 -0.0012850277498341787 0.0057606135038119934 0 -0.0056878434895313874 0.00013558534047104667 -0.0087044481147777811
leaf_weight=187.95760514913127 2549.9144485765137 29.892222299706191 59.94626574893482 90.311359221115708 88.633746000006795 288.7874879585579 1278.9748282730579 35.759722608840093 4724.1374353694264 66.866043715504929 25.638893391937017 29.069933794438839 1029.2909216147382 33.974428460001945
leaf_count=2249 39497 968 1553 1325 1026 5121 19004 703 87034 1700 423 272 13279 404
internal_value=-0.000119804 0.00199007 -0.000270561 0.000473546 0.00522794 0.00477252 0.000205694 0.00596076 -0.000803186 -0.00114952 -0.00106371 0 0.000581353 -0.00588472
internal_weight=10519.2 631.08 9888.08 4007.83 178.945 354.439 3828.89 324.547 5880.24 4791 276.641 217.028 1089.24 59.6133
internal_count=174558 10140 164418 60852 2351 6792 58501 5824 103566 88734 3348 2521 14832 827
is_linear=0
shrinkage=0.03


Tree=415
num_leaves=15
num_cat=0
split_feature=9 23 7 10 10 7 4 5 7 11 4 10 7 18
split_gain=8.38775 6.17669 3.79933 3.82604 3.39275 2.8601 4.33383 3.99846 2.58576 4.46311 4.77222 2.46832 5.05131 2.05643
threshold=11.500000000000002 1.0000000180025095e-35 541.00000000000011 0.3585714285714286 0.24068965517241384 457.00000000000006 8.5000000000000018 2.5000000000000004 519.00000000000011 2.8208556149732629 7.5000000000000009 1.0000000180025095e-35 489.00000000000006 9.5000000000000018
decision_type=2 2 8 10 8 10 2 2 10 10 2 10 8 2
left_child=8 5 4 -4 -3 7 -7 -2 11 -10 -11 13 -13 -1
right_child=1 2 3 -5 -6 6 -8 -9 9 10 -12 12 -14 -15
leaf_value=0.0040020986409327062 0.0053626399988365627 0.00010240227646796418 -0.0072635912821090816 0.0024184897154627505 -0.0011215115338687395 5.1179422432163284e-05 0.0038367126664398937 -0.0033123704169901085 0 0.017114256353660481 0 0.0026875162140297475 -0.003900896147784137 0
leaf_weight=446.3851414155215 48.423467246815562 3895.8989265416749 142.50376595091075 18.957556778565049 3853.4000101396814 617.30315793934278 638.29274254874326 208.41550334659405 48.870225455611944 44.222779326140881 18.67704460863024 258.77563941618428 168.55582532659173 105.84792545391247
leaf_count=5354 1439 67801 2110 149 63715 10651 9931 5699 406 516 206 3227 1853 1914
internal_value=1.86154e-05 -0.000255795 -0.000605279 -0.00518719 -0.000487185 0.00146929 0.00210216 -0.00103277 0.00251521 0.00723091 0.0122097 0.0017908 0 0.00310692
internal_weight=10514.5 9423.2 7910.76 161.461 7749.3 1512.43 1255.6 256.839 1091.33 111.77 62.8998 979.565 427.331 552.233
internal_count=174971 161495 133775 2259 131516 27720 20582 7138 13476 1128 722 12348 5080 7268
is_linear=0
shrinkage=0.03


Tree=416
num_leaves=15
num_cat=0
split_feature=20 15 20 11 15 14 11 16 13 15 11 11 15 4
split_gain=6.09488 14.5974 4.67758 5.28891 4.53074 6.73846 7.26656 6.17327 4.73388 8.06164 4.17592 2.80098 4.00642 2.73913
threshold=8.5000000000000018 111.50000000000001 11.500000000000002 4.9574275362318847 15.500000000000002 2.5000000000000004 5.4932432432432448 -2.9999999999999996 0.082138823409281386 42.500000000000007 4.3380952380952387 5.6510869565217403 141.50000000000003 13.500000000000002
decision_type=2 8 2 10 10 10 10 8 10 10 10 10 10 2
left_child=4 2 3 -2 5 6 -1 -7 13 -10 -4 -3 -13 -6
right_child=1 11 10 -5 8 7 -8 -9 9 -11 -12 12 -14 -15
leaf_value=4.3782521154986335e-05 -0.0024558932158272851 -0.0071773436391532617 0.0038177146939583927 0.0011042624690049147 0.0021305333090011888 0.00096718307921469767 0.0090988843639262188 -0.00407388931934118 -0.0019816961897239794 0.0020972018281854151 -7.4594893178016842e-05 0.0069437576802615728 -0.0069716797862021387 -0.00023420992579296056
leaf_weight=1851.8246801383793 1056.7989789294079 370.53202776191756 390.51096578943543 509.62927973200567 2630.1347214765847 256.17681282153353 80.277075212448835 680.83457302371971 985.20947054913267 765.48289082478732 477.07517278892919 30.478787981206551 33.991266129538417 395.1566642834805
leaf_count=31232 11114 6314 3902 12659 49542 5131 770 12542 10312 10709 10475 1085 1717 7467
internal_value=1.93655e-05 -0.00114341 -0.000170311 -0.00120233 0.000475798 -0.000429414 0.000519964 -0.00253862 0.00105085 -0.000111885 0.00151731 -0.00618361 0 0.00177228
internal_weight=10514.1 2869.02 2434.01 1566.43 7645.1 2869.11 1932.1 937.011 4775.98 1750.69 867.586 435.002 64.4701 3025.29
internal_count=174971 47266 38150 23773 127705 49675 32002 17673 78030 21021 14377 9116 2802 57009
is_linear=0
shrinkage=0.03


Tree=417
num_leaves=12
num_cat=0
split_feature=7 11 21 16 3 13 16 14 18 13 16
split_gain=5.14531 3.86102 2.73496 7.84882 5.25471 4.72531 4.23675 6.60698 5.28878 2.20009 3.3681
threshold=421.00000000000006 4.6708333333333343 1.0000000180025095e-35 9.0000000000000018 7.5000000000000009 0.10298755392472853 11.000000000000002 1.5000000000000002 5.5000000000000009 0.11773100558517004 1.0000000180025095e-35
decision_type=10 8 2 8 2 8 10 8 2 10 10
left_child=1 -1 6 5 -5 -4 7 -2 -8 10 -3
right_child=2 9 3 4 -6 -7 8 -9 -10 -11 -12
leaf_value=0 -0.0044467052154788869 -0.013304355784479411 0.00058251305533558594 -0.0053545912250587838 0.0019069436456986093 -0.0021738208731190587 0.0070850735653402372 0.00053913449211150555 -0.0015563820936166457 0 0
leaf_weight=27.137604761868715 239.85384717956185 68.463658703258261 2730.5145706799813 430.19635383435525 75.569114198442549 698.53568252082914 182.05966793023981 5979.045838834485 56.678689939668402 5.9627285227179518 20.277183004654944
leaf_count=324 2828 3991 47464 8054 1306 7892 3197 97402 1482 152 879
internal_value=1.87518e-05 -0.00596768 0.000106199 -0.000498131 -0.00396788 0 0.000497745 0.00031932 0.00442826 -0.00895315 -0.0103141
internal_weight=10514.3 121.841 10392.5 3934.82 505.765 3429.05 6457.64 6218.9 238.738 94.7036 88.7408
internal_count=174971 5346 169625 64716 9360 55356 104909 100230 4679 5022 4870
is_linear=0
shrinkage=0.03


Tree=418
num_leaves=15
num_cat=0
split_feature=9 7 13 15 13 11 4 4 10 11 13 17 9 16
split_gain=7.92174 4.20939 3.7275 5.20192 4.52588 3.83053 3.62124 3.34731 3.11691 5.37144 3.87644 3.11163 2.75991 0.931589
threshold=11.500000000000002 421.00000000000006 0.062177826491298001 20.500000000000004 0.084978737696953716 6.802777777777778 6.5000000000000009 4.5000000000000009 0.37797619047619052 4.6631205673758878 0.080923548902988446 39.347017543859657 15.500000000000002 -2.9999999999999996
decision_type=2 10 10 8 10 8 2 2 10 10 10 10 2 10
left_child=2 7 3 -1 6 -6 -4 13 10 -10 -3 -5 -9 -2
right_child=1 8 4 11 5 -7 -8 12 9 -11 -12 -13 -14 -15
leaf_value=0 -0.0014632146678064842 0.00021137431129871235 0.0012854609426307571 0.010321567139061688 1.0681108607669216e-05 0.0065796335573593606 -0.003972144501252591 0 0.0007066082529548919 0.013365788516288316 -0.0010410372641696663 0 -0.013567484052018203 0.0062963723233239316
leaf_weight=70.174453948857263 14.183913346147166 5314.9629638185725 269.66676685959101 144.80743570858613 210.9346627863124 198.90843539591879 180.37432184163481 36.886867918539792 302.00436641648412 34.236149424687028 3656.6569290645421 18.19941196590662 47.306254466297105 15.112791689345611
leaf_count=1290 870 105253 3348 2357 1782 2004 2219 1385 2420 577 48170 476 2344 476
internal_value=1.76723e-05 -0.000248852 0.00244218 0.00596596 0.00128421 0.00360124 -0.000512613 -0.00590517 -0.000160645 0.0026121 -0.00028267 0.00885017 -0.0089499 0
internal_weight=10514.4 9421.35 1093.07 233.181 859.884 409.843 450.041 113.49 9307.86 336.241 8971.62 163.007 84.1931 29.2967
internal_count=174971 161495 13476 4123 9353 3786 5567 5075 156420 2997 153423 2833 3729 1346
is_linear=0
shrinkage=0.03


Tree=419
num_leaves=15
num_cat=0
split_feature=9 23 6 16 16 10 10 16 13 12 16 10 12 3
split_gain=7.47637 5.77258 4.54204 7.14444 5.38695 4.25113 3.72429 3.26882 6.24791 4.5477 3.10333 5.73655 3.51666 2.65003
threshold=11.500000000000002 1.0000000180025095e-35 55.750000000000007 -2.9999999999999996 -4.9999999999999991 0.16172624237140368 0.030776515151515155 3.0000000000000004 0.080713982279402852 0.1335014694869068 -1.0000000180025095e-35 0.23205128205128209 0.056476787857417832 3.5000000000000004
decision_type=2 2 2 10 10 10 10 8 10 8 10 8 10 2
left_child=2 10 4 13 -1 -6 -5 8 -3 -9 12 -12 -2 -4
right_child=1 7 3 6 5 -7 -8 9 -10 -11 11 -13 -14 -15
leaf_value=0 0.0029428733949483088 0.00086597075137952802 0 0.00071094030578958741 0.003584176452888368 0.012658223795783895 -0.004760089758739117 -0.0018746054730145892 -0.0013224530580625 0.00097127668580571916 0 0.0056252118145583441 -0.0013534724919008778 0.0073981259786491012
leaf_weight=188.88543156906962 251.30399759765714 2698.9151649137493 55.943198633380234 152.87158771697432 270.96531989355572 91.075563428923488 206.64701756928116 2600.7787807721179 2057.5461484380066 548.24514884175733 407.74303815932944 343.93849253538065 511.01029192656279 128.38162283413112
leaf_count=2650 7978 51245 681 1809 3537 925 2318 51552 26152 4826 7494 5344 6904 1556
internal_value=1.80318e-05 -0.000240716 0.00237168 0.000126527 0.00429708 0.00641687 -0.0020444 -0.000579429 -4.95875e-05 -0.00133082 0.00142524 0.00278727 0 0.00509529
internal_weight=10514.3 9419.48 1094.77 543.843 550.926 362.041 359.519 7905.49 4756.46 3149.02 1514 751.682 762.314 184.325
internal_count=174971 161495 13476 6364 7112 4462 4127 133775 77397 56378 27720 12838 14882 2237
is_linear=0
shrinkage=0.03


Tree=420
num_leaves=14
num_cat=0
split_feature=11 15 14 11 14 15 13 14 14 13 12 15 13
split_gain=4.94041 4.53458 8.49205 11.1205 8.46583 9.1494 7.75837 3.61019 4.88695 3.22791 1.92731 0.27869 0.0756536
threshold=9.6770833333333339 52.500000000000007 4.5000000000000009 2.3431372549019613 2.5000000000000004 23.500000000000004 0.11773100558517004 6.5000000000000009 13.500000000000002 0.058627848850639111 0.082731045909594264 20.500000000000004 0.054061745296805068
decision_type=10 10 10 10 8 10 10 10 10 8 10 8 10
left_child=1 4 3 -3 5 -1 -6 11 10 -4 -9 -2 -10
right_child=7 2 9 -5 6 -7 -8 8 12 -11 -12 -13 -14
leaf_value=0.0030892854369055783 0.0046142607506632401 0.0027910298010211899 0 -0.0028782076749598899 -0.0010012278547780727 -0.00094047365810758746 0.0031231864668240053 -0.017475212378122214 0 0.0037696797379617492 0 0 0.0021471019695611577
leaf_weight=1316.8219882082194 6.7803742615506026 537.47704719379544 269.57478132657707 707.47467595059425 5374.5318594085984 744.67941538244486 425.46038347482681 39.126047445461154 6.6537388806464177 1069.3942605066113 6.8649621908552936 7.2800635034218439 9.7695325524546188
leaf_count=9966 184 4623 10964 7604 100239 6040 4812 3660 932 24554 294 236 771
internal_value=0.000204121 0.000275229 0.00136719 -0.000309276 -6.52511e-05 0.00156227 -0.000670411 -0.00708807 -0.0104363 0.00303291 -0.015174 0 0
internal_weight=10521.9 10445.4 2583.92 1244.95 7861.49 2061.5 5799.99 76.4747 62.4143 1338.97 45.991 14.0604 16.4233
internal_count=174879 168802 47745 12227 121057 16006 105051 6077 5657 35518 3954 420 1703
is_linear=0
shrinkage=0.03


Tree=421
num_leaves=15
num_cat=0
split_feature=23 23 12 11 11 13 11 23 4 15 17 13 12 10
split_gain=4.88676 8.53397 6.53325 5.46986 5.21877 4.22357 4.05782 4.29309 3.27188 6.02831 3.35035 3.07975 2.61023 2.37222
threshold=1.0000000180025095e-35 1.5000000000000002 0.043485885959160024 6.7527777777777791 5.7537878787878798 0.061859706625547968 9.5131578947368443 4.5000000000000009 6.5000000000000009 23.500000000000004 37.767204301075274 0.094004345541183296 0.024898331983270242 0.16869918699186995
decision_type=2 2 10 10 10 10 10 2 2 8 8 10 10 10
left_child=5 2 3 -2 -4 8 7 -3 10 -10 -1 -8 -7 -14
right_child=1 6 4 -5 -6 12 11 -9 9 -11 -12 -13 13 -15
leaf_value=0.001268403551062442 0.0051739647038786807 0.0012041765991197715 -0.0037958403340185212 -0.0075602667753487084 0.0012830756293073756 -0.0027502629008958456 -0.009534754186508277 -0.00021982389814380974 0.0066066743905082133 -0.00074836824183515337 -0.0053316626435522948 0 0.0042724935651045227 0.00013609249717789684
leaf_weight=60.899735933402553 163.70347631676123 3429.3858350829687 1098.3534078877419 24.632963397074491 166.33746302151121 36.722428569104522 60.32587769033853 3968.7358438093215 135.05692979344167 259.17367690172978 171.53476766496897 8.0037098182365281 693.06755806272849 246.91270983358845
leaf_count=1122 4110 57106 13077 1343 4296 932 4703 61111 2415 6702 4738 358 9890 2976
internal_value=0.000197827 -6.04306e-05 -0.00217382 0.00258013 -0.00300728 0.00172349 0.000331953 0.000420375 0 0.00144681 -0.00298034 -0.0065719 0.00295611 0.00335115
internal_weight=10522.8 8919.48 1453.03 188.336 1264.69 1603.37 7466.45 7398.12 626.665 394.231 232.435 68.3296 976.703 939.98
internal_count=174879 146104 22826 5453 17373 28775 123278 118217 14977 9117 5860 5061 13798 12866
is_linear=0
shrinkage=0.03


Tree=422
num_leaves=15
num_cat=0
split_feature=7 23 23 12 4 17 17 4 12 17 7 17 7 15
split_gain=5.1837 5.09991 7.65174 6.94617 4.62072 6.57709 4.86378 4.31569 3.70171 1.82009 1.45927 1.09635 0.220318 0.108495
threshold=423.00000000000006 1.0000000180025095e-35 1.5000000000000002 0.043485885959160024 9.5000000000000018 38.821980676328508 37.901515151515163 4.5000000000000009 0.13028320917741135 37.223669467787126 421.00000000000006 38.350581395348847 407.00000000000006 26.500000000000004
decision_type=10 2 2 10 2 10 8 2 8 8 10 8 8 10
left_child=7 4 3 -3 6 -6 -2 11 -4 -9 -11 13 -13 -1
right_child=1 2 8 -5 5 -7 -8 9 -10 10 -12 12 -14 -15
leaf_value=0 0.0033550357554741899 0.0029921742004355044 7.0418380016396988e-05 -0.0028635007245303525 0.0018976980768622635 0.0099396578522469442 -0.0011575403350875106 0 0.0019136172710401431 -0.01177841736748415 0 0 -0.0030804182976581353 0.0081396821799210681
leaf_weight=10.547179503133522 318.60984555049799 185.0427366157528 6139.2472035144456 1249.4623943788465 545.55439982749522 131.40160267148167 592.1088155861944 17.223116956185549 1210.6397718535736 74.516222578822635 18.472299341112375 4.028752681566405 16.341982564656064 11.304176244651897
leaf_count=218 4518 5189 109104 16944 8401 2891 11843 298 9758 3640 573 323 889 290
internal_value=0.000191631 0.000287224 0 -0.00199618 0.00184916 0.00374008 0.000267053 -0.00516256 0.000395511 -0.00837445 -0.00995867 4.3909e-05 -0.000408215 0.00604924
internal_weight=10524.5 10372.1 8784.39 1434.51 1587.67 676.956 910.719 152.434 7349.89 110.212 92.9885 42.2221 20.3707 21.8514
internal_count=174879 168648 140995 22133 27653 11292 16361 6231 118862 4511 4213 1720 1212 508
is_linear=0
shrinkage=0.03


Tree=423
num_leaves=15
num_cat=0
split_feature=7 4 18 17 10 17 17 17 15 13 17 13 7 15
split_gain=4.89684 4.15314 4.03635 4.80442 7.16654 4.88642 3.17006 5.33282 3.66316 3.04566 1.05532 0.741129 0.211834 0.0935029
threshold=423.00000000000006 4.5000000000000009 1.5000000000000002 37.467006802721095 0.050641025641025648 37.284698996655528 37.667156862745109 37.284698996655528 15.500000000000002 0.10158582227547745 38.350581395348847 0.030314812196616244 407.00000000000006 26.500000000000004
decision_type=10 2 2 8 8 10 8 10 8 8 8 10 8 10
left_child=1 10 3 5 -5 -2 7 -4 -8 11 13 -3 -12 -1
right_child=2 9 6 4 -6 -7 8 -9 -10 -11 12 -13 -14 -15
leaf_value=0 0.0001544920557699852 0 0.001398390815879845 0.0013568522636329126 -0.001290252695655152 0.0041082983278123934 -0.00055901806975161659 -0.0028491545765913892 0.0021230143677531928 0 0 -0.01108710029395559 -0.0030161955812401681 0.0079333101483470125
leaf_weight=10.547179503133522 1219.5371957854368 10.229833602090364 634.56361013138667 1163.6586902162526 3779.2401051511988 400.32004789658822 468.57196206436493 437.53863050788641 2270.2829413621221 13.848045839928089 4.028752681566405 85.358012440148741 16.29641047376208 11.379201408009974
leaf_count=218 15171 739 8069 20544 64762 4998 7878 5844 41382 372 323 3400 889 290
internal_value=0.000186965 -0.00502803 0.000280059 -0.000151128 -0.000636013 0.00123356 0.00106113 -0.000201003 0.00160931 -0.00820233 1.71855e-05 -0.0101878 -0.0003494 0.00592953
internal_weight=10525.4 151.687 10373.7 6562.76 4942.9 1619.86 3810.96 1072.1 2738.85 109.436 42.2515 95.5878 20.3252 21.9264
internal_count=174879 6231 168648 105475 85306 20169 63173 13913 49260 4511 1720 4139 1212 508
is_linear=0
shrinkage=0.03


Tree=424
num_leaves=14
num_cat=0
split_feature=7 4 11 10 15 15 14 14 13 14 16 15 17
split_gain=4.59275 3.97922 3.96446 4.43009 8.44502 7.94071 3.33186 4.76507 2.95369 1.33778 1.04498 0.306044 0.276244
threshold=423.00000000000006 4.5000000000000009 9.6770833333333339 0.051956815114709856 112.50000000000001 42.500000000000007 6.5000000000000009 13.500000000000002 0.10158582227547745 2.5000000000000004 1.0000000180025095e-35 20.500000000000004 38.101351351351362
decision_type=10 2 10 8 10 10 10 10 8 8 10 8 10
left_child=1 9 3 4 -2 -5 11 -8 10 -1 -3 -4 -11
right_child=2 8 6 5 -6 -7 7 -9 -10 12 -12 -13 -14
leaf_value=0.0090629319685594442 0.0019700986183832647 -0.011958418429929382 0.004851475423463654 -0.0006282558883004114 -0.0061716463396317839 0.0014089784194201967 -0.014587690610027229 0 0 0 0 0 -0.003764817391446519
leaf_weight=9.6585353231057507 2168.1114648641087 71.17161270568613 6.7024833559989903 5530.799769661855 108.52729270816781 2494.2833846209105 44.119287740206346 16.000631687697023 13.848045839928089 20.081263910280541 23.607534126145765 7.1110767032951125 12.540739367017521
leaf_count=100 31950 3329 180 84614 2943 43319 3787 1627 372 947 810 228 673
internal_value=0.000181688 -0.00487991 0.000272071 0.000337074 0.00150357 0 -0.0063326 -0.00972918 -0.00801203 0 -0.00998718 0 0
internal_weight=10526.6 150.908 10375.7 10301.7 2276.64 8025.08 73.9335 60.1199 108.627 42.2805 94.7791 13.8136 32.622
internal_count=174879 6231 168648 162826 34893 127933 5822 5414 4511 1720 4139 408 1620
is_linear=0
shrinkage=0.03


Tree=425
num_leaves=14
num_cat=0
split_feature=20 5 10 7 7 7 20 7 7 3 10 20 10
split_gain=3.45971 9.22693 4.01432 3.8388 6.03567 4.70709 4.27975 3.82349 3.48211 2.72487 5.80497 1.90789 1.27117
threshold=11.500000000000002 3.5000000000000004 0.11834733893557424 541.00000000000011 539.00000000000011 543.00000000000011 9.5000000000000018 497.00000000000006 473.00000000000006 4.5000000000000009 0.18301435406698566 2.5000000000000004 0.18301435406698566
decision_type=2 2 10 8 10 10 2 10 8 2 8 2 8
left_child=3 9 8 4 6 -5 -1 -4 -3 12 -11 -7 -2
right_child=1 2 7 5 -6 11 -8 -9 -10 10 -12 -13 -14
leaf_value=0.00014926186649113062 0.0063471750531192851 0.0013191177416532543 0 -0.013866306380036887 0.011924658397247111 -0.0078292181426729245 -0.0017424789330316068 0.0054921703455695142 -0.004246916565828306 0 0.014258486469127349 0 0
leaf_weight=8065.1636965940706 29.27224414749071 110.10169392684475 263.8248477508314 35.22743427392561 32.754855591803789 24.597580651286989 1226.5765752573498 172.88283103564754 251.26069141039625 34.300558047369123 87.134634390007704 127.37016664305702 76.315599877852947
leaf_count=134523 436 2876 4197 634 425 312 19578 2268 5607 507 1011 1677 971
internal_value=4.09413e-05 0.00170285 0 -0.000123204 -2.04957e-05 -0.00432519 -8.51297e-05 0.00208734 -0.00214674 0.00697596 0.0103358 -0.000786631 0.00146287
internal_weight=10536.8 1025.09 798.07 9511.69 9324.5 187.195 9291.74 436.708 361.362 227.023 121.435 151.968 105.588
internal_count=175022 17873 14948 157149 154526 2623 154101 6465 8483 2925 1518 1989 1407
is_linear=0
shrinkage=0.03


Tree=426
num_leaves=10
num_cat=0
split_feature=12 7 13 7 12 13 20 11 7
split_gain=3.34015 3.10048 2.73201 4.42317 3.75033 2.35874 3.51104 4.65223 1.75627
threshold=0.20005144032921815 399.00000000000006 1.0000000180025095e-35 479.00000000000006 0.011126586196224081 0.14298820445609439 8.5000000000000018 3.6622807017543866 467.00000000000006
decision_type=10 10 10 10 10 8 2 8 8
left_child=1 -1 3 -3 -4 6 8 -8 -2
right_child=5 2 4 -5 -6 -7 7 -9 -10
leaf_value=-0.011502510140582969 0.0060319518626868966 0 -0.0048522655880655491 0.007986201703387704 0 -0.0011880546675024284 0 0.01572432076552286 0
leaf_weight=16.211134937941097 43.394512426108122 88.657751615857705 141.28674199315719 94.88682843092829 9882.4308645054698 41.615943435579538 39.846912443637848 44.467549556866288 144.00901599228382
leaf_count=928 275 2314 4038 1686 164172 246 219 343 801
internal_value=4.02336e-05 -3.95252e-05 -1.00866e-06 0.00356024 -8.29184e-05 0.00307355 0.004278 0.00949023 0.000967675
internal_weight=10536.8 10223.5 10207.3 183.545 10023.7 313.334 271.718 84.3145 187.404
internal_count=175022 173138 172210 4000 168210 1884 1638 562 1076
is_linear=0
shrinkage=0.03


Tree=427
num_leaves=15
num_cat=0
split_feature=20 10 17 12 14 1 12 12 14 10 3 12 6 17
split_gain=3.26529 5.8897 5.64135 5.05152 3.6334 3.57387 4.36706 6.92627 4.25201 5.93109 3.85411 3.34986 2.47453 2.11303
threshold=11.500000000000002 0.21132376395534294 37.498437500000009 0.12808140361765127 1.5000000000000002 6.5000000000000009 0.060569337236375816 0.049558496744766291 4.5000000000000009 0.28285714285714292 6.5000000000000009 0.056775375162471949 57.250000000000007 36.833974358974366
decision_type=2 8 8 10 10 2 10 10 10 10 2 10 2 10
left_child=5 4 13 -4 -2 6 7 -1 11 -10 -8 -7 -6 -3
right_child=1 2 3 -5 12 8 10 -9 9 -11 -12 -13 -14 -15
leaf_value=0 -0.0071134349972997004 0.0011851391094999245 -0.0012466938343596429 0.0086398672280656921 0.0014342164874202572 -0.0025606934716968632 0.00021003277755776717 0.0034408584608710629 -0.0039917853681984521 0.0044768350253774373 -0.0016610114502927785 0.0004522223324466549 -0.0047530878581877019 0.010961651663879145
leaf_weight=1555.3869156404398 56.900764244608581 71.212194155436009 181.95816153218038 52.763799937441945 489.43147474573925 424.89028138061985 3286.8286817355547 841.92350682872348 671.63848164607771 63.301871473435313 1357.0421611536294 1309.9899503998458 54.67804268701002 119.25529347034171
leaf_count=42952 975 708 3308 456 10085 7330 40741 16955 20161 1028 15678 12304 1038 1303
internal_value=3.79389e-05 0.00165196 0.0043431 0.00048386 -2.45215e-05 -0.000121221 0.000205477 0.00125663 -0.00111174 -0.00303432 -0.00030566 -0.000204698 0.000501661 0.00819761
internal_weight=10537.2 1026.2 425.189 234.722 601.01 9511 7041.18 2397.31 2469.82 734.94 4643.87 1734.88 544.11 190.467
internal_count=175022 17873 5775 3764 12098 157149 116326 59907 40823 21189 56419 19634 11123 2011
is_linear=0
shrinkage=0.03


Tree=428
num_leaves=14
num_cat=0
split_feature=12 23 6 15 14 14 13 16 16 11 13 14 15
split_gain=3.12951 3.04211 6.83077 2.9494 7.42982 6.65257 7.28681 6.44045 6.27814 4.54865 1.84382 1.78086 1.34371
threshold=0.20005144032921815 4.5000000000000009 55.750000000000007 42.500000000000007 2.5000000000000004 2.5000000000000004 0.08775582419804441 -6.9999999999999991 3.0000000000000004 3.3266666666666671 0.084691819219506526 2.5000000000000004 48.500000000000007
decision_type=10 2 2 10 10 8 10 10 10 10 8 10 8
left_child=3 2 10 5 9 6 -1 -6 -7 -5 -2 -4 -3
right_child=1 12 11 4 7 8 -8 -9 -10 -11 -12 -13 -14
leaf_value=0.0024036458022103145 0.018208917714154515 0.00063873104541634627 0.0035025975526511385 0 -0.0025160627216191428 -0.00043801040553075846 -0.0015557301513438042 0.0023794834638011073 -0.0032809937205692682 -0.0044374492433218744 0.0028728912205313014 -0.0026191698207801307 -0.0052859340085844283
leaf_weight=1305.2283726399764 33.853989690542221 40.749153558164835 86.48420805670321 536.43787742964923 245.02589914738201 4543.8186054624384 563.42046115361154 1855.1195820809808 869.35905502922833 304.66396863665432 49.038593199104071 65.033361427485943 38.763795007020235
leaf_count=10546 204 229 478 4797 6726 85561 4043 41804 15814 3847 289 455 229
internal_value=3.76028e-05 0.00297134 0.00480238 -3.92272e-05 0.000745002 -0.000376869 0.00112882 0.00173244 -0.000924886 -0.00153892 0.0115224 0 -0.000616605
internal_weight=10537 313.923 234.41 10223.1 2941.25 7281.83 1868.65 2100.15 5413.18 841.102 82.8926 151.518 79.5129
internal_count=175022 1884 1426 173138 57174 115964 14589 48530 101375 8644 493 933 458
is_linear=0
shrinkage=0.03


Tree=429
num_leaves=12
num_cat=0
split_feature=12 0 15 14 12 15 15 13 13 0 6
split_gain=2.98782 2.93678 6.15776 8.42601 5.41366 9.06669 4.6867 3.35719 2.21384 2.43152 2.68153
threshold=0.20005144032921815 1350.0000000000002 42.500000000000007 10.500000000000002 0.060569337236375816 78.500000000000014 84.500000000000014 0.082810976094243469 0.14298820445609439 1350.0000000000002 55.750000000000007
decision_type=10 2 10 10 10 10 8 8 8 2 2
left_child=1 4 3 -3 5 -1 -4 -6 9 -2 -11
right_child=8 2 6 -5 7 -7 -8 -9 -10 10 -12
leaf_value=0.0034994111420297395 0 -0.00065375760766972469 0.002245708182010064 -0.0068844415121928444 0.00066273886527345083 -0.0037780846916844282 -0.00051014569325787921 -0.0020487402343789319 -0.0011910158557769271 0.010056678657793399 0.0014153144959344658
leaf_weight=994.92971394956112 51.590458855032921 5052.8458447826561 1175.53467007773 205.9922435838962 1100.3465071811806 159.07568798051216 912.68904706812464 621.33617018116638 41.616922568529844 83.2896285392344 137.73490432649851
leaf_count=23055 306 72545 20158 11288 15042 5257 18936 6857 246 489 843
internal_value=3.59169e-05 -3.88706e-05 -0.000370806 -0.000932622 0.000756288 0.00235484 0.00097122 -0.000232031 0.00290132 0.00407656 0.00548575
internal_weight=10537 10222.7 7347.06 5258.84 2875.69 1154.01 2088.22 1721.68 314.232 272.615 221.025
internal_count=175022 173138 122927 83833 50211 28312 39094 21899 1884 1638 1332
is_linear=0
shrinkage=0.03


Tree=430
num_leaves=15
num_cat=0
split_feature=17 11 10 2 12 17 0 14 17 12 11 11 16 11
split_gain=3.46572 5.92267 5.4398 5.129 6.90032 6.18806 4.34736 3.92114 3.35373 7.25869 6.01484 3.25848 3.70401 3.61048
threshold=37.520294117647069 6.5058139534883734 1.0000000180025095e-35 4.5000000000000009 0.09887478276197699 38.047722567287799 1500.0000000000002 4.5000000000000009 36.901020408163276 0.03888053139354046 2.7550000000000003 2.3431372549019613 -4.9999999999999991 2.6282894736842111
decision_type=10 10 10 2 8 10 2 10 10 8 10 8 10 8
left_child=1 8 7 11 5 -5 -6 -3 9 -1 -10 12 -2 -13
right_child=3 2 -4 4 6 -7 -8 -9 10 -11 -12 13 -14 -15
leaf_value=-0.0039556172973684474 -0.0021594182600154022 -0.0050437821412307434 -0.0080319858602469086 0 0.0067483632941164372 -0.0076753364199421198 -0.0013656063807491988 0.0064721022588812051 0 0.0011021276818990948 0.0037494246557439712 -0.0072950365208685431 0.0063737962901931266 7.896823479944007e-05
leaf_weight=274.94744328828529 30.721525421366096 35.578064000234008 117.23203921527602 131.56882769265212 79.825695492327213 269.80617289594375 140.58035601163283 54.874597641639411 548.81383998086676 2274.8949188492261 997.75411896687001 55.430790193378925 147.47139964811504 5358.7853741149884
leaf_count=9230 306 458 3854 2417 831 6615 1354 2309 5138 32301 12020 420 1128 96391
internal_value=0.000299398 0.000957748 -0.00375635 -0.000132874 -0.0027183 -0.00511204 0.000992117 0.000344125 0.00123761 0.000491369 0.00236572 0.000129954 0.00406503 0
internal_weight=10518.3 4304.1 207.685 6214.19 621.781 401.375 220.406 90.4527 4096.41 2549.84 1546.57 5592.41 178.193 5414.22
internal_count=174772 65310 6621 109462 11217 9032 2185 2767 58689 41531 17158 98245 1434 96811
is_linear=0
shrinkage=0.03


Tree=431
num_leaves=9
num_cat=0
split_feature=7 15 14 13 10 14 10 2
split_gain=4.9744 3.77313 12.0629 11.6659 8.11228 6.71077 7.81853 5.22656
threshold=573.00000000000011 42.500000000000007 2.5000000000000004 0.081303225495162987 1.0000000180025095e-35 2.5000000000000004 0.24621212121212124 1.5000000000000002
decision_type=8 8 8 8 8 8 8 2
left_child=1 2 3 -1 -4 6 -3 -7
right_child=-2 5 4 -5 -6 7 -8 -9
leaf_value=0.0037527196866061004 -0.012021821801272377 -0.0053688702453477503 0.00078492079437924374 -0.00083242712403428984 -0.0020795935515148059 0.0033774771478993579 0.00046892097958897206 0.00077471335795847992
leaf_weight=1124.4422256834805 23.810672475025058 286.15645832102746 1238.7938687896822 813.65825077332556 2664.9445916539989 1053.4978386973962 581.38387414813042 2733.6828305290546
leaf_count=9079 498 3078 23009 5820 47666 21858 5354 58410
internal_value=0.000289117 0.000337038 -0.000148647 0.00175339 -0.00113237 0.000978285 -0.00130448 0.00154179
internal_weight=10520.4 10496.6 5841.84 1938.1 3903.74 4654.72 867.54 3787.18
internal_count=174772 174274 85574 14899 70675 88700 8432 80268
is_linear=0
shrinkage=0.03


Tree=432
num_leaves=15
num_cat=0
split_feature=4 15 20 5 20 2 17 2 13 17 16 13 13 13
split_gain=3.51824 3.58934 3.08174 4.74454 8.10484 5.4308 4.25659 4.87537 4.10217 2.95267 2.7498 2.58258 2.79535 2.76493
threshold=14.500000000000002 28.500000000000004 8.5000000000000018 3.5000000000000004 11.500000000000002 2.5000000000000004 38.401428571428575 3.5000000000000004 0.033347590533219278 37.520294117647069 -6.9999999999999991 0.083904561390826624 0.11437655948520574 0.080713982279402852
decision_type=2 8 2 2 2 2 10 2 8 8 8 10 10 8
left_child=2 9 6 4 -4 -5 8 -8 -1 -2 -11 13 -13 -3
right_child=1 11 3 5 -6 -7 7 -9 -10 10 -12 12 -14 -15
leaf_value=-0.0018591462208168911 0 0 -0.00043113040747165061 0.00011018988460694016 0.0064582882986997216 -0.0028925689179578164 0.00042304965124100724 -0.0029125456637079288 0.001587607438475291 0 -0.0066555844348829161 0.0057918725430708435 -0.00045279937868778836 -0.0090068251223852126
leaf_weight=291.71014534006827 111.97121484670788 243.174123786157 382.09499518247321 1159.4902708150912 218.30834633577615 884.7804852493573 2024.9889601372415 476.73780945478939 4276.1510729179718 17.621843300526962 229.34904803126119 118.61306578293443 53.520705623552203 34.075074852444232
leaf_count=7729 1195 5650 4162 19901 2786 16562 40526 10098 59579 318 3340 1720 605 601
internal_value=0.00028017 -0.00157528 0.000450726 -0.000385004 0.00185876 -0.00112012 0.00078462 -0.000157296 0.0013329 -0.0037976 -0.00560152 0 0.00304546 -0.00155381
internal_weight=10522.6 808.325 9714.26 2644.67 600.403 2044.27 7069.59 2501.73 4567.86 358.942 246.971 449.383 172.134 277.249
internal_count=174772 13429 161343 43411 6948 36463 117932 50624 67308 4853 3658 8576 2325 6251
is_linear=0
shrinkage=0.03


Tree=433
num_leaves=9
num_cat=0
split_feature=7 15 14 13 14 11 16 16
split_gain=4.76055 3.45233 11.2835 10.9772 6.26144 5.3278 4.75805 3.90575
threshold=573.00000000000011 42.500000000000007 2.5000000000000004 0.081303225495162987 2.5000000000000004 2.2613636363636371 1.0000000180025095e-35 -1.0000000180025095e-35
decision_type=8 8 8 8 8 10 10 8
left_child=1 2 3 -1 5 -3 -6 -4
right_child=-2 4 7 -5 6 -7 -8 -9
leaf_value=0.0036270333840723772 -0.01181907151375807 0.0010657162937326831 0 -0.00081596624113262732 0.00069357568402717582 -0.0034409073135632448 0.0031138155459984498 -0.001933414115045452
leaf_weight=1127.074253898114 23.602338816621341 384.85902483388782 1701.4609216880053 813.34017201699317 2635.9603788207751 482.00884008780122 1157.8130249069072 2198.641191769857
leaf_count=9079 498 3132 31765 5820 54654 5300 25614 38910
internal_value=0.000270493 0.000317554 -0.000146427 0.0016903 0.00093068 -0.00127344 0.00147482 -0.00109966
internal_weight=10524.8 10501.2 5840.52 1940.41 4660.64 866.868 3793.77 3900.1
internal_count=174772 174274 85574 14899 88700 8432 80268 70675
is_linear=0
shrinkage=0.03


Tree=434
num_leaves=15
num_cat=0
split_feature=15 16 15 13 13 18 15 17 17 13 0 8 15 16
split_gain=3.18118 5.89853 4.71655 6.83982 4.4456 5.72984 4.9636 3.7983 2.58582 2.17908 1.51076 2.72902 1.68437 0.330878
threshold=42.500000000000007 11.000000000000002 40.500000000000007 0.082138823409281386 0.047074219144374235 7.5000000000000009 48.500000000000007 37.498437500000009 40.503571428571441 0.066040882600979275 1250.0000000000002 1.0000000180025095e-35 78.500000000000014 13.000000000000002
decision_type=8 8 10 10 8 2 8 8 10 8 2 2 8 10
left_child=1 2 3 -1 10 6 -6 -4 -7 -3 12 -12 -2 -11
right_child=4 9 7 -5 5 8 -8 -9 -10 13 11 -13 -14 -15
leaf_value=0.00093125827444023662 0.0043590067547766209 0 0 -0.0012687860155572088 0.0059647784745438213 0.003443595733614596 0.00017411806092012646 -0.0066100887360110621 -0.0039403437583654249 -0.013868917855271945 0 -0.0064122827023515754 -0.0015218108114653647 0
leaf_weight=3554.235266817268 60.097891471115872 34.388664462836459 84.858880453277379 1953.5423561926 138.99612126545981 1028.0355609955732 2995.8970637174789 168.64524923730642 21.718053831951693 35.333090825937688 193.39897532528266 123.29491782048717 115.47483377857134 18.972186850383878
leaf_count=57964 1980 725 1185 21670 2052 20764 47915 3441 1049 525 6488 4209 4522 283
internal_value=0.000261619 -0.000183822 -3.61561e-05 0.000123277 0.000850426 0.00118948 0.000487728 -0.00401573 0.00313066 -0.007661 -0.00171311 -0.00296025 0 -0.0112157
internal_weight=10526.9 5849.98 5761.28 5507.78 4676.91 4184.65 3134.89 253.504 1049.75 88.6939 492.267 316.694 175.573 54.3053
internal_count=174772 85793 84260 79634 88979 71780 49967 4626 21813 1533 17199 10697 6502 808
is_linear=0
shrinkage=0.03


Tree=435
num_leaves=15
num_cat=0
split_feature=1 14 14 20 11 14 0 3 6 20 23 11 23 6
split_gain=4.89504 3.49178 5.26433 4.64714 3.1548 5.20159 4.2779 7.20549 4.70786 4.03926 2.75657 2.17502 1.78242 2.0185
threshold=6.5000000000000009 2.5000000000000004 7.5000000000000009 4.5000000000000009 3.2124060150375944 1.5000000000000002 1750.0000000000002 6.5000000000000009 52.500000000000007 9.5000000000000018 1.0000000180025095e-35 1.7638888888888891 7.5000000000000009 52.500000000000007
decision_type=2 10 10 2 8 10 2 2 2 2 2 10 2 2
left_child=4 12 10 -4 5 11 8 -8 -6 -7 -3 -1 13 -2
right_child=1 2 3 -5 6 9 7 -9 -10 -11 -12 -13 -14 -15
leaf_value=0.0017655727192892549 -0.0053471480839125075 0 -0.0041642726774946412 0.0028422539952750858 0.0038087826480279088 0.0053689002298768886 0 -0.0035117017180921937 0.00020587106236132508 0 -0.0039045146717553545 -0.0035490363989723853 0.0061861195700137353 0
leaf_weight=71.620960437692702 61.852134215179831 174.34433276113123 108.98033091891557 278.36542147747241 363.40615682094358 377.26597501337528 1751.1767885806039 728.97635256499052 4154.493011272396 185.40382924117148 962.24011541996151 164.21671210974455 34.442380391061306 1120.8175082933158
leaf_count=707 1145 2314 5574 10080 7958 2219 29925 11881 73607 1258 12933 1525 355 13355
internal_value=-0.000178951 -0.00127552 -0.00223103 0.000460694 0.000187913 0.00196889 0 -0.00101623 0.000532733 0.00360648 -0.00327776 -0.00130908 0 -0.00028251
internal_weight=10537.6 2741.04 1523.93 387.346 7796.56 798.507 6998.05 2480.15 4517.9 562.67 1136.58 235.838 1217.11 1182.67
internal_count=174836 45756 30901 15654 129080 5709 123371 41806 81565 3477 15247 2232 14855 14500
is_linear=0
shrinkage=0.03


Tree=436
num_leaves=15
num_cat=0
split_feature=10 11 13 11 10 13 6 11 4 7 10 11 13 14
split_gain=3.85377 12.7412 11.8446 7.0171 6.43762 5.11052 5.01417 6.03848 5.45719 3.63615 4.41829 2.69714 1.95641 1.36319
threshold=0.14119601328903655 5.945195195195196 0.083045973594612701 3.1270161290322585 0.18834459459459463 0.054745588341573538 56.250000000000007 2.5166666666666671 15.500000000000002 421.00000000000006 1.0000000180025095e-35 4.6030303030303044 0.064119213475018644 13.500000000000002
decision_type=10 10 10 8 10 10 2 10 2 10 10 8 10 10
left_child=3 6 4 5 -3 -1 8 -8 -2 11 -11 -5 -7 -4
right_child=1 2 13 9 -6 12 7 -9 -10 10 -12 -13 -14 -15
leaf_value=0.012248624577206057 -0.0014229180067324898 0.0026808754541825766 -0.0018800741179323143 0 0.014934688852927171 -0.0034639585387706631 0.0085986537982717902 0.00061181609279877544 0.0075281335548718336 -0.00023409806776467399 -0.0021448735382208241 -0.0083761714745794781 0.0028201869230585065 0.0052215936795678179
leaf_weight=53.810094805434346 1571.9520379686728 109.98987397225574 131.62497884174809 11.853722842410205 123.70336969825439 35.134082382544875 103.59284734912217 687.98551571648568 54.598368682898581 5932.749299708521 1405.6740526040085 91.656197265954688 198.79215693101287 22.285854185000062
leaf_count=416 17329 3265 2791 124 3478 245 707 8017 607 103204 27852 4882 1216 703
internal_value=-0.000172525 0.000757294 0.00577179 -0.000529697 0.00997271 0.00394912 0 0.00189276 -0.00100837 -0.000725545 -0.000621745 -0.00633445 0.0011958 0
internal_weight=10535.4 2805.73 387.604 7729.67 233.693 287.736 2418.13 791.578 1626.55 7441.93 7338.42 103.51 233.926 153.911
internal_count=174836 36897 10237 137939 6743 1877 26660 8724 17936 136062 131056 5006 1461 3494
is_linear=0
shrinkage=0.03


Tree=437
num_leaves=11
num_cat=0
split_feature=17 1 15 15 17 7 1 20 3 3
split_gain=5.05674 5.11942 4.4518 6.74472 3.17994 2.51576 5.71504 1.78802 1.60511 3.50336
threshold=35.967261904761912 6.5000000000000009 33.500000000000007 76.500000000000014 40.252777777777787 497.00000000000006 7.5000000000000009 1.5000000000000002 6.5000000000000009 3.5000000000000004
decision_type=8 2 10 10 10 10 2 2 2 2
left_child=8 2 4 -4 -2 7 -7 -3 9 -1
right_child=1 5 3 -5 -6 6 -8 -9 -10 -11
leaf_value=0 -0.00024939351350407448 0 0.002404182725159926 -0.00046520416872995415 -0.0058157154521257578 0.0033737971412227444 -0.0018124513135569932 -0.0023872334542943594 0 0.01452186885080604
leaf_weight=31.867428928613663 4814.0906665191287 311.10573146236129 1585.2881448466796 1236.4798874154221 92.982289717998356 289.54308605240658 540.17671132041141 1568.0284708593972 26.745169434696436 36.811430895235389
leaf_count=325 72712 5820 27974 24711 3024 3966 7568 28119 256 361
internal_value=-0.000165302 -0.000243514 0.00013242 0.00109517 -0.000391217 -0.00136966 0 -0.0019758 0.00648225 0.00876808
internal_weight=10533.1 10437.7 7728.84 2821.77 4907.07 2708.85 829.72 1879.13 95.424 68.6789
internal_count=174836 173894 128421 52685 75736 45473 11534 33939 942 686
is_linear=0
shrinkage=0.03


Tree=438
num_leaves=12
num_cat=0
split_feature=17 23 23 4 15 11 4 2 11 7 7
split_gain=4.7958 4.01948 9.29454 6.59625 6.60726 5.42259 4.65189 4.17329 3.77069 0.503536 0.363843
threshold=35.967261904761912 1.0000000180025095e-35 1.5000000000000002 11.500000000000002 20.500000000000004 3.9104278074866312 4.5000000000000009 1.5000000000000002 4.245000000000001 467.00000000000006 489.00000000000006
decision_type=8 2 2 2 8 8 2 2 8 10 10
left_child=8 3 6 7 -5 -4 -3 -2 -1 -10 -11
right_child=1 2 5 4 -6 -7 -8 -9 9 10 -12
leaf_value=0 -0.0036243266044482312 0 0.0016134146961944013 0.012717368306033141 0.0020557709017735007 -0.00045920960857479497 -0.0037535363667473014 0.00081346579959028882 0.016713501073581945 0 0.0045746569793505658
leaf_weight=33.320217786356807 235.30686741019599 397.73377704364248 1389.3595176991075 70.487768064020202 391.08890991169028 6010.0276603563689 1041.1378808475565 900.74397909222171 22.302325916942209 18.936283436603844 21.191558228805661
leaf_count=267 4158 6389 10885 1057 6876 111761 16241 16527 240 208 227
internal_value=-0.000160475 -0.000237119 -0.000499346 0.00111699 0.00412424 -4.89545e-05 -0.0027034 0 0.00630137 0.0104717 0.00221128
internal_weight=10531.6 10435.9 8838.26 1597.63 461.577 7399.39 1438.87 1136.05 95.7504 62.4302 40.1278
internal_count=174836 173894 145276 28618 7933 122646 22630 20685 942 675 435
is_linear=0
shrinkage=0.03


Tree=439
num_leaves=12
num_cat=0
split_feature=17 10 13 13 15 5 15 7 10 7 15
split_gain=4.56813 3.85938 4.87766 10.6343 6.77528 3.99748 15.8451 4.73482 3.23094 0.555726 0.140424
threshold=35.967261904761912 0.14119601328903655 0.083045973594612701 0.074907507515727154 33.500000000000007 3.5000000000000004 75.500000000000014 421.00000000000006 0.4188596491228071 479.00000000000006 41.500000000000007
decision_type=8 10 8 10 10 2 8 10 8 10 10
left_child=8 5 3 -3 -4 7 -7 -2 10 -10 -1
right_child=1 2 4 -5 -6 6 -8 -9 9 -11 -12
leaf_value=0.00031244142674563476 -0.0066098225366092341 0.00011455363666398045 -0.0031200890773908398 0.0058778271087735973 0.0011678518567163438 -7.1406621629313468e-05 -0.0057102362668041409 1.933737367028747e-06 0.014197246996374195 0.00015314152601928588 -0.00243787996850319
leaf_weight=19.608579759020358 93.585809338837862 1033.9686933092307 553.5896968357265 427.74325771024451 755.70024733804166 1776.0409598161932 621.95981434220448 5170.7640948377084 30.820653134956956 29.757458860054612 15.860455363988875
leaf_count=233 4479 15821 5806 5719 9221 33935 16040 82873 268 228 213
internal_value=-0.000153786 -0.000229035 0.000705383 0.00191763 -0.000536004 -0.00058676 -0.00160519 -9.32992e-05 0.00614279 0.0101235 0
internal_weight=10529.4 10433.4 2771 1461.71 1309.29 7662.35 2398 5264.35 96.0471 60.5781 35.469
internal_count=174836 173894 36567 21540 15027 137327 49975 87352 942 496 446
is_linear=0
shrinkage=0.03


Tree=440
num_leaves=15
num_cat=0
split_feature=20 23 15 15 11 14 6 7 17 7 16 23 11 17
split_gain=4.30469 9.36187 12.2005 7.23177 7.97162 9.90504 6.54263 6.02081 5.7812 6.14381 6.07571 5.0525 3.98338 3.19929
threshold=8.5000000000000018 3.5000000000000004 64.500000000000014 33.500000000000007 6.2233560090702955 6.5000000000000009 53.500000000000007 505.00000000000006 36.998780487804886 487.00000000000006 3.0000000000000004 2.5000000000000004 2.3431372549019613 37.420294117647067
decision_type=2 2 8 10 8 10 2 8 8 8 10 2 8 8
left_child=3 11 7 8 5 -5 -6 -3 9 -1 -10 12 -2 -4
right_child=1 2 13 4 6 -7 -8 -9 10 -11 -12 -13 -14 -15
leaf_value=0.0068446870655808892 0.0043577595376534627 0.0045528793113998279 0 0.0017559261803850497 0.0054145250796866521 0.0087202284866463049 -0.00063870066127679522 -0.00070182019561783478 8.0292486262397016e-05 -0.0010525721592555565 -0.0027186504431267436 -0.0048023108219722808 -0.0016773975334145857 -0.0051917577414522
leaf_weight=209.68633602326736 93.57651243545115 649.09141180827282 127.30849202163517 730.46675371937454 182.51605253457092 286.7892236285843 1034.6232951278798 213.37270742165856 4274.2314222460845 99.980325880460441 809.92355297319591 543.55633803084493 998.30178720247932 251.85544097260572
leaf_count=2087 680 10103 2100 7156 6045 5385 25813 2873 68839 887 11174 8569 17530 5298
internal_value=0.000115589 -0.00085334 0.00102542 0.000501002 0.00193677 0.00389912 0.000164713 0.0030834 -6.72259e-05 0.00384204 -0.000338347 -0.00236992 -0.00100591 -0.0032445
internal_weight=10505.3 2877.06 1241.63 7628.22 2234.4 1017.26 1217.14 862.464 5393.82 309.667 5084.15 1635.43 1091.88 379.164
internal_count=174539 47153 20374 127386 44399 12541 31858 12976 82987 2974 80013 26779 18210 7398
is_linear=0
shrinkage=0.03


Tree=441
num_leaves=15
num_cat=0
split_feature=20 15 15 10 5 5 5 10 17 7 16 5 2 15
split_gain=4.06368 7.5194 6.81085 9.31193 14.5841 8.22479 6.27677 6.75829 5.39355 5.794 5.73421 4.42677 4.27822 2.73878
threshold=8.5000000000000018 63.500000000000007 33.500000000000007 0.088562091503267992 3.5000000000000004 3.5000000000000004 2.5000000000000004 0.40588235294117653 36.998780487804886 487.00000000000006 3.0000000000000004 3.5000000000000004 1.5000000000000002 98.500000000000014
decision_type=2 8 10 10 2 2 2 8 8 8 10 2 2 10
left_child=2 6 8 5 -5 -4 -2 -8 9 -1 -10 13 -13 -3
right_child=1 11 3 4 -6 -7 7 -9 10 -11 -12 12 -14 -15
leaf_value=0.0066154322288836612 -0.011770707950260235 -0.0017719756030756268 0.0018383680343255348 0 0.0089856837839799621 -0.0030949275499670787 -0.00022058678336651989 0.0045739511960351479 7.7881758190406964e-05 -0.0010231190199062531 -0.0026427052193508513 0 -0.0055892884307513725 0.0049401791132268448
leaf_weight=210.6033782158047 33.103694036137313 128.70180161809549 1135.460076747695 348.34000052837655 355.4780530850403 398.45567302429117 1622.4400821556337 301.75569757912308 4274.4888240044238 99.917666513007134 808.37057357467711 185.87651615752839 524.2707857680507 78.945543214678764
leaf_count=2087 343 1623 23330 4797 6144 10128 26266 3306 68839 887 11174 3667 10874 1074
internal_value=0.000112054 -0.00082929 0.000486668 0.00187873 0.00474815 0.000453514 0.000150633 0.000463454 -6.43227e-05 0.00370488 -0.000327486 -0.00307113 -0.00421145 0.000130684
internal_weight=10506.2 2875.09 7631.11 2237.73 703.818 1533.92 1957.3 1924.2 5393.38 310.521 5082.86 917.795 710.147 207.647
internal_count=174539 47153 127386 44399 10941 33458 29915 29572 82987 2974 80013 17238 14541 2697
is_linear=0
shrinkage=0.03


Tree=442
num_leaves=15
num_cat=0
split_feature=20 15 15 5 15 14 15 5 7 1 7 12 12 15
split_gain=3.84529 7.09306 6.41021 5.9901 5.68303 5.14693 7.77226 4.1955 4.13007 3.86725 7.23294 3.1077 2.83454 2.57992
threshold=8.5000000000000018 63.500000000000007 33.500000000000007 2.5000000000000004 22.500000000000004 2.5000000000000004 22.500000000000004 3.5000000000000004 417.00000000000006 6.5000000000000009 495.00000000000006 0.14230891954248689 0.028887360537979523 98.500000000000014
decision_type=2 8 10 2 10 8 10 2 10 2 10 8 10 10
left_child=2 3 5 -2 -5 6 -1 13 -7 11 -11 -4 -9 -3
right_child=1 7 9 4 -6 8 -8 12 -10 10 -12 -13 -14 -15
leaf_value=0.0029090125623142185 -0.011545451091453001 -0.0017229920471722147 0.0030251697187549456 -0.0013036617143979642 0.0019294493312355652 -0.0093882728342045262 -0.0025457311341717248 0.0017163467218470857 -0.00045578116488174264 -0.0028889018743080831 0.0045003333022283539 -0.0001875339106441729 -0.0046035756801198991 0.0047842297214763449
leaf_weight=980.12257503904402 32.838682433590293 128.53460911847651 1492.6898776043672 836.24272680142894 1088.6049648486078 44.37816506344825 276.61439782008529 31.428023162763566 4091.834077190375 352.60698012658395 169.91629900410771 225.60288483649492 676.34506478486583 79.231880811974406
leaf_count=6589 343 1623 31595 12591 16981 2556 1865 1208 71977 8196 2746 1862 13333 1074
internal_value=0.000107962 -0.000807685 0.000472536 0.000140876 0.000447372 -6.15078e-05 0.00158418 -0.00298868 -0.00059906 0.00182188 -0.000181812 0.002517 -0.00410243 0.000107656
internal_weight=10507 2873.23 7633.77 1957.69 1924.85 5392.95 1256.74 915.54 4136.21 2240.82 522.523 1718.29 707.773 207.766
internal_count=174539 47153 127386 29915 29572 82987 8454 17238 74533 44399 10942 33457 14541 2697
is_linear=0
shrinkage=0.03


Tree=443
num_leaves=14
num_cat=0
split_feature=7 1 15 15 6 11 7 4 7 11 11 12 12
split_gain=3.4733 3.55201 2.72209 2.86267 5.44533 2.99433 2.063 1.95203 2.0807 1.13399 1.72134 0.90559 0.678297
threshold=421.00000000000006 3.5000000000000004 419.50000000000006 28.500000000000004 52.500000000000007 5.0119047619047628 417.00000000000006 3.5000000000000004 407.00000000000006 3.4037037037037039 6.1441558441558453 0.055627706722933344 0.053766021918345654
decision_type=10 2 10 10 2 10 10 2 8 8 10 10 8
left_child=1 6 3 5 -5 -2 12 -3 -9 -4 -11 -8 -1
right_child=2 7 9 4 -6 -7 11 8 -10 10 -12 -13 -14
leaf_value=0 -0.00054768651031811407 0 0 0.0050210807153615771 0.00051119458300270251 0.000948557543779016 0 0 -0.013824664542625856 -0.012235387844727736 0 0.012883457935225223 -0.0061844743049410461
leaf_weight=12.659060162492098 4783.9624199003447 15.314975892892106 5.8981229532510033 266.8702150080353 3736.9924526470713 1563.3892216740642 5.8323937160894266 11.262967954389749 45.970134116592817 27.288317676167935 5.444388171657919 9.6357939476147276 17.299399896292016
leaf_count=882 62957 694 78 5747 66714 32428 323 728 1920 849 384 233 602
internal_value=0.000102712 -0.00486886 0.000175908 0.000221396 0.000855098 -0.000155083 0 -0.00887784 -0.0112446 -0.00720333 -0.00932988 0.00888072 -0.00263342
internal_weight=10507.8 117.975 10389.8 10351.2 4003.86 6347.35 45.4266 72.5481 57.2331 38.6308 32.7327 15.4682 29.9585
internal_count=174539 5382 169157 167846 72461 95385 2040 3342 2648 1311 1233 556 1484
is_linear=0
shrinkage=0.03


Tree=444
num_leaves=15
num_cat=0
split_feature=16 20 7 12 18 18 10 10 12 17 10 10 0 7
split_gain=3.75472 7.47353 5.22292 6.25438 4.89368 6.7635 6.17959 4.43307 4.10208 3.90933 3.5145 3.51413 3.32938 2.21137
threshold=3.0000000000000004 1.5000000000000002 451.00000000000006 0.081585525924069591 1.5000000000000002 3.5000000000000004 0.14760348583878 0.57738095238095244 0.1075172273062615 35.967261904761912 0.26201372997711675 0.045983086680761107 1650.0000000000002 475.00000000000006
decision_type=8 2 10 8 2 2 10 10 10 8 10 8 2 8
left_child=4 8 3 -3 9 10 -7 -4 13 -1 -6 -11 -10 -2
right_child=1 2 7 -5 5 6 -8 -9 12 11 -12 -13 -14 -15
leaf_value=0.0081824460054428488 0.0022688983435560409 -0.0076165676418740351 -0.00091379058145596708 0 0.0053356969552028786 -0.00027040409235220338 0.0039138587968354076 0.0083463706024786456 0.0089621003637420701 0.0013012305557090244 0 -0.00074462609552174478 0 -0.0012363101369906827
leaf_weight=45.762314343359321 338.80290811578743 228.18914062646218 3108.4618137730286 121.49686572817154 526.13991612847894 1335.4755065995269 392.74451951636001 39.530054688453674 116.00399380736053 993.93073104508221 81.413198227062821 2871.9797518211417 59.768430726602674 249.19727059907746
leaf_count=440 9046 8104 50280 2078 4218 27123 5654 285 1024 16792 675 44366 473 3981
internal_value=9.93583e-05 -0.000569331 -0.00118401 -0.00471911 0.000579559 0.00166643 0.000602489 -0.000736884 0.00203983 -3.24447e-05 0.00441838 -0.000178882 0.00609817 0.000532525
internal_weight=10508.9 4261.45 3497.68 349.686 6247.45 2335.77 1728.22 3147.99 763.773 3911.67 607.553 3865.91 175.772 588
internal_count=174539 75271 60747 10182 99268 37670 32777 50565 14524 61598 4893 61158 1497 13027
is_linear=0
shrinkage=0.03


Tree=445
num_leaves=15
num_cat=0
split_feature=2 15 16 15 9 15 10 21 11 18 0 17 17 18
split_gain=3.53294 9.39205 9.34006 8.65347 4.0171 3.94269 7.57586 6.6577 5.6996 3.95761 4.45829 3.4645 3.14784 2.96767
threshold=1.5000000000000002 49.500000000000007 1.0000000180025095e-35 78.500000000000014 15.500000000000002 61.500000000000007 0.18834459459459463 1.0000000180025095e-35 5.0923295454545459 7.5000000000000009 1750.0000000000002 37.044636015325672 37.25419580419581 1.5000000000000002
decision_type=2 10 10 10 2 10 8 2 10 2 2 8 8 2
left_child=1 2 13 12 -5 9 7 -7 -8 11 -11 -2 -3 -1
right_child=5 3 -4 4 -6 6 8 -9 -10 10 -12 -13 -14 -15
leaf_value=-2.1405387323315601e-05 0.002243397731442053 0 -0.0035151642947538319 0.0029731701225646258 -0.0034299649656682335 -0.00056259637906962427 -0.001077573808190541 -0.0071537856251906468 0.0056499301270577255 -5.343527681799096e-05 -0.0041883547465393989 -0.0001352659325776824 0.0088045684329915112 0.0025271613741700708
leaf_weight=948.14919881196693 617.27348554856144 72.891296164132655 593.22582689113915 211.45785146928392 139.66732654580846 309.96159930853173 901.91729249595664 360.54385787458159 123.03331467718817 669.46438159560785 435.4071216925513 4258.8278569412651 253.4731942017097 598.13535068463534
leaf_count=15403 6700 904 8435 4008 3140 6633 14093 9361 2957 15806 9378 63116 4511 9999
internal_value=-0.000249707 0.000632865 -0.000279338 0.00371433 0 -0.000593311 -0.00187956 -0.00435558 -0.00010087 -0.000202367 -0.0018296 0.000137112 0.00720544 0.000872708
internal_weight=10493.4 2817 2139.51 677.49 351.125 7676.43 1695.46 670.505 1024.95 5980.97 1104.87 4876.1 326.364 1546.28
internal_count=174444 46400 33837 12563 7148 128044 33044 15994 17050 95000 25184 69816 5415 25402
is_linear=0
shrinkage=0.03


Tree=446
num_leaves=15
num_cat=0
split_feature=2 15 16 15 9 15 10 21 13 15 5 17 13 17
split_gain=3.33721 8.84698 8.80318 8.11022 3.78658 3.72212 7.19839 6.3003 4.88248 2.99033 3.96637 3.41781 2.905 2.86839
threshold=1.5000000000000002 49.500000000000007 1.0000000180025095e-35 78.500000000000014 15.500000000000002 61.500000000000007 0.18834459459459463 1.0000000180025095e-35 0.072888161475770444 15.500000000000002 4.5000000000000009 38.367333333333342 0.069857078306727674 37.25419580419581
decision_type=2 10 10 10 2 10 8 2 10 10 2 10 8 8
left_child=1 2 12 13 -5 9 7 -7 -8 11 -11 -2 -1 -3
right_child=5 3 -4 4 -6 6 8 -9 -10 10 -12 -13 -14 -15
leaf_value=0.0024665781717250869 -0.00036273383717571245 0 -0.0034192981539184404 0.0028793334710606939 -0.0033397117092055987 -0.00054623020681841914 -0.0031356256067575977 -0.0069844104308982571 0.0012112546996785889 0.00077775897361802911 -0.0018738320988799316 -0.0033086962679666349 -5.0150683315215628e-05 0.0084886662407667752
leaf_weight=605.76948436372913 1851.4470682484098 72.891296164132655 591.72555986070074 211.95398285333067 139.27957749855705 309.82318882341497 339.87129825120792 358.36337815667503 684.97469639452174 3055.914178644307 583.68169378815219 488.89147059572861 941.64828292373568 255.17847037292086
leaf_count=12528 31146 904 8435 4008 3140 6633 7816 9361 9234 42131 12335 9388 12874 4511
internal_value=-0.000243277 0.000613411 -0.000271133 0.00359969 0 -0.000577688 -0.00182888 -0.00424822 -9.28801e-05 -0.000197157 0.000309379 -0.00104784 0.000843224 0.00696686
internal_weight=10491.4 2818.45 2139.14 679.303 351.234 7672.97 1693.03 668.187 1024.85 5979.93 3639.6 2340.34 1547.42 328.07
internal_count=174444 46400 33837 12563 7148 128044 33044 15994 17050 95000 54466 40534 25402 5415
is_linear=0
shrinkage=0.03


Tree=447
num_leaves=14
num_cat=0
split_feature=15 13 14 17 14 15 10 13 14 12 6 0 12
split_gain=3.21434 2.75749 2.99738 2.96136 2.55982 7.56943 5.99285 2.81303 2.1432 9.55275 3.97276 0.760423 0.066166
threshold=272.50000000000006 0.092598347259627567 9.5000000000000018 36.856385869565223 10.500000000000002 45.500000000000007 1.0000000180025095e-35 0.093527709477987248 1.5000000000000002 0.11968294521695429 52.500000000000007 1750.0000000000002 0.067258414277728398
decision_type=10 10 10 8 10 10 8 8 10 8 2 2 8
left_child=4 2 3 -2 8 7 -7 -6 9 -1 -10 -3 -4
right_child=1 11 12 -5 5 6 -8 -9 10 -11 -12 -13 -14
leaf_value=-0.0018443724024605431 0 -0.0011493689409584546 0 -0.013498764337876466 -0.0068289833513859536 0.0090724278204862494 -0.00070106857423311614 0 0.002978333970118676 0.0023101324837227553 2.6057456323677671e-05 0.0058221450409759404 0.0020842984987801206
leaf_weight=1970.4362709303387 9.0817858017981035 20.583158917259425 11.036284758476542 55.623164294520393 248.5970655309502 59.689592726062983 335.37206814414822 56.219229286536574 441.05545050464571 636.83657789323479 6621.920575262513 14.192768406122921 8.7074767961166781
leaf_count=37316 154 379 951 1325 14590 3571 13086 1852 6873 5793 87952 228 374
internal_value=-0.000237166 -0.00507695 -0.00797128 -0.0109654 -0.000164646 -0.00191337 0.000495592 -0.00547731 -2.16563e-05 -0.000769718 0.000233615 0 0
internal_weight=10489.4 119.225 84.4487 64.705 10370.1 699.878 395.062 304.816 9670.25 2607.27 7062.98 34.7759 19.7438
internal_count=174444 3411 2804 1479 171033 33099 16657 16442 137934 43109 94825 607 1325
is_linear=0
shrinkage=0.03


Tree=448
num_leaves=15
num_cat=0
split_feature=20 23 15 5 18 5 12 16 16 7 3 7 7 23
split_gain=3.1062 5.82871 3.72932 5.62341 3.9733 2.86276 8.55694 4.49338 3.77248 5.43388 2.82328 3.47073 2.99014 2.79639
threshold=2.5000000000000004 4.5000000000000009 19.500000000000004 2.5000000000000004 7.5000000000000009 2.5000000000000004 0.10189606995920657 -16.999999999999996 -10.999999999999998 471.00000000000006 6.5000000000000009 481.00000000000006 479.00000000000006 3.5000000000000004
decision_type=2 2 10 2 2 2 8 10 10 10 2 10 8 2
left_child=1 10 3 -3 -4 6 7 -2 9 -7 11 -1 -12 -10
right_child=5 2 4 -5 -6 8 -8 -9 13 -11 12 -13 -14 -15
leaf_value=0.0008732157719395483 0 0 0.0019336960087760434 -0.0059116847098377836 -0.0051342151684325823 -0.0058763876106578787 0.0022445656359845914 -0.012881700410080289 -0.00074904402951268768 -0.00026930680043221034 0.0017291021612377928 0.0044139867805768401 -0.0028801153564000695 0.00046216992088883574
leaf_weight=760.58183673920576 52.075677396729589 216.86831165570766 402.16387159796432 270.9572632026393 76.63535440270789 267.43361018691212 82.42632442433387 84.433691806625575 3654.8058471761178 511.96266484935768 287.43895197403617 509.9089733355213 214.02159207349177 3094.8228498403914
leaf_count=16206 1161 3754 5375 4516 1981 7224 647 1336 59773 8564 5643 6980 2779 48505
internal_value=-0.00022944 0.000612879 -0.00116783 -0.00304953 0.000451009 -0.000546716 -0.00397349 -0.00873469 -0.000424588 -0.00240968 0.00166925 0.00242363 0 -0.000171543
internal_weight=10486.5 2738.58 966.625 487.826 478.799 7747.96 218.936 136.509 7529.02 779.396 1771.95 1270.49 501.461 6749.63
internal_count=174444 47234 15626 8270 7356 127210 3144 2497 124066 15788 31608 23186 8422 108278
is_linear=0
shrinkage=0.03


Tree=449
num_leaves=15
num_cat=0
split_feature=2 23 23 3 12 16 16 12 16 1 16 5 12 14
split_gain=3.14884 6.30269 9.1527 6.59091 5.85584 5.10723 4.57796 4.54628 5.53054 6.73217 4.1336 3.3568 3.29 3.28037
threshold=1.5000000000000002 3.5000000000000004 4.5000000000000009 6.5000000000000009 0.035090708030724178 -2.9999999999999996 -4.9999999999999991 0.083344720779812351 9.0000000000000018 1.5000000000000002 11.000000000000002 2.5000000000000004 0.088299740649308137 1.5000000000000002
decision_type=2 2 2 2 10 10 10 8 8 2 8 2 8 8
left_child=1 5 3 -3 -4 6 -1 8 9 -2 12 -12 -9 -7
right_child=7 2 4 -5 -6 13 -8 10 -10 -11 11 -13 -14 -15
leaf_value=0 0.0028670249848982252 0.011259455148760538 -0.0043184297951569337 0 0.0017040761960359513 -0.0077801112197381402 0.007445965339755908 0.0035255329345738689 -0.0032682436301417856 -0.0011051805214409975 0.0053202694409013544 0.00032286857566129291 -0.00055279613194428008 -0.0013873455580351913
leaf_weight=417.00938634597696 419.56584521196783 144.26076345168985 151.01525041018613 61.003942700102925 1164.2811676466372 97.975874627940357 85.460796893574297 181.9645207375288 930.53489364520647 3047.6677918352652 235.55471310392022 393.78286248678342 2456.7942140749656 697.56553461425938
leaf_count=7857 8680 2877 4026 1087 16983 1124 1348 2571 23880 62361 2278 4538 23736 11098
internal_value=-0.000222847 0.000609041 0.00194783 0.00786021 0.000885258 -0.000845622 0.00132818 -0.000548467 -0.00118427 -0.000577872 0.000261786 0.002457 -0.000208688 -0.0024057
internal_weight=10484.4 2818.57 1520.56 205.265 1315.3 1298.01 502.47 7665.86 4397.77 3467.23 3268.1 629.338 2638.76 795.541
internal_count=174444 46400 24973 3964 21009 21427 9205 128044 94921 71041 33123 6816 26307 12222
is_linear=0
shrinkage=0.03


Tree=450
num_leaves=15
num_cat=0
split_feature=6 2 15 15 11 4 10 10 20 15 14 6 2 11
split_gain=5.05128 9.40453 7.43706 6.35394 7.60373 5.99548 5.84603 5.78289 4.08016 6.57067 4.5295 10.4549 7.83059 3.6165
threshold=56.250000000000007 2.5000000000000004 77.500000000000014 45.500000000000007 3.9864864864864868 6.5000000000000009 0.19722222222222227 0.22401433691756276 3.5000000000000004 237.50000000000003 2.5000000000000004 54.250000000000007 4.5000000000000009 5.4564393939393945
decision_type=2 2 8 8 10 2 10 8 2 8 10 2 2 10
left_child=8 3 7 4 -2 -5 -4 -3 10 13 11 -1 -12 -10
right_child=1 2 6 5 -6 -7 -8 -9 9 -11 12 -13 -14 -15
leaf_value=-0.00086913659830109883 0.0051290252996136739 -0.00084948279317409263 -0.008388312928365723 0.0008552192398108958 -0.00091360297878505324 0.0082208923016689542 0 0.0048285655277047184 -0.0011658475951444064 -0.0047939964351670092 0 0.0034858487552641595 -0.0066388964428539384 0.00083688490155846946
leaf_weight=886.15104078641161 265.40867943316698 583.35028651729226 172.2542485925369 219.97135054878891 524.91330405767076 311.58029045467265 88.775743553414941 207.68381822062656 2913.2262601619586 383.90154966176488 1732.8190500008641 1009.0760975335725 174.33489067829214 1032.6269479694311
leaf_count=15069 2549 10230 4168 3972 8790 5627 1243 2407 33795 8108 34621 12423 3482 28046
internal_value=-7.40057e-06 0.00119377 -0.000811553 0.00289988 0.000946538 0.0054887 -0.00520629 0.000473804 -0.000377 -0.00101464 0.000310063 0.00137372 -0.000669328 -0.000603372
internal_weight=10506.1 2373.94 1052.06 1321.87 790.322 531.552 261.03 791.034 8132.14 4329.75 3802.38 1895.23 1907.15 3945.85
internal_count=174530 38986 18048 20938 11339 9599 5411 12637 135544 69949 65595 27492 38103 61841
is_linear=0
shrinkage=0.03


Tree=451
num_leaves=14
num_cat=0
split_feature=9 17 17 13 17 14 11 1 12 17 2 12 15
split_gain=3.18499 4.63483 4.10862 4.6424 3.66321 3.01025 6.58243 3.61667 2.54902 5.70762 3.2376 2.02788 0.464364
threshold=10.500000000000002 39.680909090909097 38.86770833333334 0.06668504226387359 40.576388888888893 15.500000000000002 5.6698717948717965 1.5000000000000002 0.17289439897287759 37.920344827586213 4.5000000000000009 0.075283199783278215 89.500000000000014
decision_type=2 10 10 8 10 10 10 2 8 8 2 8 10
left_child=1 2 3 -1 -3 8 12 -8 10 -10 -2 -4 -7
right_child=5 4 11 -5 -6 6 7 -9 9 -11 -12 -13 -14
leaf_value=0.0071981742560067686 -0.00012028787906757939 0.017137257153636173 0 0.00013329533567296226 0 -0.004506409669243908 0 0.020375521090303907 -0.0010747022885999797 0.0042461545752222061 -0.0018827317643264987 -0.0085020563963124924 0
leaf_weight=129.79443377745338 8090.8539245867869 27.1816910142079 57.07897011609748 349.94590668287128 10.372199463658033 15.579743452137338 3.713658849475908 23.181188525864854 301.51731873094104 348.86579858185723 1098.4447084425483 41.556115489453077 7.5232506492175153
leaf_count=1820 139817 500 967 3313 251 847 181 1263 2057 3454 19281 407 372
internal_value=-7.2335e-06 0.00206113 0.00105946 0.00240868 0.0120261 -0.000152187 0.0067698 0.0162717 -0.000206017 0.00156115 -0.000348186 -0.00385512 0
internal_weight=10505.6 615.929 578.375 479.74 37.5539 9889.68 49.9978 26.8948 9839.68 650.383 9189.3 98.6351 23.103
internal_count=174530 7258 6507 5133 751 167272 2663 1444 164609 5511 159098 1374 1219
is_linear=0
shrinkage=0.03


Tree=452
num_leaves=15
num_cat=0
split_feature=23 10 13 23 12 20 7 17 12 2 12 3 12 7
split_gain=6.11744 5.91891 7.84552 6.79455 9.66262 5.07472 6.75327 13.6483 5.03226 5.01551 4.799 4.64711 5.69879 4.46924
threshold=4.5000000000000009 0.18634259259259262 0.083646029868679209 5.5000000000000009 0.098133384073305005 3.5000000000000004 465.00000000000006 37.433974358974368 0.06896987332508582 2.5000000000000004 0.09887478276197699 6.5000000000000009 0.040679393172841367 477.00000000000006
decision_type=2 10 8 2 8 2 10 8 10 2 8 2 10 8
left_child=5 3 8 4 -2 11 7 -7 -3 -8 -5 12 -1 -13
right_child=1 2 -4 10 -6 6 9 -9 -10 -11 -12 13 -14 -15
leaf_value=-0.001081737064790794 -0.004842330426702182 0 -0.0013976516012568312 0.0003979456241118518 0.00013055656597638407 0.0026370495202405857 0.0017911239465156822 -0.0054182170341202599 0.0078324607749719541 -0.00052848021807095323 -0.0033706227059724253 0.0017639613509331062 0.0032292928985329151 -0.0029999007084294529
leaf_weight=277.59555131604429 935.75938529800624 153.41284126369283 348.90709077194333 1564.5540632850025 470.17717154463753 260.66915970714763 1504.8179125303868 530.27283606724814 197.11319069890305 1742.3955572366249 363.19697109842673 358.4859464452602 1475.7329670365434 322.14124198514037
leaf_count=9940 19215 2448 3632 28944 4326 3882 23512 12798 2110 27033 3264 7127 21981 4318
internal_value=-6.16735e-06 -0.000936524 0.00145946 -0.00148558 -0.0030784 0.000550705 -6.64913e-05 -0.00257511 0.00470494 0.000501445 -0.000241343 0.00163423 0.00246031 -0.000277434
internal_weight=10505.2 4033.12 699.433 3333.69 1405.94 6472.11 4038.16 790.942 350.526 3247.21 1927.75 2433.96 1753.33 680.627
internal_count=174530 63939 8190 55749 23541 110591 67225 16680 4558 50545 32208 43366 31921 11445
is_linear=0
shrinkage=0.03


Tree=453
num_leaves=15
num_cat=0
split_feature=12 16 13 15 15 13 14 11 15 17 16 11 13 13
split_gain=2.60133 5.70329 9.16716 12.51 3.94779 3.30716 2.98964 6.16805 3.01094 2.49914 2.80058 2.41283 0.989402 0.618436
threshold=0.17289439897287759 -4.9999999999999991 0.063497368644427482 29.500000000000004 28.500000000000004 0.061557291558946153 15.500000000000002 5.6698717948717965 26.500000000000004 35.967261904761912 15.000000000000002 3.2124060150375944 0.11321471583414579 0.043569567115410913
decision_type=8 10 10 10 10 10 10 10 10 8 10 10 10 10
left_child=6 5 3 -3 -4 13 9 -8 -9 11 -11 -1 -7 -2
right_child=1 2 4 -5 -6 12 7 8 -10 10 -12 -13 -14 -15
leaf_value=0.0076094917903304672 0.0017851166190396657 0.017642053656384878 -0.0053066435812765432 -0.0030901700158708348 9.6439600812625348e-05 0.0098386684896318993 0 0 0.019366754068886775 -0.0001749434828878035 -0.0040006225382744152 0 0.00046381675711894233 -0.0039841615964207738
leaf_weight=66.638519733212888 48.843787382822484 51.16744241071865 182.04023853177205 27.643675890518352 206.81579851312563 109.88165672915056 22.943228868534788 4.2552638431079712 23.711207033600658 9492.0553052991163 175.8282160430681 21.696911696810275 51.809120437130332 19.254938244819641
leaf_count=547 874 456 1211 340 1485 894 1219 283 1179 161430 3710 348 347 207
internal_value=-5.41366e-06 0.00174248 0 0.00882979 -0.00208738 0.00556291 -0.000145831 0.00669715 0.0156351 -0.000200318 -0.00026206 0.00460193 0.00783866 0
internal_weight=10504.6 697.457 467.667 78.8111 388.856 229.79 9807.13 50.9097 27.9665 9756.22 9667.88 88.3354 161.691 68.0987
internal_count=174530 5814 3492 796 2696 2322 168716 2681 1462 166035 165140 895 1241 1081
is_linear=0
shrinkage=0.03


Tree=454
num_leaves=15
num_cat=0
split_feature=7 7 12 12 2 11 2 17 0 17 10 12 12 11
split_gain=3.96986 8.69905 8.30692 12.8839 4.69643 3.5386 8.10574 5.51781 4.98611 3.77667 5.7513 4.99762 1.89761 0.605976
threshold=523.00000000000011 525.00000000000011 0.071185798907707029 0.10504423405452572 1.5000000000000002 5.0678160919540236 4.5000000000000009 36.789181286549713 1250.0000000000002 37.139508290451694 0.059411764705882358 0.20005144032921815 0.05931116292387615 3.8775000000000004
decision_type=10 10 8 10 2 10 2 10 2 10 8 8 8 10
left_child=5 12 4 -4 -3 9 7 -7 -8 11 -11 -1 -2 -14
right_child=1 2 3 -5 -6 6 8 -9 -10 10 -12 -13 13 -15
leaf_value=0 0.019639978578183056 0.0012148798362705943 0.0085639471564546623 -0.001139591957881939 -0.0063718262111457516 -0.0048118591153935505 0.00084073454514453964 0.0017051895334737875 -0.0071318219931396218 0.00087467929985655534 -0.0016397257671765283 0.0055718131013326577 0.0062758307862900067 0
leaf_weight=2443.1784302133601 24.170721328584477 75.159583601169288 212.59072001976892 230.0575298294425 171.55616188980639 107.95139732537791 65.794903225731105 2233.2508452712791 171.99445183528587 972.84500535391271 3577.7322610853007 148.9720371812582 41.24430881626904 27.616005149669945
leaf_count=38791 511 1344 2583 1781 3361 2585 1715 54533 4896 7658 52486 1561 352 373
internal_value=-4.28469e-06 0.00202931 0.000601939 0.00322924 -0.00348648 -0.000184327 0.000743177 0.00133115 -0.00433616 -0.000540488 -0.00106889 0.000329644 0.0105059 0.00415643
internal_weight=10504.1 782.395 689.364 442.648 246.716 9721.72 2578.99 2341.2 237.789 7142.73 4550.58 2592.15 93.031 68.8603
internal_count=174530 10305 9069 4364 4705 164225 63729 57118 6611 100496 60144 40352 1236 725
is_linear=0
shrinkage=0.03


Tree=455
num_leaves=15
num_cat=0
split_feature=9 4 18 12 13 3 13 23 12 13 1 13 12 3
split_gain=3.08385 2.98022 3.25996 3.65133 2.99572 4.72377 3.27979 2.74892 8.11874 3.42286 6.09192 5.72459 2.72019 1.87028
threshold=15.500000000000002 11.500000000000002 3.5000000000000004 0.15940958605664493 0.030917786132437262 2.5000000000000004 0.080496369118052302 4.5000000000000009 0.062964939325665062 0.064877655291183625 7.5000000000000009 0.090466522626999155 0.066535928824699955 1.5000000000000002
decision_type=2 2 2 10 8 2 10 2 8 10 2 10 10 2
left_child=1 4 3 -3 5 -1 -6 9 13 10 -2 -11 -4 -9
right_child=7 2 12 -5 6 -7 -8 8 -10 11 -12 -13 -14 -15
leaf_value=0.0028105587898917378 -0.00051171211436239195 0.0037199251000034346 -0.0043127376965204252 -0.0034729973816908012 0.00080383740999148787 -0.0066629936253902074 -0.00085181490268661599 0 -0.00021157682691747492 0.0013938683924157164 -0.0056894002489365708 -0.0014404265964756621 0.0014244055321592747 -0.0066885268370002852
leaf_weight=39.739289205754176 1147.3536853176774 593.00891383877024 116.64153126697056 45.665959727019072 2341.8510883601848 144.88162152422592 1974.0458316414151 41.349889150355011 755.11428539571352 1530.9799254303798 270.74979181610979 1074.8759944867343 139.86955058621243 315.25664176838472
leaf_count=1206 27515 9016 2924 285 39848 4274 22959 1170 10139 25682 6322 13643 1753 8149
internal_value=-0.000309784 0.000168148 0.00175556 0.0029496 -0.000115905 -0.00381244 1.17351e-05 -0.000840769 -0.00219309 -0.000427667 -0.00162218 0.000166793 -0.000643395 -0.00591319
internal_weight=10531.4 5395.7 895.186 638.675 4500.52 184.621 4315.9 5135.68 1111.72 4023.96 1418.1 2605.86 256.511 356.607
internal_count=174885 82265 13978 9301 68287 5480 62807 92620 19458 73162 33837 39325 4677 9319
is_linear=0
shrinkage=0.03


Tree=456
num_leaves=14
num_cat=0
split_feature=10 20 15 15 10 20 3 12 12 14 14 15 4
split_gain=3.05814 4.6866 8.08489 7.12901 8.67793 6.0122 4.80834 2.91997 5.52613 2.63866 2.38463 3.59518 2.2229
threshold=0.38675213675213682 8.5000000000000018 64.500000000000014 42.500000000000007 0.18301435406698566 11.500000000000002 7.5000000000000009 0.052050821065931584 0.04000762195121952 2.5000000000000004 6.5000000000000009 63.500000000000007 6.5000000000000009
decision_type=10 2 10 10 8 2 2 10 8 8 10 10 2
left_child=1 3 5 4 -1 -3 -4 8 -2 -5 12 -12 -9
right_child=7 2 6 9 -6 -7 -8 10 -10 -11 11 -13 -14
leaf_value=0.00071886851913523285 0 -0.0018244292321586805 -0.0055876302523688252 -0.00010172219096744418 -0.0015915979097027642 0.0016041085778803724 0.00051462778716782369 -0.0034784818749467169 0.018804995895386784 0.0022491715158836985 0 0.01329199086831258 0.0018927576001208793
leaf_weight=2541.892229928053 16.162865565158427 1184.0148498138878 543.32764685573056 452.35596220660955 3263.6081385158468 713.34175641089678 91.654080146690831 111.63506832905114 21.503817688673735 1379.3816150279017 24.070030452683568 26.71490940079093 159.50624529458582
leaf_count=36913 220 19158 11475 4159 54547 11858 1775 847 265 31864 311 345 1148
internal_value=-0.000302161 -0.000411352 -0.00152959 -2.01827e-05 -0.000554415 -0.000455738 -0.0044753 0.00233772 0.0101539 0.00158824 0.000823071 0.00651477 0
internal_weight=10529.2 10169.6 2532.34 7637.24 5805.5 1897.36 634.982 359.593 37.6667 1831.74 321.926 50.7849 271.141
internal_count=174885 171749 44266 127483 91460 31016 13250 3136 485 36023 2651 656 1995
is_linear=0
shrinkage=0.03


Tree=457
num_leaves=12
num_cat=0
split_feature=10 20 20 10 10 14 14 23 14 23 23
split_gain=2.90653 4.40845 7.2404 6.35786 5.84285 7.94399 6.78861 4.12859 2.49933 1.36335 1.90038
threshold=0.38675213675213682 8.5000000000000018 11.500000000000002 0.13840996168582378 0.30217391304347835 12.500000000000002 6.5000000000000009 3.5000000000000004 7.5000000000000009 4.5000000000000009 2.5000000000000004
decision_type=10 2 2 8 8 10 10 2 10 2 2
left_child=1 4 7 -4 6 -6 -1 -3 9 10 -2
right_child=8 2 3 -5 5 -7 -8 -9 -10 -11 -12
leaf_value=4.6851831592147088e-05 0.0014528253073639304 -0.0041739768099271473 -0.0025143240828276806 0.0024406949220910673 -0.00059332219574168162 -0.009059544006805793 0.0031053298395673518 -0.00075613373227059093 0.0085844618071604078 0.0038173822405394189 -0.0039967344502337488
leaf_weight=2954.8286506999284 138.39255341328681 869.03282492072321 357.21811416535638 601.9782292873133 3706.4086245556828 101.31302836805116 874.59085656877141 700.88697710237466 49.236879541538656 89.371450632810593 83.124253196641803
leaf_count=30284 1084 15143 8348 8820 61061 6263 29875 11955 724 675 653
internal_value=-0.000291925 -0.000398804 -0.00148423 0.000436337 -1.89889e-05 -0.000869512 0.000787627 -0.00275058 0.00227857 0.000684948 0
internal_weight=10526.4 10166.3 2529.12 959.196 7637.14 3807.72 3829.42 1569.92 360.125 310.888 221.517
internal_count=174885 171749 44266 17168 127483 67324 60159 27098 3136 2412 1737
is_linear=0
shrinkage=0.03


Tree=458
num_leaves=15
num_cat=0
split_feature=11 11 4 16 1 17 23 9 10 2 11 16 16 10
split_gain=4.14803 4.3029 6.8228 4.19289 3.89536 3.27066 3.57929 3.31937 2.61591 2.25802 2.63189 2.1356 1.05397 0.988266
threshold=6.8588039867109645 6.7158385093167707 7.5000000000000009 21.000000000000004 6.5000000000000009 40.252777777777787 2.5000000000000004 14.500000000000002 0.054299754299754303 1.5000000000000002 9.3385416666666696 3.0000000000000004 -8.9999999999999982 0.19722222222222227
decision_type=8 10 2 8 2 10 2 2 10 2 8 10 8 10
left_child=1 3 -3 4 -1 6 11 -8 -4 12 -11 -2 -7 -5
right_child=5 2 8 13 -6 9 7 -9 -10 10 -12 -13 -14 -15
leaf_value=0.00070588672794974635 -0.00019753560863233299 0 0.019790598085898517 -0.012063149366652785 -0.0010822040475792995 0 0 -0.002274552925404732 0.00012542010348450623 0.0059101269712302958 -0.0035551730403763828 0.0023272912723013074 -0.010417477892649381 0
leaf_weight=4067.3120961240493 1625.8316129453015 50.172904391773045 27.309354924131185 25.826382562052459 1457.2856446285732 6.0983362956903875 1003.2718411430251 1649.8314517461695 28.842124445363879 20.095358176389709 129.74367269675713 349.76253587892279 64.359982589492574 18.250177139416337
leaf_count=49404 32285 1232 557 475 18300 283 18045 36733 718 776 5780 7622 2405 270
internal_value=-0.000282882 0.000246923 0.00611312 0.000102622 0.000206543 -0.000933454 -0.000722036 -0.00144809 0.0129787 -0.0045952 -0.00116715 0.000178476 -0.00933715 -0.00856046
internal_weight=10524 5675 106.324 5568.67 5524.6 4848.99 4628.7 2653.1 56.1515 220.297 149.839 1975.59 70.4583 44.0766
internal_count=174885 70956 2507 68449 67704 103929 94685 54778 1275 9244 6556 39907 2688 745
is_linear=0
shrinkage=0.03


Tree=459
num_leaves=15
num_cat=0
split_feature=11 14 14 10 5 9 15 15 15 14 10 14 15 12
split_gain=3.91529 11.8722 8.72498 8.16697 10.121 6.98981 6.2745 5.83377 5.70843 4.71784 3.71454 2.96502 6.77114 4.10295
threshold=6.8588039867109645 7.5000000000000009 3.5000000000000004 0.059411764705882358 3.5000000000000004 12.500000000000002 63.500000000000007 42.500000000000007 42.500000000000007 3.5000000000000004 1.0000000180025095e-35 1.5000000000000002 112.50000000000001 0.1335014694869068
decision_type=8 10 10 10 2 2 10 10 10 8 8 10 10 10
left_child=1 6 11 4 -3 10 -1 -7 -5 -8 -4 12 -2 -13
right_child=2 3 5 8 -6 7 9 -9 -10 -11 -12 13 -14 -15
leaf_value=0.00017762609961824286 -0.00098403219659574481 0.017081761662616806 0.0066731421568927782 -0.0010347549190235818 0.00067903623068727727 -0.0049232378233027632 -0.0044801439045966483 -0.00082823291074771068 0.0041296064809620983 0 -0.00015167078087556662 0.0024488074631348602 0.008477125041129881 -0.0019453189778904766
leaf_weight=3882.1903348956257 1877.1813429647591 80.164176610298455 79.236685273936018 296.12474942207336 91.583735535852611 924.67869209917262 505.83637600205839 625.79717365303077 399.95916507393122 420.26172315701842 252.09151047607884 815.3774895016104 63.44295877404511 207.67496664449573
leaf_count=38479 34091 1803 2642 7438 2968 29926 5274 23412 9144 5850 5526 6489 765 1078
internal_value=-0.000275164 0.000238774 -0.000907755 0.00347268 0.0094504 -0.00250495 -0.000316741 -0.00337484 0.00172694 -0.00254005 0.00110942 5.83756e-05 -0.000576641 0.00140579
internal_weight=10521.6 5676.12 4845.48 867.832 171.748 1881.8 4808.29 1550.48 696.084 926.098 331.328 2963.68 1940.62 1023.05
internal_count=174885 70956 103929 21353 4771 61506 49603 53338 16582 11124 8168 42423 34856 7567
is_linear=0
shrinkage=0.03


Tree=460
num_leaves=15
num_cat=0
split_feature=2 12 7 11 12 23 1 12 6 16 15 17 17 23
split_gain=3.51163 8.35259 5.02531 5.46825 4.19405 3.70216 5.55531 5.49 4.95724 6.60503 4.23467 3.2525 1.86827 1.15463
threshold=4.5000000000000009 0.035090708030724178 451.00000000000006 4.3380952380952387 0.023643742033745613 6.5000000000000009 6.5000000000000009 0.033902136267508508 53.500000000000007 -2.9999999999999996 96.500000000000014 38.780384615384627 36.998780487804886 1.0000000180025095e-35
decision_type=2 8 10 10 10 2 2 8 2 10 8 10 8 2
left_child=5 4 13 -4 -2 6 10 -8 9 -7 -1 -10 -6 -3
right_child=1 2 3 -5 12 8 7 -9 11 -11 -12 -13 -14 -15
leaf_value=0.001416441916708774 0 0 0.0012242491656670742 -0.0033639658872321719 0 -0.0035975132710326018 0.004223004361723676 -0.0013895408260416167 -0.00096480563749405722 0.004842804717015349 -0.00040080111865881232 -0.0046883264251342139 -0.016279977466250591 -0.0081186729409603794
leaf_weight=4013.5811512450455 21.08307506958954 25.051616191398352 772.29786188295111 326.96752117434517 5.9408938384149215 104.25737902685069 155.45645411964506 1931.2808041295502 976.40403099288233 236.69540480384603 1456.8614069994073 340.87632201728411 53.08063535252586 90.954497820464894
leaf_count=63160 824 675 8719 6969 132 2103 5305 29970 13206 3640 29887 6501 1939 2045
internal_value=-9.81634e-05 -0.00156454 -0.000790689 -1.36934e-05 -0.0108059 9.24277e-05 0.000389205 -0.000890615 -0.00116701 0.00181363 0.000905164 -0.00205588 -0.0146349 -0.00660904
internal_weight=10510.8 1295.38 1215.27 1099.27 80.1046 9215.41 7557.18 2086.74 1658.23 340.953 5470.44 1317.28 59.0215 116.006
internal_count=175075 21303 18408 15688 2895 153772 128322 35275 25450 5743 93047 19707 2071 2720
is_linear=0
shrinkage=0.03


Tree=461
num_leaves=15
num_cat=0
split_feature=13 15 9 0 15 23 18 2 15 10 15 2 0 23
split_gain=4.93655 4.06522 4.03519 7.58149 4.27252 3.93812 4.36705 3.67876 6.47046 5.45484 3.59046 3.49025 3.06709 4.2387
threshold=0.073795651649750979 13.500000000000002 14.500000000000002 1750.0000000000002 12.500000000000002 4.5000000000000009 20.500000000000004 3.5000000000000004 18.500000000000004 0.14760348583878 17.500000000000004 1.5000000000000002 1500.0000000000002 6.5000000000000009
decision_type=8 8 2 2 8 2 2 2 10 8 8 2 2 2
left_child=1 12 3 4 -2 6 -4 8 -3 -9 -5 -7 13 -1
right_child=2 7 5 10 -6 11 -8 9 -10 -11 -12 -13 -14 -15
leaf_value=0.008284729534655819 -0.0078371794696624631 -0.0027222170410205922 0.00026906392590452861 0 0.00020675317981813781 0.00088970775937185055 0.0076806952836716395 -0.0053070578909656238 0.00022223145889602901 -0.00071814425459896744 0.0041451900191275259 -0.0025239833879346614 0 -0.00020114431849621478
leaf_weight=115.72211140138097 57.16937353881076 882.10359293746296 2338.6842949716374 169.34793389798142 995.85597088327631 304.44847986660898 71.949682713951916 425.41669257986359 2476.17706919997 720.76864490960725 866.96356335375458 887.83516786899418 159.9937251994852 37.621792001184076
leaf_count=2164 703 19180 32450 2340 11761 4468 1889 9746 49913 14172 9540 12608 3642 499
internal_value=-9.69437e-05 -0.000815004 0.000484661 0.00153642 -0.000123156 -8.49671e-05 0.000567813 -0.00106863 -0.000509471 -0.00256731 0.00335931 -0.00152694 0.00231937 0.00531487
internal_weight=10510.1 4817.8 5692.25 2089.34 1053.03 3602.92 2410.63 4504.47 3358.28 1146.19 1036.31 1192.28 313.338 153.344
internal_count=175075 99316 75759 24344 12464 51415 34339 93011 69093 23918 11880 17076 6305 2663
is_linear=0
shrinkage=0.03


Tree=462
num_leaves=15
num_cat=0
split_feature=13 14 20 7 23 9 13 23 13 17 1 1 10 13
split_gain=4.67827 4.47401 6.89506 4.71689 4.48168 4.23531 4.65191 3.94613 3.76644 3.34297 3.27569 2.39168 2.31706 5.45214
threshold=0.078452460759610723 3.5000000000000004 3.5000000000000004 481.00000000000006 4.5000000000000009 14.500000000000002 0.081921860237387609 3.5000000000000004 0.036234677572547579 38.601428571428578 6.5000000000000009 2.5000000000000004 0.44949494949494956 0.089779665131103345
decision_type=8 8 2 10 2 2 8 2 10 10 2 2 8 10
left_child=1 2 4 8 -1 12 11 -4 -3 -5 -8 -7 -2 -14
right_child=5 3 7 9 -6 6 10 -9 -10 -11 -12 -13 13 -15
leaf_value=0.0044934483820020486 0.00058332365583856321 -0.0058557922607945885 -0.0023096442683840945 -0.0010198767493296238 0 0 3.1838791726965281e-05 0.00079044015362028425 -0.0017011379149837115 0.0020361076709987697 -0.0021899271202438378 0.0042327209139014031 0 0.0049400671716275883
leaf_weight=461.37943133711815 1034.3716198909096 278.68333264626563 784.39595413673669 1161.8066535729449 293.84725498221815 90.466084748506546 1965.0960471145809 596.45889913104475 1536.786238479428 431.43823219439946 782.43123885383829 303.2205872386694 302.31250723567791 486.12019870150834
leaf_count=3315 12024 12674 8145 23537 2071 1489 26632 5602 42899 12438 10776 4861 3831 4781
internal_value=-9.38431e-05 -0.000704561 0.000315342 -0.00138715 0.00266102 0.000558163 -6.44085e-05 -0.000864309 -0.00243563 -9.47062e-05 -0.000549201 0.00290717 0.00171034 0.00298686
internal_weight=10508.8 5544.8 2136.08 3408.71 755.227 4964.02 3141.21 1380.85 1815.47 1593.24 2747.53 393.687 1822.8 788.433
internal_count=175075 110681 19133 91548 5386 64394 43758 13747 55573 35975 37408 6350 20636 8612
is_linear=0
shrinkage=0.03


Tree=463
num_leaves=15
num_cat=0
split_feature=9 15 20 12 23 3 16 3 15 14 17 23 17 15
split_gain=3.31981 7.76543 5.72719 5.62238 6.02116 5.45616 3.92299 2.65582 4.82526 4.79201 4.27428 2.05926 5.20534 3.01101
threshold=14.500000000000002 54.500000000000007 8.5000000000000018 0.17289439897287759 8.5000000000000018 6.5000000000000009 -2.9999999999999996 6.5000000000000009 69.500000000000014 2.5000000000000004 36.375337837837847 1.0000000180025095e-35 38.733854166666674 126.50000000000001
decision_type=2 10 2 10 2 2 8 2 10 10 8 2 8 10
left_child=1 3 6 4 -1 -4 -3 8 10 -10 -2 12 -9 -13
right_child=7 2 5 -5 -6 -7 -8 11 9 -11 -12 13 -14 -15
leaf_value=1.0462817476285508e-06 0.0059440897207702495 0 -0.0034343415707468313 0.005122159723457205 -0.0042722088093995383 0.0053353332610984938 0.0061972655652342522 -0.0023864880845224832 -0.0054434710205995065 -0.00041118949957567728 0.00010229519578481168 -0.0023850771359095421 0.004810938990188366 0.002569963875361043
leaf_weight=2360.9730554164853 113.74817228550091 124.03072074172087 179.67517405794933 166.31348572857678 323.85764538939111 90.9873459902592 439.18891984131187 203.69113502348773 271.99773083440959 650.23560960171744 3956.8153220702661 1391.3898015660234 146.88823816063814 87.087341614067554
leaf_count=34482 1318 2215 2847 950 4567 1304 6873 2962 3164 17229 69081 22833 3144 2106
internal_value=-9.05414e-05 0.000616668 0.00315956 -7.87698e-05 -0.000465633 0 0.00487947 -0.000494705 -0.000103272 -0.0020785 0.000309436 -0.00147823 0.000232539 -0.00198442
internal_weight=10506.9 3685.03 833.882 2851.14 2684.83 270.663 563.22 6821.85 4992.8 922.233 4070.56 1829.06 350.579 1478.48
internal_count=175075 53238 13239 39999 39049 4151 9088 121837 90792 20393 70399 31045 6106 24939
is_linear=0
shrinkage=0.03


Tree=464
num_leaves=15
num_cat=0
split_feature=9 15 12 17 7 7 15 15 4 12 3 17 12 7
split_gain=3.12989 7.28823 5.28573 4.42699 3.03139 6.07693 4.65488 3.94945 5.39104 4.22218 3.6023 3.02734 3.56051 3.35213
threshold=14.500000000000002 54.500000000000007 0.17289439897287759 39.57817460317461 523.00000000000011 521.00000000000011 13.500000000000002 28.500000000000004 9.5000000000000018 0.092313113243345818 6.5000000000000009 37.598529411764709 0.20005144032921815 465.00000000000006
decision_type=2 10 10 10 10 8 10 10 2 10 2 8 8 8
left_child=1 2 3 -1 5 10 -7 9 -9 -6 -2 13 -13 -3
right_child=4 11 -4 -5 7 6 -8 8 -10 -11 -12 12 -14 -15
leaf_value=-5.9626551044768912e-05 -7.7998409150121831e-05 0.0065842259686093941 0.0049617598001549827 -0.0049601480636691734 0.0019544579441172541 0 -0.013027916103794401 0 0.0090006462901254317 -0.0054286183965974698 -0.0017452792925213435 0.0047573991911672702 -0.0040194569141534381 -0.0018486105320844671
leaf_weight=2505.0509172885213 4560.3788763843477 50.162579847965389 166.69496514461935 178.75255842879415 159.23556493688375 12.501448889030142 57.897953932639211 140.45333457784727 115.28507066238672 104.59510270226747 1668.8928752958309 585.19679874228314 22.388070225715637 178.03786684363149
leaf_count=34699 84419 745 950 4350 2560 225 956 2256 1653 870 28898 10245 194 2055
internal_value=-8.63861e-05 0.000599617 -7.32609e-05 -0.000450425 -0.000479368 -0.000678357 -0.00927485 0.00163086 0.00433177 -0.000461102 -0.000549784 0.0030597 0.00415896 0
internal_weight=10505.5 3686.28 2850.5 2683.8 6819.24 6299.67 70.3994 519.569 255.738 263.831 6229.27 835.785 607.585 228.2
internal_count=175075 53238 39999 39049 121837 114498 1181 7339 3909 3430 113317 13239 10439 2800
is_linear=0
shrinkage=0.03


Tree=465
num_leaves=15
num_cat=0
split_feature=9 15 14 7 4 4 11 2 3 7 14 15 6 11
split_gain=4.85132 4.67954 6.33157 4.44641 3.79383 4.99573 3.77 3.30328 1.47597 1.60469 2.59005 0.539789 0.883184 0.0666615
threshold=9.5000000000000018 18.500000000000004 2.5000000000000004 501.00000000000006 5.5000000000000009 4.5000000000000009 3.3397435897435903 1.5000000000000002 6.5000000000000009 455.00000000000006 2.5000000000000004 13.500000000000002 56.750000000000007 1.7638888888888891
decision_type=2 8 10 10 2 2 8 2 2 10 10 10 2 10
left_child=8 2 3 -2 5 -3 -4 -6 9 13 -11 -10 -13 -1
right_child=1 4 6 -5 7 -7 -8 -9 11 10 -12 12 -14 -15
leaf_value=-0.0018005341053410747 -0.00056370907147545589 -0.00017871817941502764 0.0021315522704406383 0.0053557389732300934 0.0016600234027833003 -0.0033816297747342825 -0.0035846079935404115 0 0.0036594467547255301 0.0096608497101469525 0.00055606423420868163 -0.0042685208904258004 0 0
leaf_weight=13.506110820453616 437.28346644993871 2221.3933264277875 77.814362844452262 137.59559345990419 1484.8707267483696 581.49695503199473 1048.4281492859591 4212.9389993404038 23.415809792932123 90.074967436492443 97.635604611132294 44.403432033024728 19.3931779935956 12.961116134189067
leaf_count=236 3463 39326 576 1030 24753 9952 21268 71078 294 707 1226 453 214 205
internal_value=-0.000161366 -0.000286565 -0.0017204 0.000628382 0 -0.000901464 -0.00304939 0.00044566 0.00352247 0.00483794 0.00584076 0 -0.00123705 0
internal_weight=10503.2 10201.8 1701.12 574.879 8500.7 2802.89 1126.24 5697.81 301.39 214.178 187.711 87.2124 63.7966 26.4672
internal_count=174781 171446 26337 4493 145109 49278 21844 95831 3335 2374 1933 961 667 441
is_linear=0
shrinkage=0.03


Tree=466
num_leaves=15
num_cat=0
split_feature=11 17 1 13 15 12 12 15 17 12 12 17 10 13
split_gain=4.14261 7.1231 5.15365 5.1253 4.5335 4.02189 4.36277 3.63271 6.99584 4.77744 3.55094 2.88425 2.42662 2.36411
threshold=7.0960061443932423 38.598387096774196 6.5000000000000009 0.066941723195819272 314.50000000000006 0.036168327202482808 0.12246670187173621 18.500000000000004 39.050862068965522 0.051090130467629259 0.032865491316195546 37.32247474747475 0.053101503759398504 0.095523672515220814
decision_type=10 10 2 8 10 8 10 8 10 8 10 8 10 8
left_child=4 5 3 -3 7 12 -7 8 -1 -9 -4 -6 -2 -13
right_child=1 2 10 -5 11 6 -8 9 -10 -11 -12 13 -14 -15
leaf_value=-0.00021957115221298042 0.0049625778250670062 -0.006189738965528037 0 0.0018672902913300735 0 -0.0079905787782105792 0.00069559952152582207 0.0018017243891838455 -0.0057112129689546338 -2.5264623923769523e-06 0.010219197850538677 -0.013875006102739118 -0.0052770022796416686 0
leaf_weight=1328.4218862969428 46.632862508064136 112.08865772921126 12.929091793135738 137.93467372260056 21.153455255087465 274.67409769142978 25.645585807971656 1601.0820656730793 259.49859569082037 6531.123721907381 67.093576256418601 40.521805519238114 27.764531830791384 14.528637786395846
leaf_count=15929 2539 6216 877 4653 380 10152 411 40936 5023 81858 2755 1346 1421 285
internal_value=-0.000155144 -0.00236838 0.000445064 -0.00120714 0 -0.00521469 -0.0067583 6.41447e-05 -0.00122629 0.000335152 0.00713886 -0.00705358 0 -0.0105122
internal_weight=10501.1 704.763 330.046 250.023 9796.33 374.717 300.32 9720.13 1587.92 8132.21 80.0227 76.2039 74.3974 55.0504
internal_count=174781 29024 14501 10869 145757 14523 10563 143746 20952 122794 3632 2011 3960 1631
is_linear=0
shrinkage=0.03


Tree=467
num_leaves=14
num_cat=0
split_feature=9 10 4 4 17 2 1 10 7 7 13 3 16
split_gain=4.63582 4.75753 2.92192 8.64954 4.06105 4.94478 4.05263 3.97403 2.7218 2.49676 4.23531 1.13877 0.0338423
threshold=9.5000000000000018 0.084039548022598873 5.5000000000000009 4.5000000000000009 38.834313725490205 1.5000000000000002 1.5000000000000002 0.063164893617021281 523.00000000000011 463.00000000000006 0.088817093785216419 5.5000000000000009 1.0000000180025095e-35
decision_type=2 8 2 2 8 2 2 8 10 10 8 2 10
left_child=1 11 3 6 8 -6 -2 -5 -4 -3 -11 12 -1
right_child=2 9 4 7 5 -7 -8 -9 -10 10 -12 -13 -14
leaf_value=0.00099608460726541585 0.0027936871880048881 0 -0.00067905576761400645 0 0.0032213951721255366 9.2628787495987739e-05 -0.00066155579711283025 -0.0052448148270187516 0.0019700098933050172 0.011090020577702798 0 -0.0059146112448937496 0
leaf_weight=25.697960750665516 339.95439149066806 47.800875267479569 4162.9046421141829 168.49414272501599 694.18842134880833 1610.9249774584314 2340.5635551112937 527.9528250999283 353.19501991360448 106.90064986608922 73.449967635795474 30.6906813448295 17.258506304584444
leaf_count=339 5915 688 59915 3073 14219 34514 40898 8720 4192 1131 548 397 232
internal_value=-0.000151484 0.00344709 -0.000274317 -0.00099834 6.26191e-05 0.00110473 -0.000163107 -0.00397511 -0.00043675 0.00574816 0.00732707 -0.00168637 0
internal_weight=10500 301.799 10198.2 3376.96 6821.21 2305.11 2680.52 696.447 4516.1 228.151 180.351 73.6471 42.9565
internal_count=174781 3335 171446 58606 112840 48733 46813 11793 64107 2367 1679 968 571
is_linear=0
shrinkage=0.03


Tree=468
num_leaves=15
num_cat=0
split_feature=23 12 12 16 9 10 10 15 12 12 7 16 7 7
split_gain=5.95319 6.32885 8.45091 7.22955 5.41809 4.71392 3.99351 3.73864 5.89695 2.7161 2.33919 2.13528 3.82838 1.47888
threshold=1.0000000180025095e-35 0.039414772369317834 0.059622013584152582 1.0000000180025095e-35 9.5000000000000018 0.11215932914046123 0.084039548022598873 18.500000000000004 0.15423450817666493 0.050815353884089302 461.00000000000006 1.0000000180025095e-35 477.00000000000006 459.00000000000006
decision_type=2 10 10 10 2 10 8 8 8 10 10 10 10 10
left_child=1 11 3 -3 6 -4 -2 8 -6 -9 -8 12 -1 -13
right_child=4 2 5 -5 7 -7 10 9 -10 -11 -12 13 -14 -15
leaf_value=-0.0085967836335532205 -0.0011486669725289057 0.010359868981540314 0.0024011164430525235 0 -0.0026067132860843937 -0.0017762447080528494 0 0.00079354969408324699 0.00369558478109221 -0.00061562330976609129 0.0071143274704231468 0.0070575709322268261 0 -0.00063439859134656752
leaf_weight=89.077285567880608 68.116871502250433 190.69129274599254 705.99672788218595 112.92665792698972 1392.4862216892652 326.67788826255128 39.287582424003631 1497.3182453796035 124.88733131391928 5600.9701777982991 175.83580845594406 21.11930901533924 83.519234149716794 69.562178668566048
leaf_count=3796 896 4508 9014 2495 22375 3845 588 42919 983 76709 1631 803 2195 2024
internal_value=-0.0001456 0.00151505 0.0024105 0.0068536 -0.00046163 0.000932898 0.00350934 -0.000611535 -0.00197904 -0.000296905 0.00565828 -0.002431 -0.00444389 0
internal_weight=10498.5 1599.57 1336.29 303.618 8898.9 1032.67 283.24 8615.66 1517.37 7098.29 215.123 263.278 172.597 90.6815
internal_count=174781 28680 19862 7003 146101 12859 3115 142986 23358 119628 2219 8818 5991 2827
is_linear=0
shrinkage=0.03


Tree=469
num_leaves=15
num_cat=0
split_feature=23 13 10 12 9 10 1 11 12 11 12 5 2 3
split_gain=5.59489 6.40402 5.54033 6.65104 5.0504 3.77521 3.59926 5.64284 3.15621 3.12721 3.24675 2.89781 1.87529 1.51211
threshold=1.0000000180025095e-35 0.061859706625547968 0.18301435406698566 0.082294588036658109 9.5000000000000018 0.084039548022598873 5.5000000000000009 5.0923295454545459 0.10937776548672568 7.0960061443932423 0.050815353884089302 4.5000000000000009 3.5000000000000004 1.5000000000000002
decision_type=2 10 10 8 2 8 2 10 10 10 10 2 2 2
left_child=1 6 3 -3 5 -2 8 -8 -1 10 -6 -11 -4 -7
right_child=4 2 12 -5 9 13 7 -9 -10 11 -12 -13 -14 -15
leaf_value=-0.0040461430264625738 -0.0011174048763958368 0.0073129696807162558 -0.0031963784943665691 0.0010156836383362078 0.00072350157673393707 0 -0.00023903211519364084 0.0091180884692251447 0.001735802398933173 -0.0010015247368349849 -0.00073367144904467783 -0.0063252333587327757 0.00174392307745865 0.0063644193697958863
leaf_weight=320.8009326182073 68.062641959637403 359.02466876478866 132.27445918321609 371.85585790220648 1655.4334643335314 24.256066462956369 178.76690043346025 65.782837606500834 70.173466527834535 436.92994858499151 6358.4726985276211 160.87103285384364 102.73955763084814 191.65308501571417
leaf_count=8529 896 7141 1568 3708 39468 274 3714 2114 677 16720 79006 7792 1229 1945
internal_value=-0.000140465 0.00146768 0.00303223 0.00434156 -0.000447481 0.00337841 -0.000681119 0.00180917 -0.00262075 -0.000592935 -0.000413694 -0.00272358 -0.000420357 0.00546789
internal_weight=10497.1 1601.42 965.895 730.881 8895.68 283.972 635.524 244.55 390.974 8611.71 8013.91 597.801 235.014 215.909
internal_count=174781 28680 13646 10849 146101 3115 15034 5828 9206 142986 118474 24512 2797 2219
is_linear=0
shrinkage=0.03


Tree=470
num_leaves=15
num_cat=0
split_feature=4 6 10 12 2 10 17 14 13 13 10 13 12 2
split_gain=5.63488 6.33121 16.5634 14.1521 6.15355 10.718 8.03245 4.26916 4.00563 5.29928 6.12928 3.95728 5.12951 2.68664
threshold=3.5000000000000004 56.750000000000007 0.14760348583878 0.078338660013820588 3.5000000000000004 0.43303571428571436 38.601428571428578 3.5000000000000004 0.067155707764312192 0.081700449704977654 0.16172624237140368 0.041684042257436757 0.054553304036322518 3.5000000000000004
decision_type=2 2 8 10 2 8 10 10 10 10 10 8 10 2
left_child=8 4 7 -4 6 -6 -2 -3 11 10 -10 12 -1 -13
right_child=1 2 3 -5 5 -7 -8 -9 9 -11 -12 13 -14 -15
leaf_value=-0.0081833514646009933 -0.0011657565690257389 -0.0031271742623771594 0.0092710964119569871 0.0014701888324985205 -0.00049740760045045938 0.0041543891055222677 0.0015271938554556443 0.0009004792953830181 -0.0063982009732783257 -0.0004381977614730196 0.00021017732980600982 0.003264365906557036 0.00042507529600070644 -0.00089636918521285552
leaf_weight=87.383422859711573 3447.1575903729536 370.53928928915411 401.33820480667055 553.04630620405078 844.95175634650514 832.96751338988543 1365.4963246982079 558.00561072840355 387.55624050251208 861.052113361191 123.6153926262632 415.41896539111622 104.48726852564141 134.00436621485278
leaf_count=3650 51091 3460 7467 5572 13786 13598 28958 14255 6750 11188 1718 8251 2104 2767
internal_value=0.000259393 0.000620319 0.00215592 0.0049382 0.000150427 0.00172823 -0.000369757 -0.000554234 -0.00109784 -0.00207964 -0.00452296 0.000520353 -0.00284179 0.00198008
internal_weight=10487 8373.5 1882.93 954.385 6490.57 1677.92 4812.65 928.545 2113.52 1372.22 511.172 741.294 191.871 549.423
internal_count=174615 138187 30754 13039 107433 27384 80049 17715 36428 19656 8468 16772 5754 11018
is_linear=0
shrinkage=0.03


Tree=471
num_leaves=15
num_cat=0
split_feature=11 3 11 13 13 18 10 10 17 10 17 17 17 7
split_gain=4.38776 4.28874 5.8714 5.86916 5.23391 4.9626 4.61885 4.51749 1.85289 3.2274 3.12457 2.36995 1.21805 1.02957
threshold=8.7303030303030322 4.5000000000000009 5.0678160919540236 0.13742266922325533 0.18581652884568892 9.5000000000000018 1.0000000180025095e-35 0.26201372997711675 39.267424242424248 0.099180327868852475 36.998780487804886 39.95277777777779 40.905555555555566 449.00000000000006
decision_type=10 2 8 8 10 2 8 10 10 10 10 10 10 10
left_child=1 3 5 7 -5 -3 -4 -1 9 10 -2 13 -13 -10
right_child=8 2 6 4 -6 -7 -8 -9 11 -11 -12 12 -14 -15
leaf_value=-0.00093073792667847945 0 -0.00079357584716897357 0.0041324026832972472 0.0068047086415484754 -0.0047886568895772258 0.0048625033593700517 0.001085613390359992 0.0022334367284729604 0 0 -0.010464939062210616 -0.0092067935036557868 0 0.0075197215152082572
leaf_weight=3910.5771525203018 4.7627703431062391 1929.0061079179868 591.61098913266324 174.51386757940054 24.08601292502135 141.58895621215925 3112.2777602958959 426.02950839884579 4.8531789208063847 20.485092476941645 93.21199979505036 21.562506540445614 6.2029614844359449 28.675953075755388
leaf_count=68317 329 17064 11335 2184 238 1930 57429 4862 453 1006 5676 1545 512 1735
internal_value=0.000251461 0.0003469 0.000895859 -0.000319246 0.00457887 -0.000323758 0.00161763 -0.000583125 -0.00427171 -0.0063886 -0.00878299 0 -0.00593805 0.00503724
internal_weight=10489.4 10309.7 5774.48 4535.21 198.6 2070.6 3703.89 4336.61 179.754 118.46 97.9748 61.2946 27.7655 33.5291
internal_count=174615 163359 87758 75601 2422 18994 68764 73179 11256 7011 6005 4245 2057 2188
is_linear=0
shrinkage=0.03


Tree=472
num_leaves=15
num_cat=0
split_feature=4 23 13 4 23 4 13 13 13 10 13 12 7 13
split_gain=5.15761 5.38548 7.06931 4.69887 4.30568 18.7989 6.92738 3.79509 4.93597 5.80471 3.67782 4.89774 4.60462 3.28472
threshold=3.5000000000000004 1.0000000180025095e-35 0.061859706625547968 11.500000000000002 1.5000000000000002 4.5000000000000009 0.09756754979948723 0.067155707764312192 0.081700449704977654 0.16172624237140368 0.041684042257436757 0.054553304036322518 465.00000000000006 0.046385456172340772
decision_type=2 2 10 2 2 2 8 10 10 10 8 10 10 8
left_child=7 2 13 -4 5 -3 -6 10 9 -9 11 -1 -12 -2
right_child=1 4 3 -5 6 -7 -8 8 -10 -11 12 -13 -14 -15
leaf_value=-0.0079801333189730046 0.0021462900035777452 0.010392738302676329 0.0020226181169961657 0.0075197418480538797 1.5496960624744578e-05 -0.0027432353984378475 0.0025560646042062873 -0.0062142418066038234 -0.00042247424388440464 0.00019487349647482035 -0.0017007590500396855 0.00044002632934341559 0.0038109404887829912 -0.0025484744985056905
leaf_weight=86.658553942572325 238.01190584083088 100.20513147301972 522.83918775850907 274.28965938463807 4675.8819890317973 1035.9841756068636 1254.6447246875614 385.35712062870152 860.67931449506432 123.66220160154626 161.1017273652833 104.44173213443719 389.06300040124916 278.58618896570988
leaf_count=3650 6522 1590 7306 3730 82948 16293 14340 6750 11188 1718 4005 2104 7013 5458
internal_value=0.000244481 0.000589908 0.00236339 0.00413625 0.000237563 -0.00141282 0.000579944 -0.00105411 -0.00201239 -0.00437863 0.000517191 -0.00271948 0.00192601 -9.80413e-05
internal_weight=10491.4 8380.44 1313.73 797.129 7066.72 1136.19 5930.53 2110.96 1369.7 509.019 741.265 191.1 550.165 516.598
internal_count=174615 138187 23016 11036 115171 17883 97288 36428 19656 8468 16772 5754 11018 11980
is_linear=0
shrinkage=0.03


Tree=473
num_leaves=15
num_cat=0
split_feature=4 6 10 17 2 10 17 16 11 11 14 20 13 13
split_gain=4.87386 5.97005 15.4608 7.24245 5.75304 9.98563 7.54635 4.22981 4.04123 6.91893 7.4829 4.39121 4.96555 1.95158
threshold=3.5000000000000004 56.750000000000007 0.14760348583878 39.402000000000008 3.5000000000000004 0.43303571428571436 38.601428571428578 -2.9999999999999996 3.8360215053763445 3.7165178571428577 4.5000000000000009 1.5000000000000002 0.064621240137521754 0.042726222968717205
decision_type=2 2 8 10 2 8 10 8 8 10 8 2 10 8
left_child=8 4 7 -4 6 -6 -2 -3 9 10 -1 13 -13 -10
right_child=1 2 3 -5 5 -7 -8 -9 11 -11 -12 12 -14 -15
leaf_value=-0.0018581392552618912 -0.0011580154251972885 0.0025879569618762325 0.0053246995687207194 -0.0069851945939728467 -0.00050298915354899114 0.0039795641474617014 0.0014481211449423443 -0.0018799350495916681 -0.0033310986804826062 0.013267162190798626 0.0092992270299401547 0 -0.003566148729502081 0.0029599854925388587
leaf_weight=291.41433577053249 3446.4978275992908 240.47946443455294 928.13992389920168 30.565377468243241 845.09819404152222 836.23213270644192 1368.228717827471 688.25877543585375 30.542051922529936 35.620393995195627 61.043842402286828 472.01169153233059 993.79166011884809 224.82448327192105
leaf_count=2114 51091 4878 12181 858 13786 13598 28958 12837 1069 314 688 11978 16506 3759
internal_value=0.000238001 0.000573896 0.00206203 0.00474238 0.00011719 0.00164271 -0.000385558 -0.00055475 -0.00102431 0.00153225 0 -0.00169042 -0.00236594 0.00158194
internal_weight=10492.7 8383.5 1887.44 958.705 6496.06 1681.33 4814.73 928.738 2109.25 388.079 352.458 1721.17 1465.8 255.367
internal_count=174615 138187 30754 13039 107433 27384 80049 17715 36428 3116 2802 33312 28484 4828
is_linear=0
shrinkage=0.03


Tree=474
num_leaves=15
num_cat=0
split_feature=9 23 23 15 15 12 11 11 2 17 17 15 2 2
split_gain=4.28822 4.71564 3.64414 4.76313 3.41119 6.37837 4.60948 3.39401 5.00737 4.81547 3.21666 3.12849 2.57206 2.57116
threshold=15.500000000000002 4.5000000000000009 5.5000000000000009 188.50000000000003 20.500000000000004 0.0622127360355385 7.505319148936171 3.2529069767441867 1.5000000000000002 37.833771929824572 39.895833333333343 17.500000000000004 1.5000000000000002 2.5000000000000004
decision_type=2 2 2 10 10 10 8 10 2 10 10 10 2 2
left_child=7 4 3 -3 5 -2 -6 10 9 -9 13 -10 -12 -1
right_child=1 2 -4 -5 6 -7 -8 8 11 -11 12 -13 -14 -15
leaf_value=0.00092109623482127337 0.0039033973814118802 -0.003416504777377689 0.0012139950229349689 0.00802678935186984 0.0002766428002894229 -0.00011215605069852542 -0.0023469064150492399 -0.00091767375104773901 -0.0027936982904039048 0.0034821285311802735 0.0008968865101255521 0 -0.0056581034032627681 0.003153911084209413
leaf_weight=1366.7771233858075 525.13662872405257 893.51542718079872 179.61680148122832 21.972794255474582 1748.0533092324622 880.58542896411382 858.42572870838922 274.4763897578232 487.20070006884634 621.2185066640377 53.122065852861851 1488.971023848746 88.809927888447419 1006.6692402155604
leaf_count=17779 14588 15352 3381 633 26225 11027 21271 3921 7920 10622 1547 24733 2739 12877
internal_value=0.000230822 -0.00037176 -0.00211721 -0.00293679 6.93519e-05 0.00129013 -0.000532805 0.000829725 6.89925e-05 0.00196971 0.0016369 -0.000719586 -0.0022368 0.00193582
internal_weight=10494.6 5107.31 1095.11 915.488 4012.2 1405.72 2606.48 5387.24 2871.87 895.695 2515.38 1976.17 141.932 2373.45
internal_count=174615 92477 19366 15985 73111 25615 47496 82138 47196 14543 34942 32653 4286 30656
is_linear=0
shrinkage=0.03


Tree=475
num_leaves=15
num_cat=0
split_feature=17 5 9 0 8 6 10 17 13 12 8 12 17 12
split_gain=5.95285 5.50657 3.39729 3.47748 3.69277 2.96676 4.71583 3.99066 2.4321 2.46133 1.9921 0.816439 1.13271 0.791895
threshold=39.533974358974369 6.5000000000000009 10.500000000000002 1500.0000000000002 1.5000000000000002 56.250000000000007 0.38675213675213682 35.967261904761912 0.067543036766400069 0.15940958605664493 1.0000000180025095e-35 0.04918413145182763 39.803571428571438 0.055125974467287904
decision_type=10 2 2 2 2 2 10 8 8 10 2 8 10 10
left_child=1 5 11 10 -5 7 -7 -1 13 -10 -4 -2 -13 -3
right_child=2 8 3 4 -6 6 -8 -9 9 -11 -12 12 -14 -15
leaf_value=0.0076612477275659714 0 -0.0043084275562555226 0.003203271081891152 -0.0057297296601609643 0 0.00084896149360876342 0.0073281181286901009 -5.6419340777019982e-05 -0.010272628557354377 0 -0.0032500479027043326 0 0.0089717749334672324 0.0026753113595127452
leaf_weight=55.791568249464035 11.03937166277319 20.066979030147195 96.187693226383999 417.42259234434459 97.782009680639021 2090.2221464829054 111.13125314563513 7361.4312791140983 79.267661754274741 6.3618749193847171 66.439935429487377 14.375159238465129 24.690406515263021 29.565903194714338
leaf_count=480 322 1346 3938 11256 2670 32628 930 113640 2901 92 2702 194 406 1152
internal_value=0 0.000193309 -0.00261001 -0.00329529 -0.00450222 0.000294061 0.0012599 0 -0.00565687 -0.00858353 0 0.0033963 0.00557671 0
internal_weight=10481.8 9753.84 727.937 677.832 515.205 9618.58 2201.35 7417.22 135.262 85.6295 162.628 50.1049 39.0656 49.6329
internal_count=174657 153169 21488 20566 13926 147678 33558 114120 5491 2993 6640 922 600 2498
is_linear=0
shrinkage=0.03


Tree=476
num_leaves=15
num_cat=0
split_feature=17 5 14 16 15 10 13 10 15 15 1 13 15 13
split_gain=5.58791 5.20047 5.8543 3.76841 4.83386 4.7354 2.89577 2.83266 2.80229 3.83812 2.65372 1.2477 1.33622 0.725267
threshold=39.533974358974369 6.5000000000000009 15.500000000000002 7.0000000000000009 27.500000000000004 0.10102040816326532 0.081921860237387609 0.37797619047619052 14.500000000000002 41.500000000000007 1.5000000000000002 0.10909953424184925 20.500000000000004 0.06668504226387359
decision_type=10 2 10 8 10 8 8 10 8 10 2 10 10 8
left_child=1 2 7 4 6 -6 -2 -1 13 -10 -4 12 -5 -3
right_child=3 8 10 11 5 -7 -8 -9 9 -11 -12 -13 -14 -15
leaf_value=0.00010213291768302951 -0.0011654921277477028 0.0077367760833482449 0 0 0.0065458465135229292 -0.0010071378532280643 -0.0083338633966874992 0.00284515254792936 -0.012397269693282543 0 0.014723945963090396 0 -0.010632529951202573 0
leaf_weight=9227.8790999139892 222.15327316336334 5.9271694018971148 4.7758319461718193 6.5826411708258084 95.509233121294528 212.82257102336735 104.7387030844111 355.93771508801728 61.450691177276894 59.832072717603296 31.787144676782191 8.3521289909258467 76.049466830445454 7.3009344809688637
leaf_count=143011 6255 269 194 202 3104 7171 1889 3074 2259 2700 1399 182 2685 263
internal_value=0 0.000187796 0.000285888 -0.00253122 -0.00139131 0.000920879 -0.0040052 0.000221081 -0.00551153 -0.00731574 0.011594 -0.00843992 -0.00953076 0.000270588
internal_weight=10481.1 9754.89 9620.38 726.208 635.224 308.332 326.892 9583.82 134.511 121.283 36.563 90.9842 82.6321 13.2281
internal_count=174657 153169 147678 21488 18419 10275 8144 146085 5491 4959 1593 3069 2887 532
is_linear=0
shrinkage=0.03


Tree=477
num_leaves=15
num_cat=0
split_feature=17 16 16 6 11 18 11 12 17 12 16 6 12 12
split_gain=5.32167 3.55539 2.85944 3.66738 2.96043 2.38089 7.97832 6.93695 6.27789 4.49236 7.35322 3.86317 1.77348 1.97204
threshold=39.533974358974369 7.0000000000000009 1.0000000180025095e-35 56.750000000000007 8.2034482758620708 5.5000000000000009 3.3397435897435903 0.080192362795162439 36.645993589743597 0.072994013076218459 -6.9999999999999991 54.250000000000007 0.043872559098546517 0.094112045174491774
decision_type=10 8 10 2 8 2 8 8 8 10 8 2 8 10
left_child=5 2 3 -2 -4 9 7 -7 -8 10 -1 -11 -3 -14
right_child=1 12 4 -5 -6 6 8 -9 -10 11 -12 -13 13 -15
leaf_value=0.0055990751713327616 -0.0013812901178387501 0 0.0057163942020632607 -0.011090889046179301 -0.00094284428430917362 0 -0.0075299227509668613 0.013383977116510952 0.00088583788159299077 -0.0023609314476416869 0.00027220350845310427 -0.000160126036713853 -0.013492397446008974 0
leaf_weight=255.07778728124686 391.89192997000646 19.381155143957585 80.771401382051408 44.188661572989076 117.82153043337166 59.776077622547746 75.625354833900928 80.702483203262091 2028.3269204959506 1016.01032806281 3213.2994271686766 3027.2211942635477 49.129302627639845 21.773165881168097
leaf_count=5550 11513 1154 1543 1259 4104 594 1455 541 42759 10413 61561 30296 1594 321
internal_value=0 -0.00247305 -0.00135892 -0.00281982 0.0011027 0.0001825 0.00104259 0.00791277 0.000495078 -5.50575e-05 0.000714644 -0.000752445 -0.00824856 -0.010317
internal_weight=10481 724.957 634.674 436.081 198.593 9756.04 2244.43 140.479 2103.95 7511.61 3468.38 4043.23 90.2836 70.9025
internal_count=174657 21488 18419 12772 5647 153169 45349 1135 44214 107820 67111 40709 3069 1915
is_linear=0
shrinkage=0.03


Tree=478
num_leaves=15
num_cat=0
split_feature=17 5 16 15 10 9 15 15 10 15 10 12 12 0
split_gain=5.09054 4.93122 3.39042 4.59951 4.43085 3.87201 2.71289 3.65778 2.53835 7.02652 2.48549 1.70761 1.88159 0.100942
threshold=39.533974358974369 6.5000000000000009 7.0000000000000009 27.500000000000004 0.10102040816326532 10.500000000000002 14.500000000000002 41.500000000000007 0.37797619047619052 41.500000000000007 0.18301435406698566 0.043872559098546517 0.094112045174491774 1650.0000000000002
decision_type=10 2 8 10 8 2 8 10 10 10 10 8 10 2
left_child=1 8 3 5 -5 -2 13 -8 10 -10 -1 -4 -13 -3
right_child=2 6 11 4 -6 -7 7 -9 9 -11 -12 12 -14 -15
leaf_value=0.00039725842278248681 0.0040895721134728254 0.0028100662674957018 0 0.0063417954024303069 -0.00093406519333815048 -0.0051122517349185071 -0.012182586956637253 0 -0.0016236070836137524 0.0062623886135335562 -0.00088639567675725473 -0.013269862722716803 0 0
leaf_weight=7665.5461290456587 25.426373183261603 6.5888370187021774 19.381155143957585 95.995319657260552 212.35105301020667 300.31713250942994 60.765049795852974 59.836320883594453 141.29237796645612 216.96647073607892 1599.9149062084034 48.547342392615974 21.773165881168097 6.6837760047055781
leaf_count=124642 477 256 1154 3104 7171 7667 2259 2700 1184 1926 19926 1594 321 276
internal_value=0 0.000177129 -0.00242201 -0.00132838 0.000917424 -0.0038895 -0.00538534 -0.00717639 0.000272842 0.00275979 0.000159064 -0.00809051 -0.0101343 0.000190496
internal_weight=10481.4 9757.59 723.792 634.09 308.346 325.744 133.874 120.601 9623.72 358.259 9265.46 89.7017 70.3205 13.2726
internal_count=174657 153169 21488 18419 10275 8144 5491 4959 147678 3110 144568 3069 1915 532
is_linear=0
shrinkage=0.03


Tree=479
num_leaves=15
num_cat=0
split_feature=17 14 7 11 18 8 23 23 17 15 1 12 12 12
split_gain=4.81175 4.06804 2.65981 2.60361 2.34942 2.02042 2.53005 2.54225 1.66824 1.61063 1.48196 2.76606 0.866124 0.529206
threshold=39.533974358974369 15.500000000000002 409.00000000000006 4.253571428571429 1.5000000000000002 1.5000000000000002 5.5000000000000009 1.0000000180025095e-35 38.598387096774196 26.500000000000004 2.5000000000000004 0.045979680851631781 0.041974399534537001 0.082294588036658109
decision_type=10 10 10 10 2 2 2 2 10 10 2 10 10 10
left_child=1 2 8 -3 -4 6 7 -2 -1 -5 12 -12 -7 -8
right_child=5 3 4 9 -6 10 13 -9 -10 -11 11 -13 -14 -15
leaf_value=-0.010860561641915106 0 0 -0.00017685715943459835 0 0.00077963830080873245 0 -0.00088230548911396114 -0.0057031781077752086 0 0.01533273257825599 0.0053862189912794855 -0.0042789721473377972 0.0085028695972527747 0.0030082681035126539
leaf_weight=26.988257771823555 108.95109440234955 6.9916932736523441 6119.7316714990884 4.5338687540497657 3567.3644981000107 6.6641030844766673 119.83885111263953 315.63636269094422 5.9386943168938151 27.381503221811727 25.309245613636449 85.529984346125275 23.573720464948565 36.891354723833501
leaf_count=1485 3228 357 93777 262 55805 328 3746 9796 357 1126 1288 1968 592 542
internal_value=0 0.000170829 0.000113977 0.00932728 0.000160125 -0.00235835 -0.00316251 -0.00435326 -0.00773922 0.012921 0 -0.000639879 0.00604188 0
internal_weight=10481.3 9758.93 9720.02 38.9071 9687.1 722.395 581.318 424.587 32.927 31.9154 141.077 110.839 30.2378 156.73
internal_count=174657 153169 151424 1745 149582 21488 17312 13024 1842 1388 4176 3256 920 4288
is_linear=0
shrinkage=0.03


Tree=480
num_leaves=7
num_cat=0
split_feature=11 7 7 18 17 12
split_gain=4.07825 3.83721 3.07496 5.35647 4.11889 0.377242
threshold=11.205263157894739 399.00000000000006 477.00000000000006 25.000000000000004 38.925462962962975 0.091058353851375756
decision_type=10 10 10 2 8 10
left_child=1 -1 4 -4 -3 -2
right_child=5 2 3 -5 -6 -7
leaf_value=-0.012545495833628613 -0.012736978744456231 -0.0010204639448402775 0.00082535870719579985 -0.0051626598619133393 0.00085949158660052964 0
leaf_weight=15.95404517627321 18.900531635503288 3026.8003525531385 5788.1003260426223 126.75459644035436 1526.2256845296361 1.8528229049406935
leaf_count=943 2156 47482 81440 3461 39026 77
internal_value=0.000124523 0.000167849 0.000207528 0.000667446 -0.000357121 -0.0117207
internal_weight=10504.6 10483.8 10467.9 5914.85 4553.03 20.7534
internal_count=174585 172352 171409 84901 86508 2233
is_linear=0
shrinkage=0.03


Tree=481
num_leaves=7
num_cat=0
split_feature=11 7 13 23 13 17
split_gain=3.91962 3.69472 3.73397 6.20282 5.18049 0.0422585
threshold=11.205263157894739 399.00000000000006 0.083045973594612701 4.5000000000000009 0.072888161475770444 37.967156862745107
decision_type=10 10 8 2 10 10
left_child=1 -1 4 -4 -3 -2
right_child=5 2 3 -5 -6 -7
leaf_value=-0.012367277247033895 0 0.00010283075615905218 0.00037878259405075903 -0.001999436198970661 0.0020534407074802143 -0.012192284901082541
leaf_weight=15.773240764508953 2.3757186271250275 4648.3866435161326 2521.685917198658 1544.1766619593836 1755.3649332546629 18.144476641202345
leaf_count=943 217 94305 31766 18988 26350 2016
internal_value=0.00011905 0.000161671 0.000200762 -0.000488942 0.000662113 -0.0115466
internal_weight=10505.9 10485.4 10469.6 4065.86 6403.75 20.5202
internal_count=174585 172352 171409 50754 120655 2233
is_linear=0
shrinkage=0.03


Tree=482
num_leaves=15
num_cat=0
split_feature=7 13 13 13 23 15 13 7 23 15 15 14 16 6
split_gain=3.5978 6.58872 5.57785 9.91857 8.58208 6.6691 5.27692 4.66431 4.39633 7.19128 5.51119 3.10117 3.32854 2.95705
threshold=477.00000000000006 0.032712828300329198 0.083045973594612701 0.077589619679471436 4.5000000000000009 13.500000000000002 0.1100354862490785 495.00000000000006 5.5000000000000009 83.500000000000014 33.500000000000007 3.5000000000000004 -2.9999999999999996 55.750000000000007
decision_type=10 10 10 8 2 10 10 10 2 10 8 10 8 2
left_child=1 11 3 13 7 -5 -6 -4 9 -3 -10 12 -1 -2
right_child=2 8 4 5 6 -7 -8 -9 10 -11 -12 -13 -14 -15
leaf_value=0.0073020441411612205 -0.00052744565342550454 -0.00016313141853307095 0.0028908816327850454 0 -0.0044490307715229719 0.006382709944873821 7.3252786562661638e-05 -0.00037337109180920374 -0.00026706292751084486 -0.004775886598481674 0.0038359927523317805 -0.0075008608694538854 -0.0030440311048487187 0.0013713038966871375
leaf_weight=24.365367647260427 1143.9672823259607 2809.7848994224332 606.57968592387624 148.4175523002632 597.20697352988645 505.26725661777891 275.28220862522721 930.62947794888169 578.63690859684721 348.67332491022535 489.64682301576249 167.17826472828165 160.2511302572675 1721.2176093140151
leaf_count=250 20382 50757 7248 2133 7161 6891 2691 10133 7529 8447 10114 7716 3971 29162
internal_value=0.000114637 -0.000498911 0.000613772 0.00138538 -0.000451418 0.00473784 -0.00285896 0.00082263 -0.000131551 -0.00072651 0.00148292 -0.00442856 -0.000730962 0.000561341
internal_weight=10507.1 4578.54 5928.57 3518.87 2409.7 653.685 872.489 1537.21 4226.74 3158.46 1068.28 351.795 184.616 2865.18
internal_count=174585 88784 85801 58568 27233 9024 9852 17381 76847 59204 17643 11937 4221 49544
is_linear=0
shrinkage=0.03


Tree=483
num_leaves=6
num_cat=0
split_feature=11 7 10 15 14
split_gain=3.76376 3.54856 3.30641 5.43094 4.24013
threshold=11.205263157894739 399.00000000000006 1.0000000180025095e-35 26.500000000000004 7.5000000000000009
decision_type=10 10 8 8 10
left_child=1 -1 4 -4 -3
right_child=-2 2 3 -5 -6
leaf_value=-0.012183881783220489 -0.011374922829655999 0.00059097234033109213 -0.0012032631912135023 0.00044023628212667108 0.0044964673024642764
leaf_weight=15.589641433209179 20.29487674171105 1920.3100801967084 2651.0616004022304 5586.6587993181311 314.30335368355736
leaf_count=943 2233 21733 37552 98031 14093
internal_value=0.000109449 0.000151377 0.000189862 -7.08856e-05 0.00121608
internal_weight=10508.2 10487.9 10472.3 8237.72 2234.61
internal_count=174585 172352 171409 135583 35826
is_linear=0
shrinkage=0.03


Tree=484
num_leaves=9
num_cat=0
split_feature=7 13 12 23 12 23 12 16
split_gain=3.44045 3.13043 7.45952 7.93623 6.12549 8.40169 5.85639 4.57408
threshold=399.00000000000006 0.083045973594612701 0.1159151483905589 4.5000000000000009 0.1159151483905589 5.5000000000000009 0.12808140361765127 11.000000000000002
decision_type=10 8 8 2 10 2 8 8
left_child=-1 4 3 -3 5 -2 -4 -6
right_child=1 2 6 -5 7 -7 -8 -9
leaf_value=-0.012088932242601247 -0.000522498657057631 0.0016284553451596248 -0.0082987288549037433 -0.0015559313506567673 0.0015417998711060824 0.002181854850599998 -0.0015133910676910169 0.007341878989671243
leaf_weight=15.508226211532017 4044.4385901062051 1718.1043210988864 144.58589396253228 1159.8452489133924 836.63986569643021 1372.3418629772495 1045.1063164961524 172.95209976751357
leaf_count=969 88093 25250 1397 16158 7158 25735 8216 1609
internal_value=0.000105429 0.000143486 -0.000487893 0.00029261 0.000566516 0.000136364 -0.00249486 0.00271453
internal_weight=10509.5 10494 4067.64 2877.95 6426.37 5416.78 1189.69 1009.59
internal_count=174585 173616 51021 41408 122595 113828 9613 8767
is_linear=0
shrinkage=0.03


Tree=485
num_leaves=15
num_cat=0
split_feature=23 7 13 9 17 11 11 15 18 5 17 3 17 17
split_gain=3.89665 4.87637 5.23529 4.39969 5.84495 6.24502 4.29891 4.01633 3.86264 3.1041 2.89797 4.68794 3.63914 1.98323
threshold=1.0000000180025095e-35 451.00000000000006 0.040171902840735997 15.500000000000002 37.044636015325672 4.9245014245014254 6.5633012820512828 96.500000000000014 1.5000000000000002 2.5000000000000004 38.86770833333334 6.5000000000000009 36.789181286549713 38.821980676328508
decision_type=2 10 10 2 8 10 8 10 2 2 10 2 8 10
left_child=1 9 8 10 5 -5 -4 -6 -3 -1 12 -12 -2 -11
right_child=3 2 6 4 7 -7 -8 -9 -10 13 11 -13 -14 -15
leaf_value=0.0020388699219256842 -0.0025979367261004379 -0.0060531444025562469 0.00052952354332572128 0.0031885060446937181 -0.0012769849968523261 -0.0036105082607174265 0.0044021069853882608 -0.0049224769158260247 0.0013686622301888238 -0.0071289338737020877 0 -0.0043465216622453843 0.00080717709465974734 0
leaf_weight=37.215284967795014 284.75345664168708 115.3446542667225 616.89983861288056 472.77401942806318 2997.5637388672912 141.69991120649502 616.02727973158471 341.85571418819018 78.066571338567883 117.33349318569526 683.27112251985818 303.79030390479602 3678.0108692448121 30.668868438689969
leaf_count=1239 3125 2855 7448 4753 54339 3397 10864 8651 1933 3237 14488 6102 51579 1253
internal_value=-0.000178939 0.00115117 0.00181534 -0.000437036 -0.00118667 0.001362 0.00259558 -0.00170183 -0.00234248 -0.00308819 0.000132086 -0.00127574 0.000521725 -0.00538226
internal_weight=10515.3 1611.56 1426.34 8903.72 3953.89 614.474 1232.93 3339.42 193.411 185.218 4949.83 987.061 3962.76 148.002
internal_count=175263 28829 23100 146434 71140 8150 18312 62990 4788 5729 75294 20590 54704 4490
is_linear=0
shrinkage=0.03


Tree=486
num_leaves=15
num_cat=0
split_feature=23 12 10 7 23 12 17 7 23 7 12 17 1 3
split_gain=3.68623 8.12176 5.43288 4.50137 4.1963 7.34053 4.81987 9.55006 4.61266 3.94754 3.6496 3.51842 2.6841 1.70237
threshold=1.0000000180025095e-35 0.025320183089561809 0.064866760168302964 489.00000000000006 5.5000000000000009 0.1028739979480759 37.650714285714294 493.00000000000006 8.5000000000000018 451.00000000000006 0.11968294521695429 38.033974358974369 7.5000000000000009 6.5000000000000009
decision_type=2 10 10 10 2 8 10 10 2 10 8 10 2 2
left_child=1 3 9 12 6 8 10 -8 -6 -3 -2 -7 -1 -4
right_child=4 2 13 -5 5 11 7 -9 -10 -11 -12 -13 -14 -15
leaf_value=-0.012997593264599474 -0.00060076575409667319 -0.00071235994763636941 -0.0015423686132925725 0 0.0022355069224630009 -0.005350208387545706 -0.0027917972680740729 0.0003976925049350372 -0.001455541008298276 0.0040184219943362916 0.0016654479033589881 0 0 0.0018770696745388353
leaf_weight=60.674876080360264 2310.1046453728341 132.44169297721237 410.91394507745281 35.401632735040039 1533.1168678798713 222.22468441817909 2196.0632706395118 1248.3041686317883 324.77671705069952 801.73834206187166 877.9574860651046 188.00873492704704 7.6684992781374595 163.92148792184889
leaf_count=2285 39873 3985 6475 952 27575 1822 43762 19128 5256 12472 7240 1778 354 2306
internal_value=-0.000173556 0.00111888 0.00176319 -0.00652368 -0.000425082 0.000651622 -0.0008161 -0.00159348 0.00150758 0.00318779 0 -0.00283515 -0.0108783 -0.000300801
internal_weight=10513.3 1612.76 1509.02 103.745 8900.56 2268.13 6632.43 3444.37 1857.89 934.18 3188.06 410.233 68.3434 574.835
internal_count=175263 28829 25238 3591 146434 36431 110003 62890 32831 16457 47113 3600 2639 8781
is_linear=0
shrinkage=0.03


Tree=487
num_leaves=14
num_cat=0
split_feature=9 4 11 16 15 16 6 2 10 3 15 3 16
split_gain=3.434 2.76867 7.13762 6.21336 5.49422 6.04378 5.51953 3.01122 1.90964 1.12761 1.28962 0.969625 0.469247
threshold=9.5000000000000018 5.5000000000000009 5.1348484848484857 -1.0000000180025095e-35 84.500000000000014 11.000000000000002 56.750000000000007 1.5000000000000002 0.084039548022598873 1.5000000000000002 19.500000000000004 5.5000000000000009 1.0000000180025095e-35
decision_type=2 2 8 10 10 10 2 2 8 2 8 2 10
left_child=8 2 3 -2 6 -6 -3 -4 11 -10 -11 12 -1
right_child=1 4 7 -5 5 -7 -8 -9 9 10 -12 -13 -14
leaf_value=0.0039907702826902335 -0.001796195056382943 -5.0027052458130688e-05 -0.0039491937783702157 0.0024588006500872429 -0.0034989538934765492 0.0024026224375739403 0.0021463994748074822 -0.0011875519428753134 0 0 0.006098692752047251 -0.0048520748150428184 0
leaf_weight=25.413650057744235 471.45358732109889 4705.7689096301328 608.90498273284175 776.30318837659433 687.95550593140069 166.60713343624957 1271.9453717388678 1516.7281859669602 24.490079420618713 37.417725354898721 169.83662616508082 29.431551887188107 19.389841533731669
leaf_count=327 4705 75516 12912 7754 14353 3521 19680 33434 272 432 1715 388 254
internal_value=-0.000168566 -0.000276519 -0.00098162 0.000730601 5.01452e-05 -0.00216658 0.000393662 -0.00205646 0.00289631 0.00427536 0.00501687 0 0.00111622
internal_weight=10511.6 10205.7 3373.39 1247.76 6832.28 854.563 5977.71 2125.63 305.979 231.744 207.254 74.235 44.8035
internal_count=175263 171875 58805 12459 113070 17874 95196 46346 3388 2419 2147 969 581
is_linear=0
shrinkage=0.03


Tree=488
num_leaves=10
num_cat=0
split_feature=5 12 7 12 11 0 7 7 11
split_gain=3.26036 3.12328 2.81214 2.78852 5.40118 2.43031 2.31739 1.62953 0.00237609
threshold=6.5000000000000009 0.15124207175899079 585.00000000000011 0.026909005449764354 5.9888888888888898 2050.0000000000005 467.00000000000006 533.00000000000011 6.546536796536798
decision_type=2 8 8 8 10 2 8 10 10
left_child=2 6 3 4 -1 -5 8 -8 -2
right_child=1 -3 -4 5 -6 -7 7 -9 -10
leaf_value=-0.0047111408703074112 0.0003620570404939212 0.0025173960083114243 -0.012100990024227331 0.00013966986948106262 0.0022545147385630501 -0.0023346789390749335 -0.0096108001304942587 0 0
leaf_weight=301.10829005506821 11.313656403915955 13.255039882846175 12.633254588348789 9586.2557241269387 112.07018080109265 363.94116354105063 96.593212642706931 8.1838985416106862 4.5548390061594537
leaf_count=9006 424 249 371 149943 5017 5463 4148 317 325
internal_value=-0.000163896 -0.00475187 -8.79792e-05 -5.30394e-05 -0.00245872 3.29728e-05 -0.00681276 -0.00849246 0
internal_weight=10509.9 133.901 10376 10363.4 413.178 9950.2 120.646 104.777 15.8685
internal_count=175263 5463 169800 169429 14023 155406 5214 4465 749
is_linear=0
shrinkage=0.03


Tree=489
num_leaves=15
num_cat=0
split_feature=23 12 23 12 17 20 23 0 20 0 20 14 6 14
split_gain=3.4544 7.52432 3.96346 6.95247 4.53928 5.84786 4.36904 4.02834 3.2261 3.15716 3.11427 4.17802 4.0261 1.72465
threshold=1.0000000180025095e-35 0.025320183089561809 5.5000000000000009 0.1028739979480759 37.433974358974368 1.5000000000000002 8.5000000000000018 1650.0000000000002 7.5000000000000009 1650.0000000000002 4.5000000000000009 9.5000000000000018 56.750000000000007 5.5000000000000009
decision_type=2 10 2 8 8 2 2 2 2 2 2 10 2 8
left_child=1 8 4 6 9 -6 -4 -5 13 -2 11 -3 -12 -1
right_child=2 10 3 7 5 -7 -8 -9 -10 -11 12 -13 -14 -15
leaf_value=0 -5.0088561941721622e-05 0.0039916577826427978 0.0021835429850913268 -0.0071723671665160109 0.00086303403878179022 -0.0017324132198494289 -0.0014029705233712037 -0.00016839343198103322 0 0.0030662978677106641 -0.00107843806749182 -0.004831583582656139 0.003084865121346344 -0.012438413657566188
leaf_weight=23.992022596299648 1302.979635728756 624.47193831461482 1534.9739235984161 126.29456938244402 877.50287672388367 4101.7760540188756 324.28775507584214 283.16689444426447 27.480131119955331 343.83440231229179 534.61877638963051 33.166052781161852 318.4745334291365 51.333735646214336
leaf_count=340 16894 9298 27575 1120 15779 73388 5256 2480 915 3942 8589 2022 5329 2336
internal_value=-0.000159036 0.00109141 -0.000403209 0.000642295 -0.000784017 -0.00124451 0.00147545 -0.00275108 -0.00628609 0.000517077 0.00171149 0.00328722 0.000309908 -0.00944351
internal_weight=10508.4 1613.54 8894.82 2268.72 6626.09 4979.28 1859.26 409.461 102.806 1646.81 1510.73 657.638 853.093 75.3258
internal_count=175263 28829 146434 36431 110003 89167 32831 3600 3591 20836 25238 11320 13918 2676
is_linear=0
shrinkage=0.03


Tree=490
num_leaves=14
num_cat=0
split_feature=20 11 13 11 13 0 13 23 10 11 14 11 4
split_gain=6.02702 4.89785 9.67739 3.78868 7.85331 8.06487 7.76305 6.46855 4.34887 3.73519 2.46733 8.68976 2.07444
threshold=2.5000000000000004 3.2529069767441867 0.078743491102562235 4.6267857142857158 0.057326722982638426 2250.0000000000005 1.0000000180025095e-35 3.5000000000000004 0.095695970695970703 4.6708333333333343 8.5000000000000018 8.1695402298850599 14.500000000000002
decision_type=2 8 8 10 8 2 10 2 10 10 10 8 2
left_child=1 2 -1 4 7 -6 8 -2 -5 -8 12 -12 -3
right_child=3 10 -4 6 5 -7 9 -9 -10 -11 11 -13 -14
leaf_value=0.013713000296298147 -0.0055786439516376145 0.0016497870983690759 -0.00060022594583182499 0.022262774590508721 -0.00034669751759268039 0.011931283207281443 0.0061592662800096874 0 0 0.00013584195001840107 0.0088840560234081916 -0.0056244337243411373 -0.0011131339198492656
leaf_weight=78.205689769238234 492.88763151806779 2237.0498224219773 48.904818940907717 18.221538301324475 3864.4379399118479 43.397499099373817 93.859945759642869 317.21094217989594 7.5217692009173325 2922.2624093423365 38.320174385793507 155.85232983576134 204.27663891995326
leaf_count=454 9399 33075 267 534 43892 449 1102 5646 184 66238 1236 9527 3029
internal_value=0.000201616 0.00141088 0.00725638 -0.000210213 -0.000756317 -0.00015694 0.000587415 -0.00344493 0.015718 0.000382821 0.00105893 -0.0018569 0.00135548
internal_weight=10522.4 2762.61 127.111 7759.8 4717.93 3907.84 3041.87 810.099 25.7433 3016.12 2635.5 194.173 2441.33
internal_count=175032 47588 721 127444 59386 44341 68058 15045 718 67340 46867 10763 36104
is_linear=0
shrinkage=0.03


Tree=491
num_leaves=15
num_cat=0
split_feature=20 15 10 17 15 3 10 7 1 18 15 15 15 7
split_gain=5.64728 3.4064 6.14088 7.16901 4.5774 3.40375 3.42334 4.11292 3.2677 3.11795 2.87973 2.7619 2.50097 2.35378
threshold=2.5000000000000004 153.50000000000003 0.19722222222222227 38.033974358974369 133.50000000000003 3.5000000000000004 0.20256410256410259 483.00000000000006 4.5000000000000009 8.5000000000000018 91.500000000000014 146.50000000000003 104.50000000000001 493.00000000000006
decision_type=2 8 8 10 10 2 8 10 2 2 10 10 10 10
left_child=5 4 9 -4 12 6 8 -8 -1 -3 -7 -6 -2 -12
right_child=1 2 3 -5 11 10 7 -9 -10 -11 13 -13 -14 -15
leaf_value=0 6.0539136799516455e-05 -0.0098698414974423831 -0.0018079379687839503 0.0061195558801323234 0.0092550488353565583 0.0023719018344555455 -0.003354726242002008 0.0013014249038253076 0.0059529273288125815 0 -0.0069270686487955457 0 -0.0025282981872349615 0.0010685364499037687
leaf_weight=122.6799688085448 6236.6594058284536 110.5991248502396 816.32880814839154 107.59497590211686 71.941712255124003 1810.3869724652031 390.86568167514633 238.92464261222631 132.0113309524022 28.329509128816426 51.386618791846558 40.144978998228908 346.64278285764158 18.883848424535245
leaf_count=1762 96009 3419 15115 2870 1435 29716 9017 3402 2030 1252 1363 811 6533 298
internal_value=0.000196462 -0.00020184 -0.00177834 -0.0006953 2.71735e-05 0.00136649 -6.16471e-06 -0.00135568 0.0027151 -0.00766439 0.00208991 0.00592096 -5.48234e-05 -0.00285734
internal_weight=10523.4 7758.24 1062.85 923.924 6695.39 2765.14 884.482 629.79 254.691 138.929 1880.66 112.087 6583.3 70.2705
internal_count=175032 127444 22656 17985 104788 47588 16211 12419 3792 4671 31377 2246 102542 1661
is_linear=0
shrinkage=0.03


Tree=492
num_leaves=15
num_cat=0
split_feature=15 12 12 15 10 12 5 4 10 10 10 15 15 13
split_gain=2.79772 7.07878 7.43954 6.43437 6.04727 5.47848 4.36071 6.34522 4.92338 4.17802 7.74975 2.85338 6.23443 4.08082
threshold=36.500000000000007 0.059622013584152582 0.054553304036322518 11.500000000000002 0.1731634182908546 0.064936800238777806 3.5000000000000004 11.500000000000002 0.11834733893557424 0.18834459459459463 0.14760348583878 49.500000000000007 42.500000000000007 0.066482943768642069
decision_type=8 8 10 10 10 8 2 2 10 8 10 8 10 8
left_child=1 2 3 -1 -4 11 7 -7 -8 10 -3 12 -2 -13
right_child=5 9 4 -5 -6 6 8 -9 -10 -11 -12 13 -14 -15
leaf_value=-0.0062166577227389932 -0.0036137103403263955 9.6181095497446708e-05 0.0084390263752952693 0.0017659759553429069 -0.00048251572371880481 0.00021851774783026651 -0.0031013006363447863 0.0043013142230981845 0.00055192563305967129 -0.0011449591358719327 0.0060630360513041865 -0.0042243491477458681 0.0058134047204971085 -0.00073451462650326856
leaf_weight=85.568227592506446 101.39511523023248 1784.9541777363047 258.5040347808972 1419.5519881399814 50.647887993603945 1496.4479580635671 547.12760885898024 478.26458458788693 702.3247499668505 1762.3859401105437 223.74293651152402 580.59973249328323 126.69593476387672 906.34108126605861
leaf_count=2368 2772 21455 4644 31044 712 18357 9654 5983 9114 18322 2656 22932 3375 21644
internal_value=0.000190683 0.000659173 0.00219844 0.00119374 0.00651553 -0.000308889 0.000382403 0.00129148 -0.000934211 -4.35764e-05 0.000848706 -0.00169302 0.000991547 -0.00220731
internal_weight=10524.6 5585.36 1814.27 1505.12 309.152 4939.2 3224.16 1974.71 1249.45 3771.08 2008.7 1715.03 228.091 1486.94
internal_count=175032 81201 38768 33412 5356 93831 43108 24340 18768 42433 24111 50723 6147 44576
is_linear=0
shrinkage=0.03


Tree=493
num_leaves=15
num_cat=0
split_feature=20 16 6 5 20 16 4 15 14 4 5 20 6 6
split_gain=5.28628 3.23718 8.63367 3.47529 3.20407 3.09721 3.86276 3.50389 4.46678 3.57901 2.55144 5.45173 2.63713 0.912579
threshold=2.5000000000000004 -16.999999999999996 55.750000000000007 2.5000000000000004 3.5000000000000004 9.0000000000000018 10.500000000000002 21.500000000000004 8.5000000000000018 9.5000000000000018 2.5000000000000004 6.5000000000000009 57.250000000000007 54.250000000000007
decision_type=2 10 2 2 2 10 2 10 10 2 2 2 2 2
left_child=5 2 3 -2 -4 7 13 9 -9 -1 11 -3 -12 -7
right_child=1 10 4 -5 -6 6 -8 8 -10 -11 12 -13 -14 -15
leaf_value=-0.00024165439061829037 0 0 0.0042772930081731225 -0.0073018071667376779 -0.00106468327572515 0.0044026600917667774 -0.010782624420225742 0.0041400770850629348 -0.001110184015527374 0.0023980508658700116 0.00023312105290649926 -0.010639082919588188 -0.002384505413321527 -0.0018596919614742467
leaf_weight=1116.7448062074836 77.577029567211866 70.856506081996486 146.64160787221044 256.89847260387614 231.58701051142998 30.293412158498541 34.836872253101319 728.86357283778489 127.58020330162253 695.21853006794117 6559.2132142994087 58.292157094459981 356.50845390208997 34.675007514888421
leaf_count=18949 1326 1029 2504 6101 4082 665 679 8545 6657 11487 105923 636 5843 606
internal_value=0.000184975 -0.000200098 -0.00211955 -0.00564969 0.000643807 0.0013166 -0.00331991 0.00155201 0.00318194 0.000692411 0 -0.00410222 7.4882e-05 0
internal_weight=10525.8 7757.57 712.704 334.476 378.229 2768.21 99.8053 2668.41 856.444 1811.96 7044.87 129.149 6915.72 64.9684
internal_count=175032 127444 14013 7427 6586 47588 1950 45638 15202 30436 113431 1665 111766 1271
is_linear=0
shrinkage=0.03


Tree=494
num_leaves=15
num_cat=0
split_feature=20 3 16 14 4 16 12 13 16 13 20 5 20 13
split_gain=4.9504 3.07003 6.90418 6.53317 3.67229 3.1223 4.68416 3.8761 3.05478 4.52975 4.0593 2.38934 5.22872 2.43602
threshold=2.5000000000000004 3.5000000000000004 7.0000000000000009 2.5000000000000004 8.5000000000000018 -1.0000000180025095e-35 0.09887478276197699 0.069857078306727674 -16.999999999999996 0.086589807551858577 3.5000000000000004 2.5000000000000004 6.5000000000000009 0.11437655948520574
decision_type=2 2 10 8 2 10 10 8 10 8 2 2 2 8
left_child=1 5 3 -3 -4 7 -7 -1 9 10 -2 12 -10 -13
right_child=8 2 4 -5 -6 6 -8 -9 11 -11 -12 13 -14 -15
leaf_value=-0.0045947000864361752 0 0.0064874662291135423 0.00020604276686371091 0.0014820053930216155 -0.0081615803471731096 0.0044718166255894578 -0.0023545673772745125 0.00013500304765986392 0 0.00013589517640635092 -0.0069436472882946779 -0.00010551742359474083 -0.010415560627698175 0.0016657876926640144
leaf_weight=227.33099802304059 169.29298339551315 319.14591185562313 34.999834215734154 1449.7718849768862 82.309473932720721 244.37683042674325 106.3945873202756 306.60775982402265 70.856506081996486 323.79687202721834 218.3228673520498 6142.8830520112533 57.870602674549446 773.34015419986099
leaf_count=5936 4082 1813 587 27474 1503 4809 841 4625 1029 4734 5197 103511 636 8255
internal_value=0.00017769 0.00127236 0.00195879 0.00248538 -0.00453229 -2.53362e-05 0.00197565 -0.00162435 -0.000194617 -0.00206105 -0.00425669 0 -0.00397653 7.19296e-05
internal_weight=10527.3 2770.94 1886.23 1768.92 117.309 884.71 350.771 533.939 7756.36 711.413 387.616 7044.95 128.727 6916.22
internal_count=175032 47588 31377 29287 2090 16211 5650 10561 127444 14013 9279 113431 1665 111766
is_linear=0
shrinkage=0.03


Tree=495
num_leaves=10
num_cat=0
split_feature=11 15 1 17 17 0 14 3 15
split_gain=3.57007 2.73566 5.29442 5.24148 5.15516 4.55969 7.81592 5.90225 0.275412
threshold=11.205263157894739 18.500000000000004 5.5000000000000009 39.101923076923086 36.93086080586081 1650.0000000000002 1.5000000000000002 6.5000000000000009 13.500000000000002
decision_type=10 10 2 10 10 2 10 2 10
left_child=1 2 3 -1 -4 6 -3 -7 -2
right_child=8 5 4 -5 -6 7 -8 -9 -10
leaf_value=0.0006847247112337409 0 -0.003969184181625892 -4.831302579922772e-05 -0.004986759165719036 -0.0039856919340155996 0.0018960392583172688 6.6738380275297129e-05 -0.00074346329702645495 -0.012287222385619075
leaf_weight=1829.752575794002 2.0196310573956024 482.64756376761943 656.04878491861746 152.20779207674786 704.81317021534778 2427.4149730091449 3230.2368545911741 1009.7596737355925 18.264716683304869
leaf_count=31002 259 5838 12124 3611 10742 38323 56012 14797 1968
internal_value=-7.96833e-05 -3.81812e-05 -0.000758311 0.000162229 -0.00220449 0.000277827 -0.000422189 0.00107709 -0.0113628
internal_weight=10513.2 10492.9 3342.82 1981.96 1360.86 7150.06 3712.88 3437.17 20.2843
internal_count=174676 172449 57479 34613 22866 114970 61850 53120 2227
is_linear=0
shrinkage=0.03


Tree=496
num_leaves=10
num_cat=0
split_feature=11 16 10 5 16 6 11 14 4
split_gain=3.43465 2.78549 9.60114 5.79986 6.03567 4.85099 4.82272 4.16931 0.742453
threshold=11.205263157894739 7.0000000000000009 0.088562091503267992 2.5000000000000004 5.0000000000000009 50.250000000000007 3.4558441558441566 5.5000000000000009 2.5000000000000004
decision_type=10 8 8 2 10 2 10 10 2
left_child=1 3 6 4 -1 -5 -3 -4 -2
right_child=8 2 7 5 -6 -7 -8 -9 -10
leaf_value=-0.0043977000431058505 0 0.0010001745448943455 -0.00071778668138338254 0.0095643725637834989 0.0059466807913053608 0.00036879603189619766 -0.0075275714310497222 0.0029560737950822379 -0.013008606763115037
leaf_weight=402.74438472185284 2.5567566626705256 37.978269809857011 2110.9442574966233 48.618456593714654 42.235607904149219 7282.6183042974444 258.76061583613046 308.83870743226726 17.510773499729112
leaf_count=5797 296 326 36073 836 566 114453 5943 8455 1931
internal_value=-7.85274e-05 -3.76584e-05 -0.000875818 0.000236239 -0.00302734 0.000456702 -0.00594054 -0.000181899 -0.0111941
internal_weight=10512.8 10492.7 2716.52 7776.22 444.98 7331.24 296.739 2419.78 20.0675
internal_count=174676 172449 50797 121652 6363 115289 6269 44528 2227
is_linear=0
shrinkage=0.03


Tree=497
num_leaves=10
num_cat=0
split_feature=11 16 15 18 12 15 6 16 13
split_gain=3.3007 2.65725 10.5646 5.75789 4.8387 3.47667 6.41654 3.22014 0.36367
threshold=11.205263157894739 9.0000000000000018 91.500000000000014 1.5000000000000002 0.035922735641693231 18.500000000000004 52.500000000000007 -2.9999999999999996 0.093527709477987248
decision_type=10 10 10 2 10 10 2 10 10
left_child=1 5 4 -4 -3 7 -7 -1 -2
right_child=8 2 3 -5 -6 6 -8 -9 -10
leaf_value=0 -0.012058521101122136 0.0020345699865520614 0.0051187623306363826 -0.0027776866881429963 -0.0065106714609966705 0.0040879652353334652 0.00021983013925914874 -0.0018844507543804474 0
leaf_weight=2053.5109083924908 18.002553986152638 39.488110208883882 204.2313267798163 107.5443959585391 345.4551939079538 418.34615837037563 6063.1685518225422 1260.3691001948901 1.8449095720425237
leaf_count=38475 2099 1177 4144 2337 5266 8056 94413 18581 128
internal_value=-7.54106e-05 -3.51785e-05 -0.00182807 0.00192058 -0.00523457 7.7907e-05 0.000495581 -0.000693328 -0.0110199
internal_weight=10512 10492.1 696.719 311.776 384.943 9795.39 6481.51 3313.88 19.8475
internal_count=174676 172449 12924 6481 6443 159525 102469 57056 2227
is_linear=0
shrinkage=0.03


Tree=498
num_leaves=10
num_cat=0
split_feature=11 15 6 14 0 17 9 6 4
split_gain=3.17432 2.37433 6.41448 11.676 6.7139 4.37674 6.21389 3.63109 0.727939
threshold=11.205263157894739 18.500000000000004 52.500000000000007 5.5000000000000009 1650.0000000000002 39.101923076923086 9.5000000000000018 52.500000000000007 2.5000000000000004
decision_type=10 10 2 10 2 10 2 2 2
left_child=1 5 3 -3 -4 7 -7 -1 -2
right_child=8 2 4 -5 -6 6 -8 -9 -10
leaf_value=-0.0041609364110210068 0 0 -0.00089868859618369716 0.0095937366351886415 0.0010032366183946391 0.010500606125420583 -0.0057757836722114493 0 -0.012683014323126931
leaf_weight=202.22812399803661 2.5302378623746362 298.91706917155534 3455.7988289021887 177.15634687338024 3221.5060244684573 12.394961319398133 263.5239479530137 2860.1842491251882 17.107087426935323
leaf_count=4722 296 3156 56792 6051 48971 232 6183 46342 1931
internal_value=-7.26832e-05 -3.30598e-05 0.000260081 0.0036065 0 -0.000705517 -0.00433676 -0.00032291 -0.0108511
internal_weight=10511.3 10491.7 7153.38 476.073 6677.3 3338.33 275.919 3062.41 19.6373
internal_count=174676 172449 114970 9207 105763 57479 6415 51064 2227
is_linear=0
shrinkage=0.03


Tree=499
num_leaves=8
num_cat=0
split_feature=11 7 23 0 7 7 4
split_gain=3.04863 2.31063 2.3268 2.77695 2.56484 1.78629 0.711589
threshold=11.205263157894739 413.00000000000006 8.5000000000000018 1175.0000000000002 495.00000000000006 407.00000000000006 2.5000000000000004
decision_type=10 10 2 2 10 8 2
left_child=1 5 3 -3 -4 -1 -2
right_child=6 2 4 -5 -6 -7 -8
leaf_value=0 0 0.0022718932278145486 -0.00033459572502299301 -4.3995786929841654e-06 -0.0062727053185501203 -0.01077342493200102 -0.01250908864626853
leaf_weight=22.381841911468655 2.5302378623746362 496.56527681951411 338.03290823474526 9504.0292778911535 103.63170974934474 26.860498965834267 16.897311471402645
leaf_count=1395 296 8077 4847 155513 1261 1356 1931
internal_value=-7.09515e-05 -3.19389e-05 0 9.47137e-05 -0.00211835 -0.00620773 -0.0106795
internal_weight=10510.9 10491.5 10442.3 10000.6 441.665 49.2423 19.4275
internal_count=174676 172449 169698 163590 6108 2751 2227
is_linear=0
shrinkage=0.03


end of trees

feature_importances:
jockey_win_rate=642
prev_finish=616
horse_avg_finish=595
horse_weight=561
prev_3f_avg=545
trainer_win_rate=522
days_since_last=499
horse_win_rate=367
age=299
venue_encoded=299
field_size=243
race_number=239
weight_change=217
distance_m=195
round_of_year=173
basis_weight=148
bracket_number=147
day_of_meeting=138
horse_number=119
track_cond_x_prev_finish=64
track_condition_encoded=18
is_late_race=18
is_outer_bracket=10

parameters:
[boosting: gbdt]
[objective: binary]
[metric: auc]
[tree_learner: serial]
[device_type: cpu]
[data_sample_strategy: bagging]
[data: ]
[valid: ]
[num_iterations: 500]
[learning_rate: 0.03]
[num_leaves: 15]
[num_threads: 0]
[seed: 42]
[deterministic: 0]
[force_col_wise: 0]
[force_row_wise: 0]
[histogram_pool_size: -1]
[max_depth: 4]
[min_data_in_leaf: 200]
[min_sum_hessian_in_leaf: 0.001]
[bagging_fraction: 0.7]
[pos_bagging_fraction: 1]
[neg_bagging_fraction: 1]
[bagging_freq: 5]
[bagging_seed: 400]
[bagging_by_query: 0]
[feature_fraction: 0.6]
[feature_fraction_bynode: 1]
[feature_fraction_seed: 30056]
[extra_trees: 0]
[extra_seed: 12879]
[early_stopping_round: 0]
[early_stopping_min_delta: 0]
[first_metric_only: 0]
[max_delta_step: 0]
[lambda_l1: 5]
[lambda_l2: 5]
[linear_lambda: 0]
[min_gain_to_split: 0]
[drop_rate: 0.1]
[max_drop: 50]
[skip_drop: 0.5]
[xgboost_dart_mode: 0]
[uniform_drop: 0]
[drop_seed: 17869]
[top_rate: 0.2]
[other_rate: 0.1]
[min_data_per_group: 100]
[max_cat_threshold: 32]
[cat_l2: 10]
[cat_smooth: 10]
[max_cat_to_onehot: 4]
[top_k: 20]
[monotone_constraints: ]
[monotone_constraints_method: basic]
[monotone_penalty: 0]
[feature_contri: ]
[forcedsplits_filename: ]
[refit_decay_rate: 0.9]
[cegb_tradeoff: 1]
[cegb_penalty_split: 0]
[cegb_penalty_feature_lazy: ]
[cegb_penalty_feature_coupled: ]
[path_smooth: 0]
[interaction_constraints: ]
[verbosity: -1]
[saved_feature_importance_type: 0]
[use_quantized_grad: 0]
[num_grad_quant_bins: 4]
[quant_train_renew_leaf: 0]
[stochastic_rounding: 1]
[linear_tree: 0]
[max_bin: 255]
[max_bin_by_feature: ]
[min_data_in_bin: 3]
[bin_construct_sample_cnt: 200000]
[data_random_seed: 175]
[is_enable_sparse: 1]
[enable_bundle: 1]
[use_missing: 1]
[zero_as_missing: 0]
[feature_pre_filter: 1]
[pre_partition: 0]
[two_round: 0]
[header: 0]
[label_column: ]
[weight_column: ]
[group_column: ]
[ignore_column: ]
[categorical_feature: ]
[forcedbins_filename: ]
[precise_float_parser: 0]
[parser_config_file: ]
[objective_seed: 16083]
[num_class: 1]
[is_unbalance: 0]
[scale_pos_weight: 1]
[sigmoid: 1]
[boost_from_average: 1]
[reg_sqrt: 0]
[alpha: 0.9]
[fair_c: 1]
[poisson_max_delta_step: 0.7]
[tweedie_variance_power: 1.5]
[lambdarank_truncation_level: 30]
[lambdarank_norm: 1]
[label_gain: ]
[lambdarank_position_bias_regularization: 0]
[eval_at: ]
[multi_error_top_k: 1]
[auc_mu_weights: ]
[num_machines: 1]
[local_listen_port: 12400]
[time_out: 120]
[machine_list_filename: ]
[machines: ]
[gpu_platform_id: -1]
[gpu_device_id: -1]
[gpu_use_dp: 0]
[num_gpu: 1]

end of parameters

pandas_categorical:[]
