race_id,horse_number,popularity,win_odds,pred_prob,pred_rank,finish_position,is_winner
202005050310,8,13,80.6,0.032339951114591085,9,1.0,True
202005050310,13,1,1.7,0.436364083646543,1,2.0,False
202005050310,6,5,18.1,0.030066535169634846,10,3.0,False
202005050310,3,4,13.6,0.024201338699694177,14,4.0,False
202005050310,4,10,35.7,0.02976548808600329,11,5.0,False
202005050310,5,6,18.7,0.040258238570120924,7,6.0,False
202005050310,7,3,12.8,0.20477495449986785,2,7.0,False
202005050310,17,14,88.7,0.0210887788404622,15,8.0,False
202005050310,18,7,20.9,0.08995689839243409,4,9.0,False
202005050310,11,18,179.1,0.018029987997179073,17,10.0,False
202005050310,12,2,6.0,0.136245332665447,3,11.0,False
202005050310,14,17,123.7,0.006770400175574875,18,12.0,False
202005050310,16,11,40.5,0.06341045315694516,5,13.0,False
202005050310,9,15,97.7,0.02732896200539428,13,14.0,False
202005050310,1,9,31.1,0.03784867182067778,8,15.0,False
202005050310,2,12,67.5,0.05033280202723434,6,16.0,False
202005050310,10,8,23.5,0.028893930322179868,12,17.0,False
202005050310,15,16,104.7,0.02100725727995285,16,18.0,False
202408010306,6,4,5.7,0.09947875662414808,9,1.0,True
202408010306,14,8,30.1,0.15516430023499364,6,2.0,False
202408010306,17,10,46.5,0.05450950564677573,12,3.0,False
202408010306,8,6,10.8,0.1809853561062889,5,4.0,False
202408010306,12,12,113.1,0.06710050681594741,10,5.0,False
202408010306,2,17,318.1,0.027284332523769782,14,6.0,False
202408010306,15,3,4.9,0.13449370035107341,7,7.0,False
202408010306,18,13,160.0,0.010249760354670893,18,8.0,False
202408010306,4,2,4.4,0.20192836529883437,3,9.0,False
202408010306,7,9,38.8,0.10419151051648147,8,10.0,False
202408010306,1,1,3.8,0.2546055739478102,2,11.0,False
202408010306,13,5,7.7,0.26266252286401415,1,12.0,False
202408010306,5,7,26.5,0.18733159579942973,4,13.0,False
202408010306,16,11,81.7,0.013988241925756737,15,14.0,False
202408010306,11,15,236.0,0.059938337829230436,11,15.0,False
202408010306,10,14,206.8,0.013321710151700004,17,16.0,False
202408010306,3,18,377.1,0.01381363158219804,16,17.0,False
202408010306,9,16,284.1,0.0345615057343574,13,18.0,False
202505010206,6,2,3.4,0.09838783505350888,4,1.0,True
202505010206,3,6,17.1,0.08372430506321656,7,2.0,False
202505010206,13,8,52.8,0.03444654436544265,10,3.0,False
202505010206,5,4,10.0,0.09805124797764232,5,4.0,False
202505010206,2,3,3.7,0.4201899924824266,1,5.0,False
202505010206,12,5,11.7,0.1445688442861041,3,6.0,False
202505010206,16,11,112.8,0.04100879571581174,8,7.0,False
202505010206,8,9,63.3,0.021899408347267144,12,8.0,False
202505010206,1,12,116.4,0.03829535271049369,9,9.0,False
202505010206,7,14,130.1,0.017826271439794678,13,10.0,False
202505010206,11,1,3.1,0.1999106117424578,2,11.0,False
202505010206,9,7,28.0,0.0946351870325302,6,12.0,False
202505010206,15,16,375.4,0.005912956116569168,16,13.0,False
202505010206,14,10,65.1,0.02732086648438376,11,14.0,False
202505010206,10,13,125.9,0.009902126672581498,14,15.0,False
202505010206,4,15,160.3,0.006703807745600955,15,16.0,False
202101010112,1,10,35.0,0.022768753112459808,9,1.0,True
202101010112,6,3,6.3,0.08737414762309358,4,2.0,False
202101010112,4,9,29.8,0.015249300167233332,10,3.0,False
202101010112,3,8,15.0,0.02781229127785741,8,4.0,False
202101010112,2,1,3.4,0.10398435404085192,1,5.0,False
202101010112,9,11,48.2,0.00869298435722263,11,6.0,False
202101010112,5,4,6.4,0.03306467731617286,7,7.0,False
202101010112,8,7,12.8,0.05701096701596665,6,8.0,False
202101010112,10,6,11.9,0.10298122914243202,3,9.0,False
202101010112,11,5,6.9,0.10327092940024579,2,10.0,False
202101010112,7,2,5.2,0.07456857608712478,5,11.0,False
202509020209,5,9,57.6,0.03306847030045362,10,1.0,True
202509020209,4,2,3.4,0.18061025960390753,1,2.0,False
202509020209,10,6,17.8,0.09818975767278415,5,3.0,False
202509020209,1,4,9.4,0.1322378297140945,2,4.0,False
202509020209,2,5,13.3,0.08913982398988929,6,5.0,False
202509020209,6,1,2.2,0.12549229762822525,4,6.0,False
202509020209,7,3,6.0,0.12910145410895812,3,7.0,False
202509020209,9,8,35.5,0.08872911461812359,7,8.0,False
202509020209,3,7,26.6,0.07227480062737802,8,9.0,False
202509020209,11,10,65.4,0.04148547971773528,9,10.0,False
202509020209,8,11,93.9,0.009559996959519888,11,11.0,False
202408020611,3,3,4.0,0.08276934400585993,4,1.0,True
202408020611,5,1,2.2,0.15538007147078228,1,2.0,False
202408020611,1,9,82.9,0.024047536503256528,9,3.0,False
202408020611,10,8,80.2,0.02827977624610724,8,4.0,False
202408020611,6,6,20.4,0.04751324412995834,6,5.0,False
202408020611,2,5,17.3,0.09744064425405169,3,6.0,False
202408020611,7,10,91.5,0.03885121393661964,7,7.0,False
202408020611,9,2,3.6,0.1539197694378722,2,8.0,False
202408020611,11,4,9.3,0.06277747688449341,5,9.0,False
202408020611,12,7,46.0,0.006796830850190732,12,10.0,False
202408020611,8,12,270.5,0.010062724274639792,11,11.0,False
202408020611,4,11,220.4,0.017985883143316103,10,12.0,False
202209011011,4,2,7.9,0.14907114749881517,4,1.0,True
202209011011,2,1,1.7,0.15673803548004406,3,2.0,False
202209011011,6,4,11.4,0.08922565846749765,10,3.0,False
202209011011,3,3,9.3,0.2005255938381751,2,4.0,False
202209011011,5,14,58.0,0.2339298269131694,1,5.0,False
202209011011,9,12,53.2,0.09873529550686241,8,6.0,False
202209011011,10,5,12.3,0.05030025291200602,14,7.0,False
202209011011,1,9,46.2,0.1246117423502138,5,8.0,False
202209011011,11,13,53.9,0.12152896473786222,6,9.0,False
202209011011,12,8,39.1,0.05440822500319126,13,10.0,False
202209011011,15,15,132.3,0.04317333069107498,15,11.0,False
202209011011,7,11,48.2,0.08140640154879991,11,12.0,False
202209011011,8,6,12.8,0.11442756796009892,7,13.0,False
202209011011,13,10,47.1,0.062330134619431835,12,14.0,False
202209011011,14,7,18.4,0.09000415307502338,9,15.0,False
202404030101,2,1,1.1,0.3863227535989318,1,1.0,True
202404030101,8,2,8.1,0.28064018687342274,2,2.0,False
202404030101,10,3,11.2,0.26759932754168986,3,3.0,False
202404030101,6,4,31.5,0.0318162486304882,7,4.0,False
202404030101,11,12,362.7,0.01810062055323291,9,5.0,False
202404030101,7,5,104.9,0.01107966152437362,11,6.0,False
202404030101,12,6,158.7,0.027522485385887505,8,7.0,False
202404030101,1,11,242.8,0.07345569828587588,4,8.0,False
202404030101,4,8,163.9,0.04068679368943272,5,9.0,False
202404030101,9,7,163.8,0.0033980714737337544,12,10.0,False
202404030101,5,9,168.4,0.03865403087675811,6,11.0,False
202404030101,3,10,194.7,0.01686337843359316,10,12.0,False
202105020707,6,1,1.6,0.2994960766556851,1,1.0,True
202105020707,8,2,3.2,0.08962011821317728,3,2.0,False
202105020707,5,3,3.8,0.29720712191933757,2,3.0,False
202105020707,4,5,92.2,0.020579961442354154,5,4.0,False
202105020707,3,4,30.5,0.009788161554866726,6,5.0,False
202105020707,2,7,159.4,0.00145070113733918,7,6.0,False
202105020707,7,6,126.6,0.024193002340720658,4,7.0,False
202105020707,1,8,170.2,0.0010897565235083973,8,8.0,False
202407030309,3,5,15.0,0.07117530339789072,5,1.0,True
202407030309,5,4,4.5,0.30708752074075274,3,2.0,False
202407030309,2,2,3.1,0.44438548106135883,1,3.0,False
202407030309,1,1,2.7,0.3765120387207695,2,4.0,False
202407030309,4,3,3.6,0.10660329804667423,4,5.0,False
202106040207,2,4,19.5,0.027159877683252693,8,1.0,True
202106040207,12,7,42.2,0.034446480431325616,7,2.0,False
202106040207,9,3,15.6,0.09734016687501179,4,3.0,False
202106040207,6,1,1.1,0.24579757786700912,1,4.0,False
202106040207,14,8,58.8,0.04614274736182462,5,5.0,False
202106040207,13,2,7.2,0.17900601845609712,2,6.0,False
202106040207,7,5,23.0,0.03786267240775694,6,7.0,False
202106040207,10,9,64.6,0.017452683878834238,9,8.0,False
202106040207,3,12,130.7,0.014638807230032483,10,9.0,False
202106040207,4,10,64.7,0.1403282947675208,3,10.0,False
202106040207,11,11,120.8,0.006043846692237689,12,11.0,False
202106040207,1,14,268.3,0.0033391713977978053,13,12.0,False
202106040207,8,6,40.2,0.008740356729431084,11,13.0,False
202106040207,5,13,262.2,0.00300355544704264,14,14.0,False
202305050410,5,3,8.3,0.17838567546032644,2,1.0,True
202305050410,14,4,9.0,0.07820902467917201,5,2.0,False
202305050410,7,1,1.5,0.2501120849922236,1,3.0,False
202305050410,1,14,165.9,0.015400228573028004,12,4.0,False
202305050410,4,5,15.4,0.1355322239781808,3,5.0,False
202305050410,12,11,83.0,0.03389079536209071,11,6.0,False
202305050410,13,12,99.8,0.04648203830868933,8,7.0,False
202305050410,2,2,6.0,0.11549911715310199,4,8.0,False
202305050410,8,8,66.4,0.036837504855348716,10,9.0,False
202305050410,10,6,37.7,0.042164245166152615,9,10.0,False
202305050410,9,13,140.3,0.014181032718135093,13,11.0,False
202305050410,11,10,77.6,0.0529828113960088,6,12.0,False
202305050410,6,9,70.2,0.04972173424790596,7,13.0,False
202305050410,3,7,41.4,0.006123902876573424,14,14.0,False
202203020109,1,3,7.6,0.15099097840556086,3,1.0,True
202203020109,6,1,1.7,0.221107019923757,1,2.0,False
202203020109,7,5,12.1,0.08737548272308542,6,3.0,False
202203020109,5,4,9.9,0.07621637097575111,7,4.0,False
202203020109,2,10,130.2,0.038366839533716134,9,5.0,False
202203020109,8,7,18.0,0.11808563971307247,5,6.0,False
202203020109,9,2,5.3,0.2017888326296763,2,7.0,False
202203020109,4,6,16.8,0.12339259145306733,4,8.0,False
202203020109,3,9,108.6,0.04755933379102967,8,9.0,False
202203020109,10,8,32.4,0.026089480845256006,10,10.0,False
202210040709,1,2,3.5,0.1479244222267267,2,1.0,True
202210040709,2,1,3.3,0.17574485687177804,1,2.0,False
202210040709,7,3,4.5,0.10671095533590594,4,3.0,False
202210040709,8,9,70.2,0.012053582645901105,9,4.0,False
202210040709,10,4,6.2,0.14747718403917875,3,5.0,False
202210040709,4,6,15.5,0.03194688698589706,6,6.0,False
202210040709,6,5,7.2,0.08638527118741349,5,7.0,False
202210040709,3,7,19.9,0.02733259496179982,7,8.0,False
202210040709,9,10,80.2,0.013240836745063026,8,9.0,False
202210040709,5,8,50.8,0.005733977655177538,10,10.0,False
202510010107,13,1,4.4,0.09273273607963436,2,1.0,True
202510010107,5,7,12.1,0.07625072151103235,4,2.0,False
202510010107,4,10,36.7,0.02958456147584788,11,3.0,False
202510010107,12,2,5.0,0.07699760600486562,3,4.0,False
202510010107,2,4,6.9,0.06706103873958554,5,5.0,False
202510010107,7,15,127.6,0.036484766421395864,10,6.0,False
202510010107,1,3,6.3,0.10650298078496064,1,7.0,False
202510010107,15,5,7.1,0.03672982976356145,8,8.0,False
202510010107,6,8,18.9,0.03648625157262659,9,9.0,False
202510010107,16,9,21.3,0.014131436462476575,15,10.0,False
202510010107,14,11,44.2,0.021127951433661533,13,11.0,False
202510010107,3,12,59.8,0.019482536999304273,14,12.0,False
202510010107,8,14,86.2,0.03977081940485402,7,13.0,False
202510010107,10,6,9.5,0.05915243879649775,6,14.0,False
202510010107,11,16,251.6,0.012413606829636065,16,15.0,False
202510010107,9,13,80.6,0.029022980078660027,12,16.0,False
202407030703,1,4,7.0,0.06016512967269655,10,1.0,True
202407030703,9,1,3.2,0.2669291764637959,1,2.0,False
202407030703,2,6,17.8,0.062187081467112666,9,3.0,False
202407030703,6,11,37.4,0.12219442964022281,5,4.0,False
202407030703,5,15,100.7,0.03839927418938359,13,5.0,False
202407030703,3,17,120.5,0.04646172641910088,12,6.0,False
202407030703,10,2,4.0,0.17332402076446451,2,7.0,False
202407030703,12,12,46.9,0.1045289187995626,6,8.0,False
202407030703,15,8,33.6,0.03305617074696393,14,9.0,False
202407030703,17,14,85.2,0.021427064617910784,17,10.0,False
202407030703,8,7,27.5,0.029542381303705144,15,11.0,False
202407030703,11,10,36.9,0.09341000722765118,7,12.0,False
202407030703,13,5,14.5,0.08452322745797643,8,13.0,False
202407030703,7,18,321.7,0.012121147105920353,18,14.0,False
202407030703,16,13,70.5,0.053303930701711466,11,15.0,False
202407030703,4,16,110.8,0.026611313249615794,16,16.0,False
202407030703,14,3,5.0,0.12751236294216195,3,17.0,False
202407030703,18,9,35.2,0.1228530088601823,4,18.0,False
202408050202,3,3,5.0,0.36856793310793295,1,1.0,True
202408050202,4,5,7.4,0.08296517280508077,7,2.0,False
202408050202,2,2,4.0,0.3368230184509873,2,3.0,False
202408050202,10,7,16.0,0.20366687426470093,3,4.0,False
202408050202,1,8,37.5,0.015910086323532968,14,5.0,False
202408050202,14,6,9.8,0.1553300149951036,4,6.0,False
202408050202,5,1,3.4,0.1050594933693024,6,7.0,False
202408050202,7,11,136.3,0.025506219898577123,13,8.0,False
202408050202,6,9,103.1,0.04897485242159722,9,9.0,False
202408050202,12,14,155.2,0.07719601082485826,8,10.0,False
202408050202,9,4,6.9,0.1294024323519287,5,11.0,False
202408050202,13,13,143.0,0.04051368488506277,11,12.0,False
202408050202,11,12,140.9,0.03080714257379831,12,13.0,False
202408050202,8,10,112.1,0.04168600833008412,10,14.0,False
202009040401,5,1,1.3,0.3470035181345739,1,1.0,True
202009040401,9,5,36.6,0.05941611832311278,7,2.0,False
202009040401,1,8,60.6,0.15137474012961205,4,3.0,False
202009040401,7,4,16.0,0.055169573783347775,8,4.0,False
202009040401,8,2,4.0,0.32033162076169985,2,5.0,False
202009040401,6,6,39.7,0.14018042494272032,5,6.0,False
202009040401,2,3,11.6,0.20313473077892039,3,7.0,False
202009040401,3,9,96.7,0.00966516524183214,10,8.0,False
202009040401,10,7,55.4,0.12042275526876209,6,9.0,False
202009040401,4,10,180.7,0.02003486756922573,9,10.0,False
202008030204,13,7,14.7,0.0541548667899861,7,1.0,True
202008030204,5,3,8.4,0.08017309360867216,5,2.0,False
202008030204,1,1,1.9,0.6093415142410115,1,3.0,False
202008030204,14,4,11.6,0.012730724232046903,13,4.0,False
202008030204,16,6,14.2,0.06188571100212452,6,5.0,False
202008030204,8,8,28.6,0.18179021172818582,3,6.0,False
202008030204,4,9,55.5,0.028454264207448225,9,7.0,False
202008030204,18,15,141.8,0.005878886290608836,15,8.0,False
202008030204,2,2,5.8,0.22919807820308397,2,9.0,False
202008030204,11,5,12.0,0.021684494845549972,12,10.0,False
202008030204,12,16,142.6,0.01258435729230897,14,11.0,False
202008030204,6,13,122.4,0.02472883704918431,10,12.0,False
202008030204,3,14,129.1,0.030278963048425905,8,13.0,False
202008030204,17,11,59.7,0.14600459899602983,4,14.0,False
202008030204,7,12,101.2,0.005198873409929793,16,15.0,False
202008030204,15,10,56.8,0.004040784262933135,18,16.0,False
202008030204,9,18,293.6,0.021759225607574376,11,17.0,False
202008030204,10,17,235.3,0.004408862347293808,17,18.0,False
202209030310,10,4,8.4,0.07097434535069433,5,1.0,True
202209030310,12,2,4.2,0.14310211092407016,2,2.0,False
202209030310,4,12,35.7,0.043107116792478944,13,3.0,False
202209030310,9,10,33.2,0.045053398277350096,9,4.0,False
202209030310,2,1,4.0,0.2181882563509242,1,5.0,False
202209030310,8,6,9.3,0.04566639219717755,8,6.0,False
202209030310,1,9,32.4,0.02108092736521859,14,7.0,False
202209030310,13,5,8.4,0.1131760656964491,4,8.0,False
202209030310,5,13,36.3,0.044133827846001866,10,9.0,False
202209030310,11,3,5.6,0.12627378352618054,3,10.0,False
202209030310,3,14,155.1,0.00757804407646784,15,11.0,False
202209030310,6,7,16.2,0.04321572466650633,12,12.0,False
202209030310,15,8,26.4,0.052880406707729394,7,13.0,False
202209030310,14,11,35.1,0.04375089967478953,11,14.0,False
202507020105,11,3,4.6,0.19665299367182967,2,1.0,True
202507020105,12,1,2.6,0.32609910306199275,1,2.0,False
202507020105,2,4,7.2,0.03867636995776785,10,3.0,False
202507020105,14,2,4.4,0.15031575350098655,3,4.0,False
202507020105,7,15,277.3,0.0045750225507958315,16,5.0,False
202507020105,16,7,27.6,0.06287035007320767,6,6.0,False
202507020105,4,5,15.3,0.09434157066640769,5,7.0,False
202507020105,17,9,34.9,0.048072949403567794,9,8.0,False
202507020105,15,8,27.9,0.13543358281026935,4,9.0,False
202507020105,8,10,45.2,0.05435984315276535,7,10.0,False
202507020105,9,6,17.2,0.0305055131312346,11,11.0,False
202507020105,3,11,47.7,0.052394889830780604,8,12.0,False
202507020105,18,18,328.7,0.006556736249236412,15,13.0,False
202507020105,10,14,248.8,0.018343148774740605,13,14.0,False
202507020105,1,13,192.3,0.020327359128625797,12,15.0,False
202507020105,6,17,316.3,0.012808409521249939,14,16.0,False
202507020105,13,16,299.8,0.0005410699974833862,18,17.0,False
202507020105,5,12,168.9,0.0023527223226979367,17,,False
202507030103,6,2,2.1,0.37324068257467585,1,1.0,True
202507030103,3,1,2.0,0.3648552201216703,2,2.0,False
202507030103,4,5,44.3,0.22437563004594577,3,3.0,False
202507030103,1,4,7.6,0.19566430068942353,4,4.0,False
202507030103,5,3,7.2,0.14008757263435662,5,5.0,False
202507030103,2,6,69.8,0.08720438485045777,6,6.0,False
202009050112,2,1,2.6,0.22994044599897628,3,1.0,True
202009050112,13,2,3.3,0.3082498592013229,1,2.0,False
202009050112,3,4,11.0,0.17804133559761623,4,3.0,False
202009050112,9,6,21.9,0.12860877854171207,6,4.0,False
202009050112,4,8,22.9,0.13906797940949703,5,5.0,False
202009050112,6,3,5.2,0.2712898645994343,2,6.0,False
202009050112,5,5,20.7,0.049311162288425706,10,7.0,False
202009050112,1,11,87.5,0.07207859358238258,9,8.0,False
202009050112,11,12,120.1,0.048218024986980086,11,9.0,False
202009050112,7,10,25.3,0.03503532958089477,12,10.0,False
202009050112,8,13,180.1,0.016648732115404335,13,11.0,False
202009050112,10,9,23.4,0.07987656546302566,8,12.0,False
202009050112,12,7,22.8,0.11702843780879174,7,13.0,False
202307040606,13,1,2.9,0.12442841089128157,2,1.0,True
202307040606,7,7,15.8,0.049775381660168726,9,2.0,False
202307040606,12,10,28.5,0.026662465111160095,13,3.0,False
202307040606,11,8,19.0,0.03787020470373033,11,4.0,False
202307040606,8,16,224.2,0.01326915818104644,16,5.0,False
202307040606,15,4,8.1,0.062019645522332294,8,6.0,False
202307040606,4,3,5.7,0.07222388318959118,6,7.0,False
202307040606,5,15,179.1,0.025320960814269267,14,8.0,False
202307040606,1,5,10.0,0.09587089685683346,3,9.0,False
202307040606,2,6,15.1,0.08035326964656005,5,10.0,False
202307040606,3,13,72.0,0.024821063450588682,15,11.0,False
202307040606,14,14,73.8,0.045208948008933755,10,12.0,False
202307040606,6,12,71.3,0.036777772816580505,12,13.0,False
202307040606,9,2,5.6,0.2060869928806227,1,14.0,False
202307040606,10,9,22.8,0.08341778217971053,4,15.0,False
202307040606,16,11,32.7,0.06358847853494302,7,16.0,False
202102010512,7,2,4.5,0.11452995868761721,6,1.0,True
202102010512,10,9,17.6,0.14085271139290714,3,2.0,False
202102010512,11,5,7.9,0.1474864372098898,2,3.0,False
202102010512,6,6,8.6,0.124712196381614,5,4.0,False
202102010512,5,12,57.1,0.020227013160746658,12,5.0,False
202102010512,4,4,7.6,0.08355384852471869,9,6.0,False
202102010512,2,7,16.7,0.10065366884092232,8,7.0,False
202102010512,3,1,4.3,0.20935886166894752,1,8.0,False
202102010512,13,3,6.0,0.10968023051318786,7,9.0,False
202102010512,9,10,28.3,0.06784910134077224,10,10.0,False
202102010512,8,11,36.1,0.02313505466624061,11,11.0,False
202102010512,12,13,98.2,0.01735227600492154,13,12.0,False
202102010512,1,8,17.5,0.12911462483713135,4,13.0,False
202309020609,4,2,4.3,0.257174310285121,3,1.0,True
202309020609,10,4,5.7,0.2987703559610763,2,2.0,False
202309020609,8,6,13.5,0.2390914065282741,4,3.0,False
202309020609,3,3,5.2,0.11402543885034312,9,4.0,False
202309020609,5,1,3.3,0.5104664254261881,1,5.0,False
202309020609,7,8,20.5,0.10502051530533829,10,6.0,False
202309020609,9,5,8.5,0.23414544585549987,5,7.0,False
202309020609,1,9,33.8,0.19058040449592017,6,8.0,False
202309020609,6,10,62.0,0.18784837504975224,7,9.0,False
202309020609,2,7,14.2,0.15932984978225045,8,10.0,False
202009060710,9,3,5.1,0.35419503441461675,1,1.0,True
202009060710,1,2,4.9,0.15530151287854815,2,2.0,False
202009060710,7,6,18.4,0.10184728107685295,5,3.0,False
202009060710,10,9,120.1,0.007166026752978058,11,4.0,False
202009060710,5,1,1.8,0.12137417294970684,4,5.0,False
202009060710,2,10,122.5,0.00998749971806528,9,6.0,False
202009060710,4,5,12.7,0.01844750088502207,8,7.0,False
202009060710,3,11,123.8,0.00973221918483638,10,8.0,False
202009060710,8,4,11.1,0.14421505381826175,3,9.0,False
202009060710,6,8,50.5,0.05285969886782285,7,10.0,False
202009060710,11,7,20.4,0.08544259929126656,6,11.0,False
202402010607,2,1,1.6,0.2801743450500547,1,1.0,True
202402010607,3,5,12.7,0.06165671616474289,7,2.0,False
202402010607,7,10,81.6,0.01524884196755996,10,3.0,False
202402010607,9,2,6.0,0.1902534033552473,2,4.0,False
202402010607,4,4,9.6,0.13806085968209508,4,5.0,False
202402010607,8,7,25.4,0.06509465745630827,6,6.0,False
202402010607,5,3,8.3,0.12835939144381403,5,7.0,False
202402010607,10,8,28.9,0.03693384961244369,9,8.0,False
202402010607,1,6,18.5,0.1541938894654493,3,9.0,False
202402010607,6,9,50.9,0.0564094199966248,8,10.0,False
202305020304,5,1,2.0,0.4333087596818424,2,1.0,True
202305020304,7,3,8.0,0.20977079386282096,4,2.0,False
202305020304,11,4,8.1,0.018134716821820024,9,3.0,False
202305020304,4,7,16.3,0.06943116012414306,7,4.0,False
202305020304,12,6,11.3,0.2210073337119067,3,5.0,False
202305020304,10,5,11.1,0.06748000756905373,8,6.0,False
202305020304,6,8,53.0,0.08333969064215642,6,7.0,False
202305020304,8,10,160.9,0.0035511774777437837,10,8.0,False
202305020304,3,2,4.2,0.44071958766059527,1,9.0,False
202305020304,9,9,60.5,0.11210336818516499,5,10.0,False
202305020304,2,12,593.3,0.0025371084033562275,11,11.0,False
202305020304,1,11,170.3,0.001503433927182789,12,12.0,False
202504020306,5,1,2.6,0.4669081338240971,1,1.0,True
202504020306,1,2,4.3,0.033531931517962896,10,2.0,False
202504020306,9,6,21.6,0.04052083472595263,9,3.0,False
202504020306,10,9,41.8,0.0914070287696255,5,4.0,False
202504020306,13,4,6.9,0.12390595331290608,4,5.0,False
202504020306,8,10,47.0,0.023105561664112866,13,6.0,False
202504020306,3,8,28.0,0.0740784982755948,7,7.0,False
202504020306,4,7,24.6,0.0790354849383394,6,8.0,False
202504020306,14,3,5.7,0.06867983200375115,8,9.0,False
202504020306,15,11,86.9,0.0017806454864258683,15,10.0,False
202504020306,11,13,217.1,0.023570845336418934,12,11.0,False
202504020306,6,12,130.8,0.0058413582160735346,14,12.0,False
202504020306,2,5,7.6,0.1322943281379847,3,13.0,False
202504020306,7,14,307.4,0.029543892528941077,11,14.0,False
202405040512,12,2,5.6,0.33028560437699606,2,1.0,True
202405040512,4,1,1.9,0.3704584259858825,1,2.0,False
202405040512,6,7,20.7,0.07707828175908041,11,3.0,False
202405040512,10,8,32.9,0.10433392963495966,6,4.0,False
202405040512,7,3,6.2,0.12403480217121285,5,5.0,False
202405040512,8,5,11.4,0.07955972030828548,10,6.0,False
202405040512,3,6,16.3,0.14985204169968003,4,7.0,False
202405040512,5,9,39.3,0.19488218884525574,3,8.0,False
202405040512,1,11,94.7,0.0837005796259981,9,9.0,False
202405040512,2,10,80.3,0.09882525210642357,7,10.0,False
202405040512,11,12,216.8,0.006556423601884757,12,11.0,False
202405040512,9,4,9.0,0.08521944751539975,8,12.0,False
202209040510,8,1,1.8,0.3820015290920342,1,1.0,True
202209040510,1,3,4.8,0.22558425861251988,3,2.0,False
202209040510,4,6,18.2,0.18543704245815942,4,3.0,False
202209040510,7,8,54.9,0.09225328704496247,9,4.0,False
202209040510,2,9,57.3,0.10401092558687113,7,5.0,False
202209040510,5,2,4.6,0.37624058962707313,2,6.0,False
202209040510,3,5,13.2,0.1796143119619402,5,7.0,False
202209040510,9,7,50.2,0.122104503338874,6,8.0,False
202209040510,6,4,10.3,0.09829751453779981,8,9.0,False
202109030409,1,2,5.1,0.23837821273643786,3,1.0,True
202109030409,5,6,9.7,0.10286640823714009,7,2.0,False
202109030409,6,7,19.2,0.10645607761006823,6,3.0,False
202109030409,10,3,5.2,0.32428836807409583,1,4.0,False
202109030409,12,11,59.4,0.03577983437759412,11,5.0,False
202109030409,11,1,3.6,0.18362422090590985,5,6.0,False
202109030409,2,5,6.2,0.22819808777969772,4,7.0,False
202109030409,4,10,53.2,0.09031314695704906,8,8.0,False
202109030409,3,4,5.4,0.2736730785340096,2,9.0,False
202109030409,9,12,144.8,0.03442770364305426,12,10.0,False
202109030409,7,9,50.4,0.06552129321631174,10,11.0,False
202109030409,8,8,31.1,0.06865444330522232,9,12.0,False
202406020111,2,3,5.2,0.1903061616917795,2,1.0,True
202406020111,5,5,6.4,0.18129686246684312,3,2.0,False
202406020111,7,6,10.9,0.06365506234426264,9,3.0,False
202406020111,11,1,3.7,0.12043847395417703,4,4.0,False
202406020111,6,10,40.5,0.07045491886358067,6,5.0,False
202406020111,10,8,27.5,0.05713196946832114,10,6.0,False
202406020111,8,9,36.1,0.06687189241174228,8,7.0,False
202406020111,4,7,23.5,0.06879620472630579,7,8.0,False
202406020111,9,11,142.0,0.010904969870352322,11,9.0,False
202406020111,1,2,4.3,0.1958205057265063,1,10.0,False
202406020111,3,4,5.4,0.1006481684662161,5,11.0,False
202202010808,5,2,2.7,0.19293813884188468,2,1.0,True
202202010808,2,1,2.0,0.22199609394080788,1,2.0,False
202202010808,4,5,28.0,0.031089230711519297,5,3.0,False
202202010808,7,8,56.4,0.014566285034195749,9,4.0,False
202202010808,10,10,136.1,0.01282821072371992,10,5.0,False
202202010808,6,7,34.8,0.01851823621071449,8,6.0,False
202202010808,8,6,30.9,0.07311534177957896,4,7.0,False
202202010808,3,3,4.7,0.13246329705443965,3,8.0,False
202202010808,1,4,23.3,0.019122269983615988,7,9.0,False
202202010808,9,9,73.2,0.026110703924682212,6,10.0,False
202502010311,5,8,20.0,0.09315199831623233,3,1.0,True
202502010311,9,2,5.2,0.14887592910156414,2,2.0,False
202502010311,7,3,7.3,0.07317138273858519,4,3.0,False
202502010311,4,6,16.9,0.05549771963944922,7,4.0,False
202502010311,12,7,18.1,0.032761448211368296,11,5.0,False
202502010311,2,10,40.5,0.06160109239734165,6,6.0,False
202502010311,11,14,126.3,0.03602320337616488,10,7.0,False
202502010311,3,5,8.9,0.03998631254524822,8,8.0,False
202502010311,10,4,7.7,0.07224889635847989,5,9.0,False
202502010311,13,1,2.5,0.16110294197437763,1,10.0,False
202502010311,6,12,87.8,0.011781893605942164,15,11.0,False
202502010311,1,13,99.9,0.015371478567111746,13,12.0,False
202502010311,8,11,72.2,0.03785043003638874,9,13.0,False
202502010311,15,15,143.5,0.015026129064029729,14,14.0,False
202502010311,14,9,22.5,0.016289150633906974,12,15.0,False
202401010610,8,6,10.5,0.05115324518600101,9,1.0,True
202401010610,10,14,59.4,0.0596712018047864,8,2.0,False
202401010610,9,2,5.2,0.03492535656801342,13,3.0,False
202401010610,14,13,42.9,0.015280562597791685,15,4.0,False
202401010610,12,12,34.8,0.03292172714729632,14,5.0,False
202401010610,7,15,59.7,0.03871998179998704,12,6.0,False
202401010610,11,5,10.0,0.04501838302689186,11,7.0,False
202401010610,1,7,13.7,0.10662831283891465,2,8.0,False
202401010610,13,1,4.7,0.18540665499076847,1,9.0,False
202401010610,6,9,19.2,0.06459877587291252,5,10.0,False
202401010610,4,4,6.8,0.061238537368694806,6,11.0,False
202401010610,16,10,27.4,0.0714679225091436,3,12.0,False
202401010610,5,11,33.0,0.011071559913652433,16,13.0,False
202401010610,15,3,6.5,0.06101844623132874,7,14.0,False
202401010610,2,16,59.7,0.046149822882523305,10,15.0,False
202401010610,3,8,16.5,0.06778954401926689,4,16.0,False
202308030510,12,5,12.6,0.082288001674745,7,1.0,True
202308030510,2,1,2.0,0.20644093063415173,1,2.0,False
202308030510,6,6,12.9,0.11929483711318642,4,3.0,False
202308030510,10,3,6.9,0.10553425186593547,5,4.0,False
202308030510,8,4,12.6,0.11930626626391001,3,5.0,False
202308030510,9,2,5.9,0.1659177323411987,2,6.0,False
202308030510,14,8,22.3,0.08745536352532512,6,7.0,False
202308030510,1,9,24.4,0.03685849245782657,12,8.0,False
202308030510,3,7,17.9,0.06576037505463356,9,9.0,False
202308030510,13,10,44.4,0.0541846821289792,10,10.0,False
202308030510,5,14,361.2,0.0034914615751185617,13,11.0,False
202308030510,4,11,54.5,0.044499357161351324,11,12.0,False
202308030510,11,12,61.8,0.07799624389108756,8,13.0,False
202308030510,7,13,333.1,0.002981599267913667,14,14.0,False
202005021210,14,7,15.5,0.0513000486240885,10,1.0,True
202005021210,5,11,29.3,0.2363983114610073,3,2.0,False
202005021210,3,9,19.5,0.18087846389332973,5,3.0,False
202005021210,9,5,12.8,0.007631929768319811,14,4.0,False
202005021210,12,4,10.6,0.2277100023530097,4,5.0,False
202005021210,2,8,16.1,0.14798353523422236,7,6.0,False
202005021210,4,14,237.3,0.012502821802273321,12,7.0,False
202005021210,11,2,4.1,0.2610489638790638,2,8.0,False
202005021210,1,3,8.0,0.10642443990013443,8,9.0,False
202005021210,13,1,2.6,0.4103963749878294,1,10.0,False
202005021210,10,12,96.6,0.017717167039312063,11,11.0,False
202005021210,6,6,15.1,0.15523168312680136,6,12.0,False
202005021210,8,13,236.2,0.0086184809372846,13,13.0,False
202005021210,7,10,25.6,0.05250673774655858,9,14.0,False
202001010307,4,2,2.4,0.3419437373297295,1,1.0,True
202001010307,8,1,2.1,0.168439092028429,3,2.0,False
202001010307,5,3,4.1,0.19273856185638888,2,3.0,False
202001010307,2,4,19.7,0.12611754712083947,4,4.0,False
202001010307,9,6,54.0,0.05420010924994926,7,5.0,False
202001010307,1,5,25.8,0.014960473894727159,9,6.0,False
202001010307,6,8,94.1,0.05937316466409966,6,7.0,False
202001010307,3,9,141.4,0.06326972747546257,5,8.0,False
202001010307,7,7,76.8,0.016460673593817594,8,9.0,False
202309040407,13,1,2.2,0.199630243787865,1,1.0,True
202309040407,11,3,6.0,0.15183318218468522,3,2.0,False
202309040407,12,14,111.9,0.046868036464904,9,3.0,False
202309040407,5,9,31.4,0.023747358976574245,13,4.0,False
202309040407,14,7,18.1,0.08404341311514449,5,5.0,False
202309040407,6,4,11.5,0.12409685737448331,4,6.0,False
202309040407,4,10,32.6,0.055608500735940765,8,7.0,False
202309040407,7,5,11.9,0.004897709297010922,15,8.0,False
202309040407,8,15,173.4,0.02557512764917196,12,9.0,False
202309040407,1,13,57.0,0.021596853565112394,14,10.0,False
202309040407,9,11,38.5,0.034087898513504127,11,11.0,False
202309040407,16,12,38.7,0.08310991051209358,6,12.0,False
202309040407,10,8,24.9,0.06435803891821443,7,13.0,False
202309040407,3,6,15.7,0.04528223181845955,10,14.0,False
202309040407,15,16,268.7,0.0020944061237045427,16,15.0,False
202309040407,2,2,5.9,0.1684333200264911,2,16.0,False
202008031109,4,1,2.0,0.15066860244242483,3,1.0,True
202008031109,5,2,3.7,0.06346180679490676,4,2.0,False
202008031109,2,3,4.1,0.1545953105421793,2,3.0,False
202008031109,7,4,4.9,0.2678438721688373,1,4.0,False
202008031109,1,7,86.0,0.005150413822358847,7,5.0,False
202008031109,6,6,84.4,0.05350725391363423,5,6.0,False
202008031109,3,5,43.9,0.03096831734693768,6,7.0,False
202401010609,11,1,4.6,0.16471626095263067,2,1.0,True
202401010609,2,5,7.9,0.05336545591783563,8,2.0,False
202401010609,3,10,31.2,0.03337045736513755,10,3.0,False
202401010609,5,2,5.9,0.18366747660587074,1,4.0,False
202401010609,7,7,10.9,0.0274332811183547,12,5.0,False
202401010609,12,4,6.3,0.08979518685227607,3,6.0,False
202401010609,6,8,12.9,0.08881738290523683,4,7.0,False
202401010609,1,3,6.0,0.08445609361755473,5,8.0,False
202401010609,10,6,7.9,0.05661092757326611,7,9.0,False
202401010609,4,12,52.0,0.019678333830365144,13,10.0,False
202401010609,13,13,93.1,0.043260455532223546,9,11.0,False
202401010609,14,11,50.9,0.027718542649931458,11,12.0,False
202401010609,8,9,26.0,0.06927644363924428,6,13.0,False
202401010609,9,14,138.8,0.019369985632460847,14,14.0,False
202008030510,4,9,16.7,0.004644288745884601,12,1.0,True
202008030510,6,3,5.9,0.0459054658288593,7,2.0,False
202008030510,7,8,12.8,0.025823054438163646,11,3.0,False
202008030510,10,11,27.3,0.0009856285153226041,13,4.0,False
202008030510,1,2,5.7,0.24570436720042035,2,5.0,False
202008030510,2,6,8.9,0.0587209679412604,6,6.0,False
202008030510,3,7,10.1,0.22641466671993285,3,7.0,False
202008030510,5,12,73.3,0.04431612876359539,8,8.0,False
202008030510,13,1,5.1,0.12926737945834108,4,9.0,False
202008030510,11,4,7.3,0.1121157718922401,5,10.0,False
202008030510,9,5,7.5,0.03903427163732307,9,11.0,False
202008030510,8,13,120.1,0.032598554481613494,10,12.0,False
202008030510,12,10,25.3,0.3973412146056971,1,13.0,False
202405010411,1,7,33.8,0.09495060954761322,9,1.0,True
202405010411,5,4,8.4,0.05403662864458869,14,2.0,False
202405010411,8,8,35.3,0.0630674174453927,13,3.0,False
202405010411,2,11,73.2,0.2298016344283684,1,4.0,False
202405010411,11,6,22.9,0.1429291253961288,5,5.0,False
202405010411,6,1,1.9,0.19197618171193742,3,6.0,False
202405010411,16,5,20.9,0.05186999798622575,15,7.0,False
202405010411,4,13,89.9,0.08073584467220814,10,8.0,False
202405010411,9,3,6.4,0.19412620990457102,2,9.0,False
202405010411,13,10,41.0,0.12559248449224109,7,10.0,False
202405010411,15,14,91.6,0.13059635892736793,6,11.0,False
202405010411,7,2,4.7,0.15394473238416226,4,12.0,False
202405010411,3,16,190.5,0.03607330651973284,16,13.0,False
202405010411,14,12,87.6,0.0767450352912425,11,14.0,False
202405010411,10,15,145.8,0.06603273518594996,12,15.0,False
202405010411,12,9,37.0,0.11051440558055137,8,16.0,False
202309020404,8,2,4.4,0.2335310039444671,2,1.0,True
202309020404,10,10,130.6,0.06087286832907333,10,2.0,False
202309020404,11,6,12.1,0.118095846746158,7,3.0,False
202309020404,2,7,21.7,0.0863894714037535,9,4.0,False
202309020404,7,3,4.7,0.2842093992907458,1,5.0,False
202309020404,12,4,6.5,0.1917426909864826,3,6.0,False
202309020404,5,5,8.8,0.14611840474912768,5,7.0,False
202309020404,6,8,29.2,0.09228198520099376,8,8.0,False
202309020404,13,1,2.9,0.17808790877786365,4,9.0,False
202309020404,9,12,247.7,0.00805888151252015,13,10.0,False
202309020404,1,11,171.0,0.0510602288043619,11,11.0,False
202309020404,4,13,253.5,0.035607901084851,12,12.0,False
202309020404,3,9,47.4,0.12119132234650871,6,13.0,False
202203020707,10,3,7.6,0.04823353389069314,8,1.0,True
202203020707,8,2,4.2,0.15576411754918926,2,2.0,False
202203020707,9,4,8.8,0.05104918618483943,7,3.0,False
202203020707,11,9,38.4,0.02483777914341477,9,4.0,False
202203020707,15,5,8.9,0.054500751909853935,6,5.0,False
202203020707,6,7,18.6,0.0836865998069356,4,6.0,False
202203020707,2,1,2.6,0.3003458201836242,1,7.0,False
202203020707,3,8,18.8,0.08405518971302042,3,8.0,False
202203020707,14,12,121.8,0.003869172793056168,11,9.0,False
202203020707,4,14,194.8,0.003204969051034484,13,10.0,False
202203020707,7,11,47.3,0.023224631580564228,10,11.0,False
202203020707,16,6,14.6,0.07049679589896439,5,12.0,False
202203020707,1,10,41.1,0.0036343139021688814,12,13.0,False
202203020707,12,13,146.0,0.0009147842927601739,15,14.0,False
202203020707,5,16,300.0,0.0013993798964462214,14,15.0,False
202203020707,13,15,259.0,0.000700276717154219,16,16.0,False
202503010409,4,2,3.7,0.14353717690926227,2,1.0,True
202503010409,1,1,2.8,0.14461478286241813,1,2.0,False
202503010409,2,4,7.9,0.029068044226430174,10,3.0,False
202503010409,13,6,16.1,0.052330296034129704,6,4.0,False
202503010409,12,3,5.1,0.06257861648523669,5,5.0,False
202503010409,9,5,14.0,0.04884938758683045,7,6.0,False
202503010409,7,7,18.0,0.07449857604151301,3,7.0,False
202503010409,6,9,26.5,0.011791019930527516,13,8.0,False
202503010409,14,12,159.3,0.00537394066468986,14,9.0,False
202503010409,15,13,189.9,0.04242363741905592,8,10.0,False
202503010409,3,11,142.1,0.03759514741461682,9,11.0,False
202503010409,10,10,130.0,0.013117882193261826,12,12.0,False
202503010409,8,8,18.5,0.0641751775594026,4,13.0,False
202503010409,5,14,195.1,0.02511949206070967,11,14.0,False
202503010409,11,15,255.2,0.0020742460585471178,15,15.0,False
202301020408,8,4,8.0,0.30423315295712505,2,1.0,True
202301020408,7,7,88.0,0.059448015190632794,6,2.0,False
202301020408,4,2,2.8,0.25681335546565737,3,3.0,False
202301020408,3,1,2.2,0.38285429934022397,1,4.0,False
202301020408,6,3,4.7,0.19758587021570478,4,5.0,False
202301020408,1,6,50.5,0.1652725239262019,5,6.0,False
202301020408,5,8,115.0,0.02446019190641051,8,7.0,False
202301020408,9,9,234.6,0.038177546732206885,7,8.0,False
202301020408,2,5,34.4,0.006771904489573868,9,,False
202502010701,1,1,1.7,0.22744966722513327,2,1.0,True
202502010701,6,3,5.0,0.05453930554250777,7,2.0,False
202502010701,4,7,41.4,0.2648967356054227,1,3.0,False
202502010701,3,2,4.8,0.16811080885108245,4,4.0,False
202502010701,2,4,9.4,0.19439317189321403,3,5.0,False
202502010701,8,5,11.2,0.06481945940013498,5,6.0,False
202502010701,5,6,19.1,0.05743025216370043,6,7.0,False
202502010701,7,8,198.8,0.032724489570599834,8,8.0,False
202307020308,17,4,7.6,0.06271686939909694,7,1.0,True
202307020308,1,6,12.9,0.08722667312428407,5,2.0,False
202307020308,7,9,17.0,0.037209462929235444,10,3.0,False
202307020308,13,7,14.1,0.09857509704745131,4,4.0,False
202307020308,8,1,4.2,0.12841630060981152,1,5.0,False
202307020308,3,15,103.8,0.02189978911486008,14,6.0,False
202307020308,12,5,7.9,0.11011425793678338,2,7.0,False
202307020308,9,14,51.7,0.036651523372644726,11,8.0,False
202307020308,5,12,39.8,0.02810716173216753,13,9.0,False
202307020308,4,3,6.4,0.05221832793658424,8,10.0,False
202307020308,11,10,20.4,0.02896918825923668,12,11.0,False
202307020308,16,18,410.7,0.0059312803766750485,17,12.0,False
202307020308,14,2,6.2,0.10955756788183103,3,13.0,False
202307020308,2,16,154.7,0.02049156868631492,15,14.0,False
202307020308,15,13,49.1,0.014157809722615445,16,15.0,False
202307020308,6,8,15.4,0.06285421910191608,6,16.0,False
202307020308,18,11,31.6,0.039287620796917326,9,17.0,False
202307020308,10,17,243.3,0.005410532555578666,18,18.0,False
202205010112,1,2,5.2,0.2834253092318098,1,1.0,True
202205010112,5,1,1.8,0.1747953876929503,3,2.0,False
202205010112,12,3,7.7,0.1826144321659046,2,3.0,False
202205010112,3,7,23.7,0.10013916389549667,5,4.0,False
202205010112,2,11,62.6,0.06863073987958163,10,5.0,False
202205010112,11,4,7.7,0.07908365735956674,7,6.0,False
202205010112,7,8,25.0,0.08067233016547762,6,7.0,False
202205010112,8,12,194.1,0.028768945942978442,12,8.0,False
202205010112,4,5,12.9,0.0707551569662289,8,9.0,False
202205010112,9,9,54.5,0.06896172639774044,9,10.0,False
202205010112,14,14,364.3,0.0038562355915588487,15,11.0,False
202205010112,13,15,408.9,0.010654175059698344,13,12.0,False
202205010112,6,10,60.9,0.0428461524534951,11,13.0,False
202205010112,10,13,215.4,0.007453422662397703,14,14.0,False
202205010112,15,6,22.4,0.10176952590575271,4,,False
202505010310,4,10,50.9,0.024201771600031008,10,1.0,True
202505010310,5,6,15.8,0.1381564138456392,4,2.0,False
202505010310,1,8,24.4,0.1527875477136628,2,3.0,False
202505010310,7,3,7.3,0.08355163761727492,8,4.0,False
202505010310,10,1,1.8,0.2992914068783581,1,5.0,False
202505010310,2,5,14.4,0.11464006345125051,6,6.0,False
202505010310,12,2,6.3,0.15146130823737486,3,7.0,False
202505010310,8,4,9.3,0.06694806656690862,9,8.0,False
202505010310,3,12,164.0,0.011496024492301839,13,9.0,False
202505010310,6,11,138.1,0.012953109279401746,12,10.0,False
202505010310,9,13,192.6,0.023922207583131728,11,11.0,False
202505010310,13,9,32.5,0.08857099643092728,7,12.0,False
202505010310,11,7,18.4,0.11940067675634455,5,13.0,False
202101020412,14,1,3.5,0.18345930358483512,2,1.0,True
202101020412,4,2,3.9,0.11320140904863715,3,2.0,False
202101020412,16,8,27.4,0.05326674684084126,8,3.0,False
202101020412,5,6,15.8,0.09600456938274218,4,4.0,False
202101020412,6,3,4.8,0.22596715647946988,1,5.0,False
202101020412,3,4,7.2,0.070543370817419,7,6.0,False
202101020412,11,7,16.3,0.08672725143604931,5,7.0,False
202101020412,15,13,73.2,0.04052715853025091,10,8.0,False
202101020412,12,15,125.0,0.023204008448036505,14,9.0,False
202101020412,8,9,29.3,0.08275283116766978,6,10.0,False
202101020412,2,11,42.4,0.038742907564573846,11,11.0,False
202101020412,13,16,236.6,0.0060377664996513,16,12.0,False
202101020412,9,5,13.3,0.032102703852731077,13,13.0,False
202101020412,1,10,36.7,0.03700471779794756,12,14.0,False
202101020412,7,12,71.6,0.015255774676920783,15,15.0,False
202101020412,10,14,82.3,0.05188793040111658,9,16.0,False
202009060707,4,7,13.3,0.027583801112402866,5,1.0,True
202009060707,6,5,9.7,0.09596508328587243,3,2.0,False
202009060707,1,8,18.2,0.021079737555179143,10,3.0,False
202009060707,8,11,31.2,0.026736234860816072,6,4.0,False
202009060707,7,6,11.1,0.01971682894480016,11,5.0,False
202009060707,13,1,4.0,0.09729130501505164,2,6.0,False
202009060707,2,10,28.8,0.012784555711288859,12,7.0,False
202009060707,15,2,4.0,0.13687083205781014,1,8.0,False
202009060707,3,4,8.7,0.024316314415676273,7,9.0,False
202009060707,14,13,108.7,0.010201864765421812,13,10.0,False
202009060707,5,3,5.7,0.021277273668062018,9,11.0,False
202009060707,16,16,248.7,0.008921644078856728,14,12.0,False
202009060707,11,9,26.2,0.030973048196330573,4,13.0,False
202009060707,12,12,48.0,0.007471738263562568,15,14.0,False
202009060707,10,15,236.6,0.0016467166039991906,16,15.0,False
202009060707,9,14,181.6,0.022668343927885234,8,16.0,False
202407030503,5,1,1.9,0.20476629436373658,2,1.0,True
202407030503,8,5,12.2,0.15648813275783516,3,2.0,False
202407030503,1,4,10.2,0.10807569193900576,5,3.0,False
202407030503,9,3,7.5,0.21882332553541362,1,4.0,False
202407030503,3,2,4.1,0.14818277626643248,4,5.0,False
202407030503,4,6,16.1,0.03637296263192319,10,6.0,False
202407030503,7,12,263.5,0.036734768055999574,9,7.0,False
202407030503,2,8,73.4,0.053082415472113405,8,8.0,False
202407030503,12,7,43.4,0.06176595664588499,7,9.0,False
202407030503,11,11,154.5,0.07708820794008646,6,10.0,False
202407030503,10,10,108.2,0.017362327572934776,11,11.0,False
202407030503,6,9,103.7,0.0037560367077715856,12,12.0,False
202106040410,3,2,4.4,0.17158722861769346,1,1.0,True
202106040410,10,5,9.6,0.055800492507622354,8,2.0,False
202106040410,5,4,8.3,0.08262199633154502,3,3.0,False
202106040410,8,9,23.5,0.06460254969388222,6,4.0,False
202106040410,7,13,85.8,0.05339726623635221,10,5.0,False
202106040410,2,1,3.2,0.14200608096805245,2,6.0,False
202106040410,6,11,31.2,0.02467237266232657,13,7.0,False
202106040410,12,14,115.8,0.024576752724337438,14,8.0,False
202106040410,1,3,7.2,0.06986811489557505,4,9.0,False
202106040410,11,10,26.1,0.027236245621914946,12,10.0,False
202106040410,4,6,11.1,0.05442257464676527,9,11.0,False
202106040410,15,15,247.8,0.008139787376369475,15,12.0,False
202106040410,13,8,19.9,0.03636670834747805,11,13.0,False
202106040410,14,12,33.7,0.06486975215971096,5,14.0,False
202106040410,9,7,18.7,0.06163452621197714,7,15.0,False
202504020407,6,2,4.6,0.13308620823122733,2,1.0,True
202504020407,13,1,3.7,0.058811606638548196,6,2.0,False
202504020407,10,10,24.5,0.009258376113841895,16,3.0,False
202504020407,16,4,8.0,0.129991759056289,3,4.0,False
202504020407,17,11,33.2,0.04573768203243912,11,5.0,False
202504020407,18,3,4.9,0.02631628411619214,13,6.0,False
202504020407,7,14,90.5,0.05287881128282644,9,7.0,False
202504020407,12,18,274.0,0.04879996509097471,10,8.0,False
202504020407,15,6,13.1,0.18915148171883706,1,9.0,False
202504020407,2,12,64.2,0.04360485451119655,12,10.0,False
202504020407,5,9,24.1,0.00810032224781473,17,11.0,False
202504020407,3,7,20.4,0.10115920411975256,4,12.0,False
202504020407,1,15,143.6,0.05596218737862091,8,13.0,False
202504020407,4,16,144.2,0.017813369190428134,15,14.0,False
202504020407,11,13,70.2,0.07495139172991971,5,15.0,False
202504020407,8,5,10.1,0.05759486459272817,7,16.0,False
202504020407,9,8,23.6,0.023061745000120874,14,17.0,False
202504020407,14,17,244.2,0.0042038040755180885,18,18.0,False
202204040207,1,15,97.6,0.007410241151641216,13,1.0,True
202204040207,17,3,7.8,0.03820083949387847,4,2.0,False
202204040207,3,5,12.7,0.08005558714415012,2,3.0,False
202204040207,7,10,20.8,0.004482692713773668,17,4.0,False
202204040207,16,2,4.9,0.016585436633715405,9,5.0,False
202204040207,5,8,17.5,0.024169017382114178,6,6.0,False
202204040207,8,16,154.5,0.004838327618128731,15,7.0,False
202204040207,18,6,13.8,0.011136605568314396,11,8.0,False
202204040207,12,13,37.9,0.006106861546991936,14,9.0,False
202204040207,2,12,34.2,0.04230184572588402,3,10.0,False
202204040207,13,7,16.1,0.019105184666261498,8,11.0,False
202204040207,6,14,40.8,0.00852661794449378,12,12.0,False
202204040207,15,11,29.2,0.004541639676136145,16,13.0,False
202204040207,4,17,168.1,0.019992295520223427,7,14.0,False
202204040207,9,1,3.4,0.030898701917073123,5,15.0,False
202204040207,10,18,277.2,0.0008988054481320494,18,16.0,False
202204040207,14,9,18.0,0.013416420994331412,10,17.0,False
202204040207,11,4,8.6,0.09316232485656532,1,18.0,False
202510010807,8,2,3.8,0.20731296917086742,1,1.0,True
202510010807,10,3,4.4,0.14155727304362242,2,2.0,False
202510010807,9,6,19.7,0.049751810120272945,5,3.0,False
202510010807,7,7,29.5,0.016802485416944356,11,4.0,False
202510010807,12,1,2.8,0.06354098662894644,4,5.0,False
202510010807,1,11,46.1,0.018940352593043067,10,6.0,False
202510010807,2,15,92.3,0.019868574965633705,9,7.0,False
202510010807,13,9,33.2,0.013243825301975527,13,8.0,False
202510010807,14,13,63.6,0.004609898293134318,15,9.0,False
202510010807,3,5,15.2,0.014329266948144962,12,10.0,False
202510010807,5,8,32.3,0.010222840493454937,14,11.0,False
202510010807,15,4,10.6,0.07157726285675232,3,12.0,False
202510010807,4,12,57.9,0.02549842428635171,8,13.0,False
202510010807,16,10,42.0,0.039967854686863195,7,14.0,False
202510010807,6,16,232.8,0.003930073345884614,16,15.0,False
202510010807,11,14,88.6,0.04236886714714035,6,16.0,False
202109010309,4,4,7.3,0.14487732772080025,8,1.0,True
202109010309,10,1,3.6,0.17136681178771834,5,2.0,False
202109010309,9,9,32.4,0.14764023484807082,7,3.0,False
202109010309,8,3,5.5,0.20127732369798054,3,4.0,False
202109010309,1,7,12.2,0.1527591450036686,6,5.0,False
202109010309,7,2,4.5,0.495100439847769,1,6.0,False
202109010309,3,10,40.7,0.10217414793437331,9,7.0,False
202109010309,6,6,9.5,0.39572319979041115,2,8.0,False
202109010309,2,8,12.6,0.09496612469254154,10,9.0,False
202109010309,5,5,8.4,0.18612085143458243,4,10.0,False
202310010611,18,2,5.7,0.12074266324224965,1,1.0,True
202310010611,8,5,8.3,0.05166766839447482,7,2.0,False
202310010611,11,8,24.1,0.025767238172992465,15,3.0,False
202310010611,2,11,29.7,0.07136569874314924,5,4.0,False
202310010611,15,16,64.6,0.02013302949740731,16,5.0,False
202310010611,12,1,4.1,0.08458600650278235,3,6.0,False
202310010611,10,10,25.5,0.02706664678669945,14,7.0,False
202310010611,14,15,47.8,0.03356780147579461,11,8.0,False
202310010611,6,14,41.9,0.040487541739995046,8,9.0,False
202310010611,17,6,11.6,0.0794605996307971,4,10.0,False
202310010611,4,13,34.8,0.036109230707832944,10,11.0,False
202310010611,7,17,75.6,0.015000910017853874,18,12.0,False
202310010611,3,4,7.6,0.08578250779127165,2,13.0,False
202310010611,9,3,6.7,0.058933667452942075,6,14.0,False
202310010611,13,12,33.0,0.02935675765421549,12,15.0,False
202310010611,16,9,24.6,0.03627741153104924,9,16.0,False
202310010611,1,7,17.7,0.028268139316637637,13,17.0,False
202310010611,5,18,124.6,0.015817154463682308,17,18.0,False
202509020511,11,9,29.7,0.1223626739681563,5,1.0,True
202509020511,1,3,6.2,0.13687661447260985,2,2.0,False
202509020511,9,8,19.1,0.12395929023588567,4,3.0,False
202509020511,2,6,15.3,0.12792894795889126,3,4.0,False
202509020511,10,1,2.5,0.17977861233277695,1,5.0,False
202509020511,4,5,9.7,0.12140064001701599,6,6.0,False
202509020511,3,2,5.5,0.09798574785419169,7,7.0,False
202509020511,5,7,16.6,0.05936872823042463,11,8.0,False
202509020511,6,14,300.2,0.03740608791546153,13,9.0,False
202509020511,13,10,36.8,0.06733297387279123,10,10.0,False
202509020511,8,12,87.6,0.06854135714137116,9,11.0,False
202509020511,7,4,7.2,0.09492048010040571,8,12.0,False
202509020511,12,13,266.6,0.023295955243441725,14,13.0,False
202509020511,14,11,47.4,0.05927437671936412,12,14.0,False
202310010309,7,2,3.3,0.3641005513376974,1,1.0,True
202310010309,6,3,8.2,0.03285042167549684,7,2.0,False
202310010309,4,6,17.5,0.09172153315513532,6,3.0,False
202310010309,5,8,71.5,0.023379887908814935,8,4.0,False
202310010309,8,7,34.1,0.13962069186458015,5,5.0,False
202310010309,1,4,9.8,0.18787148180723215,4,6.0,False
202310010309,2,1,1.7,0.3477870882307781,2,7.0,False
202310010309,3,5,14.3,0.25454650227406034,3,8.0,False
202303020804,5,1,2.7,0.3693262307586842,1,1.0,True
202303020804,9,2,4.2,0.1788496371014252,2,2.0,False
202303020804,4,3,5.0,0.09802954290701853,4,3.0,False
202303020804,16,6,13.3,0.019564368108167574,8,4.0,False
202303020804,15,4,6.2,0.11005144159293119,3,5.0,False
202303020804,1,11,159.2,0.010126587728535282,10,6.0,False
202303020804,14,5,8.0,0.08102359696208503,5,7.0,False
202303020804,12,7,55.4,0.005663394791739127,14,8.0,False
202303020804,2,10,85.5,0.030704429670038343,7,9.0,False
202303020804,7,9,60.5,0.03283552939329424,6,10.0,False
202303020804,3,15,366.2,0.002904452732797615,15,11.0,False
202303020804,8,14,325.5,0.0018501278506494073,16,12.0,False
202303020804,13,16,392.3,0.009501830407212569,11,13.0,False
202303020804,6,13,227.8,0.008310890277897897,12,14.0,False
202303020804,10,8,56.6,0.006512755314408496,13,15.0,False
202303020804,11,12,186.5,0.01878431674634874,9,16.0,False
202409010105,9,1,1.9,0.12375061393330551,7,1.0,True
202409010105,12,4,12.3,0.06140740760510743,9,2.0,False
202409010105,3,6,13.5,0.2461006704194815,3,3.0,False
202409010105,4,2,4.3,0.26558853529554016,2,4.0,False
202409010105,6,3,8.2,0.1335302946384355,5,5.0,False
202409010105,2,7,13.7,0.12621980821396067,6,6.0,False
202409010105,1,8,22.3,0.2930283054359683,1,7.0,False
202409010105,8,12,359.7,0.01128707064714663,13,8.0,False
202409010105,10,9,108.8,0.04224695817519711,10,9.0,False
202409010105,11,5,13.3,0.18615158486315872,4,10.0,False
202409010105,13,10,153.6,0.10148058995933736,8,11.0,False
202409010105,5,11,220.9,0.01519732356129314,12,12.0,False
202409010105,7,13,580.9,0.031022485387384197,11,13.0,False
202004020411,12,1,2.6,0.16257324012399788,1,1.0,True
202004020411,14,4,7.4,0.04301955325050045,6,2.0,False
202004020411,3,2,5.6,0.04911683404201639,4,3.0,False
202004020411,2,8,19.4,0.04711096326236106,5,4.0,False
202004020411,5,3,7.2,0.10979774347916553,2,5.0,False
202004020411,7,9,20.2,0.041153897223438145,7,6.0,False
202004020411,11,12,51.4,0.019150608604994776,10,7.0,False
202004020411,1,5,7.5,0.027952154851382374,8,8.0,False
202004020411,9,7,18.9,0.02670155991626958,9,9.0,False
202004020411,6,6,17.9,0.07346239671683368,3,10.0,False
202004020411,4,10,46.7,0.0033002716633260174,14,11.0,False
202004020411,13,11,48.9,0.016198617031008132,11,12.0,False
202004020411,8,13,114.7,0.0038925135094752153,12,13.0,False
202004020411,10,14,160.4,0.0034915566123467716,13,14.0,False
202405010409,3,2,3.2,0.0802122850757052,9,1.0,True
202405010409,5,3,5.0,0.287695046232131,2,2.0,False
202405010409,2,5,10.0,0.2963712942324818,1,3.0,False
202405010409,4,7,23.2,0.21903441505456303,5,4.0,False
202405010409,1,6,15.9,0.24287580501579736,3,5.0,False
202405010409,6,4,8.0,0.2226114629827401,4,6.0,False
202405010409,9,1,2.5,0.21446082551639675,6,7.0,False
202405010409,7,8,54.4,0.17794532491346485,7,8.0,False
202405010409,8,9,86.9,0.11382931147482088,8,9.0,False
202209030408,4,1,1.8,0.1645871045757869,5,1.0,True
202209030408,11,5,9.3,0.28350434054557944,2,2.0,False
202209030408,1,6,16.9,0.04892526718479771,9,3.0,False
202209030408,3,4,9.2,0.4658875660420337,1,4.0,False
202209030408,10,3,7.1,0.0859486865712235,7,5.0,False
202209030408,2,8,41.7,0.19624084765286037,3,6.0,False
202209030408,5,10,223.5,0.03305410001533752,10,7.0,False
202209030408,6,2,5.7,0.1722604270657912,4,8.0,False
202209030408,7,9,44.2,0.08016624846383676,8,9.0,False
202209030408,9,7,19.9,0.15727360329581905,6,10.0,False
202209030408,8,11,269.1,0.008453701125907471,11,11.0,False
202204010307,8,5,11.0,0.041325424954083936,6,1.0,True
202204010307,13,6,13.5,0.030884501259555035,10,2.0,False
202204010307,3,8,16.0,0.01535663650029729,13,3.0,False
202204010307,16,10,16.8,0.05838383660150727,4,4.0,False
202204010307,9,9,16.3,0.03771836863140718,8,5.0,False
202204010307,2,4,6.1,0.1588716585004795,1,6.0,False
202204010307,12,12,35.1,0.01869098008571207,11,7.0,False
202204010307,5,1,5.2,0.0399172102097028,7,8.0,False
202204010307,10,11,23.0,0.03268989693293287,9,9.0,False
202204010307,15,16,171.2,0.0014833192867615109,16,10.0,False
202204010307,7,2,5.5,0.12893430675969678,2,11.0,False
202204010307,11,3,5.9,0.10504617017574773,3,12.0,False
202204010307,6,7,15.0,0.04857593499321273,5,13.0,False
202204010307,1,15,114.2,0.004342142618508566,15,14.0,False
202204010307,14,14,47.0,0.01740633003260473,12,15.0,False
202204010307,4,13,35.2,0.015336435301379922,14,16.0,False
202509040409,6,4,25.1,0.032575052428556475,6,1.0,True
202509040409,8,2,5.3,0.2448796438713283,2,2.0,False
202509040409,5,1,1.1,0.35895408825607683,1,3.0,False
202509040409,4,3,8.2,0.03358241478483591,5,4.0,False
202509040409,2,5,57.1,0.051533318966985056,4,5.0,False
202509040409,3,6,71.2,0.02021912829428249,7,6.0,False
202509040409,7,9,213.3,0.012345404810960359,9,7.0,False
202509040409,9,7,111.1,0.06494885589498008,3,8.0,False
202509040409,1,8,146.9,0.015201688259587728,8,9.0,False
202005050211,18,3,5.3,0.32905569172025545,1,1.0,True
202005050211,2,6,22.9,0.10245065154513444,2,2.0,False
202005050211,10,9,26.3,0.08268206971996278,5,3.0,False
202005050211,5,1,2.3,0.09120820123091225,3,4.0,False
202005050211,13,13,57.2,0.018356997682174896,14,5.0,False
202005050211,8,2,4.9,0.08667466791138843,4,6.0,False
202005050211,3,15,94.1,0.004218287043606787,17,7.0,False
202005050211,16,16,94.7,0.016147469173953218,15,8.0,False
202005050211,17,11,31.2,0.04413415897035821,8,9.0,False
202005050211,9,17,227.2,0.0017797210415710057,18,10.0,False
202005050211,14,8,26.3,0.03177180092162,11,11.0,False
202005050211,7,10,30.2,0.043484822096431563,9,12.0,False
202005050211,15,5,19.8,0.011044834022011635,16,13.0,False
202005050211,6,12,32.4,0.0413229332606095,10,14.0,False
202005050211,1,7,23.4,0.048846692249875985,7,15.0,False
202005050211,11,18,232.3,0.02264105253551205,13,16.0,False
202005050211,12,4,14.1,0.06488943011395167,6,17.0,False
202005050211,4,14,93.9,0.025269548270224124,12,18.0,False
202001020708,1,3,5.9,0.273778605806055,2,1.0,True
202001020708,5,2,5.1,0.3454196177719678,1,2.0,False
202001020708,7,6,14.9,0.07837825016103288,5,3.0,False
202001020708,2,5,10.0,0.24755110250400567,3,4.0,False
202001020708,15,1,2.5,0.10247711864610594,4,5.0,False
202001020708,10,10,47.3,0.01314363717293596,16,6.0,False
202001020708,4,12,63.1,0.057202250438937514,8,7.0,False
202001020708,8,4,9.0,0.02555530492115704,12,8.0,False
202001020708,11,7,16.0,0.078315436597096,6,9.0,False
202001020708,12,8,25.3,0.04505058647881834,9,10.0,False
202001020708,9,13,71.6,0.02093561138510306,13,11.0,False
202001020708,14,11,50.0,0.026841097858840333,11,12.0,False
202001020708,16,14,109.8,0.01695272216123363,14,13.0,False
202001020708,6,15,113.2,0.03422843172512649,10,14.0,False
202001020708,13,16,392.1,0.013248531114122834,15,15.0,False
202001020708,3,9,32.6,0.07692487513527588,7,16.0,False
202405040511,16,4,7.2,0.16775936828074076,1,1.0,True
202405040511,11,1,3.2,0.05280438673343847,10,2.0,False
202405040511,14,9,26.7,0.09051215169186795,7,3.0,False
202405040511,7,2,3.4,0.10514241749852629,4,4.0,False
202405040511,17,14,144.2,0.06790461629344495,8,5.0,False
202405040511,8,17,366.6,0.026804508565062456,16,6.0,False
202405040511,12,11,56.0,0.0482423159646367,11,6.0,False
202405040511,10,8,26.5,0.14769805598004584,2,8.0,False
202405040511,9,3,6.3,0.05858185429010346,9,9.0,False
202405040511,4,5,10.5,0.10186017981137703,5,10.0,False
202405040511,2,16,228.3,0.04510564538149089,12,11.0,False
202405040511,6,6,18.9,0.11505318408741777,3,12.0,False
202405040511,5,13,129.7,0.027818260779590813,15,13.0,False
202405040511,3,15,179.8,0.03142107001318503,14,14.0,False
202405040511,13,10,47.0,0.042270752421673406,13,15.0,False
202405040511,15,7,18.9,0.09468649697309506,6,16.0,False
202405040511,1,12,57.4,0.014109896670160407,17,17.0,False
202201020611,8,6,12.3,0.2011959512572845,1,1.0,True
202201020611,5,2,6.0,0.1302810364459355,5,2.0,False
202201020611,1,4,7.8,0.16252759231441657,3,3.0,False
202201020611,16,1,3.8,0.18171137668094692,2,4.0,False
202201020611,11,11,31.4,0.07821870650646283,6,5.0,False
202201020611,14,5,8.7,0.03354729410393802,12,6.0,False
202201020611,9,3,6.7,0.14533331533582594,4,7.0,False
202201020611,6,10,20.0,0.03458855840997452,10,8.0,False
202201020611,12,12,36.5,0.07112444465238005,7,9.0,False
202201020611,15,9,15.9,0.0654433419461456,8,10.0,False
202201020611,7,14,61.4,0.06284355329313122,9,11.0,False
202201020611,13,7,13.6,0.02678521179199031,14,12.0,False
202201020611,10,8,14.7,0.03374703428715944,11,13.0,False
202201020611,2,13,58.2,0.03134124676169432,13,14.0,False
202201020611,4,15,184.3,0.00733522671059712,15,15.0,False
202407010605,6,3,5.5,0.10676054804144364,3,1.0,True
202407010605,5,7,19.4,0.0242906320754304,10,2.0,False
202407010605,1,4,6.4,0.056263083964022596,5,3.0,False
202407010605,13,6,11.8,0.04547167890012625,6,4.0,False
202407010605,7,1,2.9,0.16129299476482195,2,5.0,False
202407010605,9,5,8.6,0.08307656100912882,4,6.0,False
202407010605,11,8,21.3,0.027593055637855406,8,7.0,False
202407010605,12,9,90.3,0.02486746512777674,9,8.0,False
202407010605,4,13,319.5,0.005666288024436107,13,9.0,False
202407010605,8,2,4.1,0.20987157181267935,1,10.0,False
202407010605,3,11,129.1,0.020972219532474034,11,11.0,False
202407010605,10,12,268.5,0.013542638038219333,12,12.0,False
202407010605,2,10,102.5,0.02783432559749844,7,13.0,False
202505050111,10,1,1.8,0.2333672393739129,1,1.0,True
202505050111,12,8,19.7,0.14548865910035103,3,2.0,False
202505050111,14,12,67.4,0.05731998017583452,11,3.0,False
202505050111,2,6,14.6,0.07707994294270133,8,4.0,False
202505050111,3,4,12.0,0.13736749604039292,4,5.0,False
202505050111,7,10,36.5,0.05892135586558775,9,6.0,False
202505050111,15,16,351.4,0.008453901728653726,16,7.0,False
202505050111,8,13,70.7,0.05739310803919284,10,8.0,False
202505050111,16,3,8.2,0.08782131596430848,7,8.0,False
202505050111,6,2,7.6,0.05078971148506734,12,10.0,False
202505050111,1,7,19.5,0.12709720931325008,5,11.0,False
202505050111,4,5,12.1,0.15519317513956069,2,12.0,False
202505050111,5,9,31.4,0.09811437437899925,6,13.0,False
202505050111,11,15,230.0,0.02610852704528137,15,14.0,False
202505050111,13,11,64.5,0.02913007885696844,14,15.0,False
202505050111,9,14,90.3,0.04037623003933516,13,16.0,False
202107020109,8,8,19.9,0.12447699107152835,4,1.0,True
202107020109,2,11,30.7,0.06889214699147807,8,2.0,False
202107020109,3,1,4.6,0.08899537724719997,7,3.0,False
202107020109,1,3,5.5,0.15284064132096847,2,4.0,False
202107020109,10,10,22.5,0.03412634593957387,12,5.0,False
202107020109,13,4,7.8,0.09417620499541117,6,6.0,False
202107020109,11,14,112.6,0.06313640482060105,9,7.0,False
202107020109,9,7,11.7,0.027932352338550407,14,8.0,False
202107020109,4,5,8.6,0.09799683522563747,5,9.0,False
202107020109,5,13,65.3,0.04293431435784046,11,10.0,False
202107020109,6,12,38.3,0.033021314636611676,13,11.0,False
202107020109,12,2,4.9,0.15687277784074166,1,12.0,False
202107020109,14,9,21.2,0.04748660078962158,10,13.0,False
202107020109,7,6,9.8,0.13665066511827548,3,14.0,False
202506010812,9,4,13.5,0.03324991793440441,7,1.0,True
202506010812,4,1,2.1,0.22275268111292093,1,2.0,False
202506010812,8,3,5.0,0.15600373882333826,2,3.0,False
202506010812,12,2,4.0,0.11870053761886055,4,4.0,False
202506010812,5,9,50.8,0.022240379537341398,8,5.0,False
202506010812,3,11,85.4,0.01843794412635338,9,6.0,False
202506010812,6,5,14.3,0.04156105888145894,6,7.0,False
202506010812,16,6,14.6,0.12264729554958444,3,8.0,False
202506010812,7,12,94.0,0.002420073468881065,16,9.0,False
202506010812,14,14,166.1,0.013180333985925228,10,10.0,False
202506010812,15,13,163.9,0.009740623832811806,12,11.0,False
202506010812,11,8,50.1,0.01038385706950688,11,12.0,False
202506010812,1,16,207.3,0.008433431782544689,13,13.0,False
202506010812,2,15,198.2,0.00740492935028027,14,14.0,False
202506010812,13,10,80.6,0.0051415741064701915,15,15.0,False
202506010812,10,7,34.7,0.07780046648334396,5,16.0,False
202403030508,12,1,3.0,0.13523064366585275,2,1.0,True
202403030508,11,3,5.6,0.14699781254223288,1,2.0,False
202403030508,14,13,59.5,0.015877763649637135,14,3.0,False
202403030508,2,2,4.9,0.0627177017420537,4,4.0,False
202403030508,15,6,15.6,0.07785990824909851,3,5.0,False
202403030508,16,7,25.0,0.021237236317609872,10,6.0,False
202403030508,3,10,44.8,0.04325797616301847,5,7.0,False
202403030508,10,15,192.3,0.021231608071002106,11,8.0,False
202403030508,13,5,7.9,0.04093704233565241,7,9.0,False
202403030508,8,4,6.1,0.02091004416937804,12,10.0,False
202403030508,9,11,52.3,0.004116124411881224,16,11.0,False
202403030508,7,12,56.7,0.03159135801743401,8,12.0,False
202403030508,6,14,137.4,0.012401353524055216,15,13.0,False
202403030508,1,8,26.5,0.026723926083653166,9,14.0,False
202403030508,5,9,35.5,0.04131171070572061,6,15.0,False
202306050804,8,3,5.3,0.08975511095189118,3,1.0,True
202306050804,6,2,5.3,0.08178655791155749,4,2.0,False
202306050804,12,4,11.6,0.058384051782962784,5,3.0,False
202306050804,10,1,1.5,0.42235804002184263,1,4.0,False
202306050804,14,7,40.8,0.006292773216363618,15,5.0,False
202306050804,16,8,98.9,0.048289858863017884,7,6.0,False
202306050804,2,6,26.7,0.14841086788271446,2,7.0,False
202306050804,11,15,860.1,0.010691410130986359,9,8.0,False
202306050804,5,5,24.1,0.04940957807926394,6,9.0,False
202306050804,15,10,336.5,0.006939476825156231,14,10.0,False
202306050804,3,13,507.3,0.008795897821243064,11,11.0,False
202306050804,13,11,419.8,0.03661915979873945,8,12.0,False
202306050804,7,12,446.6,0.008624505082982549,12,13.0,False
202306050804,9,14,853.6,0.01002938376443819,10,14.0,False
202306050804,4,9,151.7,0.007786485634690463,13,15.0,False
202306050804,1,16,931.1,0.0009985538879744387,16,16.0,False
202106050911,5,2,3.1,0.15897689332394843,3,1.0,True
202106050911,8,4,8.8,0.21289246514572607,1,2.0,False
202106050911,3,8,29.8,0.05323427610861107,13,3.0,False
202106050911,13,7,22.4,0.139822140016715,4,4.0,False
202106050911,9,10,39.2,0.0682614130638398,9,5.0,False
202106050911,10,9,34.4,0.0719468501259645,8,6.0,False
202106050911,2,12,85.5,0.06037685990166536,10,7.0,False
202106050911,1,13,153.7,0.012289407959288736,15,8.0,False
202106050911,4,11,80.9,0.05714438374405983,12,9.0,False
202106050911,15,5,15.1,0.09349733096866061,5,10.0,False
202106050911,12,6,17.3,0.07669347994826309,7,11.0,False
202106050911,6,1,2.9,0.2011505793112627,2,12.0,False
202106050911,7,3,7.7,0.08308063885381803,6,13.0,False
202106050911,11,15,243.4,0.05994671710967128,11,14.0,False
202106050911,14,14,176.6,0.037949121592307476,14,15.0,False
202309040107,4,1,1.7,0.247210766903571,1,1.0,True
202309040107,9,4,11.1,0.05028931262999108,7,2.0,False
202309040107,2,8,26.3,0.09241127702610824,5,3.0,False
202309040107,3,6,18.6,0.1574493855290663,2,4.0,False
202309040107,8,7,21.6,0.02918025690848785,8,5.0,False
202309040107,10,2,5.4,0.10033359666935775,4,6.0,False
202309040107,7,3,6.1,0.11705762046712564,3,7.0,False
202309040107,6,9,53.8,0.06208029754017227,6,8.0,False
202309040107,1,5,13.0,0.016013613199845896,9,9.0,False
202102010412,7,1,3.6,0.14237232708606154,3,1.0,True
202102010412,11,7,11.0,0.034503454826890635,10,2.0,False
202102010412,13,6,9.3,0.2716814567184056,1,3.0,False
202102010412,2,5,9.2,0.04489023235644726,7,4.0,False
202102010412,8,11,45.6,0.021490195619812098,13,5.0,False
202102010412,9,4,7.8,0.08761723193378335,5,6.0,False
202102010412,10,12,88.3,0.03314966759895472,12,7.0,False
202102010412,12,13,161.2,0.03508455942378749,9,8.0,False
202102010412,3,3,7.5,0.10555349840029692,4,9.0,False
202102010412,1,8,12.8,0.16150569914420504,2,10.0,False
202102010412,4,2,6.1,0.033442335031231125,11,11.0,False
202102010412,5,10,17.4,0.05080303601522733,6,12.0,False
202102010412,6,9,13.2,0.035653634377285214,8,13.0,False
202510020303,15,7,21.2,0.01802239587025272,11,1.0,True
202510020303,13,2,3.4,0.10719854012034882,2,2.0,False
202510020303,8,13,109.6,0.015568873988805474,12,3.0,False
202510020303,2,3,8.6,0.031560828554286734,5,4.0,False
202510020303,5,11,77.4,0.013747487716515017,14,5.0,False
202510020303,4,1,2.3,0.3871325794198824,1,6.0,False
202510020303,16,8,39.5,0.014799829632479332,13,7.0,False
202510020303,10,4,10.7,0.06542286382269516,3,8.0,False
202510020303,1,5,12.6,0.023559030672478838,8,9.0,False
202510020303,6,15,143.0,0.02915216472860161,7,10.0,False
202510020303,7,18,404.8,0.0013288702688844204,18,11.0,False
202510020303,18,10,63.9,0.030307252173572767,6,12.0,False
202510020303,12,14,137.4,0.035252478370797334,4,13.0,False
202510020303,14,9,60.2,0.008058263407928834,15,14.0,False
202510020303,3,17,297.6,0.005669420863222664,16,15.0,False
202510020303,9,6,13.5,0.023515894765407976,9,16.0,False
202510020303,11,12,82.1,0.021761203968988552,10,17.0,False
202510020303,17,16,203.2,0.0022915250855148604,17,18.0,False
202205021009,4,5,9.1,0.13601870560378143,5,1.0,True
202205021009,1,4,6.0,0.28944491466901123,2,2.0,False
202205021009,5,7,32.4,0.013110686450371847,8,3.0,False
202205021009,7,1,1.9,0.4501029931102666,1,4.0,False
202205021009,3,2,4.3,0.24880432164599056,3,5.0,False
202205021009,2,6,30.0,0.1288101515878516,6,6.0,False
202205021009,9,8,165.8,0.0233808138533129,7,7.0,False
202205021009,8,3,5.9,0.1515023268168389,4,8.0,False
202205021009,6,9,287.3,0.010244582748316114,9,9.0,False
202307030211,10,7,28.2,0.06342518791817145,8,1.0,True
202307030211,4,8,33.9,0.14556376079498284,5,2.0,False
202307030211,6,4,10.2,0.18548218845953657,4,3.0,False
202307030211,9,5,12.7,0.019108395040036974,12,4.0,False
202307030211,2,12,155.6,0.019914820915732722,11,5.0,False
202307030211,3,2,5.4,0.24946219233088465,2,6.0,False
202307030211,11,6,20.0,0.13557991852337745,6,7.0,False
202307030211,5,9,36.3,0.023499269204734184,10,8.0,False
202307030211,8,1,1.8,0.3525305220719535,1,9.0,False
202307030211,1,3,6.2,0.24814121321474852,3,10.0,False
202307030211,12,10,39.7,0.06384499671860361,7,11.0,False
202307030211,7,11,110.8,0.033893826179533654,9,12.0,False
202105020209,10,1,2.5,0.22258401240605052,3,1.0,True
202105020209,9,4,6.3,0.23972579957901125,2,2.0,False
202105020209,7,3,4.6,0.1530046398757396,4,3.0,False
202105020209,5,2,4.1,0.27031822847405507,1,4.0,False
202105020209,3,7,19.1,0.08708000596173973,8,5.0,False
202105020209,6,5,13.3,0.151178826822983,5,6.0,False
202105020209,4,8,27.5,0.08716430639581535,7,7.0,False
202105020209,2,6,16.1,0.10258303382210422,6,8.0,False
202105020209,1,9,82.2,0.036007865064979876,9,9.0,False
202105020209,8,10,161.0,0.0180679831154285,10,10.0,False
202204010111,7,1,3.0,0.0910571872558958,3,1.0,True
202204010111,1,4,7.3,0.12349585723953152,1,2.0,False
202204010111,5,8,17.0,0.029043900146665056,9,3.0,False
202204010111,10,3,5.5,0.07412130283605363,4,4.0,False
202204010111,11,7,16.4,0.042314218050410676,7,5.0,False
202204010111,9,6,13.6,0.05173495965494664,6,6.0,False
202204010111,2,2,4.2,0.0933471410621196,2,7.0,False
202204010111,8,5,9.0,0.03191667659832944,8,8.0,False
202204010111,3,10,109.7,0.001849425373307028,11,9.0,False
202204010111,4,9,20.7,0.05553824292488325,5,10.0,False
202204010111,6,11,194.6,0.00427321341195754,10,11.0,False
202003020411,3,3,7.4,0.03256725867309173,12,1.0,True
202003020411,13,7,12.4,0.180884456380178,1,2.0,False
202003020411,12,6,11.8,0.0589915647823073,11,3.0,False
202003020411,11,2,5.8,0.12742661052373036,4,4.0,False
202003020411,2,8,14.1,0.08854984811652887,5,5.0,False
202003020411,4,10,17.8,0.08621423684538077,6,6.0,False
202003020411,16,14,46.4,0.01779948059427123,14,7.0,False
202003020411,15,5,10.7,0.13189534697396327,3,8.0,False
202003020411,6,1,4.8,0.16830414981039699,2,9.0,False
202003020411,1,13,30.5,0.07414834670569302,7,10.0,False
202003020411,5,4,8.4,0.06072389166617414,10,11.0,False
202003020411,14,11,19.1,0.06092855210334975,9,12.0,False
202003020411,9,9,15.6,0.07228084984149605,8,13.0,False
202003020411,8,15,70.2,0.013159774746457248,15,14.0,False
202003020411,7,12,22.5,0.028229196705929105,13,15.0,False
202003020411,10,16,112.5,0.008476523386778534,16,16.0,False
202302010107,6,4,11.3,0.06889357826773808,6,1.0,True
202302010107,5,5,13.8,0.027413116036423706,8,2.0,False
202302010107,7,6,13.9,0.09002154452854488,5,3.0,False
202302010107,8,3,7.0,0.10350877150595088,3,4.0,False
202302010107,4,7,14.2,0.03795348266700581,7,5.0,False
202302010107,3,2,5.6,0.09896988401146131,4,6.0,False
202302010107,1,9,66.3,0.025340747266851992,9,7.0,False
202302010107,9,1,1.6,0.17518354468386818,1,8.0,False
202302010107,2,8,53.4,0.14336550308089005,2,9.0,False
202509010109,1,3,4.5,0.20900942017892574,4,1.0,True
202509010109,6,4,5.2,0.2627832329966472,2,2.0,False
202509010109,3,1,2.8,0.35089915533274646,1,3.0,False
202509010109,2,5,7.4,0.10662770438572877,7,4.0,False
202509010109,8,6,15.9,0.13928378409385614,6,5.0,False
202509010109,4,2,4.0,0.23115814151077244,3,6.0,False
202509010109,7,7,31.4,0.16037282232987135,5,7.0,False
202509010109,5,8,120.6,0.016952568228952962,8,8.0,False
202505050201,2,1,2.3,0.04659372276886872,7,1.0,True
202505050201,10,7,16.1,0.11145292068334876,3,2.0,False
202505050201,13,2,4.4,0.09279442938082348,4,3.0,False
202505050201,7,3,8.0,0.19635544508706343,1,4.0,False
202505050201,6,11,89.3,0.022483582190244333,11,5.0,False
202505050201,15,6,11.6,0.03975754232203428,8,6.0,False
202505050201,3,10,83.4,0.048148318998371215,6,7.0,False
202505050201,8,8,44.9,0.016207115584826976,14,8.0,False
202505050201,9,12,147.2,0.02383712318820754,10,9.0,False
202505050201,11,9,49.9,0.017959600527399325,12,10.0,False
202505050201,14,5,8.2,0.06920161432131743,5,11.0,False
202505050201,16,4,8.2,0.11339955576831456,2,12.0,False
202505050201,5,13,236.9,0.02995043546372058,9,13.0,False
202505050201,1,14,347.8,0.015626162923890394,15,14.0,False
202505050201,12,16,438.1,0.01788958749948062,13,15.0,False
202505050201,4,15,408.2,0.0004208189427737213,16,16.0,False
202008030611,7,2,3.4,0.25559454446736474,1,1.0,True
202008030611,8,3,4.9,0.13970008607035206,3,2.0,False
202008030611,11,1,2.3,0.15197400829870583,2,3.0,False
202008030611,9,8,54.7,0.013432901589989055,9,4.0,False
202008030611,4,6,18.0,0.0039647899310528934,12,5.0,False
202008030611,5,9,79.1,0.007526270779026712,11,6.0,False
202008030611,1,10,116.8,0.02384231137457391,6,7.0,False
202008030611,10,12,198.7,0.0133703181680456,10,8.0,False
202008030611,3,7,20.9,0.023362985645645866,7,9.0,False
202008030611,2,5,16.6,0.030796930786680325,5,10.0,False
202008030611,6,11,146.4,0.014715440994264792,8,11.0,False
202008030611,12,4,8.2,0.09531654174784375,4,12.0,False
202006040504,7,2,3.1,0.32953634824532374,1,1.0,True
202006040504,3,3,8.3,0.09030510931355874,3,2.0,False
202006040504,1,1,1.7,0.15838398658711828,2,3.0,False
202006040504,2,4,15.6,0.03165577869776034,6,4.0,False
202006040504,6,9,111.8,0.012255311058879186,9,5.0,False
202006040504,8,5,39.1,0.0693572600764862,4,6.0,False
202006040504,13,7,71.1,0.009228071605908014,10,7.0,False
202006040504,4,8,72.2,0.022495062540067976,7,8.0,False
202006040504,9,12,226.4,0.007497705781504318,12,9.0,False
202006040504,12,10,160.8,0.019712029812390466,8,10.0,False
202006040504,10,6,49.6,0.04010309088555143,5,11.0,False
202006040504,11,11,194.3,0.0018223677347214665,13,12.0,False
202006040504,5,13,230.9,0.007879576824658249,11,13.0,False
202209050303,10,1,2.3,0.14169447977951938,5,1.0,True
202209050303,8,2,3.9,0.25119085831218235,2,2.0,False
202209050303,4,4,7.5,0.2995704510881621,1,3.0,False
202209050303,6,3,4.8,0.1960793805567267,3,4.0,False
202209050303,5,9,92.1,0.03330258413003838,10,5.0,False
202209050303,2,5,11.2,0.17714858451482668,4,6.0,False
202209050303,9,7,56.2,0.1278901270647047,6,7.0,False
202209050303,3,6,41.1,0.06633578560938212,8,8.0,False
202209050303,1,10,188.3,0.006986946253159532,11,9.0,False
202209050303,11,8,67.7,0.08609998546175451,7,10.0,False
202209050303,7,11,240.8,0.041647051019308975,9,11.0,False
202005020909,2,2,3.6,0.36650439522423794,1,1.0,True
202005020909,6,3,5.8,0.04829005909685114,7,2.0,False
202005020909,8,1,2.1,0.3211361390415347,3,3.0,False
202005020909,3,4,7.2,0.33034398142764304,2,4.0,False
202005020909,4,5,9.4,0.18636323815554798,4,5.0,False
202005020909,1,6,12.9,0.11755717412344623,5,6.0,False
202005020909,5,7,67.0,0.051593024995743454,6,7.0,False
202005020909,7,8,137.6,0.04030001012158335,8,8.0,False
202303020701,11,1,3.1,0.0778410824333137,4,1.0,True
202303020701,3,3,8.7,0.033458132479046304,12,2.0,False
202303020701,13,7,14.2,0.11605670194064534,3,3.0,False
202303020701,1,8,24.9,0.049141377548703936,5,4.0,False
202303020701,6,5,10.5,0.045078122662107326,6,5.0,False
202303020701,14,10,81.6,0.03936493519233524,10,6.0,False
202303020701,12,4,9.6,0.13859254971442111,2,7.0,False
202303020701,4,13,214.5,0.04432274622024459,8,8.0,False
202303020701,5,2,3.1,0.3631821105533077,1,9.0,False
202303020701,9,6,13.1,0.01988647550474596,15,10.0,False
202303020701,8,9,51.7,0.04005322540953849,9,11.0,False
202303020701,15,12,136.3,0.04479302615133728,7,12.0,False
202303020701,7,15,454.7,0.02036729837711501,14,13.0,False
202303020701,2,11,112.7,0.0355878317130588,11,14.0,False
202303020701,10,14,239.1,0.02107558366539733,13,15.0,False
202009060409,7,2,6.0,0.15231075915025288,3,1.0,True
202009060409,2,1,1.6,0.34024726519736953,1,2.0,False
202009060409,9,4,7.4,0.08419509751196594,6,3.0,False
202009060409,3,3,6.9,0.2217508877858788,2,4.0,False
202009060409,12,5,12.4,0.10308339665977245,4,5.0,False
202009060409,1,11,254.0,0.061702356957558616,8,6.0,False
202009060409,6,8,47.9,0.03449197872768514,11,7.0,False
202009060409,10,12,341.7,0.01040562380218782,12,8.0,False
202009060409,8,9,49.1,0.08679304520572562,5,9.0,False
202009060409,4,7,47.9,0.07440630543276369,7,10.0,False
202009060409,11,10,89.5,0.03613370309651994,9,11.0,False
202009060409,5,6,45.8,0.03554608131106184,10,12.0,False
202404010410,14,2,4.1,0.1967340185091237,2,1.0,True
202404010410,15,1,3.9,0.2325348868194938,1,2.0,False
202404010410,16,4,7.0,0.06513595891978848,4,3.0,False
202404010410,10,12,42.9,0.0053287574323388895,16,4.0,False
202404010410,2,11,41.8,0.02144021360121273,11,5.0,False
202404010410,12,7,15.6,0.0513976212388816,5,6.0,False
202404010410,7,16,181.1,0.011714787691819594,13,7.0,False
202404010410,9,5,9.3,0.021904254207156894,10,8.0,False
202404010410,4,14,85.5,0.013099269582617092,12,9.0,False
202404010410,8,6,15.0,0.03247401424495178,6,10.0,False
202404010410,13,9,23.0,0.030736155428742758,7,11.0,False
202404010410,1,10,37.4,0.02377190961792389,9,12.0,False
202404010410,3,3,5.8,0.1555001900832994,3,13.0,False
202404010410,11,8,21.7,0.02610168881895296,8,14.0,False
202404010410,6,15,103.4,0.0069251422344109685,14,15.0,False
202404010410,5,13,55.3,0.006062953676057668,15,16.0,False
202505021206,14,1,3.7,0.09260896275355304,7,1.0,True
202505021206,8,4,4.8,0.09868761578354161,5,2.0,False
202505021206,2,2,3.9,0.2867793480772734,2,3.0,False
202505021206,6,6,13.1,0.07605739029555957,8,4.0,False
202505021206,3,3,4.7,0.29235848155390665,1,5.0,False
202505021206,9,5,11.2,0.1121320698990396,4,6.0,False
202505021206,1,11,112.6,0.04345118888047273,9,7.0,False
202505021206,12,8,33.8,0.09769763966464806,6,8.0,False
202505021206,4,10,68.2,0.019388160686864744,11,9.0,False
202505021206,13,12,151.3,0.00855624214657878,13,10.0,False
202505021206,10,7,16.5,0.19632609851291727,3,11.0,False
202505021206,7,9,44.9,0.031102430978432856,10,12.0,False
202505021206,11,15,461.3,0.001519074839857512,16,13.0,False
202505021206,16,16,549.5,0.001759133799716872,15,14.0,False
202505021206,5,13,399.8,0.008707404951664555,12,15.0,False
202505021206,15,14,453.2,0.0031433240807839076,14,16.0,False
202105020510,7,4,14.8,0.05111900267120771,4,1.0,True
202105020510,3,1,1.9,0.35290506395590504,1,2.0,False
202105020510,5,3,8.2,0.11207888117041052,2,3.0,False
202105020510,2,2,3.4,0.1024841251397709,3,4.0,False
202105020510,1,6,17.2,0.03306523262469408,7,5.0,False
202105020510,4,8,26.8,0.027192384516426353,8,6.0,False
202105020510,9,5,15.6,0.02427888695153626,9,7.0,False
202105020510,10,7,18.3,0.033614351115313704,6,8.0,False
202105020510,8,10,66.4,0.02098809854523533,10,9.0,False
202105020510,6,9,30.7,0.04349039156796115,5,10.0,False
202105020510,11,11,280.3,0.004663714485756849,11,11.0,False
202206030811,14,5,9.1,0.13350664541668722,5,1.0,True
202206030811,18,3,5.7,0.23253539736664064,2,2.0,False
202206030811,12,1,3.9,0.11628931276468223,7,3.0,False
202206030811,1,2,5.0,0.2583803549424291,1,4.0,False
202206030811,2,6,9.9,0.1009298749092185,8,5.0,False
202206030811,11,8,19.0,0.051171877574808386,13,6.0,False
202206030811,6,10,35.0,0.09669109713302843,9,7.0,False
202206030811,15,16,162.7,0.03170732916173861,16,8.0,False
202206030811,10,9,20.9,0.15108850737835472,3,9.0,False
202206030811,8,15,86.2,0.12218337206866063,6,10.0,False
202206030811,13,13,72.7,0.03792547514934116,14,11.0,False
202206030811,17,14,84.7,0.034743036205642425,15,12.0,False
202206030811,4,4,7.6,0.1474774344499451,4,13.0,False
202206030811,7,12,49.3,0.07849912273212749,10,14.0,False
202206030811,5,17,210.9,0.02939454489018344,17,15.0,False
202206030811,16,7,15.5,0.07257945209340769,11,16.0,False
202206030811,9,11,47.5,0.06186722395099296,12,17.0,False
202206030811,3,18,311.8,0.01116499391177311,18,18.0,False
202508020808,6,1,2.7,0.14314055941214007,2,1.0,True
202508020808,1,8,31.5,0.033212315808217145,7,2.0,False
202508020808,8,2,3.1,0.1552954489070688,1,3.0,False
202508020808,3,4,6.5,0.12561872622588482,3,4.0,False
202508020808,7,3,6.1,0.1066288725754525,4,5.0,False
202508020808,5,10,162.1,0.004333126243582347,10,6.0,False
202508020808,2,6,12.2,0.037095963952414386,6,7.0,False
202508020808,9,7,29.1,0.04000552911759676,5,8.0,False
202508020808,4,9,100.6,0.01908836317226543,8,9.0,False
202508020808,10,5,11.5,0.012278390707085609,9,10.0,False
202505010411,12,3,7.4,0.16048538351736202,3,1.0,True
202505010411,4,2,4.4,0.12737648593110762,6,2.0,False
202505010411,2,16,257.0,0.010004656918712827,16,3.0,False
202505010411,7,1,2.6,0.295762495799628,1,4.0,False
202505010411,14,10,39.5,0.07046732567815124,11,5.0,False
202505010411,16,8,27.6,0.1272476956110946,7,6.0,False
202505010411,3,11,80.7,0.03425871233740933,15,7.0,False
202505010411,15,9,30.5,0.15956298792148227,4,8.0,False
202505010411,6,5,9.2,0.25474940675998076,2,9.0,False
202505010411,8,6,9.6,0.13036620704305396,5,10.0,False
202505010411,11,7,21.9,0.11307559466365417,8,11.0,False
202505010411,5,13,102.1,0.04793059944257281,14,12.0,False
202505010411,13,12,86.6,0.10485840751988512,9,12.0,False
202505010411,10,14,129.8,0.06463263465359828,12,14.0,False
202505010411,1,4,9.0,0.10283806894285234,10,15.0,False
202505010411,9,15,217.6,0.04798535275399313,13,16.0,False
202209050309,4,4,6.0,0.06392959600427181,7,1.0,True
202209050309,7,5,8.1,0.1973648284665762,1,2.0,False
202209050309,9,2,4.8,0.16173518131171405,4,3.0,False
202209050309,1,6,13.0,0.11561843443628084,5,4.0,False
202209050309,2,1,2.5,0.1963584256505971,2,5.0,False
202209050309,6,3,5.0,0.17424240796449966,3,6.0,False
202209050309,3,7,17.2,0.0801638165429435,6,7.0,False
202209050309,5,9,133.5,0.008880892370976154,9,8.0,False
202209050309,8,8,42.6,0.024421286511959607,8,9.0,False
202003030110,5,2,6.6,0.07500935282457828,4,1.0,True
202003030110,4,4,10.0,0.11241273210301428,2,2.0,False
202003030110,10,1,2.0,0.1282797256670286,1,2.0,False
202003030110,6,6,15.1,0.05242878247570636,5,4.0,False
202003030110,7,11,44.3,0.047192777183554774,6,5.0,False
202003030110,8,10,30.5,0.034389127324925224,10,6.0,False
202003030110,2,5,10.5,0.04183675837741955,7,7.0,False
202003030110,3,8,20.4,0.026963336503471286,12,8.0,False
202003030110,11,3,6.9,0.10353901977283007,3,9.0,False
202003030110,13,12,91.7,0.029355956830897124,11,10.0,False
202003030110,1,9,26.9,0.040892211254880906,8,11.0,False
202003030110,12,13,138.4,0.01500719200426282,13,12.0,False
202003030110,9,7,19.6,0.04066063953542394,9,13.0,False
202510020808,1,1,2.7,0.16991357895942255,1,1.0,True
202510020808,5,5,8.9,0.07585571391356234,3,2.0,False
202510020808,7,2,4.4,0.06701350365808488,4,3.0,False
202510020808,12,4,8.0,0.09624789708347209,2,4.0,False
202510020808,11,6,11.6,0.051041585877039,7,5.0,False
202510020808,2,7,13.3,0.022376347882681277,10,6.0,False
202510020808,10,9,25.7,0.02719323690222873,9,7.0,False
202510020808,4,8,15.4,0.04039624153638619,8,8.0,False
202510020808,9,3,8.0,0.05487981182773245,5,9.0,False
202510020808,6,11,117.2,0.004977359788505096,12,10.0,False
202510020808,3,12,161.2,0.052921050549892164,6,11.0,False
202510020808,8,10,71.7,0.011038853097671268,11,12.0,False
202207011109,5,1,1.7,0.4926389884926838,1,1.0,True
202207011109,3,2,3.0,0.3567743590010832,2,2.0,False
202207011109,2,6,72.1,0.1520171264148731,4,3.0,False
202207011109,4,4,7.3,0.1483194068081661,5,4.0,False
202207011109,1,5,70.5,0.02069756312333821,7,5.0,False
202207011109,7,7,127.6,0.08248761011384625,6,6.0,False
202207011109,6,3,5.7,0.1685681670546679,3,7.0,False
202306020505,12,1,1.9,0.3011800977162716,2,1.0,True
202306020505,2,2,4.1,0.31340353160060713,1,2.0,False
202306020505,8,5,15.2,0.09171334037580181,4,3.0,False
202306020505,9,6,23.7,0.08109866030572375,8,4.0,False
202306020505,3,4,7.7,0.08587166154598383,6,5.0,False
202306020505,14,3,6.6,0.09037218142437078,5,6.0,False
202306020505,11,10,125.1,0.00443526166028378,14,7.0,False
202306020505,16,7,25.9,0.1263680850155718,3,8.0,False
202306020505,5,8,30.2,0.08585733668129228,7,9.0,False
202306020505,6,9,103.1,0.048429321765527514,9,10.0,False
202306020505,10,11,126.6,0.010255354706547747,11,11.0,False
202306020505,4,15,405.3,0.003092103960498768,16,12.0,False
202306020505,13,13,342.1,0.007025818272167969,12,13.0,False
202306020505,7,12,244.4,0.006919866846375645,13,14.0,False
202306020505,1,14,376.4,0.023192041759518264,10,15.0,False
202306020505,15,16,681.6,0.004275301554730235,15,16.0,False
202109011111,6,2,3.5,0.1744986191648652,4,1.0,True
202109011111,2,1,2.5,0.1316229761905648,7,2.0,False
202109011111,9,6,24.7,0.16340362206710077,5,3.0,False
202109011111,1,7,51.5,0.09153631855176383,9,4.0,False
202109011111,10,5,10.8,0.18808430247106125,3,5.0,False
202109011111,5,3,3.5,0.3303355041462553,1,6.0,False
202109011111,4,4,10.3,0.1459516422898734,6,7.0,False
202109011111,7,8,54.3,0.10823039925002144,8,8.0,False
202109011111,3,10,86.4,0.02576046014772381,10,9.0,False
202109011111,8,9,59.6,0.2227150427569429,2,10.0,False
202010010204,4,1,2.3,0.027865939064962895,11,1.0,True
202010010204,6,13,62.7,0.053190926526731554,4,2.0,False
202010010204,16,6,14.6,0.018495250495151872,14,3.0,False
202010010204,15,14,68.6,0.043476854517375735,7,4.0,False
202010010204,3,3,9.5,0.017207359916140374,16,5.0,False
202010010204,11,9,23.9,0.02003350103425866,13,6.0,False
202010010204,1,4,12.3,0.05775361488158774,3,7.0,False
202010010204,2,8,20.0,0.008692496755604469,18,8.0,False
202010010204,12,12,59.1,0.02829681702450801,10,9.0,False
202010010204,14,11,30.8,0.18356342548542795,1,10.0,False
202010010204,18,7,15.8,0.06266516883983073,2,11.0,False
202010010204,10,2,4.9,0.04969962160744992,5,12.0,False
202010010204,7,17,154.4,0.040838585279315186,8,13.0,False
202010010204,8,18,275.7,0.017313345695562123,15,14.0,False
202010010204,17,16,146.7,0.048756679864318773,6,15.0,False
202010010204,9,5,14.4,0.02915278059690991,9,16.0,False
202010010204,13,10,30.2,0.012473560752283362,17,17.0,False
202010010204,5,15,72.9,0.020716465693465688,12,18.0,False
202310010702,5,1,1.7,0.22122481034713537,1,1.0,True
202310010702,8,4,9.5,0.1906562902791926,2,2.0,False
202310010702,12,2,4.7,0.1418661288716485,4,3.0,False
202310010702,9,7,35.0,0.023902219071013583,9,4.0,False
202310010702,6,10,135.2,0.03325480546007597,7,5.0,False
202310010702,3,12,227.8,0.009181061127042452,11,6.0,False
202310010702,2,11,174.4,0.006850275851869882,12,7.0,False
202310010702,11,8,35.5,0.003200836118243976,13,8.0,False
202310010702,1,3,6.4,0.10304154022062446,5,9.0,False
202310010702,10,9,62.3,0.0342030095918174,6,10.0,False
202310010702,7,13,503.9,0.01961904336185445,10,11.0,False
202310010702,4,5,13.1,0.1573917316094961,3,12.0,False
202310010702,13,6,23.6,0.030563401722083612,8,13.0,False
202008040407,1,2,6.1,0.15026227457533056,6,1.0,True
202008040407,10,7,27.4,0.09233750889453393,7,2.0,False
202008040407,3,1,1.8,0.6003929361111308,1,3.0,False
202008040407,8,9,57.1,0.03901463914644642,10,4.0,False
202008040407,7,8,38.4,0.07348102146454645,8,5.0,False
202008040407,9,4,7.4,0.2736613957786488,3,6.0,False
202008040407,2,6,16.9,0.15987752826888044,5,7.0,False
202008040407,5,3,6.5,0.32293558104636755,2,8.0,False
202008040407,11,5,10.0,0.2024099413043993,4,9.0,False
202008040407,6,11,582.7,0.007809756901772352,11,10.0,False
202008040407,4,10,81.6,0.05147815713083015,9,11.0,False
202306040110,7,5,7.4,0.12886842968762863,5,1.0,True
202306040110,6,8,16.2,0.07189997038035247,7,2.0,False
202306040110,9,3,5.5,0.2255872010447227,1,3.0,False
202306040110,4,2,4.6,0.055889532934858134,8,4.0,False
202306040110,2,4,7.0,0.16543051679537807,3,5.0,False
202306040110,5,9,108.7,0.012559025110318011,9,6.0,False
202306040110,8,6,7.5,0.22145414070724895,2,7.0,False
202306040110,1,1,3.3,0.1470235233351091,4,8.0,False
202306040110,10,7,14.7,0.11356531921594648,6,9.0,False
202306040110,3,10,157.4,0.005891062134881054,10,10.0,False
202407030410,2,12,39.7,0.04722133869503156,13,1.0,True
202407030410,4,5,12.1,0.146648419214881,4,2.0,False
202407030410,10,6,17.1,0.1461031316216857,5,3.0,False
202407030410,15,7,21.2,0.08973337664227363,9,4.0,False
202407030410,1,11,35.4,0.0974519301366285,7,5.0,False
202407030410,8,1,3.5,0.18929534054098057,2,6.0,False
202407030410,7,3,4.5,0.1550695643826119,3,7.0,False
202407030410,6,16,149.9,0.05116006859775292,12,8.0,False
202407030410,13,14,87.7,0.025475923331436896,15,9.0,False
202407030410,14,15,129.8,0.02385553588271359,16,10.0,False
202407030410,12,10,27.9,0.08286615191086442,10,11.0,False
202407030410,5,8,24.3,0.09161282932104692,8,12.0,False
202407030410,11,13,69.2,0.044092805795181156,14,13.0,False
202407030410,3,4,8.0,0.14123424463840986,6,14.0,False
202407030410,9,9,25.0,0.07578866465967071,11,15.0,False
202407030410,16,2,4.3,0.24875483576994492,1,16.0,False
202107011107,3,2,3.3,0.2635203470718019,2,1.0,True
202107011107,7,7,47.4,0.04431742831659523,8,2.0,False
202107011107,2,5,17.2,0.12570202259823185,4,3.0,False
202107011107,1,1,1.8,0.5024704994420552,1,4.0,False
202107011107,4,3,6.9,0.12322836925460559,5,5.0,False
202107011107,5,4,8.5,0.12575477279135133,3,6.0,False
202107011107,8,6,24.9,0.08640229266822745,6,7.0,False
202107011107,9,8,90.4,0.07350717029335824,7,8.0,False
202107011107,6,9,106.1,0.02523116156104802,9,9.0,False
202305020203,15,3,7.2,0.15401353694234451,5,1.0,True
202305020203,7,7,45.0,0.016453543719059147,11,2.0,False
202305020203,12,14,233.1,0.01694189741806963,10,3.0,False
202305020203,8,4,11.4,0.008694032437313409,12,4.0,False
202305020203,5,11,161.3,0.0013335047131750478,16,5.0,False
202305020203,10,8,83.0,0.16334577518796262,4,6.0,False
202305020203,14,5,14.7,0.0837996950098339,6,7.0,False
202305020203,11,2,7.0,0.21977315041208184,2,8.0,False
202305020203,3,1,1.4,0.46401293371512037,1,9.0,False
202305020203,13,13,231.7,0.0050432628040801095,13,10.0,False
202305020203,6,9,107.9,0.041710940762615514,8,11.0,False
202305020203,16,16,461.9,0.00193479384981911,15,12.0,False
202305020203,9,6,20.3,0.1638811390772522,3,13.0,False
202305020203,2,10,140.8,0.025773800873850793,9,14.0,False
202305020203,1,12,187.7,0.004367648208837722,14,15.0,False
202305020203,4,15,359.0,0.06035187625875754,7,16.0,False
202008040209,2,1,1.5,0.3776380946825706,1,1.0,True
202008040209,1,3,6.3,0.03600665646697821,5,2.0,False
202008040209,4,2,4.4,0.19437751996615923,2,3.0,False
202008040209,5,6,61.7,0.03524581552922616,6,4.0,False
202008040209,3,4,6.9,0.0962624567648279,4,5.0,False
202008040209,6,5,44.3,0.10686780175040034,3,6.0,False
202501020211,5,2,5.5,0.12921849084739637,7,1.0,True
202501020211,6,4,7.3,0.12806461913652364,8,2.0,False
202501020211,16,3,5.7,0.22812350109743482,1,3.0,False
202501020211,15,8,12.3,0.16657948174172238,4,4.0,False
202501020211,10,1,5.4,0.026501067762418857,16,5.0,False
202501020211,14,9,19.1,0.09104237921298787,12,6.0,False
202501020211,4,7,11.4,0.14351246646739424,6,7.0,False
202501020211,11,14,80.4,0.04694776726485485,13,8.0,False
202501020211,9,5,9.3,0.20612549524677512,2,9.0,False
202501020211,12,10,28.5,0.1267720379721532,9,10.0,False
202501020211,3,6,9.7,0.185020665188354,3,11.0,False
202501020211,7,12,35.0,0.1447864838610801,5,12.0,False
202501020211,13,15,90.5,0.10785787071275113,10,13.0,False
202501020211,2,13,52.6,0.099115700534797,11,14.0,False
202501020211,8,11,30.4,0.037123149545023354,15,15.0,False
202501020211,1,16,176.3,0.04566661400498895,14,16.0,False
202508021105,15,6,12.5,0.04236160882514995,5,1.0,True
202508021105,3,4,9.9,0.043753548678470464,4,2.0,False
202508021105,17,5,9.9,0.0551595371065681,3,3.0,False
202508021105,5,1,3.5,0.16612389705314434,1,4.0,False
202508021105,18,2,3.9,0.15810535800371872,2,5.0,False
202508021105,11,3,7.4,0.01835703000990399,10,6.0,False
202508021105,16,10,26.0,0.018428735695033234,9,7.0,False
202508021105,13,7,15.7,0.039613751580213644,6,8.0,False
202508021105,1,11,30.0,0.031006797374925538,7,9.0,False
202508021105,2,13,98.2,0.0018396915674570935,16,10.0,False
202508021105,7,9,24.0,0.02084884049668898,8,11.0,False
202508021105,4,8,15.8,0.015835240679220937,11,12.0,False
202508021105,14,12,83.2,0.014653671346171324,12,13.0,False
202508021105,9,16,115.0,0.013959501926024695,13,14.0,False
202508021105,12,18,272.8,0.0012700611158358414,17,15.0,False
202508021105,6,15,111.4,0.004361559243068249,15,16.0,False
202508021105,8,17,132.2,0.004753973069169286,14,17.0,False
202508021105,10,14,100.0,0.0011770646988890905,18,18.0,False
202110020407,10,3,5.4,0.13238905331160858,1,1.0,True
202110020407,4,4,5.8,0.062493056143280455,4,2.0,False
202110020407,15,2,4.0,0.08224294179621895,2,3.0,False
202110020407,14,5,8.7,0.05497146496042364,5,4.0,False
202110020407,13,1,3.5,0.06759098157572814,3,5.0,False
202110020407,8,8,30.8,0.03574432190449551,7,6.0,False
202110020407,6,9,40.2,0.01884029790157746,11,7.0,False
202110020407,3,12,98.6,0.026569978221134088,10,8.0,False
202110020407,7,11,46.5,0.031638375192800106,8,9.0,False
202110020407,1,10,40.5,0.018039417304723387,12,10.0,False
202110020407,2,7,27.7,0.02887372827464341,9,11.0,False
202110020407,11,14,208.0,0.0018834890894196493,15,12.0,False
202110020407,12,15,368.2,0.0064060369924293014,13,13.0,False
202110020407,9,6,10.9,0.03974156785689782,6,14.0,False
202110020407,5,13,162.7,0.0041730374998779135,14,15.0,False
202508010810,3,5,9.5,0.357711925097794,2,1.0,True
202508010810,2,6,10.7,0.09658561722066744,7,2.0,False
202508010810,7,8,27.1,0.16580853076453994,5,3.0,False
202508010810,6,3,5.4,0.3103893626775086,3,4.0,False
202508010810,1,4,8.4,0.24102344485833063,4,5.0,False
202508010810,5,7,19.1,0.1656980207026047,6,6.0,False
202508010810,4,2,3.2,0.03581390539261947,8,7.0,False
202508010810,8,1,2.7,0.39485678231734356,1,,False
202201010609,12,5,7.9,0.14286588886267407,2,1.0,True
202201010609,13,3,5.3,0.08271049012852687,5,2.0,False
202201010609,4,14,101.1,0.027397126603619818,11,3.0,False
202201010609,6,2,4.8,0.06262096184325094,7,4.0,False
202201010609,11,6,12.3,0.06866847633280906,6,5.0,False
202201010609,9,8,25.8,0.03942756094234325,10,6.0,False
202201010609,5,9,27.7,0.027233884472041708,12,7.0,False
202201010609,7,12,56.5,0.008970207670192987,14,8.0,False
202201010609,2,4,6.1,0.13763488164083204,3,9.0,False
202201010609,14,11,50.2,0.01850705349892027,13,10.0,False
202201010609,3,1,3.9,0.1992819502638222,1,11.0,False
202201010609,1,10,29.4,0.05998633952333493,8,12.0,False
202201010609,8,13,80.8,0.04264728909735808,9,13.0,False
202201010609,10,7,15.2,0.09471506203916052,4,14.0,False
202509020304,3,5,8.2,0.02860322969734186,11,1.0,True
202509020304,14,3,5.6,0.08805810641216838,2,2.0,False
202509020304,8,1,3.9,0.12220130794271487,1,3.0,False
202509020304,13,2,4.4,0.03028236639384497,9,4.0,False
202509020304,15,4,7.1,0.07173759379441375,3,5.0,False
202509020304,17,12,55.6,0.04949884479561281,7,6.0,False
202509020304,12,10,50.6,0.06406133077555823,5,7.0,False
202509020304,11,15,253.3,0.008012391812070144,17,8.0,False
202509020304,6,9,20.8,0.025209268006529978,12,9.0,False
202509020304,7,11,54.7,0.03324603716783099,8,10.0,False
202509020304,1,13,96.3,0.013721690571106417,16,11.0,False
202509020304,16,8,20.4,0.02926998819011011,10,12.0,False
202509020304,10,6,11.3,0.07012155786687277,4,13.0,False
202509020304,18,14,98.1,0.01795063029804251,13,14.0,False
202509020304,9,7,15.3,0.015188262430405098,14,15.0,False
202509020304,5,16,302.0,0.007935507829282231,18,16.0,False
202509020304,2,17,361.2,0.013877403489780414,15,17.0,False
202504020502,7,1,1.5,0.27840948197450865,1,1.0,True
202504020502,8,4,32.0,0.03606461475454995,7,2.0,False
202504020502,2,5,32.9,0.05959197686723883,5,3.0,False
202504020502,5,8,56.7,0.13592342401086777,2,4.0,False
202504020502,1,3,11.5,0.07582922409852247,4,5.0,False
202504020502,9,6,38.6,0.08699850580389036,3,6.0,False
202504020502,4,9,91.6,0.05594167656967307,6,7.0,False
202504020502,3,2,2.8,0.022858515431458927,8,8.0,False
202504020502,10,10,330.2,0.0043969061537300095,10,9.0,False
202504020502,6,7,44.0,0.018222950626008,9,,False
202508030108,2,7,16.9,0.2325633530108808,3,1.0,True
202508030108,12,4,11.0,0.11288488012804922,7,2.0,False
202508030108,10,2,3.3,0.40492966797980146,1,3.0,False
202508030108,1,6,13.9,0.23496655820863652,2,4.0,False
202508030108,3,10,72.8,0.14297523745619428,6,5.0,False
202508030108,7,3,3.9,0.14996648428154852,5,6.0,False
202508030108,5,11,97.8,0.07979466451599386,10,7.0,False
202508030108,6,1,2.9,0.16611305923626415,4,8.0,False
202508030108,11,9,71.4,0.08235677411122473,9,9.0,False
202508030108,9,8,55.1,0.052741618703411916,11,10.0,False
202508030108,8,12,240.0,0.03754109713105765,12,11.0,False
202508030108,4,5,12.9,0.10814638988672004,8,12.0,False
202401020708,8,5,11.2,0.14492374037201114,3,1.0,True
202401020708,5,2,4.4,0.2752526510985465,1,2.0,False
202401020708,14,1,3.3,0.09810174129060587,5,3.0,False
202401020708,12,3,5.3,0.22361672119122478,2,4.0,False
202401020708,11,8,29.1,0.08355183071069185,8,5.0,False
202401020708,2,15,134.6,0.008151033740230637,15,6.0,False
202401020708,3,11,43.3,0.032371004385793205,14,7.0,False
202401020708,10,6,14.0,0.09092442981333408,6,8.0,False
202401020708,9,10,37.2,0.039813444421058115,12,9.0,False
202401020708,13,13,65.0,0.05306820691558021,11,10.0,False
202401020708,15,14,94.7,0.037999168217097236,13,11.0,False
202401020708,6,12,47.1,0.08202525177788916,9,12.0,False
202401020708,4,7,28.5,0.08984280724304713,7,13.0,False
202401020708,1,4,5.6,0.1349674017736722,4,14.0,False
202401020708,7,9,34.6,0.07429993123344585,10,15.0,False
202401020708,16,16,400.4,0.0061984786100062654,16,16.0,False
202305040710,9,7,18.4,0.03909870652717451,8,1.0,True
202305040710,14,6,12.1,0.01589360747165034,15,2.0,False
202305040710,1,1,3.9,0.07539411860206527,4,3.0,False
202305040710,5,11,27.1,0.026517704344793613,12,4.0,False
202305040710,13,8,19.8,0.044874139724101,7,5.0,False
202305040710,10,10,23.3,0.04918629195651882,6,6.0,False
202305040710,12,2,5.0,0.12931684571849855,1,7.0,False
202305040710,7,5,11.7,0.08862826393848947,2,8.0,False
202305040710,15,12,58.5,0.037255456661327915,9,9.0,False
202305040710,16,3,5.4,0.07991184606767716,3,10.0,False
202305040710,11,16,145.4,0.019209112248708065,14,11.0,False
202305040710,8,13,88.2,0.028789113456756218,10,12.0,False
202305040710,4,4,6.1,0.028527795872943653,11,13.0,False
202305040710,3,14,88.2,0.04942049067023121,5,14.0,False
202305040710,6,9,23.1,0.02002046788807039,13,15.0,False
202305040710,2,15,91.3,0.007967976917838262,16,16.0,False
202104040203,12,1,1.8,0.060834802892288146,4,1.0,True
202104040203,1,2,3.2,0.091913646668856,1,2.0,False
202104040203,14,3,8.1,0.040213440884557534,6,3.0,False
202104040203,13,8,32.1,0.009449858896028892,13,4.0,False
202104040203,10,7,31.9,0.07593576832079113,3,5.0,False
202104040203,5,10,137.5,0.036778572158368224,7,6.0,False
202104040203,4,9,82.5,0.01755120554760105,11,7.0,False
202104040203,3,5,22.5,0.05946428477011488,5,8.0,False
202104040203,2,14,388.5,0.0012809292510753167,14,9.0,False
202104040203,6,6,27.0,0.032783558362195715,8,10.0,False
202104040203,7,11,308.2,0.027343670671487123,9,11.0,False
202104040203,8,4,18.1,0.08751929192538138,2,12.0,False
202104040203,11,13,386.9,0.0172516108118843,12,13.0,False
202104040203,9,12,346.1,0.02244827951141625,10,14.0,False
202510010207,1,4,6.9,0.021566688080261756,7,1.0,True
202510010207,14,8,19.0,0.01332474278191036,9,2.0,False
202510010207,10,7,14.0,0.03249418494263712,6,3.0,False
202510010207,9,6,11.6,0.056604731413551296,4,4.0,False
202510010207,3,9,26.4,0.07507099012318404,3,5.0,False
202510010207,8,14,225.6,0.012183164466794145,10,6.0,False
202510010207,4,5,8.1,0.11925224431333502,1,7.0,False
202510010207,2,12,100.9,0.005729206484990832,12,8.0,False
202510010207,6,1,4.0,0.08887766928003453,2,9.0,False
202510010207,5,10,65.6,0.0023612943629304876,14,10.0,False
202510010207,13,13,127.8,0.009549904543714016,11,11.0,False
202510010207,7,3,4.9,0.04176601299852047,5,12.0,False
202510010207,12,11,85.5,0.005693749035760431,13,13.0,False
202510010207,11,2,4.1,0.01537956375937255,8,14.0,False
202301010110,6,3,9.4,0.13924877000990846,5,1.0,True
202301010110,1,2,5.4,0.1752314164487213,2,2.0,False
202301010110,7,6,18.7,0.16688525615072425,3,3.0,False
202301010110,5,1,1.5,0.5217402020873841,1,4.0,False
202301010110,3,4,11.5,0.14507905124423892,4,5.0,False
202301010110,8,8,32.3,0.12228606470531792,6,6.0,False
202301010110,2,9,50.5,0.07374642472288694,8,7.0,False
202301010110,4,5,14.6,0.09422378962116952,7,8.0,False
202301010110,9,7,21.8,0.07171370023439255,9,9.0,False
202307020611,13,12,32.3,0.09373142543119933,6,1.0,True
202307020611,15,2,5.4,0.09294241698759356,7,2.0,False
202307020611,1,13,42.1,0.024943733806752525,15,3.0,False
202307020611,6,9,19.8,0.018296617138900906,16,4.0,False
202307020611,16,10,28.4,0.08152956376393959,10,5.0,False
202307020611,8,4,7.0,0.0614816276049777,12,6.0,False
202307020611,12,3,6.3,0.15194430739424034,3,7.0,False
202307020611,7,7,16.0,0.11859667267456037,5,8.0,False
202307020611,3,15,54.3,0.03324419149884807,14,9.0,False
202307020611,18,6,13.3,0.1670425334505448,1,10.0,False
202307020611,4,11,29.0,0.15434242905652962,2,11.0,False
202307020611,5,1,4.5,0.08269771201082916,9,12.0,False
202307020611,11,8,17.4,0.09190356436345097,8,13.0,False
202307020611,9,16,237.6,0.06711107999511137,11,14.0,False
202307020611,14,5,7.9,0.1458037346892725,4,15.0,False
202307020611,2,14,52.7,0.04560191850708299,13,16.0,False
202307020611,10,18,263.3,0.017422074154653668,17,17.0,False
202307020611,17,17,255.8,0.012309171960040442,18,18.0,False
202502010509,3,3,6.0,0.1272432945120822,4,1.0,True
202502010509,7,4,6.6,0.23065669592324198,3,2.0,False
202502010509,6,2,2.9,0.32433037646947627,1,3.0,False
202502010509,1,1,1.8,0.2906061502726584,2,4.0,False
202502010509,5,5,28.4,0.026936105656997094,6,5.0,False
202502010509,8,8,166.1,0.015522501819303501,8,6.0,False
202502010509,2,6,64.2,0.02217073181139379,7,7.0,False
202502010509,4,7,120.1,0.08359206615394424,5,8.0,False
202509040204,9,3,8.3,0.08168408539603023,5,1.0,True
202509040204,10,1,3.3,0.19199737397662117,2,2.0,False
202509040204,14,2,4.6,0.2299995727370719,1,3.0,False
202509040204,8,6,10.1,0.06657705433977046,7,4.0,False
202509040204,3,8,15.8,0.02887007064524155,13,5.0,False
202509040204,7,10,44.4,0.02851233571641313,14,6.0,False
202509040204,2,4,8.8,0.07102431351993824,6,7.0,False
202509040204,5,11,49.1,0.02910141239373811,11,8.0,False
202509040204,1,12,69.4,0.02894442002866832,12,9.0,False
202509040204,16,15,235.7,0.01491183062694979,15,10.0,False
202509040204,13,14,159.4,0.035994941729551845,10,11.0,False
202509040204,12,13,78.1,0.040084625226025704,9,12.0,False
202509040204,6,16,439.6,0.012357358613482897,16,13.0,False
202509040204,4,5,8.8,0.13016198609918736,3,14.0,False
202509040204,11,7,11.7,0.06282875251784219,8,15.0,False
202509040204,15,9,16.8,0.12914071914985448,4,16.0,False
202407030807,12,1,1.6,0.3936663361127725,1,1.0,True
202407030807,2,7,18.2,0.09791970199465308,9,2.0,False
202407030807,10,3,10.3,0.2233724523618897,3,3.0,False
202407030807,3,5,17.2,0.14529791911978704,6,4.0,False
202407030807,13,4,16.5,0.15142275850871398,5,5.0,False
202407030807,8,8,51.7,0.10711671725828703,8,6.0,False
202407030807,6,2,4.0,0.25875309260882995,2,7.0,False
202407030807,7,6,17.3,0.03487507563065882,13,8.0,False
202407030807,11,12,122.1,0.04352711007697082,12,9.0,False
202407030807,9,10,112.9,0.13261725162007773,7,10.0,False
202407030807,4,11,113.5,0.15332064546912963,4,11.0,False
202407030807,5,9,86.4,0.053519370587165944,10,12.0,False
202407030807,1,13,130.7,0.02391772720922522,14,13.0,False
202407030807,14,14,268.2,0.04866711967088228,11,14.0,False
202104020202,6,2,5.7,0.11536879438973316,3,1.0,True
202104020202,14,5,10.9,0.06052604421628231,8,2.0,False
202104020202,8,1,2.4,0.16541608898464857,1,3.0,False
202104020202,2,9,33.2,0.0031615079085889376,16,4.0,False
202104020202,9,4,6.6,0.09751067795827964,5,5.0,False
202104020202,7,14,262.7,0.015064472712555805,13,6.0,False
202104020202,12,3,6.0,0.12924984055330369,2,7.0,False
202104020202,16,11,69.7,0.007671289939766656,14,8.0,False
202104020202,4,13,107.0,0.0441941093684343,11,9.0,False
202104020202,3,12,86.0,0.05586758927847913,9,10.0,False
202104020202,1,16,516.6,0.005422351349000751,15,11.0,False
202104020202,11,10,34.6,0.06825083111148449,7,12.0,False
202104020202,13,8,31.9,0.048088073308736434,10,13.0,False
202104020202,5,6,15.8,0.10862277056221092,4,14.0,False
202104020202,15,7,16.4,0.08309778566163584,6,15.0,False
202104020202,10,15,345.8,0.017404025832991273,12,16.0,False
202109020609,5,2,3.5,0.3072709411266981,1,1.0,True
202109020609,8,5,12.4,0.08439560089862039,9,2.0,False
202109020609,9,4,7.2,0.2250055849996356,4,3.0,False
202109020609,3,6,16.1,0.2559447019577595,3,4.0,False
202109020609,11,11,259.3,0.05493342983274644,11,5.0,False
202109020609,1,1,2.9,0.17529120016851726,6,6.0,False
202109020609,6,3,4.5,0.1568374981208752,7,7.0,False
202109020609,7,10,123.7,0.07436078549209925,10,8.0,False
202109020609,10,7,18.2,0.2985607768322363,2,9.0,False
202109020609,2,9,40.8,0.15673974039706745,8,10.0,False
202109020609,4,8,30.2,0.19171517577828617,5,11.0,False
202306040109,6,4,4.6,0.15560172328572797,4,1.0,True
202306040109,3,3,3.6,0.16076958997013227,3,2.0,False
202306040109,8,5,15.8,0.14957199670956184,5,3.0,False
202306040109,2,1,3.1,0.2459737446519977,1,4.0,False
202306040109,5,2,3.2,0.18312600186620412,2,5.0,False
202306040109,1,6,123.8,0.014556235676251209,6,6.0,False
202306040109,7,8,208.9,0.001370810692638123,7,7.0,False
202306040109,4,7,189.3,0.0008687120210654998,8,8.0,False
202404010208,2,3,4.3,0.10483019960814426,1,1.0,True
202404010208,8,7,21.8,0.02448386715646483,7,2.0,False
202404010208,6,8,47.2,0.016266295096792227,8,3.0,False
202404010208,3,6,17.6,0.07358747384785704,4,4.0,False
202404010208,4,2,3.4,0.09724715834663594,2,5.0,False
202404010208,9,1,2.3,0.07809682156962719,3,6.0,False
202404010208,1,5,14.1,0.024926695724873184,6,7.0,False
202404010208,7,9,93.1,0.013142430646058637,9,8.0,False
202404010208,5,4,9.7,0.04155832303021346,5,9.0,False
202109040111,2,3,10.0,0.05441078288164146,5,1.0,True
202109040111,5,5,11.8,0.0542427065789516,6,2.0,False
202109040111,14,8,16.2,0.04229632332916759,10,3.0,False
202109040111,10,16,92.1,0.01082298181249678,15,4.0,False
202109040111,11,1,2.7,0.42553251425350924,1,5.0,False
202109040111,3,13,43.4,0.06481269877384283,3,6.0,False
202109040111,8,12,27.7,0.02771429747107994,12,7.0,False
202109040111,16,4,11.7,0.05190950916404186,8,8.0,False
202109040111,12,2,5.4,0.052127798583246863,7,9.0,False
202109040111,7,7,14.6,0.06291784887059255,4,10.0,False
202109040111,4,11,27.3,0.016247494348674483,14,11.0,False
202109040111,1,14,77.9,0.03751315226225442,11,12.0,False
202109040111,9,6,12.8,0.13096478559631375,2,13.0,False
202109040111,15,9,18.8,0.0517576426229316,9,14.0,False
202109040111,13,15,83.6,0.02199639906811695,13,15.0,False
202109040111,6,10,25.6,0.009335867528305402,16,16.0,False
202509020410,3,3,5.2,0.08164639948009601,5,1.0,True
202509020410,4,11,24.3,0.03636578481653945,11,2.0,False
202509020410,1,1,3.3,0.20022544737488773,1,3.0,False
202509020410,11,2,4.3,0.13787566917337266,2,4.0,False
202509020410,13,4,8.4,0.110203654708109,3,5.0,False
202509020410,10,6,13.4,0.07925965011894097,6,6.0,False
202509020410,5,5,13.3,0.07657426816322678,7,7.0,False
202509020410,9,9,20.9,0.07617507394317777,8,8.0,False
202509020410,8,13,150.4,0.07533259327372212,9,9.0,False
202509020410,2,12,133.5,0.02055703048807922,13,10.0,False
202509020410,7,10,23.7,0.02194378850327521,12,11.0,False
202509020410,12,7,16.2,0.06605400040047865,10,12.0,False
202509020410,14,8,19.2,0.09428859835595031,4,13.0,False
202509020410,6,14,233.7,0.011996385555706156,14,14.0,False
202106050907,7,11,58.6,0.034159307658948056,2,1.0,True
202106050907,9,12,61.5,0.010490434293658351,8,2.0,False
202106050907,11,1,2.3,0.035266505031063856,1,3.0,False
202106050907,15,2,4.1,0.013196306330465443,7,4.0,False
202106050907,13,3,10.1,0.007849416500126043,9,5.0,False
202106050907,10,4,12.1,0.02529489885186158,3,6.0,False
202106050907,16,10,57.7,0.00467144807716995,16,7.0,False
202106050907,12,7,14.9,0.013947399762100961,6,8.0,False
202106050907,3,6,12.8,0.019371366632097656,4,9.0,False
202106050907,6,9,22.4,0.005145310596571578,15,10.0,False
202106050907,8,8,22.3,0.007809153643322038,11,11.0,False
202106050907,14,13,69.7,0.007846432408251062,10,12.0,False
202106050907,1,16,183.2,0.005198348528171314,14,13.0,False
202106050907,5,14,77.3,0.0061963015479951,13,14.0,False
202106050907,2,15,150.5,0.006598905391075747,12,15.0,False
202106050907,4,5,12.3,0.015410241026279166,5,,False
202510011005,6,1,3.6,0.07120549563330697,4,1.0,True
202510011005,12,6,9.3,0.031211433532190837,7,2.0,False
202510011005,13,9,45.9,0.015574125156555336,12,3.0,False
202510011005,11,10,91.5,0.007552760853896114,13,4.0,False
202510011005,1,4,8.9,0.10387634704993139,2,5.0,False
202510011005,10,5,9.2,0.08463963838400172,3,6.0,False
202510011005,3,3,5.8,0.18028549460189155,1,7.0,False
202510011005,4,7,11.9,0.030447257521588614,8,8.0,False
202510011005,2,11,117.4,0.01733334991682146,10,9.0,False
202510011005,8,13,138.3,0.0220218798747401,9,10.0,False
202510011005,9,2,3.8,0.04927466864237117,5,11.0,False
202510011005,5,8,12.3,0.04718640109515769,6,12.0,False
202510011005,7,12,122.1,0.01605988840683747,11,13.0,False
202508020503,15,9,41.2,0.04896210491107117,8,1.0,True
202508020503,6,5,5.6,0.1049084798986823,4,2.0,False
202508020503,10,15,212.0,0.01587148229122743,11,3.0,False
202508020503,3,6,13.0,0.11967514163478511,2,4.0,False
202508020503,14,1,3.8,0.05327158528166992,7,5.0,False
202508020503,12,4,5.5,0.11822553480480344,3,6.0,False
202508020503,9,2,5.4,0.1907381185338997,1,7.0,False
202508020503,11,10,45.3,0.01176087557052819,12,8.0,False
202508020503,16,7,16.2,0.023572936669408365,10,9.0,False
202508020503,7,12,55.0,0.011709253775988783,13,10.0,False
202508020503,2,11,50.9,0.061778072286081065,6,11.0,False
202508020503,8,3,5.5,0.07963491811797646,5,12.0,False
202508020503,4,13,206.0,0.0033588597423170204,17,13.0,False
202508020503,1,14,209.8,0.008197767689302462,15,14.0,False
202508020503,17,8,36.4,0.009104158485819082,14,15.0,False
202508020503,18,17,352.9,0.005939896926168616,16,16.0,False
202508020503,5,16,245.5,0.0008461121620355679,18,17.0,False
202508020503,13,18,406.5,0.030076788174594204,9,18.0,False
202305020611,11,9,22.2,0.08929990932356717,7,1.0,True
202305020611,3,8,12.9,0.14411904840276035,2,2.0,False
202305020611,10,3,6.1,0.07478888027471155,9,3.0,False
202305020611,18,6,9.5,0.09757254121240312,6,4.0,False
202305020611,15,1,5.7,0.15559119470563265,1,5.0,False
202305020611,2,5,8.0,0.06864634438055356,10,6.0,False
202305020611,17,16,101.2,0.015164900808608198,17,7.0,False
202305020611,9,14,53.6,0.034162361218908505,16,8.0,False
202305020611,6,2,5.8,0.10379209226748602,4,9.0,False
202305020611,16,12,30.1,0.06329891471078924,13,10.0,False
202305020611,5,11,29.4,0.04314482410622762,15,11.0,False
202305020611,13,4,7.6,0.06310165430558716,14,12.0,False
202305020611,8,7,12.4,0.1282326393219829,3,13.0,False
202305020611,14,15,83.6,0.06435770735467974,12,14.0,False
202305020611,4,10,22.5,0.10161806334382155,5,15.0,False
202305020611,7,13,45.5,0.06718708853774018,11,16.0,False
202305020611,1,17,130.8,0.07907035103234235,8,17.0,False
202503020501,10,2,3.7,0.0109935036358881,10,1.0,True
202503020501,9,1,1.3,0.24007141172983693,1,2.0,False
202503020501,5,4,30.4,0.048262061882674186,4,3.0,False
202503020501,8,7,39.4,0.028314707755592524,9,4.0,False
202503020501,6,9,132.7,0.035572476715813574,7,5.0,False
202503020501,3,5,32.7,0.1300881246768513,2,6.0,False
202503020501,1,3,11.4,0.030387411181765606,8,7.0,False
202503020501,7,8,78.7,0.08761991691363853,3,8.0,False
202503020501,4,6,34.6,0.043599169876914944,5,9.0,False
202503020501,2,10,174.7,0.03949545816471136,6,10.0,False
202306010805,12,9,53.3,0.0352846289356092,7,1.0,True
202306010805,14,1,2.0,0.15086542104466213,2,2.0,False
202306010805,1,3,6.9,0.03449954406705761,8,3.0,False
202306010805,8,5,10.9,0.04531742251913891,5,4.0,False
202306010805,2,7,16.8,0.015544779607247447,11,5.0,False
202306010805,11,12,179.9,0.022646715235449477,10,6.0,False
202306010805,13,11,121.5,0.00726041869298023,12,7.0,False
202306010805,6,2,4.4,0.22763630414191416,1,8.0,False
202306010805,9,10,57.0,0.044724971798763676,6,9.0,False
202306010805,5,15,444.4,0.0005304044816537547,15,10.0,False
202306010805,10,8,41.3,0.08186591841897688,3,11.0,False
202306010805,4,14,216.1,0.0026994198218108128,14,12.0,False
202306010805,7,6,13.6,0.06223739025628629,4,13.0,False
202306010805,15,4,10.8,0.024283342785962336,9,14.0,False
202306010805,3,13,193.6,0.003711247329528851,13,15.0,False
202010020411,4,8,14.9,0.1003895800221299,4,1.0,True
202010020411,10,1,3.9,0.07558200181240933,7,2.0,False
202010020411,11,10,15.5,0.136898479498836,3,3.0,False
202010020411,6,15,50.8,0.02920892270193101,12,4.0,False
202010020411,15,6,12.5,0.07749882632942244,6,4.0,False
202010020411,5,3,7.3,0.1506149211728111,1,6.0,False
202010020411,18,5,11.9,0.09088206701561413,5,7.0,False
202010020411,1,7,14.5,0.07469789853564199,8,8.0,False
202010020411,17,2,6.5,0.1500539814921104,2,9.0,False
202010020411,13,11,29.8,0.041226505004836725,11,10.0,False
202010020411,3,16,55.8,0.0427755769158585,10,11.0,False
202010020411,12,14,41.9,0.027634180656280025,13,12.0,False
202010020411,9,4,11.4,0.01741814418459041,15,13.0,False
202010020411,14,17,69.3,0.02121504737220893,14,13.0,False
202010020411,16,13,31.9,0.012993237635016848,16,15.0,False
202010020411,8,12,30.1,0.01124853196579357,17,16.0,False
202010020411,2,18,73.6,0.002981331079367913,18,17.0,False
202010020411,7,9,15.1,0.05578837612879836,9,18.0,False
202505050103,8,1,2.1,0.2570064404509081,1,1.0,True
202505050103,12,3,3.6,0.2137849554446093,2,2.0,False
202505050103,7,6,33.2,0.06185342156173565,5,3.0,False
202505050103,9,5,22.9,0.20519998177053975,3,4.0,False
202505050103,11,2,3.3,0.09212697394545404,4,5.0,False
202505050103,4,9,137.5,0.02011062233818854,10,6.0,False
202505050103,10,4,11.1,0.01928500006594867,11,7.0,False
202505050103,3,12,506.6,0.02829539250991428,8,8.0,False
202505050103,2,8,65.8,0.03412377760395691,7,9.0,False
202505050103,6,7,37.6,0.054231363495054176,6,10.0,False
202505050103,1,10,390.8,0.025989074623585375,9,11.0,False
202505050103,5,11,490.8,0.012245748556064867,12,12.0,False
202004030402,7,4,10.4,0.07300827724615484,3,1.0,True
202004030402,9,8,26.6,0.03921676013753471,6,2.0,False
202004030402,4,1,3.2,0.19411762852869913,1,3.0,False
202004030402,14,2,3.7,0.09099843367455358,2,4.0,False
202004030402,10,3,6.9,0.01846550744008153,10,5.0,False
202004030402,6,5,11.4,0.0027887708520454744,17,6.0,False
202004030402,13,9,43.8,0.02493926489250328,9,7.0,False
202004030402,5,6,12.5,0.053608974749514475,4,8.0,False
202004030402,17,10,43.9,0.015570603088722159,12,9.0,False
202004030402,8,11,70.5,0.004241264948977915,15,10.0,False
202004030402,12,16,193.9,0.04438325501432811,5,11.0,False
202004030402,2,14,175.1,0.013004849645507558,13,12.0,False
202004030402,1,13,108.9,0.012015936832365197,14,13.0,False
202004030402,3,18,410.0,0.003914442482040269,16,14.0,False
202004030402,16,12,84.8,0.0015463751883325457,18,15.0,False
202004030402,11,17,254.5,0.029907349055065237,8,16.0,False
202004030402,15,7,14.7,0.016750858442750496,11,17.0,False
202004030402,18,15,177.5,0.03813326862213768,7,18.0,False
202110010212,2,1,2.9,0.3028692149652129,1,1.0,True
202110010212,9,4,6.8,0.11363598488754562,5,2.0,False
202110010212,1,3,5.4,0.1832425743859774,3,3.0,False
202110010212,4,6,12.7,0.022867334327859527,10,4.0,False
202110010212,7,5,10.6,0.1262200325364576,4,5.0,False
202110010212,13,7,13.6,0.06010311058091326,7,6.0,False
202110010212,11,2,4.8,0.24864584904505846,2,7.0,False
202110010212,10,10,40.5,0.021897580988459606,11,8.0,False
202110010212,8,11,58.5,0.03186995917986596,9,9.0,False
202110010212,12,9,33.9,0.03844619536198448,8,10.0,False
202110010212,5,8,28.9,0.09751752138426782,6,11.0,False
202110010212,6,13,154.7,0.004034081286169948,13,12.0,False
202110010212,3,12,72.4,0.005984826870395689,12,13.0,False
202206020106,15,1,1.7,0.2659392267160103,1,1.0,True
202206020106,6,2,5.3,0.08773912475617968,3,2.0,False
202206020106,5,5,11.2,0.08301543652238624,4,3.0,False
202206020106,14,10,49.8,0.049718518627389116,7,4.0,False
202206020106,11,6,17.8,0.06204484085702116,6,5.0,False
202206020106,10,13,189.8,0.020686157681720697,10,6.0,False
202206020106,16,8,27.2,0.021504646396862646,9,7.0,False
202206020106,4,18,548.5,0.006466308656514124,15,8.0,False
202206020106,17,12,160.4,0.013201225963407814,11,9.0,False
202206020106,7,15,315.1,0.00473290315901994,16,10.0,False
202206020106,1,4,10.9,0.10721704967791709,2,11.0,False
202206020106,12,11,137.7,0.002016943312965127,18,12.0,False
202206020106,3,3,9.8,0.0682227511352115,5,13.0,False
202206020106,9,7,21.7,0.002444333275722578,17,14.0,False
202206020106,8,16,377.8,0.007734345523597415,12,15.0,False
202206020106,13,9,30.0,0.03567027356181871,8,16.0,False
202206020106,2,17,415.3,0.006959782501019219,14,17.0,False
202206020106,18,14,203.1,0.007602283121462683,13,18.0,False
202209011211,11,1,1.2,0.11655674897024376,3,1.0,True
202209011211,7,5,19.5,0.08247837327595225,5,2.0,False
202209011211,3,3,14.5,0.16731932689453755,1,3.0,False
202209011211,9,2,7.6,0.13732207150474354,2,4.0,False
202209011211,8,6,23.8,0.02591866529686017,10,5.0,False
202209011211,6,4,14.8,0.09463871197956078,4,6.0,False
202209011211,4,7,32.1,0.048833103316821905,7,7.0,False
202209011211,2,12,174.1,0.04701498349222999,8,8.0,False
202209011211,10,8,60.4,0.06544392933594523,6,9.0,False
202209011211,12,13,214.5,0.006273652654717181,13,10.0,False
202209011211,13,10,104.2,0.015018295168629623,11,11.0,False
202209011211,5,11,131.9,0.03638233087651732,9,12.0,False
202209011211,1,9,68.1,0.009711837149750173,12,13.0,False
202404010601,16,6,11.3,0.012985053996257703,10,1.0,True
202404010601,5,4,7.5,0.10133655615954013,2,2.0,False
202404010601,1,1,2.1,0.23483966682357754,1,3.0,False
202404010601,10,5,11.1,0.036043054906201744,5,4.0,False
202404010601,3,8,39.9,0.0135233676291168,9,5.0,False
202404010601,14,12,154.8,0.002097884458963658,16,6.0,False
202404010601,4,2,5.0,0.09228798308329482,3,7.0,False
202404010601,7,11,65.7,0.020670131666669395,7,8.0,False
202404010601,8,3,6.8,0.0753101609830116,4,9.0,False
202404010601,13,9,56.4,0.009436485908297784,12,10.0,False
202404010601,12,15,251.2,0.005316225118078912,14,11.0,False
202404010601,6,10,56.8,0.03308173118340214,6,12.0,False
202404010601,11,13,158.3,0.011632109547804088,11,13.0,False
202404010601,9,14,215.0,0.008709127961147466,13,14.0,False
202404010601,15,7,35.8,0.01730826279678529,8,15.0,False
202404010601,2,16,312.6,0.0046110610939103965,15,16.0,False
202101020510,6,3,5.2,0.08796193831652117,5,1.0,True
202101020510,13,10,40.9,0.035571942128819645,9,2.0,False
202101020510,11,8,24.1,0.032568053689537975,10,3.0,False
202101020510,9,7,15.3,0.030268937280675375,11,4.0,False
202101020510,12,1,3.9,0.21705922625865973,1,5.0,False
202101020510,4,4,6.2,0.07999064150532606,7,6.0,False
202101020510,10,9,36.0,0.021730497849632376,12,7.0,False
202101020510,5,2,4.4,0.15089041664920247,3,8.0,False
202101020510,8,5,7.8,0.08597130108372099,6,9.0,False
202101020510,2,12,67.5,0.09017524249196525,4,10.0,False
202101020510,3,6,11.8,0.2106141450192686,2,11.0,False
202101020510,7,13,68.8,0.0024792429445179833,14,12.0,False
202101020510,1,11,55.1,0.006508462345573244,13,13.0,False
202101020510,14,14,119.9,0.041908644186271486,8,14.0,False
202101010312,1,2,3.4,0.13490307798668924,1,1.0,True
202101010312,3,7,22.7,0.057768482886485055,7,2.0,False
202101010312,4,4,12.1,0.028761454283063023,10,3.0,False
202101010312,6,5,14.9,0.05430494820301296,8,4.0,False
202101010312,7,9,51.2,0.009745567124354952,14,5.0,False
202101010312,5,6,15.9,0.08453760435232115,2,6.0,False
202101010312,8,8,48.1,0.024294513130045083,12,7.0,False
202101010312,2,3,8.4,0.08449836778777128,3,8.0,False
202101010312,11,10,56.2,0.06996633974464395,6,9.0,False
202101010312,9,15,212.0,0.05410817961713454,9,10.0,False
202101010312,14,13,97.5,0.026005821716413177,11,11.0,False
202101010312,13,12,70.8,0.08233028840274548,5,12.0,False
202101010312,12,1,2.1,0.0824596051416935,4,13.0,False
202101010312,10,14,182.8,0.0025672664190397572,15,14.0,False
202101010312,15,11,59.2,0.024175545931549726,13,15.0,False
202402010612,8,2,2.7,0.08403073665525213,2,1.0,True
202402010612,9,4,12.7,0.07535248976862353,4,2.0,False
202402010612,2,5,22.2,0.03687989252917226,7,3.0,False
202402010612,1,7,28.3,0.036985139771512694,6,4.0,False
202402010612,4,3,3.8,0.07959566356899717,3,5.0,False
202402010612,6,8,101.5,0.016011172842454836,8,6.0,False
202402010612,3,6,27.1,0.012473666865874023,9,7.0,False
202402010612,7,9,110.6,0.048518717724212373,5,8.0,False
202402010612,5,1,2.4,0.1961215318451389,1,,False
202503010105,8,16,347.4,0.013886387869191443,13,1.0,True
202503010105,16,6,9.2,0.10875914762817518,3,2.0,False
202503010105,1,2,5.8,0.06401977611217732,6,3.0,False
202503010105,5,7,17.9,0.001114320647456333,15,4.0,False
202503010105,9,10,34.9,0.027413231722771738,8,5.0,False
202503010105,7,8,21.5,0.04654344246969843,7,6.0,False
202503010105,2,11,35.6,0.020589246737911168,10,7.0,False
202503010105,3,12,39.0,0.022884307513799905,9,8.0,False
202503010105,6,3,6.7,0.07217772432091703,4,9.0,False
202503010105,12,5,8.6,0.0641351778300899,5,10.0,False
202503010105,15,1,3.0,0.1403665126379919,1,11.0,False
202503010105,13,4,6.8,0.1226806490058343,2,12.0,False
202503010105,10,14,240.4,0.0006225261782735326,16,13.0,False
202503010105,11,15,302.6,0.017275986733750113,12,14.0,False
202503010105,14,9,31.2,0.018663683969250337,11,15.0,False
202503010105,4,13,142.5,0.001720298298423098,14,16.0,False
202407010409,10,1,3.3,0.13475058101298684,6,1.0,True
202407010409,2,6,16.5,0.1534424623109922,5,2.0,False
202407010409,3,3,4.5,0.22943147304865522,2,3.0,False
202407010409,7,5,9.1,0.23860293850758552,1,4.0,False
202407010409,5,2,3.4,0.12058913715710892,7,5.0,False
202407010409,6,9,61.4,0.03603246743673553,10,6.0,False
202407010409,1,7,22.6,0.22654110637558478,3,7.0,False
202407010409,4,4,5.3,0.1974703291707477,4,8.0,False
202407010409,8,10,241.7,0.07045281047340025,8,9.0,False
202407010409,9,8,52.0,0.04275702114870035,9,10.0,False
202305040903,1,4,8.5,0.13819688407052122,6,1.0,True
202305040903,5,1,1.8,0.35892064833764387,1,2.0,False
202305040903,8,7,52.9,0.1514843567981269,5,3.0,False
202305040903,2,2,3.6,0.1623753263488134,4,4.0,False
202305040903,9,3,5.8,0.25233366474714053,2,5.0,False
202305040903,7,5,37.1,0.19331969204137806,3,6.0,False
202305040903,3,9,183.0,0.09432188651945116,8,7.0,False
202305040903,6,10,260.6,0.009580526169500793,11,8.0,False
202305040903,4,8,129.7,0.055702156094122685,9,9.0,False
202305040903,10,6,51.5,0.09686794235485718,7,10.0,False
202305040903,11,11,295.3,0.01654745247699093,10,11.0,False
202407020107,12,5,10.9,0.053240055382266824,8,1.0,True
202407020107,10,3,4.6,0.28363540483735544,1,2.0,False
202407020107,4,8,24.1,0.018442357682488288,14,3.0,False
202407020107,2,2,3.6,0.2627631634187907,2,4.0,False
202407020107,15,9,49.1,0.029340642561546226,12,5.0,False
202407020107,6,1,3.2,0.06637621514279438,6,6.0,False
202407020107,7,7,22.3,0.06418753404706948,7,7.0,False
202407020107,16,4,9.3,0.10014311775048124,4,8.0,False
202407020107,8,14,134.7,0.005728014173703318,15,9.0,False
202407020107,17,10,52.7,0.0945635985950226,5,10.0,False
202407020107,9,13,124.9,0.04430580893340689,9,11.0,False
202407020107,14,6,13.1,0.1398496986364012,3,12.0,False
202407020107,5,12,95.5,0.03901123533477726,10,13.0,False
202407020107,1,16,377.7,0.019626347146638905,13,14.0,False
202407020107,11,15,359.5,0.002022324028652917,18,15.0,False
202407020107,13,17,422.4,0.0044673466531751855,17,16.0,False
202407020107,3,18,598.0,0.0052378542362342476,16,17.0,False
202407020107,18,11,74.0,0.038557582860617626,11,,False
202305020808,8,1,1.9,0.3486350784313681,1,1.0,True
202305020808,5,2,2.8,0.188400709044343,3,2.0,False
202305020808,10,5,22.2,0.02558967763390085,7,3.0,False
202305020808,1,3,7.2,0.21336820001767812,2,4.0,False
202305020808,6,6,32.1,0.015115597524691427,8,5.0,False
202305020808,7,8,167.1,0.16057948445640408,4,6.0,False
202305020808,4,4,7.7,0.09519605298886508,5,7.0,False
202305020808,3,9,329.4,0.004922829102179335,10,8.0,False
202305020808,9,10,334.9,0.0051035536545693105,9,9.0,False
202305020808,2,7,33.9,0.027135515325199554,6,10.0,False
202509020406,3,3,6.0,0.2173642469935818,3,1.0,True
202509020406,11,4,6.7,0.08111804757464734,6,2.0,False
202509020406,4,2,4.4,0.117342967247115,5,3.0,False
202509020406,6,5,12.7,0.21940820966332245,2,4.0,False
202509020406,7,6,17.7,0.12450608225635658,4,5.0,False
202509020406,1,7,20.3,0.04019005111859253,7,6.0,False
202509020406,8,1,2.0,0.3770456850487907,1,7.0,False
202509020406,2,8,42.5,0.0361986891874245,8,8.0,False
202509020406,9,11,428.2,0.0327770245744053,9,9.0,False
202509020406,5,9,100.8,0.0202472799034508,10,10.0,False
202509020406,10,10,205.1,0.0049852459762745145,11,11.0,False
202008040411,13,1,1.4,0.24878552916648575,1,1.0,True
202008040411,12,10,56.9,0.05973638552089697,14,2.0,False
202008040411,8,9,54.7,0.08454121219323418,10,3.0,False
202008040411,16,12,81.1,0.11351445630430435,6,4.0,False
202008040411,15,16,197.0,0.09636820545273812,8,5.0,False
202008040411,14,14,145.7,0.07028210317315603,12,6.0,False
202008040411,3,4,16.0,0.09487677750810865,9,7.0,False
202008040411,7,11,70.2,0.12498856775816256,5,8.0,False
202008040411,5,3,15.4,0.06678617261496815,13,9.0,False
202008040411,11,15,189.1,0.057450282177874845,15,10.0,False
202008040411,18,17,253.7,0.010604331445612236,18,11.0,False
202008040411,6,18,316.1,0.01416293532897071,17,12.0,False
202008040411,2,2,6.7,0.13192426639346425,4,13.0,False
202008040411,1,6,18.3,0.20380999533975888,2,14.0,False
202008040411,17,5,17.2,0.15203491851412426,3,15.0,False
202008040411,9,8,46.3,0.10717170560530653,7,16.0,False
202008040411,10,7,30.8,0.0730017358905266,11,17.0,False
202008040411,4,13,119.4,0.04894780340055483,16,18.0,False
202505050609,6,5,15.1,0.1342762252071108,4,1.0,True
202505050609,1,1,1.9,0.6102005209276394,1,2.0,False
202505050609,4,2,4.3,0.14839524242891242,2,3.0,False
202505050609,5,7,35.6,0.1250097532512609,6,4.0,False
202505050609,10,4,6.6,0.12914740193220026,5,5.0,False
202505050609,12,12,531.7,0.01024105430912189,11,6.0,False
202505050609,2,9,94.2,0.06393598820589608,9,7.0,False
202505050609,11,3,5.8,0.13486110705857138,3,8.0,False
202505050609,9,10,106.9,0.09073583092460091,8,9.0,False
202505050609,7,8,87.1,0.013821746460891739,10,10.0,False
202505050609,8,6,16.9,0.1026242316466613,7,11.0,False
202505050609,3,11,425.3,0.002754373682709258,12,12.0,False
202507030611,5,6,8.3,0.0910570011774714,3,1.0,True
202507030611,9,13,119.8,0.011435084834726873,11,2.0,False
202507030611,1,3,4.8,0.09543106484614176,2,3.0,False
202507030611,13,2,4.4,0.03268723417787105,7,4.0,False
202507030611,16,5,7.0,0.07001809404905747,4,5.0,False
202507030611,3,11,103.8,0.017844654010023598,10,6.0,False
202507030611,4,1,4.2,0.1370717551553662,1,7.0,False
202507030611,6,14,158.0,0.005254884501306908,15,8.0,False
202507030611,7,10,87.6,0.00759377595318905,13,9.0,False
202507030611,12,4,5.5,0.028362974598370356,8,10.0,False
202507030611,15,7,23.2,0.018881808827036516,9,11.0,False
202507030611,14,12,114.1,0.007671808322532058,12,12.0,False
202507030611,10,9,44.5,0.047154094408487654,5,13.0,False
202507030611,8,8,34.6,0.005640650481594479,14,14.0,False
202507030611,2,15,273.4,0.0017737747690824612,16,15.0,False
202401020407,2,3,5.7,0.19537714605342196,3,1.0,True
202401020407,13,8,41.6,0.016926670901086602,12,2.0,False
202401020407,10,1,2.5,0.24691476149677857,2,3.0,False
202401020407,11,9,66.1,0.030459158334180482,9,4.0,False
202401020407,1,7,41.0,0.028737316947833758,11,5.0,False
202401020407,7,5,15.1,0.15027549520968603,4,6.0,False
202401020407,9,11,100.6,0.03354928684400653,8,7.0,False
202401020407,4,6,18.6,0.06538701382501563,7,8.0,False
202401020407,3,4,9.0,0.07440775381704241,6,9.0,False
202401020407,6,2,2.8,0.2573883302171898,1,10.0,False
202401020407,12,10,82.1,0.07674075022380698,5,11.0,False
202401020407,5,12,102.3,0.030159983719632296,10,12.0,False
202401020407,8,13,326.2,0.007851134397571631,13,13.0,False
202105040508,8,1,1.7,0.24203452732184597,2,1.0,True
202105040508,15,6,15.7,0.11648659796749092,3,2.0,False
202105040508,14,3,7.0,0.24348893900323176,1,3.0,False
202105040508,12,8,27.2,0.08973938210490924,7,4.0,False
202105040508,7,11,110.5,0.01170746492546148,16,5.0,False
202105040508,11,2,6.8,0.0907961615460999,6,6.0,False
202105040508,3,7,23.0,0.07934815056197803,9,7.0,False
202105040508,18,4,11.2,0.05256690065516687,10,8.0,False
202105040508,17,13,195.9,0.03341945120695341,12,9.0,False
202105040508,1,5,14.6,0.10771438859333977,4,10.0,False
202105040508,16,16,276.9,0.01778793812138771,14,11.0,False
202105040508,9,9,37.4,0.10235744195955353,5,12.0,False
202105040508,5,15,265.4,0.008350349899775128,17,13.0,False
202105040508,6,18,355.9,0.018008509285001684,13,14.0,False
202105040508,13,17,301.1,0.013710191545239107,15,15.0,False
202105040508,2,12,127.5,0.041554337835411514,11,16.0,False
202105040508,4,14,218.7,0.006701448182718627,18,17.0,False
202105040508,10,10,52.9,0.08222467721093356,8,18.0,False
202010020110,7,1,1.9,0.43025167382628265,1,1.0,True
202010020110,9,2,2.8,0.3550522944924523,2,2.0,False
202010020110,8,5,22.7,0.10048140797848303,4,3.0,False
202010020110,2,6,38.8,0.03564448746134979,9,4.0,False
202010020110,3,3,4.4,0.2538402415583474,3,5.0,False
202010020110,6,10,266.9,0.02339586375317576,10,6.0,False
202010020110,4,9,79.2,0.05149056932992592,7,7.0,False
202010020110,1,4,19.2,0.09748254594682566,5,8.0,False
202010020110,10,7,38.9,0.07668381509503955,6,9.0,False
202010020110,5,8,63.8,0.04479907564284217,8,10.0,False
202306050211,8,3,6.2,0.21081686387426793,2,1.0,True
202306050211,2,1,2.3,0.3536047348145026,1,2.0,False
202306050211,5,7,32.9,0.04149806945873857,9,3.0,False
202306050211,1,4,7.2,0.0824463071891484,5,4.0,False
202306050211,4,5,8.2,0.08590458283586432,3,5.0,False
202306050211,6,2,4.3,0.044646905464756984,8,6.0,False
202306050211,11,6,16.1,0.08587375396450067,4,7.0,False
202306050211,3,10,83.1,0.018425452509890614,10,8.0,False
202306050211,10,8,33.1,0.06610440964609407,6,9.0,False
202306050211,7,11,93.4,0.005640055240684104,11,10.0,False
202306050211,9,9,37.7,0.05141762969937989,7,11.0,False
202205020609,14,2,4.7,0.1666552476798192,5,1.0,True
202205020609,8,1,4.7,0.23080749245796867,3,2.0,False
202205020609,12,5,7.1,0.19873655845065857,4,3.0,False
202205020609,10,4,7.0,0.08785500920324281,12,4.0,False
202205020609,6,9,18.1,0.13780534659665813,6,5.0,False
202205020609,13,6,12.8,0.24127636299475727,2,6.0,False
202205020609,7,12,56.2,0.03500946130146972,15,7.0,False
202205020609,2,7,13.1,0.10143621555244227,9,8.0,False
202205020609,5,14,135.8,0.09253341069713952,11,9.0,False
202205020609,1,3,6.3,0.3144636316466974,1,10.0,False
202205020609,9,13,132.3,0.06731666366732264,13,11.0,False
202205020609,16,8,13.5,0.09350612913665067,10,12.0,False
202205020609,4,15,154.2,0.03757620429190732,14,13.0,False
202205020609,11,11,49.1,0.12331931499435238,7,14.0,False
202205020609,15,10,23.5,0.11730965439325024,8,15.0,False
202205020609,3,16,256.1,0.028150701421539148,16,16.0,False
202210010712,18,5,12.8,0.019389264482237226,13,1.0,True
202210010712,7,8,19.9,0.02265737937803678,12,2.0,False
202210010712,10,3,7.2,0.054378303288029124,4,3.0,False
202210010712,6,6,14.2,0.04163463431312754,7,4.0,False
202210010712,14,14,50.5,0.004974166638471524,18,4.0,False
202210010712,16,1,2.6,0.13288467155512138,1,6.0,False
202210010712,12,2,7.0,0.06690773930431032,3,7.0,False
202210010712,5,7,15.9,0.03671793769297597,8,8.0,False
202210010712,13,15,55.6,0.03312001576765181,9,9.0,False
202210010712,17,13,48.5,0.014032179460804099,15,10.0,False
202210010712,2,12,40.5,0.005652715137701195,17,11.0,False
202210010712,11,4,10.4,0.04695503461537664,5,12.0,False
202210010712,8,18,189.5,0.008040223355200533,16,13.0,False
202210010712,15,16,78.0,0.016080356991425942,14,14.0,False
202210010712,3,9,21.7,0.07528968123567889,2,15.0,False
202210010712,4,11,29.5,0.02943075069730008,11,16.0,False
202210010712,1,17,155.2,0.03243425980466246,10,17.0,False
202210010712,9,10,23.2,0.04653762936769376,6,18.0,False
202301020601,3,1,2.2,0.4462822032292699,1,1.0,True
202301020601,7,2,4.4,0.0880801001904308,6,2.0,False
202301020601,9,4,7.1,0.16989580397329024,2,3.0,False
202301020601,2,3,4.9,0.13560439883478226,4,4.0,False
202301020601,4,7,27.7,0.017119959811216685,8,5.0,False
202301020601,6,5,12.2,0.13118231318443355,5,6.0,False
202301020601,1,9,175.3,0.005111417457262222,9,7.0,False
202301020601,5,6,21.8,0.13585086449225148,3,8.0,False
202301020601,8,8,148.8,0.0480785481367354,7,9.0,False
202001010512,1,6,14.5,0.023830595434066328,8,1.0,True
202001010512,10,3,6.6,0.09692591697924963,2,2.0,False
202001010512,9,5,10.9,0.04863088175322235,6,3.0,False
202001010512,8,1,1.9,0.26800391799809536,1,4.0,False
202001010512,4,10,85.8,0.03226347841076953,7,5.0,False
202001010512,6,2,6.2,0.06528506510881053,3,6.0,False
202001010512,5,4,7.5,0.06475579787788098,4,7.0,False
202001010512,7,9,37.6,0.05043193962150445,5,8.0,False
202001010512,2,7,16.8,0.012830849176123852,9,9.0,False
202001010512,3,8,28.9,0.012682410360742066,10,10.0,False
202402010604,13,8,18.4,0.021780257737755545,8,1.0,True
202402010604,6,1,1.9,0.21026376015875034,1,2.0,False
202402010604,8,7,16.1,0.01514162780725572,10,3.0,False
202402010604,15,12,45.9,0.00839281029580945,13,4.0,False
202402010604,12,5,15.3,0.008849320854569189,12,5.0,False
202402010604,9,4,10.8,0.018238621542509246,9,6.0,False
202402010604,11,15,210.5,0.031590443684954374,6,7.0,False
202402010604,4,10,42.9,0.024718694674907535,7,8.0,False
202402010604,10,13,76.1,0.0018849773856281608,15,9.0,False
202402010604,1,6,15.4,0.06367197184943685,2,10.0,False
202402010604,5,9,32.2,0.039309097102883564,4,11.0,False
202402010604,7,11,44.0,0.010012416589512175,11,12.0,False
202402010604,16,3,8.4,0.04558416341062111,3,13.0,False
202402010604,14,14,165.7,0.0022798442282258853,14,14.0,False
202402010604,2,16,332.3,0.0018636294889084997,16,15.0,False
202402010604,3,2,6.9,0.031768780746066885,5,16.0,False
202104030608,5,6,27.6,0.07669975150939419,5,1.0,True
202104030608,15,9,45.8,0.037483164127766165,11,2.0,False
202104030608,1,1,1.8,0.46367617390659266,1,3.0,False
202104030608,16,3,9.8,0.07187713956390539,6,4.0,False
202104030608,2,7,31.3,0.08039606829477931,4,5.0,False
202104030608,4,8,40.3,0.047785684841880095,10,6.0,False
202104030608,7,2,3.2,0.13435534708431085,3,7.0,False
202104030608,10,14,127.5,0.019258142821178065,15,8.0,False
202104030608,13,11,51.7,0.06735967240744113,7,9.0,False
202104030608,3,5,21.3,0.05631038347028219,8,10.0,False
202104030608,12,4,15.0,0.14607604581131592,2,11.0,False
202104030608,6,12,72.8,0.04942183291866959,9,12.0,False
202104030608,14,10,47.7,0.029564503412872454,13,13.0,False
202104030608,8,13,87.2,0.02404375772288613,14,14.0,False
202104030608,11,15,376.1,0.005127791128320242,16,15.0,False
202202010910,12,2,3.8,0.2856869606659314,1,1.0,True
202202010910,4,3,6.2,0.22477472046756433,2,2.0,False
202202010910,10,5,11.0,0.12797603661877768,5,3.0,False
202202010910,9,7,50.3,0.02094495263457062,10,4.0,False
202202010910,6,4,6.6,0.21640993954095195,4,5.0,False
202202010910,11,1,2.2,0.21927682093203787,3,6.0,False
202202010910,13,9,67.4,0.03935458663302885,7,7.0,False
202202010910,8,11,95.9,0.01881188295013601,11,8.0,False
202202010910,2,6,18.7,0.12646329173980816,6,9.0,False
202202010910,7,13,293.5,0.008145974119290416,13,10.0,False
202202010910,1,10,86.9,0.03505422284122026,9,11.0,False
202202010910,3,12,148.3,0.016001064621055557,12,11.0,False
202202010910,5,8,57.2,0.03731414515002986,8,13.0,False
202209060603,14,1,3.2,0.21710745521624172,3,1.0,True
202209060603,1,6,20.4,0.0509563369881901,9,2.0,False
202209060603,6,4,6.4,0.24307130554954703,2,3.0,False
202209060603,3,3,5.2,0.332045490850849,1,4.0,False
202209060603,4,2,3.2,0.18620142669419112,4,5.0,False
202209060603,7,5,10.3,0.1329097197643281,5,6.0,False
202209060603,15,7,27.8,0.06983358087450299,6,7.0,False
202209060603,13,8,28.9,0.06267283180446233,7,8.0,False
202209060603,10,9,250.0,0.015927527682779104,13,9.0,False
202209060603,9,11,358.7,0.057782357688600766,8,10.0,False
202209060603,5,12,363.8,0.0014096445606655887,15,11.0,False
202209060603,8,10,342.9,0.0044744576599517775,14,12.0,False
202209060603,2,15,745.4,0.017107112289258226,12,13.0,False
202209060603,11,13,501.6,0.04553586559692229,10,14.0,False
202209060603,12,14,513.0,0.03309765935364924,11,15.0,False
202103020402,10,2,5.1,0.2721567310945821,1,1.0,True
202103020402,13,1,4.4,0.18253844489168938,3,2.0,False
202103020402,7,4,8.6,0.134194617811017,4,3.0,False
202103020402,1,6,10.3,0.017116474910612158,10,4.0,False
202103020402,4,3,5.9,0.22599226684170157,2,5.0,False
202103020402,5,10,31.3,0.0041314013803171205,14,6.0,False
202103020402,12,11,47.9,0.0676501355654636,8,7.0,False
202103020402,8,8,15.1,0.07436848762406141,6,8.0,False
202103020402,3,15,291.0,0.002907511359611071,15,9.0,False
202103020402,9,5,9.0,0.0168680517302414,11,10.0,False
202103020402,15,9,18.8,0.0809774461165176,5,11.0,False
202103020402,11,13,141.7,0.009462808726898263,13,12.0,False
202103020402,2,12,102.7,0.02732670661023531,9,13.0,False
202103020402,14,7,12.8,0.07017830998012171,7,14.0,False
202103020402,6,14,174.2,0.014741747038315845,12,15.0,False
202209010805,8,1,2.8,0.10181755968408811,6,1.0,True
202209010805,1,8,14.0,0.03200531482938104,11,2.0,False
202209010805,12,6,10.8,0.18263030579864584,4,3.0,False
202209010805,3,15,234.3,0.0034381869873954547,15,4.0,False
202209010805,9,7,13.8,0.18665900814925224,3,5.0,False
202209010805,6,11,42.7,0.04363540825661661,9,6.0,False
202209010805,5,2,5.3,0.21776777874829317,1,7.0,False
202209010805,2,9,18.0,0.09673996825994674,7,8.0,False
202209010805,13,12,100.0,0.01758956407833084,13,9.0,False
202209010805,10,10,25.4,0.036575041408830514,10,10.0,False
202209010805,7,3,7.2,0.19031968835672927,2,11.0,False
202209010805,4,5,10.2,0.01139926835393339,14,12.0,False
202209010805,14,4,9.8,0.1495185978446887,5,13.0,False
202209010805,15,13,157.4,0.044918644167889474,8,14.0,False
202209010805,11,14,167.6,0.02331193501009908,12,15.0,False
202204030804,3,11,51.1,0.067754767676058,9,1.0,True
202204030804,13,10,33.3,0.08251020367335664,6,2.0,False
202204030804,17,9,23.5,0.09593292084530614,5,3.0,False
202204030804,18,1,3.9,0.022192123070989632,13,4.0,False
202204030804,1,4,6.9,0.1383989269901202,3,5.0,False
202204030804,2,14,145.5,0.008086766566796097,16,6.0,False
202204030804,7,12,61.7,0.018537010734073413,15,7.0,False
202204030804,8,3,5.3,0.1270071021629526,4,8.0,False
202204030804,16,6,12.1,0.06839444582295046,8,9.0,False
202204030804,10,2,4.1,0.1864029823376031,1,10.0,False
202204030804,12,7,14.6,0.07809623292398082,7,11.0,False
202204030804,5,8,21.5,0.03442206126101102,12,12.0,False
202204030804,6,16,207.9,0.04367332483801615,11,13.0,False
202204030804,11,5,10.5,0.17566989310388204,2,14.0,False
202204030804,9,13,117.5,0.02120232744269221,14,15.0,False
202204030804,14,17,281.6,0.0015195083543441668,17,16.0,False
202204030804,15,18,634.5,0.0013883384680822518,18,17.0,False
202204030804,4,15,184.1,0.04569278486347832,10,18.0,False
202506010609,1,4,12.1,0.14377518733773129,5,1.0,True
202506010609,16,7,31.7,0.0953747999642364,7,2.0,False
202506010609,2,1,1.4,0.20052336203537263,2,3.0,False
202506010609,3,11,108.3,0.15141262355093776,4,4.0,False
202506010609,4,2,6.9,0.27857383122257073,1,5.0,False
202506010609,5,3,7.2,0.1637781602610259,3,6.0,False
202506010609,8,12,147.4,0.04134729382189007,12,7.0,False
202506010609,12,15,269.4,0.04712004500356523,11,8.0,False
202506010609,7,16,530.1,0.004096529974483952,16,9.0,False
202506010609,6,14,244.5,0.012292924843878943,15,10.0,False
202506010609,14,9,71.4,0.09181286050739829,8,11.0,False
202506010609,13,8,36.9,0.13244988120251683,6,12.0,False
202506010609,15,13,196.8,0.02794910868840439,14,13.0,False
202506010609,11,6,24.0,0.033865168799707364,13,14.0,False
202506010609,10,5,16.4,0.08542504057364572,9,15.0,False
202506010609,9,10,107.6,0.053552897504438646,10,16.0,False
202210030611,10,5,8.3,0.09139905801201043,4,1.0,True
202210030611,12,2,6.6,0.1234855053153785,2,2.0,False
202210030611,4,6,14.9,0.09848307472646163,3,3.0,False
202210030611,3,4,8.2,0.08621846327643118,6,4.0,False
202210030611,2,10,29.6,0.04808808400281936,10,5.0,False
202210030611,7,11,36.5,0.08994530218129076,5,6.0,False
202210030611,9,3,7.6,0.08127081207625453,7,7.0,False
202210030611,6,9,25.3,0.08002479035601158,8,8.0,False
202210030611,8,1,2.2,0.286923596892331,1,9.0,False
202210030611,11,7,18.1,0.07799588636854152,9,10.0,False
202210030611,5,8,22.0,0.03560260167455942,11,11.0,False
202210030611,1,12,127.3,0.011125374897183272,12,12.0,False
202503030608,6,3,6.0,0.06798086445564731,6,1.0,True
202503030608,3,6,11.1,0.04452975320260023,8,2.0,False
202503030608,15,1,4.1,0.21706515040492386,1,3.0,False
202503030608,4,4,6.5,0.1033262144155336,3,4.0,False
202503030608,9,14,82.4,0.02526454041624592,11,5.0,False
202503030608,8,5,7.6,0.07814691480883207,5,6.0,False
202503030608,14,9,31.3,0.022719686053816662,14,7.0,False
202503030608,10,13,79.4,0.023462459077671357,13,8.0,False
202503030608,7,11,44.2,0.025506474671879796,10,9.0,False
202503030608,5,7,13.0,0.07905926668589923,4,10.0,False
202503030608,13,8,26.1,0.013527728314648607,16,11.0,False
202503030608,1,16,249.1,0.019199300070729428,15,12.0,False
202503030608,16,10,38.7,0.02524220015829183,12,13.0,False
202503030608,12,2,4.4,0.17531344358080217,2,14.0,False
202503030608,2,12,64.8,0.044448060999578716,9,15.0,False
202503030608,11,15,186.2,0.056890739283086876,7,16.0,False
202204030812,12,2,6.0,0.015758393752038097,10,1.0,True
202204030812,17,9,14.5,0.023980769094004664,8,2.0,False
202204030812,15,8,13.5,0.01368643434895101,11,3.0,False
202204030812,18,4,7.1,0.045480156509852314,3,4.0,False
202204030812,5,12,38.6,0.029756840996970322,5,5.0,False
202204030812,14,7,11.8,0.0334817557472014,4,6.0,False
202204030812,11,3,7.0,0.07714106423920729,2,7.0,False
202204030812,9,16,130.9,0.0011347659586743964,18,8.0,False
202204030812,3,17,160.6,0.004621002550429257,15,9.0,False
202204030812,2,15,129.7,0.019711391069624253,9,10.0,False
202204030812,16,5,10.7,0.00653740852860854,14,11.0,False
202204030812,1,13,76.2,0.008615057313240497,13,12.0,False
202204030812,10,10,17.3,0.025380244709763085,7,13.0,False
202204030812,4,18,281.3,0.004435422530619072,16,14.0,False
202204030812,6,14,119.5,0.009400855762401647,12,15.0,False
202204030812,13,11,24.9,0.002096123229052274,17,16.0,False
202204030812,8,6,11.7,0.026657008678273225,6,17.0,False
202204030812,7,1,4.3,0.1650823014446199,1,18.0,False
202006050204,13,6,19.6,0.033849533127464256,5,1.0,True
202006050204,4,2,3.7,0.2531666625906386,2,2.0,False
202006050204,11,3,4.9,0.04704133022812866,4,3.0,False
202006050204,8,5,15.9,0.03224717055828371,6,4.0,False
202006050204,7,8,33.7,0.02012478250466259,7,5.0,False
202006050204,14,12,94.6,0.056456689580654265,3,6.0,False
202006050204,9,11,88.4,0.01501784116478543,9,7.0,False
202006050204,3,1,3.0,0.28894528115474183,1,8.0,False
202006050204,2,15,401.9,0.006199965164550699,15,9.0,False
202006050204,12,7,19.7,0.012144909043318636,11,10.0,False
202006050204,6,4,8.5,0.008287416705399493,12,11.0,False
202006050204,1,9,34.5,0.017579565843595258,8,12.0,False
202006050204,10,13,112.2,0.006462723854498851,14,13.0,False
202006050204,16,10,76.0,0.013687837959668915,10,14.0,False
202006050204,5,16,476.1,0.0012486478656531974,16,15.0,False
202006050204,15,14,367.8,0.006796175884004596,13,16.0,False
202002010212,11,3,7.9,0.07270705701938286,5,1.0,True
202002010212,3,1,1.9,0.2072294021682397,1,2.0,False
202002010212,7,4,8.6,0.01893554909403837,9,3.0,False
202002010212,4,9,23.6,0.011284100462450883,10,4.0,False
202002010212,2,10,35.6,0.02963697210256792,7,5.0,False
202002010212,8,8,21.5,0.050842817025042286,6,6.0,False
202002010212,5,6,14.4,0.02691793006029565,8,7.0,False
202002010212,6,11,61.5,0.00383360372344398,11,8.0,False
202002010212,10,2,6.1,0.19498550770657855,2,9.0,False
202002010212,1,5,12.4,0.07810346933066288,4,10.0,False
202002010212,9,7,19.0,0.09217858746854893,3,11.0,False
202502011104,5,1,4.0,0.053155488878020477,8,1.0,True
202502011104,3,2,4.3,0.07594124157520149,4,2.0,False
202502011104,6,4,5.9,0.07338459378987493,5,3.0,False
202502011104,4,3,5.1,0.13510420718910643,1,4.0,False
202502011104,7,11,59.7,0.020966101381307063,10,5.0,False
202502011104,12,6,14.7,0.06967163619268751,6,6.0,False
202502011104,1,14,101.2,0.010116480026329496,13,7.0,False
202502011104,11,10,42.7,0.033139658652520464,9,8.0,False
202502011104,9,8,21.1,0.07962355938739507,3,9.0,False
202502011104,2,13,64.3,0.019631812112039668,11,10.0,False
202502011104,10,5,8.3,0.09661767018248325,2,11.0,False
202502011104,8,7,15.7,0.05504885211394405,7,12.0,False
202502011104,15,12,59.9,0.010447983771861827,12,13.0,False
202502011104,14,15,156.1,0.0017389327832086547,15,14.0,False
202502011104,13,9,40.3,0.00511550826808944,14,15.0,False
202104020211,2,3,5.5,0.06182860104229681,6,1.0,True
202104020211,10,1,3.5,0.15656841561893517,2,2.0,False
202104020211,14,7,19.0,0.0403554977631992,7,3.0,False
202104020211,4,9,20.3,0.026143996148752905,10,4.0,False
202104020211,1,2,4.3,0.19648219258012614,1,5.0,False
202104020211,11,5,7.5,0.07912694644249435,4,6.0,False
202104020211,5,10,32.2,0.02314665864333791,12,7.0,False
202104020211,3,14,345.7,0.00389311930935048,13,8.0,False
202104020211,8,11,45.3,0.0323669401088814,8,9.0,False
202104020211,9,6,18.6,0.06872078074020187,5,10.0,False
202104020211,6,4,6.8,0.08780369312101778,3,11.0,False
202104020211,12,12,64.4,0.003566009632761557,14,12.0,False
202104020211,7,13,212.5,0.025153581151173086,11,13.0,False
202104020211,13,8,20.2,0.031451093747063154,9,14.0,False
202006040110,8,1,3.5,0.10166069313240844,1,1.0,True
202006040110,2,3,7.0,0.09684947740713169,2,2.0,False
202006040110,4,7,12.0,0.06815342575737213,6,3.0,False
202006040110,9,9,22.1,0.04179283611596967,9,4.0,False
202006040110,15,5,9.0,0.09018669693787525,4,5.0,False
202006040110,7,6,11.8,0.023564804970220933,12,6.0,False
202006040110,3,14,58.8,0.04720196607919139,8,7.0,False
202006040110,1,8,14.0,0.09044454563702771,3,8.0,False
202006040110,13,10,27.1,0.02601371154580269,11,9.0,False
202006040110,16,15,67.1,0.014485612035388121,13,10.0,False
202006040110,10,16,171.9,0.00827334521051081,16,11.0,False
202006040110,14,11,28.0,0.03304400436998308,10,12.0,False
202006040110,5,2,6.8,0.08449897261922555,5,13.0,False
202006040110,6,4,8.5,0.012464651077010974,15,14.0,False
202006040110,12,13,39.8,0.014263598282599684,14,15.0,False
202006040110,11,12,30.1,0.049080170476073444,7,16.0,False
202305030406,17,1,1.7,0.1501205737553514,1,1.0,True
202305030406,2,3,6.7,0.04209718726686593,4,2.0,False
202305030406,18,2,6.1,0.09097324576946278,2,3.0,False
202305030406,13,7,39.7,0.02523097974293223,6,4.0,False
202305030406,6,18,492.5,0.0010409375864772195,18,5.0,False
202305030406,12,16,352.7,0.004237736260248711,11,6.0,False
202305030406,14,13,183.0,0.011654158780377458,7,7.0,False
202305030406,3,4,7.2,0.03016892854872068,5,8.0,False
202305030406,7,17,483.0,0.0019675484227181686,16,9.0,False
202305030406,16,6,25.6,0.06748387834633979,3,10.0,False
202305030406,8,8,42.4,0.0025639484152875738,13,11.0,False
202305030406,9,9,48.5,0.0035967939012688864,12,12.0,False
202305030406,11,15,270.5,0.002064786994643023,15,13.0,False
202305030406,15,11,121.3,0.001270197735938018,17,14.0,False
202305030406,4,5,11.7,0.01042354023293463,8,15.0,False
202305030406,5,12,153.4,0.006443300480297932,10,16.0,False
202305030406,1,14,183.1,0.010134147635275339,9,17.0,False
202305030406,10,10,63.9,0.0024995374153574637,14,18.0,False
202505010810,12,2,3.7,0.19330385656765997,3,1.0,True
202505010810,1,6,30.1,0.03748500861162615,8,2.0,False
202505010810,11,4,5.4,0.2059776934207796,1,3.0,False
202505010810,9,11,159.2,0.011624608386054247,12,4.0,False
202505010810,10,5,9.5,0.10571118374137692,5,5.0,False
202505010810,3,1,2.8,0.15974273205617645,4,6.0,False
202505010810,8,8,65.1,0.03696347998456016,9,7.0,False
202505010810,5,12,160.4,0.020497922401460585,11,8.0,False
202505010810,4,3,4.2,0.20282431147272992,2,9.0,False
202505010810,2,10,131.5,0.03188883923873963,10,10.0,False
202505010810,7,7,47.5,0.05139347397985535,6,11.0,False
202505010810,6,9,69.4,0.043677963464668165,7,12.0,False
202201020209,2,1,1.5,0.306795180328155,2,1.0,True
202201020209,7,7,101.2,0.009605844564964196,9,2.0,False
202201020209,9,4,12.2,0.06639934676434567,5,3.0,False
202201020209,3,2,3.7,0.3222987939175328,1,4.0,False
202201020209,5,5,14.9,0.06749666883455101,4,5.0,False
202201020209,1,6,20.1,0.034977501252024146,6,6.0,False
202201020209,4,3,8.1,0.10332239696167249,3,7.0,False
202201020209,8,8,145.0,0.013849474590660061,8,8.0,False
202201020209,6,9,160.7,0.0263058700682387,7,9.0,False
202405030504,5,9,56.2,0.041399615372354974,8,1.0,True
202405030504,4,3,9.6,0.061449586012709966,5,2.0,False
202405030504,16,1,1.5,0.4548257153613151,1,3.0,False
202405030504,2,4,10.1,0.05269026401030623,6,4.0,False
202405030504,15,6,15.2,0.11357244376427712,4,5.0,False
202405030504,10,2,8.4,0.12067407058700172,3,6.0,False
202405030504,11,5,13.9,0.16067583381738937,2,7.0,False
202405030504,3,11,114.5,0.013751569514087231,13,8.0,False
202405030504,7,7,15.6,0.04976893645448047,7,9.0,False
202405030504,9,12,133.8,0.024096034811381756,10,10.0,False
202405030504,6,14,258.6,0.005894945359826924,16,11.0,False
202405030504,1,10,76.4,0.02420445427047238,9,12.0,False
202405030504,14,8,32.3,0.006926243343401235,15,13.0,False
202405030504,8,15,364.9,0.012806605948784456,14,14.0,False
202405030504,12,16,409.9,0.017223636996204956,12,15.0,False
202405030504,13,13,244.2,0.02056343457331342,11,16.0,False
202506020207,1,2,3.2,0.14751938262613093,4,1.0,True
202506020207,4,5,16.8,0.15823038323339042,3,2.0,False
202506020207,6,1,1.8,0.25809049479454105,2,3.0,False
202506020207,5,6,124.9,0.017122011168562372,7,4.0,False
202506020207,2,4,8.1,0.12277998061697792,5,5.0,False
202506020207,7,3,5.3,0.3371044746393072,1,6.0,False
202506020207,3,8,200.8,0.010817380925531297,8,7.0,False
202506020207,9,7,188.7,0.0022110372644759788,9,8.0,False
202308030303,3,1,1.8,0.4744866812509345,1,1.0,True
202308030303,6,4,9.9,0.05485977966482558,7,2.0,False
202308030303,2,5,21.1,0.15000463589276752,5,3.0,False
202308030303,7,2,3.6,0.2690964230721023,3,4.0,False
202308030303,8,9,252.9,0.01338483025237265,9,5.0,False
202308030303,9,6,34.4,0.18360968274052722,4,6.0,False
202308030303,4,10,428.4,0.027352964739336093,8,7.0,False
202308030303,10,7,172.3,0.09423068438268242,6,8.0,False
202308030303,1,8,199.5,0.00972285947541902,10,9.0,False
202308030303,5,3,5.3,0.3470232650767836,2,10.0,False
202105020705,16,1,1.6,0.3201350129786263,1,1.0,True
202105020705,10,2,3.5,0.11538928181440408,3,2.0,False
202105020705,5,5,14.9,0.13195073405913396,2,3.0,False
202105020705,15,4,14.3,0.052513985918081846,5,4.0,False
202105020705,3,6,19.5,0.042544087295580055,6,5.0,False
202105020705,6,9,100.0,0.018764347162552167,9,6.0,False
202105020705,12,3,11.1,0.06289396605642518,4,7.0,False
202105020705,9,10,172.6,0.0029000919572448203,14,8.0,False
202105020705,11,12,317.3,0.016825249991289384,10,9.0,False
202105020705,1,7,27.0,0.010268049061676587,11,10.0,False
202105020705,2,11,279.2,0.008845580190956043,12,11.0,False
202105020705,13,8,49.7,0.037349927951510035,7,12.0,False
202105020705,14,14,570.2,0.02685610695310941,8,13.0,False
202105020705,8,16,715.6,0.0077621166988895846,13,14.0,False
202105020705,4,15,639.1,0.0006740762948224642,16,15.0,False
202105020705,7,13,407.0,0.0015594674206459468,15,16.0,False
202003020311,15,12,47.2,0.041902570423990336,6,1.0,True
202003020311,16,1,3.4,0.15827874988350848,1,2.0,False
202003020311,6,7,17.2,0.00805163943587879,14,3.0,False
202003020311,4,6,12.4,0.020387309025948375,11,4.0,False
202003020311,1,10,29.5,0.010956172051117817,12,5.0,False
202003020311,8,8,20.2,0.04128442553123469,7,6.0,False
202003020311,5,11,36.7,0.025873814861369557,9,7.0,False
202003020311,13,3,7.7,0.10282902905952465,2,8.0,False
202003020311,2,15,150.5,0.007370489028021814,15,9.0,False
202003020311,9,14,105.0,0.009194945892327678,13,10.0,False
202003020311,14,13,93.0,0.02530872992890369,10,11.0,False
202003020311,3,5,9.0,0.08807919017915578,3,12.0,False
202003020311,7,4,8.0,0.05106605198475741,5,13.0,False
202003020311,10,16,273.0,0.0033744233306718936,16,14.0,False
202003020311,12,9,20.9,0.03937576045211001,8,15.0,False
202003020311,11,2,3.9,0.08666368936669394,4,,False
202505040702,7,2,2.5,0.2504470180396783,1,1.0,True
202505040702,2,4,10.2,0.027104479812201415,6,2.0,False
202505040702,4,3,5.3,0.17896670422162256,2,3.0,False
202505040702,3,1,2.0,0.16426227834854934,3,4.0,False
202505040702,8,6,51.2,0.05134586652642284,4,5.0,False
202505040702,1,5,21.3,0.044818804723917444,5,6.0,False
202505040702,5,7,154.3,0.014913384539372885,7,7.0,False
202505040702,6,8,306.5,0.014768373214009646,8,8.0,False
202201010108,1,1,2.0,0.25373514963586424,1,1.0,True
202201010108,2,4,17.7,0.05201011925871513,7,2.0,False
202201010108,7,9,36.0,0.007384731254744859,13,3.0,False
202201010108,12,2,2.9,0.24629090280118768,2,4.0,False
202201010108,3,5,20.2,0.06252479978627244,5,5.0,False
202201010108,6,3,8.6,0.05246077128801174,6,6.0,False
202201010108,10,8,35.6,0.047113349117179466,9,7.0,False
202201010108,13,7,25.3,0.050503339243223616,8,8.0,False
202201010108,8,10,46.8,0.023141615881577603,12,9.0,False
202201010108,5,6,22.3,0.027430160210089725,11,10.0,False
202201010108,4,11,47.2,0.07123960463893511,4,11.0,False
202201010108,11,12,114.6,0.037555444186038,10,12.0,False
202201010108,9,13,130.7,0.07389088155074826,3,13.0,False
202309040709,1,1,1.9,0.332405461558688,1,1.0,True
202309040709,7,3,4.4,0.11049996732851859,3,2.0,False
202309040709,11,2,3.0,0.1609688442743203,2,3.0,False
202309040709,4,4,24.4,0.05638410851659234,5,4.0,False
202309040709,3,6,27.7,0.051366557026657954,7,5.0,False
202309040709,5,7,35.6,0.039651589493749494,9,6.0,False
202309040709,6,5,24.5,0.049482623016655965,8,7.0,False
202309040709,8,8,64.7,0.03304104951898823,10,8.0,False
202309040709,10,9,70.1,0.055453174811491576,6,9.0,False
202309040709,9,11,129.8,0.006368625224977889,11,10.0,False
202309040709,2,10,91.8,0.06004291899016595,4,11.0,False
202004030512,7,3,7.0,0.0897791540595002,5,1.0,True
202004030512,15,5,8.6,0.09714136793546257,3,2.0,False
202004030512,10,11,38.6,0.061982280552038374,8,3.0,False
202004030512,14,6,10.6,0.1551616192720574,1,4.0,False
202004030512,1,4,7.6,0.05471256582851467,9,5.0,False
202004030512,4,10,27.8,0.04788761160044125,10,6.0,False
202004030512,12,1,4.4,0.06842921625689466,7,7.0,False
202004030512,6,12,39.4,0.01870188919544292,12,8.0,False
202004030512,2,13,41.1,0.001073311855561171,18,9.0,False
202004030512,8,15,52.0,0.010977277998440478,14,10.0,False
202004030512,18,18,257.8,0.0018730912787641347,17,11.0,False
202004030512,17,14,43.9,0.023704906477571983,11,12.0,False
202004030512,3,7,10.9,0.07496036263157978,6,13.0,False
202004030512,16,2,5.2,0.1430061018853714,2,14.0,False
202004030512,9,16,94.5,0.012444386683561444,13,15.0,False
202004030512,11,8,18.5,0.09500994996266701,4,16.0,False
202004030512,5,9,26.1,0.005305827878663133,15,17.0,False
202004030512,13,17,194.0,0.00447759287453945,16,18.0,False
202303030511,4,5,9.2,0.11043686547267076,2,1.0,True
202303030511,10,14,45.8,0.03083534522635899,13,2.0,False
202303030511,8,7,13.3,0.09873051711442805,3,3.0,False
202303030511,3,3,6.8,0.12382813483230061,1,4.0,False
202303030511,13,4,7.1,0.05807585674182928,8,5.0,False
202303030511,11,2,6.3,0.05027423179048964,10,6.0,False
202303030511,5,12,31.8,0.038242433643654115,12,7.0,False
202303030511,9,1,4.3,0.04573835516266125,11,8.0,False
202303030511,12,10,23.1,0.054666618918855416,9,9.0,False
202303030511,2,16,85.8,0.020476182591054857,16,10.0,False
202303030511,6,11,27.0,0.0767539992880953,7,11.0,False
202303030511,1,13,37.9,0.029719225977905467,14,12.0,False
202303030511,7,6,11.2,0.08402488894898899,5,13.0,False
202303030511,16,15,51.9,0.02779146174615828,15,14.0,False
202303030511,14,9,19.8,0.07899564197694407,6,15.0,False
202303030511,15,8,15.6,0.08972960581209766,4,16.0,False
202001010608,8,3,6.2,0.03100197123102097,8,1.0,True
202001010608,5,2,4.2,0.21407222587608987,1,2.0,False
202001010608,4,4,6.3,0.16836892519473018,2,3.0,False
202001010608,2,7,8.1,0.15271007205528897,3,4.0,False
202001010608,9,1,4.1,0.07949787304587318,4,5.0,False
202001010608,1,5,6.4,0.06641243499634288,5,6.0,False
202001010608,7,8,34.6,0.023367322657758344,9,7.0,False
202001010608,6,9,42.8,0.0451974797031178,7,8.0,False
202001010608,3,6,7.8,0.0637552431019459,6,9.0,False
202203010507,2,3,4.1,0.08064248925449356,3,1.0,True
202203010507,4,2,3.5,0.05497848539929591,4,2.0,False
202203010507,10,7,23.4,0.0174380552992034,9,3.0,False
202203010507,1,1,3.2,0.08075035012065244,2,4.0,False
202203010507,6,5,13.3,0.09284935448809,1,5.0,False
202203010507,14,4,6.2,0.052152763321542735,5,6.0,False
202203010507,15,11,168.7,0.03479201289775644,6,7.0,False
202203010507,12,8,46.5,0.026647711465347952,7,8.0,False
202203010507,8,15,222.9,0.0013791210306444365,14,9.0,False
202203010507,9,10,87.6,0.02039718941901128,8,10.0,False
202203010507,7,14,205.3,0.008471973966559299,11,11.0,False
202203010507,3,12,185.2,0.00853084128013506,10,12.0,False
202203010507,11,6,15.7,0.0043185006457193125,12,13.0,False
202203010507,13,9,71.8,0.0018353707473025662,13,14.0,False
202203010507,5,13,204.5,0.00099526999163097,15,15.0,False
202206010205,6,3,6.2,0.15382198026614455,2,1.0,True
202206010205,4,4,6.3,0.05333495722630534,4,2.0,False
202206010205,1,2,3.7,0.2765741697604107,1,3.0,False
202206010205,8,12,115.8,0.013720338353840362,12,4.0,False
202206010205,5,10,78.6,0.050676026737506444,5,5.0,False
202206010205,15,7,28.7,0.023107911441833336,9,6.0,False
202206010205,10,1,2.2,0.023590009044981337,8,7.0,False
202206010205,7,6,21.7,0.032991218437905735,6,8.0,False
202206010205,11,14,282.1,0.022252763595636167,10,9.0,False
202206010205,12,5,14.1,0.07861306076691006,3,10.0,False
202206010205,2,8,49.3,0.0026679429666877363,15,11.0,False
202206010205,9,15,475.1,0.015631234730064,11,12.0,False
202206010205,3,11,89.0,0.005925652615428665,14,13.0,False
202206010205,14,9,72.4,0.011626493817443465,13,14.0,False
202206010205,13,13,137.9,0.026442650740293443,7,15.0,False
202006050709,2,5,9.3,0.05628407473440076,6,1.0,True
202006050709,3,4,9.2,0.05604289672957924,7,2.0,False
202006050709,5,7,11.3,0.082872468085534,2,3.0,False
202006050709,16,10,31.6,0.04490875160576233,8,4.0,False
202006050709,9,3,6.1,0.06548398292217339,4,5.0,False
202006050709,14,9,28.5,0.043878273384201326,9,6.0,False
202006050709,18,11,38.3,0.012497422834550393,15,7.0,False
202006050709,1,12,38.7,0.034031128742970346,11,8.0,False
202006050709,11,16,175.0,0.014901144233111202,14,9.0,False
202006050709,17,6,10.8,0.0591897149425778,5,10.0,False
202006050709,10,13,75.6,0.005549406785659268,18,11.0,False
202006050709,7,14,76.8,0.03632473733184118,10,12.0,False
202006050709,4,8,13.4,0.020296180771207258,12,13.0,False
202006050709,13,15,127.3,0.007233872593470948,16,14.0,False
202006050709,15,2,6.0,0.07548392575998639,3,15.0,False
202006050709,12,1,3.5,0.10181072336402357,1,16.0,False
202006050709,6,18,287.0,0.00713617936492375,17,17.0,False
202006050709,8,17,193.8,0.015890630307612494,13,18.0,False
202206010509,1,1,2.2,0.2717861463787468,1,1.0,True
202206010509,10,6,31.2,0.09596970095831599,5,2.0,False
202206010509,9,7,101.2,0.035000508354247645,7,3.0,False
202206010509,5,3,5.5,0.22825807183494656,2,4.0,False
202206010509,8,2,2.9,0.07011456251956906,6,5.0,False
202206010509,6,8,137.5,0.011082801275192627,10,6.0,False
202206010509,4,4,5.6,0.1207697984488543,4,7.0,False
202206010509,7,5,19.2,0.2047645277604648,3,8.0,False
202206010509,11,9,149.6,0.015225222839660726,9,9.0,False
202206010509,2,10,485.4,0.005891946475405067,11,10.0,False
202206010509,3,11,556.8,0.022972563271315683,8,11.0,False
202007030509,11,10,41.2,0.024056442006652703,11,1.0,True
202007030509,13,3,6.2,0.11413780486567976,2,2.0,False
202007030509,10,4,6.3,0.09367964701484303,3,3.0,False
202007030509,3,2,5.4,0.0845635923227073,4,4.0,False
202007030509,16,14,199.7,0.023822562251566093,12,5.0,False
202007030509,2,5,15.1,0.06620072833172173,5,6.0,False
202007030509,15,7,29.0,0.012859526071367783,15,7.0,False
202007030509,4,6,16.9,0.04312802922449255,7,8.0,False
202007030509,12,9,36.3,0.034293715899991695,9,9.0,False
202007030509,7,8,31.8,0.056487218338957736,6,10.0,False
202007030509,18,11,102.9,0.03317987591461464,10,11.0,False
202007030509,8,15,210.8,0.02100445535082611,14,12.0,False
202007030509,1,17,588.8,0.0055204016279034075,16,13.0,False
202007030509,14,13,157.7,0.03798959291747923,8,14.0,False
202007030509,9,1,2.1,0.13401844948412875,1,15.0,False
202007030509,17,16,291.5,0.0018559491809723781,18,16.0,False
202007030509,6,12,102.9,0.021322645178721233,13,17.0,False
202007030509,5,18,768.9,0.004676461586520749,17,18.0,False
202110020110,5,2,3.2,0.15561313335975008,1,1.0,True
202110020110,8,6,12.2,0.025627999051624967,8,2.0,False
202110020110,2,10,48.3,0.04674915567063601,7,3.0,False
202110020110,7,4,9.7,0.06883682328050415,6,4.0,False
202110020110,10,1,2.6,0.14163060547413056,2,5.0,False
202110020110,3,7,16.7,0.020754594944256504,10,6.0,False
202110020110,9,3,7.2,0.13185129866849607,3,7.0,False
202110020110,4,5,11.8,0.10093090389475418,4,8.0,False
202110020110,1,8,26.6,0.023157795952372665,9,9.0,False
202110020110,6,9,29.1,0.08441467417496765,5,10.0,False
202301010612,2,6,17.3,0.10741922805071843,6,1.0,True
202301010612,14,1,2.0,0.27829575672416706,1,2.0,False
202301010612,9,8,22.8,0.07666102705076766,10,3.0,False
202301010612,7,10,29.3,0.10415202156495015,7,4.0,False
202301010612,1,7,22.2,0.062016949653778734,13,5.0,False
202301010612,8,12,47.6,0.12019795622179033,5,6.0,False
202301010612,11,9,23.2,0.1243817970581544,4,7.0,False
202301010612,15,11,36.3,0.030978754641106204,15,8.0,False
202301010612,13,2,7.3,0.0790199260796643,9,9.0,False
202301010612,12,5,12.0,0.07395360173178654,12,10.0,False
202301010612,4,3,7.3,0.14761055312563795,2,11.0,False
202301010612,3,4,11.8,0.08507047424886692,8,12.0,False
202301010612,10,16,174.8,0.020101182535340715,16,13.0,False
202301010612,5,14,71.1,0.07476689961560311,11,14.0,False
202301010612,16,13,64.9,0.12874750883331995,3,15.0,False
202301010612,6,15,161.2,0.051855769155297306,14,16.0,False
202008030404,10,3,13.3,0.03217677922793821,8,1.0,True
202008030404,9,7,43.2,0.07932203773984754,5,2.0,False
202008030404,1,6,26.9,0.07803450929482762,6,3.0,False
202008030404,3,5,14.0,0.030074710899206915,9,4.0,False
202008030404,2,8,45.9,0.02078031964929804,10,5.0,False
202008030404,11,4,13.5,0.2296616496972678,2,6.0,False
202008030404,8,2,2.7,0.3111508089947344,1,7.0,False
202008030404,4,1,1.8,0.08565498107918355,4,8.0,False
202008030404,6,9,57.9,0.15529223949946203,3,9.0,False
202008030404,7,10,102.9,0.052737210383826755,7,10.0,False
202008030404,5,11,211.0,0.003882404949277239,11,11.0,False
202305050103,12,1,2.0,0.16751819816510796,1,1.0,True
202305050103,6,5,14.8,0.15372120112236692,2,2.0,False
202305050103,5,3,7.3,0.10666814803714021,5,3.0,False
202305050103,11,2,6.1,0.016480449921579616,10,4.0,False
202305050103,9,13,175.8,0.021285366833272652,7,5.0,False
202305050103,2,11,111.3,0.11398904360297715,4,6.0,False
202305050103,10,12,170.4,0.01963057988761693,8,7.0,False
202305050103,7,8,28.6,0.01085612191646301,14,8.0,False
202305050103,14,10,72.4,0.011905584744076896,13,9.0,False
202305050103,13,9,67.3,0.012196357350894914,12,10.0,False
202305050103,3,4,7.4,0.012289486800714884,11,11.0,False
202305050103,1,6,15.0,0.13685820131391443,3,12.0,False
202305050103,4,7,28.2,0.06891428585039192,6,13.0,False
202305050103,8,14,376.2,0.017534089859523365,9,14.0,False
202210010102,14,2,3.8,0.2887574827637118,1,1.0,True
202210010102,2,1,3.3,0.25149523671967283,2,2.0,False
202210010102,1,10,48.8,0.00864873413934688,16,3.0,False
202210010102,16,5,8.7,0.04664528189942486,10,4.0,False
202210010102,8,4,8.3,0.054410325238326736,8,5.0,False
202210010102,12,7,18.5,0.07196126647522352,5,6.0,False
202210010102,4,3,5.0,0.1418699669810862,3,7.0,False
202210010102,5,6,13.0,0.11123385257679722,4,8.0,False
202210010102,3,8,26.2,0.01074818510204226,15,9.0,False
202210010102,13,9,42.5,0.05283180830768236,9,10.0,False
202210010102,7,11,88.3,0.02631259958136644,11,11.0,False
202210010102,6,17,469.4,0.0023088135900949736,18,12.0,False
202210010102,10,18,495.0,0.0031245833536832457,17,13.0,False
202210010102,17,16,206.8,0.016779336749101394,14,14.0,False
202210010102,18,12,108.6,0.0710514351546009,6,15.0,False
202210010102,15,14,114.0,0.05611652141812832,7,16.0,False
202210010102,9,15,176.5,0.019146826173203117,13,17.0,False
202210010102,11,13,109.5,0.02414564231802734,12,18.0,False
202003020201,5,5,26.1,0.0854789192389257,3,1.0,True
202003020201,3,2,3.2,0.10390313173049091,2,2.0,False
202003020201,6,3,5.5,0.07377955376930896,6,3.0,False
202003020201,2,4,16.5,0.019726196306412015,10,4.0,False
202003020201,1,6,32.4,0.04614401355719721,7,5.0,False
202003020201,4,7,35.9,0.026260397771530823,9,6.0,False
202003020201,9,10,168.5,0.07519700553272352,5,7.0,False
202003020201,7,1,2.0,0.3122723046417486,1,8.0,False
202003020201,10,8,51.6,0.019441714818515136,11,9.0,False
202003020201,8,11,171.1,0.08098453354904322,4,10.0,False
202003020201,11,9,52.1,0.032495357780650234,8,11.0,False
202503020303,3,2,3.4,0.14349979910608335,3,1.0,True
202503020303,1,3,5.4,0.06431448348817759,4,2.0,False
202503020303,7,6,20.8,0.024991530404971842,7,3.0,False
202503020303,5,4,9.0,0.020909729163570662,8,4.0,False
202503020303,2,5,13.5,0.06005231955790474,5,5.0,False
202503020303,8,7,29.9,0.1961160129037522,2,6.0,False
202503020303,6,1,2.0,0.2366628377849678,1,7.0,False
202503020303,4,8,119.9,0.018899862424161893,9,8.0,False
202503020303,9,9,139.8,0.056890850987861515,6,9.0,False
202002010101,7,6,19.6,0.060876318231869626,9,1.0,True
202002010101,13,1,2.6,0.20661027509439048,1,2.0,False
202002010101,8,2,5.6,0.17906819602290908,4,3.0,False
202002010101,14,15,117.7,0.017282701075178968,13,4.0,False
202002010101,6,5,9.1,0.09982286999906095,5,5.0,False
202002010101,12,11,50.4,0.015306421135508685,14,6.0,False
202002010101,4,3,5.8,0.19268774081131448,2,7.0,False
202002010101,1,10,32.4,0.08118647475084567,6,8.0,False
202002010101,15,8,22.5,0.04647599620691327,10,9.0,False
202002010101,9,12,75.4,0.022588436292371422,12,10.0,False
202002010101,16,4,7.1,0.18493772100851918,3,11.0,False
202002010101,10,9,28.3,0.010017238585661184,15,12.0,False
202002010101,2,16,279.6,0.005501300800469105,16,13.0,False
202002010101,11,13,90.9,0.04436962186678364,11,14.0,False
202002010101,5,14,99.6,0.07059056926054058,7,15.0,False
202002010101,3,7,21.7,0.06444081286169734,8,16.0,False
202101020711,9,1,2.1,0.2191514453768648,1,1.0,True
202101020711,7,4,12.9,0.18062898829153304,2,2.0,False
202101020711,10,5,23.1,0.04382548638607312,8,3.0,False
202101020711,6,7,31.3,0.044511639115956514,7,4.0,False
202101020711,2,2,3.8,0.042496573403743805,9,5.0,False
202101020711,1,3,4.2,0.17868516328666023,3,6.0,False
202101020711,4,6,23.4,0.14423602731847987,4,7.0,False
202101020711,5,8,58.2,0.07326656305024283,5,8.0,False
202101020711,8,9,126.5,0.03328752525067281,10,9.0,False
202107010405,9,5,8.4,0.0524964758285389,10,1.0,True
202107010405,2,3,6.5,0.24572410958504767,2,2.0,False
202107010405,12,1,3.6,0.1941177660695516,3,3.0,False
202107010405,15,7,10.4,0.08211878597419701,5,4.0,False
202107010405,13,4,6.9,0.04639327113869354,11,5.0,False
202107010405,11,9,49.3,0.061393549701632424,8,6.0,False
202107010405,1,15,443.1,0.007893517580773573,14,7.0,False
202107010405,14,8,21.5,0.07858314743904199,6,8.0,False
202107010405,10,14,396.3,0.002096686026403085,16,9.0,False
202107010405,7,11,137.0,0.04189389937320507,12,10.0,False
202107010405,4,6,9.0,0.09815592207039182,4,11.0,False
202107010405,3,2,3.9,0.24784148889165566,1,12.0,False
202107010405,8,12,170.6,0.05725344415778263,9,13.0,False
202107010405,16,16,526.8,0.005259118905164104,15,14.0,False
202107010405,6,13,262.2,0.03025755439989352,13,15.0,False
202107010405,5,10,86.1,0.07380819302836135,7,16.0,False
202206040811,6,7,12.0,0.07547988770306777,4,1.0,True
202206040811,11,5,10.2,0.07855244506518791,3,2.0,False
202206040811,3,11,36.0,0.03928451798547664,9,3.0,False
202206040811,10,10,35.1,0.02549423848896995,10,4.0,False
202206040811,8,2,4.9,0.06363860082834681,6,5.0,False
202206040811,4,1,3.5,0.1142350250986913,1,6.0,False
202206040811,7,15,209.2,0.0075629184316350654,16,7.0,False
202206040811,9,12,37.8,0.025459698244837427,11,8.0,False
202206040811,13,8,15.3,0.022954057077628,12,9.0,False
202206040811,12,16,282.8,0.01032857800481664,14,10.0,False
202206040811,5,14,144.8,0.00880004536704076,15,11.0,False
202206040811,1,4,7.5,0.06861080626713319,5,12.0,False
202206040811,2,13,72.2,0.017845306386949825,13,13.0,False
202206040811,16,6,11.0,0.10946879789048579,2,14.0,False
202206040811,15,9,22.6,0.044276663113554236,8,15.0,False
202206040811,14,3,7.1,0.0627926644227186,7,16.0,False
202503030307,10,10,17.2,0.021674297325791732,8,1.0,True
202503030307,9,4,7.3,0.015852752078256743,10,2.0,False
202503030307,12,3,6.1,0.07429372254906548,5,3.0,False
202503030307,7,2,6.0,0.14495526133320452,2,4.0,False
202503030307,11,9,14.1,0.18030186494647749,1,5.0,False
202503030307,1,1,5.0,0.08216406204171343,3,6.0,False
202503030307,14,6,11.5,0.03258899343526992,7,7.0,False
202503030307,13,7,11.9,0.0756560342735149,4,8.0,False
202503030307,2,8,12.5,0.071507325775813,6,9.0,False
202503030307,5,5,7.5,0.016522765824928638,9,10.0,False
202503030307,15,11,22.5,0.014657682667496683,12,11.0,False
202503030307,6,13,101.8,0.01479500499451186,11,12.0,False
202503030307,4,12,96.4,0.008088629605340274,14,13.0,False
202503030307,3,16,280.3,0.003147113124686402,16,14.0,False
202503030307,8,15,237.4,0.012403568239451957,13,15.0,False
202503030307,16,14,196.6,0.005927357078632261,15,16.0,False
202205050302,8,6,30.2,0.1162631105098818,6,1.0,True
202205050302,7,2,3.0,0.3246039676501158,1,2.0,False
202205050302,1,4,8.1,0.2985744323725929,2,3.0,False
202205050302,2,1,2.2,0.21739401655764068,4,4.0,False
202205050302,9,3,5.4,0.2291011589725357,3,5.0,False
202205050302,6,5,20.6,0.13459129194576366,5,6.0,False
202205050302,11,7,68.0,0.052267589884682275,7,7.0,False
202205050302,12,8,154.0,0.01859450100164419,9,8.0,False
202205050302,10,9,312.3,0.023107847839052512,8,9.0,False
202205050302,3,10,315.4,0.011135528208034937,10,10.0,False
202205050302,5,11,334.1,0.007305639176791262,12,11.0,False
202205050302,4,12,459.5,0.00751300674391806,11,12.0,False
202309050411,7,3,5.9,0.0723698072103932,6,1.0,True
202309050411,6,5,8.7,0.31609391005759385,1,2.0,False
202309050411,10,2,4.8,0.15495147824984207,2,3.0,False
202309050411,14,1,4.6,0.11224221713835375,3,4.0,False
202309050411,12,12,67.0,0.03724669015919262,12,5.0,False
202309050411,16,6,9.0,0.09863215656247752,4,6.0,False
202309050411,11,9,34.2,0.08957290973568499,5,7.0,False
202309050411,18,13,74.1,0.05145285811875584,10,8.0,False
202309050411,1,14,78.4,0.029047805517780693,14,9.0,False
202309050411,3,4,6.2,0.04572384362994572,11,10.0,False
202309050411,9,17,285.1,0.01359899254515819,17,11.0,False
202309050411,15,8,33.5,0.06990673913205785,7,12.0,False
202309050411,2,10,34.9,0.05825616268779628,8,13.0,False
202309050411,5,11,65.6,0.022826468161842396,15,14.0,False
202309050411,8,15,100.9,0.05683210727057238,9,15.0,False
202309050411,13,7,22.4,0.03650968137716945,13,16.0,False
202309050411,4,16,142.2,0.02184067665508586,16,17.0,False
202309050411,17,18,313.8,0.008626524490070892,18,18.0,False
202308030111,6,15,70.8,0.03202475507862171,17,1.0,True
202308030111,1,9,17.1,0.08874148740584355,6,2.0,False
202308030111,11,12,34.5,0.04929056179527372,13,3.0,False
202308030111,7,1,5.5,0.13457736718281327,2,4.0,False
202308030111,4,10,20.7,0.04910609298152261,14,5.0,False
202308030111,13,8,16.8,0.12454643547566585,3,6.0,False
202308030111,5,4,7.1,0.14003631908980563,1,7.0,False
202308030111,3,7,13.8,0.07414089261899803,7,8.0,False
202308030111,9,17,146.8,0.036672751510583676,16,9.0,False
202308030111,16,2,6.4,0.055848416155985056,12,10.0,False
202308030111,14,3,6.6,0.03676621170435811,15,11.0,False
202308030111,15,14,46.9,0.061083398359761724,11,12.0,False
202308030111,2,16,85.3,0.004865462947685792,18,13.0,False
202308030111,8,13,46.3,0.0928650890355584,5,14.0,False
202308030111,12,18,246.3,0.07086917951175122,9,15.0,False
202308030111,17,6,13.4,0.0722334714910845,8,16.0,False
202308030111,10,5,10.6,0.11685583491960531,4,17.0,False
202308030111,18,11,23.5,0.06615851912858872,10,18.0,False
202308010106,5,3,7.4,0.07241751142118656,5,1.0,True
202308010106,1,4,12.7,0.20248176282093186,3,2.0,False
202308010106,3,1,1.6,0.3461526234096117,1,3.0,False
202308010106,9,2,3.7,0.22356501106425666,2,4.0,False
202308010106,4,5,19.5,0.13042754967249792,4,5.0,False
202308010106,10,7,48.6,0.06869073317298277,7,6.0,False
202308010106,12,6,22.5,0.0696095063878971,6,7.0,False
202308010106,7,9,92.0,0.04190750582224834,8,8.0,False
202308010106,8,11,198.1,0.022917733445477675,10,9.0,False
202308010106,2,10,106.2,0.02997271750383318,9,10.0,False
202308010106,6,8,70.4,0.012779661381792595,11,11.0,False
202308010106,11,12,551.0,0.0022846919902479315,12,12.0,False
202005020204,11,1,1.7,0.3031039781602255,2,1.0,True
202005020204,15,14,212.8,0.004195111129321114,13,2.0,False
202005020204,13,15,292.6,0.01597857329606999,9,3.0,False
202005020204,9,2,2.7,0.4854204440012494,1,4.0,False
202005020204,6,3,7.4,0.0751119889522822,4,5.0,False
202005020204,4,4,19.4,0.0798238425231814,3,6.0,False
202005020204,7,10,161.5,0.0011776083386292491,15,7.0,False
202005020204,1,9,114.6,0.0028927855227602085,14,8.0,False
202005020204,8,11,167.7,0.01741534558708984,8,9.0,False
202005020204,14,8,70.3,0.006931923885495486,11,10.0,False
202005020204,5,12,179.5,0.0053526503794904525,12,11.0,False
202005020204,2,5,21.7,0.0654753909672546,5,12.0,False
202005020204,12,6,53.1,0.011863086208556348,10,13.0,False
202005020204,16,16,346.0,0.0010584207834468161,16,14.0,False
202005020204,10,7,60.2,0.04171189275088663,6,15.0,False
202005020204,3,13,209.4,0.025327368610278112,7,16.0,False
202303020408,15,7,24.3,0.08109552751739377,5,1.0,True
202303020408,6,1,2.9,0.13217164522032782,2,2.0,False
202303020408,12,5,15.0,0.10582040768682213,3,3.0,False
202303020408,10,3,4.2,0.17951942382834052,1,4.0,False
202303020408,14,11,40.4,0.07984707271231532,6,5.0,False
202303020408,16,4,12.2,0.04132025330486849,8,6.0,False
202303020408,7,2,3.6,0.09905859624397877,4,7.0,False
202303020408,2,6,19.3,0.02828629892504046,10,8.0,False
202303020408,4,13,100.9,0.027475978851094925,12,9.0,False
202303020408,3,12,40.6,0.027504273816155275,11,10.0,False
202303020408,5,16,181.2,0.020343359321796574,13,11.0,False
202303020408,13,9,35.8,0.03506636641852059,9,12.0,False
202303020408,8,10,39.3,0.054339788792592415,7,13.0,False
202303020408,1,15,176.3,0.0076209899548420135,16,14.0,False
202303020408,11,14,132.2,0.010184047692711641,15,15.0,False
202303020408,9,8,32.7,0.014541607576607881,14,16.0,False
202504030309,18,7,19.2,0.04816838831814237,8,1.0,True
202504030309,1,3,5.4,0.09714169246692293,4,2.0,False
202504030309,14,1,2.5,0.1718560024564427,1,3.0,False
202504030309,12,5,10.2,0.07018599555881679,7,4.0,False
202504030309,13,10,56.3,0.017934984843622128,12,5.0,False
202504030309,6,17,195.6,0.008847593297075237,16,6.0,False
202504030309,5,4,8.5,0.15305935023600076,3,7.0,False
202504030309,16,2,5.0,0.07863551243986423,5,8.0,False
202504030309,17,14,126.2,0.011979845792219177,14,9.0,False
202504030309,8,12,95.3,0.03337877846888474,9,10.0,False
202504030309,7,8,29.2,0.07844450575806973,6,11.0,False
202504030309,4,15,138.5,0.010961152167761229,15,12.0,False
202504030309,11,9,37.9,0.0075120118644013845,17,13.0,False
202504030309,15,18,293.2,0.0016865023473919443,18,14.0,False
202504030309,9,16,154.6,0.013792474103043661,13,15.0,False
202504030309,2,13,101.3,0.03294059017416578,10,16.0,False
202504030309,10,11,80.2,0.02457889946959339,11,17.0,False
202504030309,3,6,14.3,0.1559433772482389,2,18.0,False
202309020205,4,9,44.5,0.006471325109351924,14,1.0,True
202309020205,2,1,1.6,0.17506746492200712,2,2.0,False
202309020205,3,2,4.0,0.20228014435245312,1,3.0,False
202309020205,1,7,31.7,0.0201377769565917,10,4.0,False
202309020205,15,3,9.3,0.0565308099613952,4,5.0,False
202309020205,7,15,274.9,0.014817956336366943,13,6.0,False
202309020205,11,4,14.7,0.02845641974127664,7,7.0,False
202309020205,5,16,332.9,0.0024890275981627533,16,8.0,False
202309020205,13,10,57.0,0.048567060722101575,5,9.0,False
202309020205,10,8,36.9,0.025142209686519288,8,10.0,False
202309020205,14,11,76.4,0.022046337431271504,9,11.0,False
202309020205,8,6,29.9,0.07702700937628582,3,12.0,False
202309020205,9,14,173.4,0.017120104940155718,11,13.0,False
202309020205,12,13,160.4,0.00287054929790769,15,14.0,False
202309020205,6,5,16.5,0.03606181938320507,6,15.0,False
202309020205,16,12,104.7,0.01668042605312449,12,16.0,False
202310010602,16,1,1.9,0.04267218558392299,4,1.0,True
202310010602,12,2,7.4,0.02947392741740673,8,2.0,False
202310010602,10,5,10.6,0.07641030032208576,2,3.0,False
202310010602,9,4,8.8,0.04018907215751607,5,4.0,False
202310010602,4,13,100.8,0.02653550097495742,10,5.0,False
202310010602,17,7,22.6,0.0124475786134034,18,6.0,False
202310010602,18,6,19.4,0.034558344243421364,7,7.0,False
202310010602,3,16,218.5,0.016319954023087963,13,8.0,False
202310010602,15,8,28.3,0.02712382276252191,9,9.0,False
202310010602,2,11,34.1,0.09641678262036289,1,10.0,False
202310010602,13,12,71.7,0.019530287180234817,12,11.0,False
202310010602,1,3,7.8,0.05618960847226382,3,12.0,False
202310010602,7,15,189.0,0.014797790176256622,16,13.0,False
202310010602,5,17,322.1,0.012950745082179478,17,14.0,False
202310010602,6,18,366.8,0.019884698114397276,11,15.0,False
202310010602,8,10,30.3,0.038421583752502125,6,16.0,False
202310010602,11,9,28.8,0.01619615335880262,14,17.0,False
202310010602,14,14,184.6,0.014928115747175915,15,18.0,False
202509010711,9,1,1.7,0.2833723918459546,2,1.0,True
202509010711,6,5,9.7,0.25940432265813673,3,2.0,False
202509010711,2,2,4.0,0.35749464933973113,1,3.0,False
202509010711,8,3,7.8,0.1677173087470648,4,4.0,False
202509010711,1,9,141.3,0.10904598700947518,7,5.0,False
202509010711,5,8,55.1,0.08652105909618438,9,6.0,False
202509010711,4,7,31.1,0.14743395211832588,6,7.0,False
202509010711,3,6,27.5,0.08821089624530087,8,8.0,False
202509010711,7,4,8.3,0.15528827466575834,5,9.0,False
202009010411,3,2,4.4,0.1722709606441539,2,1.0,True
202009010411,12,6,15.0,0.007509552060727419,15,2.0,False
202009010411,14,1,4.1,0.07804144823348017,6,3.0,False
202009010411,9,8,20.7,0.1309061709300313,5,4.0,False
202009010411,5,3,5.8,0.1474986854964674,4,5.0,False
202009010411,11,5,9.8,0.19631361996206914,1,6.0,False
202009010411,8,10,25.4,0.03070529449930524,8,7.0,False
202009010411,4,14,47.6,0.013325556979816777,14,8.0,False
202009010411,2,11,34.6,0.018505372321770294,11,9.0,False
202009010411,10,15,104.1,0.026340473419539944,10,10.0,False
202009010411,7,12,37.2,0.029333957756239242,9,11.0,False
202009010411,1,4,6.8,0.017120533564560437,13,12.0,False
202009010411,15,7,18.4,0.06740917117987535,7,13.0,False
202009010411,16,13,42.6,0.018194388846975988,12,14.0,False
202009010411,6,9,23.2,0.15931781781260565,3,15.0,False
202009010411,13,16,297.5,0.002393672976880396,16,16.0,False
202509020802,14,5,20.2,0.04341254295943156,5,1.0,True
202509020802,6,10,85.3,0.01182569889317024,11,2.0,False
202509020802,11,2,4.0,0.12720146294816098,1,3.0,False
202509020802,13,4,7.1,0.0806430054112751,2,4.0,False
202509020802,10,9,59.1,0.05296473281232328,4,5.0,False
202509020802,15,3,4.0,0.07868006202753006,3,6.0,False
202509020802,4,8,56.7,0.01301005800666719,10,7.0,False
202509020802,3,6,36.3,0.022313323758758594,7,8.0,False
202509020802,8,7,53.9,0.01916496796450051,8,9.0,False
202509020802,12,14,202.0,0.0016585059901235376,16,10.0,False
202509020802,9,12,97.9,0.00861271992754648,13,11.0,False
202509020802,7,1,2.2,0.03869163847898688,6,12.0,False
202509020802,1,15,292.3,0.009194075927477924,12,13.0,False
202509020802,2,11,92.9,0.0061094739089090026,14,14.0,False
202509020802,16,16,456.3,0.003335303837494704,15,15.0,False
202509020802,5,13,183.1,0.01753238103806811,9,16.0,False
202206030508,2,3,5.6,0.16412294333821895,3,1.0,True
202206030508,13,2,4.0,0.19224757787737368,1,2.0,False
202206030508,5,1,2.9,0.17419492711009799,2,3.0,False
202206030508,10,9,32.7,0.033140040831683815,9,4.0,False
202206030508,14,12,123.5,0.030080502309486536,10,5.0,False
202206030508,9,7,17.9,0.039907100049677305,8,6.0,False
202206030508,11,6,17.1,0.041411568530463023,7,7.0,False
202206030508,15,14,277.8,0.013336243915924318,13,8.0,False
202206030508,3,11,107.0,0.023745571906370555,12,9.0,False
202206030508,7,4,5.7,0.05150222142775309,5,10.0,False
202206030508,12,13,178.1,0.027859066453394574,11,11.0,False
202206030508,6,5,14.5,0.047901149847411374,6,12.0,False
202206030508,1,8,20.4,0.06490378408799494,4,13.0,False
202206030508,4,15,296.4,0.008434275858841614,14,14.0,False
202206030508,8,10,55.2,0.004846350348650529,15,15.0,False
202209010810,2,4,6.6,0.10671813384512505,3,1.0,True
202209010810,4,1,2.9,0.2411338738998399,1,2.0,False
202209010810,3,5,11.2,0.04426910914373247,7,3.0,False
202209010810,6,6,11.5,0.04852149540129052,6,4.0,False
202209010810,1,9,56.7,0.012356778683080681,10,5.0,False
202209010810,9,10,68.8,0.06257013458774371,5,6.0,False
202209010810,7,7,11.9,0.04337341472669702,8,7.0,False
202209010810,10,11,109.9,0.012333837081625687,11,8.0,False
202209010810,5,3,6.2,0.09141751167468903,4,9.0,False
202209010810,8,8,44.9,0.03407788421909579,9,10.0,False
202209010810,11,2,3.5,0.16028420887971626,2,11.0,False
202305021212,10,4,7.8,0.22726534270564394,3,1.0,True
202305021212,7,6,11.2,0.033525613180141293,11,2.0,False
202305021212,16,1,3.2,0.35155886121656277,1,3.0,False
202305021212,1,3,5.6,0.3012379058220271,2,4.0,False
202305021212,6,2,4.9,0.1377453730534375,5,5.0,False
202305021212,14,7,18.4,0.07640341952173002,7,6.0,False
202305021212,5,11,67.7,0.00997664595601075,16,7.0,False
202305021212,13,10,42.7,0.07023273858518718,10,8.0,False
202305021212,4,5,8.3,0.07559219331426012,8,9.0,False
202305021212,11,8,19.6,0.1460863610221534,4,10.0,False
202305021212,3,9,33.4,0.07089107352262762,9,11.0,False
202305021212,9,14,126.6,0.024742794232255706,13,12.0,False
202305021212,17,17,282.2,0.0046125428658175096,18,13.0,False
202305021212,8,16,205.1,0.01884141965739633,14,14.0,False
202305021212,15,15,167.5,0.02588200763386043,12,15.0,False
202305021212,12,18,355.5,0.010299356452865454,15,16.0,False
202305021212,18,12,68.9,0.009244095155716394,17,17.0,False
202305021212,2,13,74.8,0.12828517366235737,6,18.0,False
202107011210,3,2,3.0,0.2894335527416639,1,1.0,True
202107011210,6,7,15.0,0.11022972553421784,3,2.0,False
202107011210,5,5,13.8,0.026087715432165082,7,3.0,False
202107011210,1,4,10.9,0.06728090128800777,6,4.0,False
202107011210,2,6,13.8,0.06808697130253344,5,5.0,False
202107011210,4,1,2.7,0.20410056037960894,2,6.0,False
202107011210,7,3,4.6,0.08313471440613661,4,7.0,False
202107011210,8,9,78.8,0.009779623423639848,9,8.0,False
202107011210,9,8,38.9,0.012017603159080521,8,9.0,False
202110040607,12,10,44.8,0.038212857153593016,7,1.0,True
202110040607,7,8,20.3,0.027964814969957834,10,2.0,False
202110040607,6,1,2.7,0.16305329643658625,1,3.0,False
202110040607,5,4,13.5,0.054063857703518625,5,4.0,False
202110040607,9,7,17.4,0.037485893063087035,8,5.0,False
202110040607,1,5,14.7,0.07141130657777303,4,6.0,False
202110040607,13,2,3.4,0.14530911461872997,2,7.0,False
202110040607,15,3,5.6,0.08757307003915545,3,8.0,False
202110040607,2,6,17.2,0.025397059398751236,11,9.0,False
202110040607,8,12,110.9,0.00212238760697118,16,10.0,False
202110040607,16,11,47.3,0.03307071976164718,9,11.0,False
202110040607,10,9,20.7,0.03846579985502393,6,12.0,False
202110040607,4,14,334.5,0.004501832413972495,13,13.0,False
202110040607,14,15,419.2,0.0026105372327775885,14,14.0,False
202110040607,3,13,320.2,0.002385393324410106,15,15.0,False
202401010407,7,4,7.2,0.22982521763146022,3,1.0,True
202401010407,2,3,6.9,0.25422645178073777,2,2.0,False
202401010407,4,6,15.4,0.16241315605675985,5,3.0,False
202401010407,5,5,12.8,0.11353894271932939,6,4.0,False
202401010407,1,7,28.9,0.061933930833170045,7,5.0,False
202401010407,9,1,1.8,0.2800928621002815,1,6.0,False
202401010407,10,9,89.3,0.04283384762558083,9,7.0,False
202401010407,8,8,59.0,0.027815671762374483,10,8.0,False
202401010407,6,2,4.8,0.1924855842610973,4,9.0,False
202401010407,3,10,104.9,0.04646417129029735,8,10.0,False
202407040307,17,5,8.9,0.1856040544790809,1,1.0,True
202407040307,13,8,23.8,0.036129229570414145,12,2.0,False
202407040307,2,2,5.1,0.148722372802351,2,3.0,False
202407040307,4,4,8.0,0.08570711092530524,5,4.0,False
202407040307,15,3,5.8,0.04376531972426681,10,5.0,False
202407040307,5,1,4.3,0.06640672226301499,7,6.0,False
202407040307,6,12,40.1,0.02864516740157068,13,7.0,False
202407040307,3,16,162.8,0.0074397145336968715,18,8.0,False
202407040307,7,11,25.6,0.10849857567887321,4,9.0,False
202407040307,11,18,521.0,0.009229382374747025,17,10.0,False
202407040307,9,15,98.5,0.020916336172800604,15,11.0,False
202407040307,1,10,25.5,0.07558988036895033,6,12.0,False
202407040307,12,14,65.8,0.017797415498020285,16,13.0,False
202407040307,16,7,14.1,0.11846275900699338,3,14.0,False
202407040307,10,6,9.4,0.06210126576866624,8,15.0,False
202407040307,14,17,169.0,0.027751007682298424,14,16.0,False
202407040307,8,13,47.7,0.05790470650248388,9,17.0,False
202407040307,18,9,24.8,0.04216408982873502,11,,False
202508030612,6,7,15.9,0.052863636882856675,6,1.0,True
202508030612,15,4,10.0,0.04826784225392275,8,2.0,False
202508030612,4,12,40.3,0.04331528438423254,10,3.0,False
202508030612,8,13,90.1,0.01866079857322241,14,4.0,False
202508030612,9,2,3.7,0.1556101359447915,2,5.0,False
202508030612,11,1,3.5,0.1800400591768742,1,6.0,False
202508030612,10,8,16.9,0.04160924276819547,11,7.0,False
202508030612,13,5,13.1,0.08124769644093012,5,8.0,False
202508030612,12,6,14.0,0.08180413075304689,4,9.0,False
202508030612,2,3,5.5,0.14600572632342695,3,10.0,False
202508030612,14,11,40.0,0.031070201604461733,12,11.0,False
202508030612,5,15,277.6,0.006206170712861322,15,12.0,False
202508030612,3,10,25.8,0.046855218397437205,9,13.0,False
202508030612,7,9,21.4,0.04866678146780844,7,14.0,False
202508030612,1,14,235.1,0.019076100132994062,13,15.0,False
202501010110,6,3,4.9,0.24582024768752211,2,1.0,True
202501010110,12,1,3.6,0.03838396521340986,8,2.0,False
202501010110,3,11,93.0,0.008183669460076062,13,3.0,False
202501010110,9,7,13.2,0.17805339952045743,3,4.0,False
202501010110,8,4,6.8,0.028546964836867354,10,5.0,False
202501010110,2,2,3.9,0.328146816198138,1,6.0,False
202501010110,7,6,11.9,0.17352937256783574,4,7.0,False
202501010110,11,8,13.6,0.11489495852920101,5,8.0,False
202501010110,13,9,43.8,0.0379589541164537,9,9.0,False
202501010110,1,12,153.5,0.008757698849510238,12,10.0,False
202501010110,10,13,223.3,0.020773289070602656,11,11.0,False
202501010110,5,10,72.4,0.04145199025434697,7,12.0,False
202501010110,4,5,11.3,0.07568434654019447,6,13.0,False
202306010611,4,2,2.7,0.16346821649141702,4,1.0,True
202306010611,3,9,118.0,0.04543137083423591,8,2.0,False
202306010611,7,1,2.7,0.19740916956387222,2,3.0,False
202306010611,1,7,19.4,0.19183468918509733,3,4.0,False
202306010611,5,5,14.2,0.16215381142693375,5,5.0,False
202306010611,9,3,4.2,0.23286034697779495,1,6.0,False
202306010611,2,4,11.8,0.06904600345995458,7,7.0,False
202306010611,8,6,16.9,0.03610938324945254,9,8.0,False
202306010611,6,8,44.5,0.09562942202964314,6,9.0,False
202310010809,6,2,5.8,0.05050743095903228,7,1.0,True
202310010809,13,5,10.3,0.08916467613800422,3,2.0,False
202310010809,1,15,83.8,0.011836199353748177,15,3.0,False
202310010809,17,10,41.1,0.03596053902702763,10,4.0,False
202310010809,10,1,3.1,0.16722266514744621,1,5.0,False
202310010809,12,8,16.8,0.024635327513251593,12,6.0,False
202310010809,8,11,47.3,0.038603008465680544,9,7.0,False
202310010809,16,14,70.1,0.02027289786631987,13,8.0,False
202310010809,11,3,6.6,0.08920564180782904,2,9.0,False
202310010809,7,4,9.5,0.041330577079891115,8,10.0,False
202310010809,3,18,338.2,0.01661115698376769,14,11.0,False
202310010809,18,6,11.3,0.05083293928871991,6,12.0,False
202310010809,4,12,49.8,0.025577338106945385,11,13.0,False
202310010809,5,9,18.9,0.08555757411918719,4,14.0,False
202310010809,2,13,58.1,0.011347814648040943,16,15.0,False
202310010809,15,7,12.0,0.06561204006425406,5,16.0,False
202310010809,9,17,143.0,0.010698532035975436,17,17.0,False
202310010809,14,16,91.9,0.003054512988582872,18,18.0,False
202508020510,8,4,6.5,0.049172875751146566,5,1.0,True
202508020510,2,1,1.9,0.346465481960942,1,2.0,False
202508020510,4,2,4.4,0.16492276436582856,2,3.0,False
202508020510,6,3,5.5,0.07744416345897076,4,4.0,False
202508020510,1,7,101.2,0.012865512951431929,8,5.0,False
202508020510,5,5,6.8,0.12365970666026797,3,5.0,False
202508020510,3,6,47.0,0.030075401965227642,6,7.0,False
202508020510,7,8,105.0,0.022882425263490234,7,8.0,False
202506010311,3,2,3.8,0.08493882691250026,5,1.0,True
202506010311,2,5,9.4,0.05552915704642287,8,2.0,False
202506010311,4,1,3.5,0.11262661062879557,1,3.0,False
202506010311,6,8,19.1,0.10310823042165791,3,4.0,False
202506010311,13,3,6.5,0.07929522706332601,6,5.0,False
202506010311,7,6,9.5,0.0555530986933378,7,6.0,False
202506010311,11,7,16.4,0.11122484149154035,2,7.0,False
202506010311,1,12,172.2,0.014929460884747303,11,8.0,False
202506010311,8,9,20.5,0.04672827326532789,9,9.0,False
202506010311,9,10,93.7,0.04241445227181948,10,10.0,False
202506010311,12,4,6.5,0.10127414312802356,4,11.0,False
202506010311,5,11,99.3,0.009751727974729266,13,12.0,False
202506010311,10,13,213.9,0.010491116545379453,12,13.0,False
202502011101,9,1,1.1,0.17570172211494353,1,1.0,True
202502011101,1,8,122.4,0.01716121628207404,9,2.0,False
202502011101,3,5,37.5,0.020322521969068374,7,3.0,False
202502011101,10,2,11.1,0.08540400489719659,3,4.0,False
202502011101,2,3,11.8,0.0692310314750832,5,5.0,False
202502011101,8,6,44.1,0.08504048103580777,4,6.0,False
202502011101,11,7,87.0,0.037428768935532555,6,7.0,False
202502011101,4,10,212.5,0.012488447193623608,10,8.0,False
202502011101,5,9,174.1,0.019223907629612878,8,9.0,False
202502011101,7,4,20.4,0.08760150214809191,2,10.0,False
202502011101,6,11,330.2,0.005711478908084477,11,11.0,False
202307030308,11,2,3.4,0.3316622450414683,1,1.0,True
202307030308,13,1,2.1,0.20955238197722617,3,2.0,False
202307030308,7,6,17.7,0.0674291746524983,5,3.0,False
202307030308,2,3,5.2,0.1126103869098687,4,4.0,False
202307030308,1,5,17.1,0.05777812221735497,6,5.0,False
202307030308,6,4,13.5,0.2169964391717572,2,6.0,False
202307030308,3,8,40.1,0.016020674980683863,12,7.0,False
202307030308,12,12,150.5,0.018551031367515822,11,8.0,False
202307030308,8,11,125.9,0.023029324761624788,10,9.0,False
202307030308,10,9,63.6,0.05417466509973644,8,10.0,False
202307030308,15,13,189.1,0.009161376084327108,15,11.0,False
202307030308,5,15,402.2,0.01221997090891787,13,12.0,False
202307030308,14,10,80.3,0.056627838038802905,7,13.0,False
202307030308,4,7,23.8,0.011535745383975176,14,14.0,False
202307030308,9,14,275.0,0.0383506520123936,9,,False
202305050303,10,1,1.8,0.20772194269539257,3,1.0,True
202305050303,2,2,2.7,0.27657396561903785,2,2.0,False
202305050303,1,4,19.6,0.08622851735558962,4,3.0,False
202305050303,7,3,4.9,0.45218625938324847,1,4.0,False
202305050303,9,7,163.3,0.014508994187226348,7,5.0,False
202305050303,3,8,346.4,0.009205497736986108,9,6.0,False
202305050303,8,9,491.7,0.01650908013805566,6,7.0,False
202305050303,5,6,156.5,0.010040046717873763,8,8.0,False
202305050303,4,5,62.7,0.05523514189992691,5,9.0,False
202305050303,6,10,633.8,0.0006112000850919495,10,10.0,False
202105020511,2,2,2.7,0.13425989214373502,4,1.0,True
202105020511,6,3,6.9,0.015894323832226952,13,2.0,False
202105020511,14,9,56.2,0.025643687314353812,12,3.0,False
202105020511,8,1,2.4,0.29401354612005187,1,4.0,False
202105020511,1,4,9.0,0.16779246454501642,2,5.0,False
202105020511,10,5,15.9,0.1591574945031806,3,6.0,False
202105020511,4,12,245.7,0.026571379343973665,11,7.0,False
202105020511,5,8,35.5,0.0759809472730677,8,8.0,False
202105020511,3,11,115.5,0.08547062720582495,6,9.0,False
202105020511,11,6,18.1,0.07756300927624507,7,10.0,False
202105020511,12,13,389.6,0.013464069975544085,14,11.0,False
202105020511,13,14,494.8,0.026862096718995806,10,12.0,False
202105020511,7,10,79.8,0.029338969594312446,9,13.0,False
202105020511,9,7,27.8,0.09078574147936636,5,,False
202106040809,8,4,11.3,0.1359357452978728,4,1.0,True
202106040809,2,5,17.0,0.09493203983658093,5,2.0,False
202106040809,3,2,3.4,0.08563721598789663,7,3.0,False
202106040809,10,1,2.4,0.31129574444292235,1,4.0,False
202106040809,1,3,4.9,0.2020775938134563,2,5.0,False
202106040809,7,8,29.1,0.0638173723945905,8,6.0,False
202106040809,9,7,25.7,0.008520421176779942,10,7.0,False
202106040809,4,6,17.8,0.19724882287254553,3,8.0,False
202106040809,6,10,336.6,0.015428591235162006,9,9.0,False
202106040809,5,9,86.7,0.09025511843439353,6,10.0,False
202507010309,13,5,10.5,0.06579711457797281,7,1.0,True
202507010309,7,3,5.8,0.1565501856074221,2,2.0,False
202507010309,5,4,9.0,0.14052224882289482,4,3.0,False
202507010309,10,1,2.4,0.06564006048560272,8,4.0,False
202507010309,4,7,15.1,0.07015214715308837,6,5.0,False
202507010309,11,10,192.9,0.0243588606339809,11,6.0,False
202507010309,3,12,314.4,0.023935828460196845,12,7.0,False
202507010309,12,6,13.4,0.11719200086743695,5,8.0,False
202507010309,9,11,229.2,0.022551598183125087,13,9.0,False
202507010309,2,8,28.5,0.1545577547051098,3,10.0,False
202507010309,8,2,3.6,0.2291854491766689,1,11.0,False
202507010309,6,9,168.7,0.04416493295596258,9,12.0,False
202507010309,1,13,399.6,0.025054375060752487,10,13.0,False
202205020603,1,1,2.1,0.29414669438011704,2,1.0,True
202205020603,6,2,2.8,0.3908750807658801,1,2.0,False
202205020603,4,6,27.5,0.05475388773045815,6,3.0,False
202205020603,5,3,5.2,0.1937273707484518,3,4.0,False
202205020603,9,4,9.3,0.14601236886235963,4,5.0,False
202205020603,3,5,23.7,0.02350312305805358,7,6.0,False
202205020603,2,7,29.6,0.10390972981533288,5,7.0,False
202205020603,8,9,199.0,0.0034835837572997595,9,8.0,False
202205020603,7,8,108.5,0.02194692056475519,8,9.0,False
202405040101,7,4,14.8,0.2672564426959476,2,1.0,True
202405040101,6,1,1.5,0.4251343702255576,1,2.0,False
202405040101,2,2,3.8,0.18587875244327534,4,3.0,False
202405040101,8,5,23.9,0.06989731709656762,6,4.0,False
202405040101,5,3,5.6,0.2537777442391297,3,5.0,False
202405040101,3,7,59.2,0.014658059812489906,8,6.0,False
202405040101,4,8,181.6,0.009169079126204842,9,7.0,False
202405040101,9,6,50.0,0.15439603827019174,5,8.0,False
202405040101,1,9,271.6,0.039477089138571016,7,9.0,False
202105020208,1,3,5.0,0.0933845625816965,5,1.0,True
202105020208,6,9,36.0,0.03734513854436704,10,2.0,False
202105020208,11,5,10.0,0.03125086614081985,11,3.0,False
202105020208,15,13,133.1,0.007758721113643071,14,4.0,False
202105020208,12,2,4.8,0.10217432432938446,4,5.0,False
202105020208,2,10,40.2,0.01426489599196426,13,6.0,False
202105020208,4,4,7.5,0.13573057217691373,2,7.0,False
202105020208,5,11,63.1,0.04160042030107523,9,8.0,False
202105020208,10,8,23.8,0.07273409767597137,6,9.0,False
202105020208,8,12,106.8,0.04524965350454035,8,10.0,False
202105020208,14,1,2.8,0.3758445186744021,1,11.0,False
202105020208,7,15,326.8,0.014384690941967272,12,12.0,False
202105020208,13,7,21.6,0.12323647618808393,3,13.0,False
202105020208,9,6,12.5,0.06047821840278523,7,14.0,False
202105020208,3,14,210.0,0.0012972100845653673,15,15.0,False
202305021208,8,7,28.0,0.07234729519090441,9,1.0,True
202305021208,6,3,11.5,0.20326401990409892,3,2.0,False
202305021208,3,4,11.6,0.08568528263806408,7,3.0,False
202305021208,9,1,1.8,0.3775047174393468,1,4.0,False
202305021208,10,5,20.8,0.15037647157123182,5,5.0,False
202305021208,7,10,46.1,0.2264540956562423,2,6.0,False
202305021208,11,2,2.9,0.16369489221687467,4,7.0,False
202305021208,5,9,37.1,0.07333657623985804,8,8.0,False
202305021208,2,8,34.6,0.12584868103310842,6,9.0,False
202305021208,1,6,25.9,0.050180187512229725,10,10.0,False
202305021208,4,11,106.5,0.01464135931972176,11,11.0,False
202504010110,6,8,22.2,0.07788874502176286,7,1.0,True
202504010110,9,2,4.4,0.10852051770076152,5,2.0,False
202504010110,8,5,9.6,0.10922012016492122,4,3.0,False
202504010110,5,10,60.2,0.10372576099729514,6,4.0,False
202504010110,4,9,30.0,0.036355018091319344,9,5.0,False
202504010110,7,1,2.9,0.1598753098223004,2,6.0,False
202504010110,3,4,7.6,0.18208774693069366,1,7.0,False
202504010110,2,3,4.7,0.11907750462407615,3,8.0,False
202504010110,1,6,10.5,0.054587882212091474,8,9.0,False
202504010110,10,7,20.7,0.02876487727836646,10,10.0,False
202210010312,3,2,3.8,0.22170647440435245,1,1.0,True
202210010312,2,14,62.2,0.03338184147778457,10,2.0,False
202210010312,16,1,3.3,0.07330516921848113,4,3.0,False
202210010312,7,5,10.2,0.016984929618877837,13,4.0,False
202210010312,10,3,7.3,0.2047186486341299,2,5.0,False
202210010312,5,11,38.5,0.04644911858333533,6,6.0,False
202210010312,6,4,9.0,0.03900207123844228,8,7.0,False
202210010312,12,10,37.6,0.006758434774594785,16,8.0,False
202210010312,4,7,12.7,0.11690181478516279,3,9.0,False
202210010312,9,9,36.8,0.015667635104566233,14,10.0,False
202210010312,13,6,11.5,0.01829675044755488,12,11.0,False
202210010312,1,12,49.6,0.03636176690141081,9,12.0,False
202210010312,11,17,382.8,0.014002579798381785,15,13.0,False
202210010312,18,8,32.6,0.041408582757375606,7,14.0,False
202210010312,15,15,77.3,0.04784819081321113,5,15.0,False
202210010312,17,13,61.9,0.02517545240926148,11,16.0,False
202210010312,14,16,303.2,0.005528441924277863,17,17.0,False
202210010312,8,18,484.8,0.0028482629290965842,18,18.0,False
202205010305,12,1,1.7,0.3441188053545391,1,1.0,True
202205010305,8,4,7.4,0.3315893037587222,2,2.0,False
202205010305,6,7,39.0,0.10917658717988751,5,3.0,False
202205010305,2,2,4.4,0.28384873084839923,3,4.0,False
202205010305,7,3,6.1,0.13182333174862426,4,5.0,False
202205010305,9,9,44.6,0.008409720258609962,13,6.0,False
202205010305,10,5,23.1,0.016803969609797985,10,7.0,False
202205010305,5,8,43.2,0.0786179393233034,6,8.0,False
202205010305,3,13,345.4,0.023289181031315387,9,9.0,False
202205010305,1,10,70.1,0.006821888758175864,14,10.0,False
202205010305,14,6,35.7,0.05025819302456406,7,11.0,False
202205010305,13,15,863.7,0.004266377668047517,15,12.0,False
202205010305,15,11,212.2,0.012576003852143318,12,13.0,False
202205010305,11,14,570.1,0.014595831459081212,11,14.0,False
202205010305,4,12,333.2,0.024042327654435165,8,15.0,False
202405030404,10,4,10.9,0.14300621706515776,2,1.0,True
202405030404,8,1,2.9,0.1374119056521643,3,2.0,False
202405030404,5,5,13.5,0.02302439564139945,12,3.0,False
202405030404,9,2,3.1,0.17214893660940517,1,4.0,False
202405030404,12,8,49.4,0.017890452290440197,15,5.0,False
202405030404,11,6,15.8,0.0547542883272269,5,6.0,False
202405030404,2,7,30.4,0.041985402627983594,7,7.0,False
202405030404,6,15,266.1,0.02469954299481388,10,8.0,False
202405030404,3,11,61.9,0.05454438020358936,6,9.0,False
202405030404,14,3,4.2,0.07782756169864677,4,10.0,False
202405030404,15,14,200.2,0.03212333411656526,9,11.0,False
202405030404,1,10,60.4,0.01798587990104737,14,12.0,False
202405030404,7,9,54.9,0.03869131188609942,8,13.0,False
202405030404,4,13,111.3,0.021912062467556795,13,14.0,False
202405030404,13,12,90.8,0.02416089191086652,11,15.0,False
202104020105,10,3,4.6,0.14477476225872202,1,1.0,True
202104020105,11,4,6.8,0.11998937516621835,2,2.0,False
202104020105,1,7,17.3,0.019131460048027644,12,3.0,False
202104020105,2,6,13.1,0.028631839359324233,9,4.0,False
202104020105,4,9,30.2,0.005140223344754945,14,5.0,False
202104020105,6,11,60.9,0.034595601488871905,7,6.0,False
202104020105,12,1,3.4,0.07636568713188774,4,7.0,False
202104020105,13,8,27.0,0.11107728861912056,3,8.0,False
202104020105,14,2,4.0,0.062100469231273714,5,9.0,False
202104020105,8,5,11.8,0.019136975561731003,11,10.0,False
202104020105,7,15,291.2,0.004805913709802169,15,11.0,False
202104020105,15,16,357.5,0.0317902756325696,8,12.0,False
202104020105,5,13,247.0,0.015490490363180546,13,13.0,False
202104020105,9,14,258.9,0.0020647879015764452,16,14.0,False
202104020105,16,12,211.7,0.03716568526360497,6,15.0,False
202104020105,3,10,42.5,0.021342399776214424,10,16.0,False
202001010311,7,4,9.3,0.02478560964383671,10,1.0,True
202001010311,3,3,5.7,0.08029740327120603,4,2.0,False
202001010311,4,5,11.2,0.08055466329927358,3,3.0,False
202001010311,9,2,4.4,0.12246506274368069,2,4.0,False
202001010311,8,1,3.1,0.15442941994897763,1,5.0,False
202001010311,6,6,14.0,0.055827427142754356,5,6.0,False
202001010311,11,10,27.7,0.046082520803167014,8,7.0,False
202001010311,2,14,75.0,0.0029066221085995384,14,8.0,False
202001010311,10,11,31.4,0.050689097566740345,6,9.0,False
202001010311,1,8,19.3,0.02323340525292144,12,10.0,False
202001010311,5,13,54.6,0.010664253496958726,13,11.0,False
202001010311,14,9,26.6,0.047781262907182785,7,12.0,False
202001010311,13,12,53.0,0.04199967543919908,9,13.0,False
202001010311,12,7,18.3,0.024220624584113497,11,14.0,False
202305050402,12,2,3.2,0.24485110115907657,1,1.0,True
202305050402,6,1,1.7,0.035525955237581376,8,2.0,False
202305050402,8,7,47.3,0.06977703524462021,5,3.0,False
202305050402,5,4,13.6,0.08414809708058377,3,4.0,False
202305050402,4,3,10.2,0.06971420175114822,6,5.0,False
202305050402,1,9,111.5,0.014461513123183823,10,6.0,False
202305050402,11,5,23.1,0.08093825243924055,4,7.0,False
202305050402,7,11,170.2,0.023250260199015344,9,8.0,False
202305050402,10,12,288.0,0.011110314433824719,12,9.0,False
202305050402,2,10,156.5,0.012162895021558848,11,10.0,False
202305050402,3,8,81.2,0.06193107544185018,7,11.0,False
202305050402,9,6,33.5,0.16034247039539953,2,12.0,False
202505030302,10,2,4.7,0.2660600210517332,2,1.0,True
202505030302,1,1,1.5,0.37189651296202475,1,2.0,False
202505030302,9,6,31.2,0.17325088123454,5,3.0,False
202505030302,6,4,12.9,0.21953931527270695,3,4.0,False
202505030302,8,10,223.2,0.016367109107164924,9,5.0,False
202505030302,2,9,193.9,0.008427950998998698,11,6.0,False
202505030302,3,3,5.2,0.19296226998248717,4,7.0,False
202505030302,5,7,31.6,0.045246687272583776,7,8.0,False
202505030302,7,11,463.5,0.01011517772771984,10,9.0,False
202505030302,4,5,26.5,0.05254869295621189,6,10.0,False
202505030302,11,8,186.4,0.040213586315612594,8,11.0,False
202006010212,4,2,4.6,0.14117960672531332,1,1.0,True
202006010212,3,4,7.3,0.04922029398943037,10,2.0,False
202006010212,1,7,39.9,0.0946545596162294,6,3.0,False
202006010212,10,1,1.9,0.06256849671942183,8,4.0,False
202006010212,5,5,9.0,0.10141110568797453,4,5.0,False
202006010212,11,6,28.9,0.10596059032733222,3,6.0,False
202006010212,8,3,6.4,0.04061608641557825,11,7.0,False
202006010212,6,9,46.5,0.11436390576303644,2,8.0,False
202006010212,7,10,170.1,0.09666253969211061,5,9.0,False
202006010212,2,11,383.3,0.05266107970786996,9,10.0,False
202006010212,9,8,43.0,0.07274293032610267,7,11.0,False
202005030701,2,3,5.3,0.034289147930579474,9,1.0,True
202005030701,9,1,3.1,0.11140498864347076,4,2.0,False
202005030701,4,2,4.5,0.09406211119674805,5,3.0,False
202005030701,5,7,21.8,0.050588410031525005,7,4.0,False
202005030701,7,5,8.0,0.22761178590645414,2,5.0,False
202005030701,6,4,5.5,0.38911101818836785,1,6.0,False
202005030701,1,6,9.8,0.11172480573241728,3,7.0,False
202005030701,8,10,196.5,0.05505780858681404,6,8.0,False
202005030701,3,9,181.0,0.042328361465835476,8,9.0,False
202005030701,10,8,133.1,0.021250631934609573,10,10.0,False
202203030504,6,1,2.0,0.3728193347493575,1,1.0,True
202203030504,4,7,15.4,0.0548730569329742,6,2.0,False
202203030504,9,2,6.8,0.10198139758688518,4,3.0,False
202203030504,5,5,14.2,0.03841309665737537,9,4.0,False
202203030504,10,6,14.9,0.024365333927016373,10,5.0,False
202203030504,11,3,9.9,0.1100181021090812,2,6.0,False
202203030504,3,4,11.0,0.011716480425828197,13,7.0,False
202203030504,12,11,75.2,0.0017992495299280792,16,8.0,False
202203030504,8,14,152.1,0.009653144404921911,14,9.0,False
202203030504,1,9,42.0,0.1030327294554619,3,10.0,False
202203030504,13,15,161.3,0.017846756264799982,12,11.0,False
202203030504,14,10,65.8,0.04107858904428459,8,12.0,False
202203030504,2,12,90.1,0.05207792419914117,7,13.0,False
202203030504,16,8,15.9,0.05752690521365575,5,14.0,False
202203030504,15,13,134.5,0.0065909488868224585,15,15.0,False
202203030504,7,16,276.4,0.02003049290353646,11,16.0,False
202510011207,9,14,61.3,0.015951461198064443,12,1.0,True
202510011207,13,2,7.6,0.07822306314645085,6,2.0,False
202510011207,4,8,19.8,0.08578113144993364,4,3.0,False
202510011207,14,1,2.6,0.08328574593413075,5,4.0,False
202510011207,16,6,11.0,0.04408184828097278,8,5.0,False
202510011207,18,5,8.8,0.028669465200990844,10,6.0,False
202510011207,2,4,8.4,0.13176507631088855,1,7.0,False
202510011207,10,12,47.0,0.00943334664275863,16,8.0,False
202510011207,3,17,253.3,0.006901003995400752,17,9.0,False
202510011207,15,9,30.2,0.01261717061038935,15,10.0,False
202510011207,5,15,80.2,0.012884081584931617,14,11.0,False
202510011207,6,11,46.6,0.05575161592699386,7,12.0,False
202510011207,17,7,13.7,0.12458971364620491,2,13.0,False
202510011207,8,3,7.8,0.11601358859158704,3,14.0,False
202510011207,7,10,31.9,0.04289942343041848,9,15.0,False
202510011207,12,16,141.1,0.014326568470294287,13,16.0,False
202510011207,1,13,54.7,0.028148768006907573,11,17.0,False
202009010905,2,3,6.5,0.05804681675066503,6,1.0,True
202009010905,4,1,1.8,0.36631313230674517,1,2.0,False
202009010905,11,5,12.0,0.0646947360068373,4,3.0,False
202009010905,6,12,113.7,0.001786457661880305,13,4.0,False
202009010905,5,9,58.8,0.011593899814086093,9,5.0,False
202009010905,3,2,5.9,0.24857252213053208,2,6.0,False
202009010905,7,4,8.3,0.058503369147701476,5,7.0,False
202009010905,10,10,73.3,0.00895290083040991,11,8.0,False
202009010905,1,8,52.3,0.008968309072766053,10,9.0,False
202009010905,8,13,118.0,0.00536373626337646,12,10.0,False
202009010905,12,11,73.4,0.014684256927476748,8,11.0,False
202009010905,9,6,16.0,0.13686245295565183,3,12.0,False
202009010905,13,7,17.8,0.019727424239541394,7,13.0,False
202207060506,2,8,14.6,0.0892887379403188,4,1.0,True
202207060506,5,1,3.7,0.1242293683256697,1,2.0,False
202207060506,12,2,4.9,0.09465637547830438,2,3.0,False
202207060506,8,9,21.9,0.046342022364158304,8,4.0,False
202207060506,15,4,6.0,0.09251251799053452,3,5.0,False
202207060506,11,5,9.8,0.0650386252134385,6,6.0,False
202207060506,7,10,48.1,0.024448496886080598,11,7.0,False
202207060506,14,3,5.7,0.06264158889494906,7,8.0,False
202207060506,4,7,12.1,0.034819072894658215,9,9.0,False
202207060506,1,14,241.8,0.00613931439606597,13,10.0,False
202207060506,9,6,11.9,0.08390747177500647,5,11.0,False
202207060506,6,12,106.1,0.0009398048519660522,15,12.0,False
202207060506,3,11,58.3,0.028876205920064364,10,13.0,False
202207060506,10,13,164.9,0.014895033960086122,12,14.0,False
202207060506,13,15,348.0,0.004524661339605189,14,15.0,False
202009010811,1,1,2.6,0.1584813296674678,5,1.0,True
202009010811,12,10,63.1,0.05488007457590305,10,2.0,False
202009010811,7,2,3.2,0.32238018785953276,1,3.0,False
202009010811,11,4,9.4,0.16538757189639414,4,4.0,False
202009010811,3,6,18.2,0.2911254466730687,2,5.0,False
202009010811,4,11,67.2,0.07006491945407665,8,6.0,False
202009010811,2,12,156.2,0.05211137338804519,11,7.0,False
202009010811,5,5,14.1,0.09932409236620593,7,8.0,False
202009010811,9,7,27.3,0.12162681553397801,6,9.0,False
202009010811,6,9,59.2,0.05902460136973289,9,10.0,False
202009010811,10,8,30.9,0.03772054874282878,12,11.0,False
202009010811,8,3,4.5,0.201537869968044,3,12.0,False
202204010207,12,4,5.7,0.11818578667762131,4,1.0,True
202204010207,1,8,20.5,0.0975624825124958,5,2.0,False
202204010207,4,7,13.8,0.07491809708806052,6,3.0,False
202204010207,6,9,30.5,0.03510043498819737,9,4.0,False
202204010207,3,2,4.4,0.1212243468436309,3,5.0,False
202204010207,7,1,3.8,0.06249872001494089,8,6.0,False
202204010207,2,10,54.8,0.024554574228106547,11,7.0,False
202204010207,5,3,4.5,0.26344178889162545,1,8.0,False
202204010207,8,11,160.2,0.02188422368433027,12,9.0,False
202204010207,10,6,11.4,0.0637302920577833,7,10.0,False
202204010207,9,12,243.3,0.030256281570466167,10,11.0,False
202204010207,11,5,9.5,0.1932402540428845,2,12.0,False
202107050802,2,1,1.4,0.5390542136161772,1,1.0,True
202107050802,8,4,11.0,0.18217324793931275,5,2.0,False
202107050802,1,3,6.9,0.33214685221529155,3,3.0,False
202107050802,6,7,132.0,0.020186322807673365,9,4.0,False
202107050802,9,8,167.8,0.06407171379374023,6,5.0,False
202107050802,4,6,37.1,0.043330305572863805,7,6.0,False
202107050802,5,2,5.9,0.3738597643221112,2,7.0,False
202107050802,3,5,14.6,0.193224461864265,4,8.0,False
202107050802,7,9,174.7,0.03981847481266263,8,9.0,False
202104020306,14,3,4.7,0.014002215334915788,4,1.0,True
202104020306,11,15,187.0,0.0029989702480122905,12,2.0,False
202104020306,5,8,35.5,0.013949266278224102,5,3.0,False
202104020306,12,7,21.3,0.005445286293593971,11,4.0,False
202104020306,13,2,4.3,0.006199961543042767,9,5.0,False
202104020306,15,1,4.0,0.05903260010450362,1,6.0,False
202104020306,9,6,8.1,0.006033848553685716,10,7.0,False
202104020306,4,5,7.7,0.05870901515189613,2,8.0,False
202104020306,10,10,62.3,0.0011726700584528708,16,9.0,False
202104020306,7,11,69.7,0.002350517488284074,13,10.0,False
202104020306,8,4,6.2,0.03933439453436406,3,11.0,False
202104020306,1,16,233.6,0.012966738776120907,6,12.0,False
202104020306,6,13,147.9,0.0022303454066287206,14,13.0,False
202104020306,3,12,107.4,0.012767293305302758,7,14.0,False
202104020306,2,14,152.3,0.001569594045478348,15,15.0,False
202104020306,16,9,58.6,0.012049533268043857,8,16.0,False
202008010211,15,1,3.1,0.04787489187158251,7,1.0,True
202008010211,5,5,11.6,0.04631304141409066,8,2.0,False
202008010211,3,6,12.3,0.09691723393881378,1,3.0,False
202008010211,13,10,44.1,0.008731646331523856,15,4.0,False
202008010211,14,7,16.0,0.04856605459447863,6,5.0,False
202008010211,1,3,6.5,0.07490437987866573,2,6.0,False
202008010211,2,9,29.7,0.05088455654705335,5,7.0,False
202008010211,10,12,66.2,0.012933065093457555,14,8.0,False
202008010211,4,13,122.0,0.028938073917041694,12,9.0,False
202008010211,9,8,16.8,0.05138023726922387,4,10.0,False
202008010211,11,4,6.9,0.03892456202566611,9,11.0,False
202008010211,7,2,4.2,0.030842923209601074,11,12.0,False
202008010211,8,11,46.7,0.06484813804223696,3,13.0,False
202008010211,12,14,123.5,0.03273761903288933,10,14.0,False
202008010211,6,15,253.8,0.017683213486854803,13,15.0,False
202207010305,16,2,4.0,0.26012362633385183,4,1.0,True
202207010305,5,7,12.7,0.04861275237416901,11,2.0,False
202207010305,11,6,11.0,0.14300027466110296,6,3.0,False
202207010305,10,10,43.2,0.09348579507111399,9,4.0,False
202207010305,1,4,8.3,0.2719630963357245,3,5.0,False
202207010305,6,8,18.8,0.10298806054979871,8,6.0,False
202207010305,8,11,73.1,0.03809701563992307,13,7.0,False
202207010305,3,1,3.2,0.3687062436477056,1,8.0,False
202207010305,12,3,7.2,0.24130236470490837,5,9.0,False
202207010305,7,14,138.4,0.04703999750251034,12,10.0,False
202207010305,15,13,103.8,0.006322992944755462,16,11.0,False
202207010305,4,5,10.4,0.32791096843185574,2,12.0,False
202207010305,9,12,97.8,0.05325995519710225,10,13.0,False
202207010305,13,9,22.5,0.135380458814761,7,14.0,False
202207010305,14,15,305.1,0.025654081952146468,14,15.0,False
202207010305,2,16,356.7,0.007614724322813769,15,16.0,False
202506010612,4,2,2.9,0.24364249038126481,2,1.0,True
202506010612,7,4,9.2,0.12014148899738489,3,2.0,False
202506010612,3,1,2.0,0.44318871603880283,1,3.0,False
202506010612,16,9,86.5,0.0072399534721624146,13,4.0,False
202506010612,13,12,171.8,0.024530190206665595,9,5.0,False
202506010612,9,3,6.9,0.1100783438785726,5,6.0,False
202506010612,5,8,70.0,0.11508159622520373,4,7.0,False
202506010612,12,6,32.7,0.02526808046114223,8,7.0,False
202506010612,1,10,153.1,0.01034719634135436,12,9.0,False
202506010612,10,16,385.0,0.003304788282054073,15,10.0,False
202506010612,8,5,18.7,0.09795059961755588,6,11.0,False
202506010612,11,14,300.5,0.003400434250395554,14,12.0,False
202506010612,6,11,155.1,0.02065265018674012,10,13.0,False
202506010612,2,13,254.1,0.010606888270219413,11,14.0,False
202506010612,14,15,376.1,0.0025280111836166654,16,15.0,False
202506010612,15,7,32.7,0.03167425240113625,7,16.0,False
202007010307,11,5,10.7,0.08739331853173724,4,1.0,True
202007010307,8,1,1.8,0.23623211736170627,1,2.0,False
202007010307,3,3,6.6,0.1188961530315052,3,3.0,False
202007010307,9,6,11.8,0.14211363593530082,2,4.0,False
202007010307,7,4,10.1,0.07815174670513447,5,5.0,False
202007010307,10,7,33.7,0.03838545327931032,8,6.0,False
202007010307,5,10,347.9,0.036757710371969184,9,7.0,False
202007010307,2,8,37.3,0.008493084758706484,10,8.0,False
202007010307,6,9,81.1,0.06253476955664795,7,9.0,False
202007010307,4,11,471.4,0.007505452934085976,11,10.0,False
202007010307,1,2,4.6,0.06370421370797529,6,11.0,False
202009060104,9,1,1.7,0.3628287502870464,1,1.0,True
202009060104,4,8,39.9,0.030229325840104324,9,2.0,False
202009060104,8,5,20.2,0.21560085453213537,2,3.0,False
202009060104,1,3,7.5,0.12802193588621189,5,4.0,False
202009060104,5,11,189.8,0.018929622346544394,10,5.0,False
202009060104,11,2,4.9,0.06425153138625435,7,6.0,False
202009060104,6,10,170.5,0.018615933692338958,11,7.0,False
202009060104,3,7,39.2,0.03160366586001373,8,8.0,False
202009060104,7,9,81.0,0.11591633030106382,6,9.0,False
202009060104,2,4,7.8,0.18195608391360607,3,10.0,False
202009060104,10,6,24.9,0.17138201177296328,4,11.0,False
202004020306,1,6,17.3,0.06919125318546508,7,1.0,True
202004020306,10,5,11.8,0.10517752319933171,5,2.0,False
202004020306,12,3,6.7,0.12297557737115569,4,3.0,False
202004020306,17,4,7.5,0.13524433580476775,3,4.0,False
202004020306,15,2,4.2,0.2095834851349438,2,5.0,False
202004020306,5,7,20.7,0.09948548631126507,6,6.0,False
202004020306,3,1,2.7,0.33653720216056787,1,7.0,False
202004020306,13,9,43.8,0.05838693435126836,8,8.0,False
202004020306,11,14,92.2,0.0029174598472223954,17,9.0,False
202004020306,4,8,26.1,0.025906515474184433,12,10.0,False
202004020306,9,12,50.0,0.046817495371476864,10,11.0,False
202004020306,18,15,118.3,0.0469840662349928,9,12.0,False
202004020306,6,16,131.3,0.023899678649541258,14,13.0,False
202004020306,14,11,44.3,0.019845929438051302,16,14.0,False
202004020306,2,13,66.1,0.020558202826241576,15,15.0,False
202004020306,16,10,43.9,0.03406967768827359,11,16.0,False
202004020306,8,17,264.5,0.02483063653894474,13,17.0,False
202004020306,7,18,323.0,0.0013810908475395053,18,18.0,False
202009060706,3,5,21.7,0.09867075993422535,6,1.0,True
202009060706,1,2,4.4,0.34308270577076433,1,2.0,False
202009060706,5,1,1.5,0.18397252776720385,2,3.0,False
202009060706,2,8,49.4,0.10573712919375079,5,4.0,False
202009060706,8,3,6.4,0.1548151365209118,3,5.0,False
202009060706,6,7,40.8,0.07970014717302949,7,6.0,False
202009060706,4,6,22.6,0.07420106669410705,9,7.0,False
202009060706,9,4,11.8,0.1354814232622899,4,8.0,False
202009060706,7,9,135.1,0.07529627048787303,8,9.0,False
202104020409,12,8,33.7,0.10785276415819825,3,1.0,True
202104020409,15,4,6.0,0.10714863089427633,4,2.0,False
202104020409,6,10,48.8,0.019275343347822157,9,3.0,False
202104020409,5,1,2.6,0.17063731238416138,2,4.0,False
202104020409,13,3,5.6,0.06538962616240734,5,5.0,False
202104020409,2,6,17.0,0.03289763965220877,6,6.0,False
202104020409,10,5,16.8,0.02817087377768877,7,7.0,False
202104020409,8,12,73.7,0.002535350004192064,15,8.0,False
202104020409,16,2,4.5,0.2414531546602825,1,9.0,False
202104020409,11,11,49.9,0.005296547501191035,13,10.0,False
202104020409,14,9,34.2,0.010449414669670497,11,11.0,False
202104020409,9,16,228.0,0.002297088597051352,16,12.0,False
202104020409,4,15,213.4,0.004623033173992301,14,13.0,False
202104020409,7,7,20.0,0.02708401323823425,8,14.0,False
202104020409,3,13,118.9,0.01610126296167923,10,15.0,False
202104020409,1,14,123.9,0.006785853744711142,12,16.0,False
202207030709,6,4,11.5,0.1851197772920818,3,1.0,True
202207030709,1,1,2.5,0.32912666834901255,1,2.0,False
202207030709,7,2,3.7,0.16620177341046127,4,3.0,False
202207030709,8,7,26.8,0.15628989699026224,5,4.0,False
202207030709,4,9,87.7,0.04476354616730509,9,5.0,False
202207030709,3,3,3.7,0.18730324094642242,2,6.0,False
202207030709,9,8,48.0,0.06607850146262247,8,7.0,False
202207030709,2,6,12.3,0.10998750462419543,7,8.0,False
202207030709,5,5,11.9,0.15468273265534313,6,9.0,False
202309010507,1,2,3.7,0.3455797002674187,1,1.0,True
202309010507,4,4,5.4,0.1585962564564592,4,2.0,False
202309010507,7,1,3.2,0.22093233047074926,2,3.0,False
202309010507,2,5,7.1,0.04760111612544697,6,4.0,False
202309010507,3,7,31.9,0.022049005130454144,7,5.0,False
202309010507,5,6,15.2,0.17310928784888524,3,6.0,False
202309010507,8,8,259.8,0.008847955238612273,8,7.0,False
202309010507,6,3,3.9,0.15832334883100374,5,,False
202010020210,9,1,1.7,0.19139658648773933,3,1.0,True
202010020210,8,3,6.0,0.2273364059083011,1,2.0,False
202010020210,5,4,17.5,0.04085377379338577,7,3.0,False
202010020210,1,6,21.1,0.11517069236534705,4,4.0,False
202010020210,6,9,182.3,0.01932784696769682,8,5.0,False
202010020210,7,5,19.3,0.07203922532983721,5,6.0,False
202010020210,4,7,23.1,0.017189880204126727,9,7.0,False
202010020210,2,2,3.4,0.1970728416908971,2,8.0,False
202010020210,3,8,35.3,0.05205318856071329,6,9.0,False
202004020507,1,3,6.1,0.2519848259580443,2,1.0,True
202004020507,2,5,15.1,0.02752504486032051,10,2.0,False
202004020507,4,1,2.4,0.30402998972453915,1,3.0,False
202004020507,6,12,97.4,0.03303114408941312,7,4.0,False
202004020507,12,7,20.3,0.03249044536406406,8,5.0,False
202004020507,10,6,19.3,0.11752652238923982,5,6.0,False
202004020507,9,10,45.1,0.03013251711548823,9,7.0,False
202004020507,8,17,250.6,0.0026296329236426175,17,8.0,False
202004020507,7,14,191.8,0.006818973465793075,16,9.0,False
202004020507,13,15,195.8,0.011322842142360519,13,10.0,False
202004020507,3,13,134.8,0.0019395888642445057,18,11.0,False
202004020507,18,2,3.6,0.13458785840253137,3,12.0,False
202004020507,16,16,245.2,0.01151166607216565,12,13.0,False
202004020507,15,8,24.1,0.04341775848108245,6,14.0,False
202004020507,11,18,358.5,0.008042440220225879,15,15.0,False
202004020507,14,4,13.6,0.12457660960212458,4,16.0,False
202004020507,17,9,24.9,0.010853767233142056,14,17.0,False
202004020507,5,11,69.9,0.012349405358281192,11,18.0,False
202405050712,12,1,2.3,0.3168308554345962,1,1.0,True
202405050712,5,7,38.0,0.03681329896997919,8,2.0,False
202405050712,10,2,3.5,0.25043335051057736,2,3.0,False
202405050712,7,9,60.5,0.02776629100003569,10,4.0,False
202405050712,13,4,9.3,0.19604284215535742,3,5.0,False
202405050712,4,14,274.9,0.00689157136070759,14,6.0,False
202405050712,3,6,11.8,0.05456192653276099,6,7.0,False
202405050712,9,3,6.0,0.1932684884872354,4,8.0,False
202405050712,11,11,216.2,0.03105884817296978,9,9.0,False
202405050712,1,12,223.8,0.013890243342296446,13,10.0,False
202405050712,14,10,103.8,0.01980131966371027,12,11.0,False
202405050712,6,13,240.3,0.02242983806420989,11,12.0,False
202405050712,2,5,9.9,0.11756105217237747,5,13.0,False
202405050712,8,8,59.1,0.0473128306701824,7,14.0,False
202209011110,9,3,6.9,0.09566200084091352,4,1.0,True
202209011110,2,1,2.0,0.09628567462040749,3,2.0,False
202209011110,4,5,12.1,0.06444421677309523,5,3.0,False
202209011110,6,9,41.8,0.04004604272714072,6,4.0,False
202209011110,5,2,4.0,0.10512193792752207,2,5.0,False
202209011110,12,4,11.5,0.14917321222252458,1,6.0,False
202209011110,11,13,121.4,0.02774236129659547,12,7.0,False
202209011110,10,6,14.0,0.03298063159483119,8,8.0,False
202209011110,8,7,29.1,0.03584161634682709,7,9.0,False
202209011110,7,11,91.0,0.032678612693995905,9,10.0,False
202209011110,3,8,29.9,0.018722971504591582,13,11.0,False
202209011110,13,12,102.3,0.029101380348128075,11,12.0,False
202209011110,1,10,54.8,0.0319058235628503,10,13.0,False
202501020107,4,1,2.2,0.2617505234936853,2,1.0,True
202501020107,7,9,68.0,0.03147476174636114,9,2.0,False
202501020107,11,14,207.4,0.014411879990109117,14,3.0,False
202501020107,12,3,9.1,0.08359599041020548,4,4.0,False
202501020107,10,2,2.8,0.26330483244655256,1,5.0,False
202501020107,9,5,13.1,0.06312042399380897,5,6.0,False
202501020107,14,4,10.0,0.03952920552393655,7,7.0,False
202501020107,8,8,37.6,0.01645624374174639,13,8.0,False
202501020107,2,13,147.4,0.017765334991260286,11,9.0,False
202501020107,5,6,14.7,0.09695425352560376,3,10.0,False
202501020107,13,10,78.3,0.0169312551007787,12,11.0,False
202501020107,6,11,109.4,0.03900390345943383,8,12.0,False
202501020107,3,12,137.9,0.018439585371497157,10,13.0,False
202501020107,1,7,35.4,0.05759486146071065,6,14.0,False
202205030308,8,1,1.4,0.6094530533013832,1,1.0,True
202205030308,6,2,4.9,0.20603432549877662,3,2.0,False
202205030308,7,4,8.3,0.0998869916879423,4,3.0,False
202205030308,2,6,47.6,0.025532068331844848,7,4.0,False
202205030308,4,3,7.7,0.3430383746238654,2,5.0,False
202205030308,9,8,85.8,0.03566171507888357,6,6.0,False
202205030308,3,7,54.5,0.014219863592770419,8,7.0,False
202205030308,5,5,24.1,0.048326296427471306,5,8.0,False
202210030307,11,3,5.6,0.0664821276949196,3,1.0,True
202210030307,4,1,2.7,0.18348257904098758,1,2.0,False
202210030307,5,6,29.8,0.03797152261721271,6,3.0,False
202210030307,6,7,32.3,0.036649110254538785,8,4.0,False
202210030307,8,4,6.4,0.0921416741138977,2,5.0,False
202210030307,7,5,7.6,0.06331381384268399,4,6.0,False
202210030307,15,10,57.6,0.023565125425891353,11,7.0,False
202210030307,10,15,117.4,0.03005508837394399,10,8.0,False
202210030307,14,8,39.3,0.03752049328894809,7,9.0,False
202210030307,13,2,4.6,0.04456699285089967,5,10.0,False
202210030307,1,12,76.4,0.03559977453861786,9,11.0,False
202210030307,18,13,82.8,0.011899385629083695,15,12.0,False
202210030307,16,18,257.5,0.0180967604579822,13,13.0,False
202210030307,2,17,208.7,0.01650595285071503,14,14.0,False
202210030307,12,11,73.6,0.0036735585778552627,18,15.0,False
202210030307,17,14,110.5,0.005541585007302723,17,16.0,False
202210030307,9,9,42.1,0.022043432078872983,12,17.0,False
202210030307,3,16,138.0,0.010467940327021214,16,18.0,False
202008031203,8,6,15.8,0.05553707820788116,6,1.0,True
202008031203,11,10,35.2,0.04482088451390949,8,2.0,False
202008031203,3,2,4.6,0.07006706029366323,4,3.0,False
202008031203,6,12,48.3,0.0043688450065883875,15,4.0,False
202008031203,18,1,3.0,0.08797226759475739,2,5.0,False
202008031203,14,5,12.3,0.04051397365357707,9,6.0,False
202008031203,1,11,38.4,0.007392895918830227,13,7.0,False
202008031203,9,7,20.8,0.02493454798472339,11,8.0,False
202008031203,12,9,29.9,0.036178382708085474,10,9.0,False
202008031203,7,4,9.0,0.06628088303282358,5,10.0,False
202008031203,15,14,155.7,0.008359065569953115,12,11.0,False
202008031203,5,15,175.8,0.054074664280908104,7,12.0,False
202008031203,10,3,4.6,0.17842664307188322,1,13.0,False
202008031203,16,13,76.5,0.004772334958044705,14,14.0,False
202008031203,4,17,483.6,0.0027083496782005904,17,15.0,False
202008031203,17,8,21.8,0.07073506934632676,3,16.0,False
202008031203,13,16,254.7,0.0033155649987469935,16,17.0,False
202008031203,2,18,639.1,0.0003668851002432814,18,18.0,False
202006020211,3,1,2.5,0.11782123988076261,3,1.0,True
202006020211,7,2,3.0,0.12319291903461975,1,2.0,False
202006020211,4,6,38.6,0.06940083468264281,4,3.0,False
202006020211,1,4,5.4,0.11872439767379986,2,4.0,False
202006020211,5,5,9.3,0.0670278493163494,5,5.0,False
202006020211,6,7,65.5,0.009060761788425303,8,6.0,False
202006020211,8,3,5.1,0.027496318727557,6,7.0,False
202006020211,9,9,228.8,0.000810227498582504,9,8.0,False
202006020211,2,8,217.0,0.010359193616478317,7,9.0,False
202306030311,8,3,8.1,0.16572986099208048,3,1.0,True
202306030311,4,2,3.6,0.22227220566086178,2,2.0,False
202306030311,16,5,9.5,0.11222125471844284,4,3.0,False
202306030311,9,7,21.8,0.0792470086065409,5,4.0,False
202306030311,11,6,21.3,0.01999127496472126,12,5.0,False
202306030311,12,14,92.2,0.014661883598023836,13,6.0,False
202306030311,3,1,2.8,0.35839998295352643,1,7.0,False
202306030311,6,4,8.2,0.05098367100411337,7,8.0,False
202306030311,13,11,40.3,0.014138405986042466,14,9.0,False
202306030311,7,9,28.0,0.0680113136811702,6,10.0,False
202306030311,2,8,25.1,0.04641675778115541,8,11.0,False
202306030311,15,10,32.5,0.0438926680419493,9,12.0,False
202306030311,5,13,51.8,0.028171483951821726,11,13.0,False
202306030311,14,12,48.0,0.0317250350172928,10,14.0,False
202306030311,1,16,347.7,0.003171177966123532,16,15.0,False
202306030311,10,15,328.7,0.010062300218617046,15,16.0,False
202203010302,6,2,4.8,0.0877840039406021,1,1.0,True
202203010302,1,1,2.8,0.0748311639968883,2,2.0,False
202203010302,8,4,5.9,0.02718986924245594,5,3.0,False
202203010302,5,3,5.8,0.04037546495092164,3,4.0,False
202203010302,12,5,12.4,0.018809235604506428,10,5.0,False
202203010302,15,14,76.1,0.023273184561784503,7,6.0,False
202203010302,14,6,18.2,0.0033071296496890194,14,7.0,False
202203010302,10,10,42.1,0.019188893028650702,9,8.0,False
202203010302,11,7,20.1,0.0017733790221482516,15,9.0,False
202203010302,3,8,20.1,0.03900549920403971,4,10.0,False
202203010302,9,16,167.7,0.003378033013195505,13,11.0,False
202203010302,7,9,42.0,0.009947253154268513,11,12.0,False
202203010302,13,12,62.8,0.021871107199820855,8,13.0,False
202203010302,16,15,166.3,0.003783618403738252,12,14.0,False
202203010302,4,13,73.0,0.02695065506529988,6,15.0,False
202203010302,2,11,53.2,0.0009662167480327104,16,,False
202403030608,6,1,3.0,0.07563829239980807,3,1.0,True
202403030608,8,3,5.9,0.0875745402929462,2,1.0,True
202403030608,9,4,6.8,0.060846119523384506,5,3.0,False
202403030608,16,5,13.8,0.018807077775527807,11,4.0,False
202403030608,14,10,22.7,0.01754320858864946,12,5.0,False
202403030608,10,6,17.5,0.02958697086971939,9,6.0,False
202403030608,11,8,21.4,0.041206444442055186,8,7.0,False
202403030608,15,13,48.0,0.016226270278464454,13,8.0,False
202403030608,1,7,18.0,0.08925114565976701,1,9.0,False
202403030608,13,14,157.0,0.011366713197569442,14,10.0,False
202403030608,5,16,221.1,0.002095321283555919,16,11.0,False
202403030608,2,11,34.8,0.04752436522632137,7,12.0,False
202403030608,3,12,40.8,0.029156419413256942,10,13.0,False
202403030608,12,2,5.2,0.07219001612856965,4,14.0,False
202403030608,7,9,21.4,0.049605536117421536,6,15.0,False
202403030608,4,15,202.1,0.0074986665851022125,15,16.0,False
202509050312,2,3,7.4,0.21870174497857,2,1.0,True
202509050312,10,2,3.6,0.38597577975602576,1,2.0,False
202509050312,4,6,19.7,0.12591280500581195,5,3.0,False
202509050312,8,1,1.7,0.18573271792147314,4,4.0,False
202509050312,9,4,9.1,0.18998933491589656,3,5.0,False
202509050312,3,10,162.1,0.028978777519808575,10,6.0,False
202509050312,5,5,19.6,0.0651961136614639,7,7.0,False
202509050312,1,7,38.6,0.03415004591099083,9,8.0,False
202509050312,7,8,98.5,0.03862770855900235,8,9.0,False
202509050312,6,9,115.6,0.0672118198347242,6,10.0,False
202502010310,5,3,4.8,0.14715091666541016,4,1.0,True
202502010310,4,6,10.9,0.15091936873185666,2,2.0,False
202502010310,1,8,19.1,0.07409196926956846,6,3.0,False
202502010310,3,5,9.6,0.05830304662710843,8,4.0,False
202502010310,2,1,3.3,0.1748657459175829,1,5.0,False
202502010310,6,7,15.6,0.1345413994470118,5,6.0,False
202502010310,8,4,6.2,0.07153877891471543,7,7.0,False
202502010310,7,2,3.7,0.1489072724719599,3,8.0,False
202009030209,12,2,5.1,0.16469264787461768,6,1.0,True
202009030209,6,1,2.9,0.29348307390887535,1,2.0,False
202009030209,13,5,10.4,0.041784577851470425,12,3.0,False
202009030209,1,6,10.9,0.2260784544409437,2,4.0,False
202009030209,3,3,8.1,0.17631461273304833,4,5.0,False
202009030209,4,4,9.6,0.07916874808107206,10,6.0,False
202009030209,11,11,34.6,0.18780050268879533,3,7.0,False
202009030209,2,13,39.8,0.07489874402728028,11,8.0,False
202009030209,15,7,16.7,0.14019181457735236,7,9.0,False
202009030209,8,12,37.9,0.03321968618660409,14,10.0,False
202009030209,14,8,17.5,0.16537981511779554,5,11.0,False
202009030209,9,14,59.0,0.017434228843274474,15,12.0,False
202009030209,5,9,25.8,0.09015391792836425,9,13.0,False
202009030209,16,10,27.7,0.033962080924604454,13,14.0,False
202009030209,10,15,118.7,0.09268305143716507,8,15.0,False
202009030209,7,16,401.6,0.00762674854363136,16,16.0,False
202405040307,1,2,3.5,0.1929703985227905,2,1.0,True
202405040307,2,8,28.4,0.03698405085013349,8,2.0,False
202405040307,5,7,20.1,0.11579030365155653,5,3.0,False
202405040307,8,1,3.1,0.3257437007024471,1,4.0,False
202405040307,3,4,5.9,0.07120057957267908,6,5.0,False
202405040307,4,6,19.3,0.06859629211072878,7,6.0,False
202405040307,6,5,8.9,0.12561357154378575,4,7.0,False
202405040307,7,3,4.2,0.14631791296245963,3,8.0,False
202110040703,2,15,54.7,0.04573719488879084,11,1.0,True
202110040703,7,1,2.8,0.10804853672129386,4,2.0,False
202110040703,9,7,15.2,0.1341276447757497,3,3.0,False
202110040703,8,10,16.1,0.06273810072353829,10,4.0,False
202110040703,12,9,16.1,0.09580982440934996,7,5.0,False
202110040703,16,12,30.8,0.033887906296557885,13,6.0,False
202110040703,11,5,13.8,0.08747191709370555,8,7.0,False
202110040703,14,2,6.8,0.10158482883786574,6,8.0,False
202110040703,4,4,10.3,0.1034703717786806,5,9.0,False
202110040703,18,6,13.9,0.04038973653720918,12,10.0,False
202110040703,17,13,38.1,0.026960140181284033,15,11.0,False
202110040703,6,8,15.7,0.07516414238782249,9,12.0,False
202110040703,3,3,10.1,0.13637878584881322,2,13.0,False
202110040703,5,14,52.4,0.022369505705014583,16,14.0,False
202110040703,10,16,120.7,0.03247289140627748,14,15.0,False
202110040703,1,17,142.6,0.018410414285672694,17,16.0,False
202110040703,13,11,17.5,0.2027722645314535,1,17.0,False
202305010511,9,6,12.6,0.3410925288314648,1,1.0,True
202305010511,7,2,4.3,0.14338550172668713,4,2.0,False
202305010511,3,3,4.7,0.03079170025945784,13,3.0,False
202305010511,6,7,17.7,0.061490716058552254,9,4.0,False
202305010511,10,5,9.6,0.19582088820152665,2,5.0,False
202305010511,15,1,3.9,0.12171842466341641,6,6.0,False
202305010511,13,10,41.5,0.1421623520226087,5,7.0,False
202305010511,11,15,254.9,0.015974677214178255,15,8.0,False
202305010511,4,9,23.6,0.06882393047964994,7,9.0,False
202305010511,5,4,7.1,0.18404239371055853,3,10.0,False
202305010511,2,14,151.4,0.03355812243392045,12,11.0,False
202305010511,14,12,68.9,0.05897919195177023,10,12.0,False
202305010511,8,11,63.5,0.016033673717231193,14,13.0,False
202305010511,1,13,103.0,0.015041414153316626,16,14.0,False
202305010511,16,8,17.7,0.05639477109945719,11,15.0,False
202305010511,12,16,302.2,0.06793375811823435,8,16.0,False
202101020112,4,1,2.8,0.1425190178554163,5,1.0,True
202101020112,5,3,6.0,0.19020974167250684,3,2.0,False
202101020112,3,8,23.6,0.07105799268451514,7,3.0,False
202101020112,13,2,4.0,0.2203074532319967,2,4.0,False
202101020112,8,6,15.6,0.051512982661298584,8,5.0,False
202101020112,9,9,39.2,0.021874324335770336,13,6.0,False
202101020112,10,13,182.2,0.012542712002506562,14,7.0,False
202101020112,7,5,8.8,0.14811207948089125,4,8.0,False
202101020112,1,10,43.0,0.07801254707586269,6,9.0,False
202101020112,12,11,79.1,0.030649066494158658,11,10.0,False
202101020112,2,4,7.5,0.23620001655778883,1,11.0,False
202101020112,11,7,19.2,0.040874906547064056,9,12.0,False
202101020112,14,12,89.3,0.039424420781044175,10,13.0,False
202101020112,6,14,186.1,0.026753996862052754,12,14.0,False
202303020302,5,1,2.0,0.27965512359041345,1,1.0,True
202303020302,7,2,3.4,0.0183750738365269,7,2.0,False
202303020302,2,4,11.1,0.17274760599822242,3,3.0,False
202303020302,1,3,6.9,0.02030519636696503,6,4.0,False
202303020302,4,6,13.7,0.21276833135785722,2,5.0,False
202303020302,6,5,12.6,0.04549611331191202,4,6.0,False
202303020302,3,7,39.3,0.036510874400261385,5,7.0,False
202402010910,1,1,2.3,0.180657624765115,2,1.0,True
202402010910,5,3,5.3,0.15616928350920703,3,2.0,False
202402010910,2,9,41.5,0.0277324271048021,8,3.0,False
202402010910,9,5,8.9,0.08735613998701693,4,4.0,False
202402010910,4,6,17.2,0.010067739859551396,10,5.0,False
202402010910,7,4,8.6,0.0372454187302829,7,6.0,False
202402010910,3,8,30.3,0.05014905558360777,5,7.0,False
202402010910,10,2,4.2,0.18595081287034526,1,8.0,False
202402010910,6,7,19.8,0.04963580986207568,6,9.0,False
202402010910,8,10,169.1,0.014698477266174159,9,10.0,False
202505040202,9,1,1.6,0.1304098773802325,3,1.0,True
202505040202,1,4,9.5,0.020646034692183953,8,2.0,False
202505040202,6,5,11.6,0.012119919634597652,10,3.0,False
202505040202,2,6,15.0,0.3792710544337986,1,4.0,False
202505040202,10,7,25.0,0.11294400616324408,5,5.0,False
202505040202,7,3,6.5,0.12595303274763,4,6.0,False
202505040202,3,2,5.6,0.16714348253492078,2,7.0,False
202505040202,5,10,468.0,0.015298756059979353,9,8.0,False
202505040202,4,9,460.1,0.023266876408492898,7,9.0,False
202505040202,8,8,158.7,0.03014069293064409,6,10.0,False
202505040202,11,11,652.9,0.0005170307708318646,11,11.0,False
202502011201,2,3,6.0,0.1386368049037265,3,1.0,True
202502011201,7,6,10.1,0.13990880840462197,2,2.0,False
202502011201,4,1,4.6,0.0678502143392879,8,3.0,False
202502011201,1,4,6.1,0.03275874478557302,12,4.0,False
202502011201,13,9,20.2,0.10237795227369961,5,5.0,False
202502011201,9,5,7.4,0.1287133807711876,4,6.0,False
202502011201,5,10,28.6,0.0696423007780191,7,7.0,False
202502011201,16,2,5.1,0.1432867154143141,1,8.0,False
202502011201,6,8,16.9,0.048140965147753595,10,9.0,False
202502011201,3,11,45.9,0.024473225237318767,14,10.0,False
202502011201,14,14,182.6,0.043493432987777754,11,11.0,False
202502011201,12,12,50.0,0.06269212365448605,9,12.0,False
202502011201,8,13,157.2,0.003644346135197328,16,13.0,False
202502011201,11,7,12.3,0.0957542430306436,6,14.0,False
202502011201,15,16,419.0,0.010273913820535429,15,15.0,False
202502011201,10,15,303.7,0.030616982749248435,13,16.0,False
202202010711,11,3,5.4,0.08243539014077614,4,1.0,True
202202010711,9,1,4.1,0.14469129893260607,2,2.0,False
202202010711,15,10,29.2,0.032498154245312286,11,3.0,False
202202010711,10,5,7.9,0.06171536046685843,7,4.0,False
202202010711,13,9,29.2,0.018386508601505414,13,5.0,False
202202010711,5,4,7.4,0.09064454622987558,3,6.0,False
202202010711,16,15,139.9,0.008224342664279525,15,7.0,False
202202010711,8,2,4.3,0.19591937770380485,1,8.0,False
202202010711,6,8,28.8,0.009196298856663112,14,9.0,False
202202010711,2,6,11.9,0.06283719826380227,6,10.0,False
202202010711,3,11,29.9,0.030890602536368817,12,11.0,False
202202010711,7,7,18.2,0.06297242988059192,5,12.0,False
202202010711,4,13,68.0,0.03829175248304873,9,13.0,False
202202010711,14,14,100.9,0.04956184472169284,8,14.0,False
202202010711,1,16,203.6,0.005931092148964065,16,15.0,False
202202010711,12,12,44.2,0.034546239343199,10,16.0,False
202305020511,3,2,3.2,0.24640650405209338,2,1.0,True
202305020511,5,1,1.8,0.40989353314857363,1,2.0,False
202305020511,6,3,5.4,0.1266036445783748,5,3.0,False
202305020511,4,5,15.7,0.13570386800506734,3,4.0,False
202305020511,1,4,9.3,0.13202170857860693,4,5.0,False
202305020511,7,6,23.3,0.09092854963621078,6,6.0,False
202305020511,2,7,72.0,0.06228456263698331,7,7.0,False
202009050409,4,2,3.4,0.4581202587466867,1,1.0,True
202009050409,2,1,1.4,0.4048128813208874,2,2.0,False
202009050409,3,3,9.0,0.40126860551514887,3,3.0,False
202009050409,1,4,10.9,0.020391473318121946,5,4.0,False
202009050409,5,5,24.1,0.12285960862054505,4,5.0,False
202309030111,12,5,11.2,0.08468422216828993,5,1.0,True
202309030111,4,3,4.7,0.1191205862038573,2,2.0,False
202309030111,9,6,18.0,0.09426318314280392,4,3.0,False
202309030111,8,13,254.8,0.029229189205545045,10,4.0,False
202309030111,7,2,4.1,0.09880622010878627,3,5.0,False
202309030111,5,9,96.4,0.019873031067290332,13,6.0,False
202309030111,11,7,43.2,0.03530006040699211,8,7.0,False
202309030111,15,10,101.7,0.021977530137936126,11,8.0,False
202309030111,2,4,5.0,0.051676796288740535,7,9.0,False
202309030111,1,8,78.8,0.03459056989433883,9,10.0,False
202309030111,13,11,122.8,0.013879903781999462,15,11.0,False
202309030111,14,1,2.6,0.1952487013181425,1,12.0,False
202309030111,6,12,207.6,0.08358148331985368,6,13.0,False
202309030111,3,15,428.9,0.02153400036201088,12,14.0,False
202309030111,10,14,409.7,0.017599370523454727,14,15.0,False
202207020505,6,2,3.4,0.21867853553365857,2,1.0,True
202207020505,14,8,29.4,0.022417188047494527,8,2.0,False
202207020505,5,1,2.9,0.2376941277369556,1,3.0,False
202207020505,2,3,3.7,0.1750218490547002,3,4.0,False
202207020505,8,6,16.7,0.012936038410185412,13,5.0,False
202207020505,10,4,10.4,0.07702257894818365,5,6.0,False
202207020505,13,7,25.5,0.0291049947292878,7,7.0,False
202207020505,11,10,84.7,0.049493934047355186,6,8.0,False
202207020505,7,12,233.4,0.022120596153055734,9,9.0,False
202207020505,1,11,103.2,0.0189863219515138,11,10.0,False
202207020505,12,5,13.6,0.15503124640757557,4,11.0,False
202207020505,3,14,333.6,0.01576140673892858,12,12.0,False
202207020505,4,13,261.1,0.01954950513585527,10,13.0,False
202207020505,9,9,62.7,0.01081810506784698,14,14.0,False
202004020209,6,1,2.0,0.4639363998586903,1,1.0,True
202004020209,3,4,7.3,0.20666166594177027,4,2.0,False
202004020209,2,3,6.2,0.2653011906022678,3,3.0,False
202004020209,5,6,17.8,0.024512786920562146,8,4.0,False
202004020209,1,7,24.0,0.0696079645849652,6,5.0,False
202004020209,7,5,7.6,0.32835835570097605,2,6.0,False
202004020209,8,9,100.7,0.012331906482919262,9,7.0,False
202004020209,9,2,4.5,0.19209435020925694,5,8.0,False
202004020209,4,8,55.2,0.0694098251120377,7,9.0,False
202003010511,14,3,5.4,0.12240774821352667,3,1.0,True
202003010511,5,13,84.5,0.06183640486593708,6,2.0,False
202003010511,16,15,114.3,0.017925219334281123,12,3.0,False
202003010511,6,5,16.1,0.01073340406574345,15,4.0,False
202003010511,3,4,6.4,0.03687996526552543,10,5.0,False
202003010511,9,9,23.2,0.08788810459977833,4,6.0,False
202003010511,2,6,17.1,0.009269721309189858,16,7.0,False
202003010511,13,7,19.6,0.1617371783260603,2,8.0,False
202003010511,7,8,20.4,0.08346619305663275,5,9.0,False
202003010511,10,16,122.7,0.02770824513454549,11,10.0,False
202003010511,4,12,61.3,0.010788758144061513,14,11.0,False
202003010511,1,1,2.8,0.1626175522105678,1,12.0,False
202003010511,11,2,5.0,0.043678356855849886,9,13.0,False
202003010511,15,11,59.5,0.05520335285241768,8,14.0,False
202003010511,8,10,36.3,0.06016037313256309,7,15.0,False
202003010511,12,14,109.4,0.01385071686762941,13,16.0,False
202309020707,3,4,18.0,0.023126819956235667,4,1.0,True
202309020707,6,1,1.5,0.20789280144513028,1,2.0,False
202309020707,4,2,2.2,0.16644367280030514,2,3.0,False
202309020707,5,5,46.2,0.016430089611520912,5,4.0,False
202309020707,1,3,13.3,0.06008223517251679,3,5.0,False
202309020707,2,6,74.3,0.013977229897974938,6,6.0,False
202408030411,14,1,2.8,0.07304624737130512,8,1.0,True
202408030411,5,5,8.8,0.07074994225667744,9,2.0,False
202408030411,6,6,27.5,0.01999792321199958,15,3.0,False
202408030411,17,14,185.3,0.07995112102162395,6,4.0,False
202408030411,4,8,39.8,0.12403679329453536,2,5.0,False
202408030411,10,10,45.7,0.07949841155065236,7,6.0,False
202408030411,7,4,7.9,0.11775136808814006,4,7.0,False
202408030411,15,16,238.0,0.03756679149414037,13,8.0,False
202408030411,8,13,178.9,0.09203642567950474,5,9.0,False
202408030411,3,12,141.6,0.05773488730661151,10,10.0,False
202408030411,13,17,410.1,0.013255155333206762,16,11.0,False
202408030411,1,3,7.5,0.11820922049186412,3,12.0,False
202408030411,11,11,48.7,0.051660961502810236,11,13.0,False
202408030411,16,9,39.8,0.04682632397910382,12,14.0,False
202408030411,12,2,2.8,0.2704892558945665,1,15.0,False
202408030411,9,7,34.6,0.0108418597964879,17,16.0,False
202408030411,18,15,199.1,0.020810940321768383,14,,False
202309030109,8,1,2.1,0.17154514335725654,3,1.0,True
202309030109,2,4,7.9,0.13640454585973527,4,2.0,False
202309030109,1,2,2.9,0.3456412376811202,1,3.0,False
202309030109,7,3,4.6,0.18225611780499346,2,4.0,False
202309030109,5,7,45.5,0.016825907357431686,7,5.0,False
202309030109,6,6,44.4,0.027158974147317362,6,6.0,False
202309030109,4,5,17.0,0.043570049934138926,5,7.0,False
202309030109,3,8,221.6,0.009541425347368375,8,8.0,False
202410030512,9,1,1.9,0.3163384902135196,1,1.0,True
202410030512,7,3,7.7,0.06670540974486401,2,2.0,False
202410030512,2,5,10.2,0.03182779887863847,6,3.0,False
202410030512,3,2,6.5,0.0357092612613151,5,4.0,False
202410030512,10,6,15.9,0.01761729171985541,9,5.0,False
202410030512,8,10,31.6,0.01952950801729627,8,6.0,False
202410030512,1,7,22.3,0.025458354420077337,7,7.0,False
202410030512,11,9,26.8,0.05610905067023524,4,8.0,False
202410030512,6,11,56.1,0.06125571784710914,3,9.0,False
202410030512,5,4,7.9,0.010126446677878176,11,10.0,False
202410030512,4,8,22.7,0.01653129661961451,10,11.0,False
202507050410,5,3,4.7,0.10704688881360741,3,1.0,True
202507050410,7,1,1.7,0.20671631732036388,1,2.0,False
202507050410,3,5,11.4,0.09237587123317033,4,3.0,False
202507050410,10,6,21.4,0.009284531969036489,8,4.0,False
202507050410,6,4,10.2,0.06966152614642208,5,5.0,False
202507050410,1,7,63.4,0.01418335195076193,6,6.0,False
202507050410,9,9,202.3,0.012937619619007011,7,7.0,False
202507050410,4,2,4.6,0.1451779688355773,2,8.0,False
202507050410,8,8,196.2,0.006752562366868233,9,9.0,False
202507050410,2,10,220.1,0.003790347538967065,10,10.0,False
202507020209,8,3,5.0,0.16917556276146561,1,1.0,True
202507020209,4,2,3.6,0.08655861832901689,5,2.0,False
202507020209,6,6,20.3,0.019370184057793078,11,3.0,False
202507020209,2,11,66.1,0.0095261990378995,13,4.0,False
202507020209,1,5,17.5,0.09252965460815378,4,5.0,False
202507020209,5,10,33.6,0.028559839800011328,9,6.0,False
202507020209,10,9,24.3,0.021650054746361454,10,7.0,False
202507020209,12,4,7.9,0.0637510390316325,6,8.0,False
202507020209,11,8,22.9,0.018972269984825433,12,9.0,False
202507020209,3,7,21.4,0.05916804600939982,7,10.0,False
202507020209,7,1,2.8,0.13356320242395192,2,11.0,False
202507020209,9,12,75.7,0.09693547072421209,3,12.0,False
202507020209,13,13,238.2,0.052127903585616975,8,13.0,False
202204040411,6,8,21.5,0.05002420151094013,8,1.0,True
202204040411,13,6,11.8,0.03079099365363465,11,2.0,False
202204040411,2,5,8.2,0.07210840308694663,1,3.0,False
202204040411,4,13,57.1,0.029270352275273075,12,4.0,False
202204040411,14,7,12.3,0.06300629226578199,3,5.0,False
202204040411,9,9,23.5,0.05402355638559484,7,6.0,False
202204040411,3,1,3.7,0.06570653413496183,2,7.0,False
202204040411,5,11,43.1,0.06120984609720844,4,8.0,False
202204040411,10,3,5.7,0.04207934617727825,9,9.0,False
202204040411,11,10,32.3,0.03398457993703622,10,9.0,False
202204040411,8,4,7.0,0.057297695543799036,6,11.0,False
202204040411,12,2,5.2,0.05856611269161479,5,12.0,False
202204040411,1,12,50.4,0.009869652465787339,13,13.0,False
202204040411,7,14,66.2,0.00633999909996877,14,14.0,False
202503020601,7,2,9.2,0.053251274405323845,3,1.0,True
202503020601,8,1,1.1,0.06385204018270352,1,2.0,False
202503020601,2,9,263.9,0.028701752142705046,8,3.0,False
202503020601,3,7,202.3,0.035529630052759775,7,4.0,False
202503020601,4,3,14.6,0.05323579799935253,4,5.0,False
202503020601,6,5,39.8,0.05388652932060662,2,6.0,False
202503020601,5,8,217.3,0.01367892275806119,9,7.0,False
202503020601,9,6,74.9,0.04926840274707798,6,8.0,False
202503020601,1,4,33.1,0.051071355749710494,5,,False
202509010504,11,5,7.8,0.05590736491674336,11,1.0,True
202509010504,6,4,7.8,0.0870861991668405,4,2.0,False
202509010504,1,11,31.4,0.04382781222252917,13,3.0,False
202509010504,14,12,62.5,0.037172474714111836,14,4.0,False
202509010504,16,6,9.4,0.07644650213457295,5,5.0,False
202509010504,3,8,14.0,0.05611994118053551,10,6.0,False
202509010504,10,2,5.8,0.18104501485402097,1,7.0,False
202509010504,12,17,274.4,0.06787474504258005,7,8.0,False
202509010504,4,16,263.0,0.019734039807165062,15,9.0,False
202509010504,5,7,11.7,0.06468225772249933,8,10.0,False
202509010504,8,13,72.2,0.01862054800559195,17,11.0,False
202509010504,18,1,4.1,0.1105397691165632,3,12.0,False
202509010504,13,10,24.9,0.060221474080312865,9,13.0,False
202509010504,2,3,7.6,0.12789514226058035,2,14.0,False
202509010504,7,18,300.5,0.01939737694518063,16,15.0,False
202509010504,17,15,130.8,0.013213649240701774,18,16.0,False
202509010504,15,14,77.9,0.045835879284103556,12,17.0,False
202509010504,9,9,18.3,0.07502477653191474,6,,False
202306050703,15,2,2.9,0.091630389444439,2,1.0,True
202306050703,9,4,6.6,0.05510397333615265,3,2.0,False
202306050703,1,1,2.7,0.18840369009943317,1,3.0,False
202306050703,6,5,12.2,0.050951641846225554,4,4.0,False
202306050703,13,7,48.5,0.014044254919042168,13,5.0,False
202306050703,2,10,117.0,0.034286142000771645,6,6.0,False
202306050703,3,3,5.8,0.042025260304142845,5,7.0,False
202306050703,4,15,339.7,0.02116793850365894,10,8.0,False
202306050703,16,6,15.0,0.02143478342727566,9,9.0,False
202306050703,7,9,106.2,0.012168370382743193,14,10.0,False
202306050703,10,11,232.6,0.005761515543125571,15,11.0,False
202306050703,5,13,273.9,0.016879103398871557,12,12.0,False
202306050703,12,8,69.6,0.03067559591483442,7,13.0,False
202306050703,8,14,291.7,0.024993320911731547,8,14.0,False
202306050703,11,16,609.6,0.005754191164291859,16,15.0,False
202306050703,14,12,234.7,0.01748204488236096,11,16.0,False
202106040310,3,3,5.5,0.1320800397086116,2,1.0,True
202106040310,11,1,3.1,0.1625308702958011,1,2.0,False
202106040310,9,5,7.6,0.09340046087596476,4,3.0,False
202106040310,6,9,29.8,0.037144736532567314,10,4.0,False
202106040310,7,6,12.2,0.08395533509529249,6,5.0,False
202106040310,1,11,48.6,0.02208426698475284,13,6.0,False
202106040310,4,8,23.2,0.08538557414197935,5,7.0,False
202106040310,13,2,5.4,0.08223942167254132,7,8.0,False
202106040310,14,4,7.3,0.12428742138316821,3,9.0,False
202106040310,5,10,33.0,0.03738695232977232,9,10.0,False
202106040310,2,7,21.5,0.0338325591129671,11,11.0,False
202106040310,10,12,49.0,0.07012979521258551,8,12.0,False
202106040310,8,13,69.1,0.01946419770250597,14,13.0,False
202106040310,12,14,96.8,0.02604887620920386,12,14.0,False
202506010307,7,11,35.3,0.09872868251713798,6,1.0,True
202506010307,16,14,154.6,0.0068110255561378025,15,2.0,False
202506010307,11,3,5.0,0.11223689591389559,5,3.0,False
202506010307,5,6,17.9,0.01543102697427397,12,4.0,False
202506010307,1,10,35.1,0.03734233608159386,9,5.0,False
202506010307,9,5,6.0,0.13466005565703829,3,6.0,False
202506010307,10,4,5.7,0.19767990032330304,2,7.0,False
202506010307,12,7,21.4,0.01602602398578257,10,8.0,False
202506010307,3,9,24.4,0.09386972646571362,7,9.0,False
202506010307,14,2,4.8,0.21019894763497432,1,10.0,False
202506010307,6,1,4.6,0.12164198080069014,4,11.0,False
202506010307,4,15,246.7,0.007244423297492616,14,12.0,False
202506010307,13,13,137.6,0.009257089698799455,13,13.0,False
202506010307,15,8,23.5,0.015440692283988115,11,14.0,False
202506010307,2,16,450.3,0.0013393476197724424,16,15.0,False
202506010307,8,12,37.0,0.062329112652571426,8,16.0,False
202109040109,7,5,6.5,0.0670047229238151,7,1.0,True
202109040109,4,6,22.2,0.22196877196837655,2,2.0,False
202109040109,3,7,27.8,0.04421945938914788,9,3.0,False
202109040109,10,3,4.7,0.09734047837720912,5,4.0,False
202109040109,5,1,3.4,0.11702493271025666,4,5.0,False
202109040109,2,2,4.0,0.08877364804107728,6,6.0,False
202109040109,1,8,37.9,0.20034807827097484,3,7.0,False
202109040109,8,4,6.0,0.2788745593730149,1,8.0,False
202109040109,9,9,90.2,0.06190390121667406,8,9.0,False
202109040109,6,10,121.4,0.028506397575400313,10,10.0,False
202401020501,1,2,3.3,0.2969377582853118,3,1.0,True
202401020501,3,1,1.2,0.3924556395190629,1,2.0,False
202401020501,4,3,15.0,0.3028933300462865,2,3.0,False
202401020501,5,5,22.4,0.09850283124528966,4,4.0,False
202401020501,7,4,22.1,0.025729912664794925,5,5.0,False
202401020501,6,7,122.4,0.012273974931292451,7,6.0,False
202401020501,2,6,114.0,0.024937083447190797,6,7.0,False
202507020103,12,2,2.9,0.21549205353043627,2,1.0,True
202507020103,11,1,1.6,0.27848359523993566,1,2.0,False
202507020103,9,3,11.7,0.18786990500135015,3,3.0,False
202507020103,14,5,23.3,0.14471426795999387,4,4.0,False
202507020103,10,8,59.8,0.027664755630188134,6,5.0,False
202507020103,5,4,22.9,0.014395269516579559,12,6.0,False
202507020103,8,6,32.6,0.017353426929510075,11,7.0,False
202507020103,2,16,240.3,0.011724254663536705,13,8.0,False
202507020103,4,10,78.1,0.011127238214055566,14,9.0,False
202507020103,6,11,94.4,0.022560467712023174,9,10.0,False
202507020103,13,9,69.0,0.004158447654598606,16,11.0,False
202507020103,16,13,141.9,0.022928926903099778,8,12.0,False
202507020103,15,15,155.5,0.007721211612621775,15,13.0,False
202507020103,3,7,36.5,0.07778843050159663,5,14.0,False
202507020103,7,14,147.1,0.02660264524510106,7,15.0,False
202507020103,1,12,100.4,0.021250297290798813,10,16.0,False
202407020203,5,2,4.0,0.21089601790624427,1,1.0,True
202407020203,4,14,161.6,0.008268093490996354,16,2.0,False
202407020203,12,3,5.3,0.09872417554125237,5,3.0,False
202407020203,13,12,69.8,0.027233628783398686,13,4.0,False
202407020203,7,11,50.1,0.05000819119173436,10,5.0,False
202407020203,2,10,41.5,0.06704134465002069,9,6.0,False
202407020203,1,7,14.6,0.09504193959558269,6,7.0,False
202407020203,3,8,29.6,0.08866358158736302,7,8.0,False
202407020203,8,5,9.5,0.15550796967529376,3,9.0,False
202407020203,16,6,9.7,0.12189794871504415,4,10.0,False
202407020203,11,4,6.9,0.03423378673694199,12,11.0,False
202407020203,10,1,4.0,0.1671690765046202,2,12.0,False
202407020203,17,16,225.5,0.008486653923240063,15,13.0,False
202407020203,6,13,109.6,0.022181095976147615,14,14.0,False
202407020203,14,9,38.3,0.08541652245921025,8,15.0,False
202407020203,15,18,572.7,0.0009444357173785577,18,16.0,False
202407020203,18,17,382.0,0.0030548490775915353,17,17.0,False
202407020203,9,15,168.5,0.04110281184368674,11,18.0,False
202504010201,15,2,5.3,0.07056827029316551,4,1.0,True
202504010201,4,3,6.3,0.13167990954186984,1,2.0,False
202504010201,8,5,7.4,0.038025696359767734,6,3.0,False
202504010201,2,10,48.6,0.003125998315473023,15,4.0,False
202504010201,13,11,119.9,0.033189863779298806,7,5.0,False
202504010201,9,12,163.4,0.011385552088972463,10,6.0,False
202504010201,11,9,47.9,0.007252387002720888,13,7.0,False
202504010201,5,6,8.0,0.010527834239292447,11,8.0,False
202504010201,6,4,7.1,0.1296302382042081,2,9.0,False
202504010201,16,14,167.4,0.008168811848293425,12,10.0,False
202504010201,7,7,12.0,0.0038839502914905463,14,11.0,False
202504010201,10,16,313.8,0.0013070068196742465,16,12.0,False
202504010201,12,13,164.9,0.012246353655082419,9,13.0,False
202504010201,1,8,20.0,0.04336142509196955,5,14.0,False
202504010201,3,15,212.0,0.019510772402162053,8,15.0,False
202504010201,14,1,4.3,0.08624779026657987,3,16.0,False
202307020107,2,4,6.2,0.06137332358502051,5,1.0,True
202307020107,10,7,35.2,0.056890454491876366,6,2.0,False
202307020107,9,1,2.9,0.10319205286400315,2,3.0,False
202307020107,8,2,3.9,0.10562015038640601,1,4.0,False
202307020107,7,10,92.4,0.03386347373693225,7,5.0,False
202307020107,6,5,6.2,0.06535549286675553,4,6.0,False
202307020107,5,9,73.2,0.018085054527903217,9,7.0,False
202307020107,4,6,25.1,0.012996409797295425,11,8.0,False
202307020107,3,3,4.3,0.07296368462193516,3,9.0,False
202307020107,1,8,61.3,0.028546783544809873,8,10.0,False
202307020107,11,11,244.0,0.014633545856468434,10,11.0,False
202205030208,5,5,8.5,0.25111390954181106,6,1.0,True
202205030208,2,9,41.6,0.20198558591728508,7,2.0,False
202205030208,9,1,4.1,0.4581719098057387,1,3.0,False
202205030208,7,10,65.6,0.03917992495589281,10,4.0,False
202205030208,8,7,21.4,0.07693822008986916,8,5.0,False
202205030208,6,4,5.0,0.39495052130782543,2,6.0,False
202205030208,13,6,11.1,0.26590022834164984,5,7.0,False
202205030208,12,2,4.1,0.34897625256231646,3,8.0,False
202205030208,4,3,4.2,0.31891260622278145,4,9.0,False
202205030208,3,8,32.9,0.057871628568919975,9,10.0,False
202205030208,10,11,180.7,0.012978071376861315,11,11.0,False
202205030208,11,12,550.5,0.007874830744515749,12,12.0,False
202205030208,1,13,580.3,0.000990808804231745,13,13.0,False
202307030708,4,1,2.4,0.3958551198174986,1,1.0,True
202307030708,11,10,70.0,0.011858552939702897,14,2.0,False
202307030708,9,7,44.5,0.1149022615951787,5,3.0,False
202307030708,1,4,7.4,0.14360353891189087,3,4.0,False
202307030708,10,2,3.5,0.14855864109640823,2,5.0,False
202307030708,13,3,5.2,0.11784042046563342,4,6.0,False
202307030708,3,6,26.1,0.10617299527216408,6,7.0,False
202307030708,5,8,45.6,0.050473514190462254,10,8.0,False
202307030708,7,9,47.7,0.018994682407346072,12,9.0,False
202307030708,6,5,12.8,0.0593115262265858,9,10.0,False
202307030708,14,13,96.9,0.047345900385666904,11,11.0,False
202307030708,2,14,247.7,0.01352980012904869,13,12.0,False
202307030708,8,11,82.0,0.07630670515582612,7,13.0,False
202307030708,12,12,92.2,0.061992312126114155,8,14.0,False
202102010110,5,10,42.0,0.03287390054348744,11,1.0,True
202102010110,3,5,11.1,0.09580250647760619,6,2.0,False
202102010110,2,4,8.2,0.17039422152662095,2,3.0,False
202102010110,11,2,4.4,0.19164871619965915,1,4.0,False
202102010110,4,1,3.1,0.14681304599268527,3,5.0,False
202102010110,12,8,20.2,0.04362592898645289,8,6.0,False
202102010110,1,7,15.3,0.0709110096716522,7,7.0,False
202102010110,8,12,157.9,0.037588242839947106,9,8.0,False
202102010110,6,13,238.4,0.022189010738444502,13,9.0,False
202102010110,10,11,150.6,0.02505412638141335,12,10.0,False
202102010110,9,9,26.4,0.03694547917612833,10,11.0,False
202102010110,7,6,12.4,0.10370469990952844,5,12.0,False
202102010110,13,3,4.4,0.10454720106961457,4,13.0,False
202206050712,3,6,10.1,0.062407339460928725,7,1.0,True
202206050712,2,4,9.3,0.10093494991992807,4,2.0,False
202206050712,7,3,4.7,0.15525018676036528,2,3.0,False
202206050712,5,2,4.7,0.12632592082672936,3,4.0,False
202206050712,10,1,2.7,0.22027775368987063,1,5.0,False
202206050712,8,5,9.9,0.07126646286321368,5,6.0,False
202206050712,1,8,48.6,0.05160143508570926,8,7.0,False
202206050712,11,9,77.8,0.03584161482783563,9,8.0,False
202206050712,6,12,240.0,0.009389274745235219,12,9.0,False
202206050712,14,10,79.9,0.010196243291609227,11,10.0,False
202206050712,13,7,10.7,0.06675229525241402,6,11.0,False
202206050712,4,13,370.0,0.006707100429344938,14,12.0,False
202206050712,9,14,402.4,0.007213646686760632,13,13.0,False
202206050712,12,11,90.1,0.013875954269512896,10,14.0,False
202010010611,2,14,77.4,0.049326356977792696,8,1.0,True
202010010611,12,5,10.9,0.014225719096984765,16,2.0,False
202010010611,7,13,27.5,0.04099590152980777,9,3.0,False
202010010611,15,1,3.6,0.11469529715246668,3,4.0,False
202010010611,6,16,90.3,0.017380372060619584,14,5.0,False
202010010611,1,15,90.2,0.0059267349655315335,18,6.0,False
202010010611,9,6,11.7,0.014290824025873427,15,7.0,False
202010010611,3,3,7.5,0.05707333026400386,6,8.0,False
202010010611,5,9,21.3,0.02099818799315157,12,9.0,False
202010010611,4,12,25.7,0.12134127728899931,2,10.0,False
202010010611,17,18,136.0,0.00990342034540279,17,11.0,False
202010010611,13,2,7.1,0.13938700417318403,1,12.0,False
202010010611,14,11,23.8,0.0776735358107904,5,13.0,False
202010010611,8,17,119.2,0.020011853653004598,13,14.0,False
202010010611,16,4,7.8,0.034333849856682426,11,15.0,False
202010010611,11,8,16.4,0.08888035093431305,4,16.0,False
202010010611,18,10,23.4,0.036713854201067604,10,17.0,False
202010010611,10,7,12.3,0.05097123510408965,7,18.0,False
202408050506,1,2,3.0,0.19665778092210967,4,1.0,True
202408050506,2,1,2.1,0.32587614389877706,1,2.0,False
202408050506,5,4,6.9,0.29950656509115114,2,3.0,False
202408050506,6,3,5.9,0.17630367464098873,5,4.0,False
202408050506,3,6,48.3,0.035512349391091456,6,5.0,False
202408050506,4,5,7.7,0.2044688010895748,3,6.0,False
202004030307,9,1,1.7,0.2653764957565085,1,1.0,True
202004030307,6,9,42.2,0.017567001851708657,11,2.0,False
202004030307,2,3,6.5,0.0765376953740523,2,3.0,False
202004030307,4,6,23.5,0.06824716016455074,3,4.0,False
202004030307,13,8,36.1,0.06751835470848586,4,5.0,False
202004030307,12,7,24.3,0.05022202726723319,6,6.0,False
202004030307,5,17,366.0,0.008764108662513126,14,7.0,False
202004030307,18,2,5.2,0.041309474058270804,7,8.0,False
202004030307,16,18,409.1,0.006641131035021027,17,9.0,False
202004030307,7,14,120.0,0.004912884283149869,18,10.0,False
202004030307,15,4,13.8,0.051546689545196,5,11.0,False
202004030307,3,5,20.9,0.02946438653326462,9,12.0,False
202004030307,10,13,119.6,0.009042023962676662,13,13.0,False
202004030307,11,10,69.8,0.007281351901402979,16,14.0,False
202004030307,17,16,262.1,0.010204955256144673,12,15.0,False
202004030307,8,11,92.3,0.03219507292104789,8,16.0,False
202004030307,1,15,139.9,0.007524449890184335,15,17.0,False
202004030307,14,12,99.9,0.01768319032265244,10,18.0,False
202109060610,6,5,11.1,0.0980313686779431,6,1.0,True
202109060610,3,1,3.4,0.13737233639073287,4,2.0,False
202109060610,11,2,4.8,0.09207868425050937,7,3.0,False
202109060610,4,3,5.3,0.32819429386059795,1,4.0,False
202109060610,1,8,13.2,0.14115905563463385,3,5.0,False
202109060610,15,11,53.9,0.028933718960997785,11,6.0,False
202109060610,2,6,11.9,0.12382861437527339,5,7.0,False
202109060610,14,9,25.6,0.056358564358707106,9,8.0,False
202109060610,8,12,75.6,0.020137504301682565,12,9.0,False
202109060610,7,13,109.0,0.01609216029654464,14,10.0,False
202109060610,9,7,12.4,0.14418048683796034,2,11.0,False
202109060610,13,4,8.0,0.0882003959241872,8,12.0,False
202109060610,5,14,382.2,0.0010085934717870956,15,13.0,False
202109060610,12,10,31.4,0.05041554436280231,10,14.0,False
202508040711,8,9,25.0,0.14318922630503814,5,1.0,True
202508040711,3,10,49.9,0.11422594959829253,7,2.0,False
202508040711,10,3,6.2,0.08978325436324262,10,3.0,False
202508040711,1,11,51.5,0.07131778992070643,11,4.0,False
202508040711,2,4,7.2,0.18348836072583047,2,5.0,False
202508040711,11,2,5.7,0.13953220003181152,6,6.0,False
202508040711,6,1,2.2,0.24231645921184047,1,7.0,False
202508040711,9,8,24.0,0.10210716131894883,9,8.0,False
202508040711,7,6,11.8,0.1446282102276553,4,9.0,False
202508040711,5,5,11.5,0.11253793083748258,8,10.0,False
202508040711,4,7,23.5,0.15815953423329987,3,11.0,False
202309040507,10,4,9.7,0.09314561500073096,4,1.0,True
202309040507,1,2,3.7,0.18226215747037447,2,2.0,False
202309040507,6,1,1.8,0.20982187680686318,1,3.0,False
202309040507,3,5,25.0,0.04737779790987204,6,4.0,False
202309040507,5,8,38.8,0.03532419056218734,9,5.0,False
202309040507,8,6,26.2,0.02226860725277881,10,6.0,False
202309040507,11,3,6.1,0.11350286754054797,3,7.0,False
202309040507,2,7,38.7,0.043412211204833955,8,8.0,False
202309040507,4,9,57.3,0.04506434654801891,7,9.0,False
202309040507,9,10,66.6,0.014100541724567267,11,10.0,False
202309040507,7,11,72.0,0.08506706208257073,5,11.0,False
202009020709,5,12,276.2,0.06702269385590802,6,1.0,True
202009020709,4,3,5.7,0.20868015169983703,1,2.0,False
202009020709,3,5,18.6,0.02978715466855643,7,3.0,False
202009020709,11,6,24.0,0.0721448834316321,5,4.0,False
202009020709,2,2,3.6,0.11690339994414602,3,5.0,False
202009020709,13,1,2.0,0.17616395002641277,2,6.0,False
202009020709,10,4,8.1,0.11253962159334849,4,7.0,False
202009020709,12,11,199.4,0.0020449424788024084,13,8.0,False
202009020709,9,7,30.6,0.022188256130058814,9,9.0,False
202009020709,8,9,70.2,0.014686981385434103,11,10.0,False
202009020709,6,8,37.0,0.024218213046072915,8,11.0,False
202009020709,7,10,162.2,0.0027520529677383366,12,12.0,False
202009020709,1,13,477.2,0.021772534614448592,10,13.0,False
202106020510,6,10,29.5,0.022129555294413475,9,1.0,True
202106020510,3,8,22.5,0.026446434990830887,8,2.0,False
202106020510,14,3,4.8,0.12441489396856811,4,3.0,False
202106020510,4,5,10.4,0.11872789403694385,5,4.0,False
202106020510,15,1,4.0,0.1256763355418765,3,5.0,False
202106020510,13,7,19.0,0.063639472283274,6,6.0,False
202106020510,12,4,5.1,0.13359559741719657,2,7.0,False
202106020510,1,2,4.6,0.1633461905051567,1,8.0,False
202106020510,10,13,80.0,0.021210068438207077,10,9.0,False
202106020510,2,14,85.1,0.01947031714239742,11,10.0,False
202106020510,5,11,61.9,0.018864892819097954,12,11.0,False
202106020510,8,12,67.9,0.008064142432385065,15,12.0,False
202106020510,11,9,28.4,0.010531135369814619,14,13.0,False
202106020510,9,15,136.6,0.030674157361994775,7,14.0,False
202106020510,7,6,14.9,0.012779153733731096,13,15.0,False
202003030212,6,16,111.7,0.018217933447824127,12,1.0,True
202003030212,11,1,3.7,0.16021194112720497,2,2.0,False
202003030212,2,8,15.4,0.07977902388503819,5,3.0,False
202003030212,14,5,8.6,0.04381917358788747,9,4.0,False
202003030212,12,4,7.7,0.14810869210857672,3,5.0,False
202003030212,9,3,7.1,0.05482482108604583,8,6.0,False
202003030212,1,2,5.2,0.1745259862557906,1,7.0,False
202003030212,4,9,16.2,0.02928150547325596,10,8.0,False
202003030212,8,7,13.8,0.07576335893828297,6,9.0,False
202003030212,7,6,13.5,0.006570752956366864,14,10.0,False
202003030212,16,14,81.8,0.01185863936114308,13,11.0,False
202003030212,10,11,37.4,0.0805069033093613,4,12.0,False
202003030212,5,15,99.1,0.018417397196137813,11,13.0,False
202003030212,15,10,23.2,0.06615291452897751,7,14.0,False
202003030212,3,12,52.3,0.006517996142764977,15,15.0,False
202003030212,13,13,69.0,0.002834276052567471,16,16.0,False
202406050409,9,2,4.4,0.13265195332713495,2,1.0,True
202406050409,1,5,7.3,0.11784220962586767,3,2.0,False
202406050409,15,4,7.2,0.05628289598234447,6,3.0,False
202406050409,5,13,83.9,0.03307836179810195,8,4.0,False
202406050409,7,9,39.0,0.015746179140523953,12,5.0,False
202406050409,12,12,61.0,0.01077855060072045,14,6.0,False
202406050409,8,15,217.3,0.010728449888179288,15,7.0,False
202406050409,11,11,49.3,0.03331110599840779,7,8.0,False
202406050409,3,3,5.4,0.06312699641040627,5,9.0,False
202406050409,2,7,19.6,0.025868456948570442,10,10.0,False
202406050409,16,6,12.2,0.07733371775964656,4,11.0,False
202406050409,10,10,42.6,0.029726761166711885,9,12.0,False
202406050409,4,14,112.2,0.019786471404815213,11,13.0,False
202406050409,14,8,32.1,0.011336227726081066,13,14.0,False
202406050409,6,1,3.4,0.1438477518281628,1,15.0,False
202406050409,13,16,413.4,0.003670500427179023,16,16.0,False
202202011105,11,6,12.8,0.06583704793472664,6,1.0,True
202202011105,2,3,6.0,0.1523616605100189,2,2.0,False
202202011105,15,10,21.8,0.04176486517862333,9,3.0,False
202202011105,5,9,21.8,0.013453806434719152,15,4.0,False
202202011105,4,11,52.1,0.02250342166400893,12,5.0,False
202202011105,12,5,7.6,0.10002590339087701,5,6.0,False
202202011105,6,1,3.8,0.1285185334556404,3,7.0,False
202202011105,3,14,67.0,0.02053311631195913,13,8.0,False
202202011105,16,8,19.5,0.030979360603412956,10,9.0,False
202202011105,9,7,14.6,0.04190929010769701,8,10.0,False
202202011105,13,13,65.4,0.015081827283192075,14,11.0,False
202202011105,7,4,7.4,0.17832267521057257,1,12.0,False
202202011105,8,16,136.3,0.010915143577190884,16,13.0,False
202202011105,14,15,133.5,0.05430394496931983,7,14.0,False
202202011105,10,12,58.4,0.023674338128668274,11,15.0,False
202202011105,1,2,5.2,0.101361716123646,4,16.0,False
202006030709,9,1,1.9,0.30976209411380523,1,1.0,True
202006030709,5,8,57.1,0.005597514065771006,9,2.0,False
202006030709,8,6,24.3,0.06970755485004852,5,3.0,False
202006030709,7,2,3.4,0.12931332566806902,3,4.0,False
202006030709,4,5,19.6,0.06155603065653962,6,5.0,False
202006030709,6,3,6.3,0.11352472955482457,4,6.0,False
202006030709,3,7,33.5,0.03639254913278227,7,7.0,False
202006030709,1,4,6.8,0.2519099198287013,2,8.0,False
202405020607,15,1,2.0,0.4406428220164893,2,1.0,True
202405020607,3,4,8.8,0.15554157692340154,4,2.0,False
202405020607,13,2,4.1,0.44325319800555435,1,3.0,False
202405020607,12,11,106.7,0.036743327709512635,9,4.0,False
202405020607,5,6,20.5,0.14239358021248308,5,5.0,False
202405020607,10,9,71.8,0.04484124181331458,7,6.0,False
202405020607,4,5,14.4,0.09555587115396531,6,7.0,False
202405020607,11,3,4.9,0.230412448823697,3,8.0,False
202405020607,1,10,86.9,0.03161903088501552,10,9.0,False
202405020607,14,13,379.6,0.011717705939473938,14,10.0,False
202405020607,7,8,66.5,0.026927340074998942,12,11.0,False
202405020607,6,14,467.2,0.009284913436835997,15,12.0,False
202405020607,8,7,36.9,0.029261153474790667,11,13.0,False
202405020607,2,12,205.6,0.039795097983142624,8,14.0,False
202405020607,9,15,619.6,0.014758224131743481,13,15.0,False
202410020802,14,1,2.7,0.10815955276075703,3,1.0,True
202410020802,4,3,5.1,0.21726038132134678,1,2.0,False
202410020802,12,4,5.2,0.04196896064838798,7,3.0,False
202410020802,3,2,3.9,0.18827801774052857,2,4.0,False
202410020802,1,11,57.1,0.02375162313604453,9,5.0,False
202410020802,9,7,31.8,0.022413456049652877,10,6.0,False
202410020802,11,5,12.7,0.0868538103182194,4,7.0,False
202410020802,7,9,48.0,0.008762857002519464,12,8.0,False
202410020802,2,10,48.1,0.024772972895243828,8,9.0,False
202410020802,13,6,28.2,0.0518153193977085,5,10.0,False
202410020802,10,12,83.4,0.04531496465246437,6,11.0,False
202410020802,6,8,36.0,0.01522116566467738,11,12.0,False
202410020802,8,14,308.6,0.0009204019899343329,14,13.0,False
202410020802,5,13,263.7,0.001470160772292706,13,14.0,False
202007010604,9,2,2.8,0.40026877776745307,2,1.0,True
202007010604,7,1,2.2,0.3203922764486135,3,2.0,False
202007010604,1,4,7.5,0.3077974646480614,4,3.0,False
202007010604,3,3,5.6,0.5245391596827429,1,4.0,False
202007010604,2,9,100.9,0.005140054384327186,14,5.0,False
202007010604,5,5,22.1,0.07190031883019768,5,6.0,False
202007010604,10,8,65.9,0.05731593098590769,6,7.0,False
202007010604,14,10,118.0,0.013597086392209285,10,8.0,False
202007010604,11,15,141.8,0.024356595489868266,9,9.0,False
202007010604,6,16,155.6,0.006457545843113439,13,10.0,False
202007010604,12,13,134.4,0.0019525785982346642,16,11.0,False
202007010604,8,11,120.7,0.0032384597820253004,15,12.0,False
202007010604,15,7,65.1,0.012524879367472002,11,13.0,False
202007010604,4,6,63.7,0.02980535725078174,7,14.0,False
202007010604,16,12,128.1,0.02954381648834832,8,15.0,False
202007010604,13,14,136.6,0.012032609775855452,12,16.0,False
202506030210,4,2,5.7,0.19954793511026897,1,1.0,True
202506030210,2,6,10.6,0.10467629545788402,4,2.0,False
202506030210,8,7,13.9,0.15518548777666996,3,3.0,False
202506030210,1,5,9.8,0.0909376776052567,6,4.0,False
202506030210,5,1,3.0,0.1724466725088939,2,5.0,False
202506030210,16,15,54.9,0.017569019696290464,15,6.0,False
202506030210,3,10,32.3,0.07401455611484674,7,7.0,False
202506030210,15,11,34.3,0.027344496263991904,14,8.0,False
202506030210,13,4,9.6,0.054559917518145574,10,9.0,False
202506030210,11,12,34.9,0.04654594380000817,12,10.0,False
202506030210,7,13,41.4,0.06746180110635154,8,11.0,False
202506030210,10,8,19.7,0.06231049720206521,9,12.0,False
202506030210,6,9,20.9,0.049876741410901294,11,13.0,False
202506030210,9,14,51.9,0.005593460780619911,16,14.0,False
202506030210,14,16,202.9,0.033822919576965975,13,15.0,False
202506030210,12,3,8.1,0.09628475484661717,5,16.0,False
202008040312,5,2,3.2,0.23631123172127363,2,1.0,True
202008040312,8,7,28.8,0.05212866962124273,6,2.0,False
202008040312,7,3,4.9,0.16138962931818646,4,3.0,False
202008040312,10,4,7.8,0.2076590036604646,3,4.0,False
202008040312,4,1,2.3,0.2645340472588571,1,5.0,False
202008040312,3,5,17.5,0.014253200739242891,9,6.0,False
202008040312,9,11,160.8,0.006994772060359258,10,7.0,False
202008040312,2,9,78.5,0.03730673882753438,7,8.0,False
202008040312,11,6,27.0,0.005026478045598153,11,9.0,False
202008040312,1,10,78.8,0.026978102462971502,8,10.0,False
202008040312,6,8,37.6,0.060598849925511726,5,11.0,False
202406010107,5,3,4.8,0.28150338364512895,1,1.0,True
202406010107,3,1,2.7,0.24912963414562478,2,2.0,False
202406010107,8,9,26.3,0.04656226095735463,10,3.0,False
202406010107,4,11,44.0,0.09080927536246947,7,4.0,False
202406010107,11,5,16.4,0.12034987537964695,5,5.0,False
202406010107,1,6,21.3,0.05302988074714428,9,6.0,False
202406010107,9,4,11.8,0.039896895184005784,11,7.0,False
202406010107,13,12,70.7,0.02405837954113591,12,8.0,False
202406010107,6,2,3.2,0.15928891150259858,3,9.0,False
202406010107,10,7,24.5,0.1373735958970453,4,10.0,False
202406010107,12,8,25.9,0.10660148969950982,6,11.0,False
202406010107,2,13,157.6,0.01792243887146627,13,12.0,False
202406010107,7,10,42.9,0.06560797777676862,8,13.0,False
202006020812,1,2,3.6,0.12432156162647762,2,1.0,True
202006020812,8,1,3.3,0.22674118924168565,1,2.0,False
202006020812,3,10,35.2,0.024588417953293955,8,3.0,False
202006020812,9,3,6.2,0.018143519038047975,10,4.0,False
202006020812,5,4,9.3,0.03569803013089491,4,5.0,False
202006020812,2,6,17.1,0.024701635269856262,7,6.0,False
202006020812,14,11,37.4,0.006599627769906202,15,7.0,False
202006020812,7,5,9.4,0.00452923608731229,16,8.0,False
202006020812,6,15,106.6,0.006945222756832216,14,9.0,False
202006020812,12,12,55.5,0.02090669600231561,9,10.0,False
202006020812,16,9,28.8,0.032775302434611846,6,11.0,False
202006020812,15,16,171.5,0.01657070395426114,11,12.0,False
202006020812,10,7,17.8,0.009946918500539068,12,13.0,False
202006020812,11,8,23.6,0.008582467023115874,13,14.0,False
202006020812,13,14,104.0,0.03663587716820066,3,15.0,False
202006020812,4,13,77.9,0.035191174393302466,5,16.0,False
202507040109,1,3,4.9,0.3318469814172992,2,1.0,True
202507040109,5,6,40.2,0.10757901472177357,5,2.0,False
202507040109,2,2,3.7,0.15093417984977647,3,3.0,False
202507040109,3,1,2.4,0.3545540925562685,1,4.0,False
202507040109,4,4,5.4,0.12291060790413522,4,5.0,False
202507040109,6,5,5.9,0.009338281424065857,6,6.0,False
202104050811,16,6,11.2,0.03362034529998904,8,1.0,True
202104050811,18,2,5.7,0.13915559736698957,1,2.0,False
202104050811,14,1,3.2,0.06261295978226217,6,3.0,False
202104050811,17,4,7.2,0.07108606075927786,3,4.0,False
202104050811,12,7,22.2,0.013278138026707636,14,5.0,False
202104050811,2,17,199.4,0.009158168039651323,15,6.0,False
202104050811,6,13,52.3,0.10789621603422285,2,7.0,False
202104050811,15,5,9.8,0.0655349687564284,5,8.0,False
202104050811,10,9,27.0,0.006491090891283173,17,9.0,False
202104050811,4,8,25.0,0.022349229036146927,10,10.0,False
202104050811,13,14,62.4,0.045927728526610465,7,11.0,False
202104050811,1,15,63.3,0.02539749825773056,9,12.0,False
202104050811,9,3,6.3,0.0690118350113668,4,13.0,False
202104050811,3,18,336.1,0.005948434665274442,18,14.0,False
202104050811,8,11,37.5,0.008803019193413945,16,15.0,False
202104050811,5,12,38.3,0.018929636548723573,12,16.0,False
202104050811,7,16,67.5,0.017360124919765532,13,17.0,False
202104050811,11,10,32.3,0.021239343890307495,11,18.0,False
202305040302,4,2,4.7,0.17601387790993867,2,1.0,True
202305040302,12,4,17.0,0.1353407089178262,3,2.0,False
202305040302,10,5,18.8,0.028243792589145125,6,3.0,False
202305040302,11,6,26.0,0.09385274854750382,4,4.0,False
202305040302,7,8,63.0,0.008835657945647578,12,5.0,False
202305040302,8,3,6.4,0.012785743118636332,11,6.0,False
202305040302,2,1,1.5,0.2658882382781631,1,7.0,False
202305040302,9,10,222.2,0.00491744418066696,13,8.0,False
202305040302,13,9,88.8,0.016652919269339716,9,9.0,False
202305040302,5,13,480.9,0.01710796740790993,8,10.0,False
202305040302,1,7,46.3,0.08850212820797021,5,11.0,False
202305040302,3,12,392.0,0.013339322212778911,10,12.0,False
202305040302,6,11,345.4,0.024198435235278384,7,13.0,False
202104030409,7,1,1.7,0.2535873331280213,1,1.0,True
202104030409,3,2,4.9,0.11069082061894679,2,2.0,False
202104030409,4,5,22.3,0.054024794155169566,7,3.0,False
202104030409,5,4,15.1,0.08293133687162058,3,4.0,False
202104030409,2,8,40.0,0.01033872522877885,14,5.0,False
202104030409,10,3,6.0,0.07522839585290905,4,6.0,False
202104030409,1,7,28.1,0.0729621980125041,5,7.0,False
202104030409,6,10,47.9,0.04239966310474015,8,8.0,False
202104030409,15,6,27.3,0.027215395757200774,9,9.0,False
202104030409,11,9,46.4,0.06905383817521038,6,10.0,False
202104030409,12,18,293.0,0.012424420904132864,13,11.0,False
202104030409,13,12,112.2,0.013452035508600914,12,12.0,False
202104030409,8,11,96.3,0.009650869918994963,17,13.0,False
202104030409,18,13,144.1,0.008519835780698537,18,14.0,False
202104030409,16,15,246.4,0.009809389889402102,16,15.0,False
202104030409,17,17,272.1,0.02071569478826499,11,16.0,False
202104030409,9,14,185.5,0.009818132024882825,15,17.0,False
202104030409,14,16,259.3,0.026600827650342457,10,18.0,False
202410020210,3,1,2.5,0.24578954513945134,1,1.0,True
202410020210,11,11,45.9,0.040328301553921336,7,2.0,False
202410020210,6,2,5.0,0.09999043192631707,3,3.0,False
202410020210,4,10,31.5,0.022143346900807374,11,4.0,False
202410020210,1,8,24.8,0.03833819380335082,9,5.0,False
202410020210,7,7,18.3,0.054506965240869294,4,6.0,False
202410020210,9,3,6.4,0.10806209306253918,2,7.0,False
202410020210,2,6,13.1,0.02953951523687828,10,8.0,False
202410020210,8,9,29.9,0.05174355896572783,5,9.0,False
202410020210,10,4,8.4,0.04467700205946391,6,10.0,False
202410020210,5,12,80.8,0.016586568724956355,12,11.0,False
202410020210,13,5,9.4,0.04002151703206181,8,12.0,False
202410020210,12,13,138.2,0.004985891277628649,13,13.0,False
202309030607,3,1,3.4,0.267753048187652,1,1.0,True
202309030607,6,3,5.0,0.1712232264640413,4,2.0,False
202309030607,10,5,8.8,0.0886251864314555,7,3.0,False
202309030607,12,12,53.3,0.09679859614479494,5,4.0,False
202309030607,13,6,11.5,0.24036994604685777,2,5.0,False
202309030607,7,9,41.5,0.07755028132600662,9,6.0,False
202309030607,4,11,49.4,0.02220906579632386,13,7.0,False
202309030607,9,8,38.3,0.08726896489683841,8,8.0,False
202309030607,11,2,4.7,0.2333987251833648,3,9.0,False
202309030607,8,4,5.4,0.09009178345088158,6,10.0,False
202309030607,5,10,48.5,0.040128663988712884,12,11.0,False
202309030607,1,7,18.0,0.05327969636946403,10,12.0,False
202309030607,2,13,148.5,0.04041856895479567,11,13.0,False
202005040412,1,1,2.9,0.38745627872562866,1,1.0,True
202005040412,14,7,18.2,0.08442451474397583,5,2.0,False
202005040412,15,3,6.4,0.07893940429164976,7,3.0,False
202005040412,10,6,18.0,0.17240158547924697,2,4.0,False
202005040412,5,5,13.4,0.1295648509343137,3,5.0,False
202005040412,6,4,8.3,0.1287697672414705,4,6.0,False
202005040412,12,11,41.8,0.01830729867913979,12,7.0,False
202005040412,3,14,109.1,0.03387917346105594,9,8.0,False
202005040412,13,10,40.2,0.007792777285617934,14,9.0,False
202005040412,8,13,107.2,0.018644497895410294,11,10.0,False
202005040412,9,2,3.3,0.017388445463399824,13,11.0,False
202005040412,2,15,168.5,0.0016722292378252208,15,12.0,False
202005040412,11,9,33.5,0.044380991518065904,8,13.0,False
202005040412,4,8,30.8,0.08029013832149233,6,14.0,False
202005040412,7,12,77.6,0.020864432322250506,10,15.0,False
202206030804,14,1,3.2,0.22336213664857363,3,1.0,True
202206030804,12,5,16.2,0.05593122157868094,6,2.0,False
202206030804,15,16,234.2,0.012517850446272225,12,3.0,False
202206030804,16,7,25.2,0.023777278126811855,9,4.0,False
202206030804,17,12,128.5,0.0010236576493334423,18,5.0,False
202206030804,18,9,64.4,0.04699330573380061,7,6.0,False
202206030804,1,2,3.6,0.31877092064364293,1,7.0,False
202206030804,3,4,7.1,0.14491739113394353,4,8.0,False
202206030804,8,17,323.1,0.0029976898489109415,17,9.0,False
202206030804,2,10,78.9,0.019431967841614075,11,10.0,False
202206030804,5,6,18.7,0.045126487719622715,8,11.0,False
202206030804,11,8,31.9,0.06727078372534913,5,12.0,False
202206030804,6,3,3.7,0.23868707785352045,2,13.0,False
202206030804,10,15,158.2,0.02166520330027797,10,14.0,False
202206030804,4,11,93.9,0.010057241268734333,13,15.0,False
202206030804,9,13,137.5,0.004324936770826785,16,16.0,False
202206030804,13,18,525.0,0.007191084286364042,14,17.0,False
202206030804,7,14,157.4,0.006038437752288702,15,18.0,False
202202010607,1,4,9.0,0.07544956796218512,3,1.0,True
202202010607,11,3,4.8,0.13323128117927027,2,2.0,False
202202010607,7,2,4.6,0.21215397856451906,1,3.0,False
202202010607,4,5,10.0,0.07129818883452255,4,4.0,False
202202010607,2,1,2.5,0.066291101898301,6,5.0,False
202202010607,8,6,14.0,0.053676819538753265,9,6.0,False
202202010607,9,7,14.9,0.06459913988873744,7,7.0,False
202202010607,12,8,18.1,0.0676002081159783,5,8.0,False
202202010607,3,11,127.2,0.015304507716988295,10,9.0,False
202202010607,5,9,66.0,0.015047879928151835,11,10.0,False
202202010607,10,10,118.8,0.05995691846421165,8,11.0,False
202202010607,6,12,131.5,0.00470502034380465,12,12.0,False
202509010306,1,1,2.0,0.3066250570182174,1,1.0,True
202509010306,6,4,5.2,0.1748130714180932,3,2.0,False
202509010306,4,2,4.1,0.19819541611031105,2,3.0,False
202509010306,5,5,20.4,0.02716095325716538,8,4.0,False
202509010306,2,3,5.1,0.05502509963539521,7,5.0,False
202509010306,8,7,53.4,0.07806516207422821,4,6.0,False
202509010306,7,8,60.6,0.018648334574688025,10,7.0,False
202509010306,3,9,190.7,0.07119455685984892,6,8.0,False
202509010306,10,6,26.2,0.07219968254419762,5,9.0,False
202509010306,9,10,204.5,0.020763627750183856,9,10.0,False
202509020811,4,2,3.8,0.15562759111019142,2,1.0,True
202509020811,1,3,3.9,0.08303216077161497,4,2.0,False
202509020811,6,9,33.5,0.04798607564126309,7,3.0,False
202509020811,3,4,7.8,0.06123273262204609,6,4.0,False
202509020811,10,6,22.2,0.04770950584713235,8,5.0,False
202509020811,2,7,26.9,0.07848721539055399,5,6.0,False
202509020811,5,5,9.8,0.028098092467640605,10,7.0,False
202509020811,7,1,2.9,0.1675995674257367,1,8.0,False
202509020811,9,8,29.3,0.08307077635930857,3,9.0,False
202509020811,11,10,52.7,0.029113001926482036,9,10.0,False
202509020811,8,11,87.3,0.0055641826575037676,11,11.0,False
202305030207,8,1,1.7,0.46788385762187334,1,1.0,True
202305030207,7,4,7.2,0.06847041007588091,4,2.0,False
202305030207,3,3,5.8,0.05747104441796045,5,3.0,False
202305030207,1,6,47.7,0.016893961485879478,8,4.0,False
202305030207,9,10,107.4,0.020700663811655785,7,5.0,False
202305030207,5,2,4.2,0.20106015040580694,2,6.0,False
202305030207,4,7,49.0,0.04800811674195887,6,7.0,False
202305030207,2,5,20.3,0.07417838600065085,3,8.0,False
202305030207,6,8,99.6,0.008262002212021688,10,9.0,False
202305030207,10,9,106.7,0.00968191458609503,9,10.0,False
202005010510,3,1,4.1,0.05614943434191792,7,1.0,True
202005010510,4,10,26.8,0.0983762856923035,4,2.0,False
202005010510,14,4,8.0,0.047734624011938495,8,3.0,False
202005010510,10,3,5.7,0.16876364112808287,2,4.0,False
202005010510,12,6,12.4,0.045791034538071325,9,5.0,False
202005010510,7,14,61.3,0.02736084187057506,13,6.0,False
202005010510,6,12,28.4,0.030117356986227754,12,7.0,False
202005010510,1,8,23.0,0.03611330076532847,11,8.0,False
202005010510,13,11,27.9,0.019161893269258285,14,9.0,False
202005010510,2,5,12.3,0.05818356999010933,6,10.0,False
202005010510,15,7,13.3,0.1390974603566669,3,11.0,False
202005010510,11,13,33.2,0.007536717709161539,16,12.0,False
202005010510,9,2,4.5,0.245661629661746,1,13.0,False
202005010510,8,9,25.2,0.06392944560860955,5,14.0,False
202005010510,16,15,63.9,0.008683684685769792,15,15.0,False
202005010510,5,16,227.2,0.04094204970847869,10,16.0,False
202003030107,6,5,8.4,0.21397241724474939,1,1.0,True
202003030107,10,10,22.1,0.07228165996768565,6,2.0,False
202003030107,2,6,10.6,0.13889045742661055,3,3.0,False
202003030107,4,1,4.3,0.096977628453001,5,4.0,False
202003030107,3,9,19.0,0.017421351046520043,12,5.0,False
202003030107,13,12,81.0,0.026543904872924427,10,6.0,False
202003030107,7,4,6.7,0.04144631562295986,8,7.0,False
202003030107,9,2,5.1,0.10007602841385445,4,8.0,False
202003030107,14,8,18.0,0.03702333152505569,9,9.0,False
202003030107,12,3,5.2,0.18886913922523907,2,10.0,False
202003030107,8,13,231.7,0.0028507091100369265,14,11.0,False
202003030107,5,7,13.1,0.04926268654157959,7,12.0,False
202003030107,1,14,288.0,0.014628361428904734,13,13.0,False
202003030107,11,11,35.1,0.01956532860689226,11,14.0,False
202109040707,3,3,4.7,0.27268975045222477,2,1.0,True
202109040707,1,2,2.9,0.20706274240926037,3,2.0,False
202109040707,4,4,5.7,0.1525727928448021,4,3.0,False
202109040707,2,1,2.6,0.3347894324424854,1,4.0,False
202109040707,5,5,13.8,0.12119104353061246,5,5.0,False
202109040707,7,7,39.0,0.05635110764708614,6,6.0,False
202109040707,6,6,18.0,0.022286638678287982,7,7.0,False
202207050303,14,1,2.2,0.11476192489995192,8,1.0,True
202207050303,5,2,4.9,0.26729534760549356,2,2.0,False
202207050303,11,7,35.0,0.2108998618382145,5,3.0,False
202207050303,12,11,104.1,0.06005917974827193,12,4.0,False
202207050303,8,4,6.5,0.23479836603927093,4,5.0,False
202207050303,9,3,5.3,0.5024648197521263,1,6.0,False
202207050303,10,5,17.8,0.25632000597285265,3,7.0,False
202207050303,7,8,50.4,0.07918326387202798,10,8.0,False
202207050303,2,12,114.4,0.03510851176871962,14,9.0,False
202207050303,3,10,78.0,0.13651654793479018,6,10.0,False
202207050303,4,9,61.3,0.12087205370834256,7,11.0,False
202207050303,6,6,29.4,0.06442338178293405,11,12.0,False
202207050303,13,14,258.1,0.09671885675856562,9,13.0,False
202207050303,1,13,117.9,0.03898447284608427,13,14.0,False
202202010811,3,4,6.3,0.0464868450613691,4,1.0,True
202202010811,9,1,4.8,0.05585077431995669,3,2.0,False
202202010811,2,10,49.5,0.016786948715911357,10,3.0,False
202202010811,6,3,6.1,0.043312974570064174,5,4.0,False
202202010811,10,2,5.2,0.0734021366837611,1,5.0,False
202202010811,11,8,24.4,0.032970144177612945,7,6.0,False
202202010811,5,5,6.8,0.02468772727337218,9,7.0,False
202202010811,7,6,7.4,0.03888313652935538,6,8.0,False
202202010811,12,12,65.3,0.01183246745551155,11,9.0,False
202202010811,1,9,34.3,0.030537040129069184,8,10.0,False
202202010811,4,11,63.0,0.005303375204321178,12,11.0,False
202202010811,8,7,7.5,0.06710658139018659,2,12.0,False
202207030510,2,2,5.4,0.1100895564566598,5,1.0,True
202207030510,7,7,17.3,0.05660952740531675,9,2.0,False
202207030510,3,8,28.3,0.04682414419880793,10,3.0,False
202207030510,10,1,1.9,0.42882293469706595,1,4.0,False
202207030510,5,3,7.1,0.05983245045926394,8,5.0,False
202207030510,8,4,8.5,0.07001768519881943,7,6.0,False
202207030510,6,5,11.4,0.15288354182983116,3,7.0,False
202207030510,1,6,12.5,0.2192486130609565,2,8.0,False
202207030510,9,10,112.8,0.09410325016767651,6,9.0,False
202207030510,4,9,29.7,0.1361155691615132,4,10.0,False
202006010505,2,1,1.3,0.03701693394403754,9,1.0,True
202006010505,6,5,17.0,0.02789688116036515,11,2.0,False
202006010505,9,7,29.4,0.1765015571071132,1,3.0,False
202006010505,11,8,33.6,0.061712285047563355,5,4.0,False
202006010505,4,6,23.2,0.06050971895115427,6,5.0,False
202006010505,7,4,16.6,0.07435747113503118,2,6.0,False
202006010505,12,10,88.8,0.026764295364330913,12,7.0,False
202006010505,13,13,148.8,0.021957237405324105,15,8.0,False
202006010505,3,9,75.9,0.02591693970498823,13,9.0,False
202006010505,8,3,15.7,0.06419183633465679,4,10.0,False
202006010505,1,11,110.0,0.06750560724913303,3,11.0,False
202006010505,10,12,121.2,0.025163231502031525,14,12.0,False
202006010505,14,2,7.1,0.03621980949068662,10,13.0,False
202006010505,15,15,406.6,0.04487300350153382,7,14.0,False
202006010505,5,14,197.5,0.04348437808214744,8,15.0,False
202309040403,1,5,9.2,0.09330694356343147,6,1.0,True
202309040403,7,1,2.8,0.14440304402650558,4,2.0,False
202309040403,2,4,8.0,0.13481892992733785,5,3.0,False
202309040403,10,7,16.1,0.044000112222527914,9,4.0,False
202309040403,13,3,4.9,0.17499357477872135,2,5.0,False
202309040403,4,2,4.7,0.3856516604964906,1,6.0,False
202309040403,3,8,22.9,0.14807144391366933,3,7.0,False
202309040403,9,6,15.7,0.019291200703717582,12,8.0,False
202309040403,6,10,117.8,0.07722349780557948,7,9.0,False
202309040403,5,11,141.7,0.05023338472433944,8,10.0,False
202309040403,11,9,97.5,0.03705567696893112,10,11.0,False
202309040403,12,12,238.9,0.019667983441977836,11,12.0,False
202309040403,8,13,386.6,0.0016305118087667006,13,13.0,False
202510011110,8,2,5.9,0.10911176442341743,2,1.0,True
202510011110,14,1,2.4,0.051544095453366655,4,2.0,False
202510011110,18,7,17.6,0.04298781021017373,5,3.0,False
202510011110,6,8,26.3,0.018678400018166355,12,4.0,False
202510011110,11,4,9.4,0.07482215251024135,3,5.0,False
202510011110,13,5,14.2,0.039818145025161206,6,6.0,False
202510011110,15,6,15.1,0.0353109613003844,7,7.0,False
202510011110,12,17,93.9,0.008252882397038303,18,8.0,False
202510011110,16,10,29.0,0.018949402182586388,11,9.0,False
202510011110,9,9,28.8,0.025174286981858345,8,10.0,False
202510011110,7,11,33.8,0.025116724231250817,9,11.0,False
202510011110,10,15,71.1,0.021553662849973475,10,12.0,False
202510011110,17,13,44.6,0.017130532147124296,13,13.0,False
202510011110,4,3,7.4,0.11293632266512202,1,14.0,False
202510011110,3,16,87.2,0.011740954844768059,15,15.0,False
202510011110,1,14,59.2,0.00995651256904451,16,16.0,False
202510011110,5,18,249.2,0.008637432663168744,17,17.0,False
202510011110,2,12,38.9,0.013726988699970475,14,18.0,False
202205040512,14,2,5.9,0.19655647296577577,1,1.0,True
202205040512,8,7,14.0,0.09234404858483766,5,2.0,False
202205040512,17,13,36.1,0.05358751745143194,11,3.0,False
202205040512,12,1,3.5,0.16580145620798628,2,4.0,False
202205040512,15,4,8.7,0.08045822549667023,7,5.0,False
202205040512,6,12,34.9,0.07026747666748732,9,6.0,False
202205040512,9,8,17.2,0.04100322471699488,13,7.0,False
202205040512,18,6,10.6,0.11425490964413787,4,8.0,False
202205040512,2,3,6.5,0.11764112409562064,3,9.0,False
202205040512,10,18,238.1,0.009640188959416738,17,10.0,False
202205040512,5,14,56.1,0.027718882773074917,14,11.0,False
202205040512,11,9,27.4,0.04834293814466626,12,12.0,False
202205040512,1,5,9.4,0.06657460337099326,10,13.0,False
202205040512,16,10,28.6,0.0845831155380285,6,14.0,False
202205040512,13,11,31.1,0.015495148663686098,15,15.0,False
202205040512,7,17,194.8,0.005495113876882997,18,16.0,False
202205040512,3,16,165.2,0.07508373431368104,8,17.0,False
202205040512,4,15,131.1,0.01270704338530586,16,18.0,False
202506050409,12,3,7.0,0.14159931246723687,4,1.0,True
202506050409,3,6,12.5,0.03716647644817924,9,2.0,False
202506050409,6,4,10.1,0.08670713543576068,6,3.0,False
202506050409,8,5,10.1,0.07421130164806491,7,4.0,False
202506050409,9,1,2.2,0.23396324827132403,1,5.0,False
202506050409,7,8,18.8,0.10001041081331105,5,6.0,False
202506050409,4,9,44.7,0.011640143076874472,11,7.0,False
202506050409,2,10,56.0,0.02067291873813209,10,8.0,False
202506050409,10,2,4.6,0.19921701957003643,2,9.0,False
202506050409,5,12,168.2,0.010625603023755096,12,10.0,False
202506050409,1,11,74.7,0.045845068832578446,8,11.0,False
202506050409,11,7,17.1,0.1859108129081357,3,12.0,False
202410010610,4,2,5.5,0.06515854548562533,3,1.0,True
202410010610,9,7,18.3,0.04730006243626548,4,2.0,False
202410010610,8,3,5.9,0.027309568023050436,7,3.0,False
202410010610,1,5,11.0,0.04668622499450714,5,4.0,False
202410010610,10,6,13.9,0.02517881825796024,8,5.0,False
202410010610,3,13,96.1,0.01646411698827855,10,6.0,False
202410010610,7,8,38.1,0.029603088457185758,6,7.0,False
202410010610,5,4,6.6,0.06669501169312461,2,8.0,False
202410010610,11,11,70.6,0.011720606613934821,13,9.0,False
202410010610,14,10,45.6,0.008271991174741613,15,10.0,False
202410010610,2,14,137.2,0.010652165959896487,14,11.0,False
202410010610,12,9,39.5,0.02409752830471285,9,12.0,False
202410010610,15,1,2.4,0.08273967467751006,1,13.0,False
202410010610,6,12,84.4,0.015936295110432642,11,14.0,False
202410010610,13,15,142.2,0.014748171198490076,12,15.0,False
202410010610,16,16,166.2,0.006630245475732045,16,16.0,False
202406020706,1,6,18.0,0.07157711138092104,6,1.0,True
202406020706,7,1,2.1,0.21189222049745232,1,2.0,False
202406020706,8,5,14.6,0.02345792858764531,8,3.0,False
202406020706,9,4,13.2,0.10575261621609877,5,4.0,False
202406020706,6,8,182.3,0.03464465431904996,7,5.0,False
202406020706,5,2,2.9,0.1996212045115759,2,6.0,False
202406020706,4,7,18.5,0.1190409022945613,3,7.0,False
202406020706,3,3,5.4,0.11847406512507373,4,8.0,False
202406020706,2,9,558.5,0.021950747398185158,9,9.0,False
202408060203,2,6,22.7,0.17719353085995987,5,1.0,True
202408060203,1,4,6.2,0.22198685784754302,4,2.0,False
202408060203,6,2,4.8,0.4643000390058213,1,3.0,False
202408060203,7,5,20.0,0.08157508455975165,7,4.0,False
202408060203,3,1,1.8,0.31093379036944774,3,5.0,False
202408060203,8,8,36.8,0.053220351011940524,8,6.0,False
202408060203,5,7,25.0,0.1613938655716418,6,7.0,False
202408060203,4,3,5.3,0.42194450092910096,2,,False
202206050211,15,7,15.1,0.03946548494932275,10,1.0,True
202206050211,11,2,6.4,0.04593644544958556,6,2.0,False
202206050211,6,3,8.5,0.02690560352987115,12,3.0,False
202206050211,10,12,39.0,0.044855918611187706,7,4.0,False
202206050211,16,11,30.3,0.020071526313228845,13,5.0,False
202206050211,4,10,27.8,0.03934443910283101,11,6.0,False
202206050211,7,8,20.3,0.0519041766217872,5,7.0,False
202206050211,14,13,79.6,0.04003380193334483,9,8.0,False
202206050211,13,1,2.2,0.06947474976920251,2,9.0,False
202206050211,12,9,23.8,0.06155098614957422,4,10.0,False
202206050211,1,14,88.3,0.01431329993318637,14,11.0,False
202206050211,8,15,123.7,0.006769459854230503,15,12.0,False
202206050211,3,5,11.8,0.043466830038303504,8,13.0,False
202206050211,5,16,200.6,0.0035768240703950285,16,14.0,False
202206050211,9,4,11.1,0.0651676103129727,3,15.0,False
202206050211,2,6,12.9,0.07353544633792836,1,16.0,False
202110030404,6,1,3.9,0.12590301619977948,2,1.0,True
202110030404,5,3,4.9,0.1157641628097264,3,2.0,False
202110030404,7,2,4.2,0.16391131477514032,1,3.0,False
202110030404,4,9,27.9,0.027487984775044886,11,4.0,False
202110030404,16,10,32.1,0.029237283356808447,10,5.0,False
202110030404,9,7,20.8,0.041352504460332236,7,6.0,False
202110030404,13,4,5.8,0.08364341969057452,5,7.0,False
202110030404,11,11,46.1,0.03459135780058934,9,8.0,False
202110030404,14,5,9.0,0.041846861599214774,6,9.0,False
202110030404,1,8,24.4,0.10771839895731629,4,10.0,False
202110030404,8,14,105.1,0.010818054376507737,13,11.0,False
202110030404,15,15,167.1,0.0011516970413112757,16,12.0,False
202110030404,2,16,348.3,0.004405101715664586,15,13.0,False
202110030404,12,13,103.9,0.018027383480445094,12,14.0,False
202110030404,10,6,18.8,0.038771201766523766,8,15.0,False
202110030404,3,12,61.3,0.00695850037644758,14,16.0,False
202406050211,9,1,4.5,0.10544208824000487,4,1.0,True
202406050211,3,5,7.2,0.039176384907761264,10,2.0,False
202406050211,7,3,5.4,0.1287818448725674,2,3.0,False
202406050211,1,8,18.2,0.11284731012005647,3,4.0,False
202406050211,6,12,48.6,0.0415662050185326,9,5.0,False
202406050211,14,4,6.1,0.06481561043095568,6,6.0,False
202406050211,4,11,30.9,0.020160914894330757,13,7.0,False
202406050211,2,2,5.1,0.13958493101221756,1,8.0,False
202406050211,10,7,16.6,0.05717187994598858,7,9.0,False
202406050211,8,13,83.5,0.05373955020019868,8,10.0,False
202406050211,5,6,14.0,0.036397002450110655,11,11.0,False
202406050211,11,10,27.2,0.028919563849040597,12,12.0,False
202406050211,16,14,105.6,0.009368678061472725,16,13.0,False
202406050211,12,15,185.7,0.010880568405577292,15,14.0,False
202406050211,15,16,362.9,0.012191599358284988,14,15.0,False
202406050211,13,9,21.5,0.0801760180748717,5,16.0,False
202006030706,11,3,5.9,0.28124470069384844,1,1.0,True
202006030706,6,4,11.0,0.15204828123342926,3,2.0,False
202006030706,4,6,16.8,0.05549587152001782,9,3.0,False
202006030706,9,5,15.9,0.06366339896521774,7,4.0,False
202006030706,13,1,2.1,0.19325145642934993,2,5.0,False
202006030706,7,2,5.1,0.10536941074047251,4,6.0,False
202006030706,5,12,53.9,0.07879743243732748,5,7.0,False
202006030706,1,14,113.1,0.0032748045294990757,15,8.0,False
202006030706,8,8,22.5,0.01214452907467841,14,9.0,False
202006030706,15,7,17.1,0.07408339824314882,6,10.0,False
202006030706,14,10,33.1,0.06140487663116582,8,11.0,False
202006030706,2,13,111.8,0.018978108229835408,12,12.0,False
202006030706,10,9,32.2,0.015969644493506508,13,13.0,False
202006030706,12,11,47.7,0.01919794018767302,11,14.0,False
202209010105,3,2,2.3,0.30571750213392745,1,1.0,True
202209010105,7,1,2.3,0.26487959943625183,3,2.0,False
202209010105,1,7,27.5,0.09685878191690121,6,3.0,False
202209010105,6,3,10.1,0.30057621846219473,2,4.0,False
202209010105,5,4,13.8,0.07968837779666457,7,5.0,False
202209010105,12,5,14.9,0.1809815926511072,4,6.0,False
202209010105,8,8,51.1,0.09892483809613196,5,7.0,False
202209010105,2,9,61.4,0.052448709984719864,8,8.0,False
202209010105,13,10,63.2,0.015508729642780316,11,9.0,False
202209010105,4,13,320.8,0.007943467557857855,13,10.0,False
202209010105,10,12,88.9,0.008755752979403985,12,11.0,False
202209010105,11,11,88.8,0.021889064743366562,10,12.0,False
202209010105,9,6,23.6,0.04464301368047165,9,13.0,False
202001010411,1,11,43.7,0.10554983442060119,4,1.0,True
202001010411,9,4,6.6,0.17730626185077397,2,2.0,False
202001010411,2,1,3.3,0.025210720647974656,11,3.0,False
202001010411,14,9,32.7,0.011416620255734661,13,4.0,False
202001010411,6,5,16.2,0.04704280874279105,7,5.0,False
202001010411,8,2,3.6,0.12502504026763425,3,6.0,False
202001010411,10,6,16.8,0.0403927708951569,8,7.0,False
202001010411,3,10,37.1,0.05467732039082017,6,8.0,False
202001010411,13,7,17.6,0.21110341150807654,1,9.0,False
202001010411,7,3,5.3,0.033524961148218256,10,10.0,False
202001010411,5,13,48.2,0.018659200335773958,12,11.0,False
202001010411,12,12,44.5,0.03678565700683107,9,12.0,False
202001010411,4,8,31.9,0.07831842030210472,5,13.0,False
202001010411,11,14,84.5,0.0032494127833152505,14,14.0,False
202409020109,3,4,6.5,0.1929663328807123,3,1.0,True
202409020109,6,1,2.9,0.15913604754064598,5,2.0,False
202409020109,1,5,8.2,0.24067568305666237,2,3.0,False
202409020109,4,6,14.1,0.06906210307759701,7,4.0,False
202409020109,7,7,18.6,0.15644757004165674,6,5.0,False
202409020109,5,3,4.8,0.17181723010688743,4,6.0,False
202409020109,2,2,3.2,0.36792489475500434,1,,False
202505040109,6,10,78.7,0.032259553178723546,11,1.0,True
202505040109,2,4,10.6,0.04602475848927894,8,2.0,False
202505040109,1,1,1.7,0.34825796817524685,1,3.0,False
202505040109,7,6,16.0,0.17449274686730362,2,4.0,False
202505040109,11,9,77.8,0.04338862485334558,9,5.0,False
202505040109,10,3,7.9,0.16705786629245178,3,6.0,False
202505040109,8,2,5.3,0.11515924325251252,4,7.0,False
202505040109,5,5,12.0,0.08060104426330111,6,8.0,False
202505040109,9,11,92.9,0.01856406875740341,12,9.0,False
202505040109,3,8,69.1,0.052559690276296644,7,10.0,False
202505040109,4,7,16.7,0.09656066451385487,5,11.0,False
202505040109,12,12,302.4,0.0384602793794196,10,12.0,False
202406050709,11,3,5.0,0.08907469104795733,2,1.0,True
202406050709,8,2,4.2,0.05612097582232893,3,2.0,False
202406050709,14,15,236.2,0.014687778946818924,9,3.0,False
202406050709,7,1,3.2,0.13169644928474913,1,4.0,False
202406050709,2,5,8.5,0.04968282926215488,4,5.0,False
202406050709,13,6,11.9,0.04797351315156276,5,6.0,False
202406050709,5,10,78.0,0.0025815470344042676,18,7.0,False
202406050709,18,7,22.0,0.01297860852044632,12,8.0,False
202406050709,6,4,7.0,0.03978660447441,7,9.0,False
202406050709,4,11,87.3,0.01418022480468823,11,10.0,False
202406050709,1,14,188.8,0.003656851748743401,17,11.0,False
202406050709,16,12,124.2,0.005774750717198235,14,12.0,False
202406050709,3,9,36.3,0.020895805393344694,8,13.0,False
202406050709,9,13,150.4,0.007527772390935456,13,14.0,False
202406050709,10,8,29.2,0.046331910747385505,6,15.0,False
202406050709,15,18,605.6,0.005393610062795094,15,16.0,False
202406050709,12,17,380.8,0.0037784312459007803,16,17.0,False
202406050709,17,16,358.6,0.014445080312434935,10,18.0,False
202110040411,17,5,8.8,0.08868945220674299,3,1.0,True
202110040411,6,4,8.3,0.11997185132597588,1,2.0,False
202110040411,12,2,5.8,0.023912203262320998,11,3.0,False
202110040411,9,6,9.1,0.015635267533473166,14,4.0,False
202110040411,14,9,24.3,0.015126641163955814,15,5.0,False
202110040411,1,12,37.8,0.015962803658133753,13,6.0,False
202110040411,7,1,4.3,0.05162793203372873,5,7.0,False
202110040411,16,11,34.7,0.04989563470620723,6,8.0,False
202110040411,2,8,13.7,0.04642538086614684,7,9.0,False
202110040411,18,7,10.5,0.09817882832562334,2,10.0,False
202110040411,8,16,104.5,0.027458705231011987,10,11.0,False
202110040411,4,10,33.2,0.032804079056211924,8,12.0,False
202110040411,10,14,72.2,0.012494489341398223,16,13.0,False
202110040411,11,3,7.2,0.06829949093610856,4,14.0,False
202110040411,3,17,108.9,0.028666338057025353,9,15.0,False
202110040411,15,13,45.5,0.01011819003063365,18,16.0,False
202110040411,13,15,92.0,0.018720334358122637,12,17.0,False
202110040411,5,18,115.9,0.011313009090787016,17,18.0,False
202004020312,15,5,11.2,0.014110211135081199,12,1.0,True
202004020312,10,10,22.2,0.0022445385163055898,17,2.0,False
202004020312,4,8,17.8,0.10658084144717149,2,3.0,False
202004020312,16,4,7.7,0.059566289314230546,4,4.0,False
202004020312,13,12,27.1,0.01595023346163394,10,5.0,False
202004020312,12,3,7.2,0.01771311088777621,7,6.0,False
202004020312,18,2,5.3,0.008733408589847204,14,7.0,False
202004020312,6,1,4.1,0.12728091748106493,1,8.0,False
202004020312,11,13,30.4,0.016968112190910985,9,9.0,False
202004020312,2,11,22.9,0.017240862229686765,8,10.0,False
202004020312,14,14,46.1,0.0038378359989621356,16,11.0,False
202004020312,17,9,19.8,0.059568516599957856,3,12.0,False
202004020312,8,17,96.0,0.00999430294764231,13,13.0,False
202004020312,5,15,65.6,0.04970486008706801,5,14.0,False
202004020312,1,7,16.4,0.006426442559058062,15,15.0,False
202004020312,9,6,13.8,0.01487135792873436,11,16.0,False
202004020312,3,16,72.2,0.0011563935362792863,18,17.0,False
202004020312,7,18,109.1,0.03482410121609588,6,18.0,False
202407020501,5,1,2.1,0.20569219403725958,3,1.0,True
202407020501,7,3,7.4,0.08229377385327509,6,2.0,False
202407020501,8,5,12.5,0.03754999324963864,8,3.0,False
202407020501,9,2,2.6,0.2194284145137058,2,4.0,False
202407020501,6,6,15.9,0.24449905986089399,1,5.0,False
202407020501,1,4,8.4,0.15043094982882416,4,6.0,False
202407020501,2,9,315.3,0.03885664365916961,7,7.0,False
202407020501,4,7,78.3,0.11871504023632945,5,8.0,False
202407020501,3,8,116.5,0.029800647807563842,9,9.0,False
202410030510,15,1,3.1,0.19052053900865135,1,1.0,True
202410030510,12,11,28.1,0.014554799154772084,12,2.0,False
202410030510,1,10,24.8,0.06499334904070567,5,3.0,False
202410030510,6,5,8.9,0.0751540962316945,3,4.0,False
202410030510,10,2,5.7,0.09107886615953588,2,5.0,False
202410030510,7,8,16.5,0.07231607117973456,4,6.0,False
202410030510,4,4,8.4,0.055721903342899906,6,7.0,False
202410030510,3,9,22.7,0.028455568313947452,10,8.0,False
202410030510,11,6,13.1,0.04364748608541638,8,9.0,False
202410030510,5,3,6.3,0.04703779361006965,7,10.0,False
202410030510,14,14,114.4,0.023865870514951894,11,11.0,False
202410030510,13,13,65.7,0.005231664963491295,14,12.0,False
202410030510,9,7,15.5,0.03477159404701225,9,13.0,False
202410030510,8,12,50.6,0.013788227412308758,13,14.0,False
202410030510,2,15,321.7,0.004401618028423861,15,15.0,False
202501010710,9,2,5.2,0.1243927382209814,3,1.0,True
202501010710,13,8,18.1,0.02202417878881686,10,2.0,False
202501010710,12,4,6.3,0.14315734679055342,1,3.0,False
202501010710,8,1,3.8,0.08985779658205022,4,4.0,False
202501010710,7,6,7.7,0.08153740530429468,5,5.0,False
202501010710,10,7,14.4,0.028843535104072976,9,6.0,False
202501010710,6,9,24.2,0.0216130567672197,11,7.0,False
202501010710,2,3,5.6,0.0703306873890944,6,8.0,False
202501010710,4,10,62.5,0.02131325022096472,12,9.0,False
202501010710,11,11,88.6,0.04674747193781079,7,10.0,False
202501010710,5,5,7.6,0.1405900656262299,2,11.0,False
202501010710,1,12,92.8,0.03069127895976286,8,12.0,False
202501010710,3,13,229.3,0.019459423222855505,13,13.0,False
202503010611,13,3,11.0,0.09095824402192672,1,1.0,True
202503010611,1,7,15.4,0.03305193494756781,10,2.0,False
202503010611,14,12,46.9,0.028235168079792754,13,3.0,False
202503010611,4,2,7.8,0.09085096177001084,2,4.0,False
202503010611,11,9,18.7,0.08571276885119787,3,5.0,False
202503010611,8,8,17.1,0.04613933333177021,6,6.0,False
202503010611,3,11,36.1,0.03417263323616483,9,7.0,False
202503010611,16,10,19.0,0.04488449548355897,7,8.0,False
202503010611,2,6,14.2,0.029248365787692097,11,9.0,False
202503010611,15,14,89.2,0.035954245948088,8,10.0,False
202503010611,12,5,13.5,0.028958852778046874,12,11.0,False
202503010611,10,1,2.0,0.07775450977645683,4,12.0,False
202503010611,9,4,11.7,0.07608501645081672,5,13.0,False
202503010611,6,16,178.3,0.013392937376299673,14,14.0,False
202503010611,7,13,55.2,0.008617816951524634,15,15.0,False
202503010611,5,15,132.3,0.002556235921676775,16,16.0,False
202305050209,4,3,4.1,0.17393442863312225,3,1.0,True
202305050209,7,4,10.4,0.11052009707032331,7,2.0,False
202305050209,5,2,3.5,0.13963186160671623,6,3.0,False
202305050209,6,1,2.6,0.4399734765180216,1,4.0,False
202305050209,2,7,27.0,0.0769092750156994,8,5.0,False
202305050209,9,6,21.4,0.15404451620087567,4,6.0,False
202305050209,1,8,50.2,0.14339351829113398,5,7.0,False
202305050209,3,5,11.4,0.2689849931870562,2,8.0,False
202305050209,8,9,239.5,0.043091505820875224,9,9.0,False
202309040607,12,1,2.7,0.1403979618613923,5,1.0,True
202309040607,3,5,8.0,0.08956867544559284,9,2.0,False
202309040607,8,4,7.8,0.10209565854526584,6,3.0,False
202309040607,6,3,7.3,0.19337959787865958,3,4.0,False
202309040607,2,6,13.0,0.22759765698187212,1,5.0,False
202309040607,4,9,30.4,0.08959257845269634,8,6.0,False
202309040607,5,2,4.2,0.15486535254260397,4,7.0,False
202309040607,9,7,15.3,0.20916213249224788,2,8.0,False
202309040607,1,8,20.5,0.08134967333957237,11,9.0,False
202309040607,11,11,88.1,0.056228667462076165,12,10.0,False
202309040607,14,12,116.6,0.04785826240033168,13,11.0,False
202309040607,13,10,53.7,0.08826975879187576,10,12.0,False
202309040607,7,13,197.6,0.014739731776671804,14,13.0,False
202301020310,2,3,6.2,0.13729273154658514,2,1.0,True
202301020310,4,1,2.1,0.26287858325540875,1,2.0,False
202301020310,16,5,13.1,0.07232499198981877,5,3.0,False
202301020310,1,8,27.3,0.02089722376358565,12,4.0,False
202301020310,13,2,4.2,0.09003993611628645,3,5.0,False
202301020310,11,9,32.1,0.054068039656724146,7,6.0,False
202301020310,7,4,10.5,0.030288522965422764,10,7.0,False
202301020310,9,7,25.7,0.059877789486219114,6,8.0,False
202301020310,14,10,45.6,0.024934754096557692,11,9.0,False
202301020310,10,6,20.9,0.050425288268093234,9,10.0,False
202301020310,12,12,129.0,0.05156077210295355,8,11.0,False
202301020310,5,14,294.5,0.01957418999709914,13,12.0,False
202301020310,15,13,159.7,0.016382993306618236,14,13.0,False
202301020310,8,15,448.7,0.0043021947756219665,15,14.0,False
202301020310,6,11,113.7,0.07515526127626168,4,15.0,False
202301020310,3,16,501.2,0.001730476676579264,16,16.0,False
202302010101,1,5,7.4,0.19461158186476998,2,1.0,True
202302010101,12,6,14.3,0.1352168077440152,5,2.0,False
202302010101,2,2,4.6,0.17513671335417957,3,3.0,False
202302010101,11,4,6.5,0.15771724282879687,4,4.0,False
202302010101,8,9,44.6,0.01094394208252642,14,5.0,False
202302010101,14,12,77.1,0.02940496914013467,11,6.0,False
202302010101,6,1,2.8,0.3026378074249574,1,7.0,False
202302010101,10,15,128.2,0.12817548377201662,6,8.0,False
202302010101,4,3,5.9,0.07576001434409213,7,9.0,False
202302010101,5,10,49.2,0.01972185739858665,13,10.0,False
202302010101,9,16,224.2,0.022407018789285423,12,11.0,False
202302010101,13,11,61.6,0.042200233112043524,9,12.0,False
202302010101,16,13,85.1,0.010906419430378938,15,13.0,False
202302010101,15,8,43.9,0.03301020649816669,10,14.0,False
202302010101,7,14,93.0,0.003976914252315692,16,15.0,False
202302010101,3,7,40.5,0.04456326400299176,8,16.0,False
202304010705,7,2,3.1,0.09700695470029254,2,1.0,True
202304010705,9,11,110.4,0.0066999031925052835,11,2.0,False
202304010705,1,3,4.6,0.06257572823985501,3,3.0,False
202304010705,12,4,6.5,0.05829310343130683,5,4.0,False
202304010705,2,1,2.4,0.22682221021132165,1,5.0,False
202304010705,13,7,48.5,0.009563171538775159,10,6.0,False
202304010705,8,5,18.8,0.059488586944164035,4,7.0,False
202304010705,11,12,131.7,0.03624409623602547,6,8.0,False
202304010705,14,8,53.2,0.0008755347715062899,14,9.0,False
202304010705,3,14,224.8,0.011328120567056484,9,10.0,False
202304010705,10,10,104.9,0.0017116414723333997,13,11.0,False
202304010705,4,9,91.7,0.014934566510383331,8,12.0,False
202304010705,6,6,43.6,0.027467507776892986,7,13.0,False
202304010705,5,13,214.1,0.0035303061229028277,12,14.0,False
202205021010,11,1,4.1,0.1782876324643666,3,1.0,True
202205021010,14,9,22.8,0.10375378962929982,8,2.0,False
202205021010,8,5,8.1,0.16355896865624067,4,3.0,False
202205021010,4,6,9.7,0.16156090173072732,5,4.0,False
202205021010,7,4,7.1,0.14538301240370166,6,4.0,False
202205021010,6,8,14.8,0.0784657399522696,9,6.0,False
202205021010,17,3,5.4,0.28431655137639483,1,7.0,False
202205021010,5,2,5.0,0.2428331023389521,2,8.0,False
202205021010,16,13,98.1,0.009388909357705333,17,9.0,False
202205021010,2,7,14.0,0.11783066662670254,7,10.0,False
202205021010,10,12,85.3,0.06348917532869994,10,11.0,False
202205021010,1,15,141.4,0.01030237169628851,16,12.0,False
202205021010,15,11,75.3,0.01450741843939295,15,13.0,False
202205021010,9,17,244.9,0.015581505167164224,14,14.0,False
202205021010,12,10,47.1,0.04474955273319218,11,15.0,False
202205021010,13,14,126.1,0.03309305462960692,12,16.0,False
202205021010,3,16,155.1,0.03245322118593696,13,17.0,False
202101010504,12,5,12.1,0.05003118333091565,5,1.0,True
202101010504,7,6,20.6,0.021680543331330102,7,2.0,False
202101010504,6,3,7.3,0.1520227229353042,3,3.0,False
202101010504,4,2,3.0,0.20312629651721922,1,4.0,False
202101010504,1,1,2.1,0.17897337357520934,2,5.0,False
202101010504,5,9,64.0,0.01039523572388621,9,6.0,False
202101010504,10,7,32.7,0.01200112607493336,8,7.0,False
202101010504,13,8,35.8,0.0076124408352886445,10,8.0,False
202101010504,3,4,10.8,0.061563729274605614,4,9.0,False
202101010504,9,11,161.9,0.0013203965295918785,13,10.0,False
202101010504,2,13,370.2,0.0018421867757062638,12,11.0,False
202101010504,14,12,330.0,0.0009101634642241936,14,12.0,False
202101010504,11,10,87.9,0.006943493047332424,11,13.0,False
202101010504,8,14,458.9,0.02594448402873519,6,14.0,False
202201010103,12,2,2.5,0.39462408847215014,1,1.0,True
202201010103,1,5,15.4,0.040286052301868616,8,2.0,False
202201010103,4,11,173.9,0.04133084147535061,7,3.0,False
202201010103,13,10,103.6,0.016311641525727085,10,4.0,False
202201010103,11,9,75.2,0.005544413099303529,14,5.0,False
202201010103,6,6,20.5,0.03480778933630957,9,6.0,False
202201010103,7,1,2.4,0.1580546655368443,3,7.0,False
202201010103,14,12,247.5,0.006476574940809138,12,8.0,False
202201010103,9,8,36.8,0.11554696719061976,4,9.0,False
202201010103,10,4,13.3,0.06474540428436983,5,10.0,False
202201010103,2,3,6.0,0.17660471193358726,2,11.0,False
202201010103,5,7,21.8,0.04296339690018569,6,12.0,False
202201010103,8,14,369.3,0.013446073238899686,11,13.0,False
202201010103,3,13,295.3,0.006117126851552356,13,14.0,False
202205040902,6,4,10.9,0.13457400819544046,4,1.0,True
202205040902,10,8,58.4,0.07242699026164888,5,2.0,False
202205040902,5,1,2.2,0.3795508151658465,1,3.0,False
202205040902,9,2,2.7,0.2033886565250607,2,4.0,False
202205040902,2,9,58.9,0.06654840216755013,7,5.0,False
202205040902,4,5,17.3,0.13824931718572434,3,6.0,False
202205040902,1,10,334.2,0.007111997030344076,10,7.0,False
202205040902,8,3,8.5,0.03293160706713838,8,8.0,False
202205040902,3,7,36.7,0.01034938640647103,9,9.0,False
202205040902,7,6,23.5,0.06808236940968865,6,10.0,False
202008030810,6,8,11.9,0.012023895774770556,14,1.0,True
202008030810,5,4,7.7,0.09642956916837281,1,2.0,False
202008030810,8,6,9.9,0.030819649487626864,7,3.0,False
202008030810,1,10,19.0,0.05290957193518746,3,4.0,False
202008030810,10,9,13.4,0.03873442665248733,5,5.0,False
202008030810,4,3,7.2,0.015113429605098526,11,6.0,False
202008030810,9,1,4.8,0.013543262235688367,12,7.0,False
202008030810,7,12,38.5,0.018221690708307082,9,8.0,False
202008030810,2,15,142.9,0.01309341525424854,13,9.0,False
202008030810,3,13,42.9,0.010664100278142772,15,10.0,False
202008030810,15,2,6.0,0.0623179395960719,2,11.0,False
202008030810,13,14,65.7,0.031131570023992174,6,12.0,False
202008030810,14,7,10.7,0.041940656912117284,4,12.0,False
202008030810,12,5,9.1,0.02445611825852914,8,14.0,False
202008030810,11,11,37.1,0.01780123330483333,10,15.0,False
202110040201,2,4,12.9,0.3321364533738518,1,1.0,True
202110040201,1,5,13.4,0.3158199047880343,2,2.0,False
202110040201,8,2,3.7,0.09621241676931254,6,3.0,False
202110040201,7,3,3.7,0.27897788963032133,4,4.0,False
202110040201,9,8,83.6,0.00158083771257475,9,5.0,False
202110040201,3,6,15.8,0.1442216695538931,5,6.0,False
202110040201,6,9,102.0,0.08246577255039078,7,7.0,False
202110040201,5,1,2.6,0.3084940234500063,3,8.0,False
202110040201,4,7,29.8,0.07410617453934411,8,9.0,False
202003010306,6,8,28.8,0.04055797192211089,11,1.0,True
202003010306,8,3,5.0,0.1411900705830102,1,2.0,False
202003010306,2,7,22.7,0.021907981798629766,13,3.0,False
202003010306,5,12,53.2,0.010757626261424994,15,4.0,False
202003010306,11,5,11.9,0.07291200959952465,7,5.0,False
202003010306,13,1,3.1,0.11882230969926112,3,6.0,False
202003010306,4,9,32.4,0.08505009450117516,5,7.0,False
202003010306,1,2,4.1,0.13567481111223584,2,8.0,False
202003010306,7,6,12.8,0.041810817391515306,9,9.0,False
202003010306,16,13,89.3,0.0518018488880922,8,10.0,False
202003010306,9,15,177.8,0.11097391794958184,4,11.0,False
202003010306,10,10,39.3,0.022341451899611064,12,12.0,False
202003010306,3,11,40.4,0.04146830793996952,10,13.0,False
202003010306,15,16,449.7,0.004318964380452714,16,14.0,False
202003010306,12,14,135.3,0.07834456756466912,6,15.0,False
202003010306,14,4,7.6,0.016851192685141753,14,16.0,False
202205030204,9,2,3.7,0.1607261227781789,2,1.0,True
202205030204,3,1,3.2,0.26247234179737283,1,2.0,False
202205030204,8,4,4.9,0.1552349979597297,3,3.0,False
202205030204,10,5,7.1,0.06245142682347469,7,4.0,False
202205030204,6,7,33.8,0.008217289209902624,9,5.0,False
202205030204,4,3,4.3,0.15119248846501457,4,6.0,False
202205030204,1,6,16.8,0.1055481140553692,6,7.0,False
202205030204,7,8,112.6,0.039177227307998726,8,8.0,False
202205030204,5,9,142.6,0.12586117959815052,5,9.0,False
202205030204,2,10,231.6,0.0010772963979507762,10,10.0,False
202301010311,12,2,4.7,0.16618034571093135,2,1.0,True
202301010311,11,11,35.3,0.05398011989011766,10,2.0,False
202301010311,1,4,7.7,0.08850579515107283,5,3.0,False
202301010311,9,14,71.3,0.0435479713851358,15,4.0,False
202301010311,15,6,14.8,0.060884610280859654,9,5.0,False
202301010311,4,15,79.3,0.04942499534120786,13,6.0,False
202301010311,7,1,3.6,0.18935738519596304,1,7.0,False
202301010311,13,13,56.4,0.053469144707215914,11,8.0,False
202301010311,10,10,21.3,0.07661554651939073,6,9.0,False
202301010311,5,12,35.6,0.10253828694401722,3,10.0,False
202301010311,16,3,7.2,0.052278203856213394,12,11.0,False
202301010311,3,7,18.2,0.06329655115452895,8,12.0,False
202301010311,6,9,19.2,0.06459333783815173,7,13.0,False
202301010311,2,5,8.2,0.09886580844907343,4,14.0,False
202301010311,8,8,19.1,0.046296311982450954,14,15.0,False
202301010311,14,16,217.7,0.008507692969030988,16,16.0,False
202101010601,9,3,5.1,0.12873211901729129,4,1.0,True
202101010601,11,1,3.2,0.13722984528672205,3,2.0,False
202101010601,13,7,19.8,0.08429247181389671,6,3.0,False
202101010601,5,8,19.8,0.01282397839981176,14,4.0,False
202101010601,6,6,17.5,0.030987531116344193,10,5.0,False
202101010601,12,4,7.5,0.10560500412968704,5,6.0,False
202101010601,2,13,58.3,0.019040073974137848,12,7.0,False
202101010601,7,2,3.8,0.15106702292164387,2,8.0,False
202101010601,14,10,51.9,0.026152611083024756,11,9.0,False
202101010601,1,12,56.5,0.07564425856083697,7,10.0,False
202101010601,10,5,14.7,0.03903067373967897,9,11.0,False
202101010601,8,14,75.7,0.00979297455903381,15,12.0,False
202101010601,3,16,153.3,0.01574481334504691,13,13.0,False
202101010601,4,9,30.1,0.18873185931531725,1,14.0,False
202101010601,15,11,55.4,0.041118172529185815,8,15.0,False
202101010601,16,15,107.3,0.006459575844810566,16,16.0,False
202308010610,8,2,3.7,0.33564230116625476,1,1.0,True
202308010610,1,7,11.0,0.16835055803391236,6,2.0,False
202308010610,9,3,5.0,0.2663714572312316,2,3.0,False
202308010610,2,4,6.3,0.21534720050578415,4,4.0,False
202308010610,5,1,3.6,0.23758338289945413,3,5.0,False
202308010610,4,6,9.2,0.20749162474474192,5,6.0,False
202308010610,7,8,44.8,0.01930510346620987,9,7.0,False
202308010610,6,9,75.5,0.024725853396841375,8,8.0,False
202308010610,3,5,8.4,0.08672451070730475,7,9.0,False
202305020407,5,2,3.2,0.1864339518925644,3,1.0,True
202305020407,8,1,3.0,0.22284316572915375,2,2.0,False
202305020407,3,5,6.8,0.10158837660116571,5,3.0,False
202305020407,6,3,3.8,0.2544962248497962,1,4.0,False
202305020407,1,8,133.5,0.014967772769039284,7,5.0,False
202305020407,4,4,6.0,0.14868510609703867,4,6.0,False
202305020407,2,6,32.4,0.03494477083843708,6,7.0,False
202305020407,7,7,65.1,0.009052201287603524,8,8.0,False
202506010405,16,3,8.1,0.13331867426029076,4,1.0,True
202506010405,13,6,12.5,0.056455493802143236,8,2.0,False
202506010405,11,2,3.1,0.234143730475293,2,3.0,False
202506010405,10,7,22.8,0.019452602502685854,12,4.0,False
202506010405,2,12,103.1,0.018109481429911728,13,5.0,False
202506010405,17,5,8.3,0.15048907730480826,3,6.0,False
202506010405,1,11,79.2,0.01331502257006696,16,7.0,False
202506010405,12,1,3.0,0.12058531309688127,6,8.0,False
202506010405,4,10,49.7,0.08452365623803755,7,9.0,False
202506010405,14,4,8.2,0.24988474309227518,1,10.0,False
202506010405,5,8,33.7,0.1319971271823481,5,11.0,False
202506010405,9,14,276.3,0.015586251356691535,14,12.0,False
202506010405,15,18,472.7,0.003635332184056232,18,13.0,False
202506010405,7,16,415.6,0.015441772697683962,15,14.0,False
202506010405,3,15,386.0,0.024224812106523826,10,15.0,False
202506010405,6,9,35.7,0.02234751937064272,11,16.0,False
202506010405,8,17,455.3,0.01064415009670968,17,17.0,False
202506010405,18,13,113.8,0.024998582228056673,9,18.0,False
202005021208,5,1,1.9,0.32674680046887145,1,1.0,True
202005021208,4,9,54.9,0.048684969767815944,11,2.0,False
202005021208,9,2,3.8,0.2763595656461494,2,3.0,False
202005021208,2,3,5.8,0.11695482126067239,7,4.0,False
202005021208,8,10,59.4,0.08253717713563263,10,5.0,False
202005021208,1,7,21.8,0.12955821062608935,6,6.0,False
202005021208,10,5,16.9,0.22691146500137133,3,7.0,False
202005021208,3,4,14.1,0.14411486694517484,5,8.0,False
202005021208,6,8,42.7,0.16395933162563334,4,9.0,False
202005021208,12,6,19.1,0.10818390999227344,8,10.0,False
202005021208,11,12,144.5,0.0878555477835161,9,11.0,False
202005021208,7,11,111.7,0.04380365984756064,12,12.0,False
202408050610,1,1,2.6,0.15138696007332997,2,1.0,True
202408050610,9,6,14.2,0.07724141173841471,6,2.0,False
202408050610,16,4,8.6,0.09816979759667674,4,3.0,False
202408050610,10,2,4.3,0.22680968121191902,1,4.0,False
202408050610,14,11,70.6,0.02100006173916588,14,5.0,False
202408050610,13,10,67.8,0.04862143312958449,10,6.0,False
202408050610,17,15,110.2,0.01263868120849779,16,7.0,False
202408050610,6,5,10.8,0.07269786616298721,9,8.0,False
202408050610,12,3,6.5,0.13689778755452847,3,9.0,False
202408050610,8,9,52.4,0.07515889184011965,8,10.0,False
202408050610,2,7,33.2,0.07584948440073642,7,11.0,False
202408050610,3,12,83.7,0.027757767986613665,13,12.0,False
202408050610,4,13,87.0,0.08460021299470984,5,13.0,False
202408050610,15,16,209.8,0.03607936177046563,12,14.0,False
202408050610,11,8,48.0,0.04772858324782797,11,15.0,False
202408050610,7,14,87.6,0.016926567040616344,15,16.0,False
202408050610,5,17,245.1,0.0037854919408791144,17,17.0,False
202508020810,7,2,3.9,0.1279352517109665,2,1.0,True
202508020810,6,1,3.8,0.16654223943824203,1,2.0,False
202508020810,5,7,15.4,0.094929458549783,5,3.0,False
202508020810,10,6,11.1,0.059915993895651595,7,4.0,False
202508020810,8,11,67.8,0.030118341131994752,8,5.0,False
202508020810,11,9,39.1,0.024189854493704893,9,6.0,False
202508020810,3,4,6.3,0.10659953890201453,4,7.0,False
202508020810,1,10,46.2,0.023116395628644343,10,8.0,False
202508020810,12,5,7.0,0.06616891171821415,6,9.0,False
202508020810,4,3,5.2,0.11942835541977391,3,10.0,False
202508020810,9,8,38.1,0.01984975409626512,11,11.0,False
202508020810,2,12,225.8,0.0046184741165392505,12,12.0,False
202001010207,4,1,1.4,0.36419182661870264,1,1.0,True
202001010207,7,8,27.6,0.050736855547557094,5,2.0,False
202001010207,9,3,10.2,0.0355157873338252,8,3.0,False
202001010207,2,5,16.1,0.04995837411401057,6,4.0,False
202001010207,1,6,17.6,0.04286664564778449,7,5.0,False
202001010207,6,4,14.9,0.09460821342425065,3,6.0,False
202001010207,8,2,6.3,0.1472815393743124,2,7.0,False
202001010207,5,9,68.5,0.0038167191873898503,9,8.0,False
202001010207,3,7,18.4,0.07318069280767654,4,9.0,False
202501010609,7,1,1.4,0.28002652318007076,1,1.0,True
202501010609,6,5,13.1,0.11677971611964297,4,2.0,False
202501010609,8,6,34.7,0.04302024912478663,7,3.0,False
202501010609,4,7,63.3,0.042278529248806845,8,4.0,False
202501010609,1,2,6.1,0.24167751451673333,2,5.0,False
202501010609,5,4,9.9,0.13249221788907695,3,6.0,False
202501010609,3,3,6.2,0.11500385984061767,5,7.0,False
202501010609,9,9,254.8,0.01611934093630762,9,8.0,False
202501010609,2,8,119.3,0.04616744636794903,6,9.0,False
202207010711,3,1,2.0,0.2866435681885958,2,1.0,True
202207010711,6,5,10.8,0.22502589273922033,4,2.0,False
202207010711,1,4,5.2,0.22166629204301103,5,3.0,False
202207010711,5,2,4.0,0.29853823102797045,1,4.0,False
202207010711,4,3,5.0,0.24626639170794354,3,5.0,False
202207010711,2,6,29.8,0.07736154310920419,6,6.0,False
202207010711,7,7,87.7,0.028350956798383193,7,7.0,False
202509020610,1,1,2.4,0.2529133940376555,2,1.0,True
202509020610,5,4,9.0,0.09297594621020179,6,2.0,False
202509020610,4,8,38.5,0.04957260193367451,7,3.0,False
202509020610,2,6,15.0,0.12323947230504434,5,4.0,False
202509020610,6,10,64.9,0.03185686458735702,9,5.0,False
202509020610,3,2,2.7,0.4323760661305747,1,6.0,False
202509020610,9,3,8.6,0.12676633540169396,3,7.0,False
202509020610,10,5,14.6,0.030367196492360915,10,8.0,False
202509020610,11,11,215.5,0.007996824053447772,11,9.0,False
202509020610,7,7,18.3,0.03571036182050703,8,10.0,False
202509020610,8,9,52.9,0.12572870350509757,4,11.0,False
202305040408,13,5,14.5,0.027780571843592,11,1.0,True
202305040408,3,3,4.3,0.1442619949015361,2,2.0,False
202305040408,7,1,3.6,0.10797129328607134,3,3.0,False
202305040408,14,2,3.6,0.17705045200792718,1,4.0,False
202305040408,16,6,14.6,0.05285138663678364,7,5.0,False
202305040408,6,7,25.1,0.07303223303138622,6,6.0,False
202305040408,8,9,37.9,0.017675505138287535,13,7.0,False
202305040408,12,14,124.8,0.026695562243044525,12,8.0,False
202305040408,9,4,6.4,0.07531049969018462,5,9.0,False
202305040408,17,13,86.5,0.029467879202780725,9,10.0,False
202305040408,10,11,53.3,0.03642552028849512,8,11.0,False
202305040408,11,12,74.3,0.013524014107949496,14,12.0,False
202305040408,15,15,184.2,0.009909021479353339,15,13.0,False
202305040408,2,16,186.4,0.028635393154582744,10,14.0,False
202305040408,18,8,34.3,0.1020874031730044,4,15.0,False
202305040408,4,10,46.4,0.006255565597422539,17,16.0,False
202305040408,1,18,384.4,0.006350801272057323,16,17.0,False
202305040408,5,17,349.7,0.0030469476554973577,18,18.0,False
202401010511,8,6,8.4,0.06325680529352219,5,1.0,True
202401010511,9,4,7.1,0.0934752623626442,2,2.0,False
202401010511,5,2,5.0,0.12773995926131093,1,3.0,False
202401010511,4,11,106.0,0.009291085880073657,12,4.0,False
202401010511,6,7,13.7,0.031044264846895944,10,5.0,False
202401010511,7,8,15.7,0.052492113055406395,6,6.0,False
202401010511,10,3,5.4,0.042051752918104826,8,7.0,False
202401010511,2,10,27.5,0.039260260970449636,9,8.0,False
202401010511,12,9,22.2,0.04364925269710399,7,9.0,False
202401010511,11,1,3.9,0.08148374520400933,4,10.0,False
202401010511,1,12,148.3,0.01526299722310929,11,11.0,False
202401010511,3,5,7.7,0.09204348010911159,3,12.0,False
202401010508,1,2,3.6,0.08016305472041646,5,1.0,True
202401010508,2,7,28.6,0.1107231302595465,3,2.0,False
202401010508,4,1,2.2,0.16943341368754625,2,3.0,False
202401010508,13,3,4.1,0.2872838253763451,1,4.0,False
202401010508,9,5,17.2,0.0755751203393587,6,5.0,False
202401010508,11,8,61.8,0.0375842833108522,9,6.0,False
202401010508,10,4,10.2,0.0689953370570322,7,7.0,False
202401010508,3,6,23.0,0.09843572660121729,4,8.0,False
202401010508,5,13,234.3,0.005153110951572859,12,9.0,False
202401010508,8,9,62.2,0.03819229339596821,8,10.0,False
202401010508,7,12,193.9,0.006988949231674184,11,11.0,False
202401010508,6,11,121.0,0.002459540486878793,13,12.0,False
202401010508,12,10,118.3,0.01082824531926589,10,13.0,False
202310020106,16,1,4.0,0.11634528335645167,4,1.0,True
202310020106,14,2,4.2,0.08364760996256448,5,2.0,False
202310020106,8,4,6.8,0.13970011232365678,3,3.0,False
202310020106,3,12,83.6,0.010725852059448532,14,4.0,False
202310020106,13,5,7.8,0.031173838261109685,10,5.0,False
202310020106,10,9,37.7,0.022361364753973892,11,6.0,False
202310020106,11,7,13.6,0.03735819737285915,8,7.0,False
202310020106,18,17,319.5,0.004539935375362045,16,8.0,False
202310020106,15,18,438.3,0.007290278052739525,15,9.0,False
202310020106,17,10,50.7,0.02067035001158113,12,10.0,False
202310020106,9,13,108.6,0.004034932945616936,17,11.0,False
202310020106,7,11,82.4,0.05963322370284421,6,12.0,False
202310020106,5,16,211.1,0.0036659143907875748,18,13.0,False
202310020106,6,15,172.0,0.013108994315374864,13,14.0,False
202310020106,2,3,5.4,0.16023484785265663,1,15.0,False
202310020106,1,14,117.8,0.03827609636573627,7,16.0,False
202310020106,12,8,25.6,0.14908071503352774,2,17.0,False
202310020106,4,6,10.7,0.03305501133706041,9,18.0,False
202309050903,9,1,1.7,0.31416086938467,1,1.0,True
202309050903,6,9,74.1,0.013616265535382022,10,2.0,False
202309050903,3,2,5.8,0.12093672756824371,4,3.0,False
202309050903,4,3,9.5,0.14173621920814494,2,4.0,False
202309050903,5,5,13.4,0.09996180694775492,5,5.0,False
202309050903,10,6,15.9,0.13093139215461605,3,6.0,False
202309050903,2,8,31.4,0.009460387318109205,13,7.0,False
202309050903,14,4,13.2,0.07485880659997589,6,8.0,False
202309050903,8,12,540.4,0.009791445528956968,12,9.0,False
202309050903,11,10,97.5,0.011439175532135009,11,10.0,False
202309050903,7,11,290.9,0.005600038313447338,14,11.0,False
202309050903,13,7,22.2,0.049235764547165106,7,12.0,False
202309050903,12,13,763.3,0.021452745530973778,9,13.0,False
202309050903,1,14,940.5,0.02217163970196372,8,14.0,False
202101020608,9,6,16.2,0.09997272509223837,5,1.0,True
202101020608,12,2,6.2,0.2014641399785083,2,2.0,False
202101020608,4,3,6.4,0.028918150659653728,10,3.0,False
202101020608,7,7,19.5,0.10960084431270921,4,4.0,False
202101020608,8,1,1.7,0.22443741738914774,1,5.0,False
202101020608,1,4,8.0,0.17347097878915055,3,6.0,False
202101020608,10,12,488.1,0.0014037514415231077,14,7.0,False
202101020608,5,5,15.5,0.0701436293549884,8,8.0,False
202101020608,3,8,23.1,0.08713811392470007,7,9.0,False
202101020608,13,9,59.8,0.028206063643784317,11,10.0,False
202101020608,14,13,519.2,0.005794668501071423,13,11.0,False
202101020608,2,11,292.0,0.006548607252617657,12,12.0,False
202101020608,11,10,124.6,0.0350084850546269,9,13.0,False
202304030406,11,4,6.4,0.06191530573438868,6,1.0,True
202304030406,12,1,2.9,0.15089336322463384,3,2.0,False
202304030406,18,3,5.4,0.2358274223495925,1,3.0,False
202304030406,13,9,30.0,0.02313873700362149,9,4.0,False
202304030406,9,12,231.9,0.0021780282508281033,16,5.0,False
202304030406,16,8,26.9,0.043254634275430026,7,6.0,False
202304030406,2,10,207.2,0.007495417915587841,14,7.0,False
202304030406,6,5,12.3,0.11515873834692354,4,8.0,False
202304030406,4,11,214.1,0.024180161340546062,8,9.0,False
202304030406,5,18,603.7,0.0022000897008221695,15,10.0,False
202304030406,7,16,312.7,0.0015280299689062792,17,11.0,False
202304030406,17,6,15.7,0.020151554879395836,10,12.0,False
202304030406,1,7,16.6,0.1147837862912097,5,13.0,False
202304030406,8,15,286.4,0.0012835326695303153,18,14.0,False
202304030406,10,2,3.8,0.1566072544247907,2,15.0,False
202304030406,15,14,273.6,0.018650364788440014,11,16.0,False
202304030406,14,13,264.6,0.008514169512495116,13,17.0,False
202304030406,3,17,334.1,0.015515444294697159,12,18.0,False
202104040609,6,3,5.0,0.3699890241235003,1,1.0,True
202104040609,2,6,10.2,0.09481355467793166,6,2.0,False
202104040609,5,4,5.5,0.15703568671243556,2,3.0,False
202104040609,12,11,120.7,0.0052727427441656115,14,4.0,False
202104040609,3,2,4.3,0.12955410471677467,4,5.0,False
202104040609,8,10,75.5,0.022403774433322875,11,6.0,False
202104040609,13,8,35.2,0.03077210544693675,10,7.0,False
202104040609,11,5,10.1,0.05690432660074662,7,8.0,False
202104040609,7,9,66.5,0.03383632521060771,9,9.0,False
202104040609,1,7,25.3,0.10605944508238722,5,10.0,False
202104040609,14,13,365.8,0.010156919312148013,12,11.0,False
202104040609,10,1,3.0,0.13998916054794017,3,12.0,False
202104040609,4,14,421.7,0.007395377644578835,13,13.0,False
202104040609,9,12,231.2,0.03425040857899449,8,14.0,False
202406030111,6,4,6.3,0.23060407774702013,1,1.0,True
202406030111,10,2,5.0,0.22398528554651076,2,2.0,False
202406030111,5,3,5.1,0.08629800563742279,4,3.0,False
202406030111,2,5,8.3,0.0544157069194751,5,4.0,False
202406030111,9,1,2.3,0.09751518094409023,3,5.0,False
202406030111,8,7,47.3,0.043152761606069186,6,6.0,False
202406030111,1,6,9.8,0.034177951760700126,8,7.0,False
202406030111,4,9,97.3,0.034169176691937385,9,8.0,False
202406030111,7,10,126.5,0.016442937719224244,10,9.0,False
202406030111,3,8,78.0,0.040124484017090636,7,10.0,False
202205050603,4,2,4.1,0.1125862152222444,3,1.0,True
202205050603,14,3,5.2,0.23583580853251218,1,2.0,False
202205050603,3,12,191.6,0.020563410174382766,10,3.0,False
202205050603,10,6,25.8,0.01613191250863849,12,4.0,False
202205050603,8,4,6.1,0.15674033326204093,2,5.0,False
202205050603,1,10,110.9,0.013476329226322248,13,6.0,False
202205050603,5,16,577.6,0.022386241890475115,8,7.0,False
202205050603,16,1,2.4,0.05453730580461038,5,8.0,False
202205050603,12,7,26.3,0.09185724638651352,4,9.0,False
202205050603,6,8,49.8,0.04607143016346864,6,10.0,False
202205050603,13,13,219.0,0.0025332407471367214,16,11.0,False
202205050603,7,9,88.7,0.021175401504533092,9,12.0,False
202205050603,9,5,22.6,0.03484175485470287,7,13.0,False
202205050603,11,17,837.8,0.00020924800327805934,17,14.0,False
202205050603,2,11,111.5,0.018015585153844164,11,15.0,False
202205050603,15,15,571.0,0.011058867199887336,14,16.0,False
202205050603,17,14,464.5,0.0031184222799355244,15,17.0,False
202209060512,2,1,3.5,0.1252316502878777,4,1.0,True
202209060512,1,2,4.5,0.13599322965839725,3,2.0,False
202209060512,12,5,8.2,0.06448964691237233,7,3.0,False
202209060512,10,14,133.0,0.016049389107472566,12,4.0,False
202209060512,14,4,5.2,0.16951375720357872,2,5.0,False
202209060512,3,7,14.3,0.07219537578577642,5,6.0,False
202209060512,15,10,100.4,0.01182292953345304,14,7.0,False
202209060512,4,6,13.8,0.07116630597311777,6,8.0,False
202209060512,9,9,40.9,0.04837194653721016,8,9.0,False
202209060512,5,13,131.5,0.012010485725144713,13,10.0,False
202209060512,13,8,40.0,0.017761628960208872,11,11.0,False
202209060512,8,3,5.0,0.207886613750159,1,12.0,False
202209060512,7,11,110.4,0.019745930329193855,10,13.0,False
202209060512,6,12,118.1,0.023542933455686647,9,14.0,False
202209060512,11,15,159.1,0.006000725296212516,15,15.0,False
202404010505,15,3,4.3,0.18926542880339106,2,1.0,True
202404010505,6,4,8.4,0.09130585505457675,4,2.0,False
202404010505,7,9,27.1,0.0332424964027809,9,3.0,False
202404010505,11,7,20.3,0.07979200092111921,6,4.0,False
202404010505,4,1,3.1,0.23080521299454182,1,5.0,False
202404010505,5,10,37.0,0.042553312965913664,7,6.0,False
202404010505,12,8,26.0,0.0153026551021311,12,7.0,False
202404010505,9,5,15.1,0.08059900862810453,5,8.0,False
202404010505,14,2,3.3,0.14829894834631258,3,9.0,False
202404010505,10,6,20.3,0.029323249618783565,11,10.0,False
202404010505,3,12,150.4,0.031755051862414264,10,11.0,False
202404010505,13,13,219.4,0.014447298561855912,13,12.0,False
202404010505,8,14,543.6,0.012120429440254639,15,13.0,False
202404010505,2,11,144.0,0.03764842955650302,8,14.0,False
202307040206,2,3,5.5,0.1804604655695895,4,1.0,True
202307040206,12,4,11.3,0.30064324499210826,3,2.0,False
202307040206,3,8,37.9,0.05199996732338673,10,3.0,False
202307040206,7,1,2.0,0.5266924149401406,1,4.0,False
202307040206,1,6,18.0,0.08084827652880332,8,5.0,False
202307040206,10,5,12.0,0.10486338298688969,7,6.0,False
202307040206,9,2,4.9,0.14265493896405756,5,7.0,False
202307040206,11,7,29.2,0.08050800956644755,9,8.0,False
202307040206,8,10,94.7,0.13405304058131795,6,9.0,False
202307040206,5,11,223.9,0.03388307474075311,11,10.0,False
202307040206,4,12,357.2,0.016955077190420064,12,11.0,False
202307040206,6,9,51.1,0.3897347526847491,2,12.0,False
202009020410,12,3,5.4,0.3243484611603367,1,1.0,True
202009020410,16,2,4.3,0.29075057078970357,2,2.0,False
202009020410,2,4,7.5,0.07858409392751055,6,3.0,False
202009020410,3,1,2.7,0.11670306143739828,4,4.0,False
202009020410,8,16,159.0,0.0036996160762814336,16,5.0,False
202009020410,9,13,82.4,0.02067433999064289,12,6.0,False
202009020410,6,8,41.9,0.060006066767778296,8,7.0,False
202009020410,5,5,8.0,0.13262888443325632,3,8.0,False
202009020410,15,11,61.9,0.10924601002362633,5,9.0,False
202009020410,14,6,20.5,0.046077136918171044,9,10.0,False
202009020410,11,7,27.3,0.07127912462318028,7,11.0,False
202009020410,10,15,134.2,0.013201706899545045,15,12.0,False
202009020410,4,12,64.4,0.015466480592398517,13,13.0,False
202009020410,7,10,49.9,0.02459783882754591,11,14.0,False
202009020410,1,14,123.8,0.015283848349223594,14,15.0,False
202009020410,13,9,49.4,0.02477584304535112,10,16.0,False
202109021205,7,3,5.8,0.28835485893762786,2,1.0,True
202109021205,1,6,13.6,0.24564661708389796,3,2.0,False
202109021205,12,4,6.5,0.11819762624586369,6,3.0,False
202109021205,8,2,5.0,0.17392192937397705,4,4.0,False
202109021205,4,1,4.2,0.4197504949806993,1,5.0,False
202109021205,13,10,24.6,0.09036117522895913,9,6.0,False
202109021205,3,9,17.0,0.14003659143177946,5,7.0,False
202109021205,5,5,9.2,0.0624166754548711,13,8.0,False
202109021205,2,12,44.4,0.08262516958607458,10,9.0,False
202109021205,11,13,66.4,0.06692348356349004,12,10.0,False
202109021205,6,7,13.6,0.10914506436876559,8,11.0,False
202109021205,10,8,15.7,0.07524203514127406,11,12.0,False
202109021205,9,11,26.4,0.11461439189784958,7,13.0,False
202404040109,8,1,2.5,0.0912625637188202,1,1.0,True
202404040109,12,3,7.1,0.05348475514401699,5,2.0,False
202404040109,5,7,20.1,0.051673958910364005,6,3.0,False
202404040109,1,2,3.3,0.06718250740202292,4,4.0,False
202404040109,9,11,47.4,0.017414984073407802,12,5.0,False
202404040109,3,9,35.8,0.07068804678394218,3,6.0,False
202404040109,11,5,18.5,0.07860089509053654,2,7.0,False
202404040109,10,12,61.0,0.02665313898773227,10,8.0,False
202404040109,4,8,23.7,0.04217374193391023,8,9.0,False
202404040109,6,10,44.7,0.03665453481604322,9,10.0,False
202404040109,13,4,9.0,0.019998406525706804,11,11.0,False
202404040109,7,14,245.1,0.005652322865582428,14,12.0,False
202404040109,2,6,19.0,0.04825568345485215,7,13.0,False
202404040109,14,13,130.6,0.006676981964571515,13,14.0,False
202209040102,3,4,13.4,0.12782251965746236,3,1.0,True
202209040102,6,2,2.7,0.13756225641325648,2,2.0,False
202209040102,9,9,100.5,0.07102995322910392,7,3.0,False
202209040102,10,1,2.6,0.25283501174885764,1,4.0,False
202209040102,4,6,18.8,0.05724945281623719,9,5.0,False
202209040102,1,3,5.8,0.08798465805380164,5,6.0,False
202209040102,5,5,14.9,0.05947231099899907,8,7.0,False
202209040102,7,7,21.8,0.07674309178173293,6,8.0,False
202209040102,8,10,242.1,0.045672096828259,10,9.0,False
202209040102,2,8,49.0,0.09676345267354801,4,10.0,False
202503030102,3,2,4.4,0.018808481778951697,13,1.0,True
202503030102,16,4,6.1,0.11274898902522418,1,2.0,False
202503030102,8,1,3.9,0.025492779331900892,12,3.0,False
202503030102,6,5,11.0,0.07367838115097737,5,4.0,False
202503030102,2,12,45.9,0.08567287808498213,3,5.0,False
202503030102,15,3,6.0,0.11258393576835572,2,6.0,False
202503030102,1,16,308.3,0.04988812902000484,8,7.0,False
202503030102,4,15,229.4,0.013492120674882195,15,8.0,False
202503030102,10,8,17.4,0.038959090436854873,11,9.0,False
202503030102,12,10,28.5,0.0518811459727512,6,10.0,False
202503030102,11,6,13.1,0.08506555813855378,4,11.0,False
202503030102,5,9,19.5,0.050900653301240245,7,12.0,False
202503030102,9,14,160.4,0.006907568067721006,16,13.0,False
202503030102,13,13,129.5,0.04592619807207241,9,14.0,False
202503030102,14,7,14.9,0.017052290409448112,14,15.0,False
202503030102,7,11,44.7,0.04421045245860464,10,16.0,False
202110040611,6,3,4.3,0.04164045834253511,3,1.0,True
202110040611,4,2,3.3,0.06367953493695017,2,2.0,False
202110040611,3,1,3.0,0.15196057845529315,1,3.0,False
202110040611,8,6,29.7,0.017137749755410624,6,4.0,False
202110040611,9,7,33.4,0.003266491074552206,10,5.0,False
202110040611,10,5,7.0,0.021386883179275597,5,6.0,False
202110040611,1,4,6.6,0.0406924929443616,4,7.0,False
202110040611,7,8,51.9,0.009290205144877484,7,8.0,False
202110040611,5,9,78.3,0.007161031658632429,8,9.0,False
202110040611,2,10,158.0,0.005177366985941585,9,10.0,False
202506030706,6,2,3.4,0.4106919892144669,1,1.0,True
202506030706,4,1,1.8,0.3580568513146056,2,2.0,False
202506030706,3,3,5.7,0.21516249487009428,3,3.0,False
202506030706,7,5,12.5,0.14059805071169398,4,4.0,False
202506030706,2,7,58.5,0.0621298227911541,7,5.0,False
202506030706,5,4,8.9,0.10901894336202606,5,6.0,False
202506030706,8,6,45.2,0.02036140058920879,8,7.0,False
202506030706,1,8,89.6,0.07591271978734407,6,8.0,False
202508040712,1,1,1.7,0.2543456614758421,1,1.0,True
202508040712,6,4,8.4,0.0971635206702457,4,2.0,False
202508040712,12,7,25.9,0.021914646251186488,13,3.0,False
202508040712,5,15,129.3,0.013941968765927234,16,4.0,False
202508040712,7,8,54.0,0.030289876412833185,11,5.0,False
202508040712,14,2,7.6,0.04126555538631407,9,6.0,False
202508040712,13,6,14.0,0.11709221038053368,3,7.0,False
202508040712,8,5,9.5,0.09451616476602259,5,8.0,False
202508040712,4,9,88.8,0.047256540739236755,8,9.0,False
202508040712,15,3,7.7,0.15594933616513185,2,10.0,False
202508040712,11,13,110.6,0.054816232312872464,6,11.0,False
202508040712,10,16,131.0,0.03358840309794617,10,12.0,False
202508040712,9,11,97.8,0.019744684637551944,14,13.0,False
202508040712,2,14,119.9,0.017105297373744006,15,14.0,False
202508040712,16,12,101.1,0.02594332151936752,12,15.0,False
202508040712,3,10,94.7,0.047464964214160056,7,16.0,False
202106040110,7,1,2.7,0.29575115154373927,2,1.0,True
202106040110,8,6,13.5,0.095945469259541,5,2.0,False
202106040110,6,5,10.2,0.13495712816831426,4,3.0,False
202106040110,9,7,42.0,0.01933707010268978,9,4.0,False
202106040110,3,4,9.2,0.07841335441414844,6,5.0,False
202106040110,2,2,3.3,0.4298767636865124,1,6.0,False
202106040110,1,10,88.6,0.037589135709162114,7,7.0,False
202106040110,4,9,84.4,0.030172564709818692,8,8.0,False
202106040110,5,3,4.0,0.14721746271869868,3,9.0,False
202106040110,10,8,61.0,0.014236585764670533,10,10.0,False
202110040203,6,3,6.9,0.11269062452039165,1,1.0,True
202110040203,15,4,7.8,0.040267926264988284,8,2.0,False
202110040203,14,1,2.3,0.09250160506666445,2,3.0,False
202110040203,1,2,5.0,0.05350747193361871,6,4.0,False
202110040203,9,8,23.0,0.04166504324267272,7,5.0,False
202110040203,13,6,10.1,0.07890221627490661,3,6.0,False
202110040203,7,11,149.4,0.0011697275643758613,15,7.0,False
202110040203,4,9,57.7,0.010185099714809541,11,8.0,False
202110040203,11,5,9.7,0.011263538639125,10,9.0,False
202110040203,5,12,156.0,0.006557748682587579,12,10.0,False
202110040203,3,7,16.3,0.06386695874565099,5,11.0,False
202110040203,12,13,279.2,0.003885692479982806,13,12.0,False
202110040203,2,10,74.9,0.06851439022893847,4,13.0,False
202110040203,10,14,324.6,0.0030189949057172353,14,14.0,False
202107030609,7,9,52.7,0.04075942916376841,9,1.0,True
202107030609,4,1,2.8,0.13187921034255937,6,2.0,False
202107030609,8,3,6.7,0.16619927868471016,2,3.0,False
202107030609,11,8,20.3,0.05786279686649259,8,4.0,False
202107030609,12,2,3.4,0.1126452121318106,7,5.0,False
202107030609,5,4,8.3,0.15584420797110085,3,6.0,False
202107030609,9,6,13.6,0.1472015972356804,5,7.0,False
202107030609,2,7,14.9,0.1473557382947855,4,8.0,False
202107030609,6,12,210.4,0.007338946345808411,12,9.0,False
202107030609,3,5,9.1,0.18085732412074945,1,10.0,False
202107030609,1,11,186.0,0.014439303354921891,11,11.0,False
202107030609,10,10,99.6,0.02888212269948275,10,12.0,False
202005050811,5,1,3.2,0.2104256031313964,1,1.0,True
202005050811,13,5,9.8,0.050223950895065546,7,2.0,False
202005050811,1,9,28.3,0.021492039594893167,11,3.0,False
202005050811,8,7,14.8,0.026507982078242426,10,4.0,False
202005050811,7,13,180.4,0.006646585197934323,13,5.0,False
202005050811,12,6,10.9,0.14352478557644618,3,6.0,False
202005050811,6,8,20.2,0.0651512681278262,6,7.0,False
202005050811,4,12,61.2,0.007349988333126434,12,8.0,False
202005050811,10,2,4.7,0.07483134848844526,5,9.0,False
202005050811,9,4,7.6,0.18661362081298344,2,10.0,False
202005050811,3,11,46.2,0.027508193153298128,9,11.0,False
202005050811,11,3,5.5,0.0912345435938404,4,12.0,False
202005050811,2,10,32.7,0.03902040498490331,8,13.0,False
202005020808,4,6,14.3,0.14255784470394237,5,1.0,True
202005020808,10,2,3.2,0.02294592427813296,10,2.0,False
202005020808,7,4,9.2,0.15959568893998483,4,3.0,False
202005020808,1,3,4.0,0.16435257800361372,2,4.0,False
202005020808,5,8,29.1,0.058390517555734336,6,5.0,False
202005020808,6,5,12.5,0.15988062683111662,3,6.0,False
202005020808,8,1,2.7,0.23389958657775115,1,7.0,False
202005020808,9,7,25.1,0.04182164043788905,7,8.0,False
202005020808,3,10,261.3,0.035008141225173296,9,9.0,False
202005020808,2,9,242.0,0.03779472298579602,8,10.0,False
202406010705,2,4,9.3,0.019601029882882984,12,1.0,True
202406010705,13,9,35.4,0.038339459044922385,10,2.0,False
202406010705,6,6,15.4,0.04728211633389722,8,3.0,False
202406010705,17,8,24.1,0.046056646119367294,9,4.0,False
202406010705,16,12,107.5,0.031387838298329675,11,5.0,False
202406010705,7,1,2.4,0.2500995413776845,2,6.0,False
202406010705,9,13,107.9,0.052951497398666086,7,7.0,False
202406010705,1,14,110.3,0.013730569031469403,13,8.0,False
202406010705,4,3,9.3,0.10038366583788332,3,9.0,False
202406010705,15,15,193.7,0.009929100681781903,14,10.0,False
202406010705,12,2,3.3,0.33508152259917207,1,11.0,False
202406010705,5,5,13.8,0.06318682425631762,6,12.0,False
202406010705,3,7,19.4,0.09777720670500369,4,13.0,False
202406010705,10,11,91.8,0.09494879881124632,5,14.0,False
202406010705,8,10,63.0,0.003115199853525976,17,15.0,False
202406010705,11,16,415.1,0.003922018391147682,16,16.0,False
202406010705,14,17,683.0,0.007672798647112548,15,17.0,False
202010010309,1,2,3.4,0.09997988744123677,5,1.0,True
202010010309,4,1,2.9,0.26158186208811784,1,2.0,False
202010010309,5,7,14.5,0.02408827627277771,8,3.0,False
202010010309,3,3,6.4,0.11323993422711426,4,4.0,False
202010010309,2,5,7.6,0.12656605978804544,2,5.0,False
202010010309,7,6,10.6,0.0909644888769478,6,6.0,False
202010010309,6,4,6.7,0.12013357397169318,3,7.0,False
202010010309,8,8,47.7,0.08161993660519445,7,8.0,False
202407010110,9,1,3.2,0.3267107894750264,1,1.0,True
202407010110,8,2,3.6,0.13864043727038064,3,2.0,False
202407010110,3,9,51.4,0.10201246075296605,6,3.0,False
202407010110,4,7,21.1,0.10324153821761178,5,4.0,False
202407010110,7,3,4.2,0.13162177549012907,4,5.0,False
202407010110,2,10,92.4,0.047719764990737455,10,6.0,False
202407010110,1,6,16.9,0.06805562615105853,7,7.0,False
202407010110,10,4,4.9,0.3241557595300421,2,8.0,False
202407010110,5,5,16.0,0.054562051313630164,8,9.0,False
202407010110,6,8,36.1,0.051440334723721254,9,10.0,False
202508020707,2,3,6.7,0.026486994875280636,10,1.0,True
202508020707,12,4,8.6,0.08717534710079136,5,2.0,False
202508020707,13,7,12.4,0.29396141001902015,1,3.0,False
202508020707,7,10,76.9,0.03613440100165461,9,4.0,False
202508020707,6,5,11.0,0.07562886515026551,6,5.0,False
202508020707,3,9,21.8,0.05595666181141264,8,6.0,False
202508020707,11,6,11.5,0.07489666207722767,7,7.0,False
202508020707,9,8,14.9,0.09898652584511919,4,8.0,False
202508020707,1,1,2.8,0.24446371568862776,3,9.0,False
202508020707,4,11,109.8,0.020629894014777713,11,10.0,False
202508020707,8,2,4.4,0.2862856560027029,2,11.0,False
202508020707,10,13,172.1,0.012065390709844236,12,12.0,False
202508020707,5,12,115.5,0.011202301834635804,13,13.0,False
202406040910,3,5,9.2,0.11633433271901181,3,1.0,True
202406040910,10,4,8.8,0.03687903999055309,11,2.0,False
202406040910,6,3,7.2,0.07600875128097508,6,3.0,False
202406040910,2,2,5.8,0.04369474529372108,10,4.0,False
202406040910,11,8,24.0,0.06936307359532398,7,5.0,False
202406040910,1,1,2.6,0.1688973749385526,1,6.0,False
202406040910,8,10,36.4,0.0940210268019804,4,7.0,False
202406040910,14,11,53.3,0.0075380916582620154,14,8.0,False
202406040910,9,6,13.7,0.06366367590219266,8,9.0,False
202406040910,7,12,60.7,0.03016036667390047,12,10.0,False
202406040910,4,14,121.0,0.01067735047222483,13,11.0,False
202406040910,13,9,28.3,0.06262920973763084,9,12.0,False
202406040910,12,13,70.7,0.07705509285026314,5,13.0,False
202406040910,5,7,21.0,0.11762838554990127,2,14.0,False
202503030209,7,7,16.7,0.0263504489330233,12,1.0,True
202503030209,15,15,65.0,0.019949035269441792,15,2.0,False
202503030209,5,4,7.8,0.10674533414444451,2,3.0,False
202503030209,16,11,46.5,0.020392846871069892,14,4.0,False
202503030209,4,1,3.3,0.15290785617459735,1,5.0,False
202503030209,8,9,26.1,0.04058374919762913,8,6.0,False
202503030209,14,5,11.5,0.09430263291038564,3,7.0,False
202503030209,10,3,6.4,0.06584852406017619,5,8.0,False
202503030209,3,14,57.1,0.029420091105404854,11,9.0,False
202503030209,11,13,47.1,0.022847400854491932,13,10.0,False
202503030209,13,12,47.1,0.05801960433219048,6,11.0,False
202503030209,2,16,170.1,0.007656120328649407,16,12.0,False
202503030209,6,8,17.7,0.03526596931206449,10,13.0,False
202503030209,9,6,13.2,0.045971526739060076,7,14.0,False
202503030209,1,10,37.6,0.03678384636261562,9,15.0,False
202503030209,12,2,4.3,0.07886994483651773,4,16.0,False
202210030512,4,7,10.2,0.04713383769804412,9,1.0,True
202210030512,5,1,4.6,0.1811425184037216,1,2.0,False
202210030512,8,4,6.2,0.07250555877482778,7,3.0,False
202210030512,10,5,6.6,0.1295926284643487,2,4.0,False
202210030512,1,9,31.0,0.006732483639412687,12,5.0,False
202210030512,9,6,7.6,0.11842617210984561,3,6.0,False
202210030512,2,3,5.8,0.09168735451947514,4,7.0,False
202210030512,11,12,76.4,0.04790301976650675,8,8.0,False
202210030512,7,10,50.0,0.010420037147417693,10,9.0,False
202210030512,3,2,5.2,0.08689596305327112,5,10.0,False
202210030512,6,8,18.9,0.07579649406170007,6,11.0,False
202210030512,12,11,64.4,0.009962256775424411,11,12.0,False
202505040402,3,1,1.8,0.42883342804474656,1,1.0,True
202505040402,1,6,12.8,0.10343897875494916,5,2.0,False
202505040402,5,7,36.3,0.043198754622153696,9,3.0,False
202505040402,4,3,5.7,0.14231334136646803,3,4.0,False
202505040402,10,2,4.7,0.2192929522028826,2,5.0,False
202505040402,8,9,184.3,0.046803415549067105,8,6.0,False
202505040402,2,5,11.1,0.06802183492632481,7,7.0,False
202505040402,6,4,9.6,0.13388263974270606,4,8.0,False
202505040402,7,10,243.2,0.030213293518258993,10,9.0,False
202505040402,9,8,115.2,0.09714765318304416,6,10.0,False
202304040107,3,14,79.6,0.0156499461576083,9,1.0,True
202304040107,6,2,3.7,0.054714061348368925,4,2.0,False
202304040107,10,1,3.3,0.1951301134713054,1,3.0,False
202304040107,12,7,21.1,0.0038022205303325017,13,4.0,False
202304040107,5,5,11.7,0.04178406586822087,5,5.0,False
202304040107,4,3,5.3,0.09928468840483727,2,6.0,False
202304040107,16,15,174.8,0.0008885798166564042,16,7.0,False
202304040107,2,11,32.4,0.029049782032707513,7,8.0,False
202304040107,8,8,27.3,0.012585208175726847,11,9.0,False
202304040107,11,13,79.1,0.0035617470292414167,14,10.0,False
202304040107,14,9,30.6,0.012162153632664985,12,11.0,False
202304040107,15,12,37.1,0.012942019882425014,10,12.0,False
202304040107,9,10,31.1,0.01744855662274412,8,13.0,False
202304040107,13,4,7.9,0.07808323650122531,3,14.0,False
202304040107,7,6,20.7,0.029273230198967975,6,15.0,False
202304040107,1,16,392.3,0.002024063787141004,15,16.0,False
202101020210,2,1,2.3,0.24283466727685585,1,1.0,True
202101020210,6,2,3.1,0.17058533984371194,2,2.0,False
202101020210,5,6,14.3,0.10407151394672202,5,3.0,False
202101020210,1,8,43.9,0.0396641181536921,8,4.0,False
202101020210,8,9,51.8,0.01659323954038324,9,5.0,False
202101020210,7,3,6.6,0.08750629263740563,6,6.0,False
202101020210,9,10,76.4,0.014113667055968712,10,7.0,False
202101020210,3,7,15.1,0.04944811039303355,7,8.0,False
202101020210,4,4,10.6,0.10667038665515126,4,9.0,False
202101020210,10,5,13.4,0.1419459150035922,3,10.0,False
202102010301,4,1,2.5,0.5120538656138437,1,1.0,True
202102010301,1,3,4.4,0.274754920677786,3,2.0,False
202102010301,2,4,7.5,0.14739441064395625,4,3.0,False
202102010301,3,8,58.4,0.06018013470508917,8,4.0,False
202102010301,6,2,4.1,0.3126528536889701,2,5.0,False
202102010301,7,6,15.0,0.12238922540122711,5,6.0,False
202102010301,9,5,12.1,0.025509600100540524,9,7.0,False
202102010301,8,9,109.8,0.07686183765170075,7,8.0,False
202102010301,5,7,48.1,0.08247098968203065,6,9.0,False
202210040110,4,3,4.2,0.14496650784917162,2,1.0,True
202210040110,1,2,4.1,0.11794733055869677,3,2.0,False
202210040110,5,1,2.2,0.23222381014219096,1,3.0,False
202210040110,3,6,14.3,0.02753391080809359,6,4.0,False
202210040110,6,4,6.1,0.06107986209222241,5,5.0,False
202210040110,7,5,12.1,0.06287794787294965,4,6.0,False
202210040110,2,7,183.6,0.011936101759092564,7,7.0,False
202008031211,3,1,3.8,0.08163896791782281,4,1.0,True
202008031211,7,3,5.0,0.05064978478652096,7,2.0,False
202008031211,8,4,5.7,0.4199310749484123,1,3.0,False
202008031211,6,6,6.5,0.0556722863982025,6,4.0,False
202008031211,1,2,4.6,0.1254748937425806,3,5.0,False
202008031211,4,5,5.8,0.16948415151604318,2,6.0,False
202008031211,2,7,17.5,0.022660338381926732,8,7.0,False
202008031211,5,8,46.4,0.06288783495881928,5,8.0,False
202009030402,1,1,1.7,0.5100301981120655,1,1.0,True
202009030402,11,3,10.0,0.12280653487420522,5,2.0,False
202009030402,9,4,12.8,0.16953833019940048,4,3.0,False
202009030402,8,2,4.1,0.23449596251520724,3,4.0,False
202009030402,6,5,18.8,0.41957406374008793,2,5.0,False
202009030402,15,11,56.8,0.01654483536362278,11,6.0,False
202009030402,5,7,26.9,0.09598493779114504,7,7.0,False
202009030402,2,13,129.3,0.007554425391527305,15,8.0,False
202009030402,16,10,48.3,0.08164236707522522,8,9.0,False
202009030402,4,9,32.0,0.012800289719319803,13,10.0,False
202009030402,13,6,24.2,0.1149535424000866,6,11.0,False
202009030402,3,16,423.3,0.042638084973224515,10,12.0,False
202009030402,7,15,190.0,0.01377524858121353,12,13.0,False
202009030402,10,14,179.2,0.0012509693562628129,16,14.0,False
202009030402,12,8,31.8,0.06551879805406967,9,15.0,False
202009030402,14,12,116.8,0.011236486372298115,14,16.0,False
202207010311,10,4,10.2,0.13100594770673282,8,1.0,True
202207010311,3,2,5.1,0.28864149160789354,1,2.0,False
202207010311,9,3,6.2,0.213249049559178,3,3.0,False
202207010311,1,5,12.2,0.22246484758820104,2,4.0,False
202207010311,11,9,58.6,0.1750498603842098,5,5.0,False
202207010311,14,8,32.9,0.042853512280236775,13,6.0,False
202207010311,2,1,1.8,0.2009692416806204,4,7.0,False
202207010311,6,7,27.9,0.1390226871297622,7,8.0,False
202207010311,8,6,25.2,0.1736950168536197,6,9.0,False
202207010311,5,15,353.7,0.0967947233572202,9,10.0,False
202207010311,15,11,92.7,0.03155718006071239,15,11.0,False
202207010311,13,10,73.3,0.09585295683978068,10,12.0,False
202207010311,12,13,132.9,0.04197593817141173,14,13.0,False
202207010311,7,12,96.9,0.04346974858296058,12,14.0,False
202207010311,4,14,296.7,0.044580104881848936,11,15.0,False
202005020311,3,3,4.3,0.11311357415060662,4,1.0,True
202005020311,7,4,12.4,0.10307029455938833,5,2.0,False
202005020311,1,1,2.6,0.24265063244350432,1,3.0,False
202005020311,4,8,21.5,0.07517673300639688,7,4.0,False
202005020311,12,5,17.9,0.035974555642228456,15,5.0,False
202005020311,14,13,130.0,0.05630593661776,9,6.0,False
202005020311,13,9,31.4,0.027162219424692786,16,7.0,False
202005020311,15,2,4.1,0.14410815984040837,2,8.0,False
202005020311,11,14,142.6,0.019915626738647312,17,9.0,False
202005020311,9,10,42.1,0.12382719462363191,3,10.0,False
202005020311,5,12,86.1,0.05260330529888875,12,11.0,False
202005020311,18,11,79.0,0.055479415709371545,10,12.0,False
202005020311,16,16,180.0,0.0510294168018597,13,13.0,False
202005020311,2,15,149.5,0.07279877115160925,8,14.0,False
202005020311,10,6,19.0,0.052636760153946964,11,15.0,False
202005020311,6,18,317.7,0.0120130806767787,18,16.0,False
202005020311,8,17,220.2,0.04031289499819779,14,17.0,False
202005020311,17,7,20.3,0.09032549621345802,6,18.0,False
202209010309,2,1,2.5,0.39795509927468714,2,1.0,True
202209010309,6,3,3.0,0.17959914129123267,5,2.0,False
202209010309,5,2,2.5,0.4121895768619355,1,3.0,False
202209010309,3,4,18.2,0.25133509599089193,4,4.0,False
202209010309,1,6,31.3,0.07518265180915157,7,5.0,False
202209010309,7,5,28.7,0.25860613869960464,3,6.0,False
202209010309,4,7,78.1,0.13998857618131347,6,7.0,False
202207010605,3,6,30.3,0.1454903304444234,6,1.0,True
202207010605,10,2,3.9,0.4159857140252612,1,2.0,False
202207010605,11,7,30.6,0.1490463817190944,5,3.0,False
202207010605,1,3,5.3,0.2678796520119582,3,4.0,False
202207010605,2,1,1.9,0.3657759064164404,2,5.0,False
202207010605,8,4,6.2,0.19588355301922836,4,6.0,False
202207010605,9,10,142.6,0.07404428199859005,8,7.0,False
202207010605,5,5,28.7,0.014437554184785456,10,8.0,False
202207010605,4,8,35.9,0.12197048157236534,7,9.0,False
202207010605,7,11,744.2,0.002208937540117645,11,10.0,False
202207010605,6,9,132.1,0.02782141519177012,9,11.0,False
202401010503,14,1,3.0,0.1507667912583352,2,1.0,True
202401010503,8,2,3.9,0.3034650508086205,1,2.0,False
202401010503,3,3,5.1,0.09331742157715908,3,3.0,False
202401010503,12,15,116.5,0.03428666094072035,9,4.0,False
202401010503,13,6,27.5,0.051262480346944896,6,5.0,False
202401010503,11,9,58.6,0.009968220361203326,13,6.0,False
202401010503,5,5,7.8,0.03737869700943375,8,7.0,False
202401010503,16,10,97.7,0.04805748526100676,7,8.0,False
202401010503,10,7,28.7,0.03173291316795985,11,9.0,False
202401010503,2,8,34.8,0.029121290181302176,12,10.0,False
202401010503,15,4,5.8,0.0606067133331343,5,11.0,False
202401010503,9,13,113.2,0.008338264906860928,14,12.0,False
202401010503,1,14,114.1,0.00827122757302333,15,13.0,False
202401010503,6,16,404.7,0.0030732309236159152,16,14.0,False
202401010503,7,12,110.9,0.06812188011813172,4,15.0,False
202401010503,4,11,108.9,0.03307834443926969,10,16.0,False
202302010412,6,2,5.2,0.32051809938617104,1,1.0,True
202302010412,14,10,17.2,0.06255120682973517,7,2.0,False
202302010412,13,1,4.9,0.11009911856309433,2,3.0,False
202302010412,4,6,12.4,0.040461140683845806,9,4.0,False
202302010412,9,3,6.2,0.09746258010251707,3,5.0,False
202302010412,1,7,13.0,0.04207989923228892,8,6.0,False
202302010412,15,12,26.3,0.012603353789876554,13,7.0,False
202302010412,12,9,15.7,0.02569880123347894,11,8.0,False
202302010412,11,15,63.1,0.02614771811028545,10,9.0,False
202302010412,5,5,11.4,0.08630527900689396,4,10.0,False
202302010412,8,8,14.8,0.06295334004866537,6,11.0,False
202302010412,3,14,60.3,0.010190482430680034,15,12.0,False
202302010412,10,11,21.6,0.06976984243252378,5,13.0,False
202302010412,2,13,48.2,0.02130639153303219,12,14.0,False
202302010412,7,4,7.7,0.01239054309988146,14,15.0,False
202408040306,14,1,1.9,0.47063533564893234,1,1.0,True
202408040306,13,2,4.3,0.228361832730367,3,2.0,False
202408040306,6,7,32.3,0.12040773208341157,6,3.0,False
202408040306,12,3,5.4,0.2778968581926723,2,4.0,False
202408040306,8,5,24.2,0.170952567071831,5,5.0,False
202408040306,9,18,433.1,0.008161142289761527,16,6.0,False
202408040306,1,4,10.6,0.21635110054279819,4,7.0,False
202408040306,3,9,40.3,0.059440914636373965,11,8.0,False
202408040306,10,17,429.3,0.002685500562634456,17,9.0,False
202408040306,2,15,200.3,0.002639376858211478,18,10.0,False
202408040306,15,6,31.4,0.026263616722685196,12,11.0,False
202408040306,16,14,135.7,0.015633887506498065,13,12.0,False
202408040306,5,10,55.3,0.07857205730382762,7,13.0,False
202408040306,18,16,201.7,0.014050846807233888,14,14.0,False
202408040306,7,13,112.9,0.008989903114140762,15,15.0,False
202408040306,11,11,84.6,0.06581385354346925,10,16.0,False
202408040306,4,12,88.3,0.075615871704351,9,17.0,False
202408040306,17,8,35.7,0.07576837252985306,8,18.0,False
202109040209,6,2,3.6,0.1976660766799682,2,1.0,True
202109040209,3,1,1.6,0.21555362553100021,1,2.0,False
202109040209,8,9,62.1,0.05740266334043267,9,3.0,False
202109040209,2,3,8.6,0.09687211882332464,7,4.0,False
202109040209,4,7,45.5,0.09840006243013502,6,5.0,False
202109040209,5,8,52.4,0.08521059249962791,8,6.0,False
202109040209,7,5,13.4,0.14450258546162534,4,7.0,False
202109040209,9,6,20.3,0.09858025399309643,5,8.0,False
202109040209,1,4,12.2,0.16501831749609047,3,9.0,False
202301020307,2,7,25.9,0.07443843666768667,7,1.0,True
202301020307,16,3,6.6,0.2250714524426368,3,2.0,False
202301020307,6,8,35.1,0.04773681171491922,11,3.0,False
202301020307,14,11,60.4,0.056560045345531,10,4.0,False
202301020307,12,6,23.1,0.06932887815505233,8,5.0,False
202301020307,11,13,133.9,0.02916325622159196,12,6.0,False
202301020307,1,10,50.2,0.05687357758833004,9,7.0,False
202301020307,4,9,38.5,0.08182129153782165,6,8.0,False
202301020307,15,4,18.1,0.13989703075053825,4,9.0,False
202301020307,3,12,128.9,0.016812625422862628,15,10.0,False
202301020307,10,5,21.0,0.101584082396184,5,11.0,False
202301020307,5,15,140.6,0.019667847773618224,14,12.0,False
202301020307,8,16,215.3,0.0038533139546838503,16,13.0,False
202301020307,7,2,2.8,0.4104401325703892,1,14.0,False
202301020307,13,14,136.5,0.02324004861511387,13,15.0,False
202301020307,9,1,2.2,0.24074002685074347,2,16.0,False
202101020204,5,2,5.2,0.19100090075924017,3,1.0,True
202101020204,3,4,8.0,0.2238807870228806,2,2.0,False
202101020204,10,3,5.9,0.10671423717056218,5,3.0,False
202101020204,11,5,10.7,0.1349867888745757,4,4.0,False
202101020204,9,1,1.9,0.3904186577607645,1,5.0,False
202101020204,4,10,78.4,0.052324828567556575,9,6.0,False
202101020204,1,13,186.3,0.01452843739398266,13,7.0,False
202101020204,12,9,48.0,0.004260370074420637,14,8.0,False
202101020204,14,7,29.7,0.058176706446611146,8,9.0,False
202101020204,7,8,32.9,0.04924435522275641,10,10.0,False
202101020204,2,12,128.7,0.05883892895114685,7,11.0,False
202101020204,13,6,27.2,0.07064875650171588,6,12.0,False
202101020204,6,11,92.6,0.034470738142965855,11,13.0,False
202101020204,8,14,304.9,0.017440980009301978,12,14.0,False
202202010307,5,4,7.9,0.2133068888339853,3,1.0,True
202202010307,1,3,5.9,0.17206551614278612,4,2.0,False
202202010307,8,1,2.8,0.2545798963121837,2,3.0,False
202202010307,4,6,11.8,0.13708371251214801,5,4.0,False
202202010307,9,7,31.3,0.06095379515540976,7,5.0,False
202202010307,6,5,10.4,0.061966341253131614,6,6.0,False
202202010307,3,2,2.8,0.3403510430925124,1,7.0,False
202202010307,2,9,79.1,0.030018153308776576,8,8.0,False
202202010307,7,8,41.3,0.010267865001328728,9,9.0,False
202210010806,15,1,2.2,0.18976661262408767,1,1.0,True
202210010806,7,12,79.0,0.003042008240450567,18,2.0,False
202210010806,12,2,3.6,0.15563140775153583,2,3.0,False
202210010806,16,3,8.4,0.019842366812521325,10,4.0,False
202210010806,18,8,23.7,0.0138656671402155,14,5.0,False
202210010806,10,4,16.5,0.0207807169277912,8,6.0,False
202210010806,6,6,17.8,0.058357640006032906,3,7.0,False
202210010806,13,5,16.9,0.01964742320018885,11,8.0,False
202210010806,3,7,21.0,0.012955749282000733,15,9.0,False
202210010806,5,14,121.0,0.022790984064875282,7,10.0,False
202210010806,2,13,86.8,0.004176935411317326,17,11.0,False
202210010806,8,17,324.5,0.014383578417637615,13,12.0,False
202210010806,4,9,25.5,0.023898714778821474,6,13.0,False
202210010806,9,11,34.6,0.030406768090831527,5,14.0,False
202210010806,11,15,139.2,0.020477135539641002,9,15.0,False
202210010806,1,16,226.4,0.01540526214844351,12,16.0,False
202210010806,14,18,372.8,0.012364985056432893,16,17.0,False
202210010806,17,10,26.2,0.04126226572002682,4,,False
202204030307,17,2,3.5,0.11938028803695087,2,1.0,True
202204030307,12,3,5.4,0.0378769376240863,7,2.0,False
202204030307,11,1,3.2,0.1406126176863297,1,3.0,False
202204030307,2,5,13.5,0.0704380254831359,4,4.0,False
202204030307,7,12,44.4,0.04068831153895075,6,5.0,False
202204030307,8,9,40.3,0.0031994101436038074,16,6.0,False
202204030307,6,10,40.5,0.011598376384154903,10,7.0,False
202204030307,5,4,8.2,0.06968710903987271,5,8.0,False
202204030307,10,11,43.3,0.004786870979033123,14,9.0,False
202204030307,14,6,14.8,0.02160414325420025,8,10.0,False
202204030307,4,15,199.2,0.0013905606446589609,18,11.0,False
202204030307,3,18,441.5,0.009788425721382945,12,12.0,False
202204030307,9,17,342.0,0.001816929143611789,17,13.0,False
202204030307,16,7,17.5,0.07188301047798724,3,14.0,False
202204030307,15,13,114.0,0.014966552932345317,9,15.0,False
202204030307,18,16,284.0,0.01056134825861233,11,16.0,False
202204030307,1,8,24.5,0.00424599621258013,15,17.0,False
202204030307,13,14,161.4,0.007226742127367718,13,18.0,False
202008040202,1,1,1.7,0.3635491024278376,2,1.0,True
202008040202,6,5,68.9,0.03520580347414785,6,2.0,False
202008040202,8,4,11.1,0.22009752892953138,3,3.0,False
202008040202,2,3,5.3,0.37286155356712575,1,4.0,False
202008040202,4,2,3.7,0.19450919643981426,4,5.0,False
202008040202,7,7,86.5,0.04741186124366494,5,6.0,False
202008040202,3,8,136.6,0.010474847285108349,9,7.0,False
202008040202,5,9,137.5,0.00487255069984557,10,8.0,False
202008040202,10,10,262.0,0.022881965949774583,7,9.0,False
202008040202,9,6,84.4,0.01925608141760847,8,10.0,False
202408060812,3,1,4.7,0.1866006025507227,1,1.0,True
202408060812,1,3,6.6,0.04449315425295175,11,2.0,False
202408060812,2,10,28.1,0.07224685392311296,5,3.0,False
202408060812,4,11,37.0,0.04952414454560468,10,4.0,False
202408060812,8,12,57.8,0.036753449186095286,12,5.0,False
202408060812,7,7,10.8,0.05331317807079614,7,6.0,False
202408060812,11,6,9.0,0.052154495313750465,8,7.0,False
202408060812,6,5,7.8,0.05178182438552328,9,8.0,False
202408060812,5,15,128.6,0.014111160798884468,16,9.0,False
202408060812,10,8,11.8,0.18074623600130724,2,10.0,False
202408060812,14,4,7.2,0.029378948162498225,14,11.0,False
202408060812,13,14,117.0,0.007534448981491263,17,12.0,False
202408060812,9,17,229.3,0.025857771624999644,15,13.0,False
202408060812,12,2,6.3,0.05349350687413161,6,14.0,False
202408060812,15,9,19.2,0.09495089533135938,3,15.0,False
202408060812,16,16,161.4,0.03645349524980654,13,16.0,False
202408060812,17,13,67.5,0.07475867792229797,4,17.0,False
202408060812,18,18,301.4,0.004082827702259733,18,18.0,False
202006040202,1,2,5.4,0.23004778170922027,2,1.0,True
202006040202,9,6,61.6,0.03020682404894005,7,2.0,False
202006040202,3,3,7.0,0.07063658663967531,5,3.0,False
202006040202,10,1,1.2,0.28519718495015006,1,4.0,False
202006040202,8,7,112.8,0.08239372541558207,4,5.0,False
202006040202,6,5,38.7,0.014561390046888565,10,6.0,False
202006040202,5,11,226.5,0.02259085892189513,8,7.0,False
202006040202,4,4,22.6,0.019013367780704764,9,8.0,False
202006040202,7,9,137.5,0.035000452404458066,6,9.0,False
202006040202,11,8,132.4,0.09766335994406662,3,10.0,False
202006040202,2,10,141.6,0.0030640073148478593,11,11.0,False
202403030209,1,2,5.5,0.2692740685358058,1,1.0,True
202403030209,3,3,6.0,0.17244051082049508,2,2.0,False
202403030209,2,1,4.8,0.12008515739936852,4,3.0,False
202403030209,12,12,46.5,0.031093681350729135,12,4.0,False
202403030209,6,8,14.7,0.06589621725245723,9,5.0,False
202403030209,5,4,6.0,0.14883709350485216,3,6.0,False
202403030209,7,7,13.0,0.08601140389190863,8,7.0,False
202403030209,15,14,81.8,0.011132312981433993,15,8.0,False
202403030209,10,13,56.4,0.015032787071531349,13,9.0,False
202403030209,4,16,161.3,0.012157537701470952,14,10.0,False
202403030209,9,9,17.2,0.10203464585927025,7,11.0,False
202403030209,16,10,27.0,0.055770102240170184,11,12.0,False
202403030209,8,5,8.4,0.10928295273198475,6,13.0,False
202403030209,11,11,37.1,0.05689209486679776,10,14.0,False
202403030209,14,6,12.5,0.11374273012787271,5,15.0,False
202403030209,13,15,116.5,0.003465365914776654,16,16.0,False
202002010311,14,3,5.4,0.19579272179101098,2,1.0,True
202002010311,3,7,14.7,0.018485069474102247,13,2.0,False
202002010311,8,15,82.6,0.018361530382770698,14,3.0,False
202002010311,2,6,11.2,0.03694038130387909,11,4.0,False
202002010311,5,4,8.7,0.040615200743023286,10,5.0,False
202002010311,13,12,33.6,0.0425320535155855,9,6.0,False
202002010311,16,5,10.0,0.060816149533793405,6,7.0,False
202002010311,6,1,4.2,0.12265609617165878,4,8.0,False
202002010311,10,2,4.2,0.19834903338710183,1,9.0,False
202002010311,7,8,24.7,0.11047216231471578,5,10.0,False
202002010311,4,14,75.7,0.011578753154600713,15,11.0,False
202002010311,12,9,26.0,0.055115242893095,8,12.0,False
202002010311,1,11,33.3,0.029544429219203007,12,13.0,False
202002010311,9,16,108.5,0.12714445449823272,3,14.0,False
202002010311,15,10,28.8,0.05567899932658406,7,15.0,False
202002010311,11,13,65.6,0.005067940319062736,16,16.0,False
202509030206,5,2,4.5,0.10965557484060363,1,1.0,True
202509030206,9,9,25.9,0.006589044458811754,16,2.0,False
202509030206,6,3,5.4,0.10404361151933501,2,3.0,False
202509030206,1,11,27.3,0.028236169242031407,9,4.0,False
202509030206,15,6,12.4,0.04630327769227195,5,5.0,False
202509030206,4,10,26.0,0.06124347538588265,3,6.0,False
202509030206,8,14,120.5,0.007262130637606282,15,7.0,False
202509030206,18,7,19.5,0.03503419078189033,6,8.0,False
202509030206,14,15,264.0,0.007544183455043014,14,9.0,False
202509030206,17,4,5.8,0.01921242490434418,12,10.0,False
202509030206,16,8,20.9,0.030414909242414925,8,11.0,False
202509030206,12,13,100.8,0.03084681902214254,7,12.0,False
202509030206,7,12,65.5,0.023090031885251175,10,13.0,False
202509030206,10,5,8.7,0.013710650093278728,13,14.0,False
202509030206,2,17,298.2,0.0016016958536780067,17,15.0,False
202509030206,3,18,311.8,0.0012845134918275365,18,16.0,False
202509030206,11,16,265.0,0.02081391954575484,11,17.0,False
202509030206,13,1,4.5,0.0608931979857842,4,,False
202503030208,10,13,57.1,0.015211453610436635,15,1.0,True
202503030208,15,5,10.9,0.044550782698361185,8,2.0,False
202503030208,6,1,2.7,0.09649846485370944,3,3.0,False
202503030208,2,9,33.4,0.02508773581072426,13,4.0,False
202503030208,5,15,93.0,0.03105823176295956,11,5.0,False
202503030208,9,3,6.1,0.14375854044814573,2,6.0,False
202503030208,1,7,21.1,0.019986183347478093,14,7.0,False
202503030208,3,8,27.2,0.04892652036338045,7,8.0,False
202503030208,4,14,77.7,0.05599707887425162,6,9.0,False
202503030208,13,2,5.8,0.028255517817935425,12,10.0,False
202503030208,14,12,40.6,0.06778262462246604,5,11.0,False
202503030208,8,6,11.1,0.23445542594615912,1,12.0,False
202503030208,7,4,7.9,0.08634046570611825,4,13.0,False
202503030208,11,16,106.0,0.03188057379908374,10,14.0,False
202503030208,12,10,37.6,0.03820978086959275,9,15.0,False
202503030208,16,11,40.1,0.008199191140303983,16,16.0,False
202104030601,8,10,30.4,0.017741280585814707,13,1.0,True
202104030601,2,4,13.0,0.05858219168991521,8,2.0,False
202104030601,13,1,1.8,0.10737998386451665,4,3.0,False
202104030601,6,2,6.4,0.1769979503376941,2,4.0,False
202104030601,12,8,26.6,0.19343097803041825,1,5.0,False
202104030601,9,5,13.6,0.0642163219679597,6,6.0,False
202104030601,11,17,417.5,0.015250315965309002,14,7.0,False
202104030601,3,9,29.2,0.10849264020110179,3,8.0,False
202104030601,15,12,47.0,0.013806882693502807,15,9.0,False
202104030601,1,7,24.3,0.10135371230468511,5,10.0,False
202104030601,7,11,45.2,0.009163818129246198,17,11.0,False
202104030601,14,3,11.6,0.043642771404982045,9,12.0,False
202104030601,17,6,21.4,0.06293957058759951,7,13.0,False
202104030601,5,13,136.7,0.039302239574041845,10,14.0,False
202104030601,10,14,167.6,0.0346565838686608,11,15.0,False
202104030601,16,15,170.3,0.031941179023298454,12,16.0,False
202104030601,4,16,356.1,0.009647991767721681,16,17.0,False
202505020807,6,2,4.5,0.15122120099494668,3,1.0,True
202505020807,4,1,2.0,0.5221210725220341,1,2.0,False
202505020807,2,6,13.3,0.07249242943084909,6,3.0,False
202505020807,10,9,221.2,0.00649947798936037,9,4.0,False
202505020807,1,3,5.3,0.1402839379089128,4,5.0,False
202505020807,7,5,8.8,0.11824575484580663,5,6.0,False
202505020807,9,4,7.5,0.1616900743428311,2,7.0,False
202505020807,5,8,80.4,0.047611631266248164,7,8.0,False
202505020807,8,7,49.4,0.009971724281172612,8,9.0,False
202505020807,3,10,369.3,0.0038986272373503716,10,10.0,False
202104020401,11,3,5.0,0.14981374484836163,1,1.0,True
202104020401,14,4,7.2,0.04560733014827791,7,2.0,False
202104020401,10,2,3.6,0.1084578665510562,2,3.0,False
202104020401,12,1,2.9,0.09895075397615241,3,4.0,False
202104020401,7,5,11.2,0.015610601052611335,11,5.0,False
202104020401,5,6,17.1,0.037141819177137526,8,6.0,False
202104020401,15,8,35.3,0.018486106079463795,9,7.0,False
202104020401,6,16,224.3,0.0032884847764587223,15,8.0,False
202104020401,8,7,20.6,0.07769332841039601,4,9.0,False
202104020401,3,10,70.0,0.0542807542745926,6,10.0,False
202104020401,4,12,95.3,0.011600258050346092,13,11.0,False
202104020401,16,9,56.7,0.014380163397443373,12,12.0,False
202104020401,1,15,143.2,0.01697969963820892,10,13.0,False
202104020401,13,14,124.5,0.0008718687268247086,16,14.0,False
202104020401,9,11,89.6,0.05555777037678403,5,15.0,False
202104020401,2,13,115.6,0.006091175053518946,14,16.0,False
202109060704,7,1,3.0,0.3021411338540891,1,1.0,True
202109060704,13,5,10.7,0.12547220217046265,5,2.0,False
202109060704,12,3,6.3,0.18519150289008732,3,3.0,False
202109060704,8,4,10.5,0.12770811584340558,4,4.0,False
202109060704,14,2,4.7,0.10917657625988252,6,5.0,False
202109060704,17,6,12.0,0.06633868077808645,8,6.0,False
202109060704,1,14,229.9,0.015300265037578113,13,7.0,False
202109060704,18,7,12.4,0.26587536185427096,2,8.0,False
202109060704,10,8,14.8,0.06329839399012571,9,9.0,False
202109060704,4,10,22.7,0.006311894103836627,18,10.0,False
202109060704,9,12,116.0,0.020209323263691504,12,11.0,False
202109060704,6,9,18.9,0.0678336317715228,7,12.0,False
202109060704,11,13,119.5,0.027753911600036214,11,13.0,False
202109060704,15,11,72.5,0.054475909153136305,10,14.0,False
202109060704,5,18,661.7,0.007405554589718748,17,15.0,False
202109060704,16,16,464.6,0.011090378700101046,15,16.0,False
202109060704,3,17,488.2,0.008513260711510408,16,17.0,False
202109060704,2,15,380.1,0.01120804352485224,14,18.0,False
202201020609,13,1,3.6,0.1411179699562114,3,1.0,True
202201020609,11,6,10.8,0.03339693935305403,10,2.0,False
202201020609,3,3,5.4,0.19670770595383616,1,3.0,False
202201020609,4,11,55.0,0.06224300638717276,6,4.0,False
202201020609,16,15,211.2,0.019915886903743567,14,5.0,False
202201020609,8,4,8.1,0.14108816121167195,4,6.0,False
202201020609,10,5,10.3,0.049456770206764374,7,7.0,False
202201020609,1,2,3.7,0.1625389718045381,2,8.0,False
202201020609,14,10,44.7,0.038583073002279755,9,9.0,False
202201020609,9,14,89.4,0.0844104988679828,5,10.0,False
202201020609,12,12,57.9,0.02222632998861131,13,11.0,False
202201020609,6,9,34.8,0.04541301378226578,8,12.0,False
202201020609,15,7,19.4,0.03142320113890237,12,12.0,False
202201020609,7,13,76.2,0.019711702505694144,15,14.0,False
202201020609,2,8,20.0,0.03317418627849658,11,15.0,False
202201020609,5,16,393.1,0.0019095326529530185,16,16.0,False
202005020409,9,6,16.9,0.06407274230237955,5,1.0,True
202005020409,4,2,6.5,0.026575653226611227,9,2.0,False
202005020409,7,4,13.2,0.08095304887537283,3,3.0,False
202005020409,8,7,20.2,0.03481148063534196,8,4.0,False
202005020409,6,1,1.4,0.5150935483864495,1,5.0,False
202005020409,1,5,14.6,0.06110911541916843,6,6.0,False
202005020409,5,3,9.2,0.05267045323303691,7,7.0,False
202005020409,2,9,142.2,0.073860215597964,4,8.0,False
202005020409,3,8,41.1,0.10100537526899146,2,9.0,False
202109030109,1,3,5.8,0.06353025507076449,4,1.0,True
202109030109,2,1,1.8,0.27389716533032865,1,2.0,False
202109030109,4,2,3.8,0.1857212489509761,2,3.0,False
202109030109,5,4,6.9,0.039862957056464844,5,4.0,False
202109030109,6,5,12.3,0.07269857015527963,3,5.0,False
202109030109,7,6,35.4,0.009249644132046146,7,6.0,False
202109030109,3,7,72.2,0.031724040933153966,6,7.0,False
202102010810,6,2,3.6,0.2096891869131373,1,1.0,True
202102010810,9,3,4.3,0.1424991972498914,2,2.0,False
202102010810,2,4,6.8,0.08386605710824055,7,3.0,False
202102010810,5,9,44.8,0.03704764938548748,10,4.0,False
202102010810,10,5,10.7,0.06381674687221708,9,5.0,False
202102010810,7,1,3.6,0.11544719656996665,5,6.0,False
202102010810,1,11,68.8,0.032703605455898475,11,7.0,False
202102010810,11,8,37.3,0.014484247618382752,13,8.0,False
202102010810,8,10,47.3,0.10325550890402456,6,9.0,False
202102010810,12,7,17.0,0.08088492216795107,8,10.0,False
202102010810,3,6,15.0,0.12555105353702226,3,11.0,False
202102010810,4,13,139.1,0.020663509363727888,12,12.0,False
202102010810,13,12,73.8,0.11590674788755129,4,13.0,False
202004010508,15,2,5.5,0.5422195073876793,1,1.0,True
202004010508,7,3,5.6,0.1718164120796067,4,2.0,False
202004010508,13,1,3.8,0.225649480280553,3,3.0,False
202004010508,1,9,22.6,0.023738004646518224,13,4.0,False
202004010508,14,12,43.9,0.0076942143350967225,16,5.0,False
202004010508,16,6,12.5,0.038786075819673686,9,6.0,False
202004010508,8,11,29.8,0.03921407990131535,8,7.0,False
202004010508,12,7,13.8,0.07249203971039171,6,8.0,False
202004010508,10,10,25.7,0.05614310080240127,7,9.0,False
202004010508,5,8,16.5,0.009678104371107627,15,10.0,False
202004010508,11,5,8.0,0.4396405638410782,2,11.0,False
202004010508,9,14,134.2,0.03426810509374251,11,12.0,False
202004010508,6,15,163.4,0.03712010178490613,10,13.0,False
202004010508,2,16,217.9,0.023601053817751034,14,14.0,False
202004010508,3,13,125.7,0.03132589319829842,12,15.0,False
202004010508,4,4,7.6,0.13675751308096307,5,16.0,False
202304020407,9,2,4.4,0.19146854192437301,3,1.0,True
202304020407,8,1,2.6,0.25975679617001945,1,2.0,False
202304020407,2,3,5.8,0.24393229872254207,2,3.0,False
202304020407,11,4,7.0,0.1476305685022715,4,4.0,False
202304020407,5,10,69.0,0.059756296280410404,9,5.0,False
202304020407,10,5,9.5,0.038969643187599746,10,6.0,False
202304020407,12,8,39.6,0.012534411486302806,14,7.0,False
202304020407,7,6,10.5,0.1419267501667128,5,8.0,False
202304020407,4,13,155.1,0.018738845560423836,13,9.0,False
202304020407,14,12,110.8,0.06851991830099123,8,10.0,False
202304020407,16,11,89.4,0.026486369083982723,12,11.0,False
202304020407,15,15,383.1,0.007204792052201308,16,12.0,False
202304020407,3,14,162.3,0.035267573461221474,11,13.0,False
202304020407,1,7,21.5,0.13272141666798373,6,14.0,False
202304020407,13,9,62.6,0.07129301263625253,7,15.0,False
202304020407,6,16,463.8,0.008963416850671807,15,16.0,False
202310010307,4,2,3.5,0.14165110983576965,3,1.0,True
202310010307,5,3,5.7,0.1427446817241399,2,2.0,False
202310010307,3,4,7.3,0.11537553087382114,5,3.0,False
202310010307,2,1,2.9,0.18119271259424263,1,4.0,False
202310010307,1,6,9.3,0.11585744099030046,4,5.0,False
202310010307,7,5,7.4,0.07009639908159869,6,6.0,False
202310010307,6,7,21.9,0.009502701071724054,9,7.0,False
202310010307,8,8,35.3,0.04161306791086597,7,8.0,False
202310010307,9,9,138.4,0.037812528940926626,8,9.0,False
202505020310,5,4,7.8,0.12413300710744705,7,1.0,True
202505020310,12,3,5.7,0.4096825918820239,1,2.0,False
202505020310,9,6,18.0,0.20507032951356283,4,3.0,False
202505020310,8,1,2.3,0.3230741062605756,3,4.0,False
202505020310,4,10,117.8,0.1583022216322725,5,5.0,False
202505020310,11,7,18.6,0.11780141523467501,8,6.0,False
202505020310,2,5,17.5,0.06060443665088881,10,7.0,False
202505020310,7,9,64.6,0.1115617401667556,9,8.0,False
202505020310,1,8,35.4,0.15653868671652169,6,9.0,False
202505020310,6,2,3.5,0.3365474973805293,2,10.0,False
202505020310,13,13,232.6,0.011306252824530091,13,11.0,False
202505020310,10,12,214.4,0.04989276593463508,11,12.0,False
202505020310,3,11,124.5,0.04571370713336661,12,13.0,False
202309010109,2,6,16.1,0.38999757607501406,1,1.0,True
202309010109,8,1,2.4,0.27583408128205383,3,2.0,False
202309010109,3,3,6.5,0.1289297256021885,5,3.0,False
202309010109,6,4,10.3,0.09664398608040714,7,4.0,False
202309010109,1,2,2.4,0.37690953168271735,2,5.0,False
202309010109,10,5,11.8,0.17988947415032377,4,6.0,False
202309010109,7,9,117.9,0.05759963890555458,8,7.0,False
202309010109,5,10,255.3,0.021363995310640812,10,8.0,False
202309010109,4,7,52.8,0.04660999082671858,9,9.0,False
202309010109,9,8,101.4,0.11915543291870365,6,10.0,False
202109060209,7,5,7.3,0.2982078455664822,2,1.0,True
202109060209,2,1,3.0,0.22383243133552905,3,2.0,False
202109060209,6,3,4.3,0.20478453035598349,4,3.0,False
202109060209,8,4,6.6,0.09041194498852854,7,4.0,False
202109060209,4,2,3.9,0.1659105693798938,5,5.0,False
202109060209,1,7,22.5,0.12111896751161597,6,6.0,False
202109060209,3,8,172.1,0.017088047952488434,8,7.0,False
202109060209,5,6,22.2,0.3573305358863702,1,8.0,False
202105020909,4,1,1.5,0.22225413380264594,3,1.0,True
202105020909,1,3,5.1,0.3796100077868182,1,2.0,False
202105020909,9,7,38.5,0.11636433407927393,6,3.0,False
202105020909,3,6,37.1,0.06988799229471004,7,4.0,False
202105020909,2,2,4.9,0.1319443792592745,5,5.0,False
202105020909,5,4,11.0,0.27026508151240886,2,6.0,False
202105020909,8,5,25.8,0.16867742674218447,4,7.0,False
202105020909,6,8,207.9,0.008855708946719092,8,8.0,False
202105020909,7,9,241.6,0.0009108381270088251,9,9.0,False
202410010512,15,3,6.7,0.060886042241619524,2,1.0,True
202410010512,14,1,3.4,0.058415036721187925,3,2.0,False
202410010512,16,2,6.4,0.03380969410423391,8,3.0,False
202410010512,6,8,18.6,0.021234347856689234,12,4.0,False
202410010512,18,6,14.1,0.03239826251902694,9,5.0,False
202410010512,8,14,52.8,0.039581817102450054,4,6.0,False
202410010512,17,15,53.7,0.035974315170841556,6,7.0,False
202410010512,7,4,6.9,0.034900131898010715,7,8.0,False
202410010512,13,5,9.4,0.06475829150594142,1,9.0,False
202410010512,9,12,40.1,0.014883358457791993,14,10.0,False
202410010512,5,13,43.3,0.0204809138267286,13,11.0,False
202410010512,12,16,106.0,0.0119675361025865,15,12.0,False
202410010512,4,17,112.1,0.007725701020683561,17,13.0,False
202410010512,10,7,15.2,0.010066431688587878,16,14.0,False
202410010512,3,9,21.8,0.03943017913597511,5,15.0,False
202410010512,2,11,35.7,0.025992894509622916,11,16.0,False
202410010512,1,10,27.5,0.02667899899465063,10,17.0,False
202410010512,11,18,351.8,0.006798931461471081,18,18.0,False
202210030410,2,4,8.8,0.09262650872369274,4,1.0,True
202210030410,10,5,11.0,0.07017055821793627,6,2.0,False
202210030410,8,9,48.4,0.019834704073214835,10,3.0,False
202210030410,6,8,47.9,0.0417658356684237,7,4.0,False
202210030410,9,1,2.5,0.1840817632195511,2,5.0,False
202210030410,7,3,8.3,0.10741534475139364,3,6.0,False
202210030410,5,6,13.7,0.08467574860386806,5,7.0,False
202210030410,1,2,2.6,0.21001147288696717,1,8.0,False
202210030410,3,10,59.6,0.022214048076206003,9,9.0,False
202210030410,4,7,30.2,0.040226990336204076,8,10.0,False
202005040203,14,1,2.4,0.13237390067135088,2,1.0,True
202005040203,6,2,3.0,0.19746503838244886,1,2.0,False
202005040203,11,3,3.8,0.08028773808366334,3,3.0,False
202005040203,2,9,147.6,0.001967710709384982,13,4.0,False
202005040203,9,4,20.6,0.04101149215545414,4,5.0,False
202005040203,12,6,24.4,0.025248600888161096,6,6.0,False
202005040203,1,12,176.2,0.003909713830255214,10,7.0,False
202005040203,10,10,149.2,0.006092236909974697,9,8.0,False
202005040203,7,7,32.0,0.012975366545846679,7,9.0,False
202005040203,5,8,124.9,0.002176290544595907,12,10.0,False
202005040203,4,14,530.9,0.002706532643087563,11,11.0,False
202005040203,8,13,363.8,0.0012877783130495995,14,12.0,False
202005040203,13,11,158.5,0.009630456775178377,8,13.0,False
202005040203,3,5,24.0,0.03663437608248484,5,14.0,False
