race_id,horse_id,race_date,finish_position,finish_time_seconds,age,age_zscore,basis_weight,basis_weight_zscore,bracket_is_inner,bracket_is_middle,bracket_is_outer,days_since_last_race,distance_m,final_corner_to_finish,horse_number,horse_weight,horse_weight_change,horse_weight_zscore,is_jockey_id_changed,is_trainer_id_changed,last_3f_time,pace_index,passing_order_1,passing_order_2,passing_order_3,passing_order_4,past_10_finish_position_max,past_10_finish_position_mean,past_10_finish_position_median,past_10_finish_position_std,past_10_last_3f_time_max,past_10_last_3f_time_mean,past_10_last_3f_time_median,past_10_last_3f_time_std,past_10_passing_order_1_max,past_10_passing_order_1_mean,past_10_passing_order_1_median,past_10_passing_order_1_std,past_10_passing_order_4_max,past_10_passing_order_4_mean,past_10_passing_order_4_median,past_10_passing_order_4_std,past_1_finish_position_max,past_1_finish_position_mean,past_1_finish_position_median,past_1_finish_position_std,past_1_last_3f_time_max,past_1_last_3f_time_mean,past_1_last_3f_time_median,past_1_last_3f_time_std,past_1_passing_order_1_max,past_1_passing_order_1_mean,past_1_passing_order_1_median,past_1_passing_order_1_std,past_1_passing_order_4_max,past_1_passing_order_4_mean,past_1_passing_order_4_median,past_1_passing_order_4_std,past_3_finish_position_max,past_3_finish_position_mean,past_3_finish_position_median,past_3_finish_position_std,past_3_last_3f_time_max,past_3_last_3f_time_mean,past_3_last_3f_time_median,past_3_last_3f_time_std,past_3_passing_order_1_max,past_3_passing_order_1_mean,past_3_passing_order_1_median,past_3_passing_order_1_std,past_3_passing_order_4_max,past_3_passing_order_4_mean,past_3_passing_order_4_median,past_3_passing_order_4_std,past_5_finish_position_max,past_5_finish_position_mean,past_5_finish_position_median,past_5_finish_position_std,past_5_last_3f_time_max,past_5_last_3f_time_mean,past_5_last_3f_time_median,past_5_last_3f_time_std,past_5_passing_order_1_max,past_5_passing_order_1_mean,past_5_passing_order_1_median,past_5_passing_order_1_std,past_5_passing_order_4_max,past_5_passing_order_4_mean,past_5_passing_order_4_median,past_5_passing_order_4_std,position_change_1_2,scratched,sex_セ,sex_牝,sex_牡,time_except_last3f,track_ダート,track_芝,win_probability,jockey_intermediate_win_rate,jockey_long_win_rate,jockey_marathon_win_rate,jockey_mile_win_rate,jockey_sprint_win_rate,jockey_unknown_win_rate,jockey_win_rate,jockey_ダート_win_rate,jockey_中山_win_rate,jockey_京都_win_rate,jockey_小倉_win_rate,jockey_芝_win_rate,trainer_win_rate,trainer_中山_win_rate,trainer_京都_win_rate,trainer_小倉_win_rate,jockey_中京_win_rate,jockey_東京_win_rate,jockey_阪神_win_rate,trainer_中京_win_rate,trainer_東京_win_rate,trainer_阪神_win_rate,jockey_福島_win_rate,trainer_福島_win_rate,jockey_新潟_win_rate,trainer_新潟_win_rate,jockey_函館_win_rate,trainer_函館_win_rate,jockey_札幌_win_rate,trainer_札幌_win_rate
202504040401,2023104553,2025-10-26,10,118.3,2,0.0,53.0,-0.6021933630253717,1,0,0,13.0,1800,-2.0,1,478.0,4.0,0.7432560790779978,1,0,40.3,1.9306930693069309,13,13,12,12,16.0,16.0,16.0,3.4576806613039848,35.8,35.8,35.8,1.237571538153639,12.0,12.0,12.0,3.0983866769659336,9.0,6.0,5.5,2.9154759474226504,16.0,16.0,16.0,0.0,35.8,35.8,35.8,0.0,12.0,12.0,12.0,0.0,6.0,6.0,6.0,0.0,16.0,16.0,16.0,2.6457513110645943,35.8,35.8,35.8,0.960902353693287,12.0,12.0,12.0,2.5166114784235836,8.0,6.0,6.0,2.3094010767585025,16.0,16.0,16.0,3.209361307176242,35.8,35.8,35.8,1.1140017049131967,12.0,12.0,12.0,2.863564212655271,9.0,6.0,6.0,2.701851217221259,0.0,False,0,1,0,78.0,1,0,0.00825082508250825,0.03636363636363636,0.03225806451612903,0.0,0.011299435028248588,0.08333333333333333,0.0,0.04241435562805873,0.04597701149425287,0.0,0.053763440860215055,0.045454545454545456,0.038461538461538464,0.08141321044546851,0.056818181818181816,0.07042253521126761,0.10902255639097744,0.041379310344827586,0.0,0.03333333333333333,0.07397260273972603,0.0297029702970297,0.08333333333333333,0.023255813953488372,0.0975609756097561,0.08333333333333333,0.08666666666666667,0.02702702702702703,0.11267605633802817,0.0,0.09090909090909091
202504040401,2023102909,2025-10-26,5,116.7,2,0.0,55.0,0.8211727677618695,1,0,0,21.0,1800,1.0,2,464.0,4.0,-0.1238760131796663,1,0,40.3,1.8910891089108912,2,2,4,4,6.0,5.0,5.0,1.4142135623730951,39.3,38.599999999999994,38.599999999999994,0.989949493661163,7.0,5.0,5.0,2.8284271247461903,3.0,3.0,3.0,2.9154759474226504,6.0,6.0,6.0,0.0,37.9,37.9,37.9,0.0,7.0,7.0,7.0,0.0,6.0,6.0,6.0,0.0,6.0,5.0,5.0,1.4142135623730951,39.3,38.599999999999994,38.599999999999994,0.989949493661163,7.0,5.0,5.0,2.8284271247461903,3.0,3.0,3.0,2.3094010767585025,6.0,5.0,5.0,1.4142135623730951,39.3,38.599999999999994,38.599999999999994,0.989949493661163,7.0,5.0,5.0,2.8284271247461903,3.0,3.0,3.0,2.701851217221259,0.0,False,0,1,0,76.4,1,0,0.23255813953488372,0.031877213695395513,0.06756756756756757,0.0,0.038366336633663366,0.0471841704718417,0.0,0.04008097165991903,0.03551251008878128,0.058823529411764705,0.03723404255319149,0.05,0.04493464052287582,0.07866273352999016,0.03571428571428571,0.06770833333333333,0.06060606060606061,0.028423772609819122,0.0,0.040740740740740744,0.08080808080808081,0.06,0.07194244604316546,0.0625,0.09090909090909091,0.056179775280898875,0.10975609756097561,0.04242424242424243,0.14814814814814814,0.039119804400977995,0.16666666666666666
202504040401,2023107077,2025-10-26,3,116.1,2,0.0,55.0,0.8211727677618695,1,0,0,57.0,1800,-5.0,3,474.0,12.0,0.4955040527186652,0,0,39.1,1.9642857142857142,7,7,8,8,13.0,11.5,11.5,2.1213203435596424,42.6,40.75,40.75,2.616295090390228,13.0,8.0,8.0,7.0710678118654755,5.0,5.0,5.0,2.9154759474226504,13.0,13.0,13.0,0.0,42.6,42.6,42.6,0.0,3.0,3.0,3.0,0.0,5.0,5.0,5.0,0.0,13.0,11.5,11.5,2.1213203435596424,42.6,40.75,40.75,2.616295090390228,13.0,8.0,8.0,7.0710678118654755,5.0,5.0,5.0,2.3094010767585025,13.0,11.5,11.5,2.1213203435596424,42.6,40.75,40.75,2.616295090390228,13.0,8.0,8.0,7.0710678118654755,5.0,5.0,5.0,2.701851217221259,0.0,False,0,1,0,77.0,1,0,0.047619047619047616,0.05371900826446281,0.041666666666666664,0.0,0.042067307692307696,0.03851261620185923,0.038461538461538464,0.04515173945225759,0.05284280936454849,0.0,0.01762114537444934,0.06277056277056277,0.03556308213378493,0.08649289099526067,0.07692307692307693,0.09642857142857143,0.0787037037037037,0.037037037037037035,0.0625,0.04112554112554113,0.11490683229813664,0.07575757575757576,0.07709750566893424,0.06944444444444445,0.09090909090909091,0.04304635761589404,0.06741573033707865,0.057971014492753624,0.07894736842105263,0.041916167664670656,0.05128205128205128
202504040401,2023107306,2025-10-26,9,118.0,2,0.0,55.0,0.8211727677618695,0,1,0,43.0,1800,7.0,4,488.0,0.0,1.3626361449763293,1,0,41.8,1.8186157517899764,6,6,2,2,9.0,9.0,9.0,3.4576806613039848,39.3,39.3,39.3,1.237571538153639,12.0,12.0,12.0,3.0983866769659336,9.0,6.0,5.5,2.9154759474226504,9.0,9.0,9.0,0.0,39.3,39.3,39.3,0.0,12.0,12.0,12.0,0.0,6.0,6.0,6.0,0.0,9.0,9.0,9.0,2.6457513110645943,39.3,39.3,39.3,0.960902353693287,12.0,12.0,12.0,2.5166114784235836,8.0,6.0,6.0,2.3094010767585025,9.0,9.0,9.0,3.209361307176242,39.3,39.3,39.3,1.1140017049131967,12.0,12.0,12.0,2.863564212655271,9.0,6.0,6.0,2.701851217221259,0.0,False,0,1,0,76.2,1,0,0.20833333333333334,0.08718244803695151,0.07575757575757576,0.07142857142857142,0.07945736434108527,0.10224215246636771,0.15,0.08779032601747283,0.08885017421602788,0.078125,0.07243816254416961,0.1008,0.08624316365166176,0.07136404697380307,0.05555555555555555,0.050955414012738856,0.09352517985611511,0.08363636363636363,0.04201680672268908,0.08737864077669903,0.06896551724137931,0.06,0.04,0.09090909090909091,0.13559322033898305,0.11934156378600823,0.10714285714285714,0.10638297872340426,0.1951219512195122,0.09137055837563451,0.044444444444444446
202504040401,2023105068,2025-10-26,11,118.7,2,0.0,52.0,-1.3138764284189923,0,1,0,14.0,1800,9.0,5,454.0,-4.0,-0.7432560790779978,1,0,42.6,1.7822014051522246,1,1,2,2,11.0,11.0,11.0,3.4576806613039848,38.8,38.8,38.8,1.237571538153639,4.0,4.0,4.0,3.0983866769659336,9.0,6.0,5.5,2.9154759474226504,11.0,11.0,11.0,0.0,38.8,38.8,38.8,0.0,4.0,4.0,4.0,0.0,6.0,6.0,6.0,0.0,11.0,11.0,11.0,2.6457513110645943,38.8,38.8,38.8,0.960902353693287,4.0,4.0,4.0,2.5166114784235836,8.0,6.0,6.0,2.3094010767585025,11.0,11.0,11.0,3.209361307176242,38.8,38.8,38.8,1.1140017049131967,4.0,4.0,4.0,2.863564212655271,9.0,6.0,6.0,2.701851217221259,0.0,False,0,1,0,76.1,1,0,0.022727272727272728,0.03076923076923077,0.0,0.0,0.0,0.07407407407407407,0.0,0.04054054054054054,0.030303030303030304,0.03773584905660377,0.05,0.06313131313131314,0.06666666666666667,0.048715677590788306,0.04501607717041801,0.043478260869565216,0.05,0.0,0.0,0.04948805460750853,0.022222222222222223,0.05204460966542751,0.0,0.1111111111111111,0.034482758620689655,0.04878048780487805,0.041666666666666664,0.0,0.08695652173913043,0.04897959183673469,0.09836065573770492
202504040401,2023106734,2025-10-26,1,116.0,2,0.0,54.0,0.10948970236824894,0,1,0,13.0,1800,0.0,6,478.0,4.0,0.7432560790779978,1,0,39.9,1.9024999999999999,2,2,1,1,16.0,10.5,10.5,7.7781745930520225,39.5,37.4,37.4,2.9698484809835017,14.0,10.0,10.0,5.656854249492381,9.0,6.0,5.5,2.9154759474226504,5.0,5.0,5.0,0.0,39.5,39.5,39.5,0.0,6.0,6.0,6.0,0.0,6.0,6.0,6.0,0.0,16.0,10.5,10.5,7.7781745930520225,39.5,37.4,37.4,2.9698484809835017,14.0,10.0,10.0,5.656854249492381,8.0,6.0,6.0,2.3094010767585025,16.0,10.5,10.5,7.7781745930520225,39.5,37.4,37.4,2.9698484809835017,14.0,10.0,10.0,5.656854249492381,9.0,6.0,6.0,2.701851217221259,0.0,False,0,1,0,76.1,1,0,0.136986301369863,0.06625258799171843,0.05263157894736842,0.0,0.054945054945054944,0.065,0.13333333333333333,0.062411347517730496,0.063257065948856,0.031914893617021274,0.07051282051282051,0.05116279069767442,0.0598159509202454,0.0922029702970297,0.09014675052410902,0.07894736842105263,0.1111111111111111,0.058419243986254296,0.031914893617021274,0.047337278106508875,0.044444444444444446,0.10548523206751055,0.07317073170731707,0.08620689655172414,0.12844036697247707,0.1044776119402985,0.08095238095238096,0.06896551724137931,0.046153846153846156,0.044444444444444446,0.10526315789473684
202504040401,2023103771,2025-10-26,4,116.1,2,0.0,52.0,-1.3138764284189923,0,1,0,126.0,1800,-1.0,7,440.0,12.0,-1.6103881713356618,1,0,39.4,1.9417721518987343,4,4,6,5,14.0,14.0,14.0,3.4576806613039848,36.7,36.7,36.7,1.237571538153639,15.0,15.0,15.0,3.0983866769659336,9.0,6.0,5.5,2.9154759474226504,14.0,14.0,14.0,0.0,36.7,36.7,36.7,0.0,15.0,15.0,15.0,0.0,6.0,6.0,6.0,0.0,14.0,14.0,14.0,2.6457513110645943,36.7,36.7,36.7,0.960902353693287,15.0,15.0,15.0,2.5166114784235836,8.0,6.0,6.0,2.3094010767585025,14.0,14.0,14.0,3.209361307176242,36.7,36.7,36.7,1.1140017049131967,15.0,15.0,15.0,2.863564212655271,9.0,6.0,6.0,2.701851217221259,0.0,False,0,1,0,76.7,1,0,0.11627906976744186,0.020618556701030927,0.0,0.0,0.04195804195804196,0.034653465346534656,0.05,0.030821917808219176,0.03459119496855346,0.03225806451612903,0.05,0.06,0.024390243902439025,0.1183206106870229,0.1111111111111111,0.0,0.0,0.0,0.02,0.04948805460750853,0.2,0.11764705882352941,0.1111111111111111,0.02459016393442623,0.09090909090909091,0.03571428571428571,0.16666666666666666,0.0,0.07142857142857142,0.04897959183673469,0.1
202504040401,2023103533,2025-10-26,2,116.1,2,0.0,55.0,0.8211727677618695,0,1,0,56.0,1800,-5.0,8,430.0,2.0,-2.2297682372339933,1,0,39.4,1.9417721518987343,7,7,6,7,7.0,7.0,7.0,3.4576806613039848,36.2,36.2,36.2,1.237571538153639,6.0,6.0,6.0,3.0983866769659336,9.0,6.0,5.5,2.9154759474226504,7.0,7.0,7.0,0.0,36.2,36.2,36.2,0.0,6.0,6.0,6.0,0.0,6.0,6.0,6.0,0.0,7.0,7.0,7.0,2.6457513110645943,36.2,36.2,36.2,0.960902353693287,6.0,6.0,6.0,2.5166114784235836,8.0,6.0,6.0,2.3094010767585025,7.0,7.0,7.0,3.209361307176242,36.2,36.2,36.2,1.1140017049131967,6.0,6.0,6.0,2.863564212655271,9.0,6.0,6.0,2.701851217221259,0.0,False,0,1,0,76.7,1,0,0.0970873786407767,0.0725758477096966,0.1092436974789916,0.0,0.05219552609776305,0.06613756613756613,0.12280701754385964,0.06871496782229604,0.05923183711244794,0.04971475142624287,0.022222222222222223,0.08550724637681159,0.07541362062331666,0.11466165413533834,0.12350597609561753,0.0,0.19230769230769232,0.05,0.022727272727272728,0.0,0.1111111111111111,0.09326424870466321,0.041666666666666664,0.10368663594470046,0.08641975308641975,0.08916083916083917,0.10884353741496598,0.05660377358490566,0.2,0.08397932816537468,0.2545454545454545
202504040401,2023106110,2025-10-26,7,117.2,2,0.0,55.0,0.8211727677618695,0,1,0,92.0,1800,-1.0,9,474.0,12.0,0.4955040527186652,1,0,40.1,1.9179104477611937,11,11,8,8,12.0,12.0,12.0,3.4576806613039848,35.2,35.2,35.2,1.237571538153639,4.0,4.0,4.0,3.0983866769659336,9.0,6.0,5.5,2.9154759474226504,12.0,12.0,12.0,0.0,35.2,35.2,35.2,0.0,4.0,4.0,4.0,0.0,6.0,6.0,6.0,0.0,12.0,12.0,12.0,2.6457513110645943,35.2,35.2,35.2,0.960902353693287,4.0,4.0,4.0,2.5166114784235836,8.0,6.0,6.0,2.3094010767585025,12.0,12.0,12.0,3.209361307176242,35.2,35.2,35.2,1.1140017049131967,4.0,4.0,4.0,2.863564212655271,9.0,6.0,6.0,2.701851217221259,0.0,False,0,1,0,77.1,1,0,0.02793296089385475,0.044444444444444446,0.03571428571428571,0.0,0.03691275167785235,0.03420523138832998,0.2,0.03924731182795699,0.04108309990662932,0.0,0.012048192771084338,0.04979253112033195,0.03571428571428571,0.08069620253164557,0.06060606060606061,0.02127659574468085,0.1,0.027093596059113302,0.0,0.05244755244755245,0.09615384615384616,0.16216216216216217,0.08620689655172414,0.06557377049180328,0.05128205128205128,0.0684931506849315,0.09722222222222222,0.023255813953488372,0.06666666666666667,0.09803921568627451,0.07407407407407407
202504040401,2023100091,2025-10-26,12,119.5,2,0.0,55.0,0.8211727677618695,0,0,1,35.0,1800,1.0,10,474.0,-2.0,0.4955040527186652,1,0,42.3,1.8207547169811322,7,7,10,11,13.0,13.0,13.0,3.4576806613039848,42.3,42.3,42.3,1.237571538153639,15.0,15.0,15.0,3.0983866769659336,15.0,15.0,15.0,2.9154759474226504,13.0,13.0,13.0,0.0,42.3,42.3,42.3,0.0,15.0,15.0,15.0,0.0,15.0,15.0,15.0,0.0,13.0,13.0,13.0,2.6457513110645943,42.3,42.3,42.3,0.960902353693287,15.0,15.0,15.0,2.5166114784235836,15.0,15.0,15.0,2.3094010767585025,13.0,13.0,13.0,3.209361307176242,42.3,42.3,42.3,1.1140017049131967,15.0,15.0,15.0,2.863564212655271,15.0,15.0,15.0,2.701851217221259,0.0,False,0,1,0,77.2,1,0,0.011806375442739079,0.05757575757575758,0.052083333333333336,0.0,0.04529616724738676,0.05723905723905724,0.08823529411764706,0.05410923940786115,0.05595667870036101,0.052100840336134456,0.0,0.0,0.05018359853121175,0.07644787644787644,0.0851063829787234,0.0,0.0975609756097561,0.08,0.03205128205128205,0.0,0.07042253521126761,0.08022922636103152,0.03125,0.0707395498392283,0.04838709677419355,0.07428571428571429,0.06936416184971098,0.03067484662576687,0.09615384615384616,0.05,0.09230769230769231
202504040401,2023100151,2025-10-26,8,117.2,2,0.0,52.0,-1.3138764284189923,0,0,1,43.0,1800,3.0,11,472.0,8.0,0.3716280395389989,1,0,40.8,1.8679706601466994,4,4,4,5,9.0,6.333333333333333,6.0,2.516611478423583,40.7,39.53333333333333,39.4,1.1060440015358033,10.0,7.666666666666667,9.0,3.2145502536643185,3.0,3.0,3.0,2.9154759474226504,4.0,4.0,4.0,0.0,40.7,40.7,40.7,0.0,4.0,4.0,4.0,0.0,3.0,3.0,3.0,0.0,9.0,6.333333333333333,6.0,2.516611478423583,40.7,39.53333333333333,39.4,1.1060440015358033,10.0,7.666666666666667,9.0,3.2145502536643185,3.0,3.0,3.0,2.3094010767585025,9.0,6.333333333333333,6.0,2.516611478423583,40.7,39.53333333333333,39.4,1.1060440015358033,10.0,7.666666666666667,9.0,3.2145502536643185,3.0,3.0,3.0,2.701851217221259,0.0,False,0,1,0,76.4,1,0,0.12820512820512822,0.05263157894736842,0.0,0.0,0.0375,0.06756756756756757,0.05263157894736842,0.049586776859504134,0.05426356589147287,0.06666666666666667,0.05,0.06313131313131314,0.04424778761061947,0.05263157894736842,0.0327455919395466,0.045454545454545456,0.03125,0.0,0.0,0.04948805460750853,0.060240963855421686,0.05116279069767442,0.14285714285714285,0.07142857142857142,0.058394160583941604,0.0,0.06198347107438017,0.08928571428571429,0.08,0.033707865168539325,0.08333333333333333
202504040401,2023101927,2025-10-26,13,119.7,2,0.0,55.0,0.8211727677618695,0,0,1,84.0,1800,0.0,12,468.0,-10.0,0.1238760131796663,1,0,41.3,1.8937198067632852,10,10,13,13,14.0,14.0,14.0,3.4576806613039848,45.1,45.1,45.1,1.237571538153639,9.0,9.0,9.0,3.0983866769659336,13.0,13.0,13.0,2.9154759474226504,14.0,14.0,14.0,0.0,45.1,45.1,45.1,0.0,9.0,9.0,9.0,0.0,13.0,13.0,13.0,0.0,14.0,14.0,14.0,2.6457513110645943,45.1,45.1,45.1,0.960902353693287,9.0,9.0,9.0,2.5166114784235836,13.0,13.0,13.0,2.3094010767585025,14.0,14.0,14.0,3.209361307176242,45.1,45.1,45.1,1.1140017049131967,9.0,9.0,9.0,2.863564212655271,13.0,13.0,13.0,2.701851217221259,0.0,False,0,1,0,78.4,1,0,0.014245014245014245,0.06184668989547038,0.045454545454545456,0.0,0.055165496489468405,0.061356297093649086,0.02040816326530612,0.05816419266888822,0.06560509554140127,0.07627118644067797,0.031413612565445025,0.04716981132075472,0.052318668252080855,0.051490514905149054,0.0,0.02666666666666667,0.09090909090909091,0.04811715481171548,0.03787878787878788,0.02702702702702703,0.027777777777777776,0.08333333333333333,0.06557377049180328,0.09550561797752809,0.05,0.07420494699646643,0.08571428571428572,0.05741626794258373,0.125,0.07296137339055794,0.0
202504040401,2023103570,2025-10-26,6,117.1,2,0.0,52.0,-1.3138764284189923,0,0,1,49.0,1800,-4.0,13,464.0,-8.0,-0.1238760131796663,1,0,39.6,1.9521410579345087,11,12,11,10,16.0,16.0,16.0,3.4576806613039848,44.6,44.6,44.6,1.237571538153639,5.0,5.0,5.0,3.0983866769659336,16.0,16.0,16.0,2.9154759474226504,16.0,16.0,16.0,0.0,44.6,44.6,44.6,0.0,5.0,5.0,5.0,0.0,16.0,16.0,16.0,0.0,16.0,16.0,16.0,2.6457513110645943,44.6,44.6,44.6,0.960902353693287,5.0,5.0,5.0,2.5166114784235836,16.0,16.0,16.0,2.3094010767585025,16.0,16.0,16.0,3.209361307176242,44.6,44.6,44.6,1.1140017049131967,5.0,5.0,5.0,2.863564212655271,16.0,16.0,16.0,2.701851217221259,1.0,False,0,1,0,77.5,1,0,0.016863406408094434,0.019230769230769232,0.0,0.0,0.0392156862745098,0.030837004405286344,0.0,0.02702702702702703,0.023936170212765957,0.035211267605633804,0.05,0.02857142857142857,0.03375527426160337,0.05179615705931495,0.04984423676012461,0.07692307692307693,0.07228915662650602,0.0,0.017241379310344827,0.04948805460750853,0.0,0.06584362139917696,0.05,0.034722222222222224,0.05,0.021739130434782608,0.023474178403755867,0.0,0.16,0.04897959183673469,0.03076923076923077
202504040402,2023105516,2025-10-26,2,83.2,2,0.0,55.0,0.3337749203131504,1,0,0,41.0,1400,0.0,1,496.0,-2.0,1.5621363918678062,1,0,35.8,1.3203342618384402,7,6,6,6,9.0,9.0,9.0,3.4576806613039848,35.8,35.8,35.8,1.237571538153639,3.0,3.0,3.0,3.0983866769659336,9.0,6.0,5.5,2.9154759474226504,9.0,9.0,9.0,0.0,35.8,35.8,35.8,0.0,3.0,3.0,3.0,0.0,6.0,6.0,6.0,0.0,9.0,9.0,9.0,2.6457513110645943,35.8,35.8,35.8,0.960902353693287,3.0,3.0,3.0,2.5166114784235836,8.0,6.0,6.0,2.3094010767585025,9.0,9.0,9.0,3.209361307176242,35.8,35.8,35.8,1.1140017049131967,3.0,3.0,3.0,2.863564212655271,9.0,6.0,6.0,2.701851217221259,-1.0,False,0,0,1,47.4,0,1,0.012836970474967907,0.06625258799171843,0.05263157894736842,0.0,0.054945054945054944,0.065,0.13333333333333333,0.062411347517730496,0.063257065948856,0.031914893617021274,0.07051282051282051,0.05116279069767442,0.0598159509202454,0.086139896373057,0.125,0.11764705882352941,0.08438818565400844,0.058419243986254296,0.031914893617021274,0.047337278106508875,0.08090614886731391,0.109375,0.05070422535211268,0.08620689655172414,0.1038961038961039,0.1044776119402985,0.1,0.06896551724137931,0.1320754716981132,0.044444444444444446,0.0759493670886076
202504040402,2023102896,2025-10-26,10,84.5,2,0.0,55.0,0.3337749203131504,1,0,0,21.0,1400,0.0,2,436.0,-4.0,-0.5100853524466308,0,0,37.5,1.25,3,3,6,6,12.0,5.666666666666667,3.0,5.507570547286102,40.0,36.199999999999996,34.4,3.2924155266308657,11.0,7.0,5.0,3.4641016151377544,9.0,6.0,5.5,2.9154759474226504,3.0,3.0,3.0,0.0,34.4,34.4,34.4,0.0,5.0,5.0,5.0,0.0,6.0,6.0,6.0,0.0,12.0,5.666666666666667,3.0,5.507570547286102,40.0,36.199999999999996,34.4,3.2924155266308657,11.0,7.0,5.0,3.4641016151377544,8.0,6.0,6.0,2.3094010767585025,12.0,5.666666666666667,3.0,5.507570547286102,40.0,36.199999999999996,34.4,3.2924155266308657,11.0,7.0,5.0,3.4641016151377544,9.0,6.0,6.0,2.701851217221259,0.0,False,0,1,0,47.0,0,1,0.11764705882352941,0.028741328047571853,0.013986013986013986,0.0,0.038510911424903725,0.038425492033739454,0.09782608695652174,0.035922330097087375,0.03884638022366098,0.03463203463203463,0.0,0.05363984674329502,0.02771362586605081,0.044002411091018684,0.038461538461538464,0.0,0.0,0.013333333333333334,0.028011204481792718,0.0,0.024390243902439025,0.055825242718446605,0.0,0.03727714748784441,0.05851063829787234,0.04460093896713615,0.043010752688172046,0.0,0.04411764705882353,0.0,0.05
202504040402,2023102577,2025-10-26,3,83.5,2,0.0,52.0,-1.525828207145825,1,0,0,28.0,1400,0.0,3,462.0,6.0,0.38787740342295857,0,0,36.7,1.2717391304347825,1,1,6,6,5.0,3.6666666666666665,4.0,1.5275252316519465,40.1,38.233333333333334,39.1,2.4193663082165413,3.0,1.6666666666666667,1.0,1.1547005383792517,3.0,3.0,3.0,2.9154759474226504,2.0,2.0,2.0,0.0,35.5,35.5,35.5,0.0,1.0,1.0,1.0,0.0,6.0,6.0,6.0,0.0,5.0,3.6666666666666665,4.0,1.5275252316519465,40.1,38.233333333333334,39.1,2.4193663082165413,3.0,1.6666666666666667,1.0,1.1547005383792517,3.0,3.0,3.0,2.3094010767585025,5.0,3.6666666666666665,4.0,1.5275252316519465,40.1,38.233333333333334,39.1,2.4193663082165413,3.0,1.6666666666666667,1.0,1.1547005383792517,3.0,3.0,3.0,2.701851217221259,0.0,False,0,1,0,46.8,0,1,0.19607843137254904,0.04216867469879518,0.075,0.0,0.04819277108433735,0.07049608355091384,0.0,0.054844606946983544,0.06446776611694154,0.0,0.04411764705882353,0.058823529411764705,0.040380047505938245,0.1049552649690296,0.09714285714285714,0.11479591836734694,0.125,0.05952380952380952,0.08333333333333333,0.034334763948497854,0.10698689956331878,0.10702341137123746,0.07965860597439545,0.11702127659574468,0.12903225806451613,0.056818181818181816,0.12962962962962962,0.06535947712418301,0.11920529801324503,0.04020100502512563,0.1072961373390558
202504040402,2023110026,2025-10-26,7,84.0,2,0.0,55.0,0.3337749203131504,0,1,0,63.0,1400,0.0,4,442.0,2.0,-0.3028631780151871,1,0,36.0,1.3296398891966759,12,11,6,6,8.0,6.5,7.0,1.9148542155126762,36.6,35.825,36.1,1.001249219725044,12.0,7.0,7.0,4.396968652757639,9.0,6.0,5.5,2.9154759474226504,8.0,8.0,8.0,0.0,36.6,36.6,36.6,0.0,5.0,5.0,5.0,0.0,6.0,6.0,6.0,0.0,8.0,6.0,6.0,2.0,36.6,36.26666666666667,36.6,0.5773502691896404,9.0,5.333333333333333,5.0,3.5118845842842457,8.0,6.0,6.0,2.3094010767585025,8.0,6.5,7.0,1.9148542155126762,36.6,35.825,36.1,1.001249219725044,12.0,7.0,7.0,4.396968652757639,9.0,6.0,6.0,2.701851217221259,-1.0,False,0,1,0,48.0,0,1,0.017271157167530225,0.08718244803695151,0.07575757575757576,0.07142857142857142,0.07945736434108527,0.10224215246636771,0.15,0.08779032601747283,0.08885017421602788,0.078125,0.07243816254416961,0.1008,0.08624316365166176,0.03225806451612903,0.0,0.05,0.1111111111111111,0.08363636363636363,0.04201680672268908,0.08737864077669903,0.05263157894736842,0.0,0.02631578947368421,0.09090909090909091,0.0,0.11934156378600823,0.0,0.10638297872340426,0.0,0.09137055837563451,0.037037037037037035
202504040402,2023105549,2025-10-26,11,85.0,2,0.0,53.0,-0.9059604979928332,0,1,0,112.0,1400,0.0,5,418.0,-10.0,-1.131751875740962,1,1,37.2,1.2815013404825735,9,10,6,6,9.0,9.0,9.0,3.4576806613039848,37.4,37.4,37.4,1.237571538153639,3.0,3.0,3.0,3.0983866769659336,9.0,6.0,5.5,2.9154759474226504,9.0,9.0,9.0,0.0,37.4,37.4,37.4,0.0,3.0,3.0,3.0,0.0,6.0,6.0,6.0,0.0,9.0,9.0,9.0,2.6457513110645943,37.4,37.4,37.4,0.960902353693287,3.0,3.0,3.0,2.5166114784235836,8.0,6.0,6.0,2.3094010767585025,9.0,9.0,9.0,3.209361307176242,37.4,37.4,37.4,1.1140017049131967,3.0,3.0,3.0,2.863564212655271,9.0,6.0,6.0,2.701851217221259,1.0,False,0,0,1,47.8,0,1,0.009082652134423252,0.019230769230769232,0.0,0.0,0.0392156862745098,0.030837004405286344,0.0,0.02702702702702703,0.023936170212765957,0.035211267605633804,0.05,0.02857142857142857,0.03375527426160337,0.05662983425414365,0.06921241050119331,0.0,0.0392156862745098,0.0,0.017241379310344827,0.04948805460750853,0.034482758620689655,0.06221198156682028,0.0,0.034722222222222224,0.0625,0.021739130434782608,0.04854368932038835,0.0,0.03636363636363636,0.04897959183673469,0.034482758620689655
202504040402,2023101268,2025-10-26,13,86.4,2,0.0,55.0,0.3337749203131504,0,1,0,92.0,1400,0.0,6,402.0,-2.0,-1.6843443408914784,1,0,38.6,1.235142118863049,9,13,6,6,11.0,11.0,11.0,3.4576806613039848,36.9,36.9,36.9,1.237571538153639,8.0,8.0,8.0,3.0983866769659336,9.0,6.0,5.5,2.9154759474226504,11.0,11.0,11.0,0.0,36.9,36.9,36.9,0.0,8.0,8.0,8.0,0.0,6.0,6.0,6.0,0.0,11.0,11.0,11.0,2.6457513110645943,36.9,36.9,36.9,0.960902353693287,8.0,8.0,8.0,2.5166114784235836,8.0,6.0,6.0,2.3094010767585025,11.0,11.0,11.0,3.209361307176242,36.9,36.9,36.9,1.1140017049131967,8.0,8.0,8.0,2.863564212655271,9.0,6.0,6.0,2.701851217221259,4.0,False,0,1,0,47.8,0,1,0.0022202486678507996,0.06184668989547038,0.045454545454545456,0.0,0.055165496489468405,0.061356297093649086,0.02040816326530612,0.05816419266888822,0.06560509554140127,0.07627118644067797,0.031413612565445025,0.04716981132075472,0.052318668252080855,0.051490514905149054,0.0,0.02666666666666667,0.09090909090909091,0.04811715481171548,0.03787878787878788,0.02702702702702703,0.027777777777777776,0.08333333333333333,0.06557377049180328,0.09550561797752809,0.05,0.07420494699646643,0.08571428571428572,0.05741626794258373,0.125,0.07296137339055794,0.0
202504040402,2023100831,2025-10-26,4,83.6,2,0.0,56.0,0.9536426294661422,0,1,0,13.0,1400,0.0,7,448.0,12.0,-0.09564100358374339,1,0,36.7,1.2744565217391302,2,2,6,6,5.0,4.0,4.0,0.816496580927726,37.3,35.9,35.8,1.2961481396815708,6.0,4.25,4.5,1.707825127659933,8.0,6.0,6.0,2.8284271247461903,4.0,4.0,4.0,0.0,34.9,34.9,34.9,0.0,2.0,2.0,2.0,0.0,6.0,6.0,6.0,0.0,5.0,4.0,4.0,1.0,37.3,35.63333333333333,34.9,1.4468356276140448,6.0,4.0,4.0,2.0,8.0,8.0,8.0,2.3094010767585025,5.0,4.0,4.0,0.816496580927726,37.3,35.9,35.8,1.2961481396815708,6.0,4.25,4.5,1.707825127659933,8.0,6.0,6.0,2.8284271247461903,0.0,False,0,0,1,46.9,0,1,0.08130081300813008,0.03143712574850299,0.01,0.0,0.035483870967741936,0.04205607476635514,0.09333333333333334,0.03705463182897862,0.029896907216494847,0.033973412112259974,0.0,0.07792207792207792,0.03962264150943396,0.04659717964438995,0.05,0.021739130434782608,0.05434782608695652,0.01818181818181818,0.02564102564102564,0.0,0.015503875968992248,0.030100334448160536,0.04,0.03257328990228013,0.07772020725388601,0.049217002237136466,0.040983606557377046,0.12121212121212122,0.06521739130434782,0.0,0.07608695652173914
202504040402,2023104960,2025-10-26,1,83.2,2,0.0,55.0,0.3337749203131504,0,1,0,35.0,1400,0.0,8,484.0,4.0,1.1476920430049187,1,0,36.0,1.3074792243767313,6,6,6,6,6.0,4.666666666666667,6.0,2.309401076758503,35.7,34.96666666666667,35.0,0.7505553499465134,8.0,5.333333333333333,6.0,3.055050463303893,9.0,6.0,5.5,2.9154759474226504,6.0,6.0,6.0,0.0,35.7,35.7,35.7,0.0,2.0,2.0,2.0,0.0,6.0,6.0,6.0,0.0,6.0,4.666666666666667,6.0,2.309401076758503,35.7,34.96666666666667,35.0,0.7505553499465134,8.0,5.333333333333333,6.0,3.055050463303893,8.0,6.0,6.0,2.3094010767585025,6.0,4.666666666666667,6.0,2.309401076758503,35.7,34.96666666666667,35.0,0.7505553499465134,8.0,5.333333333333333,6.0,3.055050463303893,9.0,6.0,6.0,2.701851217221259,0.0,False,0,0,1,47.2,0,1,0.2,0.04040404040404041,0.06329113924050633,0.0,0.04212860310421286,0.058333333333333334,0.07142857142857142,0.04900181488203267,0.053156146179401995,0.07692307692307693,0.0,0.06313131313131314,0.04293628808864266,0.06583072100313479,0.05128205128205128,0.060498220640569395,0.06015037593984962,0.025396825396825397,0.0,0.04484304932735426,0.08648648648648649,0.05813953488372093,0.052,0.0670391061452514,0.0821917808219178,0.05460750853242321,0.0851063829787234,0.06097560975609756,0.06493506493506493,0.041237113402061855,0.06172839506172839
202504040402,2023105331,2025-10-26,12,85.6,2,0.0,52.0,-1.525828207145825,0,1,0,120.0,1400,0.0,9,444.0,2.0,-0.23378911987137252,1,0,38.1,1.243455497382199,8,8,6,6,9.0,6.0,6.0,4.242640687119285,38.2,36.8,36.8,1.9798989873223385,2.0,1.5,1.5,0.7071067811865476,9.0,6.0,5.5,2.9154759474226504,9.0,9.0,9.0,0.0,38.2,38.2,38.2,0.0,2.0,2.0,2.0,0.0,6.0,6.0,6.0,0.0,9.0,6.0,6.0,4.242640687119285,38.2,36.8,36.8,1.9798989873223385,2.0,1.5,1.5,0.7071067811865476,8.0,6.0,6.0,2.3094010767585025,9.0,6.0,6.0,4.242640687119285,38.2,36.8,36.8,1.9798989873223385,2.0,1.5,1.5,0.7071067811865476,9.0,6.0,6.0,2.701851217221259,0.0,False,0,1,0,47.5,0,1,0.0390625,0.020618556701030927,0.0,0.0,0.04195804195804196,0.034653465346534656,0.05,0.030821917808219176,0.03459119496855346,0.03225806451612903,0.05,0.06,0.024390243902439025,0.08079552517091361,0.08685968819599109,0.046153846153846156,0.04597701149425287,0.0,0.02,0.04948805460750853,0.08695652173913043,0.06930693069306931,0.0875,0.02459016393442623,0.1038961038961039,0.03571428571428571,0.09821428571428571,0.0,0.08955223880597014,0.04897959183673469,0.03076923076923077
202504040402,2023102357,2025-10-26,6,83.8,2,0.0,56.0,0.9536426294661422,0,0,1,22.0,1400,0.0,10,442.0,-4.0,-0.3028631780151871,0,0,36.8,1.2737127371273713,3,3,6,6,5.0,5.0,5.0,3.4576806613039848,34.5,34.5,34.5,1.237571538153639,2.0,2.0,2.0,3.0983866769659336,9.0,6.0,5.5,2.9154759474226504,5.0,5.0,5.0,0.0,34.5,34.5,34.5,0.0,2.0,2.0,2.0,0.0,6.0,6.0,6.0,0.0,5.0,5.0,5.0,2.6457513110645943,34.5,34.5,34.5,0.960902353693287,2.0,2.0,2.0,2.5166114784235836,8.0,6.0,6.0,2.3094010767585025,5.0,5.0,5.0,3.209361307176242,34.5,34.5,34.5,1.1140017049131967,2.0,2.0,2.0,2.863564212655271,9.0,6.0,6.0,2.701851217221259,0.0,False,0,0,1,47.0,0,1,0.038461538461538464,0.031877213695395513,0.06756756756756757,0.0,0.038366336633663366,0.0471841704718417,0.0,0.04008097165991903,0.03551251008878128,0.058823529411764705,0.03723404255319149,0.05,0.04493464052287582,0.0782169890664424,0.0,0.05649717514124294,0.08661417322834646,0.028423772609819122,0.0,0.040740740740740744,0.07,0.07142857142857142,0.07604562737642585,0.0625,0.13333333333333333,0.056179775280898875,0.08955223880597014,0.04242424242424243,0.10810810810810811,0.039119804400977995,0.11811023622047244
202504040402,2023101792,2025-10-26,9,84.1,2,0.0,56.0,0.9536426294661422,0,0,1,22.0,1400,0.0,11,490.0,8.0,1.3549142174363624,1,0,37.0,1.2695417789757413,3,3,6,6,2.0,2.0,2.0,3.4576806613039848,33.5,33.5,33.5,1.237571538153639,11.0,11.0,11.0,3.0983866769659336,9.0,6.0,5.5,2.9154759474226504,2.0,2.0,2.0,0.0,33.5,33.5,33.5,0.0,11.0,11.0,11.0,0.0,6.0,6.0,6.0,0.0,2.0,2.0,2.0,2.6457513110645943,33.5,33.5,33.5,0.960902353693287,11.0,11.0,11.0,2.5166114784235836,8.0,6.0,6.0,2.3094010767585025,2.0,2.0,2.0,3.209361307176242,33.5,33.5,33.5,1.1140017049131967,11.0,11.0,11.0,2.863564212655271,9.0,6.0,6.0,2.701851217221259,0.0,False,0,0,1,47.1,0,1,0.29411764705882354,0.0725758477096966,0.1092436974789916,0.0,0.05219552609776305,0.06613756613756613,0.12280701754385964,0.06871496782229604,0.05923183711244794,0.04971475142624287,0.022222222222222223,0.08550724637681159,0.07541362062331666,0.10332749562171628,0.10526315789473684,0.09523809523809523,0.0,0.05,0.022727272727272728,0.0,0.13043478260869565,0.08823529411764706,0.0,0.10368663594470046,0.1839080459770115,0.08916083916083917,0.04819277108433735,0.05660377358490566,0.1875,0.08397932816537468,0.0625
202504040402,2023104505,2025-10-26,5,83.7,2,0.0,56.0,0.9536426294661422,0,0,1,15.0,1400,0.0,12,474.0,6.0,0.8023217522858459,0,0,35.9,1.3277777777777777,9,8,6,6,12.0,8.5,8.5,4.949747468305833,34.8,34.75,34.75,0.07071067811865074,5.0,3.5,3.5,2.1213203435596424,9.0,6.0,5.5,2.9154759474226504,5.0,5.0,5.0,0.0,34.8,34.8,34.8,0.0,2.0,2.0,2.0,0.0,6.0,6.0,6.0,0.0,12.0,8.5,8.5,4.949747468305833,34.8,34.75,34.75,0.07071067811865074,5.0,3.5,3.5,2.1213203435596424,8.0,6.0,6.0,2.3094010767585025,12.0,8.5,8.5,4.949747468305833,34.8,34.75,34.75,0.07071067811865074,5.0,3.5,3.5,2.1213203435596424,9.0,6.0,6.0,2.701851217221259,-1.0,False,0,0,1,47.8,0,1,0.007905138339920948,0.05757575757575758,0.052083333333333336,0.0,0.04529616724738676,0.05723905723905724,0.08823529411764706,0.05410923940786115,0.05595667870036101,0.052100840336134456,0.0,0.0,0.05018359853121175,0.016,0.020202020202020204,0.016666666666666666,0.02097902097902098,0.08,0.03205128205128205,0.0,0.019417475728155338,0.004901960784313725,0.02531645569620253,0.0707395498392283,0.005747126436781609,0.07428571428571429,0.015384615384615385,0.03067484662576687,0.03125,0.05,0.017857142857142856
202504040402,2023107078,2025-10-26,8,84.0,2,0.0,52.0,-1.525828207145825,0,0,1,63.0,1400,0.0,13,422.0,-6.0,-0.9936037594533327,1,0,36.0,1.3296398891966759,12,12,6,6,10.0,10.0,10.0,3.4576806613039848,34.5,34.5,34.5,1.237571538153639,9.0,9.0,9.0,3.0983866769659336,9.0,6.0,5.5,2.9154759474226504,10.0,10.0,10.0,0.0,34.5,34.5,34.5,0.0,9.0,9.0,9.0,0.0,6.0,6.0,6.0,0.0,10.0,10.0,10.0,2.6457513110645943,34.5,34.5,34.5,0.960902353693287,9.0,9.0,9.0,2.5166114784235836,8.0,6.0,6.0,2.3094010767585025,10.0,10.0,10.0,3.209361307176242,34.5,34.5,34.5,1.1140017049131967,9.0,9.0,9.0,2.863564212655271,9.0,6.0,6.0,2.701851217221259,0.0,False,0,1,0,48.0,0,1,0.010649627263045794,0.05263157894736842,0.0,0.0,0.0375,0.06756756756756757,0.05263157894736842,0.049586776859504134,0.05426356589147287,0.06666666666666667,0.05,0.06313131313131314,0.04424778761061947,0.03261623872310895,0.041463414634146344,0.0,0.022222222222222223,0.0,0.0,0.04948805460750853,0.018518518518518517,0.02556818181818182,0.0,0.07142857142857142,0.022388059701492536,0.0,0.049723756906077346,0.08928571428571429,0.03614457831325301,0.033707865168539325,0.031914893617021274
202504040403,2023106061,2025-10-26,10,118.7,2,0.0,53.0,-1.6321011760197566,1,0,0,15.0,1800,1.0,1,460.0,0.0,-0.99879439983551,1,0,42.3,1.8018867924528303,8,5,8,9,14.0,14.0,14.0,3.4576806613039848,39.8,39.8,39.8,1.237571538153639,16.0,16.0,16.0,3.0983866769659336,9.0,6.0,5.5,2.9154759474226504,14.0,14.0,14.0,0.0,39.8,39.8,39.8,0.0,16.0,16.0,16.0,0.0,6.0,6.0,6.0,0.0,14.0,14.0,14.0,2.6457513110645943,39.8,39.8,39.8,0.960902353693287,16.0,16.0,16.0,2.5166114784235836,8.0,6.0,6.0,2.3094010767585025,14.0,14.0,14.0,3.209361307176242,39.8,39.8,39.8,1.1140017049131967,16.0,16.0,16.0,2.863564212655271,9.0,6.0,6.0,2.701851217221259,-3.0,False,0,0,1,76.4,1,0,0.0038431975403535744,0.05263157894736842,0.0,0.0,0.0375,0.06756756756756757,0.05263157894736842,0.049586776859504134,0.05426356589147287,0.06666666666666667,0.05,0.06313131313131314,0.04424778761061947,0.04259776536312849,0.055408970976253295,0.0,0.02631578947368421,0.0,0.0,0.04948805460750853,0.05952380952380952,0.020114942528735632,0.05555555555555555,0.07142857142857142,0.05263157894736842,0.0,0.04975124378109453,0.08928571428571429,0.047619047619047616,0.033707865168539325,0.04054054054054054
202504040403,2023105995,2025-10-26,9,117.7,2,0.0,53.0,-1.6321011760197566,1,0,0,15.0,1800,-1.0,2,480.0,4.0,0.08685168694221959,1,0,40.8,1.8801955990220052,10,10,10,10,12.0,11.0,11.0,1.4142135623730951,38.7,36.75,36.75,2.7577164466275392,16.0,13.0,13.0,4.242640687119285,9.0,6.0,5.5,2.9154759474226504,10.0,10.0,10.0,0.0,34.8,34.8,34.8,0.0,10.0,10.0,10.0,0.0,6.0,6.0,6.0,0.0,12.0,11.0,11.0,1.4142135623730951,38.7,36.75,36.75,2.7577164466275392,16.0,13.0,13.0,4.242640687119285,8.0,6.0,6.0,2.3094010767585025,12.0,11.0,11.0,1.4142135623730951,38.7,36.75,36.75,2.7577164466275392,16.0,13.0,13.0,4.242640687119285,9.0,6.0,6.0,2.701851217221259,0.0,False,0,0,1,76.9,1,0,0.0034674063800277394,0.019230769230769232,0.0,0.0,0.0392156862745098,0.030837004405286344,0.0,0.02702702702702703,0.023936170212765957,0.035211267605633804,0.05,0.02857142857142857,0.03375527426160337,0.08951048951048951,0.11282051282051282,0.0,0.2631578947368421,0.0,0.017241379310344827,0.04948805460750853,0.02857142857142857,0.10309278350515463,0.0,0.034722222222222224,0.05434782608695652,0.021739130434782608,0.045454545454545456,0.0,0.1111111111111111,0.04897959183673469,0.09375
202504040403,2023102579,2025-10-26,8,117.2,2,0.0,55.0,-0.07771910361998946,1,0,0,14.0,1800,2.0,3,494.0,-4.0,0.8468039476866303,0,0,41.1,1.8470873786407764,6,5,6,6,8.0,8.0,8.0,3.4576806613039848,38.5,38.5,38.5,1.237571538153639,10.0,10.0,10.0,3.0983866769659336,11.0,11.0,11.0,2.9154759474226504,8.0,8.0,8.0,0.0,38.5,38.5,38.5,0.0,10.0,10.0,10.0,0.0,11.0,11.0,11.0,0.0,8.0,8.0,8.0,2.6457513110645943,38.5,38.5,38.5,0.960902353693287,10.0,10.0,10.0,2.5166114784235836,11.0,11.0,11.0,2.3094010767585025,8.0,8.0,8.0,3.209361307176242,38.5,38.5,38.5,1.1140017049131967,10.0,10.0,10.0,2.863564212655271,11.0,11.0,11.0,2.701851217221259,-1.0,False,0,0,1,76.1,1,0,0.028169014084507043,0.06625258799171843,0.05263157894736842,0.0,0.054945054945054944,0.065,0.13333333333333333,0.062411347517730496,0.063257065948856,0.031914893617021274,0.07051282051282051,0.05116279069767442,0.0598159509202454,0.0794148380355277,0.06666666666666667,0.06832298136645963,0.11666666666666667,0.058419243986254296,0.031914893617021274,0.047337278106508875,0.08176100628930817,0.023255813953488372,0.0871559633027523,0.08620689655172414,0.09803921568627451,0.1044776119402985,0.10344827586206896,0.06896551724137931,0.0,0.044444444444444446,0.05263157894736842
202504040403,2023103701,2025-10-26,2,114.5,2,0.0,56.0,0.699471932579894,0,1,0,8.0,1800,-1.0,4,448.0,0.0,-1.6501820519021477,1,0,38.6,1.9612403100775193,5,5,3,3,3.0,2.3333333333333335,2.0,0.5773502691896257,40.1,39.06666666666666,39.3,1.167618659209137,7.0,5.0,6.0,2.6457513110645907,6.0,4.0,4.0,2.8284271247461903,3.0,3.0,3.0,0.0,37.8,37.8,37.8,0.0,6.0,6.0,6.0,0.0,6.0,6.0,6.0,0.0,3.0,2.3333333333333335,2.0,0.5773502691896257,40.1,39.06666666666666,39.3,1.167618659209137,7.0,5.0,6.0,2.6457513110645907,6.0,4.0,4.0,2.8284271247461903,3.0,2.3333333333333335,2.0,0.5773502691896257,40.1,39.06666666666666,39.3,1.167618659209137,7.0,5.0,6.0,2.6457513110645907,6.0,4.0,4.0,2.8284271247461903,0.0,False,0,0,1,75.9,1,0,0.18181818181818182,0.08718244803695151,0.07575757575757576,0.07142857142857142,0.07945736434108527,0.10224215246636771,0.15,0.08779032601747283,0.08885017421602788,0.078125,0.07243816254416961,0.1008,0.08624316365166176,0.10332749562171628,0.10526315789473684,0.09523809523809523,0.0,0.08363636363636363,0.04201680672268908,0.08737864077669903,0.13043478260869565,0.08823529411764706,0.0,0.09090909090909091,0.1839080459770115,0.11934156378600823,0.04819277108433735,0.10638297872340426,0.1875,0.09137055837563451,0.0625
202504040403,2023100586,2025-10-26,3,114.6,2,0.0,56.0,0.699471932579894,0,1,0,28.0,1800,-5.0,5,450.0,-6.0,-1.5416174432243748,0,0,38.1,2.00261780104712,9,9,9,8,6.0,4.0,4.0,1.5811388300841898,40.4,38.06,38.1,1.80222085217101,8.0,6.8,7.0,1.6431676725154984,9.0,7.0,7.5,2.160246899469287,4.0,4.0,4.0,0.0,40.4,40.4,40.4,0.0,7.0,7.0,7.0,0.0,4.0,4.0,4.0,0.0,5.0,3.6666666666666665,4.0,1.5275252316519468,40.4,39.23333333333334,39.2,1.1503622617825,8.0,6.333333333333333,7.0,2.081665999466133,8.0,6.333333333333333,7.0,2.0816659994661326,6.0,4.0,4.0,1.5811388300841898,40.4,38.06,38.1,1.80222085217101,8.0,6.8,7.0,1.6431676725154984,9.0,7.0,7.5,2.160246899469287,0.0,False,0,0,1,76.5,1,0,0.2222222222222222,0.0725758477096966,0.1092436974789916,0.0,0.05219552609776305,0.06613756613756613,0.12280701754385964,0.06871496782229604,0.05923183711244794,0.04971475142624287,0.022222222222222223,0.08550724637681159,0.07541362062331666,0.04440026507620941,0.05274725274725275,0.06666666666666667,0.027777777777777776,0.05,0.022727272727272728,0.0,0.015384615384615385,0.018276762402088774,0.0,0.10368663594470046,0.041176470588235294,0.08916083916083917,0.0670391061452514,0.05660377358490566,0.10344827586206896,0.08397932816537468,0.08139534883720931
202504040403,2023104700,2025-10-26,4,114.9,2,0.0,56.0,0.699471932579894,0,1,0,15.0,1800,1.0,6,488.0,4.0,0.5211101216533114,0,0,39.0,1.9411764705882353,3,3,3,3,3.0,3.0,3.0,3.4576806613039848,38.0,38.0,38.0,1.237571538153639,5.0,5.0,5.0,3.0983866769659336,9.0,6.0,5.5,2.9154759474226504,3.0,3.0,3.0,0.0,38.0,38.0,38.0,0.0,5.0,5.0,5.0,0.0,6.0,6.0,6.0,0.0,3.0,3.0,3.0,2.6457513110645943,38.0,38.0,38.0,0.960902353693287,5.0,5.0,5.0,2.5166114784235836,8.0,6.0,6.0,2.3094010767585025,3.0,3.0,3.0,3.209361307176242,38.0,38.0,38.0,1.1140017049131967,5.0,5.0,5.0,2.863564212655271,9.0,6.0,6.0,2.701851217221259,0.0,False,0,0,1,75.9,1,0,0.17543859649122806,0.03143712574850299,0.01,0.0,0.035483870967741936,0.04205607476635514,0.09333333333333334,0.03705463182897862,0.029896907216494847,0.033973412112259974,0.0,0.07792207792207792,0.03962264150943396,0.051490514905149054,0.0,0.02666666666666667,0.09090909090909091,0.01818181818181818,0.02564102564102564,0.0,0.027777777777777776,0.08333333333333333,0.06557377049180328,0.03257328990228013,0.05,0.049217002237136466,0.08571428571428572,0.12121212121212122,0.125,0.0,0.0
202504040403,2023105708,2025-10-26,1,113.9,2,0.0,54.0,-0.854910139819873,0,0,1,15.0,1800,-1.0,7,488.0,4.0,0.5211101216533114,1,0,38.3,1.96875,2,2,2,2,5.0,4.25,4.0,0.4999999999999999,38.4,37.699999999999996,37.55,0.5228129047119361,8.0,6.25,7.0,2.217355782608345,2.0,2.0,2.0,2.9154759474226504,4.0,4.0,4.0,0.0,37.3,37.3,37.3,0.0,3.0,3.0,3.0,0.0,2.0,2.0,2.0,0.0,5.0,4.333333333333333,4.0,0.5773502691896257,37.8,37.46666666666666,37.3,0.28867513459480704,7.0,5.666666666666667,7.0,2.3094010767585034,2.0,2.0,2.0,2.3094010767585025,5.0,4.25,4.0,0.4999999999999999,38.4,37.699999999999996,37.55,0.5228129047119361,8.0,6.25,7.0,2.217355782608345,2.0,2.0,2.0,2.701851217221259,0.0,False,0,0,1,75.6,1,0,0.27027027027027023,0.03636363636363636,0.03225806451612903,0.0,0.011299435028248588,0.08333333333333333,0.0,0.04241435562805873,0.04597701149425287,0.0,0.053763440860215055,0.045454545454545456,0.038461538461538464,0.0524126455906822,0.13333333333333333,0.051094890510948905,0.06015037593984962,0.041379310344827586,0.0,0.03333333333333333,0.05084745762711865,0.0,0.03482587064676617,0.023255813953488372,0.15,0.08333333333333333,0.1,0.02702702702702703,0.06382978723404255,0.0,0.12
202504040403,2023103626,2025-10-26,6,115.8,2,0.0,56.0,0.699471932579894,0,0,1,57.0,1800,0.0,8,492.0,-10.0,0.7382393390088573,1,0,39.6,1.9193954659949621,7,8,7,6,8.0,8.0,8.0,3.4576806613039848,38.8,38.8,38.8,1.237571538153639,8.0,8.0,8.0,3.0983866769659336,5.0,5.0,5.0,2.9154759474226504,8.0,8.0,8.0,0.0,38.8,38.8,38.8,0.0,8.0,8.0,8.0,0.0,5.0,5.0,5.0,0.0,8.0,8.0,8.0,2.6457513110645943,38.8,38.8,38.8,0.960902353693287,8.0,8.0,8.0,2.5166114784235836,5.0,5.0,5.0,2.3094010767585025,8.0,8.0,8.0,3.209361307176242,38.8,38.8,38.8,1.1140017049131967,8.0,8.0,8.0,2.863564212655271,5.0,5.0,5.0,2.701851217221259,1.0,False,0,0,1,76.2,1,0,0.06944444444444445,0.06184668989547038,0.045454545454545456,0.0,0.055165496489468405,0.061356297093649086,0.02040816326530612,0.05816419266888822,0.06560509554140127,0.07627118644067797,0.031413612565445025,0.04716981132075472,0.052318668252080855,0.10879190385831752,0.09482758620689655,0.15,0.0,0.04811715481171548,0.03787878787878788,0.02702702702702703,0.0547945205479452,0.14068441064638784,0.06976744186046512,0.09550561797752809,0.05154639175257732,0.07420494699646643,0.07650273224043716,0.05741626794258373,0.2077922077922078,0.07296137339055794,0.10465116279069768
202504040403,2023106547,2025-10-26,5,115.3,2,0.0,56.0,0.699471932579894,0,0,1,14.0,1800,2.0,9,492.0,2.0,0.7382393390088573,1,0,39.3,1.9289340101522843,4,4,3,3,6.0,6.0,6.0,3.4576806613039848,38.4,38.4,38.4,1.237571538153639,10.0,10.0,10.0,3.0983866769659336,7.0,7.0,7.0,2.9154759474226504,6.0,6.0,6.0,0.0,38.4,38.4,38.4,0.0,10.0,10.0,10.0,0.0,7.0,7.0,7.0,0.0,6.0,6.0,6.0,2.6457513110645943,38.4,38.4,38.4,0.960902353693287,10.0,10.0,10.0,2.5166114784235836,7.0,7.0,7.0,2.3094010767585025,6.0,6.0,6.0,3.209361307176242,38.4,38.4,38.4,1.1140017049131967,10.0,10.0,10.0,2.863564212655271,7.0,7.0,7.0,2.701851217221259,0.0,False,0,0,1,76.0,1,0,0.04081632653061224,0.05371900826446281,0.041666666666666664,0.0,0.042067307692307696,0.03851261620185923,0.038461538461538464,0.04515173945225759,0.05284280936454849,0.0,0.01762114537444934,0.06277056277056277,0.03556308213378493,0.03225806451612903,0.0,0.05,0.1111111111111111,0.037037037037037035,0.0625,0.04112554112554113,0.05263157894736842,0.0,0.02631578947368421,0.06944444444444445,0.0,0.04304635761589404,0.0,0.057971014492753624,0.0,0.041916167664670656,0.037037037037037035
202504040403,2023105455,2025-10-26,7,116.2,2,0.0,56.0,0.699471932579894,0,0,1,14.0,1800,6.0,10,492.0,-4.0,0.7382393390088573,0,0,40.7,1.8504901960784312,1,1,1,1,12.0,12.0,12.0,3.4576806613039848,36.0,36.0,36.0,1.237571538153639,6.0,6.0,6.0,3.0983866769659336,9.0,6.0,5.5,2.9154759474226504,12.0,12.0,12.0,0.0,36.0,36.0,36.0,0.0,6.0,6.0,6.0,0.0,6.0,6.0,6.0,0.0,12.0,12.0,12.0,2.6457513110645943,36.0,36.0,36.0,0.960902353693287,6.0,6.0,6.0,2.5166114784235836,8.0,6.0,6.0,2.3094010767585025,12.0,12.0,12.0,3.209361307176242,36.0,36.0,36.0,1.1140017049131967,6.0,6.0,6.0,2.863564212655271,9.0,6.0,6.0,2.701851217221259,0.0,False,0,0,1,75.5,1,0,0.02293577981651376,0.05757575757575758,0.052083333333333336,0.0,0.04529616724738676,0.05723905723905724,0.08823529411764706,0.05410923940786115,0.05595667870036101,0.052100840336134456,0.0,0.0,0.05018359853121175,0.062150403977625855,0.07528957528957529,0.058823529411764705,0.05555555555555555,0.08,0.03205128205128205,0.0,0.023809523809523808,0.05856832971800434,0.03125,0.0707395498392283,0.07333333333333333,0.07428571428571429,0.06074766355140187,0.03067484662576687,0.03636363636363636,0.05,0.03571428571428571
202504040404,2020101598,2025-10-26,9,110.0,5,2.48349422213481,56.0,1.3053763213858465,1,0,0,21.0,1800,0.0,1,448.0,-4.0,-0.18457509285873114,1,0,34.6,2.1729106628242074,11,10,6,6,16.0,10.4,10.5,3.238655413730964,41.1,35.67,35.1,2.3865595879145083,16.0,8.2,6.0,5.266244708835066,9.0,6.0,5.5,2.9154759474226504,12.0,12.0,12.0,0.0,33.2,33.2,33.2,0.0,16.0,16.0,16.0,0.0,6.0,6.0,6.0,0.0,12.0,11.0,12.0,1.7320508075688805,35.7,34.46666666666667,34.5,1.2503332889007124,16.0,9.333333333333334,6.0,5.773502691896258,8.0,6.0,6.0,2.3094010767585025,13.0,11.2,12.0,1.6431676725154984,35.9,34.760000000000005,34.5,1.0899541274750755,16.0,11.4,13.0,5.079370039680118,9.0,6.0,6.0,2.701851217221259,-1.0,False,0,1,0,75.4,0,1,0.0032658393207054214,0.04259634888438134,0.0,0.0,0.02313624678663239,0.06267806267806268,0.0,0.04046692607003891,0.054678007290400975,0.12,0.03773584905660377,0.04591836734693878,0.01545253863134658,0.09664153529814942,0.10913705583756345,0.0,0.125,0.03550295857988166,0.08333333333333333,0.02727272727272727,0.03125,0.08571428571428572,0.15384615384615385,0.03125,0.09774436090225563,0.08035714285714286,0.06790123456790123,0.0,0.18032786885245902,0.0,0.15853658536585366
202504040404,2022105250,2025-10-26,2,109.4,3,-0.6953783821977468,53.0,-0.5375078970412309,1,0,0,15.0,1800,0.0,2,508.0,-2.0,2.276426145257684,1,0,34.6,2.1556195965417864,4,4,6,6,14.0,5.666666666666667,5.0,4.301162633521313,38.6,35.74444444444444,34.8,1.6325678478329093,15.0,6.555555555555555,6.0,3.7785946829182113,6.0,4.0,3.0,1.7320508075688772,5.0,5.0,5.0,0.0,34.7,34.7,34.7,0.0,8.0,8.0,8.0,0.0,6.0,6.0,6.0,0.0,5.0,4.0,5.0,1.7320508075688779,34.8,34.666666666666664,34.7,0.15275252316536286,8.0,5.666666666666667,5.0,2.0816659994661326,6.0,6.0,6.0,2.3094010767585025,5.0,3.4,3.0,1.5165750888103113,36.2,34.839999999999996,34.7,0.8203657720797639,8.0,4.6,4.0,2.0736441353327724,6.0,4.0,3.0,1.7320508075688772,0.0,False,0,1,0,74.8,0,1,0.08130081300813008,0.06625258799171843,0.05263157894736842,0.0,0.054945054945054944,0.065,0.13333333333333333,0.062411347517730496,0.063257065948856,0.031914893617021274,0.07051282051282051,0.05116279069767442,0.0598159509202454,0.06,0.09090909090909091,0.06190476190476191,0.05714285714285714,0.058419243986254296,0.031914893617021274,0.047337278106508875,0.05,0.0,0.06430868167202572,0.08620689655172414,0.1016949152542373,0.1044776119402985,0.04411764705882353,0.06896551724137931,0.08333333333333333,0.044444444444444446,0.0625
202504040404,2021105486,2025-10-26,15,110.3,4,0.8940579199685317,56.0,1.3053763213858465,1,0,0,22.0,1800,0.0,3,448.0,-4.0,-0.18457509285873114,1,0,35.1,2.1363636363636362,9,10,6,6,16.0,4.625,2.5,4.897156609415596,37.7,34.55,34.0,1.6466416038192921,13.0,8.25,8.0,2.8157719063467175,7.0,4.5,4.5,3.5355339059327378,6.0,6.0,6.0,0.0,32.9,32.9,32.9,0.0,6.0,6.0,6.0,0.0,6.0,6.0,6.0,0.0,6.0,4.0,4.0,2.8284271247461903,34.0,33.45,33.45,0.7778174593052272,13.0,9.5,9.5,4.949747468305833,8.0,6.0,6.0,2.3094010767585025,16.0,6.5,4.0,6.608075867199671,36.4,34.125,33.6,1.586137867063679,13.0,7.5,6.5,3.872983346207417,2.0,2.0,2.0,2.701851217221259,1.0,False,0,1,0,75.2,0,1,0.15873015873015872,0.0725758477096966,0.1092436974789916,0.0,0.05219552609776305,0.06613756613756613,0.12280701754385964,0.06871496782229604,0.05923183711244794,0.04971475142624287,0.022222222222222223,0.08550724637681159,0.07541362062331666,0.09266409266409266,0.09330143540669857,0.1,0.0,0.05,0.022727272727272728,0.0,0.07692307692307693,0.10465116279069768,0.0,0.10368663594470046,0.07920792079207921,0.08916083916083917,0.09271523178807947,0.05660377358490566,0.0784313725490196,0.08397932816537468,0.07894736842105263
202504040404,2022105047,2025-10-26,6,109.7,3,-0.6953783821977468,54.0,0.07678684243446156,1,0,0,71.0,1800,0.0,4,452.0,-2.0,-0.020508343650970123,1,0,35.2,2.110481586402266,2,2,6,6,8.0,5.333333333333333,7.0,3.7859388972001824,34.6,34.1,34.0,0.45825756949558355,11.0,8.0,8.0,3.0,9.0,6.0,5.5,2.9154759474226504,8.0,8.0,8.0,0.0,34.6,34.6,34.6,0.0,5.0,5.0,5.0,0.0,6.0,6.0,6.0,0.0,8.0,5.333333333333333,7.0,3.7859388972001824,34.6,34.1,34.0,0.45825756949558355,11.0,8.0,8.0,3.0,8.0,6.0,6.0,2.3094010767585025,8.0,5.333333333333333,7.0,3.7859388972001824,34.6,34.1,34.0,0.45825756949558355,11.0,8.0,8.0,3.0,9.0,6.0,6.0,2.701851217221259,0.0,False,0,1,0,74.5,0,1,0.055248618784530384,0.05757575757575758,0.052083333333333336,0.0,0.04529616724738676,0.05723905723905724,0.08823529411764706,0.05410923940786115,0.05595667870036101,0.052100840336134456,0.0,0.0,0.05018359853121175,0.05276595744680851,0.035422343324250684,0.0,0.02564102564102564,0.08,0.03205128205128205,0.0,0.0,0.06460674157303371,0.0,0.0707395498392283,0.058333333333333334,0.07428571428571429,0.06289308176100629,0.03067484662576687,0.05405405405405406,0.05,0.14634146341463414
202504040404,2022104977,2025-10-26,10,110.1,3,-0.6953783821977468,51.0,-1.766097375992616,1,0,0,168.0,1800,0.0,5,438.0,18.0,-0.5947419658781337,1,0,35.4,2.104225352112676,3,3,6,6,3.0,3.0,3.0,0.0,35.3,35.2,35.2,0.141421356237309,9.0,8.5,8.5,0.7071067811865476,9.0,9.0,9.0,2.9154759474226504,3.0,3.0,3.0,0.0,35.1,35.1,35.1,0.0,9.0,9.0,9.0,0.0,6.0,6.0,6.0,0.0,3.0,3.0,3.0,0.0,35.3,35.2,35.2,0.141421356237309,9.0,8.5,8.5,0.7071067811865476,9.0,9.0,9.0,2.3094010767585025,3.0,3.0,3.0,0.0,35.3,35.2,35.2,0.141421356237309,9.0,8.5,8.5,0.7071067811865476,9.0,9.0,9.0,2.701851217221259,0.0,False,0,1,0,74.7,0,1,0.05434782608695653,0.05263157894736842,0.0,0.0,0.0375,0.06756756756756757,0.05263157894736842,0.049586776859504134,0.05426356589147287,0.06666666666666667,0.05,0.06313131313131314,0.04424778761061947,0.061633281972265024,0.04702970297029703,0.3333333333333333,0.08333333333333333,0.0,0.0,0.04948805460750853,0.13043478260869565,0.0824295010845987,0.0,0.07142857142857142,0.03361344537815126,0.0,0.05063291139240506,0.08928571428571429,0.0,0.033707865168539325,0.047619047619047616
202504040404,2022105107,2025-10-26,16,110.6,3,-0.6953783821977468,51.0,-1.766097375992616,1,0,0,155.0,1800,0.0,6,476.0,8.0,0.9638921515955958,1,0,35.5,2.1095505617977524,6,6,6,6,10.0,7.333333333333333,9.0,3.7859388972001824,36.6,35.6,35.6,1.0,11.0,7.666666666666667,9.0,4.163331998932265,9.0,9.0,9.0,2.9154759474226504,9.0,9.0,9.0,0.0,34.6,34.6,34.6,0.0,11.0,11.0,11.0,0.0,6.0,6.0,6.0,0.0,10.0,7.333333333333333,9.0,3.7859388972001824,36.6,35.6,35.6,1.0,11.0,7.666666666666667,9.0,4.163331998932265,9.0,9.0,9.0,2.3094010767585025,10.0,7.333333333333333,9.0,3.7859388972001824,36.6,35.6,35.6,1.0,11.0,7.666666666666667,9.0,4.163331998932265,9.0,9.0,9.0,2.701851217221259,0.0,False,0,1,0,75.1,0,1,0.014104372355430182,0.04216867469879518,0.075,0.0,0.04819277108433735,0.07049608355091384,0.0,0.054844606946983544,0.06446776611694154,0.0,0.04411764705882353,0.058823529411764705,0.040380047505938245,0.1049552649690296,0.09714285714285714,0.11479591836734694,0.125,0.05952380952380952,0.08333333333333333,0.034334763948497854,0.10698689956331878,0.10702341137123746,0.07965860597439545,0.11702127659574468,0.12903225806451613,0.056818181818181816,0.12962962962962962,0.06535947712418301,0.11920529801324503,0.04020100502512563,0.1072961373390558
202504040404,2022101400,2025-10-26,14,110.3,3,-0.6953783821977468,54.0,0.07678684243446156,0,1,0,64.0,1800,0.0,7,440.0,4.0,-0.5127085912742532,1,0,34.5,2.190751445086705,16,16,6,6,14.0,5.777777777777778,6.0,4.236088342379611,39.1,34.96666666666667,34.3,1.8940696924875837,18.0,11.666666666666666,13.0,3.674234614174767,12.0,8.666666666666666,8.0,3.055050463303893,2.0,2.0,2.0,0.0,33.9,33.9,33.9,0.0,5.0,5.0,5.0,0.0,6.0,6.0,6.0,0.0,8.0,4.0,2.0,3.4641016151377544,33.9,33.76666666666667,33.8,0.1527525231653581,13.0,9.333333333333334,10.0,4.041451884327381,12.0,9.0,9.0,4.242640687119285,8.0,3.2,2.0,2.7748873851023217,39.1,34.839999999999996,33.8,2.3839043604977075,14.0,10.2,10.0,3.5637059362410923,12.0,8.666666666666666,8.0,3.055050463303893,0.0,False,0,1,0,75.8,0,1,0.2857142857142857,0.06184668989547038,0.045454545454545456,0.0,0.055165496489468405,0.061356297093649086,0.02040816326530612,0.05816419266888822,0.06560509554140127,0.07627118644067797,0.031413612565445025,0.04716981132075472,0.052318668252080855,0.07866273352999016,0.03571428571428571,0.06770833333333333,0.06060606060606061,0.04811715481171548,0.03787878787878788,0.02702702702702703,0.08080808080808081,0.06,0.07194244604316546,0.09550561797752809,0.09090909090909091,0.07420494699646643,0.10975609756097561,0.05741626794258373,0.14814814814814814,0.07296137339055794,0.16666666666666666
202504040404,2022104790,2025-10-26,8,110.0,3,-0.6953783821977468,54.0,0.07678684243446156,0,1,0,77.0,1800,0.0,8,438.0,-6.0,-0.5947419658781337,1,0,34.3,2.2005813953488373,15,15,6,6,10.0,6.6,8.0,3.4351128074635335,36.1,35.32,35.5,0.8105553651663767,16.0,14.2,14.0,1.7888543819998315,14.0,12.0,11.0,1.7320508075688772,9.0,9.0,9.0,0.0,35.2,35.2,35.2,0.0,12.0,12.0,12.0,0.0,11.0,11.0,11.0,0.0,9.0,5.0,4.0,3.6055512754639882,36.1,35.699999999999996,35.8,0.45825756949557356,16.0,14.666666666666666,16.0,2.3094010767585025,14.0,12.0,11.0,1.7320508075688772,10.0,6.6,8.0,3.4351128074635335,36.1,35.32,35.5,0.8105553651663767,16.0,14.2,14.0,1.7888543819998315,14.0,12.0,11.0,1.7320508075688772,0.0,False,0,1,0,75.7,0,1,0.018691588785046728,0.0488771466314399,0.009900990099009901,0.0,0.05804749340369393,0.055916775032509754,0.06451612903225806,0.05254447662391394,0.05435651478816946,0.05555555555555555,0.04395604395604396,0.04909560723514212,0.050220264317180616,0.1226790450928382,0.1111111111111111,0.1417004048582996,0.12980769230769232,0.039923954372623575,0.0625,0.03211009174311927,0.12015503875968993,0.07865168539325842,0.11778846153846154,0.053156146179401995,0.0625,0.06954436450839328,0.13924050632911392,0.046875,0.12857142857142856,0.08085106382978724,0.140625
202504040404,2022101048,2025-10-26,7,109.9,3,-0.6953783821977468,52.0,-1.1518026365169234,0,1,0,98.0,1800,0.0,9,412.0,14.0,-1.6611758357285802,1,0,35.7,2.072625698324022,1,1,6,6,13.0,7.555555555555555,6.0,3.876567783204336,36.2,35.18888888888889,35.4,0.8521215354109472,6.0,3.0,2.0,1.8027756377319946,3.0,3.0,3.0,2.9154759474226504,9.0,9.0,9.0,0.0,36.2,36.2,36.2,0.0,2.0,2.0,2.0,0.0,6.0,6.0,6.0,0.0,9.0,7.0,6.0,1.7320508075688787,36.2,35.199999999999996,35.7,1.3228756555322934,3.0,2.3333333333333335,2.0,0.5773502691896243,8.0,6.0,6.0,2.3094010767585025,13.0,7.8,6.0,3.271085446759225,36.2,35.38,35.7,0.9833615815151631,3.0,2.4,2.0,0.5477225575051657,3.0,3.0,3.0,2.701851217221259,0.0,False,0,1,0,74.2,0,1,0.026595744680851064,0.04380475594493116,0.0410958904109589,0.0,0.06944444444444445,0.04743083003952569,0.05555555555555555,0.05278592375366569,0.047250193648334625,0.0,0.0481283422459893,0.05405405405405406,0.059433962264150944,0.11703511053315994,0.17391304347826086,0.16990291262135923,0.05128205128205128,0.04173106646058733,0.09090909090909091,0.03678929765886288,0.1,0.08080808080808081,0.16161616161616163,0.10780669144981413,0.07142857142857142,0.05398457583547558,0.08571428571428572,0.0,0.07272727272727272,0.0,0.07462686567164178
202504040404,2021105162,2025-10-26,4,109.6,4,0.8940579199685317,56.0,1.3053763213858465,0,1,0,421.0,1800,0.0,10,450.0,20.0,-0.10254171825485063,1,0,34.4,2.1797101449275362,9,9,6,6,2.0,2.0,2.0,0.0,35.0,34.800000000000004,34.9,0.2645751311064622,6.0,3.6666666666666665,3.0,2.0816659994661326,9.0,6.0,5.5,2.9154759474226504,2.0,2.0,2.0,0.0,34.5,34.5,34.5,0.0,6.0,6.0,6.0,0.0,6.0,6.0,6.0,0.0,2.0,2.0,2.0,0.0,35.0,34.800000000000004,34.9,0.2645751311064622,6.0,3.6666666666666665,3.0,2.0816659994661326,8.0,6.0,6.0,2.3094010767585025,2.0,2.0,2.0,0.0,35.0,34.800000000000004,34.9,0.2645751311064622,6.0,3.6666666666666665,3.0,2.0816659994661326,9.0,6.0,6.0,2.701851217221259,0.0,False,0,1,0,75.2,0,1,0.044642857142857144,0.08718244803695151,0.07575757575757576,0.07142857142857142,0.07945736434108527,0.10224215246636771,0.15,0.08779032601747283,0.08885017421602788,0.078125,0.07243816254416961,0.1008,0.08624316365166176,0.17371937639198218,0.18475073313782991,0.05,0.14285714285714285,0.08363636363636363,0.04201680672268908,0.08737864077669903,0.15384615384615385,0.21914893617021278,0.02127659574468085,0.09090909090909091,0.07547169811320754,0.11934156378600823,0.1,0.10638297872340426,0.171875,0.09137055837563451,0.18691588785046728
202504040404,2022104716,2025-10-26,5,109.7,3,-0.6953783821977468,54.0,0.07678684243446156,0,1,0,113.0,1800,0.0,11,470.0,0.0,0.7177920277839543,1,0,34.3,2.1918604651162794,12,10,6,6,8.0,3.75,3.0,2.9860788111948193,36.6,34.725,34.55,1.4174507634012068,8.0,4.75,4.5,3.2015621187164243,5.0,3.3333333333333335,3.0,1.5275252316519468,8.0,8.0,8.0,0.0,36.6,36.6,36.6,0.0,2.0,2.0,2.0,0.0,2.0,2.0,2.0,0.0,8.0,4.0,3.0,3.605551275463989,36.6,34.86666666666667,34.8,1.7009801096230763,8.0,5.666666666666667,7.0,3.214550253664318,5.0,3.3333333333333335,3.0,1.5275252316519468,8.0,3.75,3.0,2.9860788111948193,36.6,34.725,34.55,1.4174507634012068,8.0,4.75,4.5,3.2015621187164243,5.0,3.3333333333333335,3.0,1.5275252316519468,-2.0,False,0,1,0,75.4,0,1,0.08403361344537814,0.03143712574850299,0.01,0.0,0.035483870967741936,0.04205607476635514,0.09333333333333334,0.03705463182897862,0.029896907216494847,0.033973412112259974,0.0,0.07792207792207792,0.03962264150943396,0.09266409266409266,0.09330143540669857,0.1,0.0,0.01818181818181818,0.02564102564102564,0.0,0.07692307692307693,0.10465116279069768,0.0,0.03257328990228013,0.07920792079207921,0.049217002237136466,0.09271523178807947,0.12121212121212122,0.0784313725490196,0.0,0.07894736842105263
202504040404,2022101618,2025-10-26,12,110.2,3,-0.6953783821977468,54.0,0.07678684243446156,0,1,0,85.0,1800,0.0,12,410.0,10.0,-1.7432092103324606,1,0,34.7,2.1695402298850572,12,13,6,6,15.0,7.555555555555555,6.0,4.69337594677624,39.8,36.25555555555556,35.9,1.4824903971958059,10.0,5.444444444444445,4.0,3.2446537223219645,9.0,6.25,6.0,2.0615528128088303,10.0,10.0,10.0,0.0,35.3,35.3,35.3,0.0,9.0,9.0,9.0,0.0,9.0,9.0,9.0,0.0,13.0,8.0,10.0,6.244997998398397,36.1,35.5,35.3,0.529150262212882,9.0,5.333333333333333,4.0,3.214550253664318,9.0,6.333333333333333,6.0,2.5166114784235836,15.0,9.8,10.0,5.357238094391549,39.8,36.66,36.1,1.9086644545335893,9.0,5.4,4.0,2.8809720581775866,9.0,6.25,6.0,2.0615528128088303,1.0,False,0,1,0,75.5,0,1,0.010395010395010394,0.028741328047571853,0.013986013986013986,0.0,0.038510911424903725,0.038425492033739454,0.09782608695652174,0.035922330097087375,0.03884638022366098,0.03463203463203463,0.0,0.05363984674329502,0.02771362586605081,0.07653910149750416,0.09262759924385633,0.16666666666666666,0.08955223880597014,0.013333333333333334,0.028011204481792718,0.0,0.11320754716981132,0.08490566037735849,0.0967741935483871,0.03727714748784441,0.055900621118012424,0.04460093896713615,0.05102040816326531,0.0,0.043478260869565216,0.0,0.0
202504040404,2021105289,2025-10-26,11,110.1,4,0.8940579199685317,54.0,0.07678684243446156,0,0,1,56.0,1800,0.0,13,456.0,4.0,0.14355840555679086,1,0,35.0,2.1396011396011394,6,6,6,6,11.0,6.3,5.5,3.233505150074073,36.5,35.06,35.15,1.0885260166339104,13.0,6.7,7.5,3.368151487751767,9.0,6.0,5.5,2.9154759474226504,11.0,11.0,11.0,0.0,35.0,35.0,35.0,0.0,8.0,8.0,8.0,0.0,6.0,6.0,6.0,0.0,11.0,8.666666666666666,10.0,3.214550253664316,35.0,34.199999999999996,34.1,0.7549834435270711,13.0,9.666666666666666,8.0,2.886751345948129,8.0,6.0,6.0,2.3094010767585025,11.0,8.4,10.0,2.7018512172212583,36.5,34.62,34.1,1.1819475453673864,13.0,7.8,8.0,3.898717737923584,9.0,6.0,6.0,2.701851217221259,0.0,False,0,1,0,75.1,0,1,0.007178750897343862,0.03636363636363636,0.03225806451612903,0.0,0.011299435028248588,0.08333333333333333,0.0,0.04241435562805873,0.04597701149425287,0.0,0.053763440860215055,0.045454545454545456,0.038461538461538464,0.08141321044546851,0.056818181818181816,0.07042253521126761,0.10902255639097744,0.041379310344827586,0.0,0.03333333333333333,0.07397260273972603,0.0297029702970297,0.08333333333333333,0.023255813953488372,0.0975609756097561,0.08333333333333333,0.08666666666666667,0.02702702702702703,0.11267605633802817,0.0,0.09090909090909091
202504040404,2021100074,2025-10-26,13,110.2,4,0.8940579199685317,53.0,-0.5375078970412309,0,0,1,50.0,1800,0.0,14,464.0,4.0,0.47169190397231286,0,0,35.3,2.1158192090395485,4,4,6,6,12.0,7.0,7.5,3.197221015541813,40.1,37.71,38.1,2.019598419928519,14.0,8.6,7.5,3.596294389136314,12.0,12.0,12.0,2.9154759474226504,12.0,12.0,12.0,0.0,35.6,35.6,35.6,0.0,14.0,14.0,14.0,0.0,6.0,6.0,6.0,0.0,12.0,6.666666666666667,5.0,4.725815626252609,35.6,35.43333333333334,35.6,0.2886751345949528,14.0,10.666666666666666,11.0,3.5118845842842465,8.0,6.0,6.0,2.3094010767585025,12.0,7.0,7.0,3.3911649915626336,37.6,35.940000000000005,35.6,0.9633275663033668,14.0,9.4,8.0,3.0495901363953815,9.0,6.0,6.0,2.701851217221259,0.0,False,0,1,0,74.9,0,1,0.009708737864077669,0.0273972602739726,0.0,0.0,0.03614457831325301,0.04477611940298507,0.0,0.03389830508474576,0.04477611940298507,0.05084745762711865,0.05,0.06313131313131314,0.019801980198019802,0.05451829723674384,0.0625,0.0,0.09090909090909091,0.0625,0.04265402843601896,0.015384615384615385,0.011764705882352941,0.03273809523809524,0.125,0.07916666666666666,0.02830188679245283,0.058823529411764705,0.0748663101604278,0.0,0.0641025641025641,0.058823529411764705,0.09722222222222222
202504040404,2022100625,2025-10-26,1,109.3,3,-0.6953783821977468,54.0,0.07678684243446156,0,0,1,99.0,1800,0.0,15,450.0,6.0,-0.10254171825485063,1,0,33.8,2.2271386430678466,14,13,6,6,10.0,5.666666666666667,6.0,4.509249752822894,34.8,34.266666666666666,34.3,0.5507570547286073,16.0,14.0,14.0,2.0,8.0,8.0,8.0,2.9154759474226504,1.0,1.0,1.0,0.0,34.8,34.8,34.8,0.0,12.0,12.0,12.0,0.0,8.0,8.0,8.0,0.0,10.0,5.666666666666667,6.0,4.509249752822894,34.8,34.266666666666666,34.3,0.5507570547286073,16.0,14.0,14.0,2.0,8.0,8.0,8.0,2.3094010767585025,10.0,5.666666666666667,6.0,4.509249752822894,34.8,34.266666666666666,34.3,0.5507570547286073,16.0,14.0,14.0,2.0,8.0,8.0,8.0,2.701851217221259,-1.0,False,0,1,0,75.5,0,1,0.136986301369863,0.05371900826446281,0.041666666666666664,0.0,0.042067307692307696,0.03851261620185923,0.038461538461538464,0.04515173945225759,0.05284280936454849,0.0,0.01762114537444934,0.06277056277056277,0.03556308213378493,0.18688293370944992,0.13513513513513514,0.15458937198067632,0.19480519480519481,0.037037037037037035,0.0625,0.04112554112554113,0.22592592592592592,0.176056338028169,0.18888888888888888,0.06944444444444445,0.11538461538461539,0.04304635761589404,0.1827956989247312,0.057971014492753624,0.26666666666666666,0.041916167664670656,0.14893617021276595
202504040404,2021104173,2025-10-26,3,109.5,4,0.8940579199685317,56.0,1.3053763213858465,0,0,1,64.0,1800,0.0,16,480.0,4.0,1.1279589008033568,0,0,34.5,2.167630057803468,6,6,6,6,16.0,5.6,5.5,4.351245032554858,39.9,35.870000000000005,35.7,1.751856158478769,9.0,5.1,5.0,2.8067379246694517,9.0,6.0,5.5,2.9154759474226504,3.0,3.0,3.0,0.0,33.9,33.9,33.9,0.0,2.0,2.0,2.0,0.0,6.0,6.0,6.0,0.0,7.0,5.333333333333333,6.0,2.081665999466132,36.5,35.03333333333333,34.7,1.3316656236958857,9.0,4.333333333333333,2.0,4.041451884327381,8.0,6.0,6.0,2.3094010767585025,8.0,5.8,6.0,1.9235384061671326,36.5,35.3,35.6,1.0124228365658314,9.0,5.4,5.0,3.507135583350037,9.0,6.0,6.0,2.701851217221259,0.0,False,0,1,0,75.0,0,1,0.07575757575757576,0.029619181946403384,0.0423728813559322,0.0,0.02192448233861145,0.051056338028169015,0.05263157894736842,0.03324468085106383,0.03837638376383764,0.0416156670746634,0.0,0.0,0.02433371958285052,0.043478260869565216,0.0,0.06060606060606061,0.06369426751592357,0.029411764705882353,0.026837806301050177,0.0,0.0,0.043478260869565216,0.0,0.023923444976076555,0.09090909090909091,0.040268456375838924,0.08695652173913043,0.057971014492753624,0.0,0.0,0.0
202504040405,2023102434,2025-10-26,8,99.1,2,0.0,56.0,0.752772086042841,1,0,0,48.0,1600,0.0,1,466.0,0.0,0.11575791060955275,0,0,35.0,1.8262108262108259,3,3,6,6,11.0,6.0,5.5,3.4576806613039848,38.3,36.35,36.25,1.237571538153639,11.0,6.444444444444445,6.0,3.0983866769659336,9.0,6.0,5.5,2.9154759474226504,6.0,6.0,6.0,0.0,36.3,36.3,36.3,0.0,6.0,6.0,6.0,0.0,6.0,6.0,6.0,0.0,9.0,6.333333333333333,6.0,2.6457513110645943,37.2,36.26666666666667,36.2,0.960902353693287,9.0,6.666666666666667,6.0,2.5166114784235836,8.0,6.0,6.0,2.3094010767585025,10.0,6.1,6.0,3.209361307176242,37.8,36.3,36.2,1.1140017049131967,10.0,6.6,6.0,2.863564212655271,9.0,6.0,6.0,2.701851217221259,0.0,False,0,0,1,64.1,0,1,0.009718172983479106,0.021437578814627996,0.02912621359223301,0.0,0.027906976744186046,0.027196652719665274,0.0,0.025322079075966238,0.02973977695167286,0.02631578947368421,0.0,0.029411764705882353,0.01905829596412556,0.05662983425414365,0.06921241050119331,0.0,0.0392156862745098,0.05263157894736842,0.02335456475583864,0.0,0.034482758620689655,0.06221198156682028,0.0,0.04046242774566474,0.0625,0.02032520325203252,0.04854368932038835,0.0,0.03636363636363636,0.04897959183673469,0.034482758620689655
202504040405,2023100639,2025-10-26,6,99.1,2,0.0,56.0,0.752772086042841,1,0,0,48.0,1600,0.0,2,468.0,0.0,0.19292985101592125,0,0,35.3,1.8022598870056497,1,1,6,6,11.0,6.0,5.5,3.4576806613039848,38.3,36.35,36.25,1.237571538153639,11.0,6.444444444444445,6.0,3.0983866769659336,9.0,6.0,5.5,2.9154759474226504,6.0,6.0,6.0,0.0,36.3,36.3,36.3,0.0,6.0,6.0,6.0,0.0,6.0,6.0,6.0,0.0,9.0,6.333333333333333,6.0,2.6457513110645943,37.2,36.26666666666667,36.2,0.960902353693287,9.0,6.666666666666667,6.0,2.5166114784235836,8.0,6.0,6.0,2.3094010767585025,10.0,6.1,6.0,3.209361307176242,37.8,36.3,36.2,1.1140017049131967,10.0,6.6,6.0,2.863564212655271,9.0,6.0,6.0,2.701851217221259,0.0,False,0,0,1,63.8,0,1,0.014749262536873156,0.028741328047571853,0.013986013986013986,0.0,0.038510911424903725,0.038425492033739454,0.09782608695652174,0.035922330097087375,0.03884638022366098,0.03463203463203463,0.0,0.05363984674329502,0.02771362586605081,0.09228441754916793,0.06896551724137931,0.18181818181818182,0.0,0.013333333333333334,0.028011204481792718,0.0,0.037037037037037035,0.12295081967213115,0.0,0.03727714748784441,0.027777777777777776,0.04460093896713615,0.08823529411764706,0.0,0.1,0.0,0.1282051282051282
202504040405,2023102982,2025-10-26,4,98.6,2,0.0,52.0,-2.258316258128523,1,0,0,48.0,1600,0.0,3,466.0,0.0,0.11575791060955275,0,0,34.5,1.8526011560693638,6,6,6,6,11.0,6.0,5.5,3.4576806613039848,38.3,36.35,36.25,1.237571538153639,11.0,6.444444444444445,6.0,3.0983866769659336,9.0,6.0,5.5,2.9154759474226504,6.0,6.0,6.0,0.0,36.3,36.3,36.3,0.0,6.0,6.0,6.0,0.0,6.0,6.0,6.0,0.0,9.0,6.333333333333333,6.0,2.6457513110645943,37.2,36.26666666666667,36.2,0.960902353693287,9.0,6.666666666666667,6.0,2.5166114784235836,8.0,6.0,6.0,2.3094010767585025,10.0,6.1,6.0,3.209361307176242,37.8,36.3,36.2,1.1140017049131967,10.0,6.6,6.0,2.863564212655271,9.0,6.0,6.0,2.701851217221259,0.0,False,0,1,0,64.1,0,1,0.043859649122807015,0.04216867469879518,0.075,0.0,0.04819277108433735,0.07049608355091384,0.0,0.054844606946983544,0.06446776611694154,0.0,0.04411764705882353,0.058823529411764705,0.040380047505938245,0.09334248455730954,0.125,0.0449438202247191,0.0761904761904762,0.05952380952380952,0.08333333333333333,0.034334763948497854,0.10964912280701754,0.08108108108108109,0.06278026905829596,0.11702127659574468,0.125,0.056818181818181816,0.107981220657277,0.06535947712418301,0.0625,0.04020100502512563,0.13333333333333333
202504040405,2023100171,2025-10-26,14,99.7,2,0.0,55.0,0.0,1,0,0,48.0,1600,0.0,4,448.0,0.0,-0.5787895530477637,0,0,35.3,1.819209039548023,7,6,6,6,11.0,6.0,5.5,3.4576806613039848,38.3,36.35,36.25,1.237571538153639,11.0,6.444444444444445,6.0,3.0983866769659336,9.0,6.0,5.5,2.9154759474226504,6.0,6.0,6.0,0.0,36.3,36.3,36.3,0.0,6.0,6.0,6.0,0.0,6.0,6.0,6.0,0.0,9.0,6.333333333333333,6.0,2.6457513110645943,37.2,36.26666666666667,36.2,0.960902353693287,9.0,6.666666666666667,6.0,2.5166114784235836,8.0,6.0,6.0,2.3094010767585025,10.0,6.1,6.0,3.209361307176242,37.8,36.3,36.2,1.1140017049131967,10.0,6.6,6.0,2.863564212655271,9.0,6.0,6.0,2.701851217221259,-1.0,False,0,1,0,64.4,0,1,0.00670690811535882,0.06405353728489484,0.042105263157894736,0.0,0.04610318331503842,0.05161290322580645,0.03773584905660377,0.053391537944929485,0.05864884929472903,0.04154727793696275,0.041666666666666664,0.04741379310344827,0.049429657794676805,0.07630878438331855,0.08359133126934984,0.0,0.13043478260869565,0.06074766355140187,0.051330798479087454,0.017857142857142856,0.04878048780487805,0.08585858585858586,0.0,0.07711442786069651,0.07142857142857142,0.06597222222222222,0.05223880597014925,0.038461538461538464,0.13513513513513514,0.02127659574468085,0.02040816326530612
202504040405,2023100928,2025-10-26,11,99.4,2,0.0,56.0,0.752772086042841,1,0,0,48.0,1600,0.0,5,472.0,0.0,0.3472737318286582,0,0,34.9,1.8428571428571427,9,9,6,6,11.0,6.0,5.5,3.4576806613039848,38.3,36.35,36.25,1.237571538153639,11.0,6.444444444444445,6.0,3.0983866769659336,9.0,6.0,5.5,2.9154759474226504,6.0,6.0,6.0,0.0,36.3,36.3,36.3,0.0,6.0,6.0,6.0,0.0,6.0,6.0,6.0,0.0,9.0,6.333333333333333,6.0,2.6457513110645943,37.2,36.26666666666667,36.2,0.960902353693287,9.0,6.666666666666667,6.0,2.5166114784235836,8.0,6.0,6.0,2.3094010767585025,10.0,6.1,6.0,3.209361307176242,37.8,36.3,36.2,1.1140017049131967,10.0,6.6,6.0,2.863564212655271,9.0,6.0,6.0,2.701851217221259,0.0,False,0,0,1,64.5,0,1,0.01721170395869191,0.052073288331726135,0.06321839080459771,0.0,0.04505632040050062,0.05771812080536913,0.0,0.05183585313174946,0.05669737774627923,0.0,0.027777777777777776,0.054982817869415807,0.0475482912332838,0.09037238873751136,0.11072664359861592,0.10606060606060606,0.024390243902439025,0.05272407732864675,0.0,0.04948805460750853,0.03125,0.0831889081455806,0.02857142857142857,0.09580838323353294,0.09405940594059406,0.04985337243401759,0.11764705882352941,0.06201550387596899,0.061855670103092786,0.045454545454545456,0.11504424778761062
202504040405,2023101605,2025-10-26,18,102.9,2,0.0,56.0,0.752772086042841,1,0,0,48.0,1600,0.0,6,518.0,0.0,2.1222283611751336,0,0,37.8,1.7176781002638521,12,12,6,6,11.0,6.0,5.5,3.4576806613039848,38.3,36.35,36.25,1.237571538153639,11.0,6.444444444444445,6.0,3.0983866769659336,9.0,6.0,5.5,2.9154759474226504,6.0,6.0,6.0,0.0,36.3,36.3,36.3,0.0,6.0,6.0,6.0,0.0,6.0,6.0,6.0,0.0,9.0,6.333333333333333,6.0,2.6457513110645943,37.2,36.26666666666667,36.2,0.960902353693287,9.0,6.666666666666667,6.0,2.5166114784235836,8.0,6.0,6.0,2.3094010767585025,10.0,6.1,6.0,3.209361307176242,37.8,36.3,36.2,1.1140017049131967,10.0,6.6,6.0,2.863564212655271,9.0,6.0,6.0,2.701851217221259,0.0,False,0,0,1,65.1,0,1,0.027700831024930747,0.043706293706293704,0.0759493670886076,0.0,0.04247104247104247,0.04207920792079208,0.0,0.04430379746835443,0.04201680672268908,0.02127659574468085,0.03333333333333333,0.0438871473354232,0.04823151125401929,0.06583072100313479,0.05128205128205128,0.060498220640569395,0.06015037593984962,0.04477611940298507,0.06666666666666667,0.0392156862745098,0.08648648648648649,0.05813953488372093,0.052,0.04285714285714286,0.0821917808219178,0.09375,0.0851063829787234,0.0,0.06493506493506493,0.0,0.06172839506172839
202504040405,2023103657,2025-10-26,10,99.4,2,0.0,55.0,0.0,0,1,0,48.0,1600,0.0,7,444.0,0.0,-0.7331334338605007,0,0,34.8,1.8510028653295127,10,10,6,6,11.0,6.0,5.5,3.4576806613039848,38.3,36.35,36.25,1.237571538153639,11.0,6.444444444444445,6.0,3.0983866769659336,9.0,6.0,5.5,2.9154759474226504,6.0,6.0,6.0,0.0,36.3,36.3,36.3,0.0,6.0,6.0,6.0,0.0,6.0,6.0,6.0,0.0,9.0,6.333333333333333,6.0,2.6457513110645943,37.2,36.26666666666667,36.2,0.960902353693287,9.0,6.666666666666667,6.0,2.5166114784235836,8.0,6.0,6.0,2.3094010767585025,10.0,6.1,6.0,3.209361307176242,37.8,36.3,36.2,1.1140017049131967,10.0,6.6,6.0,2.863564212655271,9.0,6.0,6.0,2.701851217221259,0.0,False,0,1,0,64.6,0,1,0.03355704697986577,0.0725758477096966,0.1092436974789916,0.0,0.05219552609776305,0.06613756613756613,0.12280701754385964,0.06871496782229604,0.05923183711244794,0.04971475142624287,0.022222222222222223,0.08550724637681159,0.07541362062331666,0.07559055118110236,0.0764872521246459,0.08333333333333333,0.038461538461538464,0.05,0.022727272727272728,0.0,0.06896551724137931,0.08146067415730338,0.09090909090909091,0.10368663594470046,0.0975609756097561,0.08916083916083917,0.057803468208092484,0.05660377358490566,0.03571428571428571,0.08397932816537468,0.08695652173913043
202504040405,2023105011,2025-10-26,1,97.7,2,0.0,56.0,0.752772086042841,0,1,0,48.0,1600,0.0,8,518.0,0.0,2.1222283611751336,0,0,33.8,1.8849557522123894,2,2,6,6,11.0,6.0,5.5,3.4576806613039848,38.3,36.35,36.25,1.237571538153639,11.0,6.444444444444445,6.0,3.0983866769659336,9.0,6.0,5.5,2.9154759474226504,6.0,6.0,6.0,0.0,36.3,36.3,36.3,0.0,6.0,6.0,6.0,0.0,6.0,6.0,6.0,0.0,9.0,6.333333333333333,6.0,2.6457513110645943,37.2,36.26666666666667,36.2,0.960902353693287,9.0,6.666666666666667,6.0,2.5166114784235836,8.0,6.0,6.0,2.3094010767585025,10.0,6.1,6.0,3.209361307176242,37.8,36.3,36.2,1.1140017049131967,10.0,6.6,6.0,2.863564212655271,9.0,6.0,6.0,2.701851217221259,0.0,False,0,0,1,63.9,0,1,0.07692307692307693,0.0488771466314399,0.009900990099009901,0.0,0.05804749340369393,0.055916775032509754,0.06451612903225806,0.05254447662391394,0.05435651478816946,0.05555555555555555,0.04395604395604396,0.04909560723514212,0.050220264317180616,0.1151219512195122,0.05263157894736842,0.12121212121212122,0.1271186440677966,0.039923954372623575,0.0625,0.03211009174311927,0.1,0.0,0.12260536398467432,0.053156146179401995,0.07142857142857142,0.06954436450839328,0.06976744186046512,0.046875,0.1917808219178082,0.08085106382978724,0.14634146341463414
202504040405,2023103958,2025-10-26,2,98.2,2,0.0,56.0,0.752772086042841,0,1,0,48.0,1600,0.0,9,442.0,0.0,-0.8103053742668692,0,0,33.8,1.8997050147492627,7,6,6,6,11.0,6.0,5.5,3.4576806613039848,38.3,36.35,36.25,1.237571538153639,11.0,6.444444444444445,6.0,3.0983866769659336,9.0,6.0,5.5,2.9154759474226504,6.0,6.0,6.0,0.0,36.3,36.3,36.3,0.0,6.0,6.0,6.0,0.0,6.0,6.0,6.0,0.0,9.0,6.333333333333333,6.0,2.6457513110645943,37.2,36.26666666666667,36.2,0.960902353693287,9.0,6.666666666666667,6.0,2.5166114784235836,8.0,6.0,6.0,2.3094010767585025,10.0,6.1,6.0,3.209361307176242,37.8,36.3,36.2,1.1140017049131967,10.0,6.6,6.0,2.863564212655271,9.0,6.0,6.0,2.701851217221259,-1.0,False,0,0,1,64.4,0,1,0.07936507936507936,0.04046242774566474,0.0547945205479452,0.0,0.018072289156626505,0.0575,0.0,0.04069264069264069,0.04472843450479233,0.07407407407407407,0.0425531914893617,0.023668639053254437,0.036053130929791274,0.05503439649781113,0.08333333333333333,0.05,0.0502283105022831,0.034482758620689655,0.0,0.021164021164021163,0.07166123778501629,0.05970149253731343,0.04896907216494845,0.05737704918032787,0.015151515151515152,0.06870229007633588,0.0273972602739726,0.05319148936170213,0.07246376811594203,0.04040404040404041,0.0641025641025641
202504040405,2023106618,2025-10-26,12,99.5,2,0.0,55.0,0.0,0,1,0,48.0,1600,0.0,10,450.0,0.0,-0.5016176126413953,0,0,35.5,1.797752808988764,3,3,6,6,11.0,6.0,5.5,3.4576806613039848,38.3,36.35,36.25,1.237571538153639,11.0,6.444444444444445,6.0,3.0983866769659336,9.0,6.0,5.5,2.9154759474226504,6.0,6.0,6.0,0.0,36.3,36.3,36.3,0.0,6.0,6.0,6.0,0.0,6.0,6.0,6.0,0.0,9.0,6.333333333333333,6.0,2.6457513110645943,37.2,36.26666666666667,36.2,0.960902353693287,9.0,6.666666666666667,6.0,2.5166114784235836,8.0,6.0,6.0,2.3094010767585025,10.0,6.1,6.0,3.209361307176242,37.8,36.3,36.2,1.1140017049131967,10.0,6.6,6.0,2.863564212655271,9.0,6.0,6.0,2.701851217221259,0.0,False,0,1,0,64.0,0,1,0.25,0.031877213695395513,0.06756756756756757,0.0,0.038366336633663366,0.0471841704718417,0.0,0.04008097165991903,0.03551251008878128,0.058823529411764705,0.03723404255319149,0.05,0.04493464052287582,0.0782169890664424,0.0,0.05649717514124294,0.08661417322834646,0.028423772609819122,0.0,0.040740740740740744,0.07,0.07142857142857142,0.07604562737642585,0.0625,0.13333333333333333,0.056179775280898875,0.08955223880597014,0.04242424242424243,0.10810810810810811,0.039119804400977995,0.11811023622047244
202504040405,2023101581,2025-10-26,16,100.3,2,0.0,53.0,-1.505544172085682,0,1,0,48.0,1600,0.0,11,476.0,0.0,0.5016176126413953,0,0,34.8,1.8767908309455588,16,16,6,6,11.0,6.0,5.5,3.4576806613039848,38.3,36.35,36.25,1.237571538153639,11.0,6.444444444444445,6.0,3.0983866769659336,9.0,6.0,5.5,2.9154759474226504,6.0,6.0,6.0,0.0,36.3,36.3,36.3,0.0,6.0,6.0,6.0,0.0,6.0,6.0,6.0,0.0,9.0,6.333333333333333,6.0,2.6457513110645943,37.2,36.26666666666667,36.2,0.960902353693287,9.0,6.666666666666667,6.0,2.5166114784235836,8.0,6.0,6.0,2.3094010767585025,10.0,6.1,6.0,3.209361307176242,37.8,36.3,36.2,1.1140017049131967,10.0,6.6,6.0,2.863564212655271,9.0,6.0,6.0,2.701851217221259,0.0,False,0,1,0,65.5,0,1,0.07751937984496124,0.05871559633027523,0.11666666666666667,0.0,0.0525164113785558,0.07221006564551423,0.13043478260869565,0.06407766990291262,0.07242990654205607,0.022222222222222223,0.04697986577181208,0.07516339869281045,0.05105105105105105,0.06584093872229466,0.034482758620689655,0.05314009661835749,0.045,0.056,0.0,0.04047619047619048,0.045454545454545456,0.06944444444444445,0.0731070496083551,0.061224489795918366,0.05970149253731343,0.1213235294117647,0.11363636363636363,0.0,0.12698412698412698,0.05263157894736842,0.07368421052631578
202504040405,2023107049,2025-10-26,5,98.8,2,0.0,55.0,0.0,0,1,0,48.0,1600,0.0,12,434.0,0.0,-1.1189931358923433,0,0,34.7,1.8419540229885054,3,3,6,6,11.0,6.0,5.5,3.4576806613039848,38.3,36.35,36.25,1.237571538153639,11.0,6.444444444444445,6.0,3.0983866769659336,9.0,6.0,5.5,2.9154759474226504,6.0,6.0,6.0,0.0,36.3,36.3,36.3,0.0,6.0,6.0,6.0,0.0,6.0,6.0,6.0,0.0,9.0,6.333333333333333,6.0,2.6457513110645943,37.2,36.26666666666667,36.2,0.960902353693287,9.0,6.666666666666667,6.0,2.5166114784235836,8.0,6.0,6.0,2.3094010767585025,10.0,6.1,6.0,3.209361307176242,37.8,36.3,36.2,1.1140017049131967,10.0,6.6,6.0,2.863564212655271,9.0,6.0,6.0,2.701851217221259,0.0,False,0,1,0,64.1,0,1,0.0625,0.05371900826446281,0.041666666666666664,0.0,0.042067307692307696,0.03851261620185923,0.038461538461538464,0.04515173945225759,0.05284280936454849,0.0,0.01762114537444934,0.06277056277056277,0.03556308213378493,0.08069620253164557,0.06060606060606061,0.02127659574468085,0.1,0.037037037037037035,0.0625,0.04112554112554113,0.09615384615384616,0.16216216216216217,0.08620689655172414,0.06944444444444445,0.05128205128205128,0.04304635761589404,0.09722222222222222,0.057971014492753624,0.06666666666666667,0.041916167664670656,0.07407407407407407
202504040405,2023106756,2025-10-26,17,102.6,2,0.0,52.0,-2.258316258128523,0,0,1,48.0,1600,0.0,13,418.0,0.0,-1.7363686591432912,0,0,35.5,1.884831460674157,18,18,6,6,11.0,6.0,5.5,3.4576806613039848,38.3,36.35,36.25,1.237571538153639,11.0,6.444444444444445,6.0,3.0983866769659336,9.0,6.0,5.5,2.9154759474226504,6.0,6.0,6.0,0.0,36.3,36.3,36.3,0.0,6.0,6.0,6.0,0.0,6.0,6.0,6.0,0.0,9.0,6.333333333333333,6.0,2.6457513110645943,37.2,36.26666666666667,36.2,0.960902353693287,9.0,6.666666666666667,6.0,2.5166114784235836,8.0,6.0,6.0,2.3094010767585025,10.0,6.1,6.0,3.209361307176242,37.8,36.3,36.2,1.1140017049131967,10.0,6.6,6.0,2.863564212655271,9.0,6.0,6.0,2.701851217221259,0.0,False,0,1,0,67.1,0,1,0.005291005291005291,0.0273972602739726,0.0,0.0,0.03614457831325301,0.04477611940298507,0.0,0.03389830508474576,0.04477611940298507,0.05084745762711865,0.05,0.06313131313131314,0.019801980198019802,0.042741935483870966,0.04986149584487535,0.0,0.0,0.0625,0.04265402843601896,0.015384615384615385,0.017857142857142856,0.04450261780104712,0.0,0.07916666666666666,0.01834862385321101,0.058823529411764705,0.07407407407407407,0.0,0.02631578947368421,0.058823529411764705,0.0
202504040405,2023102403,2025-10-26,7,99.1,2,0.0,55.0,0.0,0,0,1,48.0,1600,0.0,14,458.0,0.0,-0.19292985101592125,0,0,34.0,1.909090909090909,16,16,6,6,11.0,6.0,5.5,3.4576806613039848,38.3,36.35,36.25,1.237571538153639,11.0,6.444444444444445,6.0,3.0983866769659336,9.0,6.0,5.5,2.9154759474226504,6.0,6.0,6.0,0.0,36.3,36.3,36.3,0.0,6.0,6.0,6.0,0.0,6.0,6.0,6.0,0.0,9.0,6.333333333333333,6.0,2.6457513110645943,37.2,36.26666666666667,36.2,0.960902353693287,9.0,6.666666666666667,6.0,2.5166114784235836,8.0,6.0,6.0,2.3094010767585025,10.0,6.1,6.0,3.209361307176242,37.8,36.3,36.2,1.1140017049131967,10.0,6.6,6.0,2.863564212655271,9.0,6.0,6.0,2.701851217221259,0.0,False,0,1,0,65.1,0,1,0.08,0.11780104712041885,0.08,0.0,0.09680451127819549,0.0880503144654088,0.0,0.10012285012285012,0.10945273631840796,0.05128205128205128,0.05084745762711865,0.10822510822510822,0.0939377389404697,0.04440026507620941,0.05274725274725275,0.06666666666666667,0.027777777777777776,0.09242424242424242,0.08391608391608392,0.1102803738317757,0.015384615384615385,0.018276762402088774,0.0,0.08296943231441048,0.041176470588235294,0.148014440433213,0.0670391061452514,0.11206896551724138,0.10344827586206896,0.08620689655172414,0.08139534883720931
202504040405,2023101627,2025-10-26,9,99.3,2,0.0,56.0,0.752772086042841,0,0,1,48.0,1600,0.0,15,478.0,0.0,0.5787895530477637,0,0,34.4,1.8811594202898552,12,12,6,6,11.0,6.0,5.5,3.4576806613039848,38.3,36.35,36.25,1.237571538153639,11.0,6.444444444444445,6.0,3.0983866769659336,9.0,6.0,5.5,2.9154759474226504,6.0,6.0,6.0,0.0,36.3,36.3,36.3,0.0,6.0,6.0,6.0,0.0,6.0,6.0,6.0,0.0,9.0,6.333333333333333,6.0,2.6457513110645943,37.2,36.26666666666667,36.2,0.960902353693287,9.0,6.666666666666667,6.0,2.5166114784235836,8.0,6.0,6.0,2.3094010767585025,10.0,6.1,6.0,3.209361307176242,37.8,36.3,36.2,1.1140017049131967,10.0,6.6,6.0,2.863564212655271,9.0,6.0,6.0,2.701851217221259,0.0,False,0,0,1,64.9,0,1,0.035211267605633804,0.049079754601226995,0.03816793893129771,0.0,0.032303370786516857,0.052364864864864864,0.08695652173913043,0.04486062717770035,0.048324240062353856,0.04723346828609987,0.1111111111111111,0.25,0.038262668045501554,0.02960222016651249,0.03735632183908046,0.0,0.0,0.0,0.045112781954887216,0.0,0.047619047619047616,0.01729106628242075,0.07142857142857142,0.03927492447129909,0.03529411764705882,0.041666666666666664,0.03289473684210526,0.14285714285714285,0.05405405405405406,0.05555555555555555,0.0
202504040405,2023101591,2025-10-26,3,98.5,2,0.0,55.0,0.0,0,0,1,48.0,1600,0.0,16,460.0,0.0,-0.11575791060955275,0,0,33.9,1.9,10,10,6,6,11.0,6.0,5.5,3.4576806613039848,38.3,36.35,36.25,1.237571538153639,11.0,6.444444444444445,6.0,3.0983866769659336,9.0,6.0,5.5,2.9154759474226504,6.0,6.0,6.0,0.0,36.3,36.3,36.3,0.0,6.0,6.0,6.0,0.0,6.0,6.0,6.0,0.0,9.0,6.333333333333333,6.0,2.6457513110645943,37.2,36.26666666666667,36.2,0.960902353693287,9.0,6.666666666666667,6.0,2.5166114784235836,8.0,6.0,6.0,2.3094010767585025,10.0,6.1,6.0,3.209361307176242,37.8,36.3,36.2,1.1140017049131967,10.0,6.6,6.0,2.863564212655271,9.0,6.0,6.0,2.701851217221259,0.0,False,0,1,0,64.6,0,1,0.14705882352941177,0.05757575757575758,0.052083333333333336,0.0,0.04529616724738676,0.05723905723905724,0.08823529411764706,0.05410923940786115,0.05595667870036101,0.052100840336134456,0.0,0.0,0.05018359853121175,0.061420345489443376,0.07142857142857142,0.16666666666666666,0.10810810810810811,0.08,0.03205128205128205,0.0,0.039473684210526314,0.049586776859504134,0.0,0.0707395498392283,0.07518796992481203,0.07428571428571429,0.056818181818181816,0.03067484662576687,0.0625,0.05,0.04
202504040405,2023100600,2025-10-26,15,100.1,2,0.0,56.0,0.752772086042841,0,0,1,48.0,1600,0.0,17,478.0,0.0,0.5787895530477637,0,0,34.9,1.862857142857143,14,14,6,6,11.0,6.0,5.5,3.4576806613039848,38.3,36.35,36.25,1.237571538153639,11.0,6.444444444444445,6.0,3.0983866769659336,9.0,6.0,5.5,2.9154759474226504,6.0,6.0,6.0,0.0,36.3,36.3,36.3,0.0,6.0,6.0,6.0,0.0,6.0,6.0,6.0,0.0,9.0,6.333333333333333,6.0,2.6457513110645943,37.2,36.26666666666667,36.2,0.960902353693287,9.0,6.666666666666667,6.0,2.5166114784235836,8.0,6.0,6.0,2.3094010767585025,10.0,6.1,6.0,3.209361307176242,37.8,36.3,36.2,1.1140017049131967,10.0,6.6,6.0,2.863564212655271,9.0,6.0,6.0,2.701851217221259,0.0,False,0,0,1,65.2,0,1,0.11904761904761904,0.06184668989547038,0.045454545454545456,0.0,0.055165496489468405,0.061356297093649086,0.02040816326530612,0.05816419266888822,0.06560509554140127,0.07627118644067797,0.031413612565445025,0.04716981132075472,0.052318668252080855,0.07601935038009675,0.043478260869565216,0.056338028169014086,0.10152284263959391,0.04811715481171548,0.03787878787878788,0.02702702702702703,0.04779411764705882,0.03389830508474576,0.09254498714652956,0.09550561797752809,0.08928571428571429,0.07420494699646643,0.08653846153846154,0.05741626794258373,0.11475409836065574,0.07296137339055794,0.0684931506849315
202504040405,2023106574,2025-10-26,13,99.5,2,0.0,55.0,0.0,0,0,1,48.0,1600,0.0,18,440.0,0.0,-0.8874773146732378,0,0,34.5,1.8786127167630058,14,14,6,6,11.0,6.0,5.5,3.4576806613039848,38.3,36.35,36.25,1.237571538153639,11.0,6.444444444444445,6.0,3.0983866769659336,9.0,6.0,5.5,2.9154759474226504,6.0,6.0,6.0,0.0,36.3,36.3,36.3,0.0,6.0,6.0,6.0,0.0,6.0,6.0,6.0,0.0,9.0,6.333333333333333,6.0,2.6457513110645943,37.2,36.26666666666667,36.2,0.960902353693287,9.0,6.666666666666667,6.0,2.5166114784235836,8.0,6.0,6.0,2.3094010767585025,10.0,6.1,6.0,3.209361307176242,37.8,36.3,36.2,1.1140017049131967,10.0,6.6,6.0,2.863564212655271,9.0,6.0,6.0,2.701851217221259,0.0,False,0,1,0,65.0,0,1,0.010582010582010581,0.03143712574850299,0.01,0.0,0.035483870967741936,0.04205607476635514,0.09333333333333334,0.03705463182897862,0.029896907216494847,0.033973412112259974,0.0,0.07792207792207792,0.03962264150943396,0.04659717964438995,0.05,0.021739130434782608,0.05434782608695652,0.01818181818181818,0.02564102564102564,0.0,0.015503875968992248,0.030100334448160536,0.04,0.03257328990228013,0.07772020725388601,0.049217002237136466,0.040983606557377046,0.12121212121212122,0.06521739130434782,0.0,0.07608695652173914
202504040406,2019102950,2025-10-26,12,74.2,6,2.4085363923725036,54.0,-0.1558571947767544,1,0,0,8.0,1200,0.0,1,466.0,4.0,-0.3505579720609142,1,0,37.2,0.9919571045576406,13,13,6,6,16.0,14.3,15.0,1.6363916944844774,39.3,38.37,38.4,0.6201254353399434,16.0,13.7,14.0,2.0027758514399734,9.0,6.0,5.5,2.9154759474226504,14.0,14.0,14.0,0.0,39.0,39.0,39.0,0.0,15.0,15.0,15.0,0.0,6.0,6.0,6.0,0.0,15.0,13.333333333333334,14.0,2.081665999466133,39.0,38.800000000000004,38.8,0.20000000000000187,16.0,14.0,15.0,2.6457513110645907,8.0,6.0,6.0,2.3094010767585025,15.0,13.2,14.0,1.643167672515498,39.3,38.6,38.8,0.7713624310270764,16.0,13.2,14.0,2.588435821108957,9.0,6.0,6.0,2.701851217221259,0.0,False,0,1,0,37.0,1,0,0.0023169601482854493,0.02092050209205021,0.0,0.0,0.019305019305019305,0.05263157894736842,0.0625,0.032,0.029661016949152543,0.0,0.015151515151515152,0.02158273381294964,0.03359173126614987,0.015274034141958671,0.017482517482517484,0.0,0.015151515151515152,0.022727272727272728,1.0,0.009345794392523364,0.0,0.003676470588235294,0.02564102564102564,0.02631578947368421,0.0,0.0,0.0234375,0.10810810810810811,0.06818181818181818,0.028901734104046242,0.05084745762711865
202504040406,2021106119,2025-10-26,4,72.0,4,0.08920505156935218,55.0,0.5195239825891733,1,0,0,35.0,1200,0.0,2,494.0,14.0,0.5234358760909544,1,0,36.1,0.9917127071823203,11,11,6,6,13.0,5.2,4.5,3.190262963734773,37.8,37.0,37.0,0.53541261347363,13.0,8.0,8.0,2.905932629027116,9.0,6.0,5.5,2.9154759474226504,6.0,6.0,6.0,0.0,37.0,37.0,37.0,0.0,13.0,13.0,13.0,0.0,6.0,6.0,6.0,0.0,6.0,5.333333333333333,6.0,1.1547005383792532,37.0,36.9,36.9,0.09999999999998505,13.0,11.333333333333334,11.0,1.5275252316519408,8.0,6.0,6.0,2.3094010767585025,13.0,6.2,6.0,4.147288270665545,37.8,36.879999999999995,36.9,0.6760177512462189,13.0,9.2,10.0,3.4205262752974144,9.0,6.0,6.0,2.701851217221259,0.0,False,0,0,1,35.9,1,0,0.06993006993006992,0.019230769230769232,0.0,0.0,0.0392156862745098,0.030837004405286344,0.0,0.02702702702702703,0.023936170212765957,0.035211267605633804,0.05,0.02857142857142857,0.03375527426160337,0.05179615705931495,0.04984423676012461,0.07692307692307693,0.07228915662650602,0.0,0.017241379310344827,0.04948805460750853,0.0,0.06584362139917696,0.05,0.034722222222222224,0.05,0.021739130434782608,0.023474178403755867,0.0,0.16,0.04897959183673469,0.03076923076923077
202504040406,2022104303,2025-10-26,6,72.1,3,-1.0704606188322237,52.0,-1.5066195495086099,1,0,0,141.0,1200,0.0,3,476.0,6.0,-0.038417312006675405,1,0,36.4,0.978082191780822,9,9,6,6,7.0,4.285714285714286,5.0,2.0586634591635513,40.0,36.214285714285715,36.2,2.278470665035776,15.0,5.0,4.0,5.033222956847166,1.0,1.0,1.0,2.9154759474226504,1.0,1.0,1.0,0.0,37.1,37.1,37.1,0.0,4.0,4.0,4.0,0.0,6.0,6.0,6.0,0.0,5.0,3.0,3.0,1.9999999999999996,37.8,37.03333333333333,37.1,0.80208062770109,4.0,2.3333333333333335,2.0,1.5275252316519459,8.0,6.0,6.0,2.3094010767585025,7.0,3.8,3.0,2.2803508501982757,40.0,37.019999999999996,37.1,2.1959052802887524,8.0,3.2,2.0,2.9495762407505257,1.0,1.0,1.0,2.701851217221259,0.0,False,0,1,0,35.7,1,0,0.2,0.05263157894736842,0.0,0.0,0.0375,0.06756756756756757,0.05263157894736842,0.049586776859504134,0.05426356589147287,0.06666666666666667,0.05,0.06313131313131314,0.04424778761061947,0.03283302063789869,0.01935483870967742,0.0,0.04,0.0,0.0,0.04948805460750853,0.06,0.03614457831325301,0.125,0.07142857142857142,0.03816793893129771,0.0,0.01875,0.08928571428571429,0.1111111111111111,0.033707865168539325,0.017543859649122806
202504040406,2021100675,2025-10-26,8,72.8,4,0.08920505156935218,55.0,0.5195239825891733,0,1,0,189.0,1200,0.0,4,548.0,1.0,2.208995440383844,1,0,37.4,0.944,6,6,6,6,15.0,8.9,9.0,3.5103022978402048,40.4,38.15,38.55,1.951779814539652,15.0,6.4,5.5,4.880801391392834,14.0,6.0,5.0,5.5677643628300215,13.0,13.0,13.0,0.0,39.7,39.7,39.7,0.0,7.0,7.0,7.0,0.0,9.0,9.0,9.0,0.0,15.0,13.0,13.0,2.000000000000001,40.4,39.6,39.7,0.8544003745317467,12.0,10.0,11.0,2.6457513110645907,14.0,11.5,11.5,3.5355339059327378,15.0,10.4,11.0,4.219004621945797,40.4,38.56,38.7,1.7008821240756191,12.0,6.4,7.0,5.272570530585627,14.0,6.25,5.0,6.396613687465163,0.0,False,1,0,0,35.4,1,0,0.005065856129685917,0.03076923076923077,0.0,0.0,0.0,0.07407407407407407,0.0,0.04054054054054054,0.030303030303030304,0.03773584905660377,0.05,0.06313131313131314,0.06666666666666667,0.055725190839694655,0.06930693069306931,0.09090909090909091,0.13333333333333333,0.0,0.0,0.04948805460750853,0.019230769230769232,0.047619047619047616,0.0625,0.1111111111111111,0.02962962962962963,0.04878048780487805,0.03389830508474576,0.0,0.061224489795918366,0.04897959183673469,0.1206896551724138
202504040406,2020104437,2025-10-26,11,74.0,5,1.2488707219709279,55.0,0.5195239825891733,0,1,0,13.0,1200,0.0,5,470.0,0.0,-0.22570170803921868,1,0,38.3,0.9296875000000001,9,9,6,6,15.0,13.0,13.5,2.2607766610417555,40.8,38.95,39.1,0.9800793618659478,12.0,8.9,9.0,2.424412872795757,11.0,11.0,11.0,2.9154759474226504,15.0,15.0,15.0,0.0,39.1,39.1,39.1,0.0,10.0,10.0,10.0,0.0,6.0,6.0,6.0,0.0,15.0,13.0,15.0,3.4641016151377553,39.6,38.86666666666667,39.1,0.8736894948054601,12.0,11.0,11.0,0.999999999999978,8.0,6.0,6.0,2.3094010767585025,15.0,12.8,15.0,3.0331501776206204,39.7,38.8,39.1,0.9433981132056731,12.0,10.0,10.0,1.8708286933869713,9.0,6.0,6.0,2.701851217221259,0.0,False,0,0,1,35.7,1,0,0.00218435998252512,0.0,0.0,0.0,0.01694915254237288,0.034482758620689655,0.05263157894736842,0.017341040462427744,0.018518518518518517,0.0,0.0,0.06313131313131314,0.015384615384615385,0.01818181818181818,0.03225806451612903,0.0,0.0,0.05263157894736842,0.04265402843601896,0.023809523809523808,0.0,0.006578947368421052,0.0,0.07916666666666666,0.027972027972027972,0.0,0.014018691588785047,0.030303030303030304,0.03389830508474576,0.020833333333333332,0.020833333333333332
202504040406,2021106759,2025-10-26,5,72.0,4,0.08920505156935218,54.0,-0.1558571947767544,0,1,0,22.0,1200,0.0,6,510.0,-4.0,1.0228609321777364,1,0,36.0,0.9972299168975068,11,11,6,6,15.0,8.4,8.0,3.8930136855083823,40.2,37.440000000000005,36.85,1.7840029895341218,15.0,12.7,13.5,1.8287822299126961,9.0,7.666666666666667,8.0,1.5275252316519468,7.0,7.0,7.0,0.0,36.7,36.7,36.7,0.0,14.0,14.0,14.0,0.0,6.0,6.0,6.0,0.0,12.0,7.666666666666667,7.0,4.04145188432738,37.0,36.23333333333334,36.7,1.078579312490917,15.0,14.0,14.0,0.9999999999999991,8.0,6.0,6.0,2.3094010767585025,12.0,7.6,7.0,4.277849927241486,37.0,36.18,36.2,0.7694153624669012,15.0,13.2,14.0,1.9235384061671337,9.0,6.0,6.0,2.701851217221259,0.0,False,0,1,0,36.0,1,0,0.04524886877828054,0.03636363636363636,0.03225806451612903,0.0,0.011299435028248588,0.08333333333333333,0.0,0.04241435562805873,0.04597701149425287,0.0,0.053763440860215055,0.045454545454545456,0.038461538461538464,0.06088560885608856,0.06708595387840671,0.038461538461538464,0.07692307692307693,0.041379310344827586,0.0,0.03333333333333333,0.046875,0.05,0.022727272727272728,0.023255813953488372,0.06349206349206349,0.08333333333333333,0.05309734513274336,0.02702702702702703,0.11688311688311688,0.0,0.05555555555555555
202504040406,2021105180,2025-10-26,13,74.5,4,0.08920505156935218,54.0,-0.1558571947767544,0,1,0,196.0,1200,0.0,7,470.0,-4.0,-0.22570170803921868,1,0,39.8,0.8696741854636593,1,2,6,6,16.0,7.666666666666667,4.0,7.234178138070234,39.8,37.63333333333333,37.6,2.1501937897160186,4.0,2.0,1.0,1.7320508075688772,9.0,6.0,5.5,2.9154759474226504,16.0,16.0,16.0,0.0,39.8,39.8,39.8,0.0,1.0,1.0,1.0,0.0,6.0,6.0,6.0,0.0,16.0,7.666666666666667,4.0,7.234178138070234,39.8,37.63333333333333,37.6,2.1501937897160186,4.0,2.0,1.0,1.7320508075688772,8.0,6.0,6.0,2.3094010767585025,16.0,7.666666666666667,4.0,7.234178138070234,39.8,37.63333333333333,37.6,2.1501937897160186,4.0,2.0,1.0,1.7320508075688772,9.0,6.0,6.0,2.701851217221259,1.0,False,0,0,1,34.7,1,0,0.01124859392575928,0.022222222222222223,0.047619047619047616,0.0,0.02112676056338028,0.027491408934707903,0.09090909090909091,0.024945770065075923,0.02734375,0.0,0.005813953488372093,0.02666666666666667,0.020050125313283207,0.06,0.09090909090909091,0.06190476190476191,0.05714285714285714,0.04054054054054054,0.04265402843601896,0.01744186046511628,0.05,0.0,0.06430868167202572,0.019230769230769232,0.1016949152542373,0.03896103896103896,0.04411764705882353,0.057971014492753624,0.08333333333333333,0.04897959183673469,0.0625
202504040406,2021100708,2025-10-26,9,72.8,4,0.08920505156935218,53.0,-0.831238372142682,0,1,0,50.0,1200,0.0,8,454.0,0.0,-0.7251267641260007,1,0,37.3,0.9491978609625669,7,8,6,6,14.0,7.6,6.0,3.6469165057620936,37.4,36.08,36.5,1.0616025621672172,14.0,10.0,10.0,2.9154759474226504,11.0,10.5,10.5,0.7071067811865476,7.0,7.0,7.0,0.0,37.4,37.4,37.4,0.0,9.0,9.0,9.0,0.0,6.0,6.0,6.0,0.0,14.0,9.0,7.0,4.358898943540673,37.4,36.23333333333333,36.5,1.3203534880225578,14.0,9.666666666666666,9.0,4.041451884327381,8.0,6.0,6.0,2.3094010767585025,14.0,7.6,6.0,3.6469165057620936,37.4,36.08,36.5,1.0616025621672172,14.0,10.0,10.0,2.9154759474226504,11.0,10.5,10.5,0.7071067811865476,1.0,False,0,1,0,35.5,1,0,0.00757002271006813,0.013513513513513514,0.0,0.0,0.020618556701030927,0.0,0.0,0.010452961672473868,0.016129032258064516,0.0,0.0,0.0,0.0,0.04061470911086718,0.0,0.06369426751592357,0.06956521739130435,0.021739130434782608,0.04265402843601896,0.0,0.018292682926829267,0.0,0.04310344827586207,0.0,0.0625,0.0,0.0410958904109589,0.02857142857142857,0.0,0.02127659574468085,0.02127659574468085
202504040406,2021103595,2025-10-26,2,71.5,4,0.08920505156935218,56.0,1.194905159955101,0,1,0,35.0,1200,0.0,9,510.0,10.0,1.0228609321777364,1,0,36.8,0.9403794037940381,2,1,6,6,16.0,7.1,6.5,4.817791102892602,39.9,36.98,37.25,1.594295385986468,13.0,6.2,7.0,4.022160834399562,9.0,6.0,5.5,2.9154759474226504,2.0,2.0,2.0,0.0,37.5,37.5,37.5,0.0,1.0,1.0,1.0,0.0,6.0,6.0,6.0,0.0,8.0,5.0,5.0,2.9999999999999996,37.5,36.36666666666667,36.9,1.4742229591664042,7.0,3.3333333333333335,2.0,3.214550253664321,8.0,6.0,6.0,2.3094010767585025,16.0,7.2,5.0,5.357238094391549,37.5,36.4,36.9,1.1135528725659927,13.0,6.6,7.0,5.128352561983235,9.0,6.0,6.0,2.701851217221259,-1.0,False,0,0,1,34.7,1,0,0.2857142857142857,0.04380475594493116,0.0410958904109589,0.0,0.06944444444444445,0.04743083003952569,0.05555555555555555,0.05278592375366569,0.047250193648334625,0.0,0.0481283422459893,0.05405405405405406,0.059433962264150944,0.03261623872310895,0.041463414634146344,0.0,0.022222222222222223,0.04173106646058733,0.09090909090909091,0.03678929765886288,0.018518518518518517,0.02556818181818182,0.0,0.10780669144981413,0.022388059701492536,0.05398457583547558,0.049723756906077346,0.0,0.03614457831325301,0.0,0.031914893617021274
202504040406,2022105774,2025-10-26,1,70.8,3,-1.0704606188322237,55.0,0.5195239825891733,0,0,1,28.0,1200,0.0,10,476.0,-2.0,-0.038417312006675405,1,0,35.6,0.9859943977591037,5,3,6,6,9.0,5.166666666666667,5.5,2.639444385977221,40.3,38.083333333333336,38.7,1.9863702239679928,10.0,5.5,6.0,2.8106938645110393,2.0,2.0,2.0,2.9154759474226504,6.0,6.0,6.0,0.0,38.5,38.5,38.5,0.0,6.0,6.0,6.0,0.0,6.0,6.0,6.0,0.0,6.0,5.0,5.0,1.0,38.9,37.300000000000004,38.5,2.433105012119281,10.0,7.333333333333333,6.0,2.309401076758503,8.0,6.0,6.0,2.3094010767585025,6.0,4.4,5.0,2.0736441353327724,38.9,37.64,38.5,1.8595698427324474,10.0,6.2,6.0,2.4899799195977463,9.0,6.0,6.0,2.701851217221259,-2.0,False,0,1,0,35.2,1,0,0.2173913043478261,0.0488771466314399,0.009900990099009901,0.0,0.05804749340369393,0.055916775032509754,0.06451612903225806,0.05254447662391394,0.05435651478816946,0.05555555555555555,0.04395604395604396,0.04909560723514212,0.050220264317180616,0.08649289099526067,0.07692307692307693,0.09642857142857143,0.0787037037037037,0.039923954372623575,0.0625,0.03211009174311927,0.11490683229813664,0.07575757575757576,0.07709750566893424,0.053156146179401995,0.09090909090909091,0.06954436450839328,0.06741573033707865,0.046875,0.07894736842105263,0.08085106382978724,0.05128205128205128
202504040406,2021102091,2025-10-26,3,71.5,4,0.08920505156935218,53.0,-0.831238372142682,0,0,1,8.0,1200,0.0,11,436.0,-2.0,-1.2869799522236305,1,0,36.5,0.9562841530054644,3,3,6,6,14.0,7.5,6.5,4.527692569068709,38.7,37.67999999999999,37.45,0.8230026326405911,10.0,5.8,4.5,3.359894178227774,9.0,6.0,5.5,2.9154759474226504,4.0,4.0,4.0,0.0,37.4,37.4,37.4,0.0,10.0,10.0,10.0,0.0,6.0,6.0,6.0,0.0,14.0,10.333333333333334,13.0,5.507570547286105,38.7,37.699999999999996,37.4,0.8888194417315536,10.0,8.0,10.0,3.464101615137754,8.0,6.0,6.0,2.3094010767585025,14.0,9.8,10.0,4.024922359499621,38.7,38.06,38.5,0.801872807869186,10.0,6.2,5.0,3.6331804249169894,9.0,6.0,6.0,2.701851217221259,0.0,False,0,1,0,35.0,1,0,0.041666666666666664,0.026415094339622643,0.07142857142857142,0.0,0.014634146341463415,0.02181818181818182,0.0,0.02284263959390863,0.030303030303030304,0.0,0.03225806451612903,0.031446540880503145,0.01079136690647482,0.07981530343007916,0.03333333333333333,0.10526315789473684,0.0761904761904762,0.00975609756097561,0.5,0.008771929824561403,0.07037037037037037,0.038461538461538464,0.09237875288683603,0.031746031746031744,0.01639344262295082,0.041666666666666664,0.08547008547008547,0.016666666666666666,0.06382978723404255,0.017543859649122806,0.061224489795918366
202504040406,2022102701,2025-10-26,7,72.6,3,-1.0704606188322237,57.0,1.8702863373210288,0,0,1,57.0,1200,0.0,12,464.0,6.0,-0.41298610407176195,1,0,37.1,0.9543010752688171,7,6,6,6,14.0,5.2,5.0,3.552776691859794,40.8,38.07000000000001,38.400000000000006,1.6323466407462508,11.0,4.1,3.0,3.3482997343593826,6.0,6.0,6.0,2.9154759474226504,6.0,6.0,6.0,0.0,38.9,38.9,38.9,0.0,4.0,4.0,4.0,0.0,6.0,6.0,6.0,0.0,6.0,3.3333333333333335,3.0,2.516611478423583,39.0,38.5,38.9,0.7810249675906376,4.0,2.3333333333333335,2.0,1.5275252316519452,8.0,6.0,6.0,2.3094010767585025,6.0,4.4,6.0,2.3021728866442674,40.8,39.08,39.0,1.138859078200647,7.0,3.0,2.0,2.5495097567963922,9.0,6.0,6.0,2.701851217221259,-1.0,False,0,0,1,35.5,1,0,0.10309278350515465,0.05371900826446281,0.041666666666666664,0.0,0.042067307692307696,0.03851261620185923,0.038461538461538464,0.04515173945225759,0.05284280936454849,0.0,0.01762114537444934,0.06277056277056277,0.03556308213378493,0.0794148380355277,0.06666666666666667,0.06832298136645963,0.11666666666666667,0.037037037037037035,0.0625,0.04112554112554113,0.08176100628930817,0.023255813953488372,0.0871559633027523,0.06944444444444445,0.09803921568627451,0.04304635761589404,0.10344827586206896,0.057971014492753624,0.0,0.041916167664670656,0.05263157894736842
202504040406,2022107300,2025-10-26,10,73.3,3,-1.0704606188322237,52.0,-1.5066195495086099,0,0,1,14.0,1200,0.0,13,430.0,0.0,-1.474264348256174,1,0,38.3,0.9114583333333334,3,3,6,6,14.0,6.2,5.0,4.589843860815602,39.0,37.480000000000004,37.9,1.3364962484878973,7.0,3.5,3.0,2.41522945769824,9.0,6.0,5.5,2.9154759474226504,14.0,14.0,14.0,0.0,38.6,38.6,38.6,0.0,2.0,2.0,2.0,0.0,6.0,6.0,6.0,0.0,14.0,7.666666666666667,8.0,6.506407098647712,38.6,38.0,38.4,0.8717797887081308,5.0,2.6666666666666665,2.0,2.081665999466132,8.0,6.0,6.0,2.3094010767585025,14.0,5.8,4.0,5.310367218940701,38.6,37.959999999999994,38.0,0.6228964600958949,5.0,2.6,2.0,1.8165902124584945,9.0,6.0,6.0,2.701851217221259,0.0,False,0,1,0,35.0,1,0,0.023529411764705882,0.020618556701030927,0.0,0.0,0.04195804195804196,0.034653465346534656,0.05,0.030821917808219176,0.03459119496855346,0.03225806451612903,0.05,0.06,0.024390243902439025,0.018077239112571898,0.017391304347826087,0.0,0.047619047619047616,0.0,0.02,0.04948805460750853,0.02,0.021897810218978103,0.0,0.02459016393442623,0.02054794520547945,0.03571428571428571,0.010526315789473684,0.0,0.013513513513513514,0.04897959183673469,0.0
202504040407,2022110125,2025-10-26,4,121.7,3,-0.6324545320352568,54.0,-0.7578643159760888,1,0,0,78.0,2000,0.0,1,476.0,8.0,0.056659133953773075,0,0,34.9,2.48,1,1,6,6,5.0,3.6666666666666665,4.0,1.505545305418162,39.5,35.88333333333333,35.150000000000006,2.0301888253723233,8.0,3.6666666666666665,3.0,2.1602468994692865,4.0,3.5,3.5,0.7071067811865476,4.0,4.0,4.0,0.0,34.3,34.3,34.3,0.0,3.0,3.0,3.0,0.0,3.0,3.0,3.0,0.0,5.0,3.3333333333333335,4.0,2.0816659994661326,34.7,34.43333333333333,34.3,0.23094010767576945,3.0,2.6666666666666665,3.0,0.5773502691896243,3.0,3.0,3.0,2.3094010767585025,5.0,3.4,4.0,1.51657508881031,36.9,35.160000000000004,34.7,1.108151614175594,8.0,3.8,3.0,2.3874672772626644,3.0,3.0,3.0,2.701851217221259,0.0,False,0,1,0,86.8,0,1,0.1388888888888889,0.05371900826446281,0.041666666666666664,0.0,0.042067307692307696,0.03851261620185923,0.038461538461538464,0.04515173945225759,0.05284280936454849,0.0,0.01762114537444934,0.06277056277056277,0.03556308213378493,0.11764705882352941,0.07692307692307693,0.10294117647058823,0.15,0.037037037037037035,0.0625,0.04112554112554113,0.15625,0.04878048780487805,0.11475409836065574,0.06944444444444445,0.14285714285714285,0.04304635761589404,0.2,0.057971014492753624,0.07692307692307693,0.041916167664670656,0.09090909090909091
202504040407,2022105399,2025-10-26,3,121.7,3,-0.6324545320352568,56.0,0.3789321579880424,1,0,0,21.0,2000,0.0,2,446.0,-4.0,-1.7645273145603542,1,0,34.6,2.510086455331412,3,3,6,6,6.0,3.6666666666666665,4.0,1.8618986725025255,36.2,35.35,35.35,0.6220932405998347,11.0,6.0,6.5,3.22490309931942,11.0,5.5,4.5,3.146426544510455,4.0,4.0,4.0,0.0,35.1,35.1,35.1,0.0,3.0,3.0,3.0,0.0,4.0,4.0,4.0,0.0,6.0,5.0,5.0,0.9999999999999991,36.2,35.233333333333334,35.1,0.9073771725877489,11.0,7.0,7.0,4.0,11.0,6.333333333333333,4.0,4.041451884327381,6.0,4.0,4.0,1.8708286933869707,36.2,35.3,35.1,0.6819090848492966,11.0,5.8,6.0,3.5637059362410923,11.0,5.6,4.0,3.5071355833500366,0.0,False,0,0,1,87.1,0,1,0.0684931506849315,0.06184668989547038,0.045454545454545456,0.0,0.055165496489468405,0.061356297093649086,0.02040816326530612,0.05816419266888822,0.06560509554140127,0.07627118644067797,0.031413612565445025,0.04716981132075472,0.052318668252080855,0.07136404697380307,0.05555555555555555,0.050955414012738856,0.09352517985611511,0.04811715481171548,0.03787878787878788,0.02702702702702703,0.06896551724137931,0.06,0.04,0.09550561797752809,0.13559322033898305,0.07420494699646643,0.10714285714285714,0.05741626794258373,0.1951219512195122,0.07296137339055794,0.044444444444444446
202504040407,2022103263,2025-10-26,14,123.7,3,-0.6324545320352568,56.0,0.3789321579880424,1,0,0,14.0,2000,0.0,3,472.0,-4.0,-0.18616572584811056,1,0,36.3,2.4010989010989015,6,7,6,6,10.0,5.3,5.0,3.16403399335581,39.0,35.29,35.25,1.480577965225442,16.0,10.9,11.0,3.3482997343593817,17.0,10.8,11.0,3.1198290551460244,10.0,10.0,10.0,0.0,34.3,34.3,34.3,0.0,11.0,11.0,11.0,0.0,11.0,11.0,11.0,0.0,10.0,6.666666666666667,9.0,4.932882862316247,39.0,36.199999999999996,35.3,2.475883680627983,12.0,9.333333333333334,11.0,3.785938897200182,12.0,10.666666666666666,11.0,1.5275252316519468,10.0,5.8,6.0,3.8340579025361627,39.0,35.72,35.3,1.8912958520548788,12.0,9.4,10.0,2.7018512172212596,12.0,9.4,9.0,2.3021728866442674,1.0,False,0,0,1,87.4,0,1,0.009115770282588878,0.04259634888438134,0.0,0.0,0.02313624678663239,0.06267806267806268,0.0,0.04046692607003891,0.054678007290400975,0.12,0.03773584905660377,0.04591836734693878,0.01545253863134658,0.06583072100313479,0.05128205128205128,0.060498220640569395,0.06015037593984962,0.03550295857988166,0.08333333333333333,0.02727272727272727,0.08648648648648649,0.05813953488372093,0.052,0.03125,0.0821917808219178,0.08035714285714286,0.0851063829787234,0.0,0.06493506493506493,0.0,0.06172839506172839
202504040407,2021106829,2025-10-26,7,122.0,4,0.9486817980528855,58.0,1.5157286319521737,1,0,0,189.0,2000,0.0,4,472.0,6.0,-0.18616572584811056,1,0,34.8,2.4985673352435533,5,5,6,6,12.0,3.9,3.0,3.2128215360057304,36.6,35.34,35.5,1.0200217862597094,12.0,6.2,6.0,3.04776785350999,9.0,5.111111111111111,4.0,2.3154073315749675,12.0,12.0,12.0,0.0,35.8,35.8,35.8,0.0,12.0,12.0,12.0,0.0,9.0,9.0,9.0,0.0,12.0,7.333333333333333,7.0,4.509249752822894,35.8,35.5,35.7,0.43588989435406367,12.0,8.0,7.0,3.605551275463991,9.0,7.0,8.0,2.6457513110645903,12.0,5.4,3.0,4.159326868617084,35.8,34.980000000000004,35.1,1.003493896344159,12.0,6.0,5.0,3.7416573867739418,9.0,6.0,6.0,2.943920288775949,0.0,False,0,0,1,87.2,0,1,0.07246376811594203,0.03143712574850299,0.01,0.0,0.035483870967741936,0.04205607476635514,0.09333333333333334,0.03705463182897862,0.029896907216494847,0.033973412112259974,0.0,0.07792207792207792,0.03962264150943396,0.10708016383850205,0.1366742596810934,0.0,0.08571428571428572,0.01818181818181818,0.02564102564102564,0.0,0.05319148936170213,0.08445297504798464,0.06666666666666667,0.03257328990228013,0.10596026490066225,0.049217002237136466,0.13392857142857142,0.12121212121212122,0.12857142857142856,0.0,0.13636363636363635
202504040407,2022106792,2025-10-26,10,122.1,3,-0.6324545320352568,56.0,0.3789321579880424,1,0,0,148.0,2000,0.0,5,478.0,8.0,0.1780715638547149,1,0,34.7,2.511494252873563,8,7,6,6,14.0,6.142857142857143,4.0,4.6700667885506535,39.0,36.32857142857143,35.9,1.4150551057753717,14.0,10.125,11.0,3.9074105418879577,14.0,8.857142857142858,10.0,4.845223470201398,1.0,1.0,1.0,0.0,35.0,35.0,35.0,0.0,9.0,9.0,9.0,0.0,6.0,6.0,6.0,0.0,14.0,5.666666666666667,2.0,7.234178138070235,39.0,37.166666666666664,37.5,2.020725942163684,14.0,9.0,9.0,5.0,3.0,2.5,2.5,0.7071067811865677,14.0,5.0,4.0,5.196152422706632,39.0,36.58,35.9,1.6452963258939077,14.0,10.4,12.0,4.03732584763727,14.0,7.5,7.0,5.916079783099616,-1.0,False,0,0,1,87.4,0,1,0.056818181818181816,0.021437578814627996,0.02912621359223301,0.0,0.027906976744186046,0.027196652719665274,0.0,0.025322079075966238,0.02973977695167286,0.02631578947368421,0.0,0.029411764705882353,0.01905829596412556,0.062150403977625855,0.07528957528957529,0.058823529411764705,0.05555555555555555,0.05263157894736842,0.02335456475583864,0.0,0.023809523809523808,0.05856832971800434,0.03125,0.04046242774566474,0.07333333333333333,0.02032520325203252,0.06074766355140187,0.0,0.03636363636363636,0.04897959183673469,0.03571428571428571
202504040407,2022100094,2025-10-26,5,121.9,3,-0.6324545320352568,51.0,-2.4630590269222856,0,1,0,35.0,2000,0.0,6,462.0,8.0,-0.7932278753528196,0,0,35.0,2.475783475783476,2,2,6,6,11.0,8.142857142857142,9.0,2.410295378065479,41.6,36.785714285714285,35.6,2.745559184955814,16.0,10.571428571428571,9.0,3.4572215654165053,16.0,10.333333333333334,9.5,4.226897995772629,5.0,5.0,5.0,0.0,35.3,35.3,35.3,0.0,7.0,7.0,7.0,0.0,6.0,6.0,6.0,0.0,11.0,7.333333333333333,6.0,3.214550253664318,35.6,35.03333333333333,35.3,0.7371114795831895,16.0,10.666666666666666,9.0,4.725815626252609,16.0,9.666666666666666,7.0,5.507570547286102,11.0,7.6,6.0,2.7018512172212588,39.5,35.86,35.3,2.1054690688775235,16.0,10.8,9.0,3.6331804249169894,16.0,11.0,12.0,4.358898943540674,0.0,False,0,1,0,86.9,0,1,0.04219409282700422,0.0273972602739726,0.0,0.0,0.03614457831325301,0.04477611940298507,0.0,0.03389830508474576,0.04477611940298507,0.05084745762711865,0.05,0.06313131313131314,0.019801980198019802,0.12779850746268656,0.15384615384615385,0.1497005988023952,0.11960132890365449,0.0625,0.04265402843601896,0.015384615384615385,0.12928759894459102,0.12352941176470589,0.12375249500998003,0.07916666666666666,0.16923076923076924,0.058823529411764705,0.12101910828025478,0.0,0.06779661016949153,0.058823529411764705,0.09195402298850575
202504040407,2022105322,2025-10-26,9,122.1,3,-0.6324545320352568,56.0,0.3789321579880424,0,1,0,14.0,2000,0.0,7,452.0,-4.0,-1.4002900248575287,1,0,34.5,2.5317919075144504,10,10,6,6,15.0,5.4,4.0,4.247875285886397,38.4,35.660000000000004,35.35,1.50569290066438,14.0,8.0,9.5,4.268749491621899,14.0,7.333333333333333,8.0,4.636809247747852,6.0,6.0,6.0,0.0,33.7,33.7,33.7,0.0,10.0,10.0,10.0,0.0,8.0,8.0,8.0,0.0,6.0,3.6666666666666665,4.0,2.5166114784235845,34.5,34.06666666666667,34.0,0.40414518843271163,11.0,9.666666666666666,10.0,1.527525231651947,13.0,9.666666666666666,8.0,2.88675134594813,6.0,3.0,2.0,2.0,36.5,34.78,34.5,1.1166915420115107,11.0,6.4,8.0,4.61519230368573,13.0,6.4,8.0,4.929503017546495,0.0,False,1,0,0,87.6,0,1,0.16129032258064516,0.08718244803695151,0.07575757575757576,0.07142857142857142,0.07945736434108527,0.10224215246636771,0.15,0.08779032601747283,0.08885017421602788,0.078125,0.07243816254416961,0.1008,0.08624316365166176,0.1049552649690296,0.09714285714285714,0.11479591836734694,0.125,0.08363636363636363,0.04201680672268908,0.08737864077669903,0.10698689956331878,0.10702341137123746,0.07965860597439545,0.09090909090909091,0.12903225806451613,0.11934156378600823,0.12962962962962962,0.10638297872340426,0.11920529801324503,0.09137055837563451,0.1072961373390558
202504040407,2020101029,2025-10-26,15,124.8,5,2.529818128141028,55.0,-0.18946607899402323,0,1,0,183.0,2000,0.0,8,496.0,0.0,1.2707834329631913,0,0,37.1,2.35752688172043,12,10,6,6,18.0,10.1,10.5,4.532597979574677,41.0,36.760000000000005,35.349999999999994,2.66924874990865,17.0,9.7,10.0,4.547282460742655,12.0,10.5,10.5,1.5165750888103082,5.0,5.0,5.0,0.0,34.9,34.9,34.9,0.0,11.0,11.0,11.0,0.0,11.0,11.0,11.0,0.0,13.0,6.666666666666667,5.0,5.686240703077327,35.6,35.1,34.9,0.43588989435406644,17.0,13.666666666666666,13.0,3.055050463303893,11.0,10.5,10.5,0.7071067811865476,18.0,9.8,11.0,6.3796551630946325,40.3,36.17999999999999,35.3,2.3252956801232787,17.0,10.8,12.0,5.932958789676531,12.0,10.25,10.5,1.7078251276599323,-2.0,False,0,0,1,87.7,0,1,0.020242914979757085,0.04216867469879518,0.075,0.0,0.04819277108433735,0.07049608355091384,0.0,0.054844606946983544,0.06446776611694154,0.0,0.04411764705882353,0.058823529411764705,0.040380047505938245,0.03225806451612903,0.0,0.05,0.1111111111111111,0.05952380952380952,0.08333333333333333,0.034334763948497854,0.05263157894736842,0.0,0.02631578947368421,0.11702127659574468,0.0,0.056818181818181816,0.0,0.06535947712418301,0.0,0.04020100502512563,0.037037037037037035
202504040407,2021106561,2025-10-26,12,122.5,4,0.9486817980528855,55.0,-0.18946607899402323,0,1,0,77.0,2000,0.0,9,492.0,4.0,1.0279585731613077,1,0,34.8,2.512893982808023,10,10,6,6,11.0,7.142857142857143,9.0,3.97611918955202,39.3,36.57142857142857,36.3,1.7085220569391608,11.0,7.142857142857143,7.0,3.38765264987284,10.0,6.166666666666667,6.0,2.9944392908634274,10.0,10.0,10.0,0.0,35.0,35.0,35.0,0.0,9.0,9.0,9.0,0.0,6.0,6.0,6.0,0.0,11.0,10.0,10.0,1.0000000000000024,39.3,37.6,38.5,2.2869193252058504,11.0,10.333333333333334,11.0,1.154700538379253,10.0,9.5,9.5,0.7071067811865462,11.0,9.4,9.0,1.1401754250991403,39.3,36.98,36.3,1.8349386910739012,11.0,8.8,9.0,2.280350850198276,10.0,7.75,7.5,2.0615528128088303,0.0,False,0,0,1,87.7,0,1,0.008090614886731393,0.05263157894736842,0.0,0.0,0.0375,0.06756756756756757,0.05263157894736842,0.049586776859504134,0.05426356589147287,0.06666666666666667,0.05,0.06313131313131314,0.04424778761061947,0.08571428571428572,0.08333333333333333,0.0,0.06369426751592357,0.0,0.0,0.04948805460750853,0.0,0.16666666666666666,0.25,0.07142857142857142,0.0,0.0,0.0,0.08928571428571429,0.0,0.033707865168539325,0.3333333333333333
202504040407,2021104860,2025-10-26,8,122.1,4,0.9486817980528855,55.0,-0.18946607899402323,0,1,0,133.0,2000,0.0,10,490.0,-8.0,0.9065461432603658,1,0,34.7,2.511494252873563,8,7,6,6,10.0,6.375,7.0,3.3354160160315836,38.6,35.625,34.8,1.570031846810758,10.0,5.777777777777778,6.0,3.1928740101113364,15.0,6.625,6.0,4.808846015417836,6.0,6.0,6.0,0.0,36.3,36.3,36.3,0.0,5.0,5.0,5.0,0.0,15.0,15.0,15.0,0.0,9.0,8.5,8.5,0.70710678118655,37.0,35.7,35.7,1.8384776310850266,7.0,5.666666666666667,5.0,1.1547005383792512,15.0,9.0,9.0,8.48528137423857,10.0,8.25,8.5,1.7078251276599317,37.0,35.225,34.75,1.1954775893619476,10.0,5.6,5.0,3.286335345030997,15.0,7.5,7.0,6.60807586719967,-1.0,False,0,0,1,87.4,0,1,0.026385224274406333,0.013513513513513514,0.0,0.0,0.020618556701030927,0.0,0.0,0.010452961672473868,0.016129032258064516,0.0,0.0,0.0,0.0,0.12406417112299466,0.11764705882352941,0.09055118110236221,0.05649717514124294,0.021739130434782608,0.04265402843601896,0.0,0.13761467889908258,0.08759124087591241,0.1342281879194631,0.0,0.10204081632653061,0.0,0.12871287128712872,0.02857142857142857,0.11904761904761904,0.02127659574468085,0.22282608695652173
202504040407,2022105868,2025-10-26,2,121.6,3,-0.6324545320352568,55.0,-0.18946607899402323,0,1,0,14.0,2000,0.0,11,504.0,0.0,1.7564331525669585,1,0,34.4,2.527536231884058,6,5,6,6,9.0,4.6,5.0,3.2093613071762426,36.9,34.86,34.6,1.2280065146406984,11.0,6.6,7.0,3.2093613071762426,9.0,6.0,5.5,2.9154759474226504,9.0,9.0,9.0,0.0,33.6,33.6,33.6,0.0,11.0,11.0,11.0,0.0,6.0,6.0,6.0,0.0,9.0,5.666666666666667,6.0,3.511884584284246,34.8,34.266666666666666,34.4,0.611010092660766,11.0,8.333333333333334,7.0,2.3094010767585034,8.0,6.0,6.0,2.3094010767585025,9.0,4.6,5.0,3.2093613071762426,36.9,34.86,34.6,1.2280065146406984,11.0,6.6,7.0,3.2093613071762426,9.0,6.0,6.0,2.701851217221259,-1.0,False,0,0,1,87.2,0,1,0.14925373134328357,0.04040404040404041,0.06329113924050633,0.0,0.04212860310421286,0.058333333333333334,0.07142857142857142,0.04900181488203267,0.053156146179401995,0.07692307692307693,0.0,0.06313131313131314,0.04293628808864266,0.11342465753424658,0.1506849315068493,0.12556053811659193,0.08333333333333333,0.025396825396825397,0.0,0.04484304932735426,0.16666666666666666,0.054187192118226604,0.10776942355889724,0.0670391061452514,0.13636363636363635,0.05460750853242321,0.11805555555555555,0.06097560975609756,0.0392156862745098,0.041237113402061855,0.07228915662650602
202504040407,2022100068,2025-10-26,6,121.9,3,-0.6324545320352568,53.0,-1.3262625529581544,0,0,1,70.0,2000,0.0,12,478.0,4.0,0.1780715638547149,1,0,34.1,2.567251461988304,12,13,6,6,4.0,2.5555555555555554,2.0,0.8819171036881963,36.5,35.46666666666667,35.3,0.788986691902978,14.0,6.8,6.0,3.521363372331802,8.0,4.5,3.5,2.2038926600773587,3.0,3.0,3.0,0.0,36.2,36.2,36.2,0.0,10.0,10.0,10.0,0.0,4.0,4.0,4.0,0.0,4.0,3.0,3.0,1.0,36.2,36.03333333333333,36.0,0.15275252316523955,10.0,8.333333333333334,8.0,1.5275252316519445,8.0,5.0,4.0,2.6457513110645907,4.0,3.0,3.0,1.0,36.2,35.459999999999994,35.9,0.934344690143846,14.0,9.6,9.0,2.70185121722126,8.0,5.75,6.0,2.6299556396765835,1.0,False,0,0,1,87.8,0,1,0.1234567901234568,0.020618556701030927,0.0,0.0,0.04195804195804196,0.034653465346534656,0.05,0.030821917808219176,0.03459119496855346,0.03225806451612903,0.05,0.06,0.024390243902439025,0.07601935038009675,0.043478260869565216,0.056338028169014086,0.10152284263959391,0.0,0.02,0.04948805460750853,0.04779411764705882,0.03389830508474576,0.09254498714652956,0.02459016393442623,0.08928571428571429,0.03571428571428571,0.08653846153846154,0.0,0.11475409836065574,0.04897959183673469,0.0684931506849315
202504040407,2021102283,2025-10-26,13,123.0,4,0.9486817980528855,58.0,1.5157286319521737,0,0,1,71.0,2000,0.0,13,460.0,-8.0,-0.9146403052537614,1,0,35.1,2.497159090909091,12,14,6,6,14.0,8.571428571428571,8.0,2.760262237369417,36.1,34.642857142857146,34.6,0.8695921320886427,18.0,11.285714285714286,13.0,5.023753102820166,7.0,7.0,7.0,2.9154759474226504,8.0,8.0,8.0,0.0,36.1,36.1,36.1,0.0,4.0,4.0,4.0,0.0,7.0,7.0,7.0,0.0,9.0,8.333333333333334,8.0,0.5773502691896198,36.1,35.00000000000001,35.2,1.2124355652982095,13.0,8.0,7.0,4.58257569495584,7.0,7.0,7.0,2.3094010767585025,14.0,9.2,8.0,2.7748873851023217,36.1,34.580000000000005,34.2,1.0473776778220905,15.0,10.6,13.0,4.8270073544588685,7.0,7.0,7.0,2.701851217221259,2.0,False,0,0,1,87.9,0,1,0.0111731843575419,0.031877213695395513,0.06756756756756757,0.0,0.038366336633663366,0.0471841704718417,0.0,0.04008097165991903,0.03551251008878128,0.058823529411764705,0.03723404255319149,0.05,0.04493464052287582,0.0782169890664424,0.0,0.05649717514124294,0.08661417322834646,0.028423772609819122,0.0,0.040740740740740744,0.07,0.07142857142857142,0.07604562737642585,0.0625,0.13333333333333333,0.056179775280898875,0.08955223880597014,0.04242424242424243,0.10810810810810811,0.039119804400977995,0.11811023622047244
202504040407,2022105984,2025-10-26,1,121.5,3,-0.6324545320352568,56.0,0.3789321579880424,0,0,1,29.0,2000,0.0,14,484.0,4.0,0.5423088535575403,1,0,34.5,2.514450867052023,3,3,6,6,13.0,5.0,3.0,4.358898943540674,36.4,35.07142857142857,35.0,0.7609517849690735,6.0,3.0,3.0,1.632993161855452,7.0,4.0,3.5,2.160246899469287,9.0,9.0,9.0,0.0,35.2,35.2,35.2,0.0,6.0,6.0,6.0,0.0,7.0,7.0,7.0,0.0,9.0,5.0,3.0,3.4641016151377535,35.2,34.96666666666667,35.0,0.25166114784235216,6.0,3.3333333333333335,2.0,2.3094010767585034,7.0,7.0,7.0,2.3094010767585025,13.0,6.4,4.0,4.449719092257398,36.4,35.38,35.2,0.6572670690061996,6.0,3.2,3.0,1.6431676725154982,7.0,4.333333333333333,4.0,2.5166114784235836,0.0,False,0,0,1,87.0,0,1,0.18181818181818182,0.0725758477096966,0.1092436974789916,0.0,0.05219552609776305,0.06613756613756613,0.12280701754385964,0.06871496782229604,0.05923183711244794,0.04971475142624287,0.022222222222222223,0.08550724637681159,0.07541362062331666,0.09266409266409266,0.09330143540669857,0.1,0.0,0.05,0.022727272727272728,0.0,0.07692307692307693,0.10465116279069768,0.0,0.10368663594470046,0.07920792079207921,0.08916083916083917,0.09271523178807947,0.05660377358490566,0.0784313725490196,0.08397932816537468,0.07894736842105263
202504040407,2022106098,2025-10-26,11,122.3,3,-0.6324545320352568,56.0,0.3789321579880424,0,0,1,42.0,2000,0.0,15,464.0,-2.0,-0.6718154454518778,1,0,34.3,2.558139534883721,15,15,6,6,11.0,8.75,10.0,3.304037933599835,35.4,34.475,34.400000000000006,0.7182153808805039,18.0,14.75,16.0,4.272001872658766,18.0,13.25,13.0,4.0311288741492755,11.0,11.0,11.0,0.0,34.6,34.6,34.6,0.0,18.0,18.0,18.0,0.0,18.0,18.0,18.0,0.0,11.0,8.0,9.0,3.605551275463989,34.6,34.166666666666664,34.2,0.4509249752822779,18.0,15.0,18.0,5.196152422706632,18.0,14.666666666666666,15.0,3.511884584284247,11.0,8.75,10.0,3.304037933599835,35.4,34.475,34.400000000000006,0.7182153808805039,18.0,14.75,16.0,4.272001872658766,18.0,13.25,13.0,4.0311288741492755,0.0,False,0,0,1,88.0,0,1,0.03636363636363636,0.05757575757575758,0.052083333333333336,0.0,0.04529616724738676,0.05723905723905724,0.08823529411764706,0.05410923940786115,0.05595667870036101,0.052100840336134456,0.0,0.0,0.05018359853121175,0.042741935483870966,0.04986149584487535,0.0,0.0,0.08,0.03205128205128205,0.0,0.017857142857142856,0.04450261780104712,0.0,0.0707395498392283,0.01834862385321101,0.07428571428571429,0.07407407407407407,0.03067484662576687,0.02631578947368421,0.05,0.0
202504040408,2022101047,2025-10-26,4,113.7,3,-0.5527695761730469,56.0,0.25289014152252454,1,0,0,92.0,1800,-1.0,1,526.0,0.0,1.2191163729533367,1,0,38.7,1.9329896907216493,4,4,5,5,10.0,6.666666666666667,9.0,4.932882862316247,40.0,39.43333333333333,39.5,0.6027713773341732,5.0,3.6666666666666665,4.0,1.5275252316519465,7.0,3.3333333333333335,2.0,3.2145502536643185,10.0,10.0,10.0,0.0,40.0,40.0,40.0,0.0,2.0,2.0,2.0,0.0,2.0,2.0,2.0,0.0,10.0,6.666666666666667,9.0,4.932882862316247,40.0,39.43333333333333,39.5,0.6027713773341732,5.0,3.6666666666666665,4.0,1.5275252316519465,7.0,3.3333333333333335,2.0,3.2145502536643185,10.0,6.666666666666667,9.0,4.932882862316247,40.0,39.43333333333333,39.5,0.6027713773341732,5.0,3.6666666666666665,4.0,1.5275252316519465,7.0,3.3333333333333335,2.0,3.2145502536643185,0.0,False,0,0,1,75.0,1,0,0.06097560975609757,0.06405353728489484,0.042105263157894736,0.0,0.04610318331503842,0.05161290322580645,0.03773584905660377,0.053391537944929485,0.05864884929472903,0.04154727793696275,0.041666666666666664,0.04741379310344827,0.049429657794676805,0.06356198867212083,0.075,0.052434456928838954,0.07755102040816327,0.06074766355140187,0.051330798479087454,0.017857142857142856,0.05362776025236593,0.08571428571428572,0.0630841121495327,0.07711442786069651,0.10526315789473684,0.06597222222222222,0.05747126436781609,0.038461538461538464,0.06666666666666667,0.02127659574468085,0.05660377358490566
202504040408,2022106132,2025-10-26,8,114.5,3,-0.5527695761730469,53.0,-1.2644507076126226,1,0,0,22.0,1800,-1.0,2,490.0,2.0,0.2615558763790791,1,0,39.0,1.9309462915601023,6,6,9,9,13.0,8.75,10.5,5.439056290693573,39.4,38.325,38.25,0.8301606270274854,14.0,8.5,8.0,5.259911279353167,11.0,7.0,7.0,5.656854249492381,9.0,9.0,9.0,0.0,37.4,37.4,37.4,0.0,4.0,4.0,4.0,0.0,6.0,6.0,6.0,0.0,13.0,11.333333333333334,12.0,2.0816659994661344,38.4,37.96666666666666,38.1,0.5131601439446898,14.0,10.0,12.0,5.291502622129181,11.0,11.0,11.0,2.3094010767585025,13.0,8.75,10.5,5.439056290693573,39.4,38.325,38.25,0.8301606270274854,14.0,8.5,8.0,5.259911279353167,11.0,7.0,7.0,5.656854249492381,0.0,False,0,0,1,75.5,1,0,0.018083182640144666,0.05263157894736842,0.0,0.0,0.0375,0.06756756756756757,0.05263157894736842,0.049586776859504134,0.05426356589147287,0.06666666666666667,0.05,0.06313131313131314,0.04424778761061947,0.1276595744680851,0.1368653421633554,0.02631578947368421,0.14285714285714285,0.0,0.0,0.04948805460750853,0.06557377049180328,0.15857605177993528,0.08695652173913043,0.07142857142857142,0.07857142857142857,0.0,0.10810810810810811,0.08928571428571429,0.09803921568627451,0.033707865168539325,0.10476190476190476
202504040408,2022102347,2025-10-26,6,114.2,3,-0.5527695761730469,54.0,-0.7586704245675736,1,0,0,29.0,1800,5.0,3,488.0,6.0,0.2083580710138426,0,0,39.5,1.8863636363636365,2,2,2,1,15.0,7.333333333333333,6.5,5.8878405775518985,40.7,37.95,38.7,2.3560560264985204,15.0,9.166666666666666,10.0,5.946988033169956,2.0,1.6666666666666667,2.0,0.5773502691896257,9.0,9.0,9.0,0.0,38.7,38.7,38.7,0.0,13.0,13.0,13.0,0.0,2.0,2.0,2.0,0.0,9.0,4.0,2.0,4.358898943540674,39.4,38.93333333333334,38.7,0.40414518843273717,13.0,7.333333333333333,7.0,5.507570547286103,2.0,1.5,1.5,0.7071067811865476,13.0,5.8,4.0,5.06951674225463,40.7,38.64,38.7,1.8352111595127103,15.0,8.0,7.0,5.830951894845301,2.0,1.6666666666666667,2.0,0.5773502691896257,0.0,False,0,1,0,74.7,1,0,0.07299270072992702,0.029619181946403384,0.0423728813559322,0.0,0.02192448233861145,0.051056338028169015,0.05263157894736842,0.03324468085106383,0.03837638376383764,0.0416156670746634,0.0,0.0,0.02433371958285052,0.04005006257822278,0.03153153153153153,0.1,0.0625,0.029411764705882353,0.026837806301050177,0.0,0.0,0.029069767441860465,0.0,0.023923444976076555,0.052083333333333336,0.040268456375838924,0.049019607843137254,0.057971014492753624,0.0425531914893617,0.0,0.058823529411764705
202504040408,2022103741,2025-10-26,9,114.6,3,-0.5527695761730469,51.0,-2.276011273702721,0,1,0,7.0,1800,3.0,4,502.0,-6.0,0.5807427085704984,0,0,39.5,1.8964646464646462,6,6,6,6,10.0,5.75,6.0,3.575711717366808,41.1,39.2125,39.2,1.1581234821900492,8.0,4.125,4.0,2.03100960115899,8.0,4.428571428571429,5.0,2.760262237369417,10.0,10.0,10.0,0.0,38.7,38.7,38.7,0.0,8.0,8.0,8.0,0.0,6.0,6.0,6.0,0.0,10.0,5.333333333333333,4.0,4.163331998932264,39.9,38.766666666666666,38.7,1.1015141094572223,8.0,4.0,3.0,3.605551275463989,6.0,3.0,2.0,2.6457513110645907,10.0,4.0,2.0,3.464101615137754,39.9,38.64,38.7,0.9208691546577129,8.0,4.2,4.0,2.5884358211089573,6.0,3.2,2.0,2.16794833886788,0.0,False,0,1,0,75.1,1,0,0.08695652173913043,0.020618556701030927,0.0,0.0,0.04195804195804196,0.034653465346534656,0.05,0.030821917808219176,0.03459119496855346,0.03225806451612903,0.05,0.06,0.024390243902439025,0.0872093023255814,0.08522727272727272,0.07017543859649122,0.08,0.0,0.02,0.04948805460750853,0.05555555555555555,0.08765652951699464,0.044444444444444446,0.02459016393442623,0.07272727272727272,0.03571428571428571,0.058823529411764705,0.0,0.11965811965811966,0.04897959183673469,0.17054263565891473
202504040408,2022107233,2025-10-26,5,113.8,3,-0.5527695761730469,56.0,0.25289014152252454,0,1,0,7.0,1800,-7.0,5,450.0,-6.0,-0.8024002309256516,1,0,38.0,1.989501312335958,11,11,12,12,9.0,4.7,4.0,2.58413965910857,40.0,38.720000000000006,38.55,0.8534895690308224,16.0,10.7,11.0,3.0203016773531455,13.0,7.9,8.0,2.960855732160327,7.0,7.0,7.0,0.0,38.5,38.5,38.5,0.0,12.0,12.0,12.0,0.0,9.0,9.0,9.0,0.0,7.0,7.0,7.0,0.0,38.8,38.13333333333333,38.5,0.9073771725877332,12.0,11.0,11.0,0.9999999999999991,11.0,9.666666666666666,9.0,1.1547005383792484,7.0,5.4,7.0,2.302172886644267,39.9,38.58,38.6,0.9984988733092914,12.0,10.0,11.0,2.3452078799117158,11.0,7.8,9.0,3.03315017762062,0.0,False,0,0,1,75.8,1,0,0.015455950540958269,0.031877213695395513,0.06756756756756757,0.0,0.038366336633663366,0.0471841704718417,0.0,0.04008097165991903,0.03551251008878128,0.058823529411764705,0.03723404255319149,0.05,0.04493464052287582,0.018077239112571898,0.017391304347826087,0.0,0.047619047619047616,0.028423772609819122,0.0,0.040740740740740744,0.02,0.021897810218978103,0.0,0.0625,0.02054794520547945,0.056179775280898875,0.010526315789473684,0.04242424242424243,0.013513513513513514,0.039119804400977995,0.0
202504040408,2021102969,2025-10-26,7,114.5,4,1.6583087285191407,58.0,1.2644507076126226,0,1,0,197.0,1800,-2.0,6,488.0,6.0,0.2083580710138426,0,0,39.0,1.9309462915601023,12,12,9,9,10.0,6.2,6.0,2.573367875415838,42.3,38.92,39.400000000000006,1.9372374374063939,14.0,7.4,7.0,3.6575644598253874,13.0,6.5,6.5,3.171049598406741,7.0,7.0,7.0,0.0,39.7,39.7,39.7,0.0,6.0,6.0,6.0,0.0,6.0,6.0,6.0,0.0,10.0,7.666666666666667,7.0,2.0816659994661353,40.6,39.96666666666667,39.7,0.5507570547286095,14.0,10.666666666666666,12.0,4.163331998932266,13.0,7.666666666666667,6.0,4.725815626252609,10.0,7.0,6.0,1.7320508075688772,42.3,39.839999999999996,39.7,1.9217179813906025,14.0,8.4,7.0,4.505552130427524,13.0,7.0,6.0,4.06201920231798,0.0,False,1,0,0,75.5,1,0,0.021367521367521368,0.03143712574850299,0.01,0.0,0.035483870967741936,0.04205607476635514,0.09333333333333334,0.03705463182897862,0.029896907216494847,0.033973412112259974,0.0,0.07792207792207792,0.03962264150943396,0.029885057471264367,0.01834862385321101,0.0,0.0547945205479452,0.01818181818181818,0.02564102564102564,0.0,0.02631578947368421,0.045454545454545456,0.0,0.03257328990228013,0.0625,0.049217002237136466,0.014598540145985401,0.12121212121212122,0.02564102564102564,0.0,0.0
202504040408,2022106937,2025-10-26,3,113.6,3,-0.5527695761730469,56.0,0.25289014152252454,0,1,0,49.0,1800,1.0,7,498.0,-4.0,0.47434709784002527,1,0,38.8,1.922879177377892,3,2,3,2,7.0,4.4,4.5,1.837873166945363,39.8,39.12,39.349999999999994,0.7899367063252606,10.0,4.7,4.0,2.3118054512532935,7.0,4.2,4.0,1.6193277068654826,4.0,4.0,4.0,0.0,39.3,39.3,39.3,0.0,10.0,10.0,10.0,0.0,4.0,4.0,4.0,0.0,5.0,3.3333333333333335,4.0,2.081665999466132,39.6,38.666666666666664,39.3,1.3650396819628798,10.0,4.666666666666667,2.0,4.618802153517007,4.0,2.6666666666666665,2.0,1.1547005383792517,6.0,4.0,4.0,1.8708286933869709,39.6,38.78,39.0,0.9782637681116435,10.0,4.4,4.0,3.2863353450309964,5.0,3.4,4.0,1.341640786499874,-1.0,False,0,0,1,74.8,1,0,0.06211180124223602,0.0347985347985348,0.03773584905660377,0.0,0.024761904761904763,0.034482758620689655,0.0,0.030942334739803096,0.03368176538908246,0.0,0.024734982332155476,0.05581395348837209,0.02702702702702703,0.07601935038009675,0.043478260869565216,0.056338028169014086,0.10152284263959391,0.03389830508474576,0.0,0.026052104208416832,0.04779411764705882,0.03389830508474576,0.09254498714652956,0.0,0.08928571428571429,0.0,0.08653846153846154,0.057971014492753624,0.11475409836065574,0.04897959183673469,0.0684931506849315
202504040408,2022102228,2025-10-26,1,112.3,3,-0.5527695761730469,56.0,0.25289014152252454,0,1,0,92.0,1800,-1.0,8,496.0,8.0,0.4211492924747887,1,0,37.5,1.9893617021276595,4,4,3,2,4.0,2.625,3.0,0.9161253813129043,39.2,37.9375,38.1,1.004187660321941,10.0,7.5,7.0,1.9272482233188633,8.0,5.0,4.5,1.788854381999832,3.0,3.0,3.0,0.0,37.9,37.9,37.9,0.0,6.0,6.0,6.0,0.0,6.0,6.0,6.0,0.0,4.0,3.0,3.0,1.0000000000000002,38.1,37.23333333333334,37.9,1.3316656236958733,10.0,8.666666666666666,10.0,2.309401076758503,8.0,6.333333333333333,6.0,1.5275252316519465,4.0,2.4,2.0,1.140175425099138,38.1,37.519999999999996,37.9,1.0256705123966467,10.0,7.6,7.0,2.302172886644268,8.0,5.4,5.0,1.6733200530681513,0.0,False,0,0,1,74.8,1,0,0.3846153846153846,0.0725758477096966,0.1092436974789916,0.0,0.05219552609776305,0.06613756613756613,0.12280701754385964,0.06871496782229604,0.05923183711244794,0.04971475142624287,0.022222222222222223,0.08550724637681159,0.07541362062331666,0.08821788040260509,0.12643678160919541,0.07692307692307693,0.10232558139534884,0.05,0.022727272727272728,0.0,0.0944055944055944,0.047619047619047616,0.0746606334841629,0.10368663594470046,0.12121212121212122,0.08916083916083917,0.13392857142857142,0.05660377358490566,0.06896551724137931,0.08397932816537468,0.06329113924050633
202504040408,2021106070,2025-10-26,12,115.2,4,1.6583087285191407,58.0,1.2644507076126226,0,0,1,8.0,1800,10.0,9,498.0,4.0,0.47434709784002527,1,0,40.5,1.8399014778325122,1,1,1,2,13.0,9.666666666666666,10.0,3.24037034920393,40.9,38.72222222222222,38.4,1.489779998672437,14.0,8.777777777777779,10.0,4.790035954399971,14.0,8.6,8.0,4.669047011971501,4.0,4.0,4.0,0.0,38.4,38.4,38.4,0.0,13.0,13.0,13.0,0.0,8.0,8.0,8.0,0.0,13.0,8.333333333333334,8.0,4.509249752822896,40.9,39.4,38.9,1.3228756555322994,14.0,12.333333333333334,13.0,2.081665999466135,14.0,11.333333333333334,12.0,3.0550504633038935,13.0,9.4,9.0,3.7815340802378077,40.9,38.739999999999995,38.4,1.3049904214207861,14.0,10.6,12.0,3.9749213828703582,14.0,11.333333333333334,12.0,3.0550504633038935,0.0,False,0,0,1,74.7,1,0,0.020964360587002094,0.028741328047571853,0.013986013986013986,0.0,0.038510911424903725,0.038425492033739454,0.09782608695652174,0.035922330097087375,0.03884638022366098,0.03463203463203463,0.0,0.05363984674329502,0.02771362586605081,0.044002411091018684,0.038461538461538464,0.0,0.0,0.013333333333333334,0.028011204481792718,0.0,0.024390243902439025,0.055825242718446605,0.0,0.03727714748784441,0.05851063829787234,0.04460093896713615,0.043010752688172046,0.0,0.04411764705882353,0.0,0.05
202504040408,2022105201,2025-10-26,2,113.4,3,-0.5527695761730469,56.0,0.25289014152252454,0,0,1,84.0,1800,-5.0,10,414.0,10.0,-1.7599607274999092,1,0,38.0,1.9790026246719161,9,9,7,7,12.0,6.8,7.0,5.263078946776307,45.8,40.36,38.6,3.280701144572604,10.0,6.4,9.0,4.09878030638384,11.0,7.0,7.0,3.265986323710904,12.0,12.0,12.0,0.0,45.8,45.8,45.8,0.0,1.0,1.0,1.0,0.0,11.0,11.0,11.0,0.0,12.0,8.333333333333334,12.0,6.350852961085883,45.8,41.833333333333336,41.1,3.6555893277737534,9.0,4.333333333333333,3.0,4.163331998932267,11.0,7.0,7.0,4.0,12.0,6.8,7.0,5.263078946776307,45.8,40.36,38.6,3.280701144572604,10.0,6.4,9.0,4.09878030638384,11.0,7.0,7.0,3.265986323710904,0.0,False,0,0,1,75.4,1,0,0.015243902439024392,0.06184668989547038,0.045454545454545456,0.0,0.055165496489468405,0.061356297093649086,0.02040816326530612,0.05816419266888822,0.06560509554140127,0.07627118644067797,0.031413612565445025,0.04716981132075472,0.052318668252080855,0.0651862464183381,0.056338028169014086,0.07582938388625593,0.06369426751592357,0.04811715481171548,0.03787878787878788,0.02702702702702703,0.06870229007633588,0.08433734939759036,0.04746835443037975,0.09550561797752809,0.15555555555555556,0.07420494699646643,0.03571428571428571,0.05741626794258373,0.03225806451612903,0.07296137339055794,0.08571428571428572
202504040408,2022104692,2025-10-26,10,115.0,3,-0.5527695761730469,56.0,0.25289014152252454,0,0,1,13.0,1800,2.0,11,508.0,-6.0,0.7403361246662079,1,0,39.7,1.8919597989949746,8,8,7,8,10.0,5.0,4.5,3.7416573867739413,39.3,36.575,36.0,1.9872510326243804,11.0,7.5,8.5,4.041451884327381,4.0,2.75,3.0,1.2583057392117916,5.0,5.0,5.0,0.0,39.3,39.3,39.3,0.0,2.0,2.0,2.0,0.0,3.0,3.0,3.0,0.0,10.0,6.333333333333333,5.0,3.214550253664318,39.3,37.03333333333333,36.8,2.1594752448994066,11.0,6.666666666666667,7.0,4.509249752822894,3.0,2.3333333333333335,3.0,1.1547005383792515,10.0,5.0,4.5,3.7416573867739413,39.3,36.575,36.0,1.9872510326243804,11.0,7.5,8.5,4.041451884327381,4.0,2.75,3.0,1.2583057392117916,0.0,False,0,0,1,75.3,1,0,0.18518518518518517,0.08718244803695151,0.07575757575757576,0.07142857142857142,0.07945736434108527,0.10224215246636771,0.15,0.08779032601747283,0.08885017421602788,0.078125,0.07243816254416961,0.1008,0.08624316365166176,0.10714285714285714,0.11538461538461539,0.0898876404494382,0.10196078431372549,0.08363636363636363,0.04201680672268908,0.08737864077669903,0.10526315789473684,0.0990990990990991,0.09550561797752809,0.09090909090909091,0.11428571428571428,0.11934156378600823,0.14084507042253522,0.10638297872340426,0.1375,0.09137055837563451,0.13953488372093023
202504040408,2021105451,2025-10-26,11,115.0,4,1.6583087285191407,56.0,0.25289014152252454,0,0,1,8.0,1800,2.0,12,404.0,-4.0,-2.025949754326092,0,0,39.4,1.9139240506329112,10,9,9,9,12.0,7.9,8.0,2.2827858224351907,40.4,37.67,37.7,1.5398773399924508,13.0,9.9,9.0,2.6012817353502227,11.0,8.5,8.5,2.390457218668787,7.0,7.0,7.0,0.0,39.2,39.2,39.2,0.0,13.0,13.0,13.0,0.0,11.0,11.0,11.0,0.0,12.0,9.333333333333334,9.0,2.516611478423584,39.2,37.7,37.6,1.4525839046333875,13.0,11.333333333333334,12.0,2.0816659994661326,11.0,10.0,10.0,1.414213562373097,12.0,9.2,9.0,1.9235384061671346,39.2,36.94,36.3,1.5043270920913603,13.0,10.2,9.0,2.1679483388678804,11.0,9.5,10.0,1.9148542155126764,-1.0,False,0,1,0,75.6,1,0,0.0052328623757195184,0.01764705882352941,0.02040816326530612,0.0,0.033482142857142856,0.021212121212121213,0.0,0.024534686971235193,0.02902757619738752,0.031914893617021274,0.0,0.0,0.01882845188284519,0.0265210608424337,0.025974025974025976,0.0,0.0,0.09523809523809523,0.009411764705882352,0.0,0.014925373134328358,0.03389830508474576,0.0,0.038461538461538464,0.037037037037037035,0.022857142857142857,0.027777777777777776,0.25,0.03225806451612903,0.0,0.016129032258064516
202504040409,2020102642,2025-10-26,13,96.7,5,2.431772097116812,56.0,0.0,1,0,0,70.0,1600,0.0,1,500.0,6.0,0.7295327298569807,1,0,37.1,1.6021505376344085,1,1,6,6,16.0,8.5,9.0,3.4399612400917152,42.6,39.7,39.15,1.4189197769195139,15.0,3.2,2.0,4.237399621885522,4.0,2.75,3.0,1.035098339013533,9.0,9.0,9.0,0.0,38.5,38.5,38.5,0.0,15.0,15.0,15.0,0.0,6.0,6.0,6.0,0.0,16.0,10.0,9.0,5.56776436283002,42.6,40.0,38.9,2.260530911091447,15.0,6.333333333333333,3.0,7.571877794400365,3.0,3.0,3.0,2.3094010767585025,16.0,9.6,9.0,3.9749213828703582,42.6,40.2,40.1,1.6462077633154486,15.0,4.2,1.0,6.099180272790763,3.0,2.6666666666666665,3.0,0.5773502691896244,0.0,False,0,1,0,59.6,0,1,0.02293577981651376,0.052073288331726135,0.06321839080459771,0.0,0.04505632040050062,0.05771812080536913,0.0,0.05183585313174946,0.05669737774627923,0.0,0.027777777777777776,0.054982817869415807,0.0475482912332838,0.09508881922675026,0.08080808080808081,0.10931174089068826,0.09433962264150944,0.05272407732864675,0.0,0.04948805460750853,0.11494252873563218,0.1015625,0.07933194154488518,0.09580838323353294,0.1346153846153846,0.04985337243401759,0.08,0.06201550387596899,0.046875,0.045454545454545456,0.07272727272727272
202504040409,2022104121,2025-10-26,10,96.1,3,-0.6632105719409483,54.0,-1.4719590610554385,1,0,0,77.0,1600,0.0,2,452.0,-2.0,-1.1274596734153361,0,0,36.5,1.6284153005464481,2,2,6,6,9.0,5.5,5.5,2.8809720581775866,40.9,36.38333333333333,35.65,2.707335713698371,10.0,4.333333333333333,3.0,3.4448028487370173,9.0,5.5,5.5,4.949747468305833,1.0,1.0,1.0,0.0,33.9,33.9,33.9,0.0,1.0,1.0,1.0,0.0,6.0,6.0,6.0,0.0,9.0,5.333333333333333,6.0,4.041451884327381,38.1,35.666666666666664,35.0,2.177919496522621,3.0,2.3333333333333335,3.0,1.1547005383792577,8.0,6.0,6.0,2.3094010767585025,9.0,5.0,5.0,2.9154759474226504,38.1,35.48,35.0,1.7441330224498377,10.0,3.8,3.0,3.5637059362410923,2.0,2.0,2.0,2.701851217221259,0.0,False,0,1,0,59.6,0,1,0.07142857142857142,0.04380475594493116,0.0410958904109589,0.0,0.06944444444444445,0.04743083003952569,0.05555555555555555,0.05278592375366569,0.047250193648334625,0.0,0.0481283422459893,0.05405405405405406,0.059433962264150944,0.11703511053315994,0.17391304347826086,0.16990291262135923,0.05128205128205128,0.04173106646058733,0.09090909090909091,0.03678929765886288,0.1,0.08080808080808081,0.16161616161616163,0.10780669144981413,0.07142857142857142,0.05398457583547558,0.08571428571428572,0.0,0.07272727272727272,0.0,0.07462686567164178
202504040409,2022104990,2025-10-26,7,95.7,3,-0.6632105719409483,54.0,-1.4719590610554385,1,0,0,57.0,1600,0.0,3,492.0,12.0,0.42003399597826124,1,0,35.5,1.6910112359550562,8,9,6,6,8.0,4.75,5.0,2.8722813232690148,41.3,39.849999999999994,40.05,1.4977761292440632,12.0,5.5,4.5,4.654746681256314,7.0,4.666666666666667,6.0,3.2145502536643185,8.0,8.0,8.0,0.0,39.3,39.3,39.3,0.0,4.0,4.0,4.0,0.0,6.0,6.0,6.0,0.0,8.0,6.0,5.0,1.7320508075688776,41.3,40.46666666666666,40.8,1.0408329997330654,5.0,3.3333333333333335,4.0,2.0816659994661326,6.0,3.5,3.5,3.535533905932738,8.0,4.75,5.0,2.8722813232690148,41.3,39.849999999999994,40.05,1.4977761292440632,12.0,5.5,4.5,4.654746681256314,7.0,4.666666666666667,6.0,3.2145502536643185,1.0,False,0,1,0,60.2,0,1,0.04329004329004329,0.0488771466314399,0.009900990099009901,0.0,0.05804749340369393,0.055916775032509754,0.06451612903225806,0.05254447662391394,0.05435651478816946,0.05555555555555555,0.04395604395604396,0.04909560723514212,0.050220264317180616,0.13636363636363635,0.12727272727272726,0.14186851211072665,0.1291866028708134,0.039923954372623575,0.0625,0.03211009174311927,0.14739884393063585,0.13592233009708737,0.14317673378076062,0.053156146179401995,0.0784313725490196,0.06954436450839328,0.12195121951219512,0.046875,0.0,0.08085106382978724,0.0
202504040409,2022105843,2025-10-26,9,96.1,3,-0.6632105719409483,54.0,-1.4719590610554385,1,0,0,105.0,1600,0.0,4,450.0,4.0,-1.2048343568850162,1,0,36.2,1.6501377410468316,4,4,6,6,13.0,7.0,6.5,4.546060565661952,39.0,36.974999999999994,37.3,1.9972898304118685,7.0,3.75,3.0,2.217355782608345,9.0,6.0,5.5,2.9154759474226504,7.0,7.0,7.0,0.0,36.8,36.8,36.8,0.0,2.0,2.0,2.0,0.0,6.0,6.0,6.0,0.0,13.0,8.666666666666666,7.0,3.7859388972001824,39.0,37.86666666666667,37.8,1.101514109457223,7.0,4.0,3.0,2.6457513110645907,8.0,6.0,6.0,2.3094010767585025,13.0,7.0,6.5,4.546060565661952,39.0,36.974999999999994,37.3,1.9972898304118685,7.0,3.75,3.0,2.217355782608345,9.0,6.0,6.0,2.701851217221259,0.0,False,0,1,0,59.9,0,1,0.04329004329004329,0.0725758477096966,0.1092436974789916,0.0,0.05219552609776305,0.06613756613756613,0.12280701754385964,0.06871496782229604,0.05923183711244794,0.04971475142624287,0.022222222222222223,0.08550724637681159,0.07541362062331666,0.05115712545676005,0.08235294117647059,0.0,0.034482758620689655,0.05,0.022727272727272728,0.0,0.0,0.037037037037037035,0.0,0.10368663594470046,0.06382978723404255,0.08916083916083917,0.019801980198019802,0.05660377358490566,0.0625,0.08397932816537468,0.046511627906976744
202504040409,2021105168,2025-10-26,12,96.4,4,0.8842807625879318,56.0,0.0,0,1,0,21.0,1600,0.0,5,458.0,2.0,-0.8953356230062967,1,0,36.5,1.6366120218579234,4,4,6,6,16.0,6.9,6.0,3.9846929339382955,38.0,35.7,35.95,1.341640786499878,7.0,2.9,3.0,1.728840330651992,4.0,2.8,2.0,1.0954451150103324,7.0,7.0,7.0,0.0,34.3,34.3,34.3,0.0,4.0,4.0,4.0,0.0,6.0,6.0,6.0,0.0,7.0,6.333333333333333,6.0,0.5773502691896323,36.7,34.86666666666667,34.3,1.6258331197676459,4.0,3.0,3.0,0.9999999999999994,4.0,4.0,4.0,2.3094010767585025,7.0,5.6,6.0,2.07364413533277,36.9,35.260000000000005,34.8,1.4707141122597567,4.0,2.6,3.0,1.1401754250991383,4.0,3.0,3.0,1.4142135623730956,0.0,False,0,1,0,59.9,0,1,0.05181347150259067,0.028741328047571853,0.013986013986013986,0.0,0.038510911424903725,0.038425492033739454,0.09782608695652174,0.035922330097087375,0.03884638022366098,0.03463203463203463,0.0,0.05363984674329502,0.02771362586605081,0.04659717964438995,0.05,0.021739130434782608,0.05434782608695652,0.013333333333333334,0.028011204481792718,0.0,0.015503875968992248,0.030100334448160536,0.04,0.03727714748784441,0.07772020725388601,0.04460093896713615,0.040983606557377046,0.0,0.06521739130434782,0.0,0.07608695652173914
202504040409,2022101690,2025-10-26,3,94.9,3,-0.6632105719409483,56.0,0.0,0,1,0,7.0,1600,0.0,6,504.0,-2.0,0.8842820967963405,0,0,34.8,1.7220630372492838,7,7,6,6,10.0,5.333333333333333,4.0,4.163331998932265,35.0,34.300000000000004,35.0,1.212435565298214,12.0,6.333333333333333,5.0,5.131601439446884,9.0,6.0,5.5,2.9154759474226504,2.0,2.0,2.0,0.0,32.9,32.9,32.9,0.0,12.0,12.0,12.0,0.0,6.0,6.0,6.0,0.0,10.0,5.333333333333333,4.0,4.163331998932265,35.0,34.300000000000004,35.0,1.212435565298214,12.0,6.333333333333333,5.0,5.131601439446884,8.0,6.0,6.0,2.3094010767585025,10.0,5.333333333333333,4.0,4.163331998932265,35.0,34.300000000000004,35.0,1.212435565298214,12.0,6.333333333333333,5.0,5.131601439446884,9.0,6.0,6.0,2.701851217221259,0.0,False,0,0,1,60.1,0,1,0.2040816326530612,0.03143712574850299,0.01,0.0,0.035483870967741936,0.04205607476635514,0.09333333333333334,0.03705463182897862,0.029896907216494847,0.033973412112259974,0.0,0.07792207792207792,0.03962264150943396,0.18071242397914858,0.15081967213114755,0.125,0.0,0.01818181818181818,0.02564102564102564,0.0,0.0975609756097561,0.2336842105263158,0.05357142857142857,0.03257328990228013,0.1509433962264151,0.049217002237136466,0.22033898305084745,0.12121212121212122,0.07692307692307693,0.0,0.12195121951219512
202504040409,2021102952,2025-10-26,6,95.4,4,0.8842807625879318,58.0,1.4719590610554385,0,1,0,36.0,1600,0.0,7,444.0,2.0,-1.4369584072940558,0,0,34.8,1.7363896848137537,11,11,6,6,16.0,9.9,10.0,4.0674862562084275,36.4,34.92,34.75,0.8534895690308435,15.0,8.9,7.5,3.8715486421958962,9.0,6.0,5.5,2.9154759474226504,7.0,7.0,7.0,0.0,33.7,33.7,33.7,0.0,15.0,15.0,15.0,0.0,6.0,6.0,6.0,0.0,14.0,10.666666666666666,11.0,3.511884584284245,35.1,34.4,34.4,0.6999999999999619,15.0,14.0,15.0,1.7320508075688772,8.0,6.0,6.0,2.3094010767585025,16.0,11.4,11.0,3.6469165057620945,36.3,34.760000000000005,34.4,0.9939818911831297,15.0,10.6,12.0,5.128352561983234,9.0,6.0,6.0,2.701851217221259,0.0,False,1,0,0,60.6,0,1,0.050761421319796954,0.031877213695395513,0.06756756756756757,0.0,0.038366336633663366,0.0471841704718417,0.0,0.04008097165991903,0.03551251008878128,0.058823529411764705,0.03723404255319149,0.05,0.04493464052287582,0.0782169890664424,0.0,0.05649717514124294,0.08661417322834646,0.028423772609819122,0.0,0.040740740740740744,0.07,0.07142857142857142,0.07604562737642585,0.0625,0.13333333333333333,0.056179775280898875,0.08955223880597014,0.04242424242424243,0.10810810810810811,0.039119804400977995,0.11811023622047244
202504040409,2022106218,2025-10-26,14,96.9,3,-0.6632105719409483,56.0,0.0,0,1,0,343.0,1600,0.0,8,492.0,14.0,0.42003399597826124,1,0,36.1,1.6795580110497235,11,11,6,6,1.0,1.0,1.0,3.4576806613039848,36.6,36.6,36.6,1.237571538153639,2.0,2.0,2.0,3.0983866769659336,1.0,1.0,1.0,2.9154759474226504,1.0,1.0,1.0,0.0,36.6,36.6,36.6,0.0,2.0,2.0,2.0,0.0,1.0,1.0,1.0,0.0,1.0,1.0,1.0,2.6457513110645943,36.6,36.6,36.6,0.960902353693287,2.0,2.0,2.0,2.5166114784235836,1.0,1.0,1.0,2.3094010767585025,1.0,1.0,1.0,3.209361307176242,36.6,36.6,36.6,1.1140017049131967,2.0,2.0,2.0,2.863564212655271,1.0,1.0,1.0,2.701851217221259,0.0,False,1,0,0,60.8,0,1,0.032679738562091505,0.02809917355371901,0.04310344827586207,0.0,0.024029574861367836,0.022068965517241378,0.06451612903225806,0.02626362735381566,0.02328042328042328,0.016025641025641024,0.0,0.024615384615384615,0.02783109404990403,0.08368708308065494,0.10874200426439233,0.07142857142857142,0.0,0.037037037037037035,0.02564102564102564,0.0,0.0273972602739726,0.06828193832599119,0.1875,0.03211009174311927,0.1360544217687075,0.030837004405286344,0.038461538461538464,0.015873015873015872,0.06818181818181818,0.03581267217630854,0.1348314606741573
202504040409,2021103227,2025-10-26,1,94.8,4,0.8842807625879318,58.0,1.4719590610554385,0,1,0,147.0,1600,0.0,9,482.0,6.0,0.03316057862986186,1,0,34.9,1.7114285714285713,4,4,6,6,8.0,5.444444444444445,6.0,2.5549516194593154,35.7,34.53333333333333,34.8,0.8306623862918097,15.0,9.333333333333334,8.0,3.2787192621509997,9.0,6.0,5.5,2.9154759474226504,6.0,6.0,6.0,0.0,34.4,34.4,34.4,0.0,7.0,7.0,7.0,0.0,6.0,6.0,6.0,0.0,8.0,5.666666666666667,6.0,2.5166114784235836,35.7,34.46666666666667,34.4,1.2013880860626718,8.0,7.333333333333333,7.0,0.5773502691896194,8.0,6.0,6.0,2.3094010767585025,8.0,5.8,6.0,2.280350850198277,35.7,34.720000000000006,35.0,0.9203260291874874,14.0,9.4,8.0,3.0495901363953806,9.0,6.0,6.0,2.701851217221259,0.0,False,0,0,1,59.9,0,1,0.136986301369863,0.11780104712041885,0.08,0.0,0.09680451127819549,0.0880503144654088,0.0,0.10012285012285012,0.10945273631840796,0.05128205128205128,0.05084745762711865,0.10822510822510822,0.0939377389404697,0.11188118811881188,0.18421052631578946,0.09815950920245399,0.09565217391304348,0.09242424242424242,0.08391608391608392,0.1102803738317757,0.10191082802547771,0.047619047619047616,0.13076923076923078,0.08296943231441048,0.20930232558139536,0.148014440433213,0.12345679012345678,0.11206896551724138,0.02857142857142857,0.08620689655172414,0.10909090909090909
202504040409,2022101388,2025-10-26,2,94.9,3,-0.6632105719409483,56.0,0.0,0,1,0,21.0,1600,0.0,10,470.0,0.0,-0.4310875221882174,1,0,34.5,1.745664739884393,8,9,6,6,9.0,4.111111111111111,3.0,2.713136766016618,37.8,34.78888888888889,34.2,1.4251705550954628,11.0,7.0,8.0,2.7838821814150108,4.0,3.5,3.5,0.7071067811865476,6.0,6.0,6.0,0.0,34.2,34.2,34.2,0.0,4.0,4.0,4.0,0.0,6.0,6.0,6.0,0.0,6.0,4.666666666666667,6.0,2.3094010767585034,36.2,34.5,34.2,1.5716233645501594,11.0,7.666666666666667,8.0,3.5118845842842465,4.0,4.0,4.0,2.3094010767585025,9.0,5.8,6.0,2.4899799195977463,37.8,35.22,34.8,1.8253766734567387,11.0,6.6,8.0,3.5777087639996634,4.0,3.5,3.5,0.7071067811865476,1.0,False,0,0,1,60.4,0,1,0.1724137931034483,0.06405353728489484,0.042105263157894736,0.0,0.04610318331503842,0.05161290322580645,0.03773584905660377,0.053391537944929485,0.05864884929472903,0.04154727793696275,0.041666666666666664,0.04741379310344827,0.049429657794676805,0.10653104925053533,0.09057971014492754,0.09375,0.06896551724137931,0.06074766355140187,0.051330798479087454,0.017857142857142856,0.024390243902439025,0.13277310924369748,0.01818181818181818,0.07711442786069651,0.13836477987421383,0.06597222222222222,0.08745247148288973,0.038461538461538464,0.15384615384615385,0.02127659574468085,0.1038961038961039
202504040409,2021106200,2025-10-26,11,96.3,4,0.8842807625879318,58.0,1.4719590610554385,0,0,1,56.0,1600,0.0,11,460.0,-12.0,-0.8179609395366167,1,0,36.6,1.6267029972752043,2,3,6,6,11.0,6.1,6.0,3.3149493041204847,42.1,38.57,38.0,1.99947215256649,9.0,4.9,5.0,3.314949304120484,10.0,5.0,3.0,4.358898943540674,10.0,10.0,10.0,0.0,37.9,37.9,37.9,0.0,9.0,9.0,9.0,0.0,6.0,6.0,6.0,0.0,10.0,6.333333333333333,6.0,3.5118845842842474,37.9,37.699999999999996,37.7,0.1999999999998662,9.0,5.333333333333333,5.0,3.511884584284246,8.0,6.0,6.0,2.3094010767585025,10.0,5.2,5.0,3.1144823004794873,37.9,37.22,37.7,1.138859078200626,9.0,5.2,5.0,3.768288736283355,9.0,6.0,6.0,2.701851217221259,1.0,False,0,0,1,59.7,0,1,0.0044444444444444444,0.029887920298879204,0.023809523809523808,0.0,0.019696969696969695,0.04241071428571429,0.0,0.029,0.03513281919451585,0.0,0.033112582781456956,0.0502092050209205,0.02045728038507822,0.06979958534899793,0.04878048780487805,0.052845528455284556,0.08333333333333333,0.017892644135188866,0.0,0.022922636103151862,0.04797047970479705,0.0625,0.08056872037914692,0.14705882352941177,0.05263157894736842,0.0196078431372549,0.12345679012345678,0.0,0.08620689655172414,0.0,0.05555555555555555
202504040409,2022102962,2025-10-26,5,95.1,3,-0.6632105719409483,56.0,0.0,0,0,1,7.0,1600,0.0,12,528.0,-4.0,1.812778298432499,1,0,34.9,1.72,10,8,6,6,8.0,4.3,4.0,2.626785107312739,37.5,35.160000000000004,34.900000000000006,1.256273147934881,12.0,7.5,8.0,2.9907264074877267,2.0,2.0,2.0,2.9154759474226504,6.0,6.0,6.0,0.0,33.6,33.6,33.6,0.0,8.0,8.0,8.0,0.0,6.0,6.0,6.0,0.0,6.0,3.3333333333333335,3.0,2.5166114784235836,35.9,34.46666666666667,33.9,1.2503332889007222,8.0,7.0,8.0,1.732050807568877,8.0,6.0,6.0,2.3094010767585025,6.0,2.8,2.0,1.9235384061671346,35.9,34.559999999999995,34.2,0.960728889958022,12.0,8.6,8.0,2.6076809620810595,9.0,6.0,6.0,2.701851217221259,-2.0,False,0,0,1,60.2,0,1,0.14084507042253522,0.021437578814627996,0.02912621359223301,0.0,0.027906976744186046,0.027196652719665274,0.0,0.025322079075966238,0.02973977695167286,0.02631578947368421,0.0,0.029411764705882353,0.01905829596412556,0.13099630996309963,0.13157894736842105,0.11764705882352941,0.2,0.05263157894736842,0.02335456475583864,0.0,0.1111111111111111,0.13123359580052493,0.08823529411764706,0.04046242774566474,0.10810810810810811,0.02032520325203252,0.140625,0.0,0.18181818181818182,0.04897959183673469,0.10869565217391304
202504040409,2022105334,2025-10-26,4,95.1,3,-0.6632105719409483,56.0,0.0,0,0,1,43.0,1600,0.0,13,492.0,8.0,0.42003399597826124,1,0,34.5,1.7514450867052023,11,11,6,6,13.0,6.222222222222222,7.0,3.9616214413349042,40.6,36.53333333333333,35.6,2.3119256043393785,12.0,5.888888888888889,4.0,3.7896056669673577,2.0,2.0,2.0,2.9154759474226504,7.0,7.0,7.0,0.0,34.6,34.6,34.6,0.0,12.0,12.0,12.0,0.0,6.0,6.0,6.0,0.0,9.0,6.0,7.0,3.605551275463989,38.4,35.699999999999996,34.6,2.3515952032609744,12.0,8.333333333333334,11.0,5.507570547286102,2.0,2.0,2.0,2.3094010767585025,9.0,5.6,7.0,2.966479394838265,38.4,35.82,35.5,1.7079227148790934,12.0,7.4,8.0,4.33589667773576,2.0,2.0,2.0,2.701851217221259,0.0,False,0,0,1,60.6,0,1,0.07692307692307693,0.04040404040404041,0.06329113924050633,0.0,0.04212860310421286,0.058333333333333334,0.07142857142857142,0.04900181488203267,0.053156146179401995,0.07692307692307693,0.0,0.06313131313131314,0.04293628808864266,0.11764705882352941,0.07692307692307693,0.10294117647058823,0.15,0.025396825396825397,0.0,0.04484304932735426,0.15625,0.04878048780487805,0.11475409836065574,0.0670391061452514,0.14285714285714285,0.05460750853242321,0.2,0.06097560975609756,0.07692307692307693,0.041237113402061855,0.09090909090909091
202504040409,2022103288,2025-10-26,8,96.1,3,-0.6632105719409483,56.0,0.0,0,0,1,13.0,1600,0.0,14,512.0,2.0,1.19378083067506,0,0,34.7,1.7643678160919538,14,14,6,6,13.0,7.3,7.0,3.7727090178455764,40.9,37.0,36.7,1.9804601036683922,7.0,3.0,2.5,1.8257418583505531,10.0,3.888888888888889,3.0,3.0184617127124733,13.0,13.0,13.0,0.0,40.9,40.9,40.9,0.0,2.0,2.0,2.0,0.0,2.0,2.0,2.0,0.0,13.0,10.666666666666666,11.0,2.516611478423582,40.9,39.0,38.9,1.8520259177452185,4.0,2.3333333333333335,2.0,1.5275252316519439,5.0,2.6666666666666665,2.0,2.081665999466134,13.0,8.0,8.0,4.0620192023179795,40.9,38.160000000000004,38.1,1.9385561637466289,4.0,2.2,2.0,1.30384048104053,5.0,2.2,2.0,1.6431676725154978,0.0,False,0,0,1,61.4,0,1,0.04854368932038835,0.06184668989547038,0.045454545454545456,0.0,0.055165496489468405,0.061356297093649086,0.02040816326530612,0.05816419266888822,0.06560509554140127,0.07627118644067797,0.031413612565445025,0.04716981132075472,0.052318668252080855,0.09037238873751136,0.11072664359861592,0.10606060606060606,0.024390243902439025,0.04811715481171548,0.03787878787878788,0.02702702702702703,0.03125,0.0831889081455806,0.02857142857142857,0.09550561797752809,0.09405940594059406,0.07420494699646643,0.11764705882352941,0.05741626794258373,0.061855670103092786,0.07296137339055794,0.11504424778761062
202504040410,2020103560,2025-10-26,14,122.1,5,0.36596217021319133,56.0,-1.6770491081269385,1,0,0,427.0,2000,0.0,1,512.0,14.0,2.4052229352720347,1,0,37.0,2.293800539083558,2,2,6,6,11.0,4.2,3.0,3.22490309931942,37.7,35.53,35.45,0.8446564061465758,13.0,3.6,3.0,3.3730961708462712,13.0,3.5555555555555554,2.0,3.643868518179241,9.0,9.0,9.0,0.0,35.7,35.7,35.7,0.0,3.0,3.0,3.0,0.0,3.0,3.0,3.0,0.0,11.0,8.0,9.0,3.6055512754639887,35.7,35.53333333333334,35.5,0.15275252316513194,13.0,6.333333333333333,3.0,5.773502691896257,13.0,6.0,3.0,6.082762530298219,11.0,5.6,4.0,4.219004621945797,35.7,35.42,35.4,0.21679483388677911,13.0,4.6,3.0,4.722287581247038,13.0,4.4,2.0,4.8270073544588685,0.0,False,0,1,0,85.1,0,1,0.01490312965722802,0.029887920298879204,0.023809523809523808,0.0,0.019696969696969695,0.04241071428571429,0.0,0.029,0.03513281919451585,0.0,0.033112582781456956,0.0502092050209205,0.02045728038507822,0.09845947756195579,0.075,0.0954356846473029,0.09482758620689655,0.017892644135188866,0.0,0.022922636103151862,0.10101010101010101,0.07246376811594203,0.0968586387434555,0.14705882352941177,0.1,0.0196078431372549,0.10112359550561797,0.0,0.17391304347826086,0.0,0.10638297872340426
202504040410,2022105390,2025-10-26,2,120.5,3,-1.585836070923829,56.0,-1.6770491081269385,1,0,0,35.0,2000,0.0,2,486.0,-4.0,0.7486455493893088,1,0,35.3,2.4067796610169494,4,4,6,6,11.0,5.875,6.0,3.8706773124535787,35.9,34.675,34.7,0.8119641089886375,13.0,6.375,6.0,3.9977672339873487,12.0,6.5,6.5,3.8340579025361627,9.0,9.0,9.0,0.0,33.2,33.2,33.2,0.0,8.0,8.0,8.0,0.0,8.0,8.0,8.0,0.0,11.0,7.0,9.0,5.2915026221291805,35.3,34.333333333333336,34.5,1.05987420637231,8.0,4.666666666666667,4.0,3.055050463303893,8.0,5.0,5.0,3.0000000000000004,11.0,6.8,9.0,4.147288270665544,35.9,34.760000000000005,34.9,1.013903348450924,13.0,6.2,4.0,4.381780460041329,12.0,6.0,5.0,4.06201920231798,0.0,False,0,0,1,85.2,0,1,0.16666666666666666,0.06184668989547038,0.045454545454545456,0.0,0.055165496489468405,0.061356297093649086,0.02040816326530612,0.05816419266888822,0.06560509554140127,0.07627118644067797,0.031413612565445025,0.04716981132075472,0.052318668252080855,0.08953168044077135,0.07624633431085044,0.0,0.021739130434782608,0.04811715481171548,0.03787878787878788,0.02702702702702703,0.0847457627118644,0.10451306413301663,0.043478260869565216,0.09550561797752809,0.0949367088607595,0.07420494699646643,0.0995850622406639,0.05741626794258373,0.07692307692307693,0.07296137339055794,0.11538461538461539
202504040410,2020101337,2025-10-26,6,121.3,5,0.36596217021319133,58.0,0.5590163693756461,1,0,0,28.0,2000,0.0,3,492.0,4.0,1.1309326384391687,1,0,36.5,2.3169398907103824,1,1,6,6,14.0,7.2,6.5,4.237399621885521,40.5,36.62,36.05,2.2836617768643177,13.0,5.3,5.5,3.497618237219913,11.0,4.0,4.0,3.2015621187164243,3.0,3.0,3.0,0.0,35.4,35.4,35.4,0.0,1.0,1.0,1.0,0.0,1.0,1.0,1.0,0.0,14.0,6.0,3.0,7.0,40.3,37.333333333333336,36.3,2.608320021265291,4.0,2.0,1.0,1.7320508075688794,4.0,2.0,1.0,1.7320508075688825,14.0,6.2,6.0,4.969909455915671,40.3,36.7,36.1,2.0530465167647804,13.0,4.4,3.0,4.979959839195493,11.0,4.0,3.0,4.123105625617661,0.0,False,0,0,1,84.8,0,1,0.04149377593360996,0.0725758477096966,0.1092436974789916,0.0,0.05219552609776305,0.06613756613756613,0.12280701754385964,0.06871496782229604,0.05923183711244794,0.04971475142624287,0.022222222222222223,0.08550724637681159,0.07541362062331666,0.05063291139240506,0.04116222760290557,0.0,0.1111111111111111,0.05,0.022727272727272728,0.0,0.018867924528301886,0.03571428571428571,0.0,0.10368663594470046,0.05392156862745098,0.08916083916083917,0.06557377049180328,0.05660377358490566,0.0392156862745098,0.08397932816537468,0.125
202504040410,2021104840,2025-10-26,8,121.5,4,-0.6099369503553189,56.0,-1.6770491081269385,1,0,0,64.0,2000,0.0,4,464.0,20.0,-0.6530737771268439,0,0,36.1,2.3591160220994474,7,7,6,6,16.0,5.222222222222222,4.0,4.8676939555034116,38.8,35.28888888888889,34.1,2.0721030647897583,17.0,9.0,6.0,5.5,5.0,4.0,4.0,0.7071067811865476,1.0,1.0,1.0,0.0,33.4,33.4,33.4,0.0,4.0,4.0,4.0,0.0,4.0,4.0,4.0,0.0,5.0,2.6666666666666665,2.0,2.0816659994661344,34.1,33.86666666666667,34.1,0.4041451884327149,11.0,6.333333333333333,4.0,4.04145188432738,4.0,4.0,4.0,0.0,5.0,2.8,2.0,1.6431676725154982,38.8,35.82000000000001,34.1,2.690167281044064,11.0,5.8,4.0,3.033150177620621,5.0,4.25,4.0,0.4999999999999999,0.0,False,0,1,0,85.4,0,1,0.20833333333333334,0.0488771466314399,0.009900990099009901,0.0,0.05804749340369393,0.055916775032509754,0.06451612903225806,0.05254447662391394,0.05435651478816946,0.05555555555555555,0.04395604395604396,0.04909560723514212,0.050220264317180616,0.1226790450928382,0.1111111111111111,0.1417004048582996,0.12980769230769232,0.039923954372623575,0.0625,0.03211009174311927,0.12015503875968993,0.07865168539325842,0.11778846153846154,0.053156146179401995,0.0625,0.06954436450839328,0.13924050632911392,0.046875,0.12857142857142856,0.08085106382978724,0.140625
202504040410,2021105375,2025-10-26,7,121.4,4,-0.6099369503553189,58.0,0.5590163693756461,1,0,0,22.0,2000,0.0,5,484.0,4.0,0.6212165197060222,0,0,35.8,2.384401114206128,9,9,6,6,12.0,6.7,7.5,3.2335051500740732,38.7,35.03000000000001,35.1,1.6048883657957862,14.0,9.8,10.5,3.293090409394259,12.0,9.666666666666666,10.5,2.5819888974716108,5.0,5.0,5.0,0.0,33.1,33.1,33.1,0.0,8.0,8.0,8.0,0.0,6.0,6.0,6.0,0.0,12.0,8.333333333333334,8.0,3.511884584284247,38.7,35.63333333333333,35.1,2.837839553839043,10.0,7.0,8.0,3.6055512754639896,11.0,8.5,8.5,3.5355339059327378,12.0,7.2,8.0,4.324349662087931,38.7,35.440000000000005,35.1,2.024351748091222,12.0,8.6,10.0,3.4351128074635344,11.0,8.0,7.0,2.6457513110645903,0.0,False,0,0,1,85.6,0,1,0.038461538461538464,0.11780104712041885,0.08,0.0,0.09680451127819549,0.0880503144654088,0.0,0.10012285012285012,0.10945273631840796,0.05128205128205128,0.05084745762711865,0.10822510822510822,0.0939377389404697,0.1276595744680851,0.1368653421633554,0.02631578947368421,0.14285714285714285,0.09242424242424242,0.08391608391608392,0.1102803738317757,0.06557377049180328,0.15857605177993528,0.08695652173913043,0.08296943231441048,0.07857142857142857,0.148014440433213,0.10810810810810811,0.11206896551724138,0.09803921568627451,0.08620689655172414,0.10476190476190476
202504040410,2020104878,2025-10-26,5,121.2,5,0.36596217021319133,58.0,0.5590163693756461,1,0,0,56.0,2000,0.0,6,474.0,4.0,-0.015928628710410828,1,0,35.2,2.4362606232294612,12,12,6,6,14.0,8.7,8.5,2.8693785622209806,39.7,35.82,36.1,1.7497936386265018,12.0,7.7,7.5,2.584139659108575,15.0,8.571428571428571,9.0,3.5050983275386565,6.0,6.0,6.0,0.0,33.9,33.9,33.9,0.0,4.0,4.0,4.0,0.0,4.0,4.0,4.0,0.0,7.0,6.0,6.0,0.9999999999999929,34.2,33.93333333333334,33.9,0.2516611478423256,9.0,6.666666666666667,7.0,2.516611478423585,9.0,6.5,6.5,3.5355339059327378,14.0,8.2,7.0,3.563705936241091,36.4,34.88,34.2,1.310343466423969,12.0,8.6,9.0,3.209361307176242,15.0,9.333333333333334,9.0,5.507570547286101,0.0,False,0,0,1,86.0,0,1,0.0078125,0.03143712574850299,0.01,0.0,0.035483870967741936,0.04205607476635514,0.09333333333333334,0.03705463182897862,0.029896907216494847,0.033973412112259974,0.0,0.07792207792207792,0.03962264150943396,0.02972560975609756,0.022950819672131147,0.0,0.04838709677419355,0.01818181818181818,0.02564102564102564,0.0,0.0,0.03038674033149171,0.07692307692307693,0.03257328990228013,0.03821656050955414,0.049217002237136466,0.04390243902439024,0.12121212121212122,0.0,0.0,0.034482758620689655
202504040410,2018105462,2025-10-26,11,122.0,7,2.317760411350212,58.0,0.5590163693756461,0,1,0,70.0,2000,0.0,7,460.0,0.0,-0.9079318364934171,1,0,36.7,2.3179347826086953,4,4,6,6,13.0,8.9,10.5,3.695342413844157,42.3,36.5,35.5,2.4472206457303525,11.0,5.9,6.0,3.984692933938294,11.0,6.0,6.5,4.8166378315169185,5.0,5.0,5.0,0.0,36.6,36.6,36.6,0.0,2.0,2.0,2.0,0.0,1.0,1.0,1.0,0.0,8.0,5.666666666666667,5.0,2.0816659994661313,36.6,35.4,35.3,1.1532562594670988,11.0,6.333333333333333,6.0,4.509249752822894,1.0,1.0,1.0,2.3094010767585025,13.0,8.2,8.0,3.8340579025361627,38.8,36.0,35.3,1.7734147850968087,11.0,5.8,6.0,4.324349662087931,11.0,4.333333333333333,1.0,5.773502691896257,0.0,False,1,0,0,85.3,0,1,0.013157894736842105,0.031877213695395513,0.06756756756756757,0.0,0.038366336633663366,0.0471841704718417,0.0,0.04008097165991903,0.03551251008878128,0.058823529411764705,0.03723404255319149,0.05,0.04493464052287582,0.09096945551128818,0.12549019607843137,0.0,0.08571428571428572,0.028423772609819122,0.0,0.040740740740740744,0.0,0.06564551422319474,0.0,0.0625,0.10256410256410256,0.056179775280898875,0.095,0.04242424242424243,0.1,0.039119804400977995,0.06521739130434782
202504040410,2021102595,2025-10-26,12,122.0,4,-0.6099369503553189,58.0,0.5590163693756461,0,1,0,126.0,2000,0.0,8,470.0,18.0,-0.27078668807698403,0,0,35.3,2.4491525423728815,16,16,6,6,10.0,4.666666666666667,4.0,2.8284271247461903,38.8,37.77777777777778,38.1,0.9497075573272258,15.0,11.666666666666666,11.0,2.2912878474779204,14.0,9.333333333333334,9.0,2.449489742783178,10.0,10.0,10.0,0.0,38.1,38.1,38.1,0.0,15.0,15.0,15.0,0.0,14.0,14.0,14.0,0.0,10.0,4.0,1.0,5.196152422706632,38.1,37.6,37.7,0.5567764362830148,15.0,12.333333333333334,13.0,3.055050463303893,14.0,11.333333333333334,12.0,3.055050463303893,10.0,4.4,4.0,3.7815340802378077,38.8,37.480000000000004,37.7,1.1432410069622239,15.0,12.8,13.0,2.4899799195977463,14.0,10.6,10.0,2.4083189157584592,0.0,False,0,0,1,86.7,0,1,0.023148148148148147,0.04380475594493116,0.0410958904109589,0.0,0.06944444444444445,0.04743083003952569,0.05555555555555555,0.05278592375366569,0.047250193648334625,0.0,0.0481283422459893,0.05405405405405406,0.059433962264150944,0.016,0.020202020202020204,0.016666666666666666,0.02097902097902098,0.04173106646058733,0.09090909090909091,0.03678929765886288,0.019417475728155338,0.004901960784313725,0.02531645569620253,0.10780669144981413,0.005747126436781609,0.05398457583547558,0.015384615384615385,0.0,0.03125,0.0,0.017857142857142856
202504040410,2021106766,2025-10-26,1,120.4,4,-0.6099369503553189,58.0,0.5590163693756461,0,1,0,63.0,2000,0.0,9,472.0,-2.0,-0.14335765839369743,1,0,35.1,2.423295454545454,6,6,6,6,9.0,5.2,6.0,2.2509257354845507,36.7,35.35,35.099999999999994,1.06066017177982,8.0,3.3,2.5,2.2632326929023936,7.0,2.8333333333333335,2.0,2.1369760566432805,9.0,9.0,9.0,0.0,36.4,36.4,36.4,0.0,2.0,2.0,2.0,0.0,1.0,1.0,1.0,0.0,9.0,5.333333333333333,4.0,3.214550253664319,36.4,35.13333333333333,35.3,1.357694123627744,6.0,4.0,4.0,2.0000000000000004,2.0,1.5,1.5,0.7071067811865476,9.0,5.2,4.0,2.3874672772626644,36.4,35.0,34.9,0.979795897113267,6.0,3.4,3.0,1.6733200530681507,2.0,1.5,1.5,0.7071067811865488,0.0,False,0,0,1,85.3,0,1,0.09090909090909091,0.044444444444444446,0.03571428571428571,0.0,0.03691275167785235,0.03420523138832998,0.2,0.03924731182795699,0.04108309990662932,0.0,0.012048192771084338,0.04979253112033195,0.03571428571428571,0.10708016383850205,0.1366742596810934,0.0,0.08571428571428572,0.027093596059113302,0.0,0.05244755244755245,0.05319148936170213,0.08445297504798464,0.06666666666666667,0.06557377049180328,0.10596026490066225,0.0684931506849315,0.13392857142857142,0.023255813953488372,0.12857142857142856,0.09803921568627451,0.13636363636363635
202504040410,2020103955,2025-10-26,13,122.0,5,0.36596217021319133,56.0,-1.6770491081269385,0,1,0,78.0,2000,0.0,10,470.0,6.0,-0.27078668807698403,1,0,36.1,2.37292817679558,12,12,6,6,16.0,8.5,7.5,4.249182927993988,39.8,35.6,35.45,1.7061978522759647,9.0,4.1,3.0,2.514402955419481,14.0,5.375,3.5,4.138236339311713,9.0,9.0,9.0,0.0,35.4,35.4,35.4,0.0,8.0,8.0,8.0,0.0,8.0,8.0,8.0,0.0,14.0,10.0,9.0,3.605551275463992,36.0,35.63333333333333,35.5,0.32145502536640885,8.0,4.0,2.0,3.4641016151377557,8.0,4.333333333333333,3.0,3.2145502536643185,16.0,10.8,9.0,3.962322551231791,39.8,36.28,35.5,2.02163300329214,9.0,5.2,5.0,3.271085446759225,14.0,6.8,7.0,4.764451699828638,0.0,False,0,1,0,85.9,0,1,0.005724098454493417,0.05757575757575758,0.052083333333333336,0.0,0.04529616724738676,0.05723905723905724,0.08823529411764706,0.05410923940786115,0.05595667870036101,0.052100840336134456,0.0,0.0,0.05018359853121175,0.062150403977625855,0.07528957528957529,0.058823529411764705,0.05555555555555555,0.08,0.03205128205128205,0.0,0.023809523809523808,0.05856832971800434,0.03125,0.0707395498392283,0.07333333333333333,0.07428571428571429,0.06074766355140187,0.03067484662576687,0.03636363636363636,0.05,0.03571428571428571
202504040410,2021105072,2025-10-26,4,121.1,4,-0.6099369503553189,58.0,0.5590163693756461,0,1,0,140.0,2000,0.0,11,470.0,4.0,-0.27078668807698403,0,0,36.1,2.348066298342541,2,2,6,6,15.0,4.6,3.0,4.4522154285504,36.9,35.29,35.0,1.0246408584908604,8.0,3.9,3.5,1.9692073983655907,7.0,4.428571428571429,4.0,1.9023794624226835,3.0,3.0,3.0,0.0,33.9,33.9,33.9,0.0,2.0,2.0,2.0,0.0,6.0,6.0,6.0,0.0,4.0,2.6666666666666665,3.0,1.5275252316519468,35.8,34.93333333333333,35.1,0.9609023536933031,2.0,2.0,2.0,0.0,2.0,2.0,2.0,2.3094010767585025,15.0,5.0,3.0,5.70087712549569,36.9,35.31999999999999,35.1,1.1144505372604003,4.0,2.8,2.0,1.0954451150103317,6.0,3.6666666666666665,3.0,2.0816659994661326,0.0,False,0,0,1,85.0,0,1,0.1,0.06625258799171843,0.05263157894736842,0.0,0.054945054945054944,0.065,0.13333333333333333,0.062411347517730496,0.063257065948856,0.031914893617021274,0.07051282051282051,0.05116279069767442,0.0598159509202454,0.12877871825876663,0.08695652173913043,0.125,0.10218978102189781,0.058419243986254296,0.031914893617021274,0.047337278106508875,0.15718157181571815,0.09405940594059406,0.14054054054054055,0.08620689655172414,0.05555555555555555,0.1044776119402985,0.16363636363636364,0.06896551724137931,0.06896551724137931,0.044444444444444446,0.10112359550561797
202504040410,2021105585,2025-10-26,9,121.6,4,-0.6099369503553189,58.0,0.5590163693756461,0,1,0,42.0,2000,0.0,12,460.0,-6.0,-0.9079318364934171,1,0,35.4,2.428169014084507,15,15,6,6,9.0,3.6,3.0,2.4585451886114367,37.2,35.660000000000004,35.7,1.130584902704005,11.0,6.8,6.5,2.3475755815545343,12.0,5.7,5.0,3.020301677353145,2.0,2.0,2.0,0.0,33.7,33.7,33.7,0.0,9.0,9.0,9.0,0.0,5.0,5.0,5.0,0.0,6.0,3.0,2.0,2.6457513110645907,35.5,34.6,34.6,0.9000000000000167,9.0,7.666666666666667,8.0,1.5275252316519485,7.0,5.666666666666667,5.0,1.1547005383792508,9.0,4.6,5.0,3.209361307176243,37.2,35.58,35.5,1.4889593681494473,11.0,8.0,8.0,2.1213203435596424,12.0,6.0,5.0,4.0,0.0,False,0,0,1,86.2,0,1,0.18867924528301888,0.05371900826446281,0.041666666666666664,0.0,0.042067307692307696,0.03851261620185923,0.038461538461538464,0.04515173945225759,0.05284280936454849,0.0,0.01762114537444934,0.06277056277056277,0.03556308213378493,0.12779850746268656,0.15384615384615385,0.1497005988023952,0.11960132890365449,0.037037037037037035,0.0625,0.04112554112554113,0.12928759894459102,0.12352941176470589,0.12375249500998003,0.06944444444444445,0.16923076923076924,0.04304635761589404,0.12101910828025478,0.057971014492753624,0.06779661016949153,0.041916167664670656,0.09195402298850575
202504040410,2019100774,2025-10-26,10,121.8,6,1.3418612907817016,58.0,0.5590163693756461,0,0,1,28.0,2000,0.0,13,480.0,6.0,0.366358460339449,0,0,35.6,2.414565826330532,14,14,6,6,13.0,9.0,9.0,3.4960294939005054,37.3,36.24,36.6,0.924000962000463,16.0,9.8,9.5,3.8815804341359037,15.0,8.0,7.0,4.1231056256176615,10.0,10.0,10.0,0.0,34.7,34.7,34.7,0.0,8.0,8.0,8.0,0.0,8.0,8.0,8.0,0.0,10.0,6.333333333333333,8.0,4.725815626252608,36.6,35.400000000000006,34.9,1.0440306508910637,11.0,9.0,8.0,1.732050807568881,14.0,9.0,8.0,4.582575694955842,13.0,8.8,10.0,4.764451699828639,37.1,35.980000000000004,36.6,1.098635517357778,16.0,10.6,10.0,3.2863353450309956,15.0,8.8,8.0,5.630275304103699,0.0,False,0,0,1,86.2,0,1,0.020366598778004074,0.028741328047571853,0.013986013986013986,0.0,0.038510911424903725,0.038425492033739454,0.09782608695652174,0.035922330097087375,0.03884638022366098,0.03463203463203463,0.0,0.05363984674329502,0.02771362586605081,0.04659717964438995,0.05,0.021739130434782608,0.05434782608695652,0.013333333333333334,0.028011204481792718,0.0,0.015503875968992248,0.030100334448160536,0.04,0.03727714748784441,0.07772020725388601,0.04460093896713615,0.040983606557377046,0.0,0.06521739130434782,0.0,0.07608695652173914
202504040410,2021105626,2025-10-26,15,122.4,4,-0.6099369503553189,58.0,0.5590163693756461,0,0,1,176.0,2000,0.0,14,470.0,-2.0,-0.27078668807698403,1,0,36.9,2.310810810810811,7,7,6,6,10.0,5.666666666666667,7.0,3.640054944640259,37.0,35.53333333333333,35.6,1.0594810050208554,7.0,3.2222222222222223,3.0,2.1666666666666665,10.0,4.333333333333333,4.0,3.0,7.0,7.0,7.0,0.0,33.7,33.7,33.7,0.0,1.0,1.0,1.0,0.0,2.0,2.0,2.0,0.0,9.0,8.0,8.0,0.9999999999999958,37.0,35.6,36.1,1.7058722109231994,7.0,4.0,4.0,2.9999999999999996,6.0,4.333333333333333,5.0,2.081665999466133,9.0,5.6,7.0,3.4351128074635335,37.0,35.50000000000001,35.6,1.2267844146385272,7.0,3.6,3.0,2.1908902300206643,6.0,4.0,4.0,1.5811388300841893,0.0,False,0,0,1,85.5,0,1,0.02531645569620253,0.08718244803695151,0.07575757575757576,0.07142857142857142,0.07945736434108527,0.10224215246636771,0.15,0.08779032601747283,0.08885017421602788,0.078125,0.07243816254416961,0.1008,0.08624316365166176,0.17371937639198218,0.18475073313782991,0.05,0.14285714285714285,0.08363636363636363,0.04201680672268908,0.08737864077669903,0.15384615384615385,0.21914893617021278,0.02127659574468085,0.09090909090909091,0.07547169811320754,0.11934156378600823,0.1,0.10638297872340426,0.171875,0.09137055837563451,0.18691588785046728
202504040410,2019105322,2025-10-26,16,122.6,6,1.3418612907817016,58.0,0.5590163693756461,0,0,1,85.0,2000,0.0,15,482.0,2.0,0.49378749002273564,1,0,36.7,2.3342391304347827,9,11,6,6,14.0,7.1,8.0,4.38304815295373,41.5,37.78,37.650000000000006,1.876640023493528,12.0,5.1,5.0,2.884826203122507,10.0,5.0,4.5,2.82842712474619,7.0,7.0,7.0,0.0,39.4,39.4,39.4,0.0,3.0,3.0,3.0,0.0,2.0,2.0,2.0,0.0,14.0,11.0,12.0,3.6055512754639887,41.5,39.833333333333336,39.4,1.4977761292440661,5.0,3.3333333333333335,3.0,1.5275252316519485,4.0,3.0,3.0,1.4142135623730938,14.0,8.8,9.0,4.658325879540846,41.5,38.980000000000004,38.7,1.728293956478461,6.0,4.2,5.0,1.643167672515499,10.0,5.5,5.0,3.415650255319866,2.0,False,1,0,0,85.9,0,1,0.022727272727272728,0.052073288331726135,0.06321839080459771,0.0,0.04505632040050062,0.05771812080536913,0.0,0.05183585313174946,0.05669737774627923,0.0,0.027777777777777776,0.054982817869415807,0.0475482912332838,0.09427374301675978,0.07352941176470588,0.08181818181818182,0.08900523560209424,0.05272407732864675,0.0,0.04948805460750853,0.07806691449814127,0.14285714285714285,0.10621761658031088,0.09580838323353294,0.09615384615384616,0.04985337243401759,0.07777777777777778,0.06201550387596899,0.21568627450980393,0.045454545454545456,0.05357142857142857
202504040410,2021107085,2025-10-26,3,121.0,4,-0.6099369503553189,58.0,0.5590163693756461,0,0,1,49.0,2000,0.0,16,442.0,2.0,-2.0547931036429965,0,0,35.4,2.4112676056338027,9,9,6,6,11.0,5.4,4.0,3.5962943891363137,37.5,36.11,36.349999999999994,0.7936553968120454,8.0,5.5,5.5,1.957890020745122,9.0,5.1,4.5,2.2335820757001277,3.0,3.0,3.0,0.0,36.6,36.6,36.6,0.0,7.0,7.0,7.0,0.0,4.0,4.0,4.0,0.0,11.0,5.333333333333333,3.0,4.932882862316246,36.6,36.06666666666666,36.0,0.5033222956847235,8.0,6.333333333333333,7.0,2.0816659994661326,9.0,5.666666666666667,4.0,2.886751345948129,11.0,4.4,3.0,3.7148351242013424,36.6,35.980000000000004,36.0,0.5403702434442523,8.0,5.2,4.0,2.1679483388678804,9.0,4.4,4.0,2.701851217221259,0.0,False,0,0,1,85.6,0,1,0.11627906976744186,0.02809917355371901,0.04310344827586207,0.0,0.024029574861367836,0.022068965517241378,0.06451612903225806,0.02626362735381566,0.02328042328042328,0.016025641025641024,0.0,0.024615384615384615,0.02783109404990403,0.08368708308065494,0.10874200426439233,0.07142857142857142,0.0,0.037037037037037035,0.02564102564102564,0.0,0.0273972602739726,0.06828193832599119,0.1875,0.03211009174311927,0.1360544217687075,0.030837004405286344,0.038461538461538464,0.015873015873015872,0.06818181818181818,0.03581267217630854,0.1348314606741573
202504040411,2018103205,2025-10-26,8,56.2,7,2.195179329827099,56.0,1.044520373620367,1,0,0,84.0,1600,0.0,1,470.0,0.0,-0.5555771361256001,0,0,32.5,0.7269938650306748,16,7,6,6,15.0,8.1,9.0,4.886489310105749,34.6,33.03,32.849999999999994,1.0863291909504649,14.0,10.4,10.5,2.5473297566057105,9.0,6.0,5.5,2.9154759474226504,11.0,11.0,11.0,0.0,31.8,31.8,31.8,0.0,14.0,14.0,14.0,0.0,6.0,6.0,6.0,0.0,12.0,8.666666666666666,11.0,4.93288286231625,34.6,33.06666666666667,32.8,1.4189197769195157,14.0,13.0,14.0,1.7320508075688692,8.0,6.0,6.0,2.3094010767585025,15.0,10.4,11.0,4.449719092257398,34.6,33.34,32.9,1.228006514640681,14.0,11.8,12.0,2.4899799195977486,9.0,6.0,6.0,2.701851217221259,0.0,False,0,0,1,23.7,0,0,0.015290519877675839,0.03143712574850299,0.01,0.0,0.035483870967741936,0.04205607476635514,0.09333333333333334,0.03705463182897862,0.029896907216494847,0.033973412112259974,0.0,0.07792207792207792,0.03962264150943396,0.06460674157303371,0.10465116279069768,0.0,0.0,0.01818181818181818,0.02564102564102564,0.0,0.05263157894736842,0.07,0.0,0.03257328990228013,0.018867924528301886,0.049217002237136466,0.0625,0.12121212121212122,0.0,0.0,0.09523809523809523
202504040411,2020104613,2025-10-26,13,56.5,5,-0.13719870811419316,53.0,-0.4352168223418199,1,0,0,49.0,1600,0.0,2,478.0,6.0,-0.20250007765325545,0,0,32.8,0.7203647416413373,16,7,6,6,16.0,8.2,7.5,4.661902329879223,35.7,34.739999999999995,34.95,0.8395766128763381,18.0,8.0,7.5,4.853406592853679,9.0,6.0,5.5,2.9154759474226504,11.0,11.0,11.0,0.0,34.9,34.9,34.9,0.0,2.0,2.0,2.0,0.0,6.0,6.0,6.0,0.0,16.0,10.333333333333334,11.0,6.027713773341707,34.9,33.93333333333333,33.7,0.8736894948053991,18.0,8.666666666666666,6.0,8.32666399786453,8.0,6.0,6.0,2.3094010767585025,16.0,10.8,11.0,4.969909455915671,35.4,34.38,34.7,0.9038805230781192,18.0,7.6,6.0,6.4265076052238514,9.0,6.0,6.0,2.701851217221259,0.0,False,0,0,1,23.7,0,0,0.004970178926441352,0.02197802197802198,0.0,0.0,0.0,0.012121212121212121,0.0,0.009389671361502348,0.003745318352059925,0.008547008547008548,0.05,0.0,0.019230769230769232,0.015274034141958671,0.017482517482517484,0.0,0.015151515151515152,0.0,0.0,0.0,0.0,0.003676470588235294,0.02564102564102564,0.023809523809523808,0.0,0.023255813953488372,0.0234375,0.2,0.06818181818181818,0.0,0.05084745762711865
202504040411,2020110114,2025-10-26,11,56.4,5,-0.13719870811419316,53.0,-0.4352168223418199,1,0,0,77.0,1600,0.0,3,502.0,6.0,0.8567310977637785,1,0,33.6,0.6765578635014836,9,7,6,6,13.0,6.8,8.0,4.131182235954578,35.5,34.13,34.25,0.9989438867568515,11.0,6.0,5.0,3.2998316455372216,9.0,6.0,5.5,2.9154759474226504,9.0,9.0,9.0,0.0,33.6,33.6,33.6,0.0,11.0,11.0,11.0,0.0,6.0,6.0,6.0,0.0,12.0,9.666666666666666,9.0,2.081665999466134,35.5,34.4,34.1,0.9848857801795732,11.0,7.0,5.0,3.4641016151377517,8.0,6.0,6.0,2.3094010767585025,13.0,10.0,9.0,2.345207879911714,35.5,34.32,34.1,0.9984988733093318,11.0,6.2,5.0,3.8987177379235862,9.0,6.0,6.0,2.701851217221259,0.0,False,0,1,0,22.8,0,0,0.014598540145985401,0.04380475594493116,0.0410958904109589,0.0,0.06944444444444445,0.04743083003952569,0.05555555555555555,0.05278592375366569,0.047250193648334625,0.0,0.0481283422459893,0.05405405405405406,0.059433962264150944,0.08141321044546851,0.056818181818181816,0.07042253521126761,0.10902255639097744,0.04173106646058733,0.09090909090909091,0.03678929765886288,0.07397260273972603,0.0297029702970297,0.08333333333333333,0.10780669144981413,0.0975609756097561,0.05398457583547558,0.08666666666666667,0.0,0.11267605633802817,0.0,0.09090909090909091
202504040411,2021101924,2025-10-26,4,55.9,4,-1.3033877270848393,54.0,0.058028909645575756,1,0,0,22.0,1600,0.0,4,464.0,0.0,-0.8203849299798586,0,0,33.3,0.6766467065868265,6,7,6,6,14.0,5.3,3.5,5.186520991955976,36.3,34.85,34.6,0.7989576542804587,4.0,2.2,2.0,0.9189365834726815,9.0,6.0,5.5,2.9154759474226504,5.0,5.0,5.0,0.0,34.5,34.5,34.5,0.0,1.0,1.0,1.0,0.0,6.0,6.0,6.0,0.0,10.0,5.333333333333333,5.0,4.509249752822892,35.1,34.666666666666664,34.5,0.3785938897200452,2.0,1.3333333333333333,1.0,0.5773502691896255,8.0,6.0,6.0,2.3094010767585025,14.0,8.6,10.0,5.504543577809154,36.0,34.94,34.7,0.650384501660367,3.0,1.8,2.0,0.8366600265340753,9.0,6.0,6.0,2.701851217221259,0.0,False,0,1,0,22.6,0,0,0.0392156862745098,0.044444444444444446,0.03571428571428571,0.0,0.03691275167785235,0.03420523138832998,0.2,0.03924731182795699,0.04108309990662932,0.0,0.012048192771084338,0.04979253112033195,0.03571428571428571,0.09508881922675026,0.08080808080808081,0.10931174089068826,0.09433962264150944,0.027093596059113302,0.0,0.05244755244755245,0.11494252873563218,0.1015625,0.07933194154488518,0.06557377049180328,0.1346153846153846,0.0684931506849315,0.08,0.023255813953488372,0.046875,0.09803921568627451,0.07272727272727272
202504040411,2020101262,2025-10-26,3,55.8,5,-0.13719870811419316,54.0,0.058028909645575756,1,0,0,70.0,1600,0.0,5,510.0,10.0,1.2098081562361231,0,0,32.6,0.7094801223241589,13,7,6,6,13.0,6.0,4.0,4.642796092394706,36.7,33.989999999999995,33.7,1.2440525176481219,13.0,8.4,9.0,3.339993346633428,9.0,6.0,5.5,2.9154759474226504,1.0,1.0,1.0,0.0,32.9,32.9,32.9,0.0,4.0,4.0,4.0,0.0,6.0,6.0,6.0,0.0,3.0,2.0,2.0,1.000000000000019,34.7,33.43333333333333,32.9,1.1015141094572547,11.0,6.333333333333333,4.0,4.041451884327383,8.0,6.0,6.0,2.3094010767585025,13.0,5.8,3.0,5.357238094391549,34.9,33.94,34.5,1.0526157893552432,11.0,7.4,7.0,3.507135583350037,9.0,6.0,6.0,2.701851217221259,0.0,False,0,1,0,23.2,0,0,0.13157894736842105,0.028741328047571853,0.013986013986013986,0.0,0.038510911424903725,0.038425492033739454,0.09782608695652174,0.035922330097087375,0.03884638022366098,0.03463203463203463,0.0,0.05363984674329502,0.02771362586605081,0.08924806746310611,0.08629441624365482,0.0,0.09375,0.013333333333333334,0.028011204481792718,0.0,0.02666666666666667,0.10427807486631016,0.0,0.03727714748784441,0.10144927536231885,0.04460093896713615,0.11214953271028037,0.0,0.03278688524590164,0.0,0.08695652173913043
202504040411,2020106015,2025-10-26,9,56.2,5,-0.13719870811419316,56.0,1.044520373620367,1,0,0,42.0,1600,0.0,6,488.0,4.0,0.23884624543717536,1,0,32.7,0.7164634146341462,15,7,6,6,12.0,4.6,3.0,3.6270588023294517,37.9,35.970000000000006,35.95,1.0801748829600588,16.0,9.9,11.0,5.021066730398144,9.0,6.0,5.5,2.9154759474226504,3.0,3.0,3.0,0.0,34.7,34.7,34.7,0.0,16.0,16.0,16.0,0.0,6.0,6.0,6.0,0.0,10.0,6.0,5.0,3.6055512754639896,35.7,35.333333333333336,35.6,0.55075705472862,16.0,14.0,13.0,1.7320508075688772,8.0,6.0,6.0,2.3094010767585025,12.0,7.0,5.0,3.8078865529319548,37.9,36.04,35.7,1.1865917579353118,16.0,12.6,13.0,2.880972058177587,9.0,6.0,6.0,2.701851217221259,0.0,False,0,0,1,23.5,0,0,0.0398406374501992,0.031877213695395513,0.06756756756756757,0.0,0.038366336633663366,0.0471841704718417,0.0,0.04008097165991903,0.03551251008878128,0.058823529411764705,0.03723404255319149,0.05,0.04493464052287582,0.08951048951048951,0.11282051282051282,0.0,0.2631578947368421,0.028423772609819122,0.0,0.040740740740740744,0.02857142857142857,0.10309278350515463,0.0,0.0625,0.05434782608695652,0.056179775280898875,0.045454545454545456,0.04242424242424243,0.1111111111111111,0.039119804400977995,0.09375
202504040411,2019100450,2025-10-26,17,57.0,6,1.0289903108564529,52.0,-0.9284625543292155,0,1,0,42.0,1600,0.0,7,472.0,2.0,-0.46730787150751396,1,0,34.0,0.6744868035190615,11,7,6,6,16.0,10.8,9.5,4.0221608343995605,37.4,34.629999999999995,34.7,1.5180762680298934,13.0,9.1,9.0,2.9608557321603266,9.0,6.0,5.5,2.9154759474226504,16.0,16.0,16.0,0.0,37.4,37.4,37.4,0.0,13.0,13.0,13.0,0.0,6.0,6.0,6.0,0.0,16.0,11.0,9.0,4.358898943540677,37.4,34.86666666666667,35.4,2.837839553839031,13.0,11.0,12.0,2.6457513110645934,8.0,6.0,6.0,2.3094010767585025,16.0,12.6,14.0,3.847076812334269,37.4,35.0,35.4,2.0199009876724188,13.0,10.6,12.0,2.4083189157584624,9.0,6.0,6.0,2.701851217221259,0.0,False,0,1,0,23.0,0,0,0.0041390728476821195,0.03636363636363636,0.03225806451612903,0.0,0.011299435028248588,0.08333333333333333,0.0,0.04241435562805873,0.04597701149425287,0.0,0.053763440860215055,0.045454545454545456,0.038461538461538464,0.0524126455906822,0.13333333333333333,0.051094890510948905,0.06015037593984962,0.041379310344827586,0.0,0.03333333333333333,0.05084745762711865,0.0,0.03482587064676617,0.023255813953488372,0.15,0.08333333333333333,0.1,0.02702702702702703,0.06382978723404255,0.0,0.12
202504040411,2021100792,2025-10-26,6,56.1,4,-1.3033877270848393,54.0,0.058028909645575756,0,1,0,70.0,1600,0.0,8,486.0,6.0,0.15057698081908918,0,0,33.1,0.6927710843373494,11,7,6,6,13.0,5.9,4.5,4.724639903973871,38.3,34.86,34.6,2.1798063114771336,17.0,3.5,2.0,4.8362060428489695,9.0,6.0,5.5,2.9154759474226504,2.0,2.0,2.0,0.0,33.3,33.3,33.3,0.0,2.0,2.0,2.0,0.0,6.0,6.0,6.0,0.0,13.0,8.333333333333334,10.0,5.686240703077326,38.0,34.36666666666667,33.3,3.2347076117221714,17.0,7.0,2.0,8.660254037844387,8.0,6.0,6.0,2.3094010767585025,13.0,7.0,9.0,5.244044240850758,38.0,33.92,33.3,2.4427443582986657,17.0,5.6,3.0,6.4265076052238514,9.0,6.0,6.0,2.701851217221259,0.0,False,0,0,1,23.0,0,0,0.02570694087403599,0.049079754601226995,0.03816793893129771,0.0,0.032303370786516857,0.052364864864864864,0.08695652173913043,0.04486062717770035,0.048324240062353856,0.04723346828609987,0.1111111111111111,0.25,0.038262668045501554,0.06088560885608856,0.06708595387840671,0.038461538461538464,0.07692307692307693,0.0,0.045112781954887216,0.0,0.046875,0.05,0.022727272727272728,0.03927492447129909,0.06349206349206349,0.041666666666666664,0.05309734513274336,0.14285714285714285,0.11688311688311688,0.05555555555555555,0.05555555555555555
202504040411,2019102137,2025-10-26,10,56.2,6,1.0289903108564529,53.0,-0.4352168223418199,0,1,0,84.0,1600,0.0,9,526.0,2.0,1.9159622731808126,1,0,33.8,0.6607669616519174,4,7,6,6,16.0,8.5,6.0,6.293735862833069,43.5,35.970000000000006,35.650000000000006,2.9589975780096,5.0,2.3,2.0,1.159501808728406,9.0,6.0,5.5,2.9154759474226504,14.0,14.0,14.0,0.0,33.1,33.1,33.1,0.0,2.0,2.0,2.0,0.0,6.0,6.0,6.0,0.0,16.0,11.333333333333334,14.0,6.429100507328638,36.8,34.5,33.6,2.007485989988435,3.0,2.3333333333333335,2.0,0.5773502691896244,8.0,6.0,6.0,2.3094010767585025,16.0,13.2,16.0,5.215361924162119,43.5,36.8,36.8,4.149096287144956,3.0,2.2,2.0,0.4472135954999594,9.0,6.0,6.0,2.701851217221259,0.0,False,0,1,0,22.4,0,0,0.04807692307692307,0.05757575757575758,0.052083333333333336,0.0,0.04529616724738676,0.05723905723905724,0.08823529411764706,0.05410923940786115,0.05595667870036101,0.052100840336134456,0.0,0.0,0.05018359853121175,0.0890302066772655,0.2,0.07692307692307693,0.057692307692307696,0.08,0.03205128205128205,0.0,0.08737864077669903,0.0,0.06299212598425197,0.0707395498392283,0.07692307692307693,0.07428571428571429,0.10526315789473684,0.03067484662576687,0.14814814814814814,0.05,0.21621621621621623
202504040411,2019100937,2025-10-26,7,56.2,6,1.0289903108564529,53.0,-0.4352168223418199,0,1,0,70.0,1600,0.0,10,454.0,2.0,-1.2617312530702893,1,0,32.8,0.7112462006079027,14,7,6,6,13.0,6.1,5.0,4.040077006966849,38.7,34.62,33.400000000000006,2.611427876766968,16.0,8.6,7.5,5.1251016250086865,9.0,6.0,5.5,2.9154759474226504,5.0,5.0,5.0,0.0,33.0,33.0,33.0,0.0,10.0,10.0,10.0,0.0,6.0,6.0,6.0,0.0,10.0,6.666666666666667,5.0,2.8867513459481273,33.7,32.86666666666667,33.0,0.9073771725877132,13.0,8.333333333333334,10.0,5.686240703077327,8.0,6.0,6.0,2.3094010767585025,13.0,6.8,5.0,4.711687595755899,37.1,33.660000000000004,33.0,2.030517175499834,13.0,7.6,8.0,4.277849927241487,9.0,6.0,6.0,2.701851217221259,0.0,False,0,0,1,23.4,0,0,0.0423728813559322,0.06625258799171843,0.05263157894736842,0.0,0.054945054945054944,0.065,0.13333333333333333,0.062411347517730496,0.063257065948856,0.031914893617021274,0.07051282051282051,0.05116279069767442,0.0598159509202454,0.04578313253012048,0.05390334572490706,0.045454545454545456,0.05263157894736842,0.058419243986254296,0.031914893617021274,0.047337278106508875,0.08333333333333333,0.021634615384615384,0.08695652173913043,0.08620689655172414,0.046511627906976744,0.1044776119402985,0.05,0.06896551724137931,0.0784313725490196,0.044444444444444446,0.02702702702702703
202504040411,2021103912,2025-10-26,12,56.5,4,-1.3033877270848393,49.0,-2.4081997502914025,0,1,0,71.0,1600,0.0,11,456.0,2.0,-1.1734619884522033,1,0,33.8,0.6696165191740413,7,7,6,6,16.0,9.3,9.0,4.321779468896785,43.0,39.2,38.7,2.056426242024958,5.0,2.3,2.0,1.3374935098492586,11.0,3.75,1.5,4.856267428111155,15.0,15.0,15.0,0.0,38.8,38.8,38.8,0.0,5.0,5.0,5.0,0.0,6.0,6.0,6.0,0.0,15.0,10.333333333333334,13.0,6.429100507328638,38.8,37.26666666666667,36.6,1.3316656236958637,5.0,3.3333333333333335,3.0,1.5275252316519468,8.0,6.0,6.0,2.3094010767585025,15.0,9.8,10.0,4.658325879540846,39.2,37.92,38.6,1.316054710108954,5.0,3.0,3.0,1.5811388300841898,9.0,6.0,6.0,2.701851217221259,0.0,False,0,1,0,22.7,0,0,0.01589825119236884,0.020618556701030927,0.0,0.0,0.04195804195804196,0.034653465346534656,0.05,0.030821917808219176,0.03459119496855346,0.03225806451612903,0.05,0.06,0.024390243902439025,0.06088560885608856,0.06708595387840671,0.038461538461538464,0.07692307692307693,0.0,0.02,0.04948805460750853,0.046875,0.05,0.022727272727272728,0.02459016393442623,0.06349206349206349,0.03571428571428571,0.05309734513274336,0.0,0.11688311688311688,0.04897959183673469,0.05555555555555555
202504040411,2020101419,2025-10-26,16,56.7,5,-0.13719870811419316,56.0,1.044520373620367,0,1,0,22.0,1600,0.0,12,452.0,2.0,-1.3500005176883756,1,0,33.8,0.6755162241887905,10,7,6,6,14.0,9.0,9.0,3.6209268304000717,35.0,33.739999999999995,33.849999999999994,0.9347608131376587,16.0,11.1,11.5,3.842742076521227,9.0,6.0,5.5,2.9154759474226504,14.0,14.0,14.0,0.0,33.9,33.9,33.9,0.0,13.0,13.0,13.0,0.0,6.0,6.0,6.0,0.0,14.0,8.333333333333334,9.0,6.027713773341709,34.7,33.36666666666667,33.9,1.6653327995728973,15.0,10.0,13.0,7.000000000000001,8.0,6.0,6.0,2.3094010767585025,14.0,7.6,7.0,4.393176527297759,34.7,33.480000000000004,33.9,1.2132600710482528,15.0,10.4,12.0,5.029910535983717,9.0,6.0,6.0,2.701851217221259,0.0,False,0,0,1,22.9,0,0,0.03378378378378378,0.08718244803695151,0.07575757575757576,0.07142857142857142,0.07945736434108527,0.10224215246636771,0.15,0.08779032601747283,0.08885017421602788,0.078125,0.07243816254416961,0.1008,0.08624316365166176,0.05063291139240506,0.04116222760290557,0.0,0.1111111111111111,0.08363636363636363,0.04201680672268908,0.08737864077669903,0.018867924528301886,0.03571428571428571,0.0,0.09090909090909091,0.05392156862745098,0.11934156378600823,0.06557377049180328,0.10638297872340426,0.0392156862745098,0.09137055837563451,0.125
202504040411,2020101678,2025-10-26,5,56.0,5,-0.13719870811419316,53.0,-0.4352168223418199,0,0,1,154.0,1600,0.0,13,452.0,2.0,-1.3500005176883756,1,0,33.3,0.6796407185628742,7,7,6,6,18.0,12.0,11.5,5.2704627669473,39.5,35.34,35.45,2.2974381868120437,13.0,4.5,3.5,3.8944404818493075,9.0,6.0,5.5,2.9154759474226504,2.0,2.0,2.0,0.0,33.0,33.0,33.0,0.0,10.0,10.0,10.0,0.0,6.0,6.0,6.0,0.0,18.0,9.333333333333334,8.0,8.08290376865476,38.1,35.1,34.2,2.6664583251946796,10.0,5.333333333333333,4.0,4.163331998932267,8.0,6.0,6.0,2.3094010767585025,18.0,9.8,10.0,5.761944116355173,38.1,34.18,33.7,2.3552069972722203,13.0,6.4,4.0,4.8270073544588685,9.0,6.0,6.0,2.701851217221259,0.0,False,0,1,0,22.7,0,0,0.078125,0.0725758477096966,0.1092436974789916,0.0,0.05219552609776305,0.06613756613756613,0.12280701754385964,0.06871496782229604,0.05923183711244794,0.04971475142624287,0.022222222222222223,0.08550724637681159,0.07541362062331666,0.07559055118110236,0.0764872521246459,0.08333333333333333,0.038461538461538464,0.05,0.022727272727272728,0.0,0.06896551724137931,0.08146067415730338,0.09090909090909091,0.10368663594470046,0.0975609756097561,0.08916083916083917,0.057803468208092484,0.05660377358490566,0.03571428571428571,0.08397932816537468,0.08695652173913043
202504040411,2019104911,2025-10-26,15,56.7,6,1.0289903108564529,57.0,1.5377661056077627,0,0,1,22.0,1600,0.0,14,490.0,-4.0,0.3271155100552615,1,0,34.3,0.6511627906976744,4,7,6,6,17.0,9.2,8.0,3.910100879630713,35.4,34.22,34.150000000000006,0.6285786435372615,14.0,8.8,9.5,3.7357135269658404,9.0,6.0,5.5,2.9154759474226504,8.0,8.0,8.0,0.0,34.1,34.1,34.1,0.0,9.0,9.0,9.0,0.0,6.0,6.0,6.0,0.0,8.0,7.666666666666667,8.0,0.5773502691896322,34.3,34.199999999999996,34.2,0.0999999999998875,10.0,7.333333333333333,9.0,3.785938897200182,8.0,6.0,6.0,2.3094010767585025,11.0,8.8,8.0,1.643167672515501,35.4,34.3,34.2,0.6892024376045031,12.0,7.2,9.0,4.43846820423443,9.0,6.0,6.0,2.701851217221259,0.0,False,1,0,0,22.4,0,0,0.04901960784313726,0.04259634888438134,0.0,0.0,0.02313624678663239,0.06267806267806268,0.0,0.04046692607003891,0.054678007290400975,0.12,0.03773584905660377,0.04591836734693878,0.01545253863134658,0.12406417112299466,0.11764705882352941,0.09055118110236221,0.05649717514124294,0.03550295857988166,0.08333333333333333,0.02727272727272727,0.13761467889908258,0.08759124087591241,0.1342281879194631,0.03125,0.10204081632653061,0.08035714285714286,0.12871287128712872,0.0,0.11904761904761904,0.0,0.22282608695652173
202504040411,2020103434,2025-10-26,2,55.4,5,-0.13719870811419316,57.0,1.5377661056077627,0,0,1,63.0,1600,0.0,15,502.0,12.0,0.8567310977637785,1,0,33.2,0.6666666666666665,3,7,6,6,16.0,9.6,10.0,4.948624949305502,39.8,35.239999999999995,34.650000000000006,2.012847623531287,11.0,5.0,3.5,3.6209268304000712,9.0,6.0,5.5,2.9154759474226504,6.0,6.0,6.0,0.0,34.4,34.4,34.4,0.0,5.0,5.0,5.0,0.0,6.0,6.0,6.0,0.0,6.0,3.6666666666666665,4.0,2.5166114784235885,34.7,33.76666666666667,34.4,1.3650396819628774,5.0,3.0,2.0,1.7320508075688805,8.0,6.0,6.0,2.3094010767585025,10.0,6.2,6.0,3.8987177379235844,35.9,34.239999999999995,34.4,1.3427583550289386,5.0,3.2,3.0,1.3038404810405264,9.0,6.0,6.0,2.701851217221259,0.0,False,1,0,0,22.2,0,0,0.22727272727272727,0.06405353728489484,0.042105263157894736,0.0,0.04610318331503842,0.05161290322580645,0.03773584905660377,0.053391537944929485,0.05864884929472903,0.04154727793696275,0.041666666666666664,0.04741379310344827,0.049429657794676805,0.12406417112299466,0.11764705882352941,0.09055118110236221,0.05649717514124294,0.06074766355140187,0.051330798479087454,0.017857142857142856,0.13761467889908258,0.08759124087591241,0.1342281879194631,0.07711442786069651,0.10204081632653061,0.06597222222222222,0.12871287128712872,0.038461538461538464,0.11904761904761904,0.02127659574468085,0.22282608695652173
202504040411,2021102079,2025-10-26,14,56.6,4,-1.3033877270848393,53.0,-0.4352168223418199,0,0,1,161.0,1600,0.0,16,504.0,6.0,0.9450003623818647,1,0,34.5,0.638728323699422,1,7,6,6,16.0,5.8,3.0,5.633234713140696,40.5,38.18,38.2,1.2505998560690808,7.0,2.0,1.5,1.8257418583505538,2.0,1.5,1.5,0.5773502691896257,16.0,16.0,16.0,0.0,37.4,37.4,37.4,0.0,7.0,7.0,7.0,0.0,6.0,6.0,6.0,0.0,16.0,13.333333333333334,13.0,2.516611478423582,40.5,38.4,37.4,1.8193405398660414,7.0,3.0,1.0,3.464101615137754,8.0,6.0,6.0,2.3094010767585025,16.0,8.4,11.0,6.985699678629192,40.5,37.74,37.4,1.6831518053936783,7.0,2.4,1.0,2.60768096208106,9.0,6.0,6.0,2.701851217221259,0.0,False,0,1,0,22.1,0,0,0.07936507936507936,0.052073288331726135,0.06321839080459771,0.0,0.04505632040050062,0.05771812080536913,0.0,0.05183585313174946,0.05669737774627923,0.0,0.027777777777777776,0.054982817869415807,0.0475482912332838,0.08555033907146584,0.08163265306122448,0.07317073170731707,0.09170305676855896,0.05272407732864675,0.0,0.04948805460750853,0.10837438423645321,0.10294117647058823,0.06852248394004283,0.09580838323353294,0.03636363636363636,0.04985337243401759,0.07633587786259542,0.06201550387596899,0.12087912087912088,0.045454545454545456,0.08955223880597014
202504040411,2020106914,2025-10-26,1,55.3,5,-0.13719870811419316,53.0,-0.4352168223418199,0,0,1,56.0,1600,0.0,17,498.0,4.0,0.6801925685276061,1,0,33.2,0.6636636636636636,1,7,6,6,9.0,3.6,2.5,2.590581230363393,38.1,34.32,34.25,1.8286607121059881,6.0,3.7,4.0,1.2516655570345725,9.0,6.0,5.5,2.9154759474226504,1.0,1.0,1.0,0.0,32.1,32.1,32.1,0.0,4.0,4.0,4.0,0.0,6.0,6.0,6.0,0.0,5.0,2.6666666666666665,2.0,2.081665999466133,34.2,33.36666666666667,33.8,1.1150485789118485,4.0,4.0,4.0,0.0,8.0,6.0,6.0,2.3094010767585025,5.0,3.0,2.0,1.8708286933869713,35.4,33.54,33.8,1.3992855319769415,6.0,4.4,4.0,0.8944271909999159,9.0,6.0,6.0,2.701851217221259,0.0,False,0,0,1,22.1,0,0,0.22727272727272727,0.06184668989547038,0.045454545454545456,0.0,0.055165496489468405,0.061356297093649086,0.02040816326530612,0.05816419266888822,0.06560509554140127,0.07627118644067797,0.031413612565445025,0.04716981132075472,0.052318668252080855,0.08321678321678322,0.03571428571428571,0.0787037037037037,0.09865470852017937,0.04811715481171548,0.03787878787878788,0.02702702702702703,0.072,0.02631578947368421,0.06666666666666667,0.09550561797752809,0.10606060606060606,0.07420494699646643,0.09,0.05741626794258373,0.13114754098360656,0.07296137339055794,0.1724137931034483
202504040412,2022110001,2025-10-26,3,71.5,3,-0.9981855662301216,55.0,-0.8789031936612219,1,0,0,50.0,1200,0.0,1,458.0,4.0,-1.6054492350517517,1,0,37.3,0.9144385026737969,4,4,6,6,13.0,5.888888888888889,4.0,3.689323936863109,41.0,37.77777777777778,37.5,1.2377174331988854,10.0,5.111111111111111,5.0,2.260776661041756,9.0,6.0,5.5,2.9154759474226504,8.0,8.0,8.0,0.0,37.8,37.8,37.8,0.0,6.0,6.0,6.0,0.0,6.0,6.0,6.0,0.0,9.0,6.666666666666667,8.0,3.214550253664318,37.8,37.43333333333334,37.5,0.40414518843274094,6.0,5.0,5.0,0.9999999999999991,8.0,6.0,6.0,2.3094010767585025,9.0,6.2,7.0,2.5884358211089573,37.8,37.339999999999996,37.2,0.3130495168499537,10.0,6.0,5.0,2.345207879911715,9.0,6.0,6.0,2.701851217221259,0.0,False,0,1,0,34.2,1,0,0.10101010101010101,0.0725758477096966,0.1092436974789916,0.0,0.05219552609776305,0.06613756613756613,0.12280701754385964,0.06871496782229604,0.05923183711244794,0.04971475142624287,0.022222222222222223,0.08550724637681159,0.07541362062331666,0.11342465753424658,0.1506849315068493,0.12556053811659193,0.08333333333333333,0.05,0.022727272727272728,0.0,0.16666666666666666,0.054187192118226604,0.10776942355889724,0.10368663594470046,0.13636363636363635,0.08916083916083917,0.11805555555555555,0.05660377358490566,0.0392156862745098,0.08397932816537468,0.07228915662650602
202504040412,2021101077,2025-10-26,6,71.5,4,0.1996371132460241,58.0,1.2304644711257107,1,0,0,7.0,1200,0.0,2,480.0,-8.0,-0.5963097158763649,0,0,36.4,0.9616438356164384,11,11,6,6,15.0,5.4,4.0,4.3256341860022225,38.0,37.25,37.3,0.4600724580614057,12.0,8.0,8.5,2.9439202887759484,9.0,6.0,5.5,2.9154759474226504,8.0,8.0,8.0,0.0,36.7,36.7,36.7,0.0,9.0,9.0,9.0,0.0,6.0,6.0,6.0,0.0,8.0,5.333333333333333,4.0,2.3094010767585,37.5,37.13333333333333,37.2,0.40414518843270447,11.0,7.666666666666667,9.0,4.163331998932265,8.0,6.0,6.0,2.3094010767585025,8.0,4.2,4.0,2.2803508501982765,37.5,37.040000000000006,37.1,0.3435112807463465,11.0,7.2,8.0,3.1937438845342623,9.0,6.0,6.0,2.701851217221259,0.0,False,0,0,1,35.1,1,0,0.06711409395973154,0.044444444444444446,0.03571428571428571,0.0,0.03691275167785235,0.03420523138832998,0.2,0.03924731182795699,0.04108309990662932,0.0,0.012048192771084338,0.04979253112033195,0.03571428571428571,0.09334248455730954,0.125,0.0449438202247191,0.0761904761904762,0.027093596059113302,0.0,0.05244755244755245,0.10964912280701754,0.08108108108108109,0.06278026905829596,0.06557377049180328,0.125,0.0684931506849315,0.107981220657277,0.023255813953488372,0.0625,0.09803921568627451,0.13333333333333333
202504040412,2021104945,2025-10-26,5,71.5,4,0.1996371132460241,58.0,1.2304644711257107,1,0,0,22.0,1200,0.0,3,454.0,4.0,-1.7889291476290947,0,0,36.6,0.9509536784741144,10,9,6,6,10.0,4.9,4.0,2.558211180579985,38.5,37.660000000000004,37.5,0.49486249493054785,11.0,5.1,4.0,3.4464152068167557,9.0,6.0,5.5,2.9154759474226504,5.0,5.0,5.0,0.0,37.6,37.6,37.6,0.0,4.0,4.0,4.0,0.0,6.0,6.0,6.0,0.0,5.0,4.333333333333333,4.0,0.5773502691896318,37.9,37.56666666666666,37.6,0.35118845842840957,11.0,5.666666666666667,4.0,4.725815626252608,8.0,6.0,6.0,2.3094010767585025,9.0,4.8,4.0,2.5884358211089546,38.5,37.720000000000006,37.6,0.5069516742254642,11.0,5.0,4.0,3.7416573867739413,9.0,6.0,6.0,2.701851217221259,-1.0,False,0,0,1,34.9,1,0,0.18518518518518517,0.08718244803695151,0.07575757575757576,0.07142857142857142,0.07945736434108527,0.10224215246636771,0.15,0.08779032601747283,0.08885017421602788,0.078125,0.07243816254416961,0.1008,0.08624316365166176,0.09508881922675026,0.08080808080808081,0.10931174089068826,0.09433962264150944,0.08363636363636363,0.04201680672268908,0.08737864077669903,0.11494252873563218,0.1015625,0.07933194154488518,0.09090909090909091,0.1346153846153846,0.11934156378600823,0.08,0.10638297872340426,0.046875,0.09137055837563451,0.07272727272727272
202504040412,2019101794,2025-10-26,7,71.7,6,2.595282472198315,58.0,1.2304644711257107,0,1,0,8.0,1200,0.0,4,500.0,-4.0,0.3210898470103503,1,0,37.0,0.9353099730458222,9,9,6,6,11.0,7.0,7.5,2.9059326290271152,38.3,35.33,35.75,1.6214191315017747,10.0,5.3,5.5,2.62678510731274,9.0,6.0,5.5,2.9154759474226504,11.0,11.0,11.0,0.0,33.5,33.5,33.5,0.0,8.0,8.0,8.0,0.0,6.0,6.0,6.0,0.0,11.0,8.666666666666666,9.0,2.5166114784235805,35.7,33.96666666666667,33.5,1.5534906930308008,8.0,4.666666666666667,4.0,3.0550504633038904,8.0,6.0,6.0,2.3094010767585025,11.0,8.2,8.0,1.9235384061671352,36.3,34.8,35.7,1.5937377450509316,8.0,5.0,5.0,2.23606797749979,9.0,6.0,6.0,2.701851217221259,0.0,False,0,0,1,34.7,1,0,0.017421602787456445,0.028741328047571853,0.013986013986013986,0.0,0.038510911424903725,0.038425492033739454,0.09782608695652174,0.035922330097087375,0.03884638022366098,0.03463203463203463,0.0,0.05363984674329502,0.02771362586605081,0.044002411091018684,0.038461538461538464,0.0,0.0,0.013333333333333334,0.028011204481792718,0.0,0.024390243902439025,0.055825242718446605,0.0,0.03727714748784441,0.05851063829787234,0.04460093896713615,0.043010752688172046,0.0,0.04411764705882353,0.0,0.05
202504040412,2022101265,2025-10-26,12,73.3,3,-0.9981855662301216,55.0,-0.8789031936612219,0,1,0,70.0,1200,0.0,5,468.0,2.0,-1.146749453608394,1,0,38.8,0.8868894601542416,7,7,6,6,15.0,9.25,10.0,5.619905100029122,37.3,36.55,37.1,1.2396235987858029,3.0,2.0,2.0,0.816496580927726,9.0,6.0,5.5,2.9154759474226504,15.0,15.0,15.0,0.0,37.0,37.0,37.0,0.0,3.0,3.0,3.0,0.0,6.0,6.0,6.0,0.0,15.0,11.666666666666666,12.0,3.5118845842842465,37.3,37.166666666666664,37.2,0.15275252316520807,3.0,2.0,2.0,1.0,8.0,6.0,6.0,2.3094010767585025,15.0,9.25,10.0,5.619905100029122,37.3,36.55,37.1,1.2396235987858029,3.0,2.0,2.0,0.816496580927726,9.0,6.0,6.0,2.701851217221259,0.0,False,0,1,0,34.5,1,0,0.023752969121140142,0.05757575757575758,0.052083333333333336,0.0,0.04529616724738676,0.05723905723905724,0.08823529411764706,0.05410923940786115,0.05595667870036101,0.052100840336134456,0.0,0.0,0.05018359853121175,0.029885057471264367,0.01834862385321101,0.0,0.0547945205479452,0.08,0.03205128205128205,0.0,0.02631578947368421,0.045454545454545456,0.0,0.0707395498392283,0.0625,0.07428571428571429,0.014598540145985401,0.03067484662576687,0.02564102564102564,0.05,0.0
202504040412,2021110081,2025-10-26,9,72.0,4,0.1996371132460241,55.0,-0.8789031936612219,0,1,0,7.0,1200,0.0,6,506.0,-4.0,0.5963097158763649,1,0,37.4,0.9226666666666667,7,7,6,6,15.0,9.25,9.5,3.284161123592185,37.6,35.6625,35.7,1.3721073469042353,16.0,8.25,8.0,4.166190448976482,9.0,6.0,5.5,2.9154759474226504,10.0,10.0,10.0,0.0,37.6,37.6,37.6,0.0,7.0,7.0,7.0,0.0,6.0,6.0,6.0,0.0,15.0,10.666666666666666,10.0,4.041451884327381,37.6,36.36666666666667,35.8,1.0692676621563686,7.0,5.666666666666667,5.0,1.1547005383792486,8.0,6.0,6.0,2.3094010767585025,15.0,9.4,9.0,3.507135583350036,37.6,36.06,35.8,1.5978110025907353,16.0,7.2,5.0,5.118593556827891,9.0,6.0,6.0,2.701851217221259,0.0,False,0,0,1,34.6,1,0,0.01326259946949602,0.04216867469879518,0.075,0.0,0.04819277108433735,0.07049608355091384,0.0,0.054844606946983544,0.06446776611694154,0.0,0.04411764705882353,0.058823529411764705,0.040380047505938245,0.1049552649690296,0.09714285714285714,0.11479591836734694,0.125,0.05952380952380952,0.08333333333333333,0.034334763948497854,0.10698689956331878,0.10702341137123746,0.07965860597439545,0.11702127659574468,0.12903225806451613,0.056818181818181816,0.12962962962962962,0.06535947712418301,0.11920529801324503,0.04020100502512563,0.1072961373390558
202504040412,2021100158,2025-10-26,2,71.3,4,0.1996371132460241,55.0,-0.8789031936612219,0,1,0,106.0,1200,0.0,7,506.0,6.0,0.5963097158763649,1,0,37.3,0.9090909090909092,2,2,6,6,16.0,9.6,10.0,5.029910535983717,39.2,36.42,36.5,1.9447364860052407,11.0,7.6,6.0,3.2093613071762426,9.0,6.0,5.5,2.9154759474226504,11.0,11.0,11.0,0.0,35.8,35.8,35.8,0.0,11.0,11.0,11.0,0.0,6.0,6.0,6.0,0.0,11.0,7.666666666666667,10.0,4.932882862316248,36.8,35.46666666666666,35.8,1.52752523165195,11.0,7.0,6.0,3.605551275463989,8.0,6.0,6.0,2.3094010767585025,16.0,9.6,10.0,5.029910535983717,39.2,36.42,36.5,1.9447364860052407,11.0,7.6,6.0,3.2093613071762426,9.0,6.0,6.0,2.701851217221259,0.0,False,1,0,0,34.0,1,0,0.2173913043478261,0.0273972602739726,0.0,0.0,0.03614457831325301,0.04477611940298507,0.0,0.03389830508474576,0.04477611940298507,0.05084745762711865,0.05,0.06313131313131314,0.019801980198019802,0.07136404697380307,0.05555555555555555,0.050955414012738856,0.09352517985611511,0.0625,0.04265402843601896,0.015384615384615385,0.06896551724137931,0.06,0.04,0.07916666666666666,0.13559322033898305,0.058823529411764705,0.10714285714285714,0.0,0.1951219512195122,0.058823529411764705,0.044444444444444446
202504040412,2022110088,2025-10-26,1,70.8,3,-0.9981855662301216,55.0,-0.8789031936612219,0,1,0,169.0,1200,0.0,8,508.0,12.0,0.6880496721650364,1,0,37.0,0.9110512129380053,1,1,6,6,11.0,4.6,3.0,4.03732584763727,37.2,36.4,36.2,0.7314369419163916,5.0,3.0,3.0,1.4142135623730951,9.0,6.0,5.5,2.9154759474226504,11.0,11.0,11.0,0.0,37.1,37.1,37.1,0.0,3.0,3.0,3.0,0.0,6.0,6.0,6.0,0.0,11.0,6.0,6.0,5.0,37.2,36.833333333333336,37.1,0.5507570547286229,5.0,3.0,3.0,2.0,8.0,6.0,6.0,2.3094010767585025,11.0,4.6,3.0,4.03732584763727,37.2,36.4,36.2,0.7314369419163916,5.0,3.0,3.0,1.4142135623730951,9.0,6.0,6.0,2.701851217221259,0.0,False,0,1,0,33.8,1,0,0.1388888888888889,0.06405353728489484,0.042105263157894736,0.0,0.04610318331503842,0.05161290322580645,0.03773584905660377,0.053391537944929485,0.05864884929472903,0.04154727793696275,0.041666666666666664,0.04741379310344827,0.049429657794676805,0.09228971962616822,0.1065989847715736,0.06060606060606061,0.1069182389937107,0.06074766355140187,0.051330798479087454,0.017857142857142856,0.09375,0.041666666666666664,0.09725685785536159,0.07711442786069651,0.14705882352941177,0.06597222222222222,0.15862068965517243,0.038461538461538464,0.05172413793103448,0.02127659574468085,0.02631578947368421
202504040412,2022100329,2025-10-26,10,72.0,3,-0.9981855662301216,57.0,0.5273419161967331,0,0,1,42.0,1200,0.0,9,514.0,6.0,0.963269541031051,1,0,37.7,0.9074074074074072,5,5,6,6,15.0,8.142857142857142,5.0,5.899959644736887,43.0,39.4,39.3,2.096822993642209,16.0,8.857142857142858,6.0,6.067085281214021,16.0,14.333333333333334,16.0,2.886751345948129,4.0,4.0,4.0,0.0,37.1,37.1,37.1,0.0,6.0,6.0,6.0,0.0,6.0,6.0,6.0,0.0,5.0,3.6666666666666665,4.0,1.5275252316519465,39.5,37.96666666666667,37.3,1.331665623695883,6.0,3.6666666666666665,4.0,2.5166114784235827,8.0,6.0,6.0,2.3094010767585025,13.0,5.4,4.0,4.393176527297759,43.0,39.08,38.5,2.396247065725907,13.0,6.0,6.0,4.415880433163924,11.0,11.0,11.0,2.701851217221259,0.0,False,1,0,0,34.3,1,0,0.06024096385542168,0.029887920298879204,0.023809523809523808,0.0,0.019696969696969695,0.04241071428571429,0.0,0.029,0.03513281919451585,0.0,0.033112582781456956,0.0502092050209205,0.02045728038507822,0.04061470911086718,0.0,0.06369426751592357,0.06956521739130435,0.017892644135188866,0.0,0.022922636103151862,0.018292682926829267,0.0,0.04310344827586207,0.14705882352941177,0.0625,0.0196078431372549,0.0410958904109589,0.0,0.0,0.0,0.02127659574468085
202504040412,2021102745,2025-10-26,8,71.8,4,0.1996371132460241,55.0,-0.8789031936612219,0,0,1,7.0,1200,0.0,10,510.0,10.0,0.7797896284537079,1,0,37.4,0.9173333333333333,5,5,6,6,10.0,6.1,6.5,2.8460498941515415,38.5,37.22,37.2,0.8310635755865221,13.0,6.9,6.0,3.5730472522297645,9.0,6.0,5.5,2.9154759474226504,5.0,5.0,5.0,0.0,36.3,36.3,36.3,0.0,4.0,4.0,4.0,0.0,6.0,6.0,6.0,0.0,7.0,4.666666666666667,5.0,2.5166114784235836,36.6,36.333333333333336,36.3,0.2516611478421699,11.0,7.333333333333333,7.0,3.5118845842842457,8.0,6.0,6.0,2.3094010767585025,7.0,4.4,5.0,2.3021728866442683,37.7,36.660000000000004,36.6,0.6188699378705933,13.0,7.6,7.0,4.33589667773576,9.0,6.0,6.0,2.701851217221259,0.0,False,0,0,1,34.4,1,0,0.17857142857142858,0.03076923076923077,0.0,0.0,0.0,0.07407407407407407,0.0,0.04054054054054054,0.030303030303030304,0.03773584905660377,0.05,0.06313131313131314,0.06666666666666667,0.06894287590282337,0.08851674641148326,0.0,0.07142857142857142,0.0,0.0,0.04948805460750853,0.056451612903225805,0.07086614173228346,0.0,0.1111111111111111,0.09302325581395349,0.04878048780487805,0.06310679611650485,0.0,0.0,0.04897959183673469,0.01639344262295082
202504040412,2021110063,2025-10-26,3,71.5,4,0.1996371132460241,56.0,-0.17578063873224437,0,0,1,134.0,1200,0.0,11,504.0,-2.0,0.5045697595876933,1,0,37.5,0.9042553191489361,2,2,6,6,15.0,9.8,10.0,3.2591750830880843,40.7,38.22,38.4,1.2380989010934833,15.0,6.1,6.0,4.408325456829762,4.0,4.0,4.0,2.9154759474226504,10.0,10.0,10.0,0.0,37.9,37.9,37.9,0.0,6.0,6.0,6.0,0.0,6.0,6.0,6.0,0.0,11.0,8.333333333333334,10.0,3.7859388972001815,38.5,38.26666666666667,38.4,0.3214550253664183,7.0,5.333333333333333,6.0,2.0816659994661375,8.0,6.0,6.0,2.3094010767585025,15.0,9.0,10.0,4.527692569068709,39.0,38.44,38.4,0.39115214431217504,7.0,4.8,6.0,2.167948338867879,9.0,6.0,6.0,2.701851217221259,0.0,False,0,0,1,34.0,1,0,0.046296296296296294,0.03636363636363636,0.03225806451612903,0.0,0.011299435028248588,0.08333333333333333,0.0,0.04241435562805873,0.04597701149425287,0.0,0.053763440860215055,0.045454545454545456,0.038461538461538464,0.08141321044546851,0.056818181818181816,0.07042253521126761,0.10902255639097744,0.041379310344827586,0.0,0.03333333333333333,0.07397260273972603,0.0297029702970297,0.08333333333333333,0.023255813953488372,0.0975609756097561,0.08333333333333333,0.08666666666666667,0.02702702702702703,0.11267605633802817,0.0,0.09090909090909091
202504040412,2021101256,2025-10-26,11,72.4,4,0.1996371132460241,58.0,1.2304644711257107,0,0,1,28.0,1200,0.0,12,508.0,2.0,0.6880496721650364,0,0,37.4,0.9333333333333333,11,11,6,6,16.0,9.6,9.0,4.219004621945797,41.0,38.17999999999999,38.0,2.0498780451529335,10.0,3.4,2.0,3.7815340802378077,2.0,1.5,1.5,0.7071067811865476,16.0,16.0,16.0,0.0,41.0,41.0,41.0,0.0,1.0,1.0,1.0,0.0,2.0,2.0,2.0,0.0,16.0,10.0,9.0,5.5677643628300215,41.0,39.199999999999996,38.8,1.6370705543744928,3.0,1.6666666666666667,1.0,1.1547005383792532,2.0,1.5,1.5,0.7071067811865476,16.0,9.6,9.0,4.219004621945797,41.0,38.17999999999999,38.0,2.0498780451529335,10.0,3.4,2.0,3.7815340802378077,2.0,1.5,1.5,0.7071067811865476,0.0,False,0,0,1,35.0,1,0,0.024154589371980676,0.049079754601226995,0.03816793893129771,0.0,0.032303370786516857,0.052364864864864864,0.08695652173913043,0.04486062717770035,0.048324240062353856,0.04723346828609987,0.1111111111111111,0.25,0.038262668045501554,0.04360812425328554,0.04068522483940043,0.03571428571428571,0.01639344262295082,0.0,0.045112781954887216,0.0,0.045454545454545456,0.029411764705882353,0.05405405405405406,0.03927492447129909,0.07344632768361582,0.041666666666666664,0.05905511811023622,0.14285714285714285,0.047058823529411764,0.05555555555555555,0.04081632653061224
202505040901,2023104309,2025-10-26,1,85.5,2,0.0,55.0,0.12161984417432553,1,0,0,21.0,1400,0.0,1,446.0,0.0,-0.023615683593829064,0,0,36.1,1.3646408839779005,8,8,6,6,13.0,8.333333333333334,7.0,4.163331998932266,38.3,37.4,37.6,1.0148891565092224,13.0,11.333333333333334,12.0,2.0816659994661326,9.0,6.0,5.5,2.9154759474226504,5.0,5.0,5.0,0.0,37.6,37.6,37.6,0.0,13.0,13.0,13.0,0.0,6.0,6.0,6.0,0.0,13.0,8.333333333333334,7.0,4.163331998932266,38.3,37.4,37.6,1.0148891565092224,13.0,11.333333333333334,12.0,2.0816659994661326,8.0,6.0,6.0,2.3094010767585025,13.0,8.333333333333334,7.0,4.163331998932266,38.3,37.4,37.6,1.0148891565092224,13.0,11.333333333333334,12.0,2.0816659994661326,9.0,6.0,6.0,2.701851217221259,0.0,False,0,1,0,49.4,1,0,0.10526315789473684,0.060461416070007955,0.06912442396313365,0.0,0.04992076069730586,0.05702917771883289,0.16666666666666666,0.056915196357427436,0.05204252937884723,0.06863468634686347,0.0,0.11764705882352941,0.060854300760678756,0.02972560975609756,0.022950819672131147,0.0,0.04838709677419355,0.029411764705882353,0.04462809917355372,0.03571428571428571,0.0,0.03038674033149171,0.07692307692307693,0.06521739130434782,0.03821656050955414,0.05188679245283019,0.04390243902439024,0.06746031746031746,0.0,0.04897959183673469,0.034482758620689655
202505040901,2023102651,2025-10-26,4,86.0,2,0.0,56.0,0.689179116987842,1,0,0,29.0,1400,0.0,2,436.0,4.0,-0.43689014648584945,0,0,36.3,1.3653846153846154,11,11,6,6,13.0,7.0,6.0,5.5677643628300215,39.1,37.733333333333334,37.6,1.3051181300301284,13.0,10.666666666666666,10.0,2.0816659994661326,9.0,6.0,5.5,2.9154759474226504,6.0,6.0,6.0,0.0,37.6,37.6,37.6,0.0,10.0,10.0,10.0,0.0,6.0,6.0,6.0,0.0,13.0,7.0,6.0,5.5677643628300215,39.1,37.733333333333334,37.6,1.3051181300301284,13.0,10.666666666666666,10.0,2.0816659994661326,8.0,6.0,6.0,2.3094010767585025,13.0,7.0,6.0,5.5677643628300215,39.1,37.733333333333334,37.6,1.3051181300301284,13.0,10.666666666666666,10.0,2.0816659994661326,9.0,6.0,6.0,2.701851217221259,0.0,False,0,0,1,49.7,1,0,0.06622516556291391,0.035348837209302326,0.04878048780487805,0.0,0.017814726840855107,0.02830188679245283,0.07142857142857142,0.029556650246305417,0.014480408858603067,0.026058631921824105,0.0,0.028985507246376812,0.04105775922059847,0.01818181818181818,0.03225806451612903,0.0,0.0,0.13513513513513514,0.01607717041800643,0.058823529411764705,0.0,0.006578947368421052,0.0,0.060836501901140684,0.027972027972027972,0.038560411311053984,0.014018691588785047,0.0,0.03389830508474576,0.0,0.020833333333333332
202505040901,2023109094,2025-10-26,6,86.4,2,0.0,52.0,-1.5810579742662239,1,0,0,15.0,1400,0.0,3,400.0,4.0,-1.924678212897123,0,0,37.2,1.3190348525469169,4,4,6,6,15.0,9.75,10.0,5.123475382979799,38.6,37.125,37.55,1.639867880857074,15.0,9.25,10.0,5.909032633745278,9.0,6.0,5.5,2.9154759474226504,4.0,4.0,4.0,0.0,38.6,38.6,38.6,0.0,7.0,7.0,7.0,0.0,6.0,6.0,6.0,0.0,15.0,10.666666666666666,13.0,5.859465277082315,38.6,36.9,37.3,1.9313207915828,15.0,11.666666666666666,13.0,4.163331998932265,8.0,6.0,6.0,2.3094010767585025,15.0,9.75,10.0,5.123475382979799,38.6,37.125,37.55,1.639867880857074,15.0,9.25,10.0,5.909032633745278,9.0,6.0,6.0,2.701851217221259,0.0,False,0,1,0,49.2,1,0,0.019193857965451054,0.012048192771084338,0.02702702702702703,0.047619047619047616,0.0196078431372549,0.02145922746781116,0.013333333333333334,0.01897810218978102,0.022408963585434174,0.013605442176870748,0.05,0.07142857142857142,0.015810276679841896,0.01634241245136187,0.013513513513513514,0.0,0.012345679012345678,0.02631578947368421,0.0,0.0,0.011235955056179775,0.014545454545454545,0.023255813953488372,0.013888888888888888,0.033783783783783786,0.0053475935828877,0.02030456852791878,0.2,0.0,0.04897959183673469,0.013333333333333334
202505040901,2023100285,2025-10-26,11,88.0,2,0.0,55.0,0.12161984417432553,1,0,0,8.0,1400,0.0,4,446.0,0.0,-0.023615683593829064,1,0,38.1,1.3062827225130889,11,12,6,6,8.0,8.0,8.0,3.4576806613039848,34.3,34.3,34.3,1.237571538153639,3.0,3.0,3.0,3.0983866769659336,9.0,6.0,5.5,2.9154759474226504,8.0,8.0,8.0,0.0,34.3,34.3,34.3,0.0,3.0,3.0,3.0,0.0,6.0,6.0,6.0,0.0,8.0,8.0,8.0,2.6457513110645943,34.3,34.3,34.3,0.960902353693287,3.0,3.0,3.0,2.5166114784235836,8.0,6.0,6.0,2.3094010767585025,8.0,8.0,8.0,3.209361307176242,34.3,34.3,34.3,1.1140017049131967,3.0,3.0,3.0,2.863564212655271,9.0,6.0,6.0,2.701851217221259,1.0,False,0,1,0,49.9,1,0,0.15384615384615385,0.06960845245494096,0.08518518518518518,0.0,0.07769591426657736,0.09513960703205791,0.10526315789473684,0.07928214447978192,0.07346938775510205,0.06637490882567469,0.07142857142857142,0.08270676691729323,0.08457943925233645,0.05662983425414365,0.06921241050119331,0.0,0.0392156862745098,0.07407407407407407,0.07435508345978756,0.1044776119402985,0.034482758620689655,0.06221198156682028,0.0,0.10261194029850747,0.0625,0.0942211055276382,0.04854368932038835,0.057971014492753624,0.03636363636363636,0.0,0.034482758620689655
202505040901,2023100633,2025-10-26,3,86.0,2,0.0,56.0,0.689179116987842,0,1,0,15.0,1400,0.0,5,448.0,-6.0,0.059039208984575015,1,0,36.5,1.3524590163934427,8,9,6,6,6.0,6.0,6.0,3.4576806613039848,37.1,37.1,37.1,1.237571538153639,15.0,15.0,15.0,3.0983866769659336,9.0,6.0,5.5,2.9154759474226504,6.0,6.0,6.0,0.0,37.1,37.1,37.1,0.0,15.0,15.0,15.0,0.0,6.0,6.0,6.0,0.0,6.0,6.0,6.0,2.6457513110645943,37.1,37.1,37.1,0.960902353693287,15.0,15.0,15.0,2.5166114784235836,8.0,6.0,6.0,2.3094010767585025,6.0,6.0,6.0,3.209361307176242,37.1,37.1,37.1,1.1140017049131967,15.0,15.0,15.0,2.863564212655271,9.0,6.0,6.0,2.701851217221259,1.0,False,0,0,1,49.5,1,0,0.05649717514124294,0.021634615384615384,0.0,0.0,0.026915113871635612,0.04291845493562232,0.0,0.031119090365050867,0.04150943396226415,0.028169014084507043,0.05,0.026217228464419477,0.013675213675213675,0.05358385525400139,0.0475,0.0,0.021505376344086023,0.03488372093023256,0.03048780487804878,0.0,0.029850746268656716,0.04229607250755287,0.07407407407407407,0.016483516483516484,0.0457516339869281,0.020242914979757085,0.07488986784140969,0.0718954248366013,0.13114754098360656,0.037037037037037035,0.08333333333333333
202505040901,2023105448,2025-10-26,7,86.6,2,0.0,53.0,-1.0134987014527073,0,1,0,84.0,1400,0.0,6,420.0,2.0,-1.098129287113082,1,0,37.4,1.312,5,4,6,6,7.0,7.0,7.0,0.0,37.6,36.6,36.6,1.4142135623730951,5.0,5.0,5.0,0.0,9.0,6.0,5.5,2.9154759474226504,7.0,7.0,7.0,0.0,37.6,37.6,37.6,0.0,5.0,5.0,5.0,0.0,6.0,6.0,6.0,0.0,7.0,7.0,7.0,0.0,37.6,36.6,36.6,1.4142135623730951,5.0,5.0,5.0,0.0,8.0,6.0,6.0,2.3094010767585025,7.0,7.0,7.0,0.0,37.6,36.6,36.6,1.4142135623730951,5.0,5.0,5.0,0.0,9.0,6.0,6.0,2.701851217221259,-1.0,False,0,1,0,49.2,1,0,0.02066115702479339,0.03690036900369004,0.044444444444444446,0.0,0.046610169491525424,0.05363984674329502,0.0,0.045012165450121655,0.0622568093385214,0.05084745762711865,0.05,0.06313131313131314,0.016722408026755852,0.061420345489443376,0.07142857142857142,0.16666666666666666,0.10810810810810811,0.0,0.031413612565445025,0.16666666666666666,0.039473684210526314,0.049586776859504134,0.0,0.0,0.07518796992481203,0.05154639175257732,0.056818181818181816,0.05319148936170213,0.0625,0.0625,0.04
202505040901,2023106406,2025-10-26,8,86.8,2,0.0,56.0,0.689179116987842,0,1,0,15.0,1400,0.0,7,478.0,0.0,1.2988625976606363,1,0,37.2,1.329758713136729,8,9,6,6,5.0,5.0,5.0,3.4576806613039848,37.7,37.7,37.7,1.237571538153639,11.0,11.0,11.0,3.0983866769659336,9.0,6.0,5.5,2.9154759474226504,5.0,5.0,5.0,0.0,37.7,37.7,37.7,0.0,11.0,11.0,11.0,0.0,6.0,6.0,6.0,0.0,5.0,5.0,5.0,2.6457513110645943,37.7,37.7,37.7,0.960902353693287,11.0,11.0,11.0,2.5166114784235836,8.0,6.0,6.0,2.3094010767585025,5.0,5.0,5.0,3.209361307176242,37.7,37.7,37.7,1.1140017049131967,11.0,11.0,11.0,2.863564212655271,9.0,6.0,6.0,2.701851217221259,1.0,False,0,0,1,49.6,1,0,0.06097560975609757,0.032504780114722756,0.028169014084507043,0.0,0.03136882129277566,0.033296337402885685,0.020833333333333332,0.03197492163009404,0.039226519337016576,0.028877005347593583,0.0,0.019230769230769232,0.02252252252252252,0.03261623872310895,0.041463414634146344,0.0,0.022222222222222223,0.017241379310344827,0.03796095444685466,0.0,0.018518518518518517,0.02556818181818182,0.0,0.03406813627254509,0.022388059701492536,0.033101045296167246,0.049723756906077346,0.0,0.03614457831325301,0.0,0.031914893617021274
202505040901,2023101571,2025-10-26,9,87.2,2,0.0,51.0,-2.14861724707974,0,1,0,14.0,1400,0.0,8,440.0,0.0,-0.2715803613290413,1,0,37.2,1.3404825737265413,11,13,6,6,10.0,10.0,10.0,3.4576806613039848,38.2,38.2,38.2,1.237571538153639,9.0,9.0,9.0,3.0983866769659336,9.0,6.0,5.5,2.9154759474226504,10.0,10.0,10.0,0.0,38.2,38.2,38.2,0.0,9.0,9.0,9.0,0.0,6.0,6.0,6.0,0.0,10.0,10.0,10.0,2.6457513110645943,38.2,38.2,38.2,0.960902353693287,9.0,9.0,9.0,2.5166114784235836,8.0,6.0,6.0,2.3094010767585025,10.0,10.0,10.0,3.209361307176242,38.2,38.2,38.2,1.1140017049131967,9.0,9.0,9.0,2.863564212655271,9.0,6.0,6.0,2.701851217221259,2.0,False,0,1,0,50.0,1,0,0.015197568389057751,0.0,0.0,0.0,0.0,0.0,0.0,0.0,0.0,0.0,0.05,0.06313131313131314,0.0,0.05063291139240506,0.04116222760290557,0.0,0.1111111111111111,0.05263157894736842,0.0,0.04948805460750853,0.018867924528301886,0.03571428571428571,0.0,0.0,0.05392156862745098,0.0,0.06557377049180328,0.057971014492753624,0.0392156862745098,0.04897959183673469,0.125
202505040901,2023102397,2025-10-26,13,88.5,2,0.0,56.0,0.689179116987842,0,1,0,15.0,1400,0.0,9,438.0,-2.0,-0.35423525390744537,1,0,39.5,1.2373737373737372,2,3,6,6,13.0,13.0,13.0,3.4576806613039848,34.8,34.8,34.8,1.237571538153639,5.0,5.0,5.0,3.0983866769659336,9.0,6.0,5.5,2.9154759474226504,13.0,13.0,13.0,0.0,34.8,34.8,34.8,0.0,5.0,5.0,5.0,0.0,6.0,6.0,6.0,0.0,13.0,13.0,13.0,2.6457513110645943,34.8,34.8,34.8,0.960902353693287,5.0,5.0,5.0,2.5166114784235836,8.0,6.0,6.0,2.3094010767585025,13.0,13.0,13.0,3.209361307176242,34.8,34.8,34.8,1.1140017049131967,5.0,5.0,5.0,2.863564212655271,9.0,6.0,6.0,2.701851217221259,1.0,False,0,0,1,49.0,1,0,0.011013215859030838,0.04009433962264151,0.06321839080459771,0.0,0.0455005055611729,0.0547945205479452,0.07692307692307693,0.04690579424517146,0.05168700646087581,0.045940170940170943,0.0,0.0,0.040671971706454466,0.0712,0.08152173913043478,0.0,0.05714285714285714,0.023809523809523808,0.046819787985865724,0.0,0.08108108108108109,0.06511627906976744,0.0,0.05389221556886228,0.06306306306306306,0.05042016806722689,0.09803921568627451,0.5,0.07142857142857142,0.0,0.02127659574468085
202505040901,2023106331,2025-10-26,12,88.3,2,0.0,53.0,-1.0134987014527073,0,1,0,15.0,1400,0.0,10,450.0,-4.0,0.1416941015629791,0,0,39.0,1.2608695652173911,5,4,6,6,11.0,11.0,11.0,3.4576806613039848,40.3,40.3,40.3,1.237571538153639,4.0,4.0,4.0,3.0983866769659336,9.0,6.0,5.5,2.9154759474226504,11.0,11.0,11.0,0.0,40.3,40.3,40.3,0.0,4.0,4.0,4.0,0.0,6.0,6.0,6.0,0.0,11.0,11.0,11.0,2.6457513110645943,40.3,40.3,40.3,0.960902353693287,4.0,4.0,4.0,2.5166114784235836,8.0,6.0,6.0,2.3094010767585025,11.0,11.0,11.0,3.209361307176242,40.3,40.3,40.3,1.1140017049131967,4.0,4.0,4.0,2.863564212655271,9.0,6.0,6.0,2.701851217221259,-1.0,False,0,0,1,49.3,1,0,0.004349717268377556,0.0,0.0,0.0,0.01694915254237288,0.056338028169014086,0.0,0.024154589371980676,0.01652892561983471,0.0,0.05,0.06313131313131314,0.037037037037037035,0.029272151898734177,0.020895522388059702,0.0,0.039603960396039604,0.05263157894736842,0.0,0.04948805460750853,0.015625,0.030100334448160536,0.0,0.08163265306122448,0.046153846153846156,0.0196078431372549,0.025380710659898477,0.057971014492753624,0.018867924528301886,0.04897959183673469,0.0784313725490196
202505040901,2023106728,2025-10-26,14,89.5,2,0.0,56.0,0.689179116987842,0,0,1,105.0,1400,0.0,11,448.0,4.0,0.059039208984575015,1,0,39.2,1.2798982188295163,11,14,6,6,11.0,10.5,10.5,0.7071067811865476,37.8,36.349999999999994,36.349999999999994,2.0506096654409895,10.0,9.5,9.5,0.7071067811865476,9.0,6.0,5.5,2.9154759474226504,10.0,10.0,10.0,0.0,37.8,37.8,37.8,0.0,10.0,10.0,10.0,0.0,6.0,6.0,6.0,0.0,11.0,10.5,10.5,0.7071067811865476,37.8,36.349999999999994,36.349999999999994,2.0506096654409895,10.0,9.5,9.5,0.7071067811865476,8.0,6.0,6.0,2.3094010767585025,11.0,10.5,10.5,0.7071067811865476,37.8,36.349999999999994,36.349999999999994,2.0506096654409895,10.0,9.5,9.5,0.7071067811865476,9.0,6.0,6.0,2.701851217221259,3.0,False,0,0,1,50.3,1,0,0.004651162790697674,0.05737704918032787,0.015957446808510637,0.0,0.05263157894736842,0.05944055944055944,0.20833333333333334,0.05451559934318555,0.05569948186528497,0.059534883720930236,0.0,0.08333333333333333,0.05077860528097495,0.042741935483870966,0.04986149584487535,0.0,0.0,0.09090909090909091,0.0475799835931091,0.023809523809523808,0.017857142857142856,0.04450261780104712,0.0,0.07725321888412018,0.01834862385321101,0.0627062706270627,0.07407407407407407,0.0,0.02631578947368421,0.013888888888888888,0.0
202505040901,2023106208,2025-10-26,2,85.7,2,0.0,56.0,0.689179116987842,0,0,1,29.0,1400,0.0,12,472.0,-2.0,1.050897919925424,0,0,36.9,1.3189189189189188,1,1,6,6,3.0,3.0,3.0,0.0,37.6,37.55,37.55,0.07071067811865826,3.0,2.5,2.5,0.7071067811865476,9.0,6.0,5.5,2.9154759474226504,3.0,3.0,3.0,0.0,37.6,37.6,37.6,0.0,2.0,2.0,2.0,0.0,6.0,6.0,6.0,0.0,3.0,3.0,3.0,0.0,37.6,37.55,37.55,0.07071067811865826,3.0,2.5,2.5,0.7071067811865476,8.0,6.0,6.0,2.3094010767585025,3.0,3.0,3.0,0.0,37.6,37.55,37.55,0.07071067811865826,3.0,2.5,2.5,0.7071067811865476,9.0,6.0,6.0,2.701851217221259,0.0,False,0,0,1,48.8,1,0,0.37037037037037035,0.15538362346872986,0.11920529801324503,0.125,0.13123028391167194,0.15843621399176955,0.08333333333333333,0.14469525959367946,0.14087301587301587,0.16212438853948288,0.030303030303030304,0.10344827586206896,0.1482098251457119,0.0872093023255814,0.08522727272727272,0.07017543859649122,0.08,0.09,0.11465451784358391,0.06172839506172839,0.05555555555555555,0.08765652951699464,0.044444444444444446,0.1320754716981132,0.07272727272727272,0.18292682926829268,0.058823529411764705,0.17794970986460348,0.11965811965811966,0.17746913580246915,0.17054263565891473
202505040901,2023103374,2025-10-26,10,87.3,2,0.0,56.0,0.689179116987842,0,0,1,8.0,1400,0.0,13,432.0,0.0,-0.6021999316426576,1,0,38.1,1.287958115183246,5,4,6,6,10.0,9.0,9.0,1.0,39.7,36.833333333333336,35.9,2.5324559884296787,12.0,9.333333333333334,10.0,3.0550504633038935,9.0,6.0,5.5,2.9154759474226504,8.0,8.0,8.0,0.0,39.7,39.7,39.7,0.0,6.0,6.0,6.0,0.0,6.0,6.0,6.0,0.0,10.0,9.0,9.0,1.0,39.7,36.833333333333336,35.9,2.5324559884296787,12.0,9.333333333333334,10.0,3.0550504633038935,8.0,6.0,6.0,2.3094010767585025,10.0,9.0,9.0,1.0,39.7,36.833333333333336,35.9,2.5324559884296787,12.0,9.333333333333334,10.0,3.0550504633038935,9.0,6.0,6.0,2.701851217221259,-1.0,False,0,0,1,49.2,1,0,0.03816793893129771,0.09700598802395209,0.06666666666666667,0.07142857142857142,0.1100123609394314,0.09913793103448276,0.3333333333333333,0.1,0.10497237569060773,0.12048192771084337,0.0963855421686747,0.12654320987654322,0.09623733719247468,0.10250737463126844,0.08064516129032258,0.057692307692307696,0.12807881773399016,0.1069182389937107,0.046875,0.08513931888544891,0.09292035398230089,0.17482517482517482,0.08841463414634146,0.07916666666666666,0.06818181818181818,0.125,0.12359550561797752,0.12021857923497267,0.05454545454545454,0.1016949152542373,0.14
202505040901,2023104886,2025-10-26,5,86.0,2,0.0,56.0,0.689179116987842,0,0,1,15.0,1400,0.0,14,498.0,14.0,2.125411523444677,1,0,37.1,1.314516129032258,2,2,6,6,12.0,12.0,12.0,3.4576806613039848,41.7,41.7,41.7,1.237571538153639,2.0,2.0,2.0,3.0983866769659336,9.0,6.0,5.5,2.9154759474226504,12.0,12.0,12.0,0.0,41.7,41.7,41.7,0.0,2.0,2.0,2.0,0.0,6.0,6.0,6.0,0.0,12.0,12.0,12.0,2.6457513110645943,41.7,41.7,41.7,0.960902353693287,2.0,2.0,2.0,2.5166114784235836,8.0,6.0,6.0,2.3094010767585025,12.0,12.0,12.0,3.209361307176242,41.7,41.7,41.7,1.1140017049131967,2.0,2.0,2.0,2.863564212655271,9.0,6.0,6.0,2.701851217221259,0.0,False,0,0,1,48.9,1,0,0.050761421319796954,0.036755386565272496,0.043478260869565216,0.0,0.02807486631016043,0.031825795644891124,0.0,0.0324254215304799,0.029595015576323987,0.035326086956521736,0.0,0.045454545454545456,0.03737373737373737,0.027243589743589744,0.024844720496894408,0.0,0.01282051282051282,0.024096385542168676,0.02812939521800281,0.04,0.01282051282051282,0.028070175438596492,0.0625,0.037800687285223365,0.015267175572519083,0.028720626631853787,0.04591836734693878,0.5,0.014705882352941176,0.0,0.04838709677419355
202505040902,2023106451,2025-10-26,9,123.0,2,0.0,56.0,0.7357176945870587,1,0,0,14.0,2000,0.0,1,490.0,0.0,0.8147295074969011,0,0,37.6,2.2652519893899203,3,4,4,6,9.0,9.0,9.0,3.4576806613039848,35.2,35.2,35.2,1.237571538153639,10.0,10.0,10.0,3.0983866769659336,9.0,6.0,5.5,2.9154759474226504,9.0,9.0,9.0,0.0,35.2,35.2,35.2,0.0,10.0,10.0,10.0,0.0,6.0,6.0,6.0,0.0,9.0,9.0,9.0,2.6457513110645943,35.2,35.2,35.2,0.960902353693287,10.0,10.0,10.0,2.5166114784235836,8.0,6.0,6.0,2.3094010767585025,9.0,9.0,9.0,3.209361307176242,35.2,35.2,35.2,1.1140017049131967,10.0,10.0,10.0,2.863564212655271,9.0,6.0,6.0,2.701851217221259,1.0,False,0,0,1,85.4,0,1,0.025906735751295335,0.035348837209302326,0.04878048780487805,0.0,0.017814726840855107,0.02830188679245283,0.07142857142857142,0.029556650246305417,0.014480408858603067,0.026058631921824105,0.0,0.028985507246376812,0.04105775922059847,0.05263157894736842,0.0327455919395466,0.045454545454545456,0.03125,0.13513513513513514,0.01607717041800643,0.058823529411764705,0.060240963855421686,0.05116279069767442,0.14285714285714285,0.060836501901140684,0.058394160583941604,0.038560411311053984,0.06198347107438017,0.0,0.08,0.0,0.08333333333333333
202505040902,2023102170,2025-10-26,4,121.9,2,0.0,51.0,-2.0939657461324037,1,0,0,36.0,2000,0.0,2,446.0,8.0,-0.8296786727720726,0,0,36.1,2.370165745856353,10,8,8,6,14.0,11.5,11.5,3.5355339059327378,38.6,36.85,36.85,2.4748737341529163,13.0,11.5,11.5,2.1213203435596424,12.0,12.0,12.0,2.9154759474226504,9.0,9.0,9.0,0.0,35.1,35.1,35.1,0.0,10.0,10.0,10.0,0.0,12.0,12.0,12.0,0.0,14.0,11.5,11.5,3.5355339059327378,38.6,36.85,36.85,2.4748737341529163,13.0,11.5,11.5,2.1213203435596424,12.0,12.0,12.0,2.3094010767585025,14.0,11.5,11.5,3.5355339059327378,38.6,36.85,36.85,2.4748737341529163,13.0,11.5,11.5,2.1213203435596424,12.0,12.0,12.0,2.701851217221259,-2.0,False,0,1,0,85.8,0,1,0.011389521640091117,0.0,0.0,0.0,0.0,0.0,0.0,0.0,0.0,0.0,0.05,0.06313131313131314,0.0,0.0872093023255814,0.08522727272727272,0.07017543859649122,0.08,0.05263157894736842,0.0,0.04948805460750853,0.05555555555555555,0.08765652951699464,0.044444444444444446,0.0,0.07272727272727272,0.0,0.058823529411764705,0.057971014492753624,0.11965811965811966,0.04897959183673469,0.17054263565891473
202505040902,2023107163,2025-10-26,2,121.5,2,0.0,56.0,0.7357176945870587,1,0,0,43.0,2000,0.0,3,498.0,6.0,1.1137128130003509,1,0,35.4,2.425352112676056,7,7,9,6,6.0,6.0,6.0,3.4576806613039848,35.6,35.6,35.6,1.237571538153639,8.0,8.0,8.0,3.0983866769659336,8.0,8.0,8.0,2.9154759474226504,6.0,6.0,6.0,0.0,35.6,35.6,35.6,0.0,8.0,8.0,8.0,0.0,8.0,8.0,8.0,0.0,6.0,6.0,6.0,2.6457513110645943,35.6,35.6,35.6,0.960902353693287,8.0,8.0,8.0,2.5166114784235836,8.0,8.0,8.0,2.3094010767585025,6.0,6.0,6.0,3.209361307176242,35.6,35.6,35.6,1.1140017049131967,8.0,8.0,8.0,2.863564212655271,8.0,8.0,8.0,2.701851217221259,0.0,False,0,0,1,86.1,0,1,0.1149425287356322,0.032504780114722756,0.028169014084507043,0.0,0.03136882129277566,0.033296337402885685,0.020833333333333332,0.03197492163009404,0.039226519337016576,0.028877005347593583,0.0,0.019230769230769232,0.02252252252252252,0.09722222222222222,0.08947368421052632,0.14285714285714285,0.1111111111111111,0.017241379310344827,0.03796095444685466,0.0,0.061224489795918366,0.0913978494623656,0.06666666666666667,0.03406813627254509,0.056074766355140186,0.033101045296167246,0.1261682242990654,0.0,0.10256410256410256,0.0,0.1694915254237288
202505040902,2023106603,2025-10-26,7,122.8,2,0.0,53.0,-0.9620923698446189,0,1,0,14.0,2000,0.0,4,454.0,6.0,-0.5306953672686229,0,0,36.7,2.339673913043478,8,10,9,6,10.0,9.0,9.0,1.1547005383792515,35.8,35.3,35.35,0.49665548085837435,11.0,9.25,9.5,1.707825127659933,10.0,9.5,9.5,0.7071067811865476,10.0,10.0,10.0,0.0,35.6,35.6,35.6,0.0,10.0,10.0,10.0,0.0,6.0,6.0,6.0,0.0,10.0,8.666666666666666,8.0,1.1547005383792515,35.8,35.36666666666667,35.6,0.5859465277082277,10.0,8.666666666666666,9.0,1.5275252316519468,10.0,9.5,9.5,0.7071067811865476,10.0,9.0,9.0,1.1547005383792515,35.8,35.3,35.35,0.49665548085837435,11.0,9.25,9.5,1.707825127659933,10.0,9.5,9.5,0.7071067811865476,2.0,False,0,0,1,86.1,0,1,0.0053705692803437165,0.0,0.0,0.0,0.01694915254237288,0.056338028169014086,0.0,0.024154589371980676,0.01652892561983471,0.0,0.05,0.06313131313131314,0.037037037037037035,0.029272151898734177,0.020895522388059702,0.0,0.039603960396039604,0.05263157894736842,0.0,0.04948805460750853,0.015625,0.030100334448160536,0.0,0.08163265306122448,0.046153846153846156,0.0196078431372549,0.025380710659898477,0.057971014492753624,0.018867924528301886,0.04897959183673469,0.0784313725490196
202505040902,2023104632,2025-10-26,8,123.0,2,0.0,53.0,-0.9620923698446189,0,1,0,14.0,2000,0.0,5,448.0,2.0,-0.7549328463962103,1,0,37.3,2.2914438502673797,5,4,6,6,11.0,11.0,11.0,3.4576806613039848,34.9,34.9,34.9,1.237571538153639,12.0,12.0,12.0,3.0983866769659336,9.0,6.0,5.5,2.9154759474226504,11.0,11.0,11.0,0.0,34.9,34.9,34.9,0.0,12.0,12.0,12.0,0.0,6.0,6.0,6.0,0.0,11.0,11.0,11.0,2.6457513110645943,34.9,34.9,34.9,0.960902353693287,12.0,12.0,12.0,2.5166114784235836,8.0,6.0,6.0,2.3094010767585025,11.0,11.0,11.0,3.209361307176242,34.9,34.9,34.9,1.1140017049131967,12.0,12.0,12.0,2.863564212655271,9.0,6.0,6.0,2.701851217221259,-1.0,False,0,1,0,85.7,0,1,0.008880994671403198,0.03690036900369004,0.044444444444444446,0.0,0.046610169491525424,0.05363984674329502,0.0,0.045012165450121655,0.0622568093385214,0.05084745762711865,0.05,0.06313131313131314,0.016722408026755852,0.04360812425328554,0.04068522483940043,0.03571428571428571,0.01639344262295082,0.0,0.031413612565445025,0.16666666666666666,0.045454545454545456,0.029411764705882353,0.05405405405405406,0.0,0.07344632768361582,0.05154639175257732,0.05905511811023622,0.05319148936170213,0.047058823529411764,0.0625,0.04081632653061224
202505040902,2023101215,2025-10-26,3,121.9,2,0.0,55.0,0.16978100644316615,0,1,0,21.0,2000,0.0,6,458.0,6.0,-0.38120371451689805,1,0,36.2,2.3608815426997243,8,8,6,6,8.0,8.0,8.0,3.4576806613039848,35.2,35.2,35.2,1.237571538153639,13.0,13.0,13.0,3.0983866769659336,9.0,6.0,5.5,2.9154759474226504,8.0,8.0,8.0,0.0,35.2,35.2,35.2,0.0,13.0,13.0,13.0,0.0,6.0,6.0,6.0,0.0,8.0,8.0,8.0,2.6457513110645943,35.2,35.2,35.2,0.960902353693287,13.0,13.0,13.0,2.5166114784235836,8.0,6.0,6.0,2.3094010767585025,8.0,8.0,8.0,3.209361307176242,35.2,35.2,35.2,1.1140017049131967,13.0,13.0,13.0,2.863564212655271,9.0,6.0,6.0,2.701851217221259,0.0,False,0,1,0,85.7,0,1,0.044444444444444446,0.073,0.05128205128205128,0.0,0.06092436974789916,0.09550561797752809,0.06896551724137931,0.07140228192859772,0.08136882129277566,0.08389261744966443,0.05,0.06313131313131314,0.061908230152949745,0.06335335882031677,0.05967741935483871,0.11764705882352941,0.034482758620689655,0.030303030303030304,0.06330472103004292,0.06896551724137931,0.015873015873015872,0.0625,0.07142857142857142,0.08865248226950355,0.07253886010362694,0.057494866529774126,0.07407407407407407,0.057971014492753624,0.09090909090909091,0.0,0.05405405405405406
202505040902,2023107275,2025-10-26,6,122.7,2,0.0,56.0,0.7357176945870587,0,0,1,119.0,2000,0.0,7,496.0,10.0,1.0389669866244884,1,0,37.3,2.2834224598930484,2,2,4,6,13.0,13.0,13.0,3.4576806613039848,38.0,38.0,38.0,1.237571538153639,7.0,7.0,7.0,3.0983866769659336,13.0,13.0,13.0,2.9154759474226504,13.0,13.0,13.0,0.0,38.0,38.0,38.0,0.0,7.0,7.0,7.0,0.0,13.0,13.0,13.0,0.0,13.0,13.0,13.0,2.6457513110645943,38.0,38.0,38.0,0.960902353693287,7.0,7.0,7.0,2.5166114784235836,13.0,13.0,13.0,2.3094010767585025,13.0,13.0,13.0,3.209361307176242,38.0,38.0,38.0,1.1140017049131967,7.0,7.0,7.0,2.863564212655271,13.0,13.0,13.0,2.701851217221259,0.0,False,0,0,1,85.4,0,1,0.15384615384615385,0.04376012965964344,0.06060606060606061,0.0,0.038803556992724336,0.05286343612334802,0.0,0.04431314623338257,0.04768928220255654,0.047107438016528926,0.0,0.18181818181818182,0.040090771558245086,0.07653910149750416,0.09262759924385633,0.16666666666666666,0.08955223880597014,0.05,0.039317507418397624,0.02040816326530612,0.11320754716981132,0.08490566037735849,0.0967741935483871,0.05067567567567568,0.055900621118012424,0.04785894206549118,0.05102040816326531,0.05555555555555555,0.043478260869565216,0.0,0.0
202505040902,2023106416,2025-10-26,5,122.6,2,0.0,55.0,0.16978100644316615,0,0,1,14.0,2000,0.0,8,466.0,0.0,-0.08222040901344826,1,0,37.6,2.2546419098143233,3,2,2,6,6.0,5.5,5.5,0.7071067811865476,34.7,34.6,34.6,0.14142135623731153,9.0,7.0,7.0,2.8284271247461903,9.0,9.0,9.0,2.9154759474226504,5.0,5.0,5.0,0.0,34.5,34.5,34.5,0.0,5.0,5.0,5.0,0.0,6.0,6.0,6.0,0.0,6.0,5.5,5.5,0.7071067811865476,34.7,34.6,34.6,0.14142135623731153,9.0,7.0,7.0,2.8284271247461903,9.0,9.0,9.0,2.3094010767585025,6.0,5.5,5.5,0.7071067811865476,34.7,34.6,34.6,0.14142135623731153,9.0,7.0,7.0,2.8284271247461903,9.0,9.0,9.0,2.701851217221259,-1.0,False,0,1,0,85.0,0,1,0.1694915254237288,0.15538362346872986,0.11920529801324503,0.125,0.13123028391167194,0.15843621399176955,0.08333333333333333,0.14469525959367946,0.14087301587301587,0.16212438853948288,0.030303030303030304,0.10344827586206896,0.1482098251457119,0.03261623872310895,0.041463414634146344,0.0,0.022222222222222223,0.09,0.11465451784358391,0.06172839506172839,0.018518518518518517,0.02556818181818182,0.0,0.1320754716981132,0.022388059701492536,0.18292682926829268,0.049723756906077346,0.17794970986460348,0.03614457831325301,0.17746913580246915,0.031914893617021274
202505040902,2023106969,2025-10-26,1,121.1,2,0.0,56.0,0.7357176945870587,0,0,1,13.0,2000,0.0,9,502.0,0.0,1.2632044657520758,0,0,35.8,2.3760445682451254,6,4,3,6,4.0,4.0,4.0,3.4576806613039848,34.2,34.2,34.2,1.237571538153639,9.0,9.0,9.0,3.0983866769659336,9.0,6.0,5.5,2.9154759474226504,4.0,4.0,4.0,0.0,34.2,34.2,34.2,0.0,9.0,9.0,9.0,0.0,6.0,6.0,6.0,0.0,4.0,4.0,4.0,2.6457513110645943,34.2,34.2,34.2,0.960902353693287,9.0,9.0,9.0,2.5166114784235836,8.0,6.0,6.0,2.3094010767585025,4.0,4.0,4.0,3.209361307176242,34.2,34.2,34.2,1.1140017049131967,9.0,9.0,9.0,2.863564212655271,9.0,6.0,6.0,2.701851217221259,-2.0,False,0,0,1,85.3,0,1,0.35714285714285715,0.06960845245494096,0.08518518518518518,0.0,0.07769591426657736,0.09513960703205791,0.10526315789473684,0.07928214447978192,0.07346938775510205,0.06637490882567469,0.07142857142857142,0.08270676691729323,0.08457943925233645,0.11342465753424658,0.1506849315068493,0.12556053811659193,0.08333333333333333,0.07407407407407407,0.07435508345978756,0.1044776119402985,0.16666666666666666,0.054187192118226604,0.10776942355889724,0.10261194029850747,0.13636363636363635,0.0942211055276382,0.11805555555555555,0.057971014492753624,0.0392156862745098,0.0,0.07228915662650602
202505040902,2023100067,2025-10-26,10,124.5,2,0.0,56.0,0.7357176945870587,0,0,1,36.0,2000,0.0,10,424.0,4.0,-1.6518827629065596,0,0,39.5,2.146464646464646,1,1,1,6,8.0,6.0,6.0,2.8284271247461903,36.8,36.3,36.3,0.7071067811865476,3.0,3.0,3.0,0.0,4.0,3.0,3.0,1.4142135623730951,8.0,8.0,8.0,0.0,35.8,35.8,35.8,0.0,3.0,3.0,3.0,0.0,2.0,2.0,2.0,0.0,8.0,6.0,6.0,2.8284271247461903,36.8,36.3,36.3,0.7071067811865476,3.0,3.0,3.0,0.0,4.0,3.0,3.0,1.4142135623730951,8.0,6.0,6.0,2.8284271247461903,36.8,36.3,36.3,0.7071067811865476,3.0,3.0,3.0,0.0,4.0,3.0,3.0,1.4142135623730951,0.0,False,0,0,1,85.0,0,1,0.08,0.05737704918032787,0.015957446808510637,0.0,0.05263157894736842,0.05944055944055944,0.20833333333333334,0.05451559934318555,0.05569948186528497,0.059534883720930236,0.0,0.08333333333333333,0.05077860528097495,0.10332749562171628,0.10526315789473684,0.09523809523809523,0.0,0.09090909090909091,0.0475799835931091,0.023809523809523808,0.13043478260869565,0.08823529411764706,0.0,0.07725321888412018,0.1839080459770115,0.0627062706270627,0.04819277108433735,0.0,0.1875,0.013888888888888888,0.0625
202505040903,2023106916,2025-10-26,1,94.1,2,0.0,56.0,0.8958904356389237,1,0,0,13.0,1600,0.0,1,504.0,0.0,1.6605064181205171,1,0,34.4,1.7304347826086957,2,2,6,6,5.0,5.0,5.0,3.4576806613039848,34.7,34.7,34.7,1.237571538153639,3.0,3.0,3.0,3.0983866769659336,9.0,6.0,5.5,2.9154759474226504,5.0,5.0,5.0,0.0,34.7,34.7,34.7,0.0,3.0,3.0,3.0,0.0,6.0,6.0,6.0,0.0,5.0,5.0,5.0,2.6457513110645943,34.7,34.7,34.7,0.960902353693287,3.0,3.0,3.0,2.5166114784235836,8.0,6.0,6.0,2.3094010767585025,5.0,5.0,5.0,3.209361307176242,34.7,34.7,34.7,1.1140017049131967,3.0,3.0,3.0,2.863564212655271,9.0,6.0,6.0,2.701851217221259,0.0,False,0,0,1,59.7,0,1,0.37037037037037035,0.07195421095666395,0.0847457627118644,0.0,0.06994171523730225,0.07456140350877193,0.09090909090909091,0.07287687334704672,0.0721331689272503,0.07023144453312051,0.030303030303030304,0.0,0.07300115874855156,0.10332749562171628,0.10526315789473684,0.09523809523809523,0.0,0.027777777777777776,0.06598114824335904,0.0,0.13043478260869565,0.08823529411764706,0.0,0.09737827715355805,0.1839080459770115,0.09385665529010238,0.04819277108433735,0.0,0.1875,0.04897959183673469,0.0625
202505040903,2023104737,2025-10-26,7,96.5,2,0.0,53.0,-1.215851305509967,1,0,0,21.0,1600,0.0,2,458.0,6.0,0.2554625258646952,0,0,35.8,1.6908077994428972,6,6,6,6,14.0,14.0,14.0,3.4576806613039848,35.8,35.8,35.8,1.237571538153639,13.0,13.0,13.0,3.0983866769659336,9.0,6.0,5.5,2.9154759474226504,14.0,14.0,14.0,0.0,35.8,35.8,35.8,0.0,13.0,13.0,13.0,0.0,6.0,6.0,6.0,0.0,14.0,14.0,14.0,2.6457513110645943,35.8,35.8,35.8,0.960902353693287,13.0,13.0,13.0,2.5166114784235836,8.0,6.0,6.0,2.3094010767585025,14.0,14.0,14.0,3.209361307176242,35.8,35.8,35.8,1.1140017049131967,13.0,13.0,13.0,2.863564212655271,9.0,6.0,6.0,2.701851217221259,0.0,False,0,0,1,60.7,0,1,0.005555555555555556,0.0,0.0,0.0,0.01694915254237288,0.056338028169014086,0.0,0.024154589371980676,0.01652892561983471,0.0,0.05,0.06313131313131314,0.037037037037037035,0.029272151898734177,0.020895522388059702,0.0,0.039603960396039604,0.05263157894736842,0.0,0.04948805460750853,0.015625,0.030100334448160536,0.0,0.08163265306122448,0.046153846153846156,0.0196078431372549,0.025380710659898477,0.057971014492753624,0.018867924528301886,0.04897959183673469,0.0784313725490196
202505040903,2023106586,2025-10-26,3,95.6,2,0.0,55.0,0.19197652192262687,1,0,0,21.0,1600,0.0,3,424.0,8.0,-0.7830481771069993,1,0,35.7,1.6731843575418992,3,3,6,6,10.0,7.25,7.0,2.0615528128088303,38.9,36.175,35.7,2.0254629100529105,12.0,8.0,7.5,2.943920288775949,5.0,5.0,5.0,2.9154759474226504,10.0,10.0,10.0,0.0,34.4,34.4,34.4,0.0,12.0,12.0,12.0,0.0,6.0,6.0,6.0,0.0,10.0,7.333333333333333,7.0,2.5166114784235836,36.5,35.26666666666667,34.9,1.0969655114602956,12.0,8.0,7.0,3.605551275463989,5.0,5.0,5.0,2.3094010767585025,10.0,7.25,7.0,2.0615528128088303,38.9,36.175,35.7,2.0254629100529105,12.0,8.0,7.5,2.943920288775949,5.0,5.0,5.0,2.701851217221259,0.0,False,0,1,0,59.9,0,1,0.04149377593360996,0.04376012965964344,0.06060606060606061,0.0,0.038803556992724336,0.05286343612334802,0.0,0.04431314623338257,0.04768928220255654,0.047107438016528926,0.0,0.18181818181818182,0.040090771558245086,0.027243589743589744,0.024844720496894408,0.0,0.01282051282051282,0.05,0.039317507418397624,0.02040816326530612,0.01282051282051282,0.028070175438596492,0.0625,0.05067567567567568,0.015267175572519083,0.04785894206549118,0.04591836734693878,0.05555555555555555,0.014705882352941176,0.0,0.04838709677419355
202505040903,2023100031,2025-10-26,9,96.9,2,0.0,52.0,-1.9197652192262638,0,1,0,8.0,1600,0.0,4,412.0,-4.0,-1.1495813663911267,1,0,35.7,1.7094972067039105,8,9,6,6,17.0,17.0,17.0,3.4576806613039848,34.6,34.6,34.6,1.237571538153639,14.0,14.0,14.0,3.0983866769659336,9.0,6.0,5.5,2.9154759474226504,17.0,17.0,17.0,0.0,34.6,34.6,34.6,0.0,14.0,14.0,14.0,0.0,6.0,6.0,6.0,0.0,17.0,17.0,17.0,2.6457513110645943,34.6,34.6,34.6,0.960902353693287,14.0,14.0,14.0,2.5166114784235836,8.0,6.0,6.0,2.3094010767585025,17.0,17.0,17.0,3.209361307176242,34.6,34.6,34.6,1.1140017049131967,14.0,14.0,14.0,2.863564212655271,9.0,6.0,6.0,2.701851217221259,1.0,False,0,1,0,61.2,0,1,0.004050222762251924,0.0,0.0,0.0,0.023529411764705882,0.0,0.0,0.007462686567164179,0.006172839506172839,0.05084745762711865,0.0,0.0,0.009615384615384616,0.015274034141958671,0.017482517482517484,0.0,0.015151515151515152,0.016666666666666666,0.0,0.0,0.0,0.003676470588235294,0.02564102564102564,0.0,0.0,0.0,0.0234375,0.0,0.06818181818181818,0.020833333333333332,0.05084745762711865
202505040903,2023106966,2025-10-26,6,96.4,2,0.0,55.0,0.19197652192262687,0,1,0,106.0,1600,0.0,5,484.0,-2.0,1.0496177693136381,1,0,35.4,1.7183098591549295,8,7,6,6,12.0,12.0,12.0,3.4576806613039848,43.3,43.3,43.3,1.237571538153639,12.0,12.0,12.0,3.0983866769659336,12.0,12.0,12.0,2.9154759474226504,12.0,12.0,12.0,0.0,43.3,43.3,43.3,0.0,12.0,12.0,12.0,0.0,12.0,12.0,12.0,0.0,12.0,12.0,12.0,2.6457513110645943,43.3,43.3,43.3,0.960902353693287,12.0,12.0,12.0,2.5166114784235836,12.0,12.0,12.0,2.3094010767585025,12.0,12.0,12.0,3.209361307176242,43.3,43.3,43.3,1.1140017049131967,12.0,12.0,12.0,2.863564212655271,12.0,12.0,12.0,2.701851217221259,-1.0,False,0,1,0,61.0,0,1,0.07299270072992702,0.032504780114722756,0.028169014084507043,0.0,0.03136882129277566,0.033296337402885685,0.020833333333333332,0.03197492163009404,0.039226519337016576,0.028877005347593583,0.0,0.019230769230769232,0.02252252252252252,0.08649289099526067,0.07692307692307693,0.09642857142857143,0.0787037037037037,0.017241379310344827,0.03796095444685466,0.0,0.11490683229813664,0.07575757575757576,0.07709750566893424,0.03406813627254509,0.09090909090909091,0.033101045296167246,0.06741573033707865,0.0,0.07894736842105263,0.0,0.05128205128205128
202505040903,2023104691,2025-10-26,8,96.5,2,0.0,56.0,0.8958904356389237,0,1,0,15.0,1600,0.0,6,430.0,0.0,-0.5997815824649355,1,0,36.6,1.632152588555858,3,3,6,6,12.0,12.0,12.0,3.4576806613039848,34.1,34.1,34.1,1.237571538153639,11.0,11.0,11.0,3.0983866769659336,9.0,6.0,5.5,2.9154759474226504,12.0,12.0,12.0,0.0,34.1,34.1,34.1,0.0,11.0,11.0,11.0,0.0,6.0,6.0,6.0,0.0,12.0,12.0,12.0,2.6457513110645943,34.1,34.1,34.1,0.960902353693287,11.0,11.0,11.0,2.5166114784235836,8.0,6.0,6.0,2.3094010767585025,12.0,12.0,12.0,3.209361307176242,34.1,34.1,34.1,1.1140017049131967,11.0,11.0,11.0,2.863564212655271,9.0,6.0,6.0,2.701851217221259,0.0,False,0,0,1,59.9,0,1,0.00919963201471941,0.04153354632587859,0.04477611940298507,0.0,0.046357615894039736,0.037694013303769404,0.0,0.04198473282442748,0.03683640303358613,0.03927492447129909,0.09090909090909091,0.05555555555555555,0.048044692737430165,0.029272151898734177,0.020895522388059702,0.0,0.039603960396039604,0.02857142857142857,0.03496503496503497,0.0,0.015625,0.030100334448160536,0.0,0.08421052631578947,0.046153846153846156,0.03597122302158273,0.025380710659898477,0.011363636363636364,0.018867924528301886,0.07142857142857142,0.0784313725490196
202505040903,2023109103,2025-10-26,10,97.5,2,0.0,53.0,-1.215851305509967,0,1,0,8.0,1600,0.0,7,500.0,2.0,1.5383286883591414,0,0,36.1,1.6961325966850826,10,11,6,6,14.0,11.285714285714286,12.0,1.889822365046136,42.7,39.199999999999996,38.7,1.916594201528677,15.0,9.428571428571429,10.0,5.126959555693246,10.0,10.0,10.0,2.9154759474226504,10.0,10.0,10.0,0.0,39.4,39.4,39.4,0.0,8.0,8.0,8.0,0.0,6.0,6.0,6.0,0.0,11.0,9.666666666666666,10.0,1.5275252316519476,42.7,40.9,40.6,1.6703293088490214,13.0,10.333333333333334,10.0,2.516611478423585,10.0,10.0,10.0,2.3094010767585025,14.0,11.0,11.0,2.23606797749979,42.7,39.88,39.4,1.845806056984328,15.0,9.4,10.0,5.412947441089743,10.0,10.0,10.0,2.701851217221259,1.0,False,0,0,1,61.4,0,1,0.00562429696287964,0.0,0.0,0.0,0.0,0.008064516129032258,0.0,0.0027624309392265192,0.005076142131979695,0.0,0.0,0.0,0.0,0.03197278911564626,0.03263403263403263,0.0,0.020833333333333332,0.0,0.0,0.0,0.04,0.036931818181818184,0.022222222222222223,0.02,0.04929577464788732,0.0,0.02564102564102564,0.0,0.01639344262295082,0.0,0.02
202505040903,2023104317,2025-10-26,11,101.4,2,0.0,56.0,0.8958904356389237,0,0,1,21.0,1600,0.0,8,448.0,2.0,-0.04998179853874434,1,0,43.4,1.3333333333333333,1,1,6,6,15.0,11.0,11.0,5.656854249492381,36.2,36.0,36.0,0.28284271247462306,2.0,1.5,1.5,0.7071067811865476,1.0,1.0,1.0,2.9154759474226504,15.0,15.0,15.0,0.0,36.2,36.2,36.2,0.0,2.0,2.0,2.0,0.0,6.0,6.0,6.0,0.0,15.0,11.0,11.0,5.656854249492381,36.2,36.0,36.0,0.28284271247462306,2.0,1.5,1.5,0.7071067811865476,1.0,1.0,1.0,2.3094010767585025,15.0,11.0,11.0,5.656854249492381,36.2,36.0,36.0,0.28284271247462306,2.0,1.5,1.5,0.7071067811865476,1.0,1.0,1.0,2.701851217221259,0.0,False,0,0,1,58.0,0,1,0.041666666666666664,0.09700598802395209,0.06666666666666667,0.07142857142857142,0.1100123609394314,0.09913793103448276,0.3333333333333333,0.1,0.10497237569060773,0.12048192771084337,0.0963855421686747,0.12654320987654322,0.09623733719247468,0.05364238410596026,0.08492569002123142,0.09090909090909091,0.0,0.1069182389937107,0.046875,0.08513931888544891,0.027777777777777776,0.04564315352697095,0.0,0.07916666666666666,0.03305785123966942,0.125,0.03879310344827586,0.12021857923497267,0.03571428571428571,0.1016949152542373,0.045454545454545456
202505040903,2023105600,2025-10-26,4,96.0,2,0.0,56.0,0.8958904356389237,0,0,1,22.0,1600,0.0,9,422.0,2.0,-0.8441370419876872,1,0,35.0,1.7378917378917378,7,7,6,6,7.0,7.0,7.0,3.4576806613039848,34.4,34.4,34.4,1.237571538153639,4.0,4.0,4.0,3.0983866769659336,9.0,6.0,5.5,2.9154759474226504,7.0,7.0,7.0,0.0,34.4,34.4,34.4,0.0,4.0,4.0,4.0,0.0,6.0,6.0,6.0,0.0,7.0,7.0,7.0,2.6457513110645943,34.4,34.4,34.4,0.960902353693287,4.0,4.0,4.0,2.5166114784235836,8.0,6.0,6.0,2.3094010767585025,7.0,7.0,7.0,3.209361307176242,34.4,34.4,34.4,1.1140017049131967,4.0,4.0,4.0,2.863564212655271,9.0,6.0,6.0,2.701851217221259,0.0,False,0,0,1,61.0,0,1,0.03367003367003367,0.035348837209302326,0.04878048780487805,0.0,0.017814726840855107,0.02830188679245283,0.07142857142857142,0.029556650246305417,0.014480408858603067,0.026058631921824105,0.0,0.028985507246376812,0.04105775922059847,0.0631163708086785,0.0728643216080402,0.0,0.017241379310344827,0.13513513513513514,0.01607717041800643,0.058823529411764705,0.09433962264150944,0.08229426433915212,0.07317073170731707,0.060836501901140684,0.03597122302158273,0.038560411311053984,0.04716981132075472,0.0,0.04918032786885246,0.0,0.02564102564102564
202505040903,2023106747,2025-10-26,5,96.2,2,0.0,55.0,0.19197652192262687,0,0,1,13.0,1600,0.0,10,440.0,2.0,-0.29433725806149597,1,0,35.0,1.7435897435897436,11,9,6,6,9.0,6.75,7.0,2.217355782608345,38.1,36.25,36.25,1.6010413278030444,7.0,5.25,6.5,2.872281323269014,9.0,6.0,5.5,2.9154759474226504,6.0,6.0,6.0,0.0,34.4,34.4,34.4,0.0,7.0,7.0,7.0,0.0,6.0,6.0,6.0,0.0,9.0,6.333333333333333,6.0,2.516611478423583,38.1,36.03333333333333,35.6,1.8876793513023697,7.0,4.666666666666667,6.0,3.214550253664318,8.0,6.0,6.0,2.3094010767585025,9.0,6.75,7.0,2.217355782608345,38.1,36.25,36.25,1.6010413278030444,7.0,5.25,6.5,2.872281323269014,9.0,6.0,6.0,2.701851217221259,-2.0,False,0,1,0,61.2,0,1,0.0847457627118644,0.073,0.05128205128205128,0.0,0.06092436974789916,0.09550561797752809,0.06896551724137931,0.07140228192859772,0.08136882129277566,0.08389261744966443,0.05,0.06313131313131314,0.061908230152949745,0.06335335882031677,0.05967741935483871,0.11764705882352941,0.034482758620689655,0.030303030303030304,0.06330472103004292,0.06896551724137931,0.015873015873015872,0.0625,0.07142857142857142,0.08865248226950355,0.07253886010362694,0.057494866529774126,0.07407407407407407,0.057971014492753624,0.09090909090909091,0.0,0.05405405405405406
202505040903,2023104412,2025-10-26,2,94.5,2,0.0,55.0,0.19197652192262687,0,0,1,7.0,1600,0.0,11,424.0,2.0,-0.7830481771069993,0,0,34.4,1.7420289855072464,5,5,6,6,4.0,3.0,3.0,1.4142135623730951,35.0,34.7,34.7,0.424264068711927,8.0,5.5,5.5,3.5355339059327378,9.0,6.0,5.5,2.9154759474226504,4.0,4.0,4.0,0.0,35.0,35.0,35.0,0.0,3.0,3.0,3.0,0.0,6.0,6.0,6.0,0.0,4.0,3.0,3.0,1.4142135623730951,35.0,34.7,34.7,0.424264068711927,8.0,5.5,5.5,3.5355339059327378,8.0,6.0,6.0,2.3094010767585025,4.0,3.0,3.0,1.4142135623730951,35.0,34.7,34.7,0.424264068711927,8.0,5.5,5.5,3.5355339059327378,9.0,6.0,6.0,2.701851217221259,0.0,False,0,1,0,60.1,0,1,0.2631578947368421,0.09672505712109672,0.053811659192825115,0.2,0.08530465949820788,0.11062590975254731,0.037037037037037035,0.09205479452054795,0.11329220415030847,0.09774436090225563,0.1111111111111111,0.06313131313131314,0.07228260869565217,0.09228441754916793,0.06896551724137931,0.18181818181818182,0.0,0.07518796992481203,0.08248175182481751,0.11702127659574468,0.037037037037037035,0.12295081967213115,0.0,0.09830508474576272,0.027777777777777776,0.10040160642570281,0.08823529411764706,0.1,0.1,0.0,0.1282051282051282
202505040904,2020100052,2025-10-26,8,207.3,5,-0.18544942638443662,60.0,0.7069182342696854,1,0,0,29.0,1600,1.0,1,452.0,-6.0,-1.549389176143576,0,0,13.8,13.920863309352518,5,5,6,7,14.0,9.1,10.5,4.43345864484553,40.6,33.66,35.2,7.222987993590708,16.0,8.5,8.5,4.2229531531066415,13.0,11.0,12.0,2.6457513110645907,3.0,3.0,3.0,0.0,13.8,13.8,13.8,0.0,11.0,11.0,11.0,0.0,8.0,8.0,8.0,0.0,14.0,7.333333333333333,5.0,5.859465277082315,40.6,29.900000000000002,35.3,14.192603707565432,11.0,7.0,9.0,5.291502622129179,13.0,10.5,10.5,3.5355339059327378,14.0,8.8,11.0,4.604345773288536,40.6,31.82,35.3,10.383014976392932,12.0,8.6,10.0,4.393176527297759,13.0,10.5,10.5,3.5355339059327378,0.0,False,1,0,0,193.5,0,0,0.20833333333333334,0.05871559633027523,0.16326530612244897,0.10416666666666667,0.05219552609776305,0.065,0.16049382716049382,0.13802816901408452,0.059082892416225746,0.10869565217391304,0.2,0.1125,0.11917098445595854,0.03225806451612903,0.0,0.05,0.1111111111111111,0.09090909090909091,0.058823529411764705,0.125,0.05263157894736842,0.0,0.02631578947368421,0.14285714285714285,0.0,0.20270270270270271,0.0,0.057971014492753624,0.0,0.04897959183673469,0.037037037037037035
202505040904,2021105654,2025-10-26,2,203.6,4,-0.834522418729965,60.0,0.7069182342696854,1,0,0,85.0,1600,0.0,2,500.0,4.0,0.6753747690882245,1,0,13.6,13.868613138686133,2,3,3,2,12.0,6.625,6.5,3.5025500914129895,40.5,33.525,35.95,8.545968138752418,12.0,9.375,11.0,2.774243783705493,10.0,6.571428571428571,8.0,2.699206232527312,6.0,6.0,6.0,0.0,13.0,13.0,13.0,0.0,8.0,8.0,8.0,0.0,8.0,8.0,8.0,0.0,12.0,8.333333333333334,7.0,3.2145502536643167,38.1,29.0,35.9,13.900000000000004,11.0,7.666666666666667,8.0,3.5118845842842465,10.0,7.0,8.0,3.6055512754639896,12.0,8.6,7.0,2.7018512172212588,40.5,32.739999999999995,36.2,11.186733213945883,12.0,9.2,11.0,3.271085446759225,10.0,7.0,8.0,2.6457513110645907,1.0,False,0,0,1,190.0,0,0,0.14705882352941177,0.0,0.09333333333333334,0.10215053763440861,0.0,0.0,0.08243727598566308,0.08990825688073395,0.0,0.10588235294117647,0.06896551724137931,0.07865168539325842,0.09961685823754789,0.11466165413533834,0.12350597609561753,0.0,0.19230769230769232,0.10810810810810811,0.18421052631578946,0.05084745762711865,0.1111111111111111,0.09326424870466321,0.041666666666666664,0.09195402298850575,0.08641975308641975,0.0743801652892562,0.10884353741496598,0.057971014492753624,0.2,0.04897959183673469,0.2545454545454545
202505040904,2017105439,2025-10-26,1,203.1,8,1.7617695506521487,60.0,0.7069182342696854,1,0,0,168.0,1600,-5.0,3,494.0,-8.0,0.39727927593424933,1,0,13.5,13.941176470588236,7,7,7,6,14.0,6.5,6.0,4.00693842672377,39.5,36.989999999999995,37.05,1.889414959422333,11.0,6.4,7.0,3.4705106892854305,12.0,6.4,8.0,3.5962943891363146,9.0,9.0,9.0,0.0,35.8,35.8,35.8,0.0,10.0,10.0,10.0,0.0,12.0,12.0,12.0,0.0,10.0,8.333333333333334,9.0,2.08166599946613,37.4,36.233333333333334,35.8,1.0214368964029612,10.0,6.333333333333333,6.0,3.5118845842842474,12.0,7.333333333333333,8.0,5.033222956847168,10.0,6.0,6.0,3.6742346141747677,37.4,35.54,35.5,1.1949895397031787,10.0,5.8,6.0,3.3466401061363023,12.0,6.4,8.0,4.33589667773576,0.0,False,1,0,0,189.6,0,0,0.08695652173913043,0.0,0.057971014492753624,0.05714285714285714,0.0,0.0,0.06572769953051644,0.05870020964360587,0.0,0.015151515151515152,0.1,0.04081632653061224,0.056,0.0890302066772655,0.2,0.07692307692307693,0.057692307692307696,0.045454545454545456,0.03571428571428571,0.07142857142857142,0.08737864077669903,0.0,0.06299212598425197,0.08641975308641975,0.07692307692307693,0.08163265306122448,0.10526315789473684,0.057971014492753624,0.14814814814814814,0.04897959183673469,0.21621621621621623
202505040904,2020106953,2025-10-26,6,206.5,5,-0.18544942638443662,57.0,-1.0395856386318887,1,0,0,29.0,1600,-5.0,4,470.0,-8.0,-0.7151026966816509,0,0,13.8,13.863309352517984,10,10,11,11,16.0,7.3,7.0,5.2925524193068805,40.2,34.07,38.7,10.707012240168176,7.0,4.6,5.0,2.3190036174568114,12.0,5.4,4.5,4.221637386396684,6.0,6.0,6.0,0.0,13.8,13.8,13.8,0.0,7.0,7.0,7.0,0.0,11.0,11.0,11.0,0.0,16.0,11.0,11.0,4.999999999999999,39.7,22.433333333333337,13.8,14.953371972011299,7.0,7.0,7.0,0.0,12.0,11.0,11.0,1.0000000000000036,16.0,10.4,11.0,4.8270073544588685,40.2,29.22,38.6,14.088363993026311,7.0,6.0,7.0,1.4142135623730947,12.0,8.4,10.0,3.646916505762094,0.0,False,0,0,1,192.7,0,0,0.0411522633744856,0.021739130434782608,0.043478260869565216,0.034482758620689655,0.0,0.0,0.0,0.012552301255230125,0.01,0.0,0.0,0.04,0.023529411764705882,0.09427374301675978,0.07352941176470588,0.08181818181818182,0.08900523560209424,0.0,0.023809523809523808,0.0,0.07806691449814127,0.14285714285714285,0.10621761658031088,0.02702702702702703,0.09615384615384616,0.0,0.07777777777777778,0.0,0.21568627450980393,0.0,0.05357142857142857
202505040904,2021100123,2025-10-26,9,208.5,4,-0.834522418729965,57.0,-1.0395856386318887,0,1,0,98.0,1600,-1.0,5,472.0,16.0,-0.6224041989636593,0,0,13.9,13.9,8,8,9,10,15.0,11.428571428571429,11.0,3.4086724129853865,37.8,23.74285714285714,14.1,12.226454534172628,16.0,9.714285714285714,10.0,4.8892496259407645,15.0,10.285714285714286,11.0,4.680252333449759,14.0,14.0,14.0,0.0,14.1,14.1,14.1,0.0,13.0,13.0,13.0,0.0,14.0,14.0,14.0,0.0,14.0,12.0,11.0,1.7320508075688772,14.1,13.966666666666669,13.9,0.11547005383731068,13.0,10.0,10.0,2.9999999999999996,14.0,11.666666666666666,11.0,2.0816659994661335,15.0,11.2,11.0,3.898717737923586,37.8,18.720000000000002,13.9,10.666395829894928,14.0,9.8,10.0,3.8340579025361627,15.0,11.0,11.0,3.937003937005905,0.0,False,0,0,1,194.6,0,0,0.006756756756756757,0.012048192771084338,0.02702702702702703,0.047619047619047616,0.0196078431372549,0.02145922746781116,0.013333333333333334,0.01897810218978102,0.022408963585434174,0.013605442176870748,0.05,0.07142857142857142,0.015810276679841896,0.0444264943457189,0.03787878787878788,0.0,0.037037037037037035,0.02631578947368421,0.0,0.0,0.058823529411764705,0.044270833333333336,0.045454545454545456,0.013888888888888888,0.03669724770642202,0.0053475935828877,0.047619047619047616,0.2,0.08888888888888889,0.04897959183673469,0.07317073170731707
202505040904,2019109138,2025-10-26,13,213.8,6,0.46362356596109183,60.0,0.7069182342696854,0,1,0,29.0,1600,-1.0,6,496.0,10.0,0.48997777365224104,1,0,14.3,13.854166666666666,14,14,14,14,15.0,9.4,10.5,5.521674464226309,40.2,36.85,36.6,1.2474418267442786,16.0,12.9,14.0,2.884826203122509,9.0,6.0,5.5,2.9154759474226504,14.0,14.0,14.0,0.0,36.6,36.6,36.6,0.0,13.0,13.0,13.0,0.0,6.0,6.0,6.0,0.0,14.0,13.0,14.0,1.7320508075688794,37.0,36.733333333333334,36.6,0.23094010767577713,14.0,13.333333333333334,13.0,0.5773502691896424,8.0,6.0,6.0,2.3094010767585025,14.0,10.4,11.0,4.50555213042752,37.0,36.64,36.6,0.21908902300206953,16.0,14.0,14.0,1.224744871391587,9.0,6.0,6.0,2.701851217221259,0.0,False,1,0,0,199.5,0,0,0.011695906432748537,0.0,0.15492957746478872,0.13736263736263737,0.05219552609776305,0.09090909090909091,0.13008130081300814,0.13424124513618677,0.0,0.12941176470588237,0.0,0.1375,0.14068441064638784,0.027243589743589744,0.024844720496894408,0.0,0.01282051282051282,0.14285714285714285,0.14705882352941177,0.16666666666666666,0.01282051282051282,0.028070175438596492,0.0625,0.15384615384615385,0.015267175572519083,0.13675213675213677,0.04591836734693878,0.057971014492753624,0.014705882352941176,0.04897959183673469,0.04838709677419355
202505040904,2020102956,2025-10-26,5,205.3,5,-0.18544942638443662,60.0,0.7069182342696854,0,1,0,21.0,1600,1.0,7,524.0,4.0,1.7877567417041247,0,0,13.7,13.884057971014494,5,5,3,4,13.0,8.6,9.5,4.0879225911349035,41.3,33.62,37.45,10.704495421187406,14.0,8.3,9.0,3.7133393177689658,14.0,6.5,5.5,4.0708019567928595,5.0,5.0,5.0,0.0,13.9,13.9,13.9,0.0,8.0,8.0,8.0,0.0,6.0,6.0,6.0,0.0,11.0,8.666666666666666,10.0,3.2145502536643193,37.0,21.366666666666664,13.9,13.543387070202703,10.0,9.0,9.0,1.0000000000000049,10.0,8.0,8.0,2.8284271247461903,13.0,10.4,11.0,3.2863353450309964,37.1,27.560000000000002,36.6,12.793084069136732,14.0,10.8,10.0,2.588435821108958,14.0,10.0,10.0,4.0,0.0,False,1,0,0,191.6,0,0,0.07352941176470588,0.0,0.07246376811594203,0.06735751295336788,0.0,0.0,0.05241935483870968,0.05973025048169557,0.0,0.023809523809523808,0.08,0.058823529411764705,0.06844106463878327,0.05919796308084023,0.06938775510204082,0.045454545454545456,0.0,0.1111111111111111,0.08571428571428572,0.046511627906976744,0.03333333333333333,0.06451612903225806,0.0,0.07407407407407407,0.050955414012738856,0.05309734513274336,0.06372549019607843,0.057971014492753624,0.029850746268656716,0.04897959183673469,0.1016949152542373
202505040904,2019106113,2025-10-26,12,210.8,6,0.46362356596109183,60.0,0.7069182342696854,0,1,0,56.0,1600,0.0,8,496.0,16.0,0.48997777365224104,1,0,14.1,13.852112676056338,8,8,12,12,9.0,7.75,8.5,1.8929694486000912,38.8,25.025,23.9,13.434129422234001,8.0,6.25,6.0,1.5,9.0,7.333333333333333,7.0,1.5275252316519465,9.0,9.0,9.0,0.0,13.5,13.5,13.5,0.0,5.0,5.0,5.0,0.0,6.0,6.0,6.0,0.0,9.0,7.666666666666667,9.0,2.309401076758503,38.8,21.933333333333334,13.5,14.60696181049753,8.0,6.666666666666667,7.0,1.5275252316519465,9.0,7.333333333333333,7.0,1.5275252316519465,9.0,7.75,8.5,1.8929694486000912,38.8,25.025,23.9,13.434129422234001,8.0,6.25,6.0,1.5,9.0,7.333333333333333,7.0,1.5275252316519465,0.0,False,0,0,1,196.7,0,0,0.01605136436597111,0.0,0.1111111111111111,0.07432432432432433,0.0,0.0,0.07692307692307693,0.07709251101321586,0.0,0.07228915662650602,0.0,0.058823529411764705,0.08370044052863436,0.020134228187919462,0.008620689655172414,0.0,0.028037383177570093,0.21739130434782608,0.0,0.0,0.015625,0.0036101083032490976,0.0,0.09523809523809523,0.03680981595092025,0.1,0.02304147465437788,0.057971014492753624,0.03076923076923077,0.04897959183673469,0.1
202505040904,2022103159,2025-10-26,14,214.2,3,-1.4835954110754934,56.0,-1.6217535962657468,0,1,0,42.0,1600,1.0,9,486.0,20.0,0.02648528506228259,1,0,14.3,13.881944444444445,13,13,13,13,18.0,10.1,8.5,3.7549966711037177,42.8,36.769999999999996,36.4,2.4612778975338987,14.0,5.8,5.5,4.366539438350084,17.0,5.25,1.5,7.847504911329035,18.0,18.0,18.0,0.0,36.4,36.4,36.4,0.0,14.0,14.0,14.0,0.0,17.0,17.0,17.0,0.0,18.0,13.333333333333334,13.0,4.509249752822894,42.8,39.03333333333333,37.9,3.347138081007917,14.0,8.333333333333334,10.0,6.6583281184793925,17.0,9.0,9.0,11.313708498984761,18.0,12.2,13.0,4.324349662087931,42.8,38.019999999999996,36.7,2.7471803726730464,14.0,6.6,5.0,5.319774431308154,17.0,9.0,9.0,11.313708498984761,0.0,False,0,0,1,199.9,0,0,0.004363001745200698,0.0,0.0,0.0,0.0,0.008064516129032258,0.0,0.0027624309392265192,0.005076142131979695,0.0,0.0,0.0,0.0,0.05063291139240506,0.04116222760290557,0.0,0.1111111111111111,0.0,0.0,0.0,0.018867924528301886,0.03571428571428571,0.0,0.02,0.05392156862745098,0.0,0.06557377049180328,0.0,0.0392156862745098,0.0,0.125
202505040904,2019105140,2025-10-26,7,206.8,6,0.46362356596109183,60.0,0.7069182342696854,0,1,0,21.0,1600,-1.0,10,444.0,-4.0,-1.920183167015543,0,0,13.8,13.884892086330934,12,10,8,8,15.0,10.1,10.5,3.9001424475410005,40.3,30.47,36.150000000000006,11.72272721397769,13.0,7.8,9.0,4.491968140779472,12.0,6.666666666666667,8.0,3.6742346141747673,8.0,8.0,8.0,0.0,14.0,14.0,14.0,0.0,5.0,5.0,5.0,0.0,9.0,9.0,9.0,0.0,8.0,7.333333333333333,8.0,1.1547005383792486,14.0,13.700000000000001,13.8,0.3605551275476136,12.0,8.0,7.0,3.605551275463988,9.0,7.333333333333333,8.0,2.0816659994661295,13.0,8.8,8.0,2.588435821108956,40.3,23.6,14.0,13.621490373670598,12.0,5.8,5.0,3.9623225512317894,9.0,6.4,8.0,2.8809720581775875,-2.0,False,0,0,1,193.0,0,0,0.019193857965451054,0.0,0.0,0.09027777777777778,0.0,0.0,0.06493506493506493,0.06336088154269973,0.0,0.06666666666666667,0.0,0.10465116279069768,0.07386363636363637,0.06584093872229466,0.034482758620689655,0.05314009661835749,0.045,0.027777777777777776,0.0,0.06666666666666667,0.045454545454545456,0.06944444444444445,0.0731070496083551,0.0,0.05970149253731343,0.1044776119402985,0.11363636363636363,0.057971014492753624,0.12698412698412698,0.04897959183673469,0.07368421052631578
202505040904,2022102779,2025-10-26,11,209.1,3,-1.4835954110754934,56.0,-1.6217535962657468,0,0,1,42.0,1600,2.0,11,470.0,4.0,-0.7151026966816509,1,0,13.9,13.942857142857141,11,10,9,9,14.0,6.75,5.0,4.334248987508019,38.9,36.45,35.95,1.1710800875382388,17.0,8.0,8.0,4.7509397566616824,15.0,6.857142857142857,5.0,5.30498417932204,14.0,14.0,14.0,0.0,35.3,35.3,35.3,0.0,17.0,17.0,17.0,0.0,15.0,15.0,15.0,0.0,14.0,9.666666666666666,10.0,4.509249752822894,38.9,36.63333333333333,35.7,1.9731531449264936,17.0,12.333333333333334,10.0,4.041451884327378,15.0,10.0,13.0,7.0,14.0,9.0,10.0,3.9370039370059056,38.9,36.64,35.9,1.4926486525636207,17.0,8.6,10.0,6.024948132556827,15.0,7.6,7.0,6.308724118235002,-1.0,False,0,1,0,195.2,0,0,0.009871668311944718,0.0,0.0,0.061224489795918366,0.0,0.065,0.05357142857142857,0.04411764705882353,0.0,0.05263157894736842,0.0,0.0,0.03296703296703297,0.05276595744680851,0.035422343324250684,0.0,0.02564102564102564,0.11764705882352941,0.05,0.0,0.0,0.06460674157303371,0.0,0.0,0.058333333333333334,0.08163265306122448,0.06289308176100629,0.057971014492753624,0.05405405405405406,0.04897959183673469,0.14634146341463414
202505040904,2019103507,2025-10-26,4,204.4,6,0.46362356596109183,57.0,-1.0395856386318887,0,0,1,70.0,1600,-1.0,12,488.0,-6.0,0.11918378278027428,1,0,13.6,13.927007299270075,4,4,5,5,13.0,7.8,7.5,3.3598941782277754,43.5,36.07000000000001,38.099999999999994,8.228142763305295,16.0,3.5,2.0,4.552166761249222,14.0,3.7142857142857144,1.0,4.750939756661683,7.0,7.0,7.0,0.0,13.3,13.3,13.3,0.0,4.0,4.0,4.0,0.0,4.0,4.0,4.0,0.0,8.0,7.0,7.0,0.9999999999999933,36.9,28.966666666666665,36.7,13.568099842399944,4.0,2.6666666666666665,3.0,1.5275252316519468,4.0,4.0,4.0,2.3094010767585025,11.0,7.4,7.0,2.3021728866442674,43.5,33.54,36.9,11.664818901294606,4.0,2.2,2.0,1.3038404810405324,4.0,2.5,2.5,2.1213203435596357,0.0,False,1,0,0,190.8,0,0,0.22727272727272727,0.05871559633027523,0.0,0.07142857142857142,0.05219552609776305,0.065,0.09302325581395349,0.07142857142857142,0.059082892416225746,0.0,0.0,0.0,0.037037037037037035,0.09096945551128818,0.12549019607843137,0.0,0.08571428571428572,0.16666666666666666,0.0,0.25,0.0,0.06564551422319474,0.0,0.0,0.10256410256410256,0.11538461538461539,0.095,0.057971014492753624,0.1,0.04897959183673469,0.06521739130434782
202505040904,2017105822,2025-10-26,10,208.8,8,1.7617695506521487,60.0,0.7069182342696854,0,0,1,28.0,1600,8.0,13,504.0,2.0,0.8607717645242078,0,0,13.9,13.921428571428573,2,2,2,2,12.0,7.2,6.0,3.420526275297414,39.4,23.419999999999998,13.9,13.347171985106057,13.0,8.2,9.0,4.08656334834051,13.0,7.6,7.0,4.449719092257397,3.0,3.0,3.0,0.0,13.9,13.9,13.9,0.0,2.0,2.0,2.0,0.0,2.0,2.0,2.0,0.0,12.0,7.0,6.0,4.58257569495584,13.9,13.700000000000001,13.7,0.19999999999976512,10.0,6.333333333333333,7.0,4.041451884327381,11.0,6.666666666666667,7.0,4.509249752822895,12.0,7.2,6.0,3.420526275297414,39.4,23.419999999999998,13.9,13.347171985106057,13.0,8.2,9.0,4.08656334834051,13.0,7.6,7.0,4.449719092257397,0.0,False,0,0,1,194.9,0,0,0.05847953216374269,0.0,0.04411764705882353,0.05063291139240506,0.0,0.065,0.06140350877192982,0.05482456140350877,0.0,0.0989010989010989,0.125,0.05405405405405406,0.048458149779735685,0.020134228187919462,0.008620689655172414,0.0,0.028037383177570093,0.029411764705882353,0.030303030303030304,0.03333333333333333,0.015625,0.0036101083032490976,0.0,0.03896103896103896,0.03680981595092025,0.039603960396039604,0.02304147465437788,0.057971014492753624,0.03076923076923077,0.04897959183673469,0.1
202505040904,2020100684,2025-10-26,3,204.1,5,-0.18544942638443662,60.0,0.7069182342696854,0,0,1,98.0,1600,2.0,14,500.0,0.0,0.6753747690882245,1,0,13.6,13.905109489051096,1,1,1,1,14.0,9.3,10.5,4.47337804249888,42.4,29.320000000000004,37.3,13.51647554324393,11.0,4.8,4.0,3.3598941782277736,16.0,7.666666666666667,8.0,5.408326913195984,3.0,3.0,3.0,0.0,13.5,13.5,13.5,0.0,1.0,1.0,1.0,0.0,2.0,2.0,2.0,0.0,4.0,3.3333333333333335,3.0,0.5773502691896792,13.8,13.6,13.5,0.17320508075761745,5.0,3.3333333333333335,4.0,2.081665999466134,3.0,2.6666666666666665,3.0,0.5773502691896414,14.0,7.0,4.0,5.1478150704934995,39.9,18.98,13.8,11.698162248832078,11.0,6.2,5.0,4.207136793592526,16.0,7.0,3.0,6.2048368229954285,0.0,False,0,0,1,190.5,0,0,0.15873015873015872,0.0,0.07246376811594203,0.09146341463414634,0.0,0.0,0.08417508417508418,0.08348794063079777,0.0,0.06976744186046512,0.03225806451612903,0.12,0.0851063829787234,0.047872340425531915,0.04261363636363636,0.0,0.04411764705882353,0.05128205128205128,0.07317073170731707,0.10416666666666667,0.057692307692307696,0.038348082595870206,0.0,0.0875,0.08035714285714286,0.08633093525179857,0.03867403314917127,0.057971014492753624,0.02857142857142857,0.04897959183673469,0.057692307692307696
202505040905,2023104156,2025-10-26,5,110.1,2,0.0,56.0,0.7045016657067089,1,0,0,48.0,1800,0.0,1,512.0,0.0,1.703141231316198,0,0,34.1,2.222222222222222,8,8,8,6,11.0,6.0,5.5,3.4576806613039848,38.3,36.35,36.25,1.237571538153639,11.0,6.444444444444445,6.0,3.0983866769659336,9.0,6.0,5.5,2.9154759474226504,6.0,6.0,6.0,0.0,36.3,36.3,36.3,0.0,6.0,6.0,6.0,0.0,6.0,6.0,6.0,0.0,9.0,6.333333333333333,6.0,2.6457513110645943,37.2,36.26666666666667,36.2,0.960902353693287,9.0,6.666666666666667,6.0,2.5166114784235836,8.0,6.0,6.0,2.3094010767585025,10.0,6.1,6.0,3.209361307176242,37.8,36.3,36.2,1.1140017049131967,10.0,6.6,6.0,2.863564212655271,9.0,6.0,6.0,2.701851217221259,0.0,False,0,0,1,76.0,0,1,0.10869565217391305,0.036755386565272496,0.043478260869565216,0.0,0.02807486631016043,0.031825795644891124,0.0,0.0324254215304799,0.029595015576323987,0.035326086956521736,0.0,0.045454545454545456,0.03737373737373737,0.09037238873751136,0.11072664359861592,0.10606060606060606,0.024390243902439025,0.024096385542168676,0.02812939521800281,0.04,0.03125,0.0831889081455806,0.02857142857142857,0.037800687285223365,0.09405940594059406,0.028720626631853787,0.11764705882352941,0.5,0.061855670103092786,0.0,0.11504424778761062
202505040905,2023101165,2025-10-26,6,110.1,2,0.0,55.0,-0.23483388856890297,1,0,0,48.0,1800,0.0,2,466.0,0.0,-0.16777212129383443,0,0,34.3,2.203488372093023,5,6,6,6,11.0,6.0,5.5,3.4576806613039848,38.3,36.35,36.25,1.237571538153639,11.0,6.444444444444445,6.0,3.0983866769659336,9.0,6.0,5.5,2.9154759474226504,6.0,6.0,6.0,0.0,36.3,36.3,36.3,0.0,6.0,6.0,6.0,0.0,6.0,6.0,6.0,0.0,9.0,6.333333333333333,6.0,2.6457513110645943,37.2,36.26666666666667,36.2,0.960902353693287,9.0,6.666666666666667,6.0,2.5166114784235836,8.0,6.0,6.0,2.3094010767585025,10.0,6.1,6.0,3.209361307176242,37.8,36.3,36.2,1.1140017049131967,10.0,6.6,6.0,2.863564212655271,9.0,6.0,6.0,2.701851217221259,1.0,False,0,1,0,75.8,0,1,0.14285714285714285,0.06960845245494096,0.08518518518518518,0.0,0.07769591426657736,0.09513960703205791,0.10526315789473684,0.07928214447978192,0.07346938775510205,0.06637490882567469,0.07142857142857142,0.08270676691729323,0.08457943925233645,0.08368708308065494,0.10874200426439233,0.07142857142857142,0.0,0.07407407407407407,0.07435508345978756,0.1044776119402985,0.0273972602739726,0.06828193832599119,0.1875,0.10261194029850747,0.1360544217687075,0.0942211055276382,0.038461538461538464,0.057971014492753624,0.06818181818181818,0.0,0.1348314606741573
202505040905,2023101110,2025-10-26,9,110.7,2,0.0,55.0,-0.23483388856890297,1,0,0,48.0,1800,0.0,3,446.0,0.0,-0.9812127093851529,0,0,35.3,2.129943502824859,3,4,3,6,11.0,6.0,5.5,3.4576806613039848,38.3,36.35,36.25,1.237571538153639,11.0,6.444444444444445,6.0,3.0983866769659336,9.0,6.0,5.5,2.9154759474226504,6.0,6.0,6.0,0.0,36.3,36.3,36.3,0.0,6.0,6.0,6.0,0.0,6.0,6.0,6.0,0.0,9.0,6.333333333333333,6.0,2.6457513110645943,37.2,36.26666666666667,36.2,0.960902353693287,9.0,6.666666666666667,6.0,2.5166114784235836,8.0,6.0,6.0,2.3094010767585025,10.0,6.1,6.0,3.209361307176242,37.8,36.3,36.2,1.1140017049131967,10.0,6.6,6.0,2.863564212655271,9.0,6.0,6.0,2.701851217221259,1.0,False,0,1,0,75.4,0,1,0.0510204081632653,0.05737704918032787,0.015957446808510637,0.0,0.05263157894736842,0.05944055944055944,0.20833333333333334,0.05451559934318555,0.05569948186528497,0.059534883720930236,0.0,0.08333333333333333,0.05077860528097495,0.08069620253164557,0.06060606060606061,0.02127659574468085,0.1,0.09090909090909091,0.0475799835931091,0.023809523809523808,0.09615384615384616,0.16216216216216217,0.08620689655172414,0.07725321888412018,0.05128205128205128,0.0627062706270627,0.09722222222222222,0.0,0.06666666666666667,0.013888888888888888,0.07407407407407407
202505040905,2023103971,2025-10-26,11,111.1,2,0.0,56.0,0.7045016657067089,1,0,0,48.0,1800,0.0,4,462.0,0.0,-0.33046023891209814,0,0,33.4,2.319402985074627,15,15,14,6,11.0,6.0,5.5,3.4576806613039848,38.3,36.35,36.25,1.237571538153639,11.0,6.444444444444445,6.0,3.0983866769659336,9.0,6.0,5.5,2.9154759474226504,6.0,6.0,6.0,0.0,36.3,36.3,36.3,0.0,6.0,6.0,6.0,0.0,6.0,6.0,6.0,0.0,9.0,6.333333333333333,6.0,2.6457513110645943,37.2,36.26666666666667,36.2,0.960902353693287,9.0,6.666666666666667,6.0,2.5166114784235836,8.0,6.0,6.0,2.3094010767585025,10.0,6.1,6.0,3.209361307176242,37.8,36.3,36.2,1.1140017049131967,10.0,6.6,6.0,2.863564212655271,9.0,6.0,6.0,2.701851217221259,0.0,False,0,0,1,77.7,0,1,0.009124087591240877,0.073,0.05128205128205128,0.0,0.06092436974789916,0.09550561797752809,0.06896551724137931,0.07140228192859772,0.08136882129277566,0.08389261744966443,0.05,0.06313131313131314,0.061908230152949745,0.02960222016651249,0.03735632183908046,0.0,0.0,0.030303030303030304,0.06330472103004292,0.06896551724137931,0.047619047619047616,0.01729106628242075,0.07142857142857142,0.08865248226950355,0.03529411764705882,0.057494866529774126,0.03289473684210526,0.057971014492753624,0.05405405405405406,0.0,0.0
202505040905,2023103356,2025-10-26,1,109.6,2,0.0,55.0,-0.23483388856890297,1,0,0,48.0,1800,0.0,5,426.0,0.0,-1.7946532974764713,0,0,34.2,2.198250728862974,5,4,3,6,11.0,6.0,5.5,3.4576806613039848,38.3,36.35,36.25,1.237571538153639,11.0,6.444444444444445,6.0,3.0983866769659336,9.0,6.0,5.5,2.9154759474226504,6.0,6.0,6.0,0.0,36.3,36.3,36.3,0.0,6.0,6.0,6.0,0.0,6.0,6.0,6.0,0.0,9.0,6.333333333333333,6.0,2.6457513110645943,37.2,36.26666666666667,36.2,0.960902353693287,9.0,6.666666666666667,6.0,2.5166114784235836,8.0,6.0,6.0,2.3094010767585025,10.0,6.1,6.0,3.209361307176242,37.8,36.3,36.2,1.1140017049131967,10.0,6.6,6.0,2.863564212655271,9.0,6.0,6.0,2.701851217221259,-1.0,False,0,1,0,75.4,0,1,0.22727272727272727,0.15538362346872986,0.11920529801324503,0.125,0.13123028391167194,0.15843621399176955,0.08333333333333333,0.14469525959367946,0.14087301587301587,0.16212438853948288,0.030303030303030304,0.10344827586206896,0.1482098251457119,0.09096945551128818,0.12549019607843137,0.0,0.08571428571428572,0.09,0.11465451784358391,0.06172839506172839,0.0,0.06564551422319474,0.0,0.1320754716981132,0.10256410256410256,0.18292682926829268,0.095,0.17794970986460348,0.1,0.17746913580246915,0.06521739130434782
202505040905,2023103583,2025-10-26,14,112.5,2,0.0,54.0,-1.1741694428445149,1,0,0,48.0,1800,0.0,6,426.0,0.0,-1.7946532974764713,0,0,34.4,2.2637681159420286,15,15,15,6,11.0,6.0,5.5,3.4576806613039848,38.3,36.35,36.25,1.237571538153639,11.0,6.444444444444445,6.0,3.0983866769659336,9.0,6.0,5.5,2.9154759474226504,6.0,6.0,6.0,0.0,36.3,36.3,36.3,0.0,6.0,6.0,6.0,0.0,6.0,6.0,6.0,0.0,9.0,6.333333333333333,6.0,2.6457513110645943,37.2,36.26666666666667,36.2,0.960902353693287,9.0,6.666666666666667,6.0,2.5166114784235836,8.0,6.0,6.0,2.3094010767585025,10.0,6.1,6.0,3.209361307176242,37.8,36.3,36.2,1.1140017049131967,10.0,6.6,6.0,2.863564212655271,9.0,6.0,6.0,2.701851217221259,0.0,False,0,0,1,78.1,0,1,0.010141987829614604,0.03690036900369004,0.044444444444444446,0.0,0.046610169491525424,0.05363984674329502,0.0,0.045012165450121655,0.0622568093385214,0.05084745762711865,0.05,0.06313131313131314,0.016722408026755852,0.10653104925053533,0.09057971014492754,0.09375,0.06896551724137931,0.0,0.031413612565445025,0.16666666666666666,0.024390243902439025,0.13277310924369748,0.01818181818181818,0.0,0.13836477987421383,0.05154639175257732,0.08745247148288973,0.05319148936170213,0.15384615384615385,0.0625,0.1038961038961039
202505040905,2023102167,2025-10-26,7,110.1,2,0.0,56.0,0.7045016657067089,0,1,0,48.0,1800,0.0,7,496.0,0.0,1.0523887608431433,0,0,34.7,2.1666666666666665,3,3,3,6,11.0,6.0,5.5,3.4576806613039848,38.3,36.35,36.25,1.237571538153639,11.0,6.444444444444445,6.0,3.0983866769659336,9.0,6.0,5.5,2.9154759474226504,6.0,6.0,6.0,0.0,36.3,36.3,36.3,0.0,6.0,6.0,6.0,0.0,6.0,6.0,6.0,0.0,9.0,6.333333333333333,6.0,2.6457513110645943,37.2,36.26666666666667,36.2,0.960902353693287,9.0,6.666666666666667,6.0,2.5166114784235836,8.0,6.0,6.0,2.3094010767585025,10.0,6.1,6.0,3.209361307176242,37.8,36.3,36.2,1.1140017049131967,10.0,6.6,6.0,2.863564212655271,9.0,6.0,6.0,2.701851217221259,0.0,False,0,0,1,75.4,0,1,0.012422360248447204,0.04551539491298527,0.0449438202247191,0.0,0.04409448818897638,0.053833605220228384,0.09090909090909091,0.0477326968973747,0.05353901996370236,0.0,0.01762114537444934,0.05917159763313609,0.04073319755600815,0.09722222222222222,0.08947368421052632,0.14285714285714285,0.1111111111111111,0.052873563218390804,0.0,0.03139013452914798,0.061224489795918366,0.0913978494623656,0.06666666666666667,0.07692307692307693,0.056074766355140186,0.07009345794392523,0.1261682242990654,0.06766917293233082,0.10256410256410256,0.03164556962025317,0.1694915254237288
202505040905,2023105064,2025-10-26,16,115.0,2,0.0,55.0,-0.23483388856890297,0,1,0,48.0,1800,0.0,8,474.0,0.0,0.15760411394269294,0,0,36.8,2.1192411924119243,14,14,15,6,11.0,6.0,5.5,3.4576806613039848,38.3,36.35,36.25,1.237571538153639,11.0,6.444444444444445,6.0,3.0983866769659336,9.0,6.0,5.5,2.9154759474226504,6.0,6.0,6.0,0.0,36.3,36.3,36.3,0.0,6.0,6.0,6.0,0.0,6.0,6.0,6.0,0.0,9.0,6.333333333333333,6.0,2.6457513110645943,37.2,36.26666666666667,36.2,0.960902353693287,9.0,6.666666666666667,6.0,2.5166114784235836,8.0,6.0,6.0,2.3094010767585025,10.0,6.1,6.0,3.209361307176242,37.8,36.3,36.2,1.1140017049131967,10.0,6.6,6.0,2.863564212655271,9.0,6.0,6.0,2.701851217221259,0.0,False,0,1,0,78.2,0,1,0.011261261261261262,0.060461416070007955,0.06912442396313365,0.0,0.04992076069730586,0.05702917771883289,0.16666666666666666,0.056915196357427436,0.05204252937884723,0.06863468634686347,0.0,0.11764705882352941,0.060854300760678756,0.05115712545676005,0.08235294117647059,0.0,0.034482758620689655,0.029411764705882353,0.04462809917355372,0.03571428571428571,0.0,0.037037037037037035,0.0,0.06521739130434782,0.06382978723404255,0.05188679245283019,0.019801980198019802,0.06746031746031746,0.0625,0.04897959183673469,0.046511627906976744
202505040905,2023105883,2025-10-26,12,111.4,2,0.0,56.0,0.7045016657067089,0,1,0,48.0,1800,0.0,9,476.0,0.0,0.2389481727518248,0,0,36.2,2.0716253443526167,1,1,2,6,11.0,6.0,5.5,3.4576806613039848,38.3,36.35,36.25,1.237571538153639,11.0,6.444444444444445,6.0,3.0983866769659336,9.0,6.0,5.5,2.9154759474226504,6.0,6.0,6.0,0.0,36.3,36.3,36.3,0.0,6.0,6.0,6.0,0.0,6.0,6.0,6.0,0.0,9.0,6.333333333333333,6.0,2.6457513110645943,37.2,36.26666666666667,36.2,0.960902353693287,9.0,6.666666666666667,6.0,2.5166114784235836,8.0,6.0,6.0,2.3094010767585025,10.0,6.1,6.0,3.209361307176242,37.8,36.3,36.2,1.1140017049131967,10.0,6.6,6.0,2.863564212655271,9.0,6.0,6.0,2.701851217221259,0.0,False,0,0,1,75.2,0,1,0.08620689655172414,0.04153354632587859,0.04477611940298507,0.0,0.046357615894039736,0.037694013303769404,0.0,0.04198473282442748,0.03683640303358613,0.03927492447129909,0.09090909090909091,0.05555555555555555,0.048044692737430165,0.05263157894736842,0.0327455919395466,0.045454545454545456,0.03125,0.02857142857142857,0.03496503496503497,0.0,0.060240963855421686,0.05116279069767442,0.14285714285714285,0.08421052631578947,0.058394160583941604,0.03597122302158273,0.06198347107438017,0.011363636363636364,0.08,0.07142857142857142,0.08333333333333333
202505040905,2023102019,2025-10-26,8,110.4,2,0.0,56.0,0.7045016657067089,0,1,0,48.0,1800,0.0,10,496.0,0.0,1.0523887608431433,0,0,35.2,2.130311614730878,2,2,1,6,11.0,6.0,5.5,3.4576806613039848,38.3,36.35,36.25,1.237571538153639,11.0,6.444444444444445,6.0,3.0983866769659336,9.0,6.0,5.5,2.9154759474226504,6.0,6.0,6.0,0.0,36.3,36.3,36.3,0.0,6.0,6.0,6.0,0.0,6.0,6.0,6.0,0.0,9.0,6.333333333333333,6.0,2.6457513110645943,37.2,36.26666666666667,36.2,0.960902353693287,9.0,6.666666666666667,6.0,2.5166114784235836,8.0,6.0,6.0,2.3094010767585025,10.0,6.1,6.0,3.209361307176242,37.8,36.3,36.2,1.1140017049131967,10.0,6.6,6.0,2.863564212655271,9.0,6.0,6.0,2.701851217221259,0.0,False,0,0,1,75.2,0,1,0.05952380952380952,0.04678362573099415,0.09090909090909091,0.0,0.054279749478079335,0.048109965635738834,0.0,0.05302402651201325,0.04861111111111111,0.049723756906077346,0.07142857142857142,0.3333333333333333,0.0576,0.04360812425328554,0.04068522483940043,0.03571428571428571,0.01639344262295082,0.0,0.04856512141280353,0.125,0.045454545454545456,0.029411764705882353,0.05405405405405406,0.07272727272727272,0.07344632768361582,0.05142857142857143,0.05905511811023622,0.0,0.047058823529411764,0.0,0.04081632653061224
202505040905,2023100585,2025-10-26,10,110.8,2,0.0,56.0,0.7045016657067089,0,1,0,48.0,1800,0.0,11,490.0,0.0,0.8083565844157478,0,0,34.4,2.2144927536231886,11,11,10,6,11.0,6.0,5.5,3.4576806613039848,38.3,36.35,36.25,1.237571538153639,11.0,6.444444444444445,6.0,3.0983866769659336,9.0,6.0,5.5,2.9154759474226504,6.0,6.0,6.0,0.0,36.3,36.3,36.3,0.0,6.0,6.0,6.0,0.0,6.0,6.0,6.0,0.0,9.0,6.333333333333333,6.0,2.6457513110645943,37.2,36.26666666666667,36.2,0.960902353693287,9.0,6.666666666666667,6.0,2.5166114784235836,8.0,6.0,6.0,2.3094010767585025,10.0,6.1,6.0,3.209361307176242,37.8,36.3,36.2,1.1140017049131967,10.0,6.6,6.0,2.863564212655271,9.0,6.0,6.0,2.701851217221259,0.0,False,0,0,1,76.4,0,1,0.013831258644536654,0.04376012965964344,0.06060606060606061,0.0,0.038803556992724336,0.05286343612334802,0.0,0.04431314623338257,0.04768928220255654,0.047107438016528926,0.0,0.18181818181818182,0.040090771558245086,0.07644787644787644,0.0851063829787234,0.0,0.0975609756097561,0.05,0.039317507418397624,0.02040816326530612,0.07042253521126761,0.08022922636103152,0.03125,0.05067567567567568,0.04838709677419355,0.04785894206549118,0.06936416184971098,0.05555555555555555,0.09615384615384616,0.0,0.09230769230769231
202505040905,2023101907,2025-10-26,15,112.8,2,0.0,55.0,-0.23483388856890297,0,1,0,48.0,1800,0.0,12,476.0,0.0,0.2389481727518248,0,0,35.9,2.136111111111111,12,12,12,6,11.0,6.0,5.5,3.4576806613039848,38.3,36.35,36.25,1.237571538153639,11.0,6.444444444444445,6.0,3.0983866769659336,9.0,6.0,5.5,2.9154759474226504,6.0,6.0,6.0,0.0,36.3,36.3,36.3,0.0,6.0,6.0,6.0,0.0,6.0,6.0,6.0,0.0,9.0,6.333333333333333,6.0,2.6457513110645943,37.2,36.26666666666667,36.2,0.960902353693287,9.0,6.666666666666667,6.0,2.5166114784235836,8.0,6.0,6.0,2.3094010767585025,10.0,6.1,6.0,3.209361307176242,37.8,36.3,36.2,1.1140017049131967,10.0,6.6,6.0,2.863564212655271,9.0,6.0,6.0,2.701851217221259,0.0,False,0,1,0,76.9,0,1,0.006715916722632639,0.035348837209302326,0.04878048780487805,0.0,0.017814726840855107,0.02830188679245283,0.07142857142857142,0.029556650246305417,0.014480408858603067,0.026058631921824105,0.0,0.028985507246376812,0.04105775922059847,0.01818181818181818,0.03225806451612903,0.0,0.0,0.13513513513513514,0.01607717041800643,0.058823529411764705,0.0,0.006578947368421052,0.0,0.060836501901140684,0.027972027972027972,0.038560411311053984,0.014018691588785047,0.0,0.03389830508474576,0.0,0.020833333333333332
202505040905,2023106835,2025-10-26,3,109.8,2,0.0,55.0,-0.23483388856890297,0,0,1,48.0,1800,0.0,13,480.0,0.0,0.40163629037008847,0,0,33.7,2.251479289940828,8,8,8,6,11.0,6.0,5.5,3.4576806613039848,38.3,36.35,36.25,1.237571538153639,11.0,6.444444444444445,6.0,3.0983866769659336,9.0,6.0,5.5,2.9154759474226504,6.0,6.0,6.0,0.0,36.3,36.3,36.3,0.0,6.0,6.0,6.0,0.0,6.0,6.0,6.0,0.0,9.0,6.333333333333333,6.0,2.6457513110645943,37.2,36.26666666666667,36.2,0.960902353693287,9.0,6.666666666666667,6.0,2.5166114784235836,8.0,6.0,6.0,2.3094010767585025,10.0,6.1,6.0,3.209361307176242,37.8,36.3,36.2,1.1140017049131967,10.0,6.6,6.0,2.863564212655271,9.0,6.0,6.0,2.701851217221259,0.0,False,0,1,0,76.1,0,1,0.24390243902439027,0.07195421095666395,0.0847457627118644,0.0,0.06994171523730225,0.07456140350877193,0.09090909090909091,0.07287687334704672,0.0721331689272503,0.07023144453312051,0.030303030303030304,0.0,0.07300115874855156,0.10332749562171628,0.10526315789473684,0.09523809523809523,0.0,0.027777777777777776,0.06598114824335904,0.0,0.13043478260869565,0.08823529411764706,0.0,0.09737827715355805,0.1839080459770115,0.09385665529010238,0.04819277108433735,0.0,0.1875,0.04897959183673469,0.0625
202505040905,2023105449,2025-10-26,2,109.7,2,0.0,56.0,0.7045016657067089,0,0,1,48.0,1800,0.0,14,454.0,0.0,-0.6558364741486256,0,0,33.3,2.2874251497005993,10,10,10,6,11.0,6.0,5.5,3.4576806613039848,38.3,36.35,36.25,1.237571538153639,11.0,6.444444444444445,6.0,3.0983866769659336,9.0,6.0,5.5,2.9154759474226504,6.0,6.0,6.0,0.0,36.3,36.3,36.3,0.0,6.0,6.0,6.0,0.0,6.0,6.0,6.0,0.0,9.0,6.333333333333333,6.0,2.6457513110645943,37.2,36.26666666666667,36.2,0.960902353693287,9.0,6.666666666666667,6.0,2.5166114784235836,8.0,6.0,6.0,2.3094010767585025,10.0,6.1,6.0,3.209361307176242,37.8,36.3,36.2,1.1140017049131967,10.0,6.6,6.0,2.863564212655271,9.0,6.0,6.0,2.701851217221259,0.0,False,0,0,1,76.4,0,1,0.013531799729364004,0.032504780114722756,0.028169014084507043,0.0,0.03136882129277566,0.033296337402885685,0.020833333333333332,0.03197492163009404,0.039226519337016576,0.028877005347593583,0.0,0.019230769230769232,0.02252252252252252,0.05063291139240506,0.04116222760290557,0.0,0.1111111111111111,0.017241379310344827,0.03796095444685466,0.0,0.018867924528301886,0.03571428571428571,0.0,0.03406813627254509,0.05392156862745098,0.033101045296167246,0.06557377049180328,0.0,0.0392156862745098,0.0,0.125
202505040905,2023102418,2025-10-26,4,109.9,2,0.0,56.0,0.7045016657067089,0,0,1,48.0,1800,0.0,15,488.0,0.0,0.7270125256066159,0,0,34.1,2.216374269005848,7,6,6,6,11.0,6.0,5.5,3.4576806613039848,38.3,36.35,36.25,1.237571538153639,11.0,6.444444444444445,6.0,3.0983866769659336,9.0,6.0,5.5,2.9154759474226504,6.0,6.0,6.0,0.0,36.3,36.3,36.3,0.0,6.0,6.0,6.0,0.0,6.0,6.0,6.0,0.0,9.0,6.333333333333333,6.0,2.6457513110645943,37.2,36.26666666666667,36.2,0.960902353693287,9.0,6.666666666666667,6.0,2.5166114784235836,8.0,6.0,6.0,2.3094010767585025,10.0,6.1,6.0,3.209361307176242,37.8,36.3,36.2,1.1140017049131967,10.0,6.6,6.0,2.863564212655271,9.0,6.0,6.0,2.701851217221259,-1.0,False,0,0,1,75.8,0,1,0.052910052910052914,0.09700598802395209,0.06666666666666667,0.07142857142857142,0.1100123609394314,0.09913793103448276,0.3333333333333333,0.1,0.10497237569060773,0.12048192771084337,0.0963855421686747,0.12654320987654322,0.09623733719247468,0.027777777777777776,0.0625,0.06060606060606061,0.06369426751592357,0.1069182389937107,0.046875,0.08513931888544891,0.5,0.0,0.0625,0.07916666666666666,0.0,0.125,0.0,0.12021857923497267,0.0,0.1016949152542373,0.0
202505040905,2023104273,2025-10-26,13,111.5,2,0.0,52.0,-3.0528405513957386,0,0,1,48.0,1800,0.0,16,454.0,0.0,-0.6558364741486256,0,0,34.7,2.2068965517241375,12,12,12,6,11.0,6.0,5.5,3.4576806613039848,38.3,36.35,36.25,1.237571538153639,11.0,6.444444444444445,6.0,3.0983866769659336,9.0,6.0,5.5,2.9154759474226504,6.0,6.0,6.0,0.0,36.3,36.3,36.3,0.0,6.0,6.0,6.0,0.0,6.0,6.0,6.0,0.0,9.0,6.333333333333333,6.0,2.6457513110645943,37.2,36.26666666666667,36.2,0.960902353693287,9.0,6.666666666666667,6.0,2.5166114784235836,8.0,6.0,6.0,2.3094010767585025,10.0,6.1,6.0,3.209361307176242,37.8,36.3,36.2,1.1140017049131967,10.0,6.6,6.0,2.863564212655271,9.0,6.0,6.0,2.701851217221259,0.0,False,0,1,0,76.8,0,1,0.004780114722753346,0.0,0.0,0.0,0.01694915254237288,0.056338028169014086,0.0,0.024154589371980676,0.01652892561983471,0.0,0.05,0.06313131313131314,0.037037037037037035,0.0265210608424337,0.025974025974025976,0.0,0.0,0.05263157894736842,0.0,0.04948805460750853,0.014925373134328358,0.03389830508474576,0.0,0.08163265306122448,0.037037037037037035,0.0196078431372549,0.027777777777777776,0.057971014492753624,0.03225806451612903,0.04897959183673469,0.016129032258064516
202505040906,2023104588,2025-10-26,7,83.9,2,0.0,55.0,-0.04412827936083188,1,0,0,48.0,1400,0.0,1,430.0,0.0,-0.6139069641516289,0,0,33.3,1.5149700598802396,17,16,6,6,11.0,6.0,5.5,3.4576806613039848,38.3,36.35,36.25,1.237571538153639,11.0,6.444444444444445,6.0,3.0983866769659336,9.0,6.0,5.5,2.9154759474226504,6.0,6.0,6.0,0.0,36.3,36.3,36.3,0.0,6.0,6.0,6.0,0.0,6.0,6.0,6.0,0.0,9.0,6.333333333333333,6.0,2.6457513110645943,37.2,36.26666666666667,36.2,0.960902353693287,9.0,6.666666666666667,6.0,2.5166114784235836,8.0,6.0,6.0,2.3094010767585025,10.0,6.1,6.0,3.209361307176242,37.8,36.3,36.2,1.1140017049131967,10.0,6.6,6.0,2.863564212655271,9.0,6.0,6.0,2.701851217221259,-1.0,False,0,1,0,50.6,0,1,0.054945054945054944,0.04153354632587859,0.04477611940298507,0.0,0.046357615894039736,0.037694013303769404,0.0,0.04198473282442748,0.03683640303358613,0.03927492447129909,0.09090909090909091,0.05555555555555555,0.048044692737430165,0.029885057471264367,0.01834862385321101,0.0,0.0547945205479452,0.02857142857142857,0.03496503496503497,0.0,0.02631578947368421,0.045454545454545456,0.0,0.08421052631578947,0.0625,0.03597122302158273,0.014598540145985401,0.011363636363636364,0.02564102564102564,0.07142857142857142,0.0
202505040906,2023101279,2025-10-26,9,84.4,2,0.0,56.0,0.7501807491341194,1,0,0,48.0,1400,0.0,2,418.0,0.0,-1.036212391720902,0,0,34.8,1.4212034383954155,10,11,6,6,11.0,6.0,5.5,3.4576806613039848,38.3,36.35,36.25,1.237571538153639,11.0,6.444444444444445,6.0,3.0983866769659336,9.0,6.0,5.5,2.9154759474226504,6.0,6.0,6.0,0.0,36.3,36.3,36.3,0.0,6.0,6.0,6.0,0.0,6.0,6.0,6.0,0.0,9.0,6.333333333333333,6.0,2.6457513110645943,37.2,36.26666666666667,36.2,0.960902353693287,9.0,6.666666666666667,6.0,2.5166114784235836,8.0,6.0,6.0,2.3094010767585025,10.0,6.1,6.0,3.209361307176242,37.8,36.3,36.2,1.1140017049131967,10.0,6.6,6.0,2.863564212655271,9.0,6.0,6.0,2.701851217221259,1.0,False,0,0,1,49.6,0,1,0.010438413361169102,0.032504780114722756,0.028169014084507043,0.0,0.03136882129277566,0.033296337402885685,0.020833333333333332,0.03197492163009404,0.039226519337016576,0.028877005347593583,0.0,0.019230769230769232,0.02252252252252252,0.029272151898734177,0.020895522388059702,0.0,0.039603960396039604,0.017241379310344827,0.03796095444685466,0.0,0.015625,0.030100334448160536,0.0,0.03406813627254509,0.046153846153846156,0.033101045296167246,0.025380710659898477,0.0,0.018867924528301886,0.0,0.0784313725490196
202505040906,2023102074,2025-10-26,13,84.8,2,0.0,55.0,-0.04412827936083188,1,0,0,48.0,1400,0.0,3,462.0,0.0,0.512240842699766,0,0,35.2,1.405099150141643,12,11,6,6,11.0,6.0,5.5,3.4576806613039848,38.3,36.35,36.25,1.237571538153639,11.0,6.444444444444445,6.0,3.0983866769659336,9.0,6.0,5.5,2.9154759474226504,6.0,6.0,6.0,0.0,36.3,36.3,36.3,0.0,6.0,6.0,6.0,0.0,6.0,6.0,6.0,0.0,9.0,6.333333333333333,6.0,2.6457513110645943,37.2,36.26666666666667,36.2,0.960902353693287,9.0,6.666666666666667,6.0,2.5166114784235836,8.0,6.0,6.0,2.3094010767585025,10.0,6.1,6.0,3.209361307176242,37.8,36.3,36.2,1.1140017049131967,10.0,6.6,6.0,2.863564212655271,9.0,6.0,6.0,2.701851217221259,-1.0,False,0,1,0,49.6,0,1,0.006191950464396285,0.035348837209302326,0.04878048780487805,0.0,0.017814726840855107,0.02830188679245283,0.07142857142857142,0.029556650246305417,0.014480408858603067,0.026058631921824105,0.0,0.028985507246376812,0.04105775922059847,0.01818181818181818,0.03225806451612903,0.0,0.0,0.13513513513513514,0.01607717041800643,0.058823529411764705,0.0,0.006578947368421052,0.0,0.060836501901140684,0.027972027972027972,0.038560411311053984,0.014018691588785047,0.0,0.03389830508474576,0.0,0.020833333333333332
202505040906,2023104082,2025-10-26,17,85.3,2,0.0,55.0,-0.04412827936083188,1,0,0,48.0,1400,0.0,4,412.0,0.0,-1.2473651055055386,0,0,36.9,1.308108108108108,1,1,6,6,11.0,6.0,5.5,3.4576806613039848,38.3,36.35,36.25,1.237571538153639,11.0,6.444444444444445,6.0,3.0983866769659336,9.0,6.0,5.5,2.9154759474226504,6.0,6.0,6.0,0.0,36.3,36.3,36.3,0.0,6.0,6.0,6.0,0.0,6.0,6.0,6.0,0.0,9.0,6.333333333333333,6.0,2.6457513110645943,37.2,36.26666666666667,36.2,0.960902353693287,9.0,6.666666666666667,6.0,2.5166114784235836,8.0,6.0,6.0,2.3094010767585025,10.0,6.1,6.0,3.209361307176242,37.8,36.3,36.2,1.1140017049131967,10.0,6.6,6.0,2.863564212655271,9.0,6.0,6.0,2.701851217221259,0.0,False,0,1,0,48.4,0,1,0.011904761904761904,0.036755386565272496,0.043478260869565216,0.0,0.02807486631016043,0.031825795644891124,0.0,0.0324254215304799,0.029595015576323987,0.035326086956521736,0.0,0.045454545454545456,0.03737373737373737,0.015372168284789644,0.01282051282051282,0.0,0.0,0.024096385542168676,0.02812939521800281,0.04,0.030303030303030304,0.013736263736263736,0.0,0.037800687285223365,0.014705882352941176,0.028720626631853787,0.03125,0.5,0.0,0.0,0.0
202505040906,2023101296,2025-10-26,2,83.3,2,0.0,54.0,-0.8384373078557831,1,0,0,48.0,1400,0.0,5,432.0,0.0,-0.5435227262234168,0,0,34.8,1.3896848137535818,2,2,6,6,11.0,6.0,5.5,3.4576806613039848,38.3,36.35,36.25,1.237571538153639,11.0,6.444444444444445,6.0,3.0983866769659336,9.0,6.0,5.5,2.9154759474226504,6.0,6.0,6.0,0.0,36.3,36.3,36.3,0.0,6.0,6.0,6.0,0.0,6.0,6.0,6.0,0.0,9.0,6.333333333333333,6.0,2.6457513110645943,37.2,36.26666666666667,36.2,0.960902353693287,9.0,6.666666666666667,6.0,2.5166114784235836,8.0,6.0,6.0,2.3094010767585025,10.0,6.1,6.0,3.209361307176242,37.8,36.3,36.2,1.1140017049131967,10.0,6.6,6.0,2.863564212655271,9.0,6.0,6.0,2.701851217221259,0.0,False,0,0,1,48.5,0,1,0.06211180124223602,0.03690036900369004,0.044444444444444446,0.0,0.046610169491525424,0.05363984674329502,0.0,0.045012165450121655,0.0622568093385214,0.05084745762711865,0.05,0.06313131313131314,0.016722408026755852,0.08079552517091361,0.08685968819599109,0.046153846153846156,0.04597701149425287,0.0,0.031413612565445025,0.16666666666666666,0.08695652173913043,0.06930693069306931,0.0875,0.0,0.1038961038961039,0.05154639175257732,0.09821428571428571,0.05319148936170213,0.08955223880597014,0.0625,0.03076923076923077
202505040906,2023100861,2025-10-26,11,84.5,2,0.0,56.0,0.7501807491341194,1,0,0,48.0,1400,0.0,6,486.0,0.0,1.3568516978383123,0,0,35.5,1.3764044943820224,6,6,6,6,11.0,6.0,5.5,3.4576806613039848,38.3,36.35,36.25,1.237571538153639,11.0,6.444444444444445,6.0,3.0983866769659336,9.0,6.0,5.5,2.9154759474226504,6.0,6.0,6.0,0.0,36.3,36.3,36.3,0.0,6.0,6.0,6.0,0.0,6.0,6.0,6.0,0.0,9.0,6.333333333333333,6.0,2.6457513110645943,37.2,36.26666666666667,36.2,0.960902353693287,9.0,6.666666666666667,6.0,2.5166114784235836,8.0,6.0,6.0,2.3094010767585025,10.0,6.1,6.0,3.209361307176242,37.8,36.3,36.2,1.1140017049131967,10.0,6.6,6.0,2.863564212655271,9.0,6.0,6.0,2.701851217221259,0.0,False,0,0,1,49.0,0,1,0.025773195876288662,0.06960845245494096,0.08518518518518518,0.0,0.07769591426657736,0.09513960703205791,0.10526315789473684,0.07928214447978192,0.07346938775510205,0.06637490882567469,0.07142857142857142,0.08270676691729323,0.08457943925233645,0.05451829723674384,0.0625,0.0,0.09090909090909091,0.07407407407407407,0.07435508345978756,0.1044776119402985,0.011764705882352941,0.03273809523809524,0.125,0.10261194029850747,0.02830188679245283,0.0942211055276382,0.0748663101604278,0.057971014492753624,0.0641025641025641,0.0,0.09722222222222222
202505040906,2023103002,2025-10-26,10,84.5,2,0.0,52.0,-2.4270553648456854,0,1,0,48.0,1400,0.0,7,424.0,0.0,-0.8250596779362654,0,0,35.8,1.3565459610027857,3,3,6,6,11.0,6.0,5.5,3.4576806613039848,38.3,36.35,36.25,1.237571538153639,11.0,6.444444444444445,6.0,3.0983866769659336,9.0,6.0,5.5,2.9154759474226504,6.0,6.0,6.0,0.0,36.3,36.3,36.3,0.0,6.0,6.0,6.0,0.0,6.0,6.0,6.0,0.0,9.0,6.333333333333333,6.0,2.6457513110645943,37.2,36.26666666666667,36.2,0.960902353693287,9.0,6.666666666666667,6.0,2.5166114784235836,8.0,6.0,6.0,2.3094010767585025,10.0,6.1,6.0,3.209361307176242,37.8,36.3,36.2,1.1140017049131967,10.0,6.6,6.0,2.863564212655271,9.0,6.0,6.0,2.701851217221259,0.0,False,0,1,0,48.7,0,1,0.0072306579898770785,0.012048192771084338,0.02702702702702703,0.047619047619047616,0.0196078431372549,0.02145922746781116,0.013333333333333334,0.01897810218978102,0.022408963585434174,0.013605442176870748,0.05,0.07142857142857142,0.015810276679841896,0.04259776536312849,0.055408970976253295,0.0,0.02631578947368421,0.02631578947368421,0.0,0.0,0.05952380952380952,0.020114942528735632,0.05555555555555555,0.013888888888888888,0.05263157894736842,0.0053475935828877,0.04975124378109453,0.2,0.047619047619047616,0.04897959183673469,0.04054054054054054
202505040906,2023100351,2025-10-26,8,84.2,2,0.0,55.0,-0.04412827936083188,0,1,0,48.0,1400,0.0,8,480.0,0.0,1.1456989840536758,0,0,35.2,1.3881019830028327,6,6,6,6,11.0,6.0,5.5,3.4576806613039848,38.3,36.35,36.25,1.237571538153639,11.0,6.444444444444445,6.0,3.0983866769659336,9.0,6.0,5.5,2.9154759474226504,6.0,6.0,6.0,0.0,36.3,36.3,36.3,0.0,6.0,6.0,6.0,0.0,6.0,6.0,6.0,0.0,9.0,6.333333333333333,6.0,2.6457513110645943,37.2,36.26666666666667,36.2,0.960902353693287,9.0,6.666666666666667,6.0,2.5166114784235836,8.0,6.0,6.0,2.3094010767585025,10.0,6.1,6.0,3.209361307176242,37.8,36.3,36.2,1.1140017049131967,10.0,6.6,6.0,2.863564212655271,9.0,6.0,6.0,2.701851217221259,0.0,False,0,1,0,49.0,0,1,0.0510204081632653,0.0078125,0.024390243902439025,0.0,0.008064516129032258,0.01652892561983471,0.0,0.011306532663316583,0.012437810945273632,0.016574585635359115,0.0,0.007518796992481203,0.010362694300518135,0.055725190839694655,0.06930693069306931,0.09090909090909091,0.13333333333333333,0.0,0.0,0.125,0.019230769230769232,0.047619047619047616,0.0625,0.014492753623188406,0.02962962962962963,0.0,0.03389830508474576,0.0,0.061224489795918366,0.014285714285714285,0.1206896551724138
202505040906,2023101869,2025-10-26,15,85.0,2,0.0,56.0,0.7501807491341194,0,1,0,48.0,1400,0.0,9,440.0,0.0,-0.26198577451056804,0,0,34.2,1.4810495626822155,18,18,6,6,11.0,6.0,5.5,3.4576806613039848,38.3,36.35,36.25,1.237571538153639,11.0,6.444444444444445,6.0,3.0983866769659336,9.0,6.0,5.5,2.9154759474226504,6.0,6.0,6.0,0.0,36.3,36.3,36.3,0.0,6.0,6.0,6.0,0.0,6.0,6.0,6.0,0.0,9.0,6.333333333333333,6.0,2.6457513110645943,37.2,36.26666666666667,36.2,0.960902353693287,9.0,6.666666666666667,6.0,2.5166114784235836,8.0,6.0,6.0,2.3094010767585025,10.0,6.1,6.0,3.209361307176242,37.8,36.3,36.2,1.1140017049131967,10.0,6.6,6.0,2.863564212655271,9.0,6.0,6.0,2.701851217221259,0.0,False,0,0,1,50.8,0,1,0.009157509157509158,0.04376012965964344,0.06060606060606061,0.0,0.038803556992724336,0.05286343612334802,0.0,0.04431314623338257,0.04768928220255654,0.047107438016528926,0.0,0.18181818181818182,0.040090771558245086,0.0649546827794562,0.07317073170731707,0.0,0.02702702702702703,0.05,0.039317507418397624,0.02040816326530612,0.07692307692307693,0.05785123966942149,0.0,0.05067567567567568,0.05785123966942149,0.04785894206549118,0.0641025641025641,0.05555555555555555,0.1509433962264151,0.0,0.08695652173913043
202505040906,2023101727,2025-10-26,5,83.7,2,0.0,56.0,0.7501807491341194,0,1,0,48.0,1400,0.0,10,500.0,0.0,1.8495413633357976,0,0,34.4,1.4289855072463766,10,9,6,6,11.0,6.0,5.5,3.4576806613039848,38.3,36.35,36.25,1.237571538153639,11.0,6.444444444444445,6.0,3.0983866769659336,9.0,6.0,5.5,2.9154759474226504,6.0,6.0,6.0,0.0,36.3,36.3,36.3,0.0,6.0,6.0,6.0,0.0,6.0,6.0,6.0,0.0,9.0,6.333333333333333,6.0,2.6457513110645943,37.2,36.26666666666667,36.2,0.960902353693287,9.0,6.666666666666667,6.0,2.5166114784235836,8.0,6.0,6.0,2.3094010767585025,10.0,6.1,6.0,3.209361307176242,37.8,36.3,36.2,1.1140017049131967,10.0,6.6,6.0,2.863564212655271,9.0,6.0,6.0,2.701851217221259,-1.0,False,0,0,1,49.3,0,1,0.14492753623188406,0.04678362573099415,0.09090909090909091,0.0,0.054279749478079335,0.048109965635738834,0.0,0.05302402651201325,0.04861111111111111,0.049723756906077346,0.07142857142857142,0.3333333333333333,0.0576,0.07391304347826087,0.07341772151898734,0.14285714285714285,0.0625,0.0,0.04856512141280353,0.125,0.08196721311475409,0.05367231638418079,0.07692307692307693,0.07272727272727272,0.0759493670886076,0.05142857142857143,0.07329842931937172,0.0,0.09803921568627451,0.0,0.13953488372093023
202505040906,2023101606,2025-10-26,16,85.0,2,0.0,56.0,0.7501807491341194,0,1,0,48.0,1400,0.0,11,490.0,0.0,1.4976201736947365,0,0,34.5,1.4595375722543351,16,16,6,6,11.0,6.0,5.5,3.4576806613039848,38.3,36.35,36.25,1.237571538153639,11.0,6.444444444444445,6.0,3.0983866769659336,9.0,6.0,5.5,2.9154759474226504,6.0,6.0,6.0,0.0,36.3,36.3,36.3,0.0,6.0,6.0,6.0,0.0,6.0,6.0,6.0,0.0,9.0,6.333333333333333,6.0,2.6457513110645943,37.2,36.26666666666667,36.2,0.960902353693287,9.0,6.666666666666667,6.0,2.5166114784235836,8.0,6.0,6.0,2.3094010767585025,10.0,6.1,6.0,3.209361307176242,37.8,36.3,36.2,1.1140017049131967,10.0,6.6,6.0,2.863564212655271,9.0,6.0,6.0,2.701851217221259,0.0,False,0,0,1,50.5,0,1,0.05649717514124294,0.04551539491298527,0.0449438202247191,0.0,0.04409448818897638,0.053833605220228384,0.09090909090909091,0.0477326968973747,0.05353901996370236,0.0,0.01762114537444934,0.05917159763313609,0.04073319755600815,0.04852459016393443,0.014925373134328358,0.05116279069767442,0.0622568093385214,0.052873563218390804,0.0,0.03139013452914798,0.050359712230215826,0.0,0.04060913705583756,0.07692307692307693,0.07692307692307693,0.07009345794392523,0.06140350877192982,0.06766917293233082,0.0,0.03164556962025317,0.07894736842105263
202505040906,2023106599,2025-10-26,18,85.8,2,0.0,52.0,-2.4270553648456854,0,1,0,48.0,1400,0.0,12,420.0,0.0,-0.9658281537926898,0,0,35.7,1.3994413407821227,14,15,6,6,11.0,6.0,5.5,3.4576806613039848,38.3,36.35,36.25,1.237571538153639,11.0,6.444444444444445,6.0,3.0983866769659336,9.0,6.0,5.5,2.9154759474226504,6.0,6.0,6.0,0.0,36.3,36.3,36.3,0.0,6.0,6.0,6.0,0.0,6.0,6.0,6.0,0.0,9.0,6.333333333333333,6.0,2.6457513110645943,37.2,36.26666666666667,36.2,0.960902353693287,9.0,6.666666666666667,6.0,2.5166114784235836,8.0,6.0,6.0,2.3094010767585025,10.0,6.1,6.0,3.209361307176242,37.8,36.3,36.2,1.1140017049131967,10.0,6.6,6.0,2.863564212655271,9.0,6.0,6.0,2.701851217221259,1.0,False,0,1,0,50.1,0,1,0.00983284169124877,0.0,0.0,0.0,0.01694915254237288,0.056338028169014086,0.0,0.024154589371980676,0.01652892561983471,0.0,0.05,0.06313131313131314,0.037037037037037035,0.037037037037037035,0.05952380952380952,0.0,0.0,0.05263157894736842,0.0,0.04948805460750853,0.0,0.04838709677419355,0.0,0.08163265306122448,0.04878048780487805,0.0196078431372549,0.031746031746031744,0.057971014492753624,0.0,0.04897959183673469,0.02857142857142857
202505040906,2023107532,2025-10-26,4,83.5,2,0.0,56.0,0.7501807491341194,0,0,1,48.0,1400,0.0,13,454.0,0.0,0.23070389098691726,0,0,34.7,1.4022988505747125,3,3,6,6,11.0,6.0,5.5,3.4576806613039848,38.3,36.35,36.25,1.237571538153639,11.0,6.444444444444445,6.0,3.0983866769659336,9.0,6.0,5.5,2.9154759474226504,6.0,6.0,6.0,0.0,36.3,36.3,36.3,0.0,6.0,6.0,6.0,0.0,6.0,6.0,6.0,0.0,9.0,6.333333333333333,6.0,2.6457513110645943,37.2,36.26666666666667,36.2,0.960902353693287,9.0,6.666666666666667,6.0,2.5166114784235836,8.0,6.0,6.0,2.3094010767585025,10.0,6.1,6.0,3.209361307176242,37.8,36.3,36.2,1.1140017049131967,10.0,6.6,6.0,2.863564212655271,9.0,6.0,6.0,2.701851217221259,0.0,False,0,0,1,48.8,0,1,0.018975332068311195,0.073,0.05128205128205128,0.0,0.06092436974789916,0.09550561797752809,0.06896551724137931,0.07140228192859772,0.08136882129277566,0.08389261744966443,0.05,0.06313131313131314,0.061908230152949745,0.02960222016651249,0.03735632183908046,0.0,0.0,0.030303030303030304,0.06330472103004292,0.06896551724137931,0.047619047619047616,0.01729106628242075,0.07142857142857142,0.08865248226950355,0.03529411764705882,0.057494866529774126,0.03289473684210526,0.057971014492753624,0.05405405405405406,0.0,0.0
202505040906,2023102440,2025-10-26,6,83.8,2,0.0,56.0,0.7501807491341194,0,0,1,48.0,1400,0.0,14,454.0,0.0,0.23070389098691726,0,0,34.9,1.397142857142857,5,5,6,6,11.0,6.0,5.5,3.4576806613039848,38.3,36.35,36.25,1.237571538153639,11.0,6.444444444444445,6.0,3.0983866769659336,9.0,6.0,5.5,2.9154759474226504,6.0,6.0,6.0,0.0,36.3,36.3,36.3,0.0,6.0,6.0,6.0,0.0,6.0,6.0,6.0,0.0,9.0,6.333333333333333,6.0,2.6457513110645943,37.2,36.26666666666667,36.2,0.960902353693287,9.0,6.666666666666667,6.0,2.5166114784235836,8.0,6.0,6.0,2.3094010767585025,10.0,6.1,6.0,3.209361307176242,37.8,36.3,36.2,1.1140017049131967,10.0,6.6,6.0,2.863564212655271,9.0,6.0,6.0,2.701851217221259,0.0,False,0,0,1,48.9,0,1,0.2,0.09700598802395209,0.06666666666666667,0.07142857142857142,0.1100123609394314,0.09913793103448276,0.3333333333333333,0.1,0.10497237569060773,0.12048192771084337,0.0963855421686747,0.12654320987654322,0.09623733719247468,0.05919796308084023,0.06938775510204082,0.045454545454545456,0.0,0.1069182389937107,0.046875,0.08513931888544891,0.03333333333333333,0.06451612903225806,0.0,0.07916666666666666,0.050955414012738856,0.125,0.06372549019607843,0.12021857923497267,0.029850746268656716,0.1016949152542373,0.1016949152542373
202505040906,2023104068,2025-10-26,1,83.3,2,0.0,55.0,-0.04412827936083188,0,0,1,48.0,1400,0.0,15,426.0,0.0,-0.7546754400080533,0,0,34.2,1.4314868804664722,6,8,6,6,11.0,6.0,5.5,3.4576806613039848,38.3,36.35,36.25,1.237571538153639,11.0,6.444444444444445,6.0,3.0983866769659336,9.0,6.0,5.5,2.9154759474226504,6.0,6.0,6.0,0.0,36.3,36.3,36.3,0.0,6.0,6.0,6.0,0.0,6.0,6.0,6.0,0.0,9.0,6.333333333333333,6.0,2.6457513110645943,37.2,36.26666666666667,36.2,0.960902353693287,9.0,6.666666666666667,6.0,2.5166114784235836,8.0,6.0,6.0,2.3094010767585025,10.0,6.1,6.0,3.209361307176242,37.8,36.3,36.2,1.1140017049131967,10.0,6.6,6.0,2.863564212655271,9.0,6.0,6.0,2.701851217221259,2.0,False,0,1,0,49.1,0,1,0.07352941176470588,0.060461416070007955,0.06912442396313365,0.0,0.04992076069730586,0.05702917771883289,0.16666666666666666,0.056915196357427436,0.05204252937884723,0.06863468634686347,0.0,0.11764705882352941,0.060854300760678756,0.03261623872310895,0.041463414634146344,0.0,0.022222222222222223,0.029411764705882353,0.04462809917355372,0.03571428571428571,0.018518518518518517,0.02556818181818182,0.0,0.06521739130434782,0.022388059701492536,0.05188679245283019,0.049723756906077346,0.06746031746031746,0.03614457831325301,0.04897959183673469,0.031914893617021274
202505040906,2023104351,2025-10-26,12,84.7,2,0.0,55.0,-0.04412827936083188,0,0,1,48.0,1400,0.0,16,448.0,0.0,0.01955117720228072,0,0,34.8,1.4297994269340975,14,14,6,6,11.0,6.0,5.5,3.4576806613039848,38.3,36.35,36.25,1.237571538153639,11.0,6.444444444444445,6.0,3.0983866769659336,9.0,6.0,5.5,2.9154759474226504,6.0,6.0,6.0,0.0,36.3,36.3,36.3,0.0,6.0,6.0,6.0,0.0,6.0,6.0,6.0,0.0,9.0,6.333333333333333,6.0,2.6457513110645943,37.2,36.26666666666667,36.2,0.960902353693287,9.0,6.666666666666667,6.0,2.5166114784235836,8.0,6.0,6.0,2.3094010767585025,10.0,6.1,6.0,3.209361307176242,37.8,36.3,36.2,1.1140017049131967,10.0,6.6,6.0,2.863564212655271,9.0,6.0,6.0,2.701851217221259,0.0,False,0,1,0,49.9,0,1,0.0819672131147541,0.04009433962264151,0.06321839080459771,0.0,0.0455005055611729,0.0547945205479452,0.07692307692307693,0.04690579424517146,0.05168700646087581,0.045940170940170943,0.0,0.0,0.040671971706454466,0.07604306864064603,0.08716707021791767,0.0625,0.03508771929824561,0.023809523809523808,0.046819787985865724,0.0,0.0625,0.06372549019607843,0.061224489795918366,0.05389221556886228,0.08148148148148149,0.05042016806722689,0.10194174757281553,0.5,0.06,0.0,0.07142857142857142
202505040906,2023107528,2025-10-26,14,84.9,2,0.0,56.0,0.7501807491341194,0,0,1,48.0,1400,0.0,17,468.0,0.0,0.7233935564844025,0,0,35.3,1.401129943502825,12,11,6,6,11.0,6.0,5.5,3.4576806613039848,38.3,36.35,36.25,1.237571538153639,11.0,6.444444444444445,6.0,3.0983866769659336,9.0,6.0,5.5,2.9154759474226504,6.0,6.0,6.0,0.0,36.3,36.3,36.3,0.0,6.0,6.0,6.0,0.0,6.0,6.0,6.0,0.0,9.0,6.333333333333333,6.0,2.6457513110645943,37.2,36.26666666666667,36.2,0.960902353693287,9.0,6.666666666666667,6.0,2.5166114784235836,8.0,6.0,6.0,2.3094010767585025,10.0,6.1,6.0,3.209361307176242,37.8,36.3,36.2,1.1140017049131967,10.0,6.6,6.0,2.863564212655271,9.0,6.0,6.0,2.701851217221259,-1.0,False,0,0,1,49.6,0,1,0.040160642570281124,0.07195421095666395,0.0847457627118644,0.0,0.06994171523730225,0.07456140350877193,0.09090909090909091,0.07287687334704672,0.0721331689272503,0.07023144453312051,0.030303030303030304,0.0,0.07300115874855156,0.0890302066772655,0.2,0.07692307692307693,0.057692307692307696,0.027777777777777776,0.06598114824335904,0.0,0.08737864077669903,0.0,0.06299212598425197,0.09737827715355805,0.07692307692307693,0.09385665529010238,0.10526315789473684,0.0,0.14814814814814814,0.04897959183673469,0.21621621621621623
202505040906,2023107255,2025-10-26,3,83.5,2,0.0,55.0,-0.04412827936083188,0,0,1,48.0,1400,0.0,18,410.0,0.0,-1.3177493434337508,0,0,34.1,1.4444444444444442,9,9,6,6,11.0,6.0,5.5,3.4576806613039848,38.3,36.35,36.25,1.237571538153639,11.0,6.444444444444445,6.0,3.0983866769659336,9.0,6.0,5.5,2.9154759474226504,6.0,6.0,6.0,0.0,36.3,36.3,36.3,0.0,6.0,6.0,6.0,0.0,6.0,6.0,6.0,0.0,9.0,6.333333333333333,6.0,2.6457513110645943,37.2,36.26666666666667,36.2,0.960902353693287,9.0,6.666666666666667,6.0,2.5166114784235836,8.0,6.0,6.0,2.3094010767585025,10.0,6.1,6.0,3.209361307176242,37.8,36.3,36.2,1.1140017049131967,10.0,6.6,6.0,2.863564212655271,9.0,6.0,6.0,2.701851217221259,0.0,False,0,1,0,49.4,0,1,0.2222222222222222,0.15538362346872986,0.11920529801324503,0.125,0.13123028391167194,0.15843621399176955,0.08333333333333333,0.14469525959367946,0.14087301587301587,0.16212438853948288,0.030303030303030304,0.10344827586206896,0.1482098251457119,0.09037238873751136,0.11072664359861592,0.10606060606060606,0.024390243902439025,0.09,0.11465451784358391,0.06172839506172839,0.03125,0.0831889081455806,0.02857142857142857,0.1320754716981132,0.09405940594059406,0.18292682926829268,0.11764705882352941,0.17794970986460348,0.061855670103092786,0.17746913580246915,0.11504424778761062
202505040907,2022109090,2025-10-26,7,97.2,3,-0.6405112818897902,54.0,0.043852875965367584,1,0,0,8.0,1600,0.0,1,466.0,-10.0,-0.380736720050892,1,0,36.0,1.6952908587257618,10,9,6,6,15.0,8.4,8.5,3.3065591380365986,43.9,39.010000000000005,38.6,2.2501604881035093,13.0,9.5,9.5,2.5495097567963922,13.0,10.0,9.0,2.345207879911715,9.0,9.0,9.0,0.0,38.1,38.1,38.1,0.0,11.0,11.0,11.0,0.0,6.0,6.0,6.0,0.0,9.0,7.666666666666667,7.0,1.1547005383792515,40.0,39.06666666666666,39.1,0.9504384952922124,13.0,12.0,12.0,1.0000000000000016,12.0,10.0,10.0,2.8284271247461903,10.0,7.6,7.0,1.9493588689617922,40.0,38.64,39.1,1.4397916515940823,13.0,10.6,12.0,3.2093613071762435,13.0,11.0,12.0,2.6457513110645907,-1.0,False,0,1,0,61.2,1,0,0.006609385327164573,0.036755386565272496,0.043478260869565216,0.0,0.02807486631016043,0.031825795644891124,0.0,0.0324254215304799,0.029595015576323987,0.035326086956521736,0.0,0.045454545454545456,0.03737373737373737,0.06088560885608856,0.06708595387840671,0.038461538461538464,0.07692307692307693,0.024096385542168676,0.02812939521800281,0.04,0.046875,0.05,0.022727272727272728,0.037800687285223365,0.06349206349206349,0.028720626631853787,0.05309734513274336,0.5,0.11688311688311688,0.0,0.05555555555555555
202505040907,2022106656,2025-10-26,9,97.2,3,-0.6405112818897902,54.0,0.043852875965367584,1,0,0,14.0,1600,0.0,2,502.0,2.0,0.8740857094126132,0,0,36.5,1.6584699453551912,4,4,6,6,14.0,6.125,4.5,4.793969425970806,42.2,37.5,37.0,2.2006492548466583,12.0,6.5,6.0,3.8913824205360674,6.0,3.5,3.0,1.7320508075688772,6.0,6.0,6.0,0.0,36.3,36.3,36.3,0.0,12.0,12.0,12.0,0.0,6.0,6.0,6.0,0.0,13.0,6.666666666666667,6.0,6.027713773341708,42.2,38.900000000000006,38.2,3.01164406927512,12.0,7.666666666666667,9.0,5.131601439446883,3.0,2.5,2.5,0.7071067811865462,13.0,5.8,5.0,4.43846820423443,42.2,38.42,38.1,2.24655291502338,12.0,7.0,7.0,3.8078865529319543,6.0,3.6666666666666665,3.0,2.0816659994661326,0.0,False,0,1,0,60.7,1,0,0.125,0.15538362346872986,0.11920529801324503,0.125,0.13123028391167194,0.15843621399176955,0.08333333333333333,0.14469525959367946,0.14087301587301587,0.16212438853948288,0.030303030303030304,0.10344827586206896,0.1482098251457119,0.0649546827794562,0.07317073170731707,0.0,0.02702702702702703,0.09,0.11465451784358391,0.06172839506172839,0.07692307692307693,0.05785123966942149,0.0,0.1320754716981132,0.05785123966942149,0.18292682926829268,0.0641025641025641,0.17794970986460348,0.1509433962264151,0.17746913580246915,0.08695652173913043
202505040907,2022104800,2025-10-26,5,97.1,3,-0.6405112818897902,54.0,0.043852875965367584,1,0,0,141.0,1600,0.0,3,448.0,12.0,-1.0081479347826448,1,0,36.1,1.6850828729281766,8,7,6,6,7.0,3.6666666666666665,3.0,2.4221202832779936,40.6,36.949999999999996,36.8,2.363683565962245,8.0,3.3333333333333335,2.5,2.503331114069145,4.0,4.0,4.0,2.9154759474226504,1.0,1.0,1.0,0.0,37.0,37.0,37.0,0.0,8.0,8.0,8.0,0.0,6.0,6.0,6.0,0.0,7.0,3.3333333333333335,2.0,3.214550253664318,40.6,38.06666666666667,37.0,2.203028218914435,8.0,4.333333333333333,3.0,3.2145502536643185,4.0,4.0,4.0,2.3094010767585025,7.0,3.6,2.0,2.701851217221259,40.6,37.48,37.0,2.2083930809527508,8.0,3.2,2.0,2.7748873851023212,4.0,4.0,4.0,2.701851217221259,-1.0,False,0,1,0,61.0,1,0,0.07299270072992702,0.04376012965964344,0.06060606060606061,0.0,0.038803556992724336,0.05286343612334802,0.0,0.04431314623338257,0.04768928220255654,0.047107438016528926,0.0,0.18181818181818182,0.040090771558245086,0.08368708308065494,0.10874200426439233,0.07142857142857142,0.0,0.05,0.039317507418397624,0.02040816326530612,0.0273972602739726,0.06828193832599119,0.1875,0.05067567567567568,0.1360544217687075,0.04785894206549118,0.038461538461538464,0.05555555555555555,0.06818181818181818,0.0,0.1348314606741573
202505040907,2021105613,2025-10-26,6,97.2,4,1.4411503842520295,56.0,1.1840276510648762,0,1,0,8.0,1600,0.0,4,502.0,0.0,0.8740857094126132,1,0,36.4,1.665753424657534,4,6,6,6,15.0,6.666666666666667,6.0,3.8405728739343035,41.0,38.15555555555555,38.1,1.5273433725844952,15.0,8.88888888888889,9.0,4.833333333333333,8.0,4.5,4.5,2.886751345948129,10.0,10.0,10.0,0.0,41.0,41.0,41.0,0.0,1.0,1.0,1.0,0.0,1.0,1.0,1.0,0.0,10.0,5.666666666666667,4.0,3.785938897200183,41.0,39.699999999999996,40.0,1.4730919862656113,5.0,3.3333333333333335,4.0,2.081665999466134,5.0,3.3333333333333335,4.0,2.0816659994661326,10.0,6.0,5.5,3.1622776601683795,41.0,39.349999999999994,39.15,1.3916417163431896,8.0,4.5,4.5,2.886751345948129,8.0,4.5,4.5,2.886751345948129,2.0,False,0,1,0,60.8,1,0,0.08620689655172414,0.09700598802395209,0.06666666666666667,0.07142857142857142,0.1100123609394314,0.09913793103448276,0.3333333333333333,0.1,0.10497237569060773,0.12048192771084337,0.0963855421686747,0.12654320987654322,0.09623733719247468,0.10250737463126844,0.08064516129032258,0.057692307692307696,0.12807881773399016,0.1069182389937107,0.046875,0.08513931888544891,0.09292035398230089,0.17482517482517482,0.08841463414634146,0.07916666666666666,0.06818181818181818,0.125,0.12359550561797752,0.12021857923497267,0.05454545454545454,0.1016949152542373,0.14
202505040907,2022104512,2025-10-26,4,96.7,3,-0.6405112818897902,50.0,-2.2364966742336496,0,1,0,15.0,1600,0.0,5,514.0,4.0,1.292359852567115,0,0,35.1,1.75,12,11,6,6,11.0,5.285714285714286,3.0,4.347960660443228,41.0,38.9,39.4,1.59164485150844,12.0,6.714285714285714,6.0,3.9880774697543053,13.0,7.2,8.0,4.658325879540846,2.0,2.0,2.0,0.0,36.9,36.9,36.9,0.0,9.0,9.0,9.0,0.0,6.0,6.0,6.0,0.0,11.0,5.0,2.0,5.196152422706632,39.7,38.0,37.4,1.4933184523068026,12.0,8.333333333333334,9.0,4.0414518843273814,10.0,10.0,10.0,2.3094010767585025,11.0,5.0,3.0,3.9370039370059056,41.0,38.52,37.6,1.751285242329184,12.0,6.6,6.0,3.9749213828703582,10.0,6.666666666666667,8.0,4.163331998932266,-1.0,False,0,1,0,61.6,1,0,0.25641025641025644,0.0,0.0,0.0,0.0,0.0,0.0,0.0,0.0,0.0,0.05,0.06313131313131314,0.0,0.0872093023255814,0.08522727272727272,0.07017543859649122,0.08,0.05263157894736842,0.0,0.04948805460750853,0.05555555555555555,0.08765652951699464,0.044444444444444446,0.0,0.07272727272727272,0.0,0.058823529411764705,0.057971014492753624,0.11965811965811966,0.04897959183673469,0.17054263565891473
202505040907,2022107284,2025-10-26,8,97.2,3,-0.6405112818897902,54.0,0.043852875965367584,0,1,0,8.0,1600,0.0,6,494.0,0.0,0.5952362806429454,1,0,36.2,1.6804407713498621,8,7,6,6,13.0,6.5,6.0,4.034572812303401,41.3,39.61,39.55,1.2431590583849028,11.0,3.9,2.0,3.842742076521226,8.0,4.25,4.0,3.774917217635375,13.0,13.0,13.0,0.0,40.5,40.5,40.5,0.0,2.0,2.0,2.0,0.0,6.0,6.0,6.0,0.0,13.0,10.333333333333334,12.0,3.7859388972001824,41.3,39.9,40.5,1.7776388834631154,11.0,8.0,11.0,5.196152422706633,8.0,7.5,7.5,0.7071067811865476,13.0,7.8,7.0,4.868264577855235,41.3,39.44,39.4,1.4791889669680436,11.0,6.0,4.0,4.636809247747852,8.0,7.5,7.5,0.70710678118655,-1.0,False,0,1,0,61.0,1,0,0.014347202295552367,0.05737704918032787,0.015957446808510637,0.0,0.05263157894736842,0.05944055944055944,0.20833333333333334,0.05451559934318555,0.05569948186528497,0.059534883720930236,0.0,0.08333333333333333,0.05077860528097495,0.06335335882031677,0.05967741935483871,0.11764705882352941,0.034482758620689655,0.09090909090909091,0.0475799835931091,0.023809523809523808,0.015873015873015872,0.0625,0.07142857142857142,0.07725321888412018,0.07253886010362694,0.0627062706270627,0.07407407407407407,0.0,0.09090909090909091,0.013888888888888888,0.05405405405405406
202505040907,2021104511,2025-10-26,11,97.4,4,1.4411503842520295,56.0,1.1840276510648762,0,1,0,15.0,1600,0.0,7,498.0,4.0,0.7346609950277794,1,0,35.9,1.7083333333333333,11,11,6,6,11.0,7.444444444444445,8.0,2.7436796055257213,41.8,38.65555555555555,38.5,1.533876715312471,12.0,5.666666666666667,5.0,3.0413812651491097,12.0,7.0,6.0,4.0,5.0,5.0,5.0,0.0,37.7,37.7,37.7,0.0,8.0,8.0,8.0,0.0,6.0,6.0,6.0,0.0,10.0,7.0,6.0,2.64575131106459,39.4,38.23333333333334,37.7,1.011599393699575,8.0,4.666666666666667,4.0,3.0550504633038935,10.0,6.0,6.0,5.656854249492381,10.0,5.8,5.0,2.4899799195977463,39.5,38.540000000000006,38.5,0.9016651263079782,8.0,4.6,4.0,2.1908902300206647,10.0,5.75,5.5,3.304037933599835,0.0,False,0,1,0,61.5,1,0,0.03333333333333333,0.06756756756756757,0.027777777777777776,0.0,0.05473684210526316,0.06363636363636363,0.0,0.05895008605851979,0.05574043261231281,0.05555555555555555,0.1,0.06313131313131314,0.06278026905829596,0.08571428571428572,0.08333333333333333,0.0,0.06369426751592357,0.05,0.052930056710775046,0.0975609756097561,0.0,0.16666666666666666,0.25,0.047619047619047616,0.0,0.10810810810810811,0.0,0.057971014492753624,0.0,0.0,0.3333333333333333
202505040907,2021103776,2025-10-26,3,96.7,4,1.4411503842520295,56.0,1.1840276510648762,0,1,0,105.0,1600,0.0,8,512.0,4.0,1.222647495374698,1,0,36.3,1.6593406593406594,2,2,6,6,15.0,6.7,4.5,5.034326612809745,48.0,39.53,38.7,3.184005164708262,10.0,5.6,5.0,3.238655413730965,12.0,4.625,3.0,3.814914340921881,11.0,11.0,11.0,0.0,40.7,40.7,40.7,0.0,8.0,8.0,8.0,0.0,9.0,9.0,9.0,0.0,15.0,10.0,11.0,5.567764362830023,40.7,38.3,37.9,2.227105745132001,10.0,9.333333333333334,10.0,1.154700538379253,9.0,9.0,9.0,2.3094010767585025,15.0,10.4,11.0,4.505552130427524,48.0,40.220000000000006,38.2,4.625689137847464,10.0,8.4,8.0,1.6733200530681513,12.0,8.333333333333334,9.0,4.041451884327381,0.0,False,0,1,0,60.4,1,0,0.03571428571428571,0.060461416070007955,0.06912442396313365,0.0,0.04992076069730586,0.05702917771883289,0.16666666666666666,0.056915196357427436,0.05204252937884723,0.06863468634686347,0.0,0.11764705882352941,0.060854300760678756,0.08649289099526067,0.07692307692307693,0.09642857142857143,0.0787037037037037,0.029411764705882353,0.04462809917355372,0.03571428571428571,0.11490683229813664,0.07575757575757576,0.07709750566893424,0.06521739130434782,0.09090909090909091,0.05188679245283019,0.06741573033707865,0.06746031746031746,0.07894736842105263,0.04897959183673469,0.05128205128205128
202505040907,2022101490,2025-10-26,1,96.4,3,-0.6405112818897902,54.0,0.043852875965367584,0,1,0,13.0,1600,0.0,9,458.0,-12.0,-0.6595861488205599,1,0,34.7,1.7729885057471264,12,13,6,6,12.0,5.833333333333333,5.5,4.167333280008532,39.4,37.86666666666667,38.0,1.3276545735494076,9.0,5.333333333333333,5.0,3.011090610836324,6.0,3.5,3.0,1.9148542155126762,9.0,9.0,9.0,0.0,38.9,38.9,38.9,0.0,8.0,8.0,8.0,0.0,6.0,6.0,6.0,0.0,9.0,4.0,2.0,4.358898943540674,38.9,38.300000000000004,38.5,0.7211102550927808,8.0,4.666666666666667,3.0,2.8867513459481287,6.0,4.0,4.0,2.8284271247461903,12.0,5.8,5.0,4.658325879540846,39.4,38.279999999999994,38.5,0.9602083107326146,8.0,4.6,3.0,2.701851217221259,6.0,3.5,3.0,1.9148542155126762,1.0,False,0,1,0,61.7,1,0,0.09803921568627452,0.073,0.05128205128205128,0.0,0.06092436974789916,0.09550561797752809,0.06896551724137931,0.07140228192859772,0.08136882129277566,0.08389261744966443,0.05,0.06313131313131314,0.061908230152949745,0.10304449648711944,0.1590909090909091,0.11979166666666667,0.10588235294117647,0.030303030303030304,0.06330472103004292,0.06896551724137931,0.10714285714285714,0.058823529411764705,0.11178247734138973,0.08865248226950355,0.08620689655172414,0.057494866529774126,0.11764705882352941,0.057971014492753624,0.04,0.0,0.03076923076923077
202505040907,2022105499,2025-10-26,13,99.2,3,-0.6405112818897902,51.0,-1.6664092866838953,0,0,1,7.0,1600,0.0,10,432.0,-2.0,-1.5658467923219803,1,0,38.7,1.5592783505154637,2,2,6,6,13.0,7.2,7.0,4.131182235954578,36.3,35.25,35.1,0.613278983099135,10.0,5.8,6.0,2.2010098692292237,9.0,6.0,5.5,2.9154759474226504,11.0,11.0,11.0,0.0,34.1,34.1,34.1,0.0,10.0,10.0,10.0,0.0,6.0,6.0,6.0,0.0,13.0,10.666666666666666,11.0,2.5166114784235822,35.1,34.73333333333333,35.0,0.5507570547286148,10.0,7.0,7.0,3.0,8.0,6.0,6.0,2.3094010767585025,13.0,10.8,11.0,1.9235384061671341,36.3,35.260000000000005,35.1,0.8384509526501794,10.0,6.4,6.0,2.3021728866442674,9.0,6.0,6.0,2.701851217221259,0.0,False,0,1,0,60.5,1,0,0.0071275837491090515,0.0,0.0,0.0,0.01694915254237288,0.056338028169014086,0.0,0.024154589371980676,0.01652892561983471,0.0,0.05,0.06313131313131314,0.037037037037037035,0.05364238410596026,0.08492569002123142,0.09090909090909091,0.0,0.05263157894736842,0.0,0.04948805460750853,0.027777777777777776,0.04564315352697095,0.0,0.08163265306122448,0.03305785123966942,0.0196078431372549,0.03879310344827586,0.057971014492753624,0.03571428571428571,0.04897959183673469,0.045454545454545456
202505040907,2022104452,2025-10-26,10,97.2,3,-0.6405112818897902,54.0,0.043852875965367584,0,0,1,106.0,1600,0.0,11,468.0,6.0,-0.31102436285847507,0,0,36.8,1.6368563685636857,1,1,6,6,8.0,3.75,3.0,2.5495097567963927,42.9,38.65,38.7,2.575156028559933,2.0,1.375,1.0,0.5175491695067657,2.0,1.3333333333333333,1.0,0.5773502691896258,1.0,1.0,1.0,0.0,39.2,39.2,39.2,0.0,2.0,2.0,2.0,0.0,2.0,2.0,2.0,0.0,2.0,1.6666666666666667,2.0,0.5773502691896314,39.2,38.233333333333334,38.2,0.9504384952921942,2.0,1.6666666666666667,2.0,0.5773502691896258,2.0,2.0,2.0,2.3094010767585025,8.0,3.4,2.0,2.792848008753788,42.9,39.44,39.2,2.131431443889291,2.0,1.4,1.0,0.5477225575051662,2.0,1.5,1.5,0.7071067811865476,0.0,False,0,1,0,60.4,1,0,0.11363636363636363,0.04009433962264151,0.06321839080459771,0.0,0.0455005055611729,0.0547945205479452,0.07692307692307693,0.04690579424517146,0.05168700646087581,0.045940170940170943,0.0,0.0,0.040671971706454466,0.07630878438331855,0.08359133126934984,0.0,0.13043478260869565,0.023809523809523808,0.046819787985865724,0.0,0.04878048780487805,0.08585858585858586,0.0,0.05389221556886228,0.07142857142857142,0.05042016806722689,0.05223880597014925,0.5,0.13513513513513514,0.0,0.02040816326530612
202505040907,2022100511,2025-10-26,2,96.6,3,-0.6405112818897902,54.0,0.043852875965367584,0,0,1,21.0,1600,0.0,12,434.0,-2.0,-1.4961344351295633,0,0,35.9,1.6861111111111111,4,4,6,6,7.0,4.666666666666667,5.0,2.0655911179772892,37.6,34.833333333333336,34.2,2.0549128124245732,13.0,10.333333333333334,9.5,1.751190071541826,7.0,7.0,7.0,2.9154759474226504,5.0,5.0,5.0,0.0,33.3,33.3,33.3,0.0,9.0,9.0,9.0,0.0,6.0,6.0,6.0,0.0,7.0,5.666666666666667,5.0,1.1547005383792512,34.5,33.9,33.9,0.5999999999999736,12.0,10.0,9.0,1.7320508075688776,8.0,6.0,6.0,2.3094010767585025,7.0,4.4,5.0,2.1908902300206647,37.1,34.28,33.9,1.7268468374467953,13.0,10.4,9.0,1.9493588689617927,7.0,7.0,7.0,2.701851217221259,0.0,False,0,1,0,60.7,1,0,0.19607843137254904,0.07195421095666395,0.0847457627118644,0.0,0.06994171523730225,0.07456140350877193,0.09090909090909091,0.07287687334704672,0.0721331689272503,0.07023144453312051,0.030303030303030304,0.0,0.07300115874855156,0.061711079943899017,0.05412371134020619,0.21428571428571427,0.11363636363636363,0.027777777777777776,0.06598114824335904,0.0,0.03333333333333333,0.05291005291005291,0.0,0.09737827715355805,0.07407407407407407,0.09385665529010238,0.0660377358490566,0.0,0.05454545454545454,0.04897959183673469,0.11666666666666667
202505040907,2021101002,2025-10-26,12,98.5,4,1.4411503842520295,54.0,0.043852875965367584,0,0,1,15.0,1600,0.0,13,472.0,10.0,-0.17159964847364115,1,0,37.2,1.6434316353887397,7,9,6,6,16.0,9.1,9.0,3.956710193526379,41.4,39.25,40.0,1.6480628359110288,15.0,8.0,7.0,5.0990195135927845,12.0,7.833333333333333,9.5,4.355073669487885,10.0,10.0,10.0,0.0,37.4,37.4,37.4,0.0,15.0,15.0,15.0,0.0,6.0,6.0,6.0,0.0,12.0,8.666666666666666,10.0,4.163331998932266,40.1,38.5,38.0,1.417744687875765,15.0,8.0,7.0,6.5574385243019995,11.0,11.0,11.0,2.3094010767585025,16.0,9.8,10.0,4.604345773288536,40.1,37.96,37.4,1.2581732790041478,15.0,10.6,14.0,5.856620185738529,11.0,11.0,11.0,2.701851217221259,2.0,False,0,1,0,61.3,1,0,0.01639344262295082,0.03690036900369004,0.044444444444444446,0.0,0.046610169491525424,0.05363984674329502,0.0,0.045012165450121655,0.0622568093385214,0.05084745762711865,0.05,0.06313131313131314,0.016722408026755852,0.06297229219143577,0.0744466800804829,0.16666666666666666,0.03076923076923077,0.0,0.031413612565445025,0.16666666666666666,0.11904761904761904,0.05924170616113744,0.06060606060606061,0.0,0.04878048780487805,0.05154639175257732,0.06132075471698113,0.05319148936170213,0.05405405405405406,0.0625,0.029850746268656716
202505040908,2022110066,2025-10-26,1,94.2,3,-0.6831286510668427,54.0,-0.7070364417450951,1,0,0,14.0,1600,0.0,1,478.0,-6.0,0.13330109879542196,1,0,33.7,1.7899408284023666,1,1,6,6,10.0,5.625,6.0,3.113908889391045,40.9,35.975,35.5,2.2473794262906055,8.0,3.25,2.5,2.3754698783308412,2.0,2.0,2.0,0.0,7.0,7.0,7.0,0.0,34.0,34.0,34.0,0.0,5.0,5.0,5.0,0.0,6.0,6.0,6.0,0.0,10.0,6.666666666666667,7.0,3.511884584284247,40.9,36.800000000000004,35.5,3.6290494623248133,5.0,2.6666666666666665,2.0,2.0816659994661326,2.0,2.0,2.0,2.3094010767585025,10.0,5.8,7.0,3.7013511046643495,40.9,36.42,35.5,2.811938832905159,5.0,2.6,2.0,1.8165902124584945,2.0,2.0,2.0,2.701851217221259,0.0,False,0,1,0,60.5,0,1,0.046511627906976744,0.05737704918032787,0.015957446808510637,0.0,0.05263157894736842,0.05944055944055944,0.20833333333333334,0.05451559934318555,0.05569948186528497,0.059534883720930236,0.0,0.08333333333333333,0.05077860528097495,0.07601935038009675,0.043478260869565216,0.056338028169014086,0.10152284263959391,0.09090909090909091,0.0475799835931091,0.023809523809523808,0.04779411764705882,0.03389830508474576,0.09254498714652956,0.07725321888412018,0.08928571428571429,0.0627062706270627,0.08653846153846154,0.0,0.11475409836065574,0.013888888888888888,0.0684931506849315
202505040908,2022104533,2025-10-26,11,95.3,3,-0.6831286510668427,56.0,0.4093368873261085,1,0,0,13.0,1600,0.0,2,494.0,8.0,0.6331802192782561,1,0,33.6,1.830860534124629,11,12,6,6,14.0,8.4,8.5,3.4058772731852804,38.0,34.75,34.2,1.592517224745505,16.0,12.1,13.5,3.034981237357342,12.0,12.0,12.0,2.9154759474226504,7.0,7.0,7.0,0.0,33.3,33.3,33.3,0.0,14.0,14.0,14.0,0.0,6.0,6.0,6.0,0.0,14.0,11.0,12.0,3.6055512754639905,35.7,34.266666666666666,33.8,1.2662279942148482,16.0,14.333333333333334,14.0,1.5275252316519519,12.0,12.0,12.0,2.3094010767585025,14.0,9.4,11.0,4.39317652729776,35.7,34.08,33.8,0.9731392500562374,16.0,13.2,14.0,2.5884358211089564,12.0,12.0,12.0,2.701851217221259,1.0,False,0,0,1,61.7,0,1,0.016313213703099513,0.04376012965964344,0.06060606060606061,0.0,0.038803556992724336,0.05286343612334802,0.0,0.04431314623338257,0.04768928220255654,0.047107438016528926,0.0,0.18181818181818182,0.040090771558245086,0.020989505247376312,0.007957559681697613,0.058823529411764705,0.046875,0.05,0.039317507418397624,0.02040816326530612,0.05,0.014970059880239521,0.0,0.05067567567567568,0.02531645569620253,0.04785894206549118,0.028985507246376812,0.05555555555555555,0.0,0.0,0.045454545454545456
202505040908,2022101676,2025-10-26,2,94.3,3,-0.6831286510668427,56.0,0.4093368873261085,1,0,0,77.0,1600,0.0,3,520.0,0.0,1.4454837900628617,1,0,33.6,1.801186943620178,2,2,6,6,11.0,4.666666666666667,2.0,5.507570547286102,34.6,34.06666666666667,34.2,0.6110100926607829,14.0,11.333333333333334,13.0,3.7859388972001824,15.0,15.0,15.0,2.9154759474226504,2.0,2.0,2.0,0.0,33.4,33.4,33.4,0.0,14.0,14.0,14.0,0.0,6.0,6.0,6.0,0.0,11.0,4.666666666666667,2.0,5.507570547286102,34.6,34.06666666666667,34.2,0.6110100926607829,14.0,11.333333333333334,13.0,3.7859388972001824,15.0,15.0,15.0,2.3094010767585025,11.0,4.666666666666667,2.0,5.507570547286102,34.6,34.06666666666667,34.2,0.6110100926607829,14.0,11.333333333333334,13.0,3.7859388972001824,15.0,15.0,15.0,2.701851217221259,0.0,False,0,0,1,60.7,0,1,0.11235955056179775,0.09672505712109672,0.053811659192825115,0.2,0.08530465949820788,0.11062590975254731,0.037037037037037035,0.09205479452054795,0.11329220415030847,0.09774436090225563,0.1111111111111111,0.06313131313131314,0.07228260869565217,0.06866666666666667,0.08928571428571429,0.08695652173913043,0.07804878048780488,0.07518796992481203,0.08248175182481751,0.11702127659574468,0.048582995951417005,0.06666666666666667,0.059770114942528735,0.09830508474576272,0.0,0.10040160642570281,0.08,0.1,0.15217391304347827,0.0,0.04081632653061224
202505040908,2021105022,2025-10-26,6,94.7,4,1.3662573021336846,56.0,0.4093368873261085,1,0,0,14.0,1600,0.0,4,478.0,-6.0,0.13330109879542196,1,0,33.7,1.8047337278106506,4,4,6,6,13.0,6.6,6.0,4.501851470969102,36.0,34.42,34.150000000000006,0.9647106647418536,15.0,8.5,8.0,3.4721111093332766,9.0,6.0,5.5,2.9154759474226504,13.0,13.0,13.0,0.0,34.1,34.1,34.1,0.0,5.0,5.0,5.0,0.0,6.0,6.0,6.0,0.0,13.0,8.333333333333334,9.0,5.033222956847167,35.8,34.36666666666667,34.1,1.3203534880225554,6.0,5.0,5.0,1.0000000000000189,8.0,6.0,6.0,2.3094010767585025,13.0,6.2,4.0,4.658325879540847,35.8,34.339999999999996,34.1,1.1304866208850095,12.0,7.0,6.0,3.162277660168379,9.0,6.0,6.0,2.701851217221259,0.0,False,0,1,0,61.0,0,1,0.02288329519450801,0.06960845245494096,0.08518518518518518,0.0,0.07769591426657736,0.09513960703205791,0.10526315789473684,0.07928214447978192,0.07346938775510205,0.06637490882567469,0.07142857142857142,0.08270676691729323,0.08457943925233645,0.06918687589158345,0.2,0.07659574468085106,0.05027932960893855,0.07407407407407407,0.07435508345978756,0.1044776119402985,0.0625,0.06896551724137931,0.06299212598425197,0.10261194029850747,0.16279069767441862,0.0942211055276382,0.06666666666666667,0.057971014492753624,0.10416666666666667,0.0,0.057692307692307696
202505040908,2021103303,2025-10-26,5,94.5,4,1.3662573021336846,58.0,1.525710216397312,1,0,0,13.0,1600,0.0,5,478.0,8.0,0.13330109879542196,0,0,33.3,1.8323353293413176,6,6,6,6,9.0,4.8,4.5,2.4404006956964177,34.1,33.529999999999994,33.45,0.39454615277135296,16.0,12.1,12.0,2.558211180579986,9.0,6.0,5.5,2.9154759474226504,4.0,4.0,4.0,0.0,33.4,33.4,33.4,0.0,11.0,11.0,11.0,0.0,6.0,6.0,6.0,0.0,9.0,5.333333333333333,4.0,3.214550253664318,33.5,33.36666666666667,33.4,0.15275252316526355,13.0,11.0,11.0,2.000000000000001,8.0,6.0,6.0,2.3094010767585025,9.0,4.2,3.0,2.7748873851023217,33.5,33.260000000000005,33.4,0.2792848008753745,13.0,10.6,11.0,1.6733200530681516,9.0,6.0,6.0,2.701851217221259,0.0,False,0,0,1,61.2,0,1,0.13333333333333333,0.04009433962264151,0.06321839080459771,0.0,0.0455005055611729,0.0547945205479452,0.07692307692307693,0.04690579424517146,0.05168700646087581,0.045940170940170943,0.0,0.0,0.040671971706454466,0.042741935483870966,0.04986149584487535,0.0,0.0,0.023809523809523808,0.046819787985865724,0.0,0.017857142857142856,0.04450261780104712,0.0,0.05389221556886228,0.01834862385321101,0.05042016806722689,0.07407407407407407,0.5,0.02631578947368421,0.0,0.0
202505040908,2022105415,2025-10-26,9,94.9,3,-0.6831286510668427,56.0,0.4093368873261085,0,1,0,57.0,1600,0.0,6,460.0,0.0,-0.42906291174776645,0,0,33.7,1.8106508875739644,6,6,6,6,16.0,5.777777777777778,5.0,4.630814663149935,37.3,35.25555555555556,34.6,1.2640323483905676,18.0,7.444444444444445,5.0,5.387743291748205,9.0,6.0,5.5,2.9154759474226504,5.0,5.0,5.0,0.0,34.5,34.5,34.5,0.0,13.0,13.0,13.0,0.0,6.0,6.0,6.0,0.0,16.0,9.0,6.0,6.082762530298218,36.9,35.63333333333333,35.5,1.2055427546683435,18.0,13.666666666666666,13.0,4.041451884327381,8.0,6.0,6.0,2.3094010767585025,16.0,7.2,5.0,4.969909455915671,37.3,35.64,35.5,1.4449913494550684,18.0,10.0,10.0,5.787918451395113,9.0,6.0,6.0,2.701851217221259,0.0,False,0,0,1,61.2,0,1,0.018796992481203006,0.036755386565272496,0.043478260869565216,0.0,0.02807486631016043,0.031825795644891124,0.0,0.0324254215304799,0.029595015576323987,0.035326086956521736,0.0,0.045454545454545456,0.03737373737373737,0.09037238873751136,0.11072664359861592,0.10606060606060606,0.024390243902439025,0.024096385542168676,0.02812939521800281,0.04,0.03125,0.0831889081455806,0.02857142857142857,0.037800687285223365,0.09405940594059406,0.028720626631853787,0.11764705882352941,0.5,0.061855670103092786,0.0,0.11504424778761062
202505040908,2022101134,2025-10-26,3,94.3,3,-0.6831286510668427,54.0,-0.7070364417450951,0,1,0,85.0,1600,0.0,7,458.0,14.0,-0.4915478018081207,0,0,32.8,1.8693009118541035,9,9,6,6,1.0,1.0,1.0,3.4576806613039848,34.0,34.0,34.0,1.237571538153639,13.0,13.0,13.0,3.0983866769659336,9.0,6.0,5.5,2.9154759474226504,6.0,6.0,6.0,0.0,36.3,36.3,36.3,0.0,6.0,6.0,6.0,0.0,6.0,6.0,6.0,0.0,1.0,1.0,1.0,2.6457513110645943,34.0,34.0,34.0,0.960902353693287,13.0,13.0,13.0,2.5166114784235836,8.0,6.0,6.0,2.3094010767585025,1.0,1.0,1.0,3.209361307176242,34.0,34.0,34.0,1.1140017049131967,13.0,13.0,13.0,2.863564212655271,9.0,6.0,6.0,2.701851217221259,0.0,False,0,1,0,61.5,0,1,0.0847457627118644,0.07195421095666395,0.0847457627118644,0.0,0.06994171523730225,0.07456140350877193,0.09090909090909091,0.07287687334704672,0.0721331689272503,0.07023144453312051,0.030303030303030304,0.0,0.07300115874855156,0.07407407407407407,0.09745762711864407,0.0,0.0967741935483871,0.027777777777777776,0.06598114824335904,0.0,0.015873015873015872,0.0611353711790393,0.125,0.09737827715355805,0.07017543859649122,0.09385665529010238,0.08,0.0,0.14285714285714285,0.04897959183673469,0.0
202505040908,2021105713,2025-10-26,15,96.3,4,1.3662573021336846,56.0,0.4093368873261085,0,1,0,7.0,1600,0.0,8,484.0,8.0,0.3207557689764848,1,0,34.7,1.7701149425287355,13,11,6,6,18.0,10.6,11.0,5.660781257427675,44.9,36.94,35.95,3.301245556183639,17.0,7.4,7.0,5.641118880348314,8.0,4.0,3.0,3.605551275463989,17.0,17.0,17.0,0.0,34.1,34.1,34.1,0.0,17.0,17.0,17.0,0.0,6.0,6.0,6.0,0.0,17.0,13.333333333333334,13.0,3.5118845842842488,39.9,36.63333333333333,35.9,2.9687258770949714,17.0,10.333333333333334,11.0,7.023769168568493,8.0,8.0,8.0,2.3094010767585025,17.0,12.0,12.0,3.3911649915626345,39.9,35.980000000000004,35.1,2.282980508020162,17.0,9.0,8.0,5.338539126015656,8.0,8.0,8.0,2.701851217221259,-2.0,False,0,1,0,61.6,0,1,0.006369426751592357,0.032504780114722756,0.028169014084507043,0.0,0.03136882129277566,0.033296337402885685,0.020833333333333332,0.03197492163009404,0.039226519337016576,0.028877005347593583,0.0,0.019230769230769232,0.02252252252252252,0.061633281972265024,0.04702970297029703,0.3333333333333333,0.08333333333333333,0.017241379310344827,0.03796095444685466,0.0,0.13043478260869565,0.0824295010845987,0.0,0.03406813627254509,0.03361344537815126,0.033101045296167246,0.05063291139240506,0.0,0.0,0.0,0.047619047619047616
202505040908,2022101362,2025-10-26,12,95.5,3,-0.6831286510668427,54.0,-0.7070364417450951,0,1,0,21.0,1600,0.0,9,424.0,2.0,-1.5537909328341433,0,0,34.0,1.8035190615835777,9,9,6,6,16.0,7.8,7.0,3.1198290551460235,38.8,35.37,35.5,1.4598706183159584,16.0,9.5,9.0,3.719318934070233,9.0,6.0,5.5,2.9154759474226504,16.0,16.0,16.0,0.0,33.5,33.5,33.5,0.0,16.0,16.0,16.0,0.0,6.0,6.0,6.0,0.0,16.0,10.333333333333334,8.0,4.932882862316247,36.0,34.96666666666667,35.4,1.3051181300301198,16.0,11.333333333333334,13.0,5.686240703077327,8.0,6.0,6.0,2.3094010767585025,16.0,9.0,8.0,4.183300132670378,36.0,35.0,35.4,1.031988372027514,16.0,10.4,10.0,4.277849927241487,9.0,6.0,6.0,2.701851217221259,0.0,False,0,1,0,61.5,0,1,0.0028926815157651145,0.073,0.05128205128205128,0.0,0.06092436974789916,0.09550561797752809,0.06896551724137931,0.07140228192859772,0.08136882129277566,0.08389261744966443,0.05,0.06313131313131314,0.061908230152949745,0.020989505247376312,0.007957559681697613,0.058823529411764705,0.046875,0.030303030303030304,0.06330472103004292,0.06896551724137931,0.05,0.014970059880239521,0.0,0.08865248226950355,0.02531645569620253,0.057494866529774126,0.028985507246376812,0.057971014492753624,0.0,0.0,0.045454545454545456
202505040908,2021103145,2025-10-26,7,94.8,4,1.3662573021336846,56.0,0.4093368873261085,0,1,0,57.0,1600,0.0,10,486.0,-2.0,0.383240659036839,1,0,34.0,1.7829912023460408,2,2,6,6,18.0,8.222222222222221,5.0,6.704061787039589,40.0,37.28888888888889,37.7,1.941934888483933,9.0,3.5555555555555554,2.0,2.6034165586355518,9.0,6.0,5.5,2.9154759474226504,18.0,18.0,18.0,0.0,38.7,38.7,38.7,0.0,2.0,2.0,2.0,0.0,6.0,6.0,6.0,0.0,18.0,10.5,10.5,10.606601717798211,38.7,36.95,36.95,2.4748737341529203,5.0,3.5,3.5,2.1213203435596415,8.0,6.0,6.0,2.3094010767585025,18.0,7.25,4.0,7.22841614740048,38.7,36.275000000000006,35.6,1.660070279636786,5.0,3.0,2.5,1.4142135623730951,9.0,6.0,6.0,2.701851217221259,0.0,False,0,0,1,60.8,0,1,0.032467532467532464,0.03690036900369004,0.044444444444444446,0.0,0.046610169491525424,0.05363984674329502,0.0,0.045012165450121655,0.0622568093385214,0.05084745762711865,0.05,0.06313131313131314,0.016722408026755852,0.10653104925053533,0.09057971014492754,0.09375,0.06896551724137931,0.0,0.031413612565445025,0.16666666666666666,0.024390243902439025,0.13277310924369748,0.01818181818181818,0.0,0.13836477987421383,0.05154639175257732,0.08745247148288973,0.05319148936170213,0.15384615384615385,0.0625,0.1038961038961039
202505040908,2022104844,2025-10-26,8,94.8,3,-0.6831286510668427,54.0,-0.7070364417450951,0,1,0,64.0,1600,0.0,11,428.0,8.0,-1.4288211527134347,1,0,33.1,1.858433734939759,11,12,6,6,6.0,4.25,5.0,2.217355782608345,36.1,34.625,34.55,1.1644025649805736,11.0,8.25,8.5,2.753785273643051,9.0,6.0,5.5,2.9154759474226504,5.0,5.0,5.0,0.0,33.3,33.3,33.3,0.0,7.0,7.0,7.0,0.0,6.0,6.0,6.0,0.0,5.0,3.6666666666666665,5.0,2.3094010767585034,36.1,34.56666666666666,34.3,1.4189197769195192,11.0,9.333333333333334,10.0,2.0816659994661335,8.0,6.0,6.0,2.3094010767585025,6.0,4.25,5.0,2.217355782608345,36.1,34.625,34.55,1.1644025649805736,11.0,8.25,8.5,2.753785273643051,9.0,6.0,6.0,2.701851217221259,1.0,False,0,1,0,61.7,0,1,0.051546391752577324,0.09700598802395209,0.06666666666666667,0.07142857142857142,0.1100123609394314,0.09913793103448276,0.3333333333333333,0.1,0.10497237569060773,0.12048192771084337,0.0963855421686747,0.12654320987654322,0.09623733719247468,0.09722222222222222,0.08947368421052632,0.14285714285714285,0.1111111111111111,0.1069182389937107,0.046875,0.08513931888544891,0.061224489795918366,0.0913978494623656,0.06666666666666667,0.07916666666666666,0.056074766355140186,0.125,0.1261682242990654,0.12021857923497267,0.10256410256410256,0.1016949152542373,0.1694915254237288
202505040908,2022106065,2025-10-26,13,95.5,3,-0.6831286510668427,51.0,-2.3815964353519004,0,0,1,21.0,1600,0.0,12,442.0,0.0,-0.9914269222909549,0,0,33.6,1.836795252225519,15,14,6,6,13.0,7.0,7.5,3.8873012632302006,36.4,34.82,34.75,0.8310635755865255,15.0,9.2,8.5,4.565571644870382,8.0,7.333333333333333,8.0,1.15470053837925,13.0,13.0,13.0,0.0,33.8,33.8,33.8,0.0,13.0,13.0,13.0,0.0,6.0,6.0,6.0,0.0,13.0,9.333333333333334,12.0,5.507570547286103,35.8,34.46666666666666,33.8,1.154700538379247,15.0,14.0,14.0,1.0000000000000135,8.0,6.0,6.0,2.3094010767585025,13.0,8.8,8.0,3.962322551231791,35.8,34.48,34.2,0.843800924389148,15.0,11.4,13.0,3.781534080237808,8.0,8.0,8.0,2.701851217221259,-1.0,False,0,1,0,61.9,0,1,0.0038714672861014324,0.0,0.0,0.0,0.01694915254237288,0.056338028169014086,0.0,0.024154589371980676,0.01652892561983471,0.0,0.05,0.06313131313131314,0.037037037037037035,0.04280701754385965,0.058091286307053944,0.1,0.045454545454545456,0.05263157894736842,0.0,0.04948805460750853,0.0,0.043256997455470736,0.0,0.08163265306122448,0.0379746835443038,0.0196078431372549,0.03636363636363636,0.057971014492753624,0.0,0.04897959183673469,0.015873015873015872
202505040908,2022104822,2025-10-26,10,95.0,3,-0.6831286510668427,54.0,-0.7070364417450951,0,0,1,155.0,1600,0.0,13,438.0,4.0,-1.1163967024116634,1,0,33.1,1.864457831325301,13,14,6,6,5.0,3.25,3.5,1.707825127659933,35.1,34.625,34.75,0.5251983752196252,10.0,8.0,7.5,1.4142135623730951,5.0,5.0,5.0,2.9154759474226504,1.0,1.0,1.0,0.0,33.9,33.9,33.9,0.0,10.0,10.0,10.0,0.0,6.0,6.0,6.0,0.0,4.0,2.6666666666666665,3.0,1.5275252316519465,35.1,34.63333333333333,34.9,0.6429100507328647,10.0,8.333333333333334,8.0,1.5275252316519465,5.0,5.0,5.0,2.3094010767585025,5.0,3.25,3.5,1.707825127659933,35.1,34.625,34.75,0.5251983752196252,10.0,8.0,7.5,1.4142135623730951,5.0,5.0,5.0,2.701851217221259,1.0,False,0,1,0,61.9,0,1,0.03558718861209964,0.06756756756756757,0.027777777777777776,0.0,0.05473684210526316,0.06363636363636363,0.0,0.05895008605851979,0.05574043261231281,0.05555555555555555,0.1,0.06313131313131314,0.06278026905829596,0.18071242397914858,0.15081967213114755,0.125,0.0,0.05,0.052930056710775046,0.0975609756097561,0.0975609756097561,0.2336842105263158,0.05357142857142857,0.047619047619047616,0.1509433962264151,0.10810810810810811,0.22033898305084745,0.057971014492753624,0.07692307692307693,0.0,0.12195121951219512
202505040908,2022101230,2025-10-26,4,94.3,3,-0.6831286510668427,56.0,0.4093368873261085,0,0,1,28.0,1600,0.0,14,526.0,0.0,1.6329384602439243,0,0,33.3,1.8263473053892216,5,4,6,6,10.0,3.142857142857143,2.0,3.0783421635988546,35.4,35.042857142857144,35.0,0.30472470011001784,7.0,3.7142857142857144,2.0,2.563479777846623,4.0,2.2,2.0,1.3038404810405297,2.0,2.0,2.0,0.0,34.6,34.6,34.6,0.0,2.0,2.0,2.0,0.0,6.0,6.0,6.0,0.0,3.0,2.3333333333333335,2.0,0.5773502691896258,35.0,34.8,34.8,0.19999999999998078,7.0,3.6666666666666665,2.0,2.8867513459481287,4.0,3.0,3.0,1.4142135623730951,10.0,3.6,2.0,3.646916505762094,35.4,34.94,34.9,0.29664793948381774,7.0,4.0,2.0,2.7386127875258306,4.0,2.3333333333333335,2.0,1.5275252316519465,-1.0,False,0,0,1,61.0,0,1,0.3846153846153846,0.15538362346872986,0.11920529801324503,0.125,0.13123028391167194,0.15843621399176955,0.08333333333333333,0.14469525959367946,0.14087301587301587,0.16212438853948288,0.030303030303030304,0.10344827586206896,0.1482098251457119,0.09664153529814942,0.10913705583756345,0.0,0.125,0.09,0.11465451784358391,0.06172839506172839,0.03125,0.08571428571428572,0.15384615384615385,0.1320754716981132,0.09774436090225563,0.18292682926829268,0.06790123456790123,0.17794970986460348,0.18032786885245902,0.17746913580246915,0.15853658536585366
202505040908,2021100190,2025-10-26,14,95.8,4,1.3662573021336846,58.0,1.525710216397312,0,0,1,7.0,1600,0.0,15,512.0,0.0,1.1955442298214445,1,0,34.6,1.7636887608069163,6,6,6,6,8.0,4.7,3.5,2.7507574714370344,36.9,34.940000000000005,34.599999999999994,0.9754770912510257,10.0,5.6,6.5,3.306559138036598,6.0,3.3333333333333335,2.0,2.3094010767585034,8.0,8.0,8.0,0.0,34.4,34.4,34.4,0.0,6.0,6.0,6.0,0.0,6.0,6.0,6.0,0.0,8.0,6.333333333333333,8.0,2.886751345948129,36.9,35.63333333333333,35.6,1.250333288900734,8.0,5.666666666666667,6.0,2.516611478423586,6.0,4.0,4.0,2.8284271247461903,8.0,6.0,8.0,2.738612787525831,36.9,35.199999999999996,34.8,1.079351657246144,8.0,5.2,6.0,3.114482300479487,6.0,4.0,4.0,2.8284271247461903,0.0,False,0,0,1,61.2,0,1,0.011764705882352941,0.04153354632587859,0.04477611940298507,0.0,0.046357615894039736,0.037694013303769404,0.0,0.04198473282442748,0.03683640303358613,0.03927492447129909,0.09090909090909091,0.05555555555555555,0.048044692737430165,0.027243589743589744,0.024844720496894408,0.0,0.01282051282051282,0.02857142857142857,0.03496503496503497,0.0,0.01282051282051282,0.028070175438596492,0.0625,0.08421052631578947,0.015267175572519083,0.03597122302158273,0.04591836734693878,0.011363636363636364,0.014705882352941176,0.07142857142857142,0.04838709677419355
202505040909,2022105844,2025-10-26,8,96.4,3,-1.6813429899575123,54.0,-2.330205147437309,1,0,0,56.0,1600,0.0,1,502.0,4.0,0.9980970795781122,1,0,35.2,1.7337110481586402,11,9,6,6,12.0,5.9,6.5,3.7844711945293255,41.0,38.68,38.349999999999994,1.62945116867954,13.0,8.2,8.0,2.2997584414213783,9.0,6.0,7.0,2.598076211353316,1.0,1.0,1.0,0.0,36.1,36.1,36.1,0.0,13.0,13.0,13.0,0.0,8.0,8.0,8.0,0.0,3.0,2.3333333333333335,3.0,1.1547005383792517,37.8,37.099999999999994,37.4,0.8888194417315729,13.0,8.666666666666666,7.0,3.7859388972001833,8.0,5.0,4.0,2.6457513110645907,8.0,4.2,3.0,2.774887385102322,41.0,37.980000000000004,37.6,1.8143869488066706,13.0,8.6,7.0,2.8809720581775866,9.0,6.2,7.0,2.588435821108957,-2.0,False,0,1,0,61.2,1,0,0.09433962264150944,0.060461416070007955,0.06912442396313365,0.0,0.04992076069730586,0.05702917771883289,0.16666666666666666,0.056915196357427436,0.05204252937884723,0.06863468634686347,0.0,0.11764705882352941,0.060854300760678756,0.034237726098191215,0.030501089324618737,0.0,0.05102040816326531,0.029411764705882353,0.04462809917355372,0.03571428571428571,0.029411764705882353,0.023980815347721823,0.0,0.06521739130434782,0.034722222222222224,0.05188679245283019,0.006802721088435374,0.06746031746031746,0.06315789473684211,0.04897959183673469,0.10416666666666667
202505040909,2021103744,2025-10-26,4,95.8,4,-0.12009592785410764,56.0,-0.8155718016030598,1,0,0,14.0,1600,0.0,2,438.0,4.0,-1.077944845944361,0,0,35.7,1.6787709497206702,3,2,6,6,12.0,4.8,4.5,3.190262963734774,36.4,34.4,34.45,0.8881941729649518,14.0,6.2,5.5,3.32665998663324,9.0,6.0,5.5,2.9154759474226504,6.0,6.0,6.0,0.0,33.8,33.8,33.8,0.0,7.0,7.0,7.0,0.0,6.0,6.0,6.0,0.0,7.0,6.0,6.0,0.9999999999999984,34.4,33.96666666666666,33.8,0.37859388972006075,8.0,6.666666666666667,7.0,1.5275252316519465,8.0,6.0,6.0,2.3094010767585025,12.0,7.0,6.0,2.9154759474226504,36.4,34.3,33.8,1.2489995996797112,8.0,6.4,7.0,1.8165902124584945,9.0,6.0,6.0,2.701851217221259,-1.0,False,0,1,0,60.1,1,0,0.0625,0.04009433962264151,0.06321839080459771,0.0,0.0455005055611729,0.0547945205479452,0.07692307692307693,0.04690579424517146,0.05168700646087581,0.045940170940170943,0.0,0.0,0.040671971706454466,0.08924806746310611,0.08629441624365482,0.0,0.09375,0.023809523809523808,0.046819787985865724,0.0,0.02666666666666667,0.10427807486631016,0.0,0.05389221556886228,0.10144927536231885,0.05042016806722689,0.11214953271028037,0.5,0.03278688524590164,0.0,0.08695652173913043
202505040909,2020101764,2025-10-26,9,96.5,5,1.441151134249297,58.0,0.6990615442311894,1,0,0,21.0,1600,0.0,3,480.0,-8.0,0.2844576676797621,0,0,35.6,1.7058823529411764,7,7,6,6,10.0,7.6,8.0,2.1705094128132956,37.6,36.5,36.650000000000006,0.6815016100087109,15.0,12.3,13.0,3.0203016773531446,9.0,6.0,5.5,2.9154759474226504,8.0,8.0,8.0,0.0,36.5,36.5,36.5,0.0,12.0,12.0,12.0,0.0,6.0,6.0,6.0,0.0,9.0,6.666666666666667,8.0,3.214550253664316,36.9,36.4,36.5,0.5567764362830308,15.0,13.0,12.0,1.7320508075688812,8.0,6.0,6.0,2.3094010767585025,9.0,6.6,7.0,2.302172886644267,36.9,36.06,35.8,0.6348228099241857,15.0,12.4,12.0,1.8165902124584965,9.0,6.0,6.0,2.701851217221259,0.0,False,0,0,1,60.9,1,0,0.015313935681470138,0.0,0.0,0.0,0.023529411764705882,0.0,0.0,0.007462686567164179,0.006172839506172839,0.05084745762711865,0.0,0.0,0.009615384615384616,0.042924211938296444,0.05263157894736842,0.04782608695652174,0.0421455938697318,0.016666666666666666,0.0,0.0,0.04642857142857143,0.07936507936507936,0.03283582089552239,0.0,0.04225352112676056,0.0,0.023809523809523808,0.0,0.021739130434782608,0.020833333333333332,0.060240963855421686
202505040909,2021104504,2025-10-26,12,98.3,4,-0.12009592785410764,58.0,0.6990615442311894,0,1,0,13.0,1600,0.0,4,430.0,-4.0,-1.3374500866346701,1,0,38.1,1.5759162303664922,2,3,6,6,12.0,7.9,8.0,3.071373199943851,39.5,36.4,35.7,1.8666666666666598,10.0,2.7,1.5,2.9832867780352594,8.0,4.2,4.0,2.4899799195977463,9.0,9.0,9.0,0.0,34.5,34.5,34.5,0.0,1.0,1.0,1.0,0.0,6.0,6.0,6.0,0.0,9.0,8.333333333333334,9.0,1.1547005383792572,36.9,35.766666666666666,35.9,1.2055427546683106,2.0,1.3333333333333333,1.0,0.5773502691896222,5.0,3.5,3.5,2.1213203435596424,12.0,8.8,9.0,2.0493901531919207,36.9,35.5,35.5,0.9695359714832593,10.0,3.0,1.0,3.937003937005905,5.0,3.5,3.5,2.1213203435596424,1.0,False,1,0,0,60.2,1,0,0.03745318352059925,0.04376012965964344,0.06060606060606061,0.0,0.038803556992724336,0.05286343612334802,0.0,0.04431314623338257,0.04768928220255654,0.047107438016528926,0.0,0.18181818181818182,0.040090771558245086,0.052924791086350974,0.125,0.0182648401826484,0.037037037037037035,0.05,0.039317507418397624,0.02040816326530612,0.06642066420664207,0.056074766355140186,0.03626943005181347,0.05067567567567568,0.14285714285714285,0.04785894206549118,0.041666666666666664,0.05555555555555555,0.13793103448275862,0.0,0.06944444444444445
202505040909,2021102982,2025-10-26,1,95.5,4,-0.12009592785410764,56.0,-0.8155718016030598,0,1,0,21.0,1600,0.0,5,472.0,-2.0,0.024952426989452943,0,0,35.6,1.6778711484593836,1,1,6,6,14.0,7.4,8.5,4.835057163858332,40.4,37.769999999999996,37.95,1.4087425440993593,13.0,5.9,5.5,3.7252889522529364,9.0,9.0,9.0,2.9154759474226504,4.0,4.0,4.0,0.0,37.2,37.2,37.2,0.0,1.0,1.0,1.0,0.0,6.0,6.0,6.0,0.0,14.0,9.0,9.0,4.999999999999999,38.0,36.666666666666664,37.2,1.665332799572912,8.0,4.0,3.0,3.605551275463991,8.0,6.0,6.0,2.3094010767585025,14.0,7.6,9.0,5.128352561983235,38.1,37.06,37.2,1.3334166640626557,8.0,3.6,3.0,2.7018512172212574,9.0,6.0,6.0,2.701851217221259,0.0,False,0,1,0,59.9,1,0,0.14285714285714285,0.05737704918032787,0.015957446808510637,0.0,0.05263157894736842,0.05944055944055944,0.20833333333333334,0.05451559934318555,0.05569948186528497,0.059534883720930236,0.0,0.08333333333333333,0.05077860528097495,0.06493506493506493,0.16666666666666666,0.0625,0.0625,0.09090909090909091,0.0475799835931091,0.023809523809523808,0.1,0.0,0.09302325581395349,0.07725321888412018,0.0,0.0627062706270627,0.0,0.0,0.0,0.013888888888888888,0.0
202505040909,2021102409,2025-10-26,2,95.6,4,-0.12009592785410764,58.0,0.6990615442311894,0,1,0,28.0,1600,0.0,6,530.0,-2.0,1.9063654219941941,1,0,35.2,1.7110481586402264,5,4,6,6,7.0,3.625,3.0,2.5035688811888406,38.8,38.125,38.05,0.525764749130798,12.0,8.0,7.5,3.0237157840738176,10.0,6.25,6.0,2.7124053637210745,4.0,4.0,4.0,0.0,38.8,38.8,38.8,0.0,6.0,6.0,6.0,0.0,5.0,5.0,5.0,0.0,7.0,6.0,7.0,1.7320508075688772,38.8,38.53333333333333,38.8,0.4618802153516958,11.0,8.333333333333334,8.0,2.5166114784235845,10.0,8.0,9.0,2.645751311064593,7.0,4.0,4.0,2.9999999999999996,38.8,38.239999999999995,38.1,0.5594640292279766,11.0,8.6,8.0,2.3021728866442674,10.0,7.4,8.0,2.3021728866442683,-1.0,False,0,0,1,60.4,1,0,0.07407407407407407,0.06756756756756757,0.027777777777777776,0.0,0.05473684210526316,0.06363636363636363,0.0,0.05895008605851979,0.05574043261231281,0.05555555555555555,0.1,0.06313131313131314,0.06278026905829596,0.05115712545676005,0.08235294117647059,0.0,0.034482758620689655,0.05,0.052930056710775046,0.0975609756097561,0.0,0.037037037037037035,0.0,0.047619047619047616,0.06382978723404255,0.10810810810810811,0.019801980198019802,0.057971014492753624,0.0625,0.0,0.046511627906976744
202505040909,2022105554,2025-10-26,3,95.7,3,-1.6813429899575123,56.0,-0.8155718016030598,0,1,0,71.0,1600,0.0,7,450.0,-8.0,-0.6886869849088972,1,0,35.3,1.7062146892655368,4,4,6,6,5.0,2.3333333333333335,2.0,1.505545305418162,38.8,37.5,37.45,1.0620734437881392,13.0,6.5,5.5,3.7282703764614498,11.0,4.8,3.0,3.63318042491699,1.0,1.0,1.0,0.0,38.6,38.6,38.6,0.0,3.0,3.0,3.0,0.0,2.0,2.0,2.0,0.0,5.0,2.3333333333333335,1.0,2.309401076758503,38.6,37.46666666666667,37.6,1.2055427546683453,8.0,5.0,4.0,2.6457513110645907,3.0,2.6666666666666665,3.0,0.5773502691896255,5.0,2.4,2.0,1.6733200530681511,38.8,37.7,37.6,1.0535653752852718,8.0,5.2,4.0,2.16794833886788,5.0,3.25,3.0,1.2583057392117922,0.0,False,0,0,1,60.4,1,0,0.24390243902439027,0.09672505712109672,0.053811659192825115,0.2,0.08530465949820788,0.11062590975254731,0.037037037037037035,0.09205479452054795,0.11329220415030847,0.09774436090225563,0.1111111111111111,0.06313131313131314,0.07228260869565217,0.09951219512195122,0.2,0.0875,0.09523809523809523,0.07518796992481203,0.08248175182481751,0.11702127659574468,0.109375,0.08108108108108109,0.08602150537634409,0.09830508474576272,0.0,0.10040160642570281,0.05714285714285714,0.1,0.22413793103448276,0.0,0.13725490196078433
202505040909,2021103809,2025-10-26,6,96.2,4,-0.12009592785410764,58.0,0.6990615442311894,0,1,0,183.0,1600,0.0,8,482.0,12.0,0.3493339778523394,1,0,34.6,1.77521613832853,12,12,6,6,7.0,4.3,4.0,1.8287822299126928,39.6,38.01,37.849999999999994,1.0300485425454466,15.0,6.9,6.0,4.280446497997869,11.0,6.111111111111111,4.0,3.2956199888808646,1.0,1.0,1.0,0.0,37.9,37.9,37.9,0.0,3.0,3.0,3.0,0.0,4.0,4.0,4.0,0.0,6.0,3.6666666666666665,4.0,2.5166114784235836,38.8,38.43333333333333,38.6,0.472581562625193,12.0,7.0,6.0,4.582575694955839,11.0,8.333333333333334,10.0,3.785938897200182,6.0,4.2,4.0,2.0493901531919203,39.6,38.54,38.6,0.7334848328356591,12.0,6.0,6.0,3.674234614174767,11.0,7.0,6.0,3.3166247903554,0.0,False,0,0,1,61.6,1,0,0.023980815347721823,0.04678362573099415,0.09090909090909091,0.0,0.054279749478079335,0.048109965635738834,0.0,0.05302402651201325,0.04861111111111111,0.049723756906077346,0.07142857142857142,0.3333333333333333,0.0576,0.04360812425328554,0.04068522483940043,0.03571428571428571,0.01639344262295082,0.0,0.04856512141280353,0.125,0.045454545454545456,0.029411764705882353,0.05405405405405406,0.07272727272727272,0.07344632768361582,0.05142857142857143,0.05905511811023622,0.0,0.047058823529411764,0.0,0.04081632653061224
202505040909,2020101412,2025-10-26,7,96.4,5,1.441151134249297,58.0,0.6990615442311894,0,1,0,28.0,1600,0.0,9,498.0,-4.0,0.8683444592329577,1,0,35.8,1.6880222841225627,5,6,6,6,13.0,5.6,5.0,3.7178249316263163,39.6,37.74,38.099999999999994,1.3680480823258931,13.0,4.3,3.0,3.497618237219913,5.0,3.8333333333333335,4.0,1.1690451944500122,6.0,6.0,6.0,0.0,39.4,39.4,39.4,0.0,2.0,2.0,2.0,0.0,3.0,3.0,3.0,0.0,8.0,5.0,6.0,3.605551275463989,39.4,38.56666666666666,38.5,0.8020806277010674,7.0,3.6666666666666665,2.0,2.8867513459481273,5.0,3.3333333333333335,3.0,1.5275252316519468,13.0,7.0,7.0,4.301162633521314,39.6,38.36,38.5,1.2660963628413167,13.0,5.4,3.0,4.722287581247038,5.0,3.3333333333333335,3.0,1.5275252316519468,1.0,False,0,0,1,60.6,1,0,0.06944444444444445,0.04153354632587859,0.04477611940298507,0.0,0.046357615894039736,0.037694013303769404,0.0,0.04198473282442748,0.03683640303358613,0.03927492447129909,0.09090909090909091,0.05555555555555555,0.048044692737430165,0.029885057471264367,0.01834862385321101,0.0,0.0547945205479452,0.02857142857142857,0.03496503496503497,0.0,0.02631578947368421,0.045454545454545456,0.0,0.08421052631578947,0.0625,0.03597122302158273,0.014598540145985401,0.011363636363636364,0.02564102564102564,0.07142857142857142,0.0
202505040909,2021104514,2025-10-26,10,96.8,4,-0.12009592785410764,58.0,0.6990615442311894,0,0,1,7.0,1600,0.0,10,464.0,-2.0,-0.2345528137008562,0,0,35.2,1.745042492917847,12,12,6,6,11.0,6.1,6.0,2.8067379246694517,37.6,36.43,36.45,0.6783149055645995,15.0,11.3,11.0,3.1287200080686177,9.0,6.0,5.5,2.9154759474226504,6.0,6.0,6.0,0.0,36.0,36.0,36.0,0.0,10.0,10.0,10.0,0.0,6.0,6.0,6.0,0.0,10.0,7.333333333333333,6.0,2.3094010767585025,37.2,36.56666666666667,36.5,0.6027713773341722,10.0,8.666666666666666,9.0,1.5275252316519492,8.0,6.0,6.0,2.3094010767585025,11.0,7.6,6.0,2.701851217221259,37.2,36.2,36.2,0.7648529270389127,14.0,10.4,10.0,2.7018512172212596,9.0,6.0,6.0,2.701851217221259,0.0,False,0,0,1,61.6,1,0,0.09090909090909091,0.073,0.05128205128205128,0.0,0.06092436974789916,0.09550561797752809,0.06896551724137931,0.07140228192859772,0.08136882129277566,0.08389261744966443,0.05,0.06313131313131314,0.061908230152949745,0.06862091938707528,0.022222222222222223,0.056451612903225805,0.016666666666666666,0.030303030303030304,0.06330472103004292,0.06896551724137931,0.1,0.11363636363636363,0.06426735218508997,0.08865248226950355,0.11392405063291139,0.057494866529774126,0.041666666666666664,0.057971014492753624,0.1111111111111111,0.0,0.09090909090909091
202505040909,2021106328,2025-10-26,5,96.0,4,-0.12009592785410764,56.0,-0.8155718016030598,0,0,1,22.0,1600,0.0,11,422.0,-16.0,-1.5969553273249792,0,0,35.2,1.7223796033994332,7,7,6,6,11.0,3.888888888888889,3.0,3.2188679859713276,37.6,36.46666666666667,36.6,0.7348469228349527,11.0,8.555555555555555,9.0,2.4037008503093262,9.0,6.0,5.5,2.9154759474226504,7.0,7.0,7.0,0.0,36.5,36.5,36.5,0.0,11.0,11.0,11.0,0.0,6.0,6.0,6.0,0.0,7.0,4.333333333333333,4.0,2.5166114784235836,36.5,35.96666666666667,36.1,0.6110100926607708,11.0,10.666666666666666,11.0,0.5773502691896228,8.0,6.0,6.0,2.3094010767585025,11.0,5.0,4.0,4.06201920231798,37.0,36.08,36.1,0.7014271166700035,11.0,9.0,10.0,2.9154759474226504,9.0,6.0,6.0,2.701851217221259,0.0,False,0,1,0,60.8,1,0,0.14492753623188406,0.06960845245494096,0.08518518518518518,0.0,0.07769591426657736,0.09513960703205791,0.10526315789473684,0.07928214447978192,0.07346938775510205,0.06637490882567469,0.07142857142857142,0.08270676691729323,0.08457943925233645,0.0619865571321882,0.06578947368421052,0.0,0.030303030303030304,0.07407407407407407,0.07435508345978756,0.1044776119402985,0.08,0.0688622754491018,0.015151515151515152,0.10261194029850747,0.0625,0.0942211055276382,0.07692307692307693,0.057971014492753624,0.04819277108433735,0.0,0.07407407407407407
202505040909,2021101023,2025-10-26,11,96.9,4,-0.12009592785410764,58.0,0.6990615442311894,0,0,1,49.0,1600,0.0,12,468.0,8.0,-0.10480019335570162,1,0,35.5,1.7247191011235954,10,10,6,6,11.0,6.0,6.5,3.0912061651652345,37.0,35.45,35.4,1.1433381924094796,14.0,11.1,11.0,1.9119507199599972,9.0,6.0,5.5,2.9154759474226504,8.0,8.0,8.0,0.0,37.0,37.0,37.0,0.0,7.0,7.0,7.0,0.0,6.0,6.0,6.0,0.0,8.0,6.333333333333333,6.0,1.5275252316519476,37.0,36.6,36.5,0.36055512754624114,12.0,10.0,11.0,2.6457513110645894,8.0,6.0,6.0,2.3094010767585025,11.0,6.8,6.0,2.774887385102323,37.0,35.760000000000005,36.3,1.306904740216361,12.0,10.4,11.0,1.949358868961794,9.0,6.0,6.0,2.701851217221259,0.0,False,0,0,1,61.4,1,0,0.05319148936170213,0.03690036900369004,0.044444444444444446,0.0,0.046610169491525424,0.05363984674329502,0.0,0.045012165450121655,0.0622568093385214,0.05084745762711865,0.05,0.06313131313131314,0.016722408026755852,0.02902557014512785,0.03836317135549872,0.027777777777777776,0.013333333333333334,0.0,0.031413612565445025,0.16666666666666666,0.03333333333333333,0.02654867256637168,0.0,0.0,0.03550295857988166,0.05154639175257732,0.03255813953488372,0.05319148936170213,0.0,0.0625,0.0
202505040909,2020102360,2025-10-26,13,99.4,5,1.441151134249297,58.0,0.6990615442311894,0,0,1,22.0,1600,0.0,13,490.0,10.0,0.6088392185426486,0,0,38.0,1.6115485564304461,7,10,6,6,11.0,6.444444444444445,6.0,3.2829526005987013,39.8,37.81111111111111,37.3,1.04695325163597,8.0,4.4,4.0,2.1705094128132942,11.0,5.6,5.5,3.0983866769659336,8.0,8.0,8.0,0.0,37.1,37.1,37.1,0.0,8.0,8.0,8.0,0.0,10.0,10.0,10.0,0.0,11.0,8.333333333333334,8.0,2.5166114784235853,39.2,37.86666666666667,37.3,1.1590225767142377,8.0,7.0,8.0,1.7320508075688767,11.0,9.333333333333334,10.0,2.0816659994661335,11.0,8.0,8.0,2.1213203435596424,39.2,37.720000000000006,37.3,0.9444575162494099,8.0,5.4,5.0,2.5099800796022276,11.0,7.4,7.0,3.2093613071762426,3.0,False,0,0,1,61.4,1,0,0.036231884057971016,0.04551539491298527,0.0449438202247191,0.0,0.04409448818897638,0.053833605220228384,0.09090909090909091,0.0477326968973747,0.05353901996370236,0.0,0.01762114537444934,0.05917159763313609,0.04073319755600815,0.04525862068965517,0.0,0.01904761904761905,0.07662835249042145,0.052873563218390804,0.0,0.03139013452914798,0.043824701195219126,0.125,0.03151862464183381,0.07692307692307693,0.10714285714285714,0.07009345794392523,0.05154639175257732,0.06766917293233082,0.05,0.03164556962025317,0.021052631578947368
202505040910,2020100446,2025-10-26,2,107.5,5,1.0898073777061168,56.0,0.4494660194206299,1,0,0,36.0,1800,0.0,1,454.0,-6.0,-0.6814867347810087,1,0,33.3,2.221556886227545,10,9,7,6,13.0,5.0,5.0,3.5901098714230026,36.0,34.37,34.5,0.9202052911050752,14.0,8.5,8.0,2.990726407487727,13.0,6.8,6.0,3.5637059362410923,5.0,5.0,5.0,0.0,35.1,35.1,35.1,0.0,7.0,7.0,7.0,0.0,6.0,6.0,6.0,0.0,13.0,7.333333333333333,5.0,4.932882862316247,36.0,34.76666666666667,35.1,1.429452109492767,13.0,9.333333333333334,8.0,3.2145502536643193,13.0,9.5,9.5,4.949747468305833,13.0,5.8,5.0,4.207136793592526,36.0,34.6,35.0,1.1335784048754585,13.0,8.4,8.0,2.701851217221259,13.0,7.5,6.0,3.696845502136472,-1.0,False,0,1,0,74.2,0,1,0.1020408163265306,0.06960845245494096,0.08518518518518518,0.0,0.07769591426657736,0.09513960703205791,0.10526315789473684,0.07928214447978192,0.07346938775510205,0.06637490882567469,0.07142857142857142,0.08270676691729323,0.08457943925233645,0.05503439649781113,0.08333333333333333,0.05,0.0502283105022831,0.07407407407407407,0.07435508345978756,0.1044776119402985,0.07166123778501629,0.05970149253731343,0.04896907216494845,0.10261194029850747,0.015151515151515152,0.0942211055276382,0.0273972602739726,0.057971014492753624,0.07246376811594203,0.0,0.0641025641025641
202505040910,2021105467,2025-10-26,8,108.2,4,-0.24217941726802567,56.0,0.4494660194206299,1,0,0,120.0,1800,0.0,2,436.0,2.0,-1.4569716398766397,1,0,34.2,2.157434402332361,7,7,3,6,9.0,5.2,5.0,3.155242550986462,37.9,34.9,34.55,1.3457752825457572,9.0,5.4,6.0,2.4129281427805145,8.0,5.75,5.5,1.707825127659933,3.0,3.0,3.0,0.0,34.5,34.5,34.5,0.0,5.0,5.0,5.0,0.0,6.0,6.0,6.0,0.0,7.0,5.0,5.0,1.9999999999999993,34.6,34.53333333333333,34.5,0.05773502691920359,9.0,5.666666666666667,5.0,3.0550504633038935,6.0,6.0,6.0,2.3094010767585025,9.0,6.6,7.0,2.6076809620810595,37.9,35.220000000000006,34.6,1.4989996664442575,9.0,6.0,6.0,2.2360679774997894,8.0,7.0,7.0,1.4142135623730951,0.0,False,0,1,0,74.0,0,1,0.12195121951219513,0.15538362346872986,0.11920529801324503,0.125,0.13123028391167194,0.15843621399176955,0.08333333333333333,0.14469525959367946,0.14087301587301587,0.16212438853948288,0.030303030303030304,0.10344827586206896,0.1482098251457119,0.10879190385831752,0.09482758620689655,0.15,0.0,0.09,0.11465451784358391,0.06172839506172839,0.0547945205479452,0.14068441064638784,0.06976744186046512,0.1320754716981132,0.05154639175257732,0.18292682926829268,0.07650273224043716,0.17794970986460348,0.2077922077922078,0.17746913580246915,0.10465116279069768
202505040910,2022105317,2025-10-26,3,107.7,3,-1.574166212242168,54.0,-2.0225970873928127,1,0,0,14.0,1800,0.0,3,432.0,-2.0,-1.62930161878678,0,0,33.3,2.227544910179641,9,9,10,6,14.0,5.5,5.0,3.8369548110737797,36.3,34.43,34.3,1.1479934184867462,15.0,9.1,10.0,4.701063709417264,9.0,6.0,5.5,2.9154759474226504,8.0,8.0,8.0,0.0,33.2,33.2,33.2,0.0,15.0,15.0,15.0,0.0,6.0,6.0,6.0,0.0,8.0,5.666666666666667,5.0,2.0816659994661304,33.9,33.5,33.4,0.36055512754639507,15.0,11.666666666666666,11.0,3.0550504633038944,8.0,6.0,6.0,2.3094010767585025,8.0,5.8,5.0,1.6431676725154996,34.7,33.78,33.7,0.5805170109480126,15.0,10.8,11.0,2.683281572999748,9.0,6.0,6.0,2.701851217221259,0.0,False,0,1,0,74.4,0,1,0.11235955056179775,0.04153354632587859,0.04477611940298507,0.0,0.046357615894039736,0.037694013303769404,0.0,0.04198473282442748,0.03683640303358613,0.03927492447129909,0.09090909090909091,0.05555555555555555,0.048044692737430165,0.029885057471264367,0.01834862385321101,0.0,0.0547945205479452,0.02857142857142857,0.03496503496503497,0.0,0.02631578947368421,0.045454545454545456,0.0,0.08421052631578947,0.0625,0.03597122302158273,0.014598540145985401,0.011363636363636364,0.02564102564102564,0.07142857142857142,0.0
202505040910,2021105802,2025-10-26,4,107.7,4,-0.24217941726802567,56.0,0.4494660194206299,0,1,0,28.0,1800,0.0,4,494.0,4.0,1.0418130543203934,1,0,33.6,2.1988130563798216,4,4,6,6,12.0,5.4,5.0,3.1340424729448424,36.8,34.78,34.849999999999994,1.0130262692656202,13.0,5.4,4.5,3.565264521898917,8.0,4.2,5.0,2.7748873851023217,4.0,4.0,4.0,0.0,34.3,34.3,34.3,0.0,6.0,6.0,6.0,0.0,5.0,5.0,5.0,0.0,8.0,4.666666666666667,4.0,3.055050463303893,35.2,34.13333333333333,34.3,1.159022576714275,8.0,6.666666666666667,6.0,1.1547005383792537,5.0,5.0,5.0,0.0,8.0,4.8,5.0,2.1679483388678804,35.2,34.339999999999996,34.4,0.884872872225164,8.0,6.2,6.0,2.049390153191921,8.0,6.0,5.0,1.7320508075688772,0.0,False,0,1,0,74.1,0,1,0.125,0.09700598802395209,0.06666666666666667,0.07142857142857142,0.1100123609394314,0.09913793103448276,0.3333333333333333,0.1,0.10497237569060773,0.12048192771084337,0.0963855421686747,0.12654320987654322,0.09623733719247468,0.05364238410596026,0.08492569002123142,0.09090909090909091,0.0,0.1069182389937107,0.046875,0.08513931888544891,0.027777777777777776,0.04564315352697095,0.0,0.07916666666666666,0.03305785123966942,0.125,0.03879310344827586,0.12021857923497267,0.03571428571428571,0.1016949152542373,0.045454545454545456
202505040910,2021104899,2025-10-26,9,108.4,4,-0.24217941726802567,56.0,0.4494660194206299,0,1,0,22.0,1800,0.0,5,494.0,0.0,1.0418130543203934,0,0,34.6,2.1268011527377517,2,1,1,6,15.0,7.5,8.0,3.9510898637099,39.9,36.04,35.55,2.1056537649332987,10.0,3.8,2.5,3.5213633723318014,10.0,10.0,10.0,2.9154759474226504,8.0,8.0,8.0,0.0,35.9,35.9,35.9,0.0,1.0,1.0,1.0,0.0,6.0,6.0,6.0,0.0,8.0,5.0,6.0,3.605551275463992,35.9,34.96666666666667,35.5,1.2858201014657404,1.0,1.0,1.0,0.0,8.0,6.0,6.0,2.3094010767585025,8.0,5.4,6.0,2.9664793948382653,35.9,34.8,34.7,0.9433981132056619,3.0,1.4,1.0,0.8944271909999169,9.0,6.0,6.0,2.701851217221259,-1.0,False,0,1,0,73.8,0,1,0.07751937984496124,0.04009433962264151,0.06321839080459771,0.0,0.0455005055611729,0.0547945205479452,0.07692307692307693,0.04690579424517146,0.05168700646087581,0.045940170940170943,0.0,0.0,0.040671971706454466,0.05364238410596026,0.08492569002123142,0.09090909090909091,0.0,0.023809523809523808,0.046819787985865724,0.0,0.027777777777777776,0.04564315352697095,0.0,0.05389221556886228,0.03305785123966942,0.05042016806722689,0.03879310344827586,0.5,0.03571428571428571,0.0,0.045454545454545456
202505040910,2020100934,2025-10-26,1,107.5,5,1.0898073777061168,56.0,0.4494660194206299,0,1,0,57.0,1800,0.0,6,500.0,4.0,1.3003080226856036,0,0,33.6,2.192878338278932,6,4,2,6,12.0,6.2,7.5,3.259175083088085,40.2,36.82,37.45,2.356928321165308,15.0,10.7,12.0,3.888730155490635,16.0,8.857142857142858,9.0,3.8483144114694947,2.0,2.0,2.0,0.0,32.4,32.4,32.4,0.0,3.0,3.0,3.0,0.0,6.0,6.0,6.0,0.0,8.0,4.333333333333333,3.0,3.2145502536643176,35.5,33.833333333333336,33.6,1.563116545025805,14.0,9.666666666666666,12.0,5.859465277082315,8.0,6.0,6.0,2.3094010767585025,8.0,4.6,3.0,2.701851217221259,38.5,35.660000000000004,35.5,2.7355072655724983,14.0,10.4,12.0,4.39317652729776,5.0,5.0,5.0,0.0,-2.0,False,0,1,0,73.9,0,1,0.25641025641025644,0.060461416070007955,0.06912442396313365,0.0,0.04992076069730586,0.05702917771883289,0.16666666666666666,0.056915196357427436,0.05204252937884723,0.06863468634686347,0.0,0.11764705882352941,0.060854300760678756,0.03261623872310895,0.041463414634146344,0.0,0.022222222222222223,0.029411764705882353,0.04462809917355372,0.03571428571428571,0.018518518518518517,0.02556818181818182,0.0,0.06521739130434782,0.022388059701492536,0.05188679245283019,0.049723756906077346,0.06746031746031746,0.03614457831325301,0.04897959183673469,0.031914893617021274
202505040910,2021104421,2025-10-26,6,108.1,4,-0.24217941726802567,56.0,0.4494660194206299,0,1,0,57.0,1800,0.0,7,470.0,-2.0,0.00783318085955205,1,0,33.9,2.182352941176471,7,7,7,6,11.0,5.7,6.0,2.7100635498903785,35.6,34.36,34.45,0.7947046970765601,14.0,8.0,6.5,3.091206165165234,12.0,9.75,10.0,2.0615528128088303,6.0,6.0,6.0,0.0,32.9,32.9,32.9,0.0,10.0,10.0,10.0,0.0,6.0,6.0,6.0,0.0,7.0,6.333333333333333,6.0,0.5773502691896357,35.6,34.56666666666667,35.2,1.4571661996262995,10.0,7.333333333333333,6.0,2.3094010767585003,8.0,6.0,6.0,2.3094010767585025,7.0,5.8,6.0,1.6431676725154976,35.6,34.300000000000004,34.1,1.1022703842524284,10.0,7.0,6.0,1.7320508075688763,7.0,7.0,7.0,2.701851217221259,0.0,False,0,1,0,74.2,0,1,0.0591715976331361,0.07195421095666395,0.0847457627118644,0.0,0.06994171523730225,0.07456140350877193,0.09090909090909091,0.07287687334704672,0.0721331689272503,0.07023144453312051,0.030303030303030304,0.0,0.07300115874855156,0.09037238873751136,0.11072664359861592,0.10606060606060606,0.024390243902439025,0.027777777777777776,0.06598114824335904,0.0,0.03125,0.0831889081455806,0.02857142857142857,0.09737827715355805,0.09405940594059406,0.09385665529010238,0.11764705882352941,0.0,0.061855670103092786,0.04897959183673469,0.11504424778761062
202505040910,2020106746,2025-10-26,11,108.8,5,1.0898073777061168,56.0,0.4494660194206299,0,0,1,224.0,1800,0.0,8,478.0,-6.0,0.35249313867983245,1,0,34.8,2.1203438395415475,1,2,3,6,11.0,8.0,8.5,2.4494897427831783,38.1,35.95,36.150000000000006,1.4017845768876225,8.0,2.5,1.5,2.2236106773543898,1.0,1.0,1.0,0.0,9.0,9.0,9.0,0.0,37.8,37.8,37.8,0.0,2.0,2.0,2.0,0.0,6.0,6.0,6.0,0.0,10.0,9.0,9.0,1.0000000000000049,37.8,36.8,36.5,0.8888194417315826,2.0,1.3333333333333333,1.0,0.577350269189623,1.0,1.0,1.0,0.0,11.0,9.4,9.0,1.1401754250991392,37.8,36.379999999999995,36.5,1.00349389634417,3.0,1.6,1.0,0.8944271909999149,1.0,1.0,1.0,0.0,1.0,False,0,1,0,74.0,0,1,0.011350737797956869,0.05737704918032787,0.015957446808510637,0.0,0.05263157894736842,0.05944055944055944,0.20833333333333334,0.05451559934318555,0.05569948186528497,0.059534883720930236,0.0,0.08333333333333333,0.05077860528097495,0.052924791086350974,0.125,0.0182648401826484,0.037037037037037035,0.09090909090909091,0.0475799835931091,0.023809523809523808,0.06642066420664207,0.056074766355140186,0.03626943005181347,0.07725321888412018,0.14285714285714285,0.0627062706270627,0.041666666666666664,0.0,0.13793103448275862,0.013888888888888888,0.06944444444444445
202505040910,2020101284,2025-10-26,10,108.5,5,1.0898073777061168,56.0,0.4494660194206299,0,0,1,49.0,1800,0.0,9,458.0,8.0,-0.5091567558708686,1,0,34.2,2.1661807580174925,11,9,10,6,18.0,11.2,10.0,3.7653389990514503,39.7,35.480000000000004,34.85,1.8274450896143377,15.0,9.7,10.0,4.217687623436435,11.0,7.5,7.5,4.949747468305833,13.0,13.0,13.0,0.0,39.7,39.7,39.7,0.0,12.0,12.0,12.0,0.0,4.0,4.0,4.0,0.0,14.0,12.333333333333334,13.0,2.0816659994661353,39.7,36.6,35.5,2.7221315177632417,15.0,13.333333333333334,13.0,1.5275252316519468,11.0,7.5,7.5,4.949747468305833,14.0,11.2,10.0,2.1679483388678804,39.7,35.660000000000004,34.7,2.33730614169389,15.0,12.2,13.0,2.5884358211089564,11.0,7.5,7.5,4.949747468305833,-2.0,False,0,1,0,74.3,0,1,0.005307855626326964,0.06756756756756757,0.027777777777777776,0.0,0.05473684210526316,0.06363636363636363,0.0,0.05895008605851979,0.05574043261231281,0.05555555555555555,0.1,0.06313131313131314,0.06278026905829596,0.029885057471264367,0.01834862385321101,0.0,0.0547945205479452,0.05,0.052930056710775046,0.0975609756097561,0.02631578947368421,0.045454545454545456,0.0,0.047619047619047616,0.0625,0.10810810810810811,0.014598540145985401,0.057971014492753624,0.02564102564102564,0.0,0.0
202505040910,2022104815,2025-10-26,7,108.2,3,-1.574166212242168,54.0,-2.0225970873928127,0,0,1,64.0,1800,0.0,10,486.0,4.0,0.6971530965001129,0,0,34.2,2.157434402332361,3,3,3,6,11.0,3.75,1.5,4.856267428111155,36.1,34.35,33.95,1.2767145334803702,7.0,5.0,5.0,1.632993161855452,9.0,6.0,5.5,2.9154759474226504,1.0,1.0,1.0,0.0,33.4,33.4,33.4,0.0,3.0,3.0,3.0,0.0,6.0,6.0,6.0,0.0,11.0,4.333333333333333,1.0,5.773502691896258,36.1,34.666666666666664,34.5,1.3576941236277513,7.0,5.0,5.0,1.9999999999999998,8.0,6.0,6.0,2.3094010767585025,11.0,3.75,1.5,4.856267428111155,36.1,34.35,33.95,1.2767145334803702,7.0,5.0,5.0,1.632993161855452,9.0,6.0,6.0,2.701851217221259,0.0,False,0,1,0,74.0,0,1,0.18181818181818182,0.04376012965964344,0.06060606060606061,0.0,0.038803556992724336,0.05286343612334802,0.0,0.04431314623338257,0.04768928220255654,0.047107438016528926,0.0,0.18181818181818182,0.040090771558245086,0.18071242397914858,0.15081967213114755,0.125,0.0,0.05,0.039317507418397624,0.02040816326530612,0.0975609756097561,0.2336842105263158,0.05357142857142857,0.05067567567567568,0.1509433962264151,0.04785894206549118,0.22033898305084745,0.05555555555555555,0.07692307692307693,0.0,0.12195121951219512
202505040910,2021107220,2025-10-26,5,108.0,4,-0.24217941726802567,56.0,0.4494660194206299,0,0,1,35.0,1800,0.0,11,466.0,4.0,-0.16449679805058817,1,0,33.8,2.1887905604719764,4,4,7,6,12.0,6.6,7.0,3.438345855527367,36.1,34.86,35.1,0.8946756084997719,8.0,5.4,5.0,1.6465452046971292,4.0,4.0,4.0,2.9154759474226504,7.0,7.0,7.0,0.0,35.3,35.3,35.3,0.0,5.0,5.0,5.0,0.0,6.0,6.0,6.0,0.0,12.0,8.666666666666666,7.0,2.886751345948129,35.3,34.5,35.1,1.2165525060596218,7.0,6.0,6.0,1.0000000000000029,8.0,6.0,6.0,2.3094010767585025,12.0,5.8,7.0,4.43846820423443,36.1,34.8,35.1,1.126942766958461,7.0,5.2,5.0,1.4832396974191324,4.0,4.0,4.0,2.701851217221259,0.0,False,0,1,0,74.2,0,1,0.012048192771084338,0.035348837209302326,0.04878048780487805,0.0,0.017814726840855107,0.02830188679245283,0.07142857142857142,0.029556650246305417,0.014480408858603067,0.026058631921824105,0.0,0.028985507246376812,0.04105775922059847,0.02972560975609756,0.022950819672131147,0.0,0.04838709677419355,0.13513513513513514,0.01607717041800643,0.058823529411764705,0.0,0.03038674033149171,0.07692307692307693,0.060836501901140684,0.03821656050955414,0.038560411311053984,0.04390243902439024,0.0,0.0,0.0,0.034482758620689655
202505040911,2020110106,2025-10-26,12,82.9,5,-0.044998167710607925,58.0,0.9394583083642929,1,0,0,91.0,1400,0.0,1,506.0,4.0,0.5445767304615131,1,0,36.2,1.2865013774104683,1,1,6,6,16.0,7.3,7.0,5.313504806936127,39.2,37.19,36.85,1.3025189271390878,15.0,4.8,3.0,4.7093288033198295,9.0,6.0,5.5,2.9154759474226504,16.0,16.0,16.0,0.0,38.1,38.1,38.1,0.0,8.0,8.0,8.0,0.0,6.0,6.0,6.0,0.0,16.0,12.0,14.0,5.291502622129182,39.2,37.76666666666667,38.1,1.6258331197676226,10.0,7.0,8.0,3.605551275463987,8.0,6.0,6.0,2.3094010767585025,16.0,9.0,8.0,6.082762530298219,39.2,37.5,38.0,1.3638181696985794,10.0,5.0,3.0,3.8078865529319526,9.0,6.0,6.0,2.701851217221259,0.0,False,0,0,1,46.7,1,0,0.08695652173913043,0.04009433962264151,0.06321839080459771,0.0,0.0455005055611729,0.0547945205479452,0.07692307692307693,0.04690579424517146,0.05168700646087581,0.045940170940170943,0.0,0.0,0.040671971706454466,0.09228971962616822,0.1065989847715736,0.06060606060606061,0.1069182389937107,0.023809523809523808,0.046819787985865724,0.0,0.09375,0.041666666666666664,0.09725685785536159,0.05389221556886228,0.14705882352941177,0.05042016806722689,0.15862068965517243,0.5,0.05172413793103448,0.0,0.02631578947368421
202505040911,2018102969,2025-10-26,3,82.2,7,1.3949431990288457,57.0,-0.06263055389095286,1,0,0,50.0,1400,0.0,2,466.0,-2.0,-1.2156712871918625,1,0,34.8,1.3581661891117478,8,8,6,6,13.0,5.2,4.0,4.022160834399561,37.2,35.91,36.0,0.7187179944564782,15.0,10.7,11.0,3.020301677353145,9.0,6.0,5.5,2.9154759474226504,5.0,5.0,5.0,0.0,36.6,36.6,36.6,0.0,12.0,12.0,12.0,0.0,6.0,6.0,6.0,0.0,13.0,9.333333333333334,10.0,4.041451884327382,37.2,36.333333333333336,36.6,1.0263202878893711,12.0,11.333333333333334,12.0,1.1547005383792506,8.0,6.0,6.0,2.3094010767585025,13.0,7.4,6.0,4.03732584763727,37.2,36.02,36.1,0.9284395510748045,15.0,11.4,12.0,2.6076809620810595,9.0,6.0,6.0,2.701851217221259,0.0,False,0,0,1,47.4,1,0,0.007380073800738007,0.04153354632587859,0.04477611940298507,0.0,0.046357615894039736,0.037694013303769404,0.0,0.04198473282442748,0.03683640303358613,0.03927492447129909,0.09090909090909091,0.05555555555555555,0.048044692737430165,0.09334248455730954,0.125,0.0449438202247191,0.0761904761904762,0.02857142857142857,0.03496503496503497,0.0,0.10964912280701754,0.08108108108108109,0.06278026905829596,0.08421052631578947,0.125,0.03597122302158273,0.107981220657277,0.011363636363636364,0.0625,0.07142857142857142,0.13333333333333333
202505040911,2021103282,2025-10-26,2,82.2,4,-0.7649688510803346,57.0,-0.06263055389095286,1,0,0,77.0,1400,0.0,3,478.0,0.0,-0.6875968818958499,1,0,34.5,1.3786127167630058,8,9,6,6,13.0,4.8,4.0,3.910100879630715,37.3,35.370000000000005,35.2,1.3597793938723979,16.0,7.4,7.0,4.273952113286563,5.0,4.0,4.0,1.0,13.0,13.0,13.0,0.0,33.1,33.1,33.1,0.0,16.0,16.0,16.0,0.0,6.0,6.0,6.0,0.0,13.0,6.333333333333333,3.0,5.773502691896258,37.2,35.06666666666667,34.9,2.055075018906447,16.0,10.333333333333334,9.0,5.1316014394468885,3.0,3.0,3.0,2.3094010767585025,13.0,4.2,3.0,5.019960159204453,37.2,35.52,36.0,1.5865055940651407,16.0,8.8,9.0,4.54972526643093,3.0,3.0,3.0,2.701851217221259,1.0,False,0,0,1,47.7,1,0,0.1923076923076923,0.06960845245494096,0.08518518518518518,0.0,0.07769591426657736,0.09513960703205791,0.10526315789473684,0.07928214447978192,0.07346938775510205,0.06637490882567469,0.07142857142857142,0.08270676691729323,0.08457943925233645,0.12779850746268656,0.15384615384615385,0.1497005988023952,0.11960132890365449,0.07407407407407407,0.07435508345978756,0.1044776119402985,0.12928759894459102,0.12352941176470589,0.12375249500998003,0.10261194029850747,0.16923076923076924,0.0942211055276382,0.12101910828025478,0.057971014492753624,0.06779661016949153,0.0,0.09195402298850575
202505040911,2021102868,2025-10-26,7,82.5,4,-0.7649688510803346,55.0,-2.0668082784014445,1,0,0,50.0,1400,0.0,4,470.0,2.0,-1.039646485426525,1,0,35.7,1.307262569832402,2,2,6,6,7.0,3.6,3.5,1.7763883459298964,38.2,36.88,36.650000000000006,0.8791409948858511,12.0,4.4,3.0,3.0258148581093915,5.0,4.5,4.5,0.7071067811865476,3.0,3.0,3.0,0.0,36.4,36.4,36.4,0.0,12.0,12.0,12.0,0.0,6.0,6.0,6.0,0.0,5.0,4.0,4.0,0.9999999999999998,38.2,37.46666666666667,37.8,0.9451631252505093,12.0,6.666666666666667,5.0,4.725815626252609,5.0,4.5,4.5,0.7071067811865476,5.0,4.0,4.0,1.0,38.2,37.32,37.6,0.782304288624301,12.0,5.0,3.0,4.06201920231798,5.0,4.5,4.5,0.7071067811865476,0.0,False,0,1,0,46.8,1,0,0.08,0.07195421095666395,0.0847457627118644,0.0,0.06994171523730225,0.07456140350877193,0.09090909090909091,0.07287687334704672,0.0721331689272503,0.07023144453312051,0.030303030303030304,0.0,0.07300115874855156,0.1029040404040404,0.0847457627118644,0.0718232044198895,0.10185185185185185,0.027777777777777776,0.06598114824335904,0.0,0.1541501976284585,0.10884353741496598,0.07936507936507936,0.09737827715355805,0.11538461538461539,0.09385665529010238,0.1092436974789916,0.0,0.03333333333333333,0.04897959183673469,0.14432989690721648
202505040911,2020105622,2025-10-26,16,84.5,5,-0.044998167710607925,57.0,-0.06263055389095286,1,0,0,105.0,1400,0.0,5,494.0,-4.0,0.016502325165500396,1,0,36.2,1.330578512396694,14,14,6,6,15.0,6.777777777777778,4.0,4.8933060853010675,39.9,36.72222222222222,36.2,1.3103222674000663,16.0,9.777777777777779,10.0,6.119186583561941,16.0,16.0,16.0,2.9154759474226504,14.0,14.0,14.0,0.0,39.9,39.9,39.9,0.0,16.0,16.0,16.0,0.0,16.0,16.0,16.0,0.0,14.0,11.5,11.5,3.5355339059327378,39.9,38.4,38.4,2.1213203435596757,16.0,15.5,15.5,0.7071067811865008,16.0,16.0,16.0,2.3094010767585025,15.0,11.25,11.5,3.8622100754188238,39.9,37.25,36.55,1.808314132002518,16.0,15.5,15.5,0.5773502691896291,16.0,16.0,16.0,2.701851217221259,0.0,False,0,0,1,48.3,1,0,0.004757373929590866,0.06756756756756757,0.027777777777777776,0.0,0.05473684210526316,0.06363636363636363,0.0,0.05895008605851979,0.05574043261231281,0.05555555555555555,0.1,0.06313131313131314,0.06278026905829596,0.06862091938707528,0.022222222222222223,0.056451612903225805,0.016666666666666666,0.05,0.052930056710775046,0.0975609756097561,0.1,0.11363636363636363,0.06426735218508997,0.047619047619047616,0.11392405063291139,0.10810810810810811,0.041666666666666664,0.057971014492753624,0.1111111111111111,0.0,0.09090909090909091
202505040911,2021101457,2025-10-26,5,82.4,4,-0.7649688510803346,55.0,-2.0668082784014445,1,0,0,91.0,1400,0.0,6,490.0,6.0,-0.15952247659983718,1,0,34.4,1.391304347826087,13,13,6,6,15.0,4.4,3.0,4.1952353926806065,40.1,36.84,36.85,1.5464655041595843,7.0,2.9,2.5,1.9119507199599979,9.0,6.0,5.5,2.9154759474226504,7.0,7.0,7.0,0.0,37.4,37.4,37.4,0.0,1.0,1.0,1.0,0.0,6.0,6.0,6.0,0.0,15.0,7.666666666666667,7.0,7.023769168568492,40.1,37.900000000000006,37.4,1.9974984355438181,7.0,3.3333333333333335,2.0,3.2145502536643185,8.0,6.0,6.0,2.3094010767585025,15.0,5.2,2.0,6.016643582596529,40.1,37.540000000000006,37.4,1.5372052563011926,7.0,3.2,2.0,2.3874672772626644,9.0,6.0,6.0,2.701851217221259,0.0,False,0,1,0,48.0,1,0,0.06666666666666667,0.09700598802395209,0.06666666666666667,0.07142857142857142,0.1100123609394314,0.09913793103448276,0.3333333333333333,0.1,0.10497237569060773,0.12048192771084337,0.0963855421686747,0.12654320987654322,0.09623733719247468,0.08821788040260509,0.12643678160919541,0.07692307692307693,0.10232558139534884,0.1069182389937107,0.046875,0.08513931888544891,0.0944055944055944,0.047619047619047616,0.0746606334841629,0.07916666666666666,0.12121212121212122,0.125,0.13392857142857142,0.12021857923497267,0.06896551724137931,0.1016949152542373,0.06329113924050633
202505040911,2019100252,2025-10-26,9,82.8,6,0.6749725156591189,58.0,0.9394583083642929,0,1,0,225.0,1400,0.0,7,544.0,-10.0,2.21681234723222,1,0,35.9,1.3027777777777778,3,3,6,6,14.0,7.9,8.5,4.72463990397387,37.9,36.760000000000005,36.75,0.5891613625409426,9.0,5.8,5.5,1.6193277068654817,9.0,6.0,5.5,2.9154759474226504,10.0,10.0,10.0,0.0,36.5,36.5,36.5,0.0,6.0,6.0,6.0,0.0,6.0,6.0,6.0,0.0,14.0,10.666666666666666,10.0,3.0550504633038904,37.4,36.93333333333333,36.9,0.45092497528229264,9.0,6.666666666666667,6.0,2.0816659994661304,8.0,6.0,6.0,2.3094010767585025,14.0,8.8,10.0,4.868264577855234,37.4,36.78,36.9,0.4969909455915693,9.0,6.0,5.0,1.7320508075688783,9.0,6.0,6.0,2.701851217221259,0.0,False,0,0,1,46.9,1,0,0.00522466039707419,0.04551539491298527,0.0449438202247191,0.0,0.04409448818897638,0.053833605220228384,0.09090909090909091,0.0477326968973747,0.05353901996370236,0.0,0.01762114537444934,0.05917159763313609,0.04073319755600815,0.06701940035273368,0.08695652173913043,0.04843304843304843,0.08021390374331551,0.052873563218390804,0.0,0.03139013452914798,0.05337078651685393,0.0,0.07001795332136446,0.07692307692307693,0.15384615384615385,0.07009345794392523,0.08,0.06766917293233082,0.1267605633802817,0.03164556962025317,0.08771929824561403
202505040911,2016102663,2025-10-26,11,82.9,9,2.834884565768299,57.0,-0.06263055389095286,0,1,0,105.0,1400,0.0,8,488.0,14.0,-0.24753487748250594,1,0,35.6,1.3249299719887953,6,6,6,6,13.0,9.5,9.5,2.0138409955990957,40.8,37.79,37.9,1.4775730852388407,14.0,7.5,7.0,4.034572812303401,15.0,7.0,5.0,5.147815070493503,10.0,10.0,10.0,0.0,38.8,38.8,38.8,0.0,13.0,13.0,13.0,0.0,15.0,15.0,15.0,0.0,10.0,9.666666666666666,10.0,0.5773502691896368,38.8,37.86666666666667,38.5,1.365039681962877,13.0,9.666666666666666,9.0,3.0550504633038935,15.0,12.0,12.0,4.242640687119285,10.0,9.2,9.0,0.8366600265340765,38.8,37.4,37.5,1.2884098726725233,14.0,9.8,9.0,3.563705936241094,15.0,12.0,12.0,4.242640687119285,0.0,False,1,0,0,47.3,1,0,0.0035026269702276708,0.035348837209302326,0.04878048780487805,0.0,0.017814726840855107,0.02830188679245283,0.07142857142857142,0.029556650246305417,0.014480408858603067,0.026058631921824105,0.0,0.028985507246376812,0.04105775922059847,0.08294930875576037,0.25,0.08163265306122448,0.06060606060606061,0.13513513513513514,0.01607717041800643,0.058823529411764705,0.08695652173913043,0.0,0.10256410256410256,0.060836501901140684,0.07142857142857142,0.038560411311053984,0.0,0.0,0.1111111111111111,0.0,0.0
202505040911,2021110148,2025-10-26,4,82.2,4,-0.7649688510803346,58.0,0.9394583083642929,0,1,0,50.0,1400,0.0,9,498.0,6.0,0.19252712693083796,1,0,34.3,1.3924418604651163,11,11,6,6,13.0,6.9,6.0,4.04007700696685,37.8,35.29,34.95,1.3763478242556728,10.0,5.0,5.0,2.9814239699997196,9.0,6.0,5.5,2.9154759474226504,6.0,6.0,6.0,0.0,37.3,37.3,37.3,0.0,6.0,6.0,6.0,0.0,6.0,6.0,6.0,0.0,12.0,8.333333333333334,7.0,3.21455025366432,37.8,36.733333333333334,37.3,1.436430761761028,6.0,5.333333333333333,6.0,1.1547005383792524,8.0,6.0,6.0,2.3094010767585025,13.0,8.2,7.0,4.207136793592526,37.8,35.9,35.1,1.5280706789936032,10.0,5.6,6.0,2.9664793948382644,9.0,6.0,6.0,2.701851217221259,0.0,False,0,0,1,47.9,1,0,0.0558659217877095,0.05737704918032787,0.015957446808510637,0.0,0.05263157894736842,0.05944055944055944,0.20833333333333334,0.05451559934318555,0.05569948186528497,0.059534883720930236,0.0,0.08333333333333333,0.05077860528097495,0.11585365853658537,0.057692307692307696,0.12903225806451613,0.11695906432748537,0.09090909090909091,0.0475799835931091,0.023809523809523808,0.11618257261410789,0.12195121951219512,0.1388888888888889,0.07725321888412018,0.08620689655172414,0.0627062706270627,0.10714285714285714,0.0,0.07272727272727272,0.013888888888888888,0.08955223880597014
202505040911,2020102625,2025-10-26,14,83.0,5,-0.044998167710607925,57.0,-0.06263055389095286,0,1,0,85.0,1400,0.0,10,464.0,4.0,-1.3036836880745313,1,0,35.1,1.3607954545454544,12,11,6,6,8.0,3.9,4.0,2.0789954839350244,34.6,33.84,34.0,0.5541760650832024,13.0,7.1,6.5,3.2128215360057304,9.0,6.0,5.5,2.9154759474226504,1.0,1.0,1.0,0.0,32.9,32.9,32.9,0.0,6.0,6.0,6.0,0.0,6.0,6.0,6.0,0.0,5.0,3.0,3.0,2.000000000000002,34.6,33.6,33.3,0.8888194417315548,6.0,4.666666666666667,5.0,1.5275252316519492,8.0,6.0,6.0,2.3094010767585025,8.0,4.2,4.0,2.5884358211089578,34.6,33.86,34.1,0.7300684899377553,7.0,5.6,6.0,1.6733200530681505,9.0,6.0,6.0,2.701851217221259,-1.0,False,0,0,1,47.9,1,0,0.04807692307692307,0.04376012965964344,0.06060606060606061,0.0,0.038803556992724336,0.05286343612334802,0.0,0.04431314623338257,0.04768928220255654,0.047107438016528926,0.0,0.18181818181818182,0.040090771558245086,0.12877871825876663,0.08695652173913043,0.125,0.10218978102189781,0.05,0.039317507418397624,0.02040816326530612,0.15718157181571815,0.09405940594059406,0.14054054054054055,0.05067567567567568,0.05555555555555555,0.04785894206549118,0.16363636363636364,0.05555555555555555,0.06896551724137931,0.0,0.10112359550561797
202505040911,2020106756,2025-10-26,13,83.0,5,-0.044998167710607925,57.0,-0.06263055389095286,0,1,0,148.0,1400,0.0,11,518.0,-2.0,1.0726511357575257,1,0,35.4,1.3408450704225352,8,9,6,6,15.0,7.3,7.5,4.498147766951784,38.1,36.12,36.05,0.9449279807947758,14.0,10.8,11.5,3.0840089349921,9.0,6.0,5.5,2.9154759474226504,15.0,15.0,15.0,0.0,38.1,38.1,38.1,0.0,8.0,8.0,8.0,0.0,6.0,6.0,6.0,0.0,15.0,10.666666666666666,9.0,3.7859388972001824,38.1,36.833333333333336,36.5,1.13724814061547,8.0,7.333333333333333,7.0,0.5773502691896241,8.0,6.0,6.0,2.3094010767585025,15.0,10.0,9.0,4.0,38.1,36.76,36.5,0.8294576541331166,14.0,8.8,8.0,2.9495762407505244,9.0,6.0,6.0,2.701851217221259,1.0,False,0,0,1,47.6,1,0,0.01584786053882726,0.032504780114722756,0.028169014084507043,0.0,0.03136882129277566,0.033296337402885685,0.020833333333333332,0.03197492163009404,0.039226519337016576,0.028877005347593583,0.0,0.019230769230769232,0.02252252252252252,0.05662983425414365,0.06921241050119331,0.0,0.0392156862745098,0.017241379310344827,0.03796095444685466,0.0,0.034482758620689655,0.06221198156682028,0.0,0.03406813627254509,0.0625,0.033101045296167246,0.04854368932038835,0.0,0.03636363636363636,0.0,0.034482758620689655
202505040911,2021101444,2025-10-26,6,82.5,4,-0.7649688510803346,57.0,-0.06263055389095286,0,1,0,84.0,1400,0.0,12,506.0,6.0,0.5445767304615131,1,0,35.5,1.3202247191011236,3,3,6,6,12.0,4.428571428571429,2.0,4.197504927816954,39.6,37.699999999999996,37.9,1.1474609652039018,7.0,3.857142857142857,3.0,1.9518001458970666,4.0,2.75,2.5,0.9574271077563381,5.0,5.0,5.0,0.0,38.1,38.1,38.1,0.0,2.0,2.0,2.0,0.0,2.0,2.0,2.0,0.0,12.0,6.333333333333333,5.0,5.131601439446885,39.6,38.46666666666667,38.1,1.0016652800877714,4.0,3.0,3.0,1.000000000000001,4.0,3.0,3.0,1.0,12.0,5.8,5.0,4.266145801540309,39.6,37.84,37.9,1.318332279814162,7.0,3.6,3.0,2.073644135332772,4.0,2.75,2.5,0.9574271077563381,0.0,False,0,0,1,47.0,1,0,0.10989010989010989,0.073,0.05128205128205128,0.0,0.06092436974789916,0.09550561797752809,0.06896551724137931,0.07140228192859772,0.08136882129277566,0.08389261744966443,0.05,0.06313131313131314,0.061908230152949745,0.09508881922675026,0.08080808080808081,0.10931174089068826,0.09433962264150944,0.030303030303030304,0.06330472103004292,0.06896551724137931,0.11494252873563218,0.1015625,0.07933194154488518,0.08865248226950355,0.1346153846153846,0.057494866529774126,0.08,0.057971014492753624,0.046875,0.0,0.07272727272727272
202505040911,2021110126,2025-10-26,1,82.1,4,-0.7649688510803346,59.0,1.9415471706195386,0,0,1,50.0,1400,0.0,13,488.0,0.0,-0.24753487748250594,1,0,34.8,1.3553008595988538,6,6,6,6,11.0,3.5,2.0,3.5668224265054493,36.9,35.78,35.7,0.6957010852370407,11.0,7.7,7.5,2.057506581601462,9.0,6.0,5.5,2.9154759474226504,1.0,1.0,1.0,0.0,36.0,36.0,36.0,0.0,9.0,9.0,9.0,0.0,6.0,6.0,6.0,0.0,4.0,2.3333333333333335,2.0,1.5275252316519492,36.9,36.199999999999996,36.0,0.624499799839832,11.0,8.666666666666666,9.0,2.516611478423584,8.0,6.0,6.0,2.3094010767585025,4.0,2.2,2.0,1.095445115010334,36.9,35.7,35.7,0.8154753215150053,11.0,8.4,9.0,1.949358868961793,9.0,6.0,6.0,2.701851217221259,0.0,False,0,0,1,47.3,1,0,0.2631578947368421,0.15538362346872986,0.11920529801324503,0.125,0.13123028391167194,0.15843621399176955,0.08333333333333333,0.14469525959367946,0.14087301587301587,0.16212438853948288,0.030303030303030304,0.10344827586206896,0.1482098251457119,0.12406417112299466,0.11764705882352941,0.09055118110236221,0.05649717514124294,0.09,0.11465451784358391,0.06172839506172839,0.13761467889908258,0.08759124087591241,0.1342281879194631,0.1320754716981132,0.10204081632653061,0.18292682926829268,0.12871287128712872,0.17794970986460348,0.11904761904761904,0.17746913580246915,0.22282608695652173
202505040911,2020102343,2025-10-26,8,82.6,5,-0.044998167710607925,57.0,-0.06263055389095286,0,0,1,50.0,1400,0.0,14,530.0,-8.0,1.6007255410535386,1,0,35.4,1.3295774647887324,5,5,6,6,15.0,6.2,4.0,5.4731668671396765,40.8,37.95,38.0,1.3882442948639206,6.0,2.2,1.0,1.7511900715418263,3.0,1.2857142857142858,1.0,0.7559289460184544,10.0,10.0,10.0,0.0,38.0,38.0,38.0,0.0,3.0,3.0,3.0,0.0,6.0,6.0,6.0,0.0,13.0,8.0,10.0,6.2449979983984,38.3,37.4,38.0,1.30766968306223,6.0,4.333333333333333,4.0,1.527525231651946,8.0,6.0,6.0,2.3094010767585025,15.0,10.0,11.0,5.385164807134505,40.8,38.2,38.0,1.7421251390184491,6.0,3.4,3.0,1.8165902124584952,3.0,2.0,2.0,1.4142135623730954,0.0,False,0,0,1,47.2,1,0,0.03663003663003663,0.060461416070007955,0.06912442396313365,0.0,0.04992076069730586,0.05702917771883289,0.16666666666666666,0.056915196357427436,0.05204252937884723,0.06863468634686347,0.0,0.11764705882352941,0.060854300760678756,0.09427374301675978,0.07352941176470588,0.08181818181818182,0.08900523560209424,0.029411764705882353,0.04462809917355372,0.03571428571428571,0.07806691449814127,0.14285714285714285,0.10621761658031088,0.06521739130434782,0.09615384615384616,0.05188679245283019,0.07777777777777778,0.06746031746031746,0.21568627450980393,0.04897959183673469,0.05357142857142857
202505040911,2021102078,2025-10-26,15,83.8,4,-0.7649688510803346,57.0,-0.06263055389095286,0,0,1,64.0,1400,0.0,15,476.0,-4.0,-0.7756092827785186,1,0,35.1,1.3835227272727273,16,16,6,6,14.0,5.9,3.0,5.087020520675907,39.4,37.480000000000004,37.25,1.1717034133640174,5.0,2.7,2.0,1.6363916944844772,9.0,4.5,4.5,3.0166206257996713,12.0,12.0,12.0,0.0,38.8,38.8,38.8,0.0,5.0,5.0,5.0,0.0,6.0,6.0,6.0,0.0,12.0,8.333333333333334,12.0,6.350852961085886,39.4,38.9,38.8,0.458257569495546,5.0,3.6666666666666665,5.0,2.3094010767585034,9.0,5.333333333333333,6.0,4.041451884327381,12.0,6.2,3.0,5.357238094391549,39.4,38.36,38.5,0.8443932733033793,5.0,3.6,5.0,1.9493588689617927,9.0,5.0,6.0,3.082207001484488,0.0,False,0,0,1,48.7,1,0,0.031545741324921134,0.036755386565272496,0.043478260869565216,0.0,0.02807486631016043,0.031825795644891124,0.0,0.0324254215304799,0.029595015576323987,0.035326086956521736,0.0,0.045454545454545456,0.03737373737373737,0.08951048951048951,0.11282051282051282,0.0,0.2631578947368421,0.024096385542168676,0.02812939521800281,0.04,0.02857142857142857,0.10309278350515463,0.0,0.037800687285223365,0.05434782608695652,0.028720626631853787,0.045454545454545456,0.5,0.1111111111111111,0.0,0.09375
202505040911,2019101759,2025-10-26,10,82.8,6,0.6749725156591189,57.0,-0.06263055389095286,0,0,1,133.0,1400,0.0,16,482.0,6.0,-0.5115720801305123,1,0,34.5,1.3959537572254335,15,14,6,6,9.0,3.3,2.5,2.496664441476533,36.4,35.79,35.849999999999994,0.4508017549014489,15.0,11.8,12.0,1.8737959096740247,9.0,6.0,5.5,2.9154759474226504,1.0,1.0,1.0,0.0,35.2,35.2,35.2,0.0,11.0,11.0,11.0,0.0,6.0,6.0,6.0,0.0,4.0,2.6666666666666665,3.0,1.5275252316519428,35.9,35.5,35.4,0.3605551275463966,12.0,10.666666666666666,11.0,1.5275252316519443,8.0,6.0,6.0,2.3094010767585025,4.0,2.4,2.0,1.1401754250991372,36.4,35.739999999999995,35.8,0.4669047011971303,15.0,11.4,11.0,2.302172886644268,9.0,6.0,6.0,2.701851217221259,-1.0,False,0,0,1,48.3,1,0,0.06024096385542168,0.09672505712109672,0.053811659192825115,0.2,0.08530465949820788,0.11062590975254731,0.037037037037037035,0.09205479452054795,0.11329220415030847,0.09774436090225563,0.1111111111111111,0.06313131313131314,0.07228260869565217,0.07644787644787644,0.0851063829787234,0.0,0.0975609756097561,0.07518796992481203,0.08248175182481751,0.11702127659574468,0.07042253521126761,0.08022922636103152,0.03125,0.09830508474576272,0.04838709677419355,0.10040160642570281,0.06936416184971098,0.1,0.09615384615384616,0.0,0.09230769230769231
202505040912,2022102260,2025-10-26,7,96.8,3,-0.6527898462003519,56.0,-0.3578735491105714,1,0,0,14.0,1600,0.0,1,486.0,2.0,-0.5678690030299652,1,0,36.1,1.6767955801104972,4,3,6,6,11.0,4.666666666666667,2.0,4.546060565661952,40.6,39.11666666666667,39.3,1.3166877635440646,9.0,5.333333333333333,4.5,2.6583202716502514,13.0,6.0,3.0,4.795831523312719,2.0,2.0,2.0,0.0,36.8,36.8,36.8,0.0,2.0,2.0,2.0,0.0,6.0,6.0,6.0,0.0,11.0,7.666666666666667,10.0,4.932882862316246,39.9,38.53333333333333,38.9,1.582192571507436,9.0,5.333333333333333,5.0,3.511884584284246,13.0,11.0,11.0,2.828427124746189,11.0,5.2,2.0,4.868264577855234,40.6,39.18,39.7,1.461848145328373,9.0,4.8,4.0,2.588435821108957,13.0,7.0,6.0,4.898979485566356,-1.0,False,0,0,1,60.7,1,0,0.07462686567164178,0.073,0.05128205128205128,0.0,0.06092436974789916,0.09550561797752809,0.06896551724137931,0.07140228192859772,0.08136882129277566,0.08389261744966443,0.05,0.06313131313131314,0.061908230152949745,0.06335335882031677,0.05967741935483871,0.11764705882352941,0.034482758620689655,0.030303030303030304,0.06330472103004292,0.06896551724137931,0.015873015873015872,0.0625,0.07142857142857142,0.08865248226950355,0.07253886010362694,0.057494866529774126,0.07407407407407407,0.057971014492753624,0.09090909090909091,0.0,0.05405405405405406
202505040912,2022105694,2025-10-26,5,96.7,3,-0.6527898462003519,56.0,-0.3578735491105714,1,0,0,176.0,1600,0.0,2,540.0,14.0,1.8853250900594845,1,0,35.8,1.6963788300835654,7,6,6,6,13.0,7.166666666666667,7.5,4.355073669487885,41.1,38.916666666666664,38.650000000000006,1.364429062526399,15.0,7.166666666666667,6.0,4.665476038590989,15.0,9.0,9.0,4.195235392680606,10.0,10.0,10.0,0.0,38.1,38.1,38.1,0.0,15.0,15.0,15.0,0.0,12.0,12.0,12.0,0.0,13.0,9.0,10.0,4.582575694955841,38.7,38.0,38.1,0.7549834435270923,15.0,9.333333333333334,10.0,6.027713773341708,15.0,11.666666666666666,12.0,3.5118845842842457,13.0,8.4,9.0,3.507135583350037,41.1,38.74,38.6,1.4467204291085423,15.0,7.6,7.0,5.079370039680118,15.0,10.0,10.0,3.807886552931954,-1.0,False,0,0,1,60.9,1,0,0.10638297872340426,0.035348837209302326,0.04878048780487805,0.0,0.017814726840855107,0.02830188679245283,0.07142857142857142,0.029556650246305417,0.014480408858603067,0.026058631921824105,0.0,0.028985507246376812,0.04105775922059847,0.1049552649690296,0.09714285714285714,0.11479591836734694,0.125,0.13513513513513514,0.01607717041800643,0.058823529411764705,0.10698689956331878,0.10702341137123746,0.07965860597439545,0.060836501901140684,0.12903225806451613,0.038560411311053984,0.12962962962962962,0.0,0.11920529801324503,0.0,0.1072961373390558
202505040912,2022102732,2025-10-26,15,98.0,3,-0.6527898462003519,56.0,-0.3578735491105714,1,0,0,13.0,1600,0.0,3,494.0,0.0,-0.20443284109078746,0,0,36.8,1.6585365853658538,11,11,6,6,17.0,7.5,5.0,5.9281411203561225,40.5,35.8625,35.4,2.0290303806779946,17.0,10.25,11.5,4.743416490252569,6.0,6.0,6.0,2.9154759474226504,17.0,17.0,17.0,0.0,34.6,34.6,34.6,0.0,17.0,17.0,17.0,0.0,6.0,6.0,6.0,0.0,17.0,14.333333333333334,13.0,2.3094010767585043,36.0,35.300000000000004,35.3,0.700000000000001,17.0,13.666666666666666,12.0,2.88675134594813,8.0,6.0,6.0,2.3094010767585025,17.0,10.6,13.0,5.412947441089743,40.5,36.38,35.5,2.35732899697942,17.0,12.2,12.0,4.54972526643093,6.0,6.0,6.0,2.701851217221259,0.0,False,0,0,1,61.2,1,0,0.005249343832020997,0.021352313167259787,0.058823529411764705,0.0,0.018604651162790697,0.03460207612456748,0.11764705882352941,0.028083028083028084,0.027888446215139442,0.029411764705882353,0.05263157894736842,0.0,0.023333333333333334,0.07604306864064603,0.08716707021791767,0.0625,0.03508771929824561,0.0,0.0053475935828877,0.08333333333333333,0.0625,0.06372549019607843,0.061224489795918366,0.03636363636363636,0.08148148148148149,0.049689440993788817,0.10194174757281553,0.0,0.06,0.0,0.07142857142857142
202505040912,2022105321,2025-10-26,9,97.1,3,-0.6527898462003519,56.0,-0.3578735491105714,1,0,0,78.0,1600,0.0,4,500.0,0.0,0.06814428036359582,1,0,36.7,1.6413043478260867,1,1,6,6,16.0,9.2,9.0,5.403702434442518,39.6,37.56,37.7,1.4449913494550743,13.0,6.2,6.0,4.969909455915671,6.0,6.0,6.0,2.9154759474226504,6.0,6.0,6.0,0.0,36.3,36.3,36.3,0.0,6.0,6.0,6.0,0.0,6.0,6.0,6.0,0.0,11.0,6.0,6.0,7.071067811865476,38.1,37.900000000000006,37.900000000000006,0.2828427124746034,2.0,1.5,1.5,0.7071067811865701,8.0,6.0,6.0,2.3094010767585025,11.0,7.5,9.0,4.43471156521669,39.6,37.975,37.900000000000006,1.2789970028633082,9.0,4.5,4.0,3.696845502136472,6.0,6.0,6.0,2.701851217221259,0.0,False,0,0,1,60.4,1,0,0.038910505836575876,0.04153354632587859,0.04477611940298507,0.0,0.046357615894039736,0.037694013303769404,0.0,0.04198473282442748,0.03683640303358613,0.03927492447129909,0.09090909090909091,0.05555555555555555,0.048044692737430165,0.10250737463126844,0.08064516129032258,0.057692307692307696,0.12807881773399016,0.02857142857142857,0.03496503496503497,0.0,0.09292035398230089,0.17482517482517482,0.08841463414634146,0.08421052631578947,0.06818181818181818,0.03597122302158273,0.12359550561797752,0.011363636363636364,0.05454545454545454,0.07142857142857142,0.14
202505040912,2022110117,2025-10-26,1,95.7,3,-0.6527898462003519,56.0,-0.3578735491105714,1,0,0,15.0,1600,0.0,5,474.0,-4.0,-1.1130232459387317,1,0,35.2,1.713881019830028,2,2,6,6,15.0,4.6,3.0,4.060651288757616,39.6,38.11,38.2,1.0999494937900043,9.0,3.2,2.0,2.5298221281347035,4.0,2.4,2.0,1.140175425099138,3.0,3.0,3.0,0.0,37.1,37.1,37.1,0.0,2.0,2.0,2.0,0.0,6.0,6.0,6.0,0.0,7.0,5.0,5.0,2.0000000000000036,38.2,37.0,37.1,1.25299640861416,6.0,4.0,4.0,2.0000000000000004,8.0,6.0,6.0,2.3094010767585025,15.0,6.2,5.0,5.403702434442518,39.0,37.540000000000006,37.7,1.2421755109484398,9.0,4.8,4.0,2.7748873851023212,9.0,6.0,6.0,2.701851217221259,0.0,False,0,0,1,60.5,1,0,0.22727272727272727,0.09672505712109672,0.053811659192825115,0.2,0.08530465949820788,0.11062590975254731,0.037037037037037035,0.09205479452054795,0.11329220415030847,0.09774436090225563,0.1111111111111111,0.06313131313131314,0.07228260869565217,0.052924791086350974,0.125,0.0182648401826484,0.037037037037037035,0.07518796992481203,0.08248175182481751,0.11702127659574468,0.06642066420664207,0.056074766355140186,0.03626943005181347,0.09830508474576272,0.14285714285714285,0.10040160642570281,0.041666666666666664,0.1,0.13793103448275862,0.0,0.06944444444444445
202505040912,2022105824,2025-10-26,3,96.2,3,-0.6527898462003519,56.0,-0.3578735491105714,1,0,0,49.0,1600,0.0,6,462.0,14.0,-1.6581774888474983,1,0,34.5,1.783236994219653,14,16,6,6,13.0,7.333333333333333,7.5,5.887840577551898,44.8,39.93333333333333,39.85,3.1020423379874535,13.0,5.166666666666667,4.0,4.070217029430577,14.0,10.5,10.0,2.6457513110645903,12.0,12.0,12.0,0.0,41.1,41.1,41.1,0.0,4.0,4.0,4.0,0.0,11.0,11.0,11.0,0.0,13.0,8.666666666666666,12.0,6.658328118479393,41.4,39.86666666666667,41.1,2.4006943440041075,4.0,4.0,4.0,0.0,14.0,12.5,12.5,2.1213203435596424,13.0,6.2,3.0,5.805170109479997,41.4,38.959999999999994,38.6,2.218783450452071,13.0,6.0,4.0,3.9370039370059056,14.0,11.333333333333334,11.0,2.516611478423583,2.0,False,1,0,0,61.7,1,0,0.044642857142857144,0.032504780114722756,0.028169014084507043,0.0,0.03136882129277566,0.033296337402885685,0.020833333333333332,0.03197492163009404,0.039226519337016576,0.028877005347593583,0.0,0.019230769230769232,0.02252252252252252,0.0698967434471803,0.06705539358600583,0.0,0.04950495049504951,0.017241379310344827,0.03796095444685466,0.0,0.043478260869565216,0.08304498269896193,0.07692307692307693,0.03406813627254509,0.060810810810810814,0.033101045296167246,0.07179487179487179,0.0,0.04878048780487805,0.0,0.11475409836065574
202505040912,2021101905,2025-10-26,14,97.7,4,1.436137661640774,55.0,-1.5030689062643998,0,1,0,127.0,1600,0.0,7,500.0,2.0,0.06814428036359582,0,0,36.2,1.6942148760330578,14,14,6,6,14.0,7.8,8.5,3.457680661303984,38.4,35.199999999999996,34.599999999999994,1.5048071120394273,15.0,9.1,10.5,4.383048152953731,9.0,6.0,5.5,2.9154759474226504,2.0,2.0,2.0,0.0,35.6,35.6,35.6,0.0,11.0,11.0,11.0,0.0,6.0,6.0,6.0,0.0,6.0,4.0,4.0,1.9999999999999913,36.3,35.300000000000004,35.6,1.1789826122551683,13.0,9.333333333333334,11.0,4.725815626252609,8.0,6.0,6.0,2.3094010767585025,9.0,5.4,6.0,2.607680962081061,36.3,34.760000000000005,34.0,1.1148990985735079,15.0,9.4,11.0,5.128352561983234,9.0,6.0,6.0,2.701851217221259,0.0,False,0,0,1,61.5,1,0,0.11235955056179775,0.0,0.0,0.0,0.01694915254237288,0.056338028169014086,0.0,0.024154589371980676,0.01652892561983471,0.0,0.05,0.06313131313131314,0.037037037037037035,0.04280701754385965,0.058091286307053944,0.1,0.045454545454545456,0.05263157894736842,0.0,0.04948805460750853,0.0,0.043256997455470736,0.0,0.08163265306122448,0.0379746835443038,0.0196078431372549,0.03636363636363636,0.057971014492753624,0.0,0.04897959183673469,0.015873015873015872
202505040912,2021105688,2025-10-26,2,95.8,4,1.436137661640774,58.0,1.9325171651970856,0,1,0,211.0,1600,0.0,8,536.0,-4.0,1.7036070090898956,1,0,35.1,1.7244318181818181,4,3,6,6,11.0,5.5,5.5,3.4641016151377544,39.8,36.575,36.349999999999994,2.0981284176958432,15.0,7.0,6.5,4.47213595499958,8.0,5.0,5.0,4.242640687119285,2.0,2.0,2.0,0.0,34.4,34.4,34.4,0.0,12.0,12.0,12.0,0.0,6.0,6.0,6.0,0.0,5.0,3.3333333333333335,3.0,1.527525231651946,37.6,36.266666666666666,36.8,1.66533279957291,12.0,7.0,6.0,4.582575694955841,8.0,6.0,6.0,2.3094010767585025,9.0,5.2,5.0,2.8635642126552705,39.0,36.739999999999995,36.8,1.734358671094303,15.0,8.6,7.0,4.8270073544588685,8.0,8.0,8.0,2.701851217221259,-1.0,False,0,0,1,60.7,1,0,0.18181818181818182,0.15538362346872986,0.11920529801324503,0.125,0.13123028391167194,0.15843621399176955,0.08333333333333333,0.14469525959367946,0.14087301587301587,0.16212438853948288,0.030303030303030304,0.10344827586206896,0.1482098251457119,0.06460674157303371,0.10465116279069768,0.0,0.0,0.09,0.11465451784358391,0.06172839506172839,0.05263157894736842,0.07,0.0,0.1320754716981132,0.018867924528301886,0.18292682926829268,0.0625,0.17794970986460348,0.0,0.17746913580246915,0.09523809523809523
202505040912,2022103636,2025-10-26,13,97.5,3,-0.6527898462003519,56.0,-0.3578735491105714,0,1,0,7.0,1600,0.0,9,524.0,0.0,1.158452766181129,1,0,36.2,1.6887052341597792,12,11,6,6,10.0,6.555555555555555,7.0,2.185812841434,38.1,37.05555555555556,37.0,0.6654154925892407,16.0,9.666666666666666,11.0,4.092676385936224,9.0,6.0,5.5,2.9154759474226504,5.0,5.0,5.0,0.0,36.4,36.4,36.4,0.0,7.0,7.0,7.0,0.0,6.0,6.0,6.0,0.0,10.0,8.0,9.0,2.6457513110645907,37.0,36.76666666666667,36.9,0.32145502536645193,16.0,11.333333333333334,11.0,4.509249752822895,8.0,6.0,6.0,2.3094010767585025,10.0,6.6,5.0,2.701851217221259,37.0,36.58,36.4,0.34928498393148755,16.0,10.4,11.0,3.714835124201342,9.0,6.0,6.0,2.701851217221259,-1.0,False,0,0,1,61.3,1,0,0.007739938080495357,0.04376012965964344,0.06060606060606061,0.0,0.038803556992724336,0.05286343612334802,0.0,0.04431314623338257,0.04768928220255654,0.047107438016528926,0.0,0.18181818181818182,0.040090771558245086,0.0265210608424337,0.025974025974025976,0.0,0.0,0.05,0.039317507418397624,0.02040816326530612,0.014925373134328358,0.03389830508474576,0.0,0.05067567567567568,0.037037037037037035,0.04785894206549118,0.027777777777777776,0.05555555555555555,0.03225806451612903,0.0,0.016129032258064516
202505040912,2022105962,2025-10-26,4,96.4,3,-0.6527898462003519,56.0,-0.3578735491105714,0,1,0,22.0,1600,0.0,10,480.0,-4.0,-0.8404461244843485,1,0,35.4,1.7183098591549295,7,8,6,6,7.0,4.4,5.0,2.792848008753788,38.8,36.67999999999999,36.4,1.2637246535539277,12.0,10.6,12.0,2.6076809620810595,11.0,7.5,7.5,4.949747468305833,7.0,7.0,7.0,0.0,36.3,36.3,36.3,0.0,11.0,11.0,11.0,0.0,6.0,6.0,6.0,0.0,7.0,6.333333333333333,7.0,1.154700538379249,36.5,36.06666666666667,36.3,0.5859465277082321,12.0,11.666666666666666,12.0,0.5773502691896255,11.0,11.0,11.0,2.3094010767585025,7.0,4.4,5.0,2.792848008753788,38.8,36.67999999999999,36.4,1.2637246535539277,12.0,10.6,12.0,2.6076809620810595,11.0,7.5,7.5,4.949747468305833,1.0,False,0,0,1,61.0,1,0,0.1234567901234568,0.06960845245494096,0.08518518518518518,0.0,0.07769591426657736,0.09513960703205791,0.10526315789473684,0.07928214447978192,0.07346938775510205,0.06637490882567469,0.07142857142857142,0.08270676691729323,0.08457943925233645,0.09604957397366383,0.08967391304347826,0.06666666666666667,0.0784313725490196,0.07407407407407407,0.07435508345978756,0.1044776119402985,0.07407407407407407,0.12672176308539945,0.0,0.10261194029850747,0.07194244604316546,0.0942211055276382,0.052941176470588235,0.057971014492753624,0.13513513513513514,0.0,0.16901408450704225
202505040912,2022100182,2025-10-26,8,97.0,3,-0.6527898462003519,56.0,-0.3578735491105714,0,1,0,28.0,1600,0.0,11,504.0,6.0,0.24986236133318468,0,0,35.9,1.6972222222222222,9,9,6,6,15.0,7.0,4.0,5.291502622129181,40.1,39.0,39.0,0.7637626158259763,14.0,5.714285714285714,4.0,4.347960660443228,7.0,3.8,3.0,2.16794833886788,12.0,12.0,12.0,0.0,39.0,39.0,39.0,0.0,4.0,4.0,4.0,0.0,5.0,5.0,5.0,0.0,12.0,5.333333333333333,3.0,5.859465277082315,39.0,38.46666666666667,38.6,0.6110100926607799,5.0,3.6666666666666665,4.0,1.5275252316519494,5.0,3.0,2.0,1.7320508075688772,12.0,4.8,4.0,4.207136793592526,39.7,38.86,39.0,0.7127411872482234,9.0,4.4,4.0,2.8809720581775866,7.0,3.8,3.0,2.16794833886788,0.0,False,0,0,1,61.1,1,0,0.010940919037199124,0.036755386565272496,0.043478260869565216,0.0,0.02807486631016043,0.031825795644891124,0.0,0.0324254215304799,0.029595015576323987,0.035326086956521736,0.0,0.045454545454545456,0.03737373737373737,0.047872340425531915,0.04261363636363636,0.0,0.04411764705882353,0.024096385542168676,0.02812939521800281,0.04,0.057692307692307696,0.038348082595870206,0.0,0.037800687285223365,0.08035714285714286,0.028720626631853787,0.03867403314917127,0.5,0.02857142857142857,0.0,0.057692307692307696
202505040912,2022100582,2025-10-26,16,98.1,3,-0.6527898462003519,56.0,-0.3578735491105714,0,1,0,14.0,1600,0.0,12,518.0,10.0,0.8858756447267457,1,0,37.0,1.646900269541779,9,9,6,6,10.0,6.714285714285714,7.0,3.3022358947782493,41.3,38.01428571428572,37.6,1.805019456431216,15.0,8.428571428571429,9.0,4.613644360558611,9.0,8.0,8.0,1.4142135623730951,10.0,10.0,10.0,0.0,36.5,36.5,36.5,0.0,15.0,15.0,15.0,0.0,6.0,6.0,6.0,0.0,10.0,8.5,8.5,2.1213203435596397,39.5,38.0,38.0,2.1213203435596455,15.0,13.5,13.5,2.121320343559645,9.0,9.0,9.0,2.3094010767585025,10.0,7.0,8.5,4.242640687119285,39.5,37.3,36.65,1.4764823060233485,15.0,8.75,9.5,6.13052471924984,9.0,9.0,9.0,2.701851217221259,0.0,False,0,0,1,61.1,1,0,0.013020833333333334,0.05737704918032787,0.015957446808510637,0.0,0.05263157894736842,0.05944055944055944,0.20833333333333334,0.05451559934318555,0.05569948186528497,0.059534883720930236,0.0,0.08333333333333333,0.05077860528097495,0.07644787644787644,0.0851063829787234,0.0,0.0975609756097561,0.09090909090909091,0.0475799835931091,0.023809523809523808,0.07042253521126761,0.08022922636103152,0.03125,0.07725321888412018,0.04838709677419355,0.0627062706270627,0.06936416184971098,0.0,0.09615384615384616,0.013888888888888888,0.09230769230769231
202505040912,2021103051,2025-10-26,12,97.5,4,1.436137661640774,56.0,-0.3578735491105714,0,0,1,22.0,1600,0.0,13,498.0,0.0,-0.022714760121198607,1,0,36.9,1.637837837837838,3,3,6,6,13.0,8.1,8.5,4.483302354291979,43.8,40.82,41.2,2.18723569831877,14.0,3.6,3.0,3.835506630304674,9.0,3.0,2.5,2.6726124191242433,12.0,12.0,12.0,0.0,38.4,38.4,38.4,0.0,3.0,3.0,3.0,0.0,6.0,6.0,6.0,0.0,12.0,11.0,12.0,1.7320508075688779,43.8,41.43333333333334,42.1,2.7610384519838496,4.0,2.6666666666666665,3.0,1.5275252316519488,9.0,5.0,5.0,5.656854249492381,12.0,8.8,9.0,3.7013511046643495,43.8,41.1,41.4,2.083266665599967,4.0,2.2,2.0,1.3038404810405297,9.0,3.25,1.5,3.8622100754188224,0.0,False,0,0,1,60.6,1,0,0.012626262626262626,0.03690036900369004,0.044444444444444446,0.0,0.046610169491525424,0.05363984674329502,0.0,0.045012165450121655,0.0622568093385214,0.05084745762711865,0.05,0.06313131313131314,0.016722408026755852,0.05662983425414365,0.06921241050119331,0.0,0.0392156862745098,0.0,0.031413612565445025,0.16666666666666666,0.034482758620689655,0.06221198156682028,0.0,0.0,0.0625,0.05154639175257732,0.04854368932038835,0.05319148936170213,0.03636363636363636,0.0625,0.034482758620689655
202505040912,2021101195,2025-10-26,6,96.8,4,1.436137661640774,58.0,1.9325171651970856,0,0,1,28.0,1600,0.0,14,488.0,-8.0,-0.47700996254517075,0,0,35.2,1.745042492917847,14,14,6,6,13.0,6.75,6.5,3.8821937833431974,39.7,37.825,38.1,1.7637217143626411,16.0,11.375,11.0,2.7222627143085005,13.0,9.571428571428571,11.0,3.5523298860110972,5.0,5.0,5.0,0.0,37.1,37.1,37.1,0.0,14.0,14.0,14.0,0.0,11.0,11.0,11.0,0.0,5.0,3.6666666666666665,3.0,1.1547005383792517,38.7,37.93333333333333,38.0,0.802080627701071,14.0,10.333333333333334,10.0,3.5118845842842465,11.0,7.0,5.0,3.4641016151377553,13.0,6.4,5.0,4.219004621945797,38.7,37.78000000000001,38.0,0.7596051605933237,14.0,10.8,11.0,2.5884358211089564,13.0,9.4,11.0,4.09878030638384,0.0,False,0,0,1,61.6,1,0,0.04484304932735426,0.04009433962264151,0.06321839080459771,0.0,0.0455005055611729,0.0547945205479452,0.07692307692307693,0.04690579424517146,0.05168700646087581,0.045940170940170943,0.0,0.0,0.040671971706454466,0.05451829723674384,0.0625,0.0,0.09090909090909091,0.023809523809523808,0.046819787985865724,0.0,0.011764705882352941,0.03273809523809524,0.125,0.05389221556886228,0.02830188679245283,0.05042016806722689,0.0748663101604278,0.5,0.0641025641025641,0.0,0.09722222222222222
202505040912,2021103129,2025-10-26,10,97.2,4,1.436137661640774,58.0,1.9325171651970856,0,0,1,22.0,1600,0.0,15,496.0,6.0,-0.11357380060599304,0,0,36.3,1.6730769230769231,4,6,6,6,14.0,5.8,5.0,3.4896672875473067,39.2,37.769999999999996,38.0,1.1614645926587732,13.0,8.7,8.5,3.0930028559098792,11.0,6.166666666666667,6.0,3.1885210782848312,5.0,5.0,5.0,0.0,36.1,36.1,36.1,0.0,11.0,11.0,11.0,0.0,6.0,6.0,6.0,0.0,9.0,6.666666666666667,6.0,2.081665999466132,38.1,37.4,38.0,1.1269427669584395,13.0,9.333333333333334,11.0,4.725815626252609,11.0,7.5,7.5,4.949747468305833,9.0,5.8,6.0,2.1679483388678804,38.1,36.96,36.6,1.0212737145349569,13.0,9.6,11.0,3.9749213828703582,11.0,7.5,7.5,4.949747468305833,2.0,False,0,0,1,60.9,1,0,0.029069767441860465,0.006666666666666667,0.0,0.0,0.016,0.016722408026755852,0.0,0.013679890560875513,0.016494845360824743,0.010948905109489052,0.05,0.0,0.00881057268722467,0.020989505247376312,0.007957559681697613,0.058823529411764705,0.046875,0.0,0.025735294117647058,0.04948805460750853,0.05,0.014970059880239521,0.0,0.0,0.02531645569620253,0.0,0.028985507246376812,0.057971014492753624,0.0,0.04897959183673469,0.045454545454545456
202505040912,2022104976,2025-10-26,11,97.4,3,-0.6527898462003519,56.0,-0.3578735491105714,0,0,1,57.0,1600,0.0,16,476.0,12.0,-1.0221642054539373,1,0,36.0,1.700831024930748,12,13,6,6,9.0,4.2,3.0,2.7748873851023212,38.9,37.62,38.6,2.2576536492562327,13.0,5.2,4.0,4.54972526643093,3.0,2.0,2.0,1.0,3.0,3.0,3.0,0.0,38.9,38.9,38.9,0.0,5.0,5.0,5.0,0.0,3.0,3.0,3.0,0.0,3.0,2.6666666666666665,3.0,0.5773502691896234,38.9,38.73333333333334,38.7,0.1527525231650985,5.0,3.0,2.0,1.7320508075688796,3.0,2.0,2.0,1.0,9.0,4.2,3.0,2.7748873851023212,38.9,37.62,38.6,2.2576536492562327,13.0,5.2,4.0,4.54972526643093,3.0,2.0,2.0,1.0,1.0,False,0,0,1,61.4,1,0,0.06097560975609757,0.07195421095666395,0.0847457627118644,0.0,0.06994171523730225,0.07456140350877193,0.09090909090909091,0.07287687334704672,0.0721331689272503,0.07023144453312051,0.030303030303030304,0.0,0.07300115874855156,0.055725190839694655,0.06930693069306931,0.09090909090909091,0.13333333333333333,0.027777777777777776,0.06598114824335904,0.0,0.019230769230769232,0.047619047619047616,0.0625,0.09737827715355805,0.02962962962962963,0.09385665529010238,0.03389830508474576,0.0,0.061224489795918366,0.04897959183673469,0.1206896551724138
202508030901,2023107267,2025-10-26,3,113.7,2,0.0,55.0,0.0,1,0,0,14.0,1800,0.0,1,496.0,0.0,0.6613173162308147,0,0,38.8,1.925449871465296,4,3,3,3,6.0,5.5,5.5,0.7071067811865476,35.9,35.25,35.25,0.9192388155425097,6.0,5.5,5.5,0.7071067811865476,4.0,4.0,4.0,2.9154759474226504,5.0,5.0,5.0,0.0,35.9,35.9,35.9,0.0,5.0,5.0,5.0,0.0,4.0,4.0,4.0,0.0,6.0,5.5,5.5,0.7071067811865476,35.9,35.25,35.25,0.9192388155425097,6.0,5.5,5.5,0.7071067811865476,4.0,4.0,4.0,2.3094010767585025,6.0,5.5,5.5,0.7071067811865476,35.9,35.25,35.25,0.9192388155425097,6.0,5.5,5.5,0.7071067811865476,4.0,4.0,4.0,2.701851217221259,-1.0,False,0,1,0,74.9,1,0,0.08928571428571429,0.10726256983240223,0.09036144578313253,0.0,0.08967082860385925,0.10421286031042129,0.36363636363636365,0.0998756734355574,0.09959349593495935,0.0963855421686747,0.09369024856596558,0.06498194945848375,0.09802538787023977,0.0757020757020757,0.0425531914893617,0.09259259259259259,0.08108108108108109,0.10152284263959391,0.075,0.11310592459605028,0.07669616519174041,0.05555555555555555,0.06682027649769585,0.043478260869565216,0.11320754716981132,0.125,0.10084033613445378,0.11464968152866242,0.016666666666666666,0.12578616352201258,0.05172413793103448
202508030901,2023103329,2025-10-26,2,113.0,2,0.0,55.0,0.0,1,0,0,42.0,1800,0.0,2,470.0,0.0,-0.12821458171821942,1,0,38.3,1.9453125000000002,2,2,2,2,6.0,6.0,6.0,3.4576806613039848,39.5,39.5,39.5,1.237571538153639,11.0,11.0,11.0,3.0983866769659336,7.0,7.0,7.0,2.9154759474226504,6.0,6.0,6.0,0.0,39.5,39.5,39.5,0.0,11.0,11.0,11.0,0.0,7.0,7.0,7.0,0.0,6.0,6.0,6.0,2.6457513110645943,39.5,39.5,39.5,0.960902353693287,11.0,11.0,11.0,2.5166114784235836,7.0,7.0,7.0,2.3094010767585025,6.0,6.0,6.0,3.209361307176242,39.5,39.5,39.5,1.1140017049131967,11.0,11.0,11.0,2.863564212655271,7.0,7.0,7.0,2.701851217221259,0.0,False,0,1,0,74.7,1,0,0.06493506493506493,0.139375,0.10424710424710425,0.0,0.11648351648351649,0.1322314049586777,0.0,0.12701207243460766,0.13465447154471544,0.07881773399014778,0.14285714285714285,0.15948275862068967,0.12024048096192384,0.09839357429718876,0.125,0.12698412698412698,0.10666666666666667,0.1375166889185581,0.09418282548476455,0.13137996219281664,0.11678832116788321,0.05172413793103448,0.08771929824561403,0.06060606060606061,0.06944444444444445,0.14215686274509803,0.12962962962962962,0.08771929824561403,0.07042253521126761,0.09375,0.05434782608695652
202508030901,2023100601,2025-10-26,6,114.6,2,0.0,55.0,0.0,1,0,0,21.0,1800,0.0,3,468.0,0.0,-0.1889478046373759,0,0,39.4,1.9037974683544305,7,7,6,6,10.0,10.0,10.0,3.4576806613039848,39.3,39.3,39.3,1.237571538153639,16.0,16.0,16.0,3.0983866769659336,11.0,11.0,11.0,2.9154759474226504,10.0,10.0,10.0,0.0,39.3,39.3,39.3,0.0,16.0,16.0,16.0,0.0,11.0,11.0,11.0,0.0,10.0,10.0,10.0,2.6457513110645943,39.3,39.3,39.3,0.960902353693287,16.0,16.0,16.0,2.5166114784235836,11.0,11.0,11.0,2.3094010767585025,10.0,10.0,10.0,3.209361307176242,39.3,39.3,39.3,1.1140017049131967,16.0,16.0,16.0,2.863564212655271,11.0,11.0,11.0,2.701851217221259,0.0,False,0,1,0,75.2,1,0,0.009541984732824428,0.05405405405405406,0.05747126436781609,0.0,0.05083260297984225,0.07703081232492998,0.0,0.05775627456909586,0.061529271206690564,0.0,0.05648854961832061,0.0763888888888889,0.054087277197295634,0.06356198867212083,0.075,0.052434456928838954,0.07755102040816327,0.062409288824383166,0.0392156862745098,0.04863481228668942,0.05362776025236593,0.08571428571428572,0.0630841121495327,0.13043478260869565,0.10526315789473684,0.05263157894736842,0.05747126436781609,0.0,0.06666666666666667,0.0,0.05660377358490566
202508030901,2023102457,2025-10-26,9,115.4,2,0.0,55.0,0.0,0,1,0,15.0,1800,0.0,4,416.0,-8.0,-1.7680116005354443,1,0,39.7,1.9020100502512562,9,9,9,9,10.0,8.666666666666666,9.0,1.5275252316519465,39.0,37.333333333333336,36.8,1.4742229591663971,11.0,9.0,11.0,3.4641016151377544,6.0,6.0,6.0,2.9154759474226504,7.0,7.0,7.0,0.0,39.0,39.0,39.0,0.0,5.0,5.0,5.0,0.0,6.0,6.0,6.0,0.0,10.0,8.666666666666666,9.0,1.5275252316519465,39.0,37.333333333333336,36.8,1.4742229591663971,11.0,9.0,11.0,3.4641016151377544,6.0,6.0,6.0,2.3094010767585025,10.0,8.666666666666666,9.0,1.5275252316519465,39.0,37.333333333333336,36.8,1.4742229591663971,11.0,9.0,11.0,3.4641016151377544,6.0,6.0,6.0,2.701851217221259,0.0,False,0,1,0,75.7,1,0,0.004230118443316413,0.026755852842809364,0.0,0.0,0.01702127659574468,0.006968641114982578,0.0,0.016,0.017793594306049824,0.0,0.014814814814814815,0.020689655172413793,0.013605442176870748,0.08649289099526067,0.07692307692307693,0.09642857142857143,0.0787037037037037,0.014285714285714285,0.0,0.004405286343612335,0.11490683229813664,0.07575757575757576,0.07709750566893424,0.05714285714285714,0.09090909090909091,0.03488372093023256,0.06741573033707865,0.0,0.07894736842105263,0.0,0.05128205128205128
202508030901,2023103292,2025-10-26,4,114.1,2,0.0,55.0,0.0,0,1,0,21.0,1800,1.0,5,466.0,-8.0,-0.24968102755653235,0,0,39.0,1.9207161125319692,6,5,5,3,3.0,3.0,3.0,3.4576806613039848,37.4,37.4,37.4,1.237571538153639,15.0,15.0,15.0,3.0983866769659336,5.0,5.0,5.0,2.9154759474226504,3.0,3.0,3.0,0.0,37.4,37.4,37.4,0.0,15.0,15.0,15.0,0.0,5.0,5.0,5.0,0.0,3.0,3.0,3.0,2.6457513110645943,37.4,37.4,37.4,0.960902353693287,15.0,15.0,15.0,2.5166114784235836,5.0,5.0,5.0,2.3094010767585025,3.0,3.0,3.0,3.209361307176242,37.4,37.4,37.4,1.1140017049131967,15.0,15.0,15.0,2.863564212655271,5.0,5.0,5.0,2.701851217221259,-1.0,False,0,1,0,75.1,1,0,0.2631578947368421,0.05861244019138756,0.06422018348623854,0.0,0.04190751445086705,0.0513950073421439,0.1,0.05197594501718213,0.061224489795918366,0.16666666666666666,0.021621621621621623,0.026442307692307692,0.040229885057471264,0.1024,0.07526881720430108,0.08366533864541832,0.07456140350877193,0.05081967213114754,0.125,0.05120481927710843,0.12718204488778054,0.1016949152542373,0.09732360097323602,0.07883817427385892,0.14634146341463414,0.05622489959839357,0.14634146341463414,0.08333333333333333,0.07575757575757576,0.07407407407407407,0.08823529411764706
202508030901,2023105291,2025-10-26,1,113.0,2,0.0,55.0,0.0,0,1,0,35.0,1800,0.0,6,520.0,6.0,1.3901159912606924,0,0,38.4,1.9376623376623374,1,1,1,1,2.0,2.0,2.0,3.4576806613039848,37.4,37.4,37.4,1.237571538153639,6.0,6.0,6.0,3.0983866769659336,4.0,4.0,4.0,2.9154759474226504,2.0,2.0,2.0,0.0,37.4,37.4,37.4,0.0,6.0,6.0,6.0,0.0,4.0,4.0,4.0,0.0,2.0,2.0,2.0,2.6457513110645943,37.4,37.4,37.4,0.960902353693287,6.0,6.0,6.0,2.5166114784235836,4.0,4.0,4.0,2.3094010767585025,2.0,2.0,2.0,3.209361307176242,37.4,37.4,37.4,1.1140017049131967,6.0,6.0,6.0,2.863564212655271,4.0,4.0,4.0,2.701851217221259,0.0,False,0,1,0,74.6,1,0,0.18867924528301888,0.14599285349668198,0.10897435897435898,0.13333333333333333,0.13667820069204153,0.14118895966029724,0.09090909090909091,0.1393525035190026,0.15390879478827363,0.09174311926605505,0.14,0.17391304347826086,0.12529928172386273,0.09845947756195579,0.075,0.0954356846473029,0.09482758620689655,0.15798764342453664,0.1062124248496994,0.13914780292942744,0.10101010101010101,0.07246376811594203,0.0968586387434555,0.3333333333333333,0.1,0.08522727272727272,0.10112359550561797,0.057971014492753624,0.17391304347826086,0.06666666666666667,0.10638297872340426
202508030901,2023107055,2025-10-26,5,114.1,2,0.0,55.0,0.0,0,0,1,71.0,1800,2.0,7,498.0,6.0,0.7220505391499712,1,0,39.1,1.913265306122449,3,3,3,3,5.0,3.5,3.5,2.1213203435596424,36.2,35.55,35.55,0.9192388155425123,2.0,1.5,1.5,0.7071067811865476,9.0,6.0,5.5,2.9154759474226504,5.0,5.0,5.0,0.0,34.9,34.9,34.9,0.0,2.0,2.0,2.0,0.0,6.0,6.0,6.0,0.0,5.0,3.5,3.5,2.1213203435596424,36.2,35.55,35.55,0.9192388155425123,2.0,1.5,1.5,0.7071067811865476,8.0,6.0,6.0,2.3094010767585025,5.0,3.5,3.5,2.1213203435596424,36.2,35.55,35.55,0.9192388155425123,2.0,1.5,1.5,0.7071067811865476,9.0,6.0,6.0,2.701851217221259,0.0,False,0,1,0,75.0,1,0,0.2631578947368421,0.254957507082153,0.31343283582089554,0.45454545454545453,0.24242424242424243,0.20089285714285715,0.3333333333333333,0.24926920010629816,0.24265208475734792,0.254320987654321,0.24120603015075376,0.2,0.25326939843068874,0.10714285714285714,0.11538461538461539,0.0898876404494382,0.10196078431372549,0.19753086419753085,0.2830687830687831,0.16804407713498623,0.10526315789473684,0.0990990990990991,0.09550561797752809,0.14285714285714285,0.11428571428571428,0.3225806451612903,0.14084507042253522,0.18055555555555555,0.1375,0.21405750798722045,0.13953488372093023
202508030901,2023104979,2025-10-26,7,114.7,2,0.0,55.0,0.0,0,0,1,21.0,1800,0.0,8,436.0,0.0,-1.1606793713438794,1,0,39.3,1.9137055837563455,7,7,7,7,7.0,7.0,7.0,0.0,36.5,36.5,36.5,0.0,9.0,8.0,8.0,1.4142135623730951,9.0,6.0,5.5,2.9154759474226504,7.0,7.0,7.0,0.0,36.5,36.5,36.5,0.0,7.0,7.0,7.0,0.0,6.0,6.0,6.0,0.0,7.0,7.0,7.0,0.0,36.5,36.5,36.5,0.0,9.0,8.0,8.0,1.4142135623730951,8.0,6.0,6.0,2.3094010767585025,7.0,7.0,7.0,0.0,36.5,36.5,36.5,0.0,9.0,8.0,8.0,1.4142135623730951,9.0,6.0,6.0,2.701851217221259,0.0,False,0,1,0,75.4,1,0,0.01001001001001001,0.037111334002006016,0.02586206896551724,0.0625,0.039473684210526314,0.05546492659053834,0.0,0.04165103189493433,0.04251144538914323,0.024390243902439025,0.035523978685612786,0.03939393939393939,0.04088888888888889,0.042924211938296444,0.05263157894736842,0.04782608695652174,0.0421455938697318,0.043859649122807015,0.06451612903225806,0.04162330905306972,0.04642857142857143,0.07936507936507936,0.03283582089552239,0.08333333333333333,0.04225352112676056,0.04938271604938271,0.023809523809523808,0.0,0.021739130434782608,0.0,0.060240963855421686
202508030901,2023103735,2025-10-26,8,114.8,2,0.0,55.0,0.0,0,0,1,106.0,1800,1.0,9,498.0,22.0,0.7220505391499712,0,0,39.1,1.9311224489795917,4,5,8,7,8.0,8.0,8.0,3.4576806613039848,38.4,38.4,38.4,1.237571538153639,5.0,5.0,5.0,3.0983866769659336,6.0,6.0,6.0,2.9154759474226504,8.0,8.0,8.0,0.0,38.4,38.4,38.4,0.0,5.0,5.0,5.0,0.0,6.0,6.0,6.0,0.0,8.0,8.0,8.0,2.6457513110645943,38.4,38.4,38.4,0.960902353693287,5.0,5.0,5.0,2.5166114784235836,6.0,6.0,6.0,2.3094010767585025,8.0,8.0,8.0,3.209361307176242,38.4,38.4,38.4,1.1140017049131967,5.0,5.0,5.0,2.863564212655271,6.0,6.0,6.0,2.701851217221259,1.0,False,0,1,0,75.7,1,0,0.11627906976744186,0.08357348703170028,0.05357142857142857,0.0,0.08142493638676845,0.14285714285714285,0.0,0.09559512652296158,0.10973451327433628,0.05084745762711865,0.07258064516129033,0.1375,0.08048289738430583,0.1029040404040404,0.0847457627118644,0.0718232044198895,0.10185185185185185,0.11392405063291139,0.06666666666666667,0.07239819004524888,0.1541501976284585,0.10884353741496598,0.07936507936507936,0.1282051282051282,0.11538461538461539,0.11428571428571428,0.1092436974789916,0.12857142857142856,0.03333333333333333,0.07228915662650602,0.14432989690721648
202508030902,2023105339,2025-10-26,2,95.2,2,0.0,56.0,0.948681498053929,1,0,0,36.0,1600,0.0,1,502.0,-10.0,1.6209930796224667,0,0,37.2,1.5549597855227881,1,1,6,6,5.0,5.0,5.0,3.4576806613039848,33.8,33.8,33.8,1.237571538153639,3.0,3.0,3.0,3.0983866769659336,9.0,6.0,5.5,2.9154759474226504,5.0,5.0,5.0,0.0,33.8,33.8,33.8,0.0,3.0,3.0,3.0,0.0,6.0,6.0,6.0,0.0,5.0,5.0,5.0,2.6457513110645943,33.8,33.8,33.8,0.960902353693287,3.0,3.0,3.0,2.5166114784235836,8.0,6.0,6.0,2.3094010767585025,5.0,5.0,5.0,3.209361307176242,33.8,33.8,33.8,1.1140017049131967,3.0,3.0,3.0,2.863564212655271,9.0,6.0,6.0,2.701851217221259,0.0,False,0,0,1,58.0,0,1,0.27027027027027023,0.15449202350965574,0.14084507042253522,0.0,0.12363330529857022,0.1807044410413476,0.0,0.14657282741738067,0.1588921282798834,0.1317365269461078,0.172,0.17204301075268819,0.1379492600422833,0.10714285714285714,0.11538461538461539,0.0898876404494382,0.10196078431372549,0.1331923890063425,0.12,0.1391812865497076,0.10526315789473684,0.0990990990990991,0.09550561797752809,0.07692307692307693,0.11428571428571428,0.0,0.14084507042253522,0.16298342541436464,0.1375,0.1619047619047619,0.13953488372093023
202508030902,2023110015,2025-10-26,3,95.2,2,0.0,56.0,0.948681498053929,1,0,0,43.0,1600,0.0,2,484.0,8.0,0.8987684401867138,0,0,36.3,1.6181318681318682,7,9,6,6,10.0,10.0,10.0,3.4576806613039848,37.1,37.1,37.1,1.237571538153639,9.0,9.0,9.0,3.0983866769659336,9.0,6.0,5.5,2.9154759474226504,10.0,10.0,10.0,0.0,37.1,37.1,37.1,0.0,9.0,9.0,9.0,0.0,6.0,6.0,6.0,0.0,10.0,10.0,10.0,2.6457513110645943,37.1,37.1,37.1,0.960902353693287,9.0,9.0,9.0,2.5166114784235836,8.0,6.0,6.0,2.3094010767585025,10.0,10.0,10.0,3.209361307176242,37.1,37.1,37.1,1.1140017049131967,9.0,9.0,9.0,2.863564212655271,9.0,6.0,6.0,2.701851217221259,2.0,False,0,0,1,58.9,0,1,0.15625,0.14599285349668198,0.10897435897435898,0.13333333333333333,0.13667820069204153,0.14118895966029724,0.09090909090909091,0.1393525035190026,0.15390879478827363,0.09174311926605505,0.14,0.17391304347826086,0.12529928172386273,0.1226790450928382,0.1111111111111111,0.1417004048582996,0.12980769230769232,0.15798764342453664,0.1062124248496994,0.13914780292942744,0.12015503875968993,0.07865168539325842,0.11778846153846154,0.3333333333333333,0.0625,0.08522727272727272,0.13924050632911392,0.057971014492753624,0.12857142857142856,0.06666666666666667,0.140625
202508030902,2023105103,2025-10-26,4,95.4,2,0.0,55.0,-0.948681498053929,1,0,0,28.0,1600,0.0,3,442.0,2.0,-0.7864223851633763,1,0,36.4,1.6164383561643836,10,9,6,6,8.0,8.0,8.0,3.4576806613039848,35.0,35.0,35.0,1.237571538153639,13.0,13.0,13.0,3.0983866769659336,9.0,6.0,5.5,2.9154759474226504,8.0,8.0,8.0,0.0,35.0,35.0,35.0,0.0,13.0,13.0,13.0,0.0,6.0,6.0,6.0,0.0,8.0,8.0,8.0,2.6457513110645943,35.0,35.0,35.0,0.960902353693287,13.0,13.0,13.0,2.5166114784235836,8.0,6.0,6.0,2.3094010767585025,8.0,8.0,8.0,3.209361307176242,35.0,35.0,35.0,1.1140017049131967,13.0,13.0,13.0,2.863564212655271,9.0,6.0,6.0,2.701851217221259,-1.0,False,0,1,0,59.0,0,1,0.03322259136212624,0.0472636815920398,0.010869565217391304,0.0,0.05343511450381679,0.0681265206812652,0.3333333333333333,0.05233739837398374,0.059082892416225746,0.0,0.04772475027746948,0.08018867924528301,0.0421179302045728,0.05737704918032787,0.25,0.09523809523809523,0.06666666666666667,0.05240174672489083,0.0,0.052336448598130844,0.05,0.0,0.02857142857142857,0.047619047619047616,0.0,0.04878048780487805,0.0,0.057971014492753624,0.16666666666666666,0.04897959183673469,0.0
202508030902,2023101867,2025-10-26,6,95.6,2,0.0,55.0,-0.948681498053929,0,1,0,13.0,1600,0.0,4,440.0,2.0,-0.8666695673229043,0,0,37.2,1.5656836461126002,4,3,6,6,10.0,7.5,7.5,3.5355339059327378,36.0,35.65,35.65,0.4949747468305853,12.0,7.5,7.5,6.363961030678928,9.0,6.0,5.5,2.9154759474226504,5.0,5.0,5.0,0.0,35.3,35.3,35.3,0.0,12.0,12.0,12.0,0.0,6.0,6.0,6.0,0.0,10.0,7.5,7.5,3.5355339059327378,36.0,35.65,35.65,0.4949747468305853,12.0,7.5,7.5,6.363961030678928,8.0,6.0,6.0,2.3094010767585025,10.0,7.5,7.5,3.5355339059327378,36.0,35.65,35.65,0.4949747468305853,12.0,7.5,7.5,6.363961030678928,9.0,6.0,6.0,2.701851217221259,-1.0,False,0,0,1,58.4,0,1,0.032679738562091505,0.06060606060606061,0.04,0.0,0.06382978723404255,0.07692307692307693,0.0,0.06427990235964198,0.0659025787965616,0.0,0.056962025316455694,0.05511811023622047,0.062264150943396226,0.043478260869565216,0.0,0.05,0.030303030303030304,0.07142857142857142,0.0,0.07457627118644068,0.03508771929824561,0.0,0.05454545454545454,0.07916666666666666,0.14285714285714285,0.06896551724137931,0.08333333333333333,0.057971014492753624,0.03125,0.04897959183673469,0.030303030303030304
202508030902,2023104391,2025-10-26,9,96.6,2,0.0,56.0,0.948681498053929,0,1,0,13.0,1600,0.0,5,464.0,-2.0,0.0962966185914328,1,0,37.8,1.5514511873350922,7,6,6,6,10.0,10.0,10.0,3.4576806613039848,36.8,36.8,36.8,1.237571538153639,10.0,10.0,10.0,3.0983866769659336,9.0,6.0,5.5,2.9154759474226504,10.0,10.0,10.0,0.0,36.8,36.8,36.8,0.0,10.0,10.0,10.0,0.0,6.0,6.0,6.0,0.0,10.0,10.0,10.0,2.6457513110645943,36.8,36.8,36.8,0.960902353693287,10.0,10.0,10.0,2.5166114784235836,8.0,6.0,6.0,2.3094010767585025,10.0,10.0,10.0,3.209361307176242,36.8,36.8,36.8,1.1140017049131967,10.0,10.0,10.0,2.863564212655271,9.0,6.0,6.0,2.701851217221259,-1.0,False,0,0,1,58.8,0,1,0.00501002004008016,0.037111334002006016,0.02586206896551724,0.0625,0.039473684210526314,0.05546492659053834,0.0,0.04165103189493433,0.04251144538914323,0.024390243902439025,0.035523978685612786,0.03939393939393939,0.04088888888888889,0.07981530343007916,0.03333333333333333,0.10526315789473684,0.0761904761904762,0.043859649122807015,0.06451612903225806,0.04162330905306972,0.07037037037037037,0.038461538461538464,0.09237875288683603,0.08333333333333333,0.01639344262295082,0.04938271604938271,0.08547008547008547,0.0,0.06382978723404255,0.0,0.061224489795918366
202508030902,2023104477,2025-10-26,10,97.9,2,0.0,55.0,-0.948681498053929,0,1,0,13.0,1600,0.0,6,438.0,-10.0,-0.9469167494824325,0,0,39.2,1.4936386768447836,5,6,6,6,7.0,6.5,6.5,0.7071067811865476,35.7,35.3,35.3,0.5656854249492386,7.0,5.5,5.5,2.1213203435596424,9.0,6.0,5.5,2.9154759474226504,6.0,6.0,6.0,0.0,34.9,34.9,34.9,0.0,4.0,4.0,4.0,0.0,6.0,6.0,6.0,0.0,7.0,6.5,6.5,0.7071067811865476,35.7,35.3,35.3,0.5656854249492386,7.0,5.5,5.5,2.1213203435596424,8.0,6.0,6.0,2.3094010767585025,7.0,6.5,6.5,0.7071067811865476,35.7,35.3,35.3,0.5656854249492386,7.0,5.5,5.5,2.1213203435596424,9.0,6.0,6.0,2.701851217221259,1.0,False,0,1,0,58.7,0,1,0.023364485981308414,0.05405405405405406,0.05747126436781609,0.0,0.05083260297984225,0.07703081232492998,0.0,0.05775627456909586,0.061529271206690564,0.0,0.05648854961832061,0.0763888888888889,0.054087277197295634,0.06979958534899793,0.04878048780487805,0.052845528455284556,0.08333333333333333,0.062409288824383166,0.0392156862745098,0.04863481228668942,0.04797047970479705,0.0625,0.08056872037914692,0.13043478260869565,0.05263157894736842,0.05263157894736842,0.12345679012345678,0.0,0.08620689655172414,0.0,0.05555555555555555
202508030902,2023103916,2025-10-26,8,96.4,2,0.0,55.0,-0.948681498053929,0,0,1,29.0,1600,0.0,7,424.0,-2.0,-1.5086470245991292,0,0,38.1,1.526178010471204,3,3,6,6,4.0,4.0,4.0,3.4576806613039848,35.0,35.0,35.0,1.237571538153639,3.0,3.0,3.0,3.0983866769659336,9.0,6.0,5.5,2.9154759474226504,4.0,4.0,4.0,0.0,35.0,35.0,35.0,0.0,3.0,3.0,3.0,0.0,6.0,6.0,6.0,0.0,4.0,4.0,4.0,2.6457513110645943,35.0,35.0,35.0,0.960902353693287,3.0,3.0,3.0,2.5166114784235836,8.0,6.0,6.0,2.3094010767585025,4.0,4.0,4.0,3.209361307176242,35.0,35.0,35.0,1.1140017049131967,3.0,3.0,3.0,2.863564212655271,9.0,6.0,6.0,2.701851217221259,0.0,False,0,1,0,58.3,0,1,0.07518796992481203,0.0682261208576998,0.0718232044198895,0.8,0.06666666666666667,0.0585480093676815,0.1,0.06675350048844025,0.07337526205450734,0.02702702702702703,0.05394190871369295,0.06557377049180328,0.06024844720496894,0.04316546762589928,0.0,0.0,0.08333333333333333,0.051470588235294115,0.057692307692307696,0.06557377049180328,0.045454545454545456,0.16666666666666666,0.04,0.09876543209876543,0.0,0.10354223433242507,0.1111111111111111,0.06116207951070336,0.0,0.056910569105691054,0.0
202508030902,2023107156,2025-10-26,5,95.5,2,0.0,56.0,0.948681498053929,0,0,1,21.0,1600,0.0,8,482.0,-4.0,0.8185212580271857,0,0,36.7,1.5978260869565215,7,6,6,6,4.0,4.0,4.0,0.0,35.4,34.5,34.5,1.2727922061357835,9.0,7.0,7.0,2.8284271247461903,9.0,6.0,5.5,2.9154759474226504,4.0,4.0,4.0,0.0,35.4,35.4,35.4,0.0,5.0,5.0,5.0,0.0,6.0,6.0,6.0,0.0,4.0,4.0,4.0,0.0,35.4,34.5,34.5,1.2727922061357835,9.0,7.0,7.0,2.8284271247461903,8.0,6.0,6.0,2.3094010767585025,4.0,4.0,4.0,0.0,35.4,34.5,34.5,1.2727922061357835,9.0,7.0,7.0,2.8284271247461903,9.0,6.0,6.0,2.701851217221259,-1.0,False,0,0,1,58.8,0,1,0.10416666666666667,0.06560088202866593,0.06722689075630252,0.10526315789473684,0.04736129905277402,0.05149700598802395,0.0,0.05690871841566128,0.055025996533795495,0.06382978723404255,0.06954436450839328,0.05934065934065934,0.059248554913294796,0.06584093872229466,0.034482758620689655,0.05314009661835749,0.045,0.04372842347525892,0.04265402843601896,0.056818181818181816,0.045454545454545456,0.06944444444444445,0.0731070496083551,0.1111111111111111,0.05970149253731343,0.059602649006622516,0.11363636363636363,0.05405405405405406,0.12698412698412698,0.07692307692307693,0.07368421052631578
202508030902,2023105185,2025-10-26,7,96.2,2,0.0,55.0,-0.948681498053929,0,0,1,13.0,1600,0.0,9,476.0,2.0,0.5777797115486014,1,0,38.0,1.5275590551181102,2,2,6,6,14.0,7.666666666666667,5.0,5.507570547286102,40.3,37.23333333333333,35.8,2.657693235370352,9.0,6.666666666666667,8.0,3.214550253664318,9.0,6.0,5.5,2.9154759474226504,4.0,4.0,4.0,0.0,35.6,35.6,35.6,0.0,8.0,8.0,8.0,0.0,6.0,6.0,6.0,0.0,14.0,7.666666666666667,5.0,5.507570547286102,40.3,37.23333333333333,35.8,2.657693235370352,9.0,6.666666666666667,8.0,3.214550253664318,8.0,6.0,6.0,2.3094010767585025,14.0,7.666666666666667,5.0,5.507570547286102,40.3,37.23333333333333,35.8,2.657693235370352,9.0,6.666666666666667,8.0,3.214550253664318,9.0,6.0,6.0,2.701851217221259,0.0,False,0,1,0,58.2,0,1,0.04926108374384236,0.10672703751617077,0.09009009009009009,0.2,0.07729468599033816,0.0861504907306434,0.038461538461538464,0.09159727479182438,0.079002079002079,0.0784313725490196,0.08130081300813008,0.10249671484888305,0.10432190760059612,0.03225806451612903,0.0,0.05,0.1111111111111111,0.1125158027812895,0.0390625,0.05898876404494382,0.05263157894736842,0.0,0.02631578947368421,0.1288135593220339,0.0,0.0997624703087886,0.0,0.11904761904761904,0.0,0.044444444444444446,0.037037037037037035
202508030902,2023106785,2025-10-26,1,95.0,2,0.0,56.0,0.948681498053929,0,0,1,64.0,1600,0.0,10,464.0,6.0,0.0962966185914328,1,0,36.4,1.6054794520547946,5,5,6,6,3.0,3.0,3.0,3.4576806613039848,34.7,34.7,34.7,1.237571538153639,4.0,4.0,4.0,3.0983866769659336,9.0,6.0,5.5,2.9154759474226504,3.0,3.0,3.0,0.0,34.7,34.7,34.7,0.0,4.0,4.0,4.0,0.0,6.0,6.0,6.0,0.0,3.0,3.0,3.0,2.6457513110645943,34.7,34.7,34.7,0.960902353693287,4.0,4.0,4.0,2.5166114784235836,8.0,6.0,6.0,2.3094010767585025,3.0,3.0,3.0,3.209361307176242,34.7,34.7,34.7,1.1140017049131967,4.0,4.0,4.0,2.863564212655271,9.0,6.0,6.0,2.701851217221259,0.0,False,0,0,1,58.6,0,1,0.2631578947368421,0.139375,0.10424710424710425,0.0,0.11648351648351649,0.1322314049586777,0.0,0.12701207243460766,0.13465447154471544,0.07881773399014778,0.14285714285714285,0.15948275862068967,0.12024048096192384,0.042924211938296444,0.05263157894736842,0.04782608695652174,0.0421455938697318,0.1375166889185581,0.09418282548476455,0.13137996219281664,0.04642857142857143,0.07936507936507936,0.03283582089552239,0.06060606060606061,0.04225352112676056,0.14215686274509803,0.023809523809523808,0.08771929824561403,0.021739130434782608,0.09375,0.060240963855421686
202508030903,2023105865,2025-10-26,9,124.1,2,0.0,56.0,0.47434052402793186,1,0,0,14.0,2000,5.0,1,438.0,-2.0,-1.1240490713001907,0,0,37.0,2.347708894878706,3,3,3,4,10.0,10.0,10.0,3.4576806613039848,34.5,34.5,34.5,1.237571538153639,13.0,13.0,13.0,3.0983866769659336,12.0,12.0,12.0,2.9154759474226504,10.0,10.0,10.0,0.0,34.5,34.5,34.5,0.0,13.0,13.0,13.0,0.0,12.0,12.0,12.0,0.0,10.0,10.0,10.0,2.6457513110645943,34.5,34.5,34.5,0.960902353693287,13.0,13.0,13.0,2.5166114784235836,12.0,12.0,12.0,2.3094010767585025,10.0,10.0,10.0,3.209361307176242,34.5,34.5,34.5,1.1140017049131967,13.0,13.0,13.0,2.863564212655271,12.0,12.0,12.0,2.701851217221259,0.0,False,0,0,1,87.1,0,1,0.006752194463200541,0.05405405405405406,0.05747126436781609,0.0,0.05083260297984225,0.07703081232492998,0.0,0.05775627456909586,0.061529271206690564,0.0,0.05648854961832061,0.0763888888888889,0.054087277197295634,0.05530546623794212,0.0784313725490196,0.033582089552238806,0.0779816513761468,0.062409288824383166,0.0392156862745098,0.04863481228668942,0.056179775280898875,0.05555555555555555,0.043037974683544304,0.13043478260869565,0.11594202898550725,0.05263157894736842,0.05084745762711865,0.0,0.04918032786885246,0.0,0.06944444444444445
202508030903,2023106126,2025-10-26,7,123.8,2,0.0,56.0,0.47434052402793186,1,0,0,13.0,2000,-1.0,2,512.0,2.0,2.313125774824361,1,0,36.5,2.385245901639344,10,9,8,8,10.0,10.0,10.0,3.4576806613039848,35.2,35.2,35.2,1.237571538153639,9.0,9.0,9.0,3.0983866769659336,9.0,6.0,5.5,2.9154759474226504,10.0,10.0,10.0,0.0,35.2,35.2,35.2,0.0,9.0,9.0,9.0,0.0,6.0,6.0,6.0,0.0,10.0,10.0,10.0,2.6457513110645943,35.2,35.2,35.2,0.960902353693287,9.0,9.0,9.0,2.5166114784235836,8.0,6.0,6.0,2.3094010767585025,10.0,10.0,10.0,3.209361307176242,35.2,35.2,35.2,1.1140017049131967,9.0,9.0,9.0,2.863564212655271,9.0,6.0,6.0,2.701851217221259,-1.0,False,0,0,1,87.3,0,1,0.017241379310344827,0.08357348703170028,0.05357142857142857,0.0,0.08142493638676845,0.14285714285714285,0.0,0.09559512652296158,0.10973451327433628,0.05084745762711865,0.07258064516129033,0.1375,0.08048289738430583,0.05503439649781113,0.08333333333333333,0.05,0.0502283105022831,0.11392405063291139,0.06666666666666667,0.07239819004524888,0.07166123778501629,0.05970149253731343,0.04896907216494845,0.1282051282051282,0.015151515151515152,0.11428571428571428,0.0273972602739726,0.12857142857142856,0.07246376811594203,0.07228915662650602,0.0641025641025641
202508030903,2023102707,2025-10-26,4,123.2,2,0.0,56.0,0.47434052402793186,1,0,0,14.0,2000,-1.0,3,470.0,-2.0,0.3622968081050208,1,0,36.0,2.4155124653739612,5,5,5,5,9.0,9.0,9.0,3.4576806613039848,34.2,34.2,34.2,1.237571538153639,11.0,11.0,11.0,3.0983866769659336,11.0,11.0,11.0,2.9154759474226504,9.0,9.0,9.0,0.0,34.2,34.2,34.2,0.0,11.0,11.0,11.0,0.0,11.0,11.0,11.0,0.0,9.0,9.0,9.0,2.6457513110645943,34.2,34.2,34.2,0.960902353693287,11.0,11.0,11.0,2.5166114784235836,11.0,11.0,11.0,2.3094010767585025,9.0,9.0,9.0,3.209361307176242,34.2,34.2,34.2,1.1140017049131967,11.0,11.0,11.0,2.863564212655271,11.0,11.0,11.0,2.701851217221259,0.0,False,0,0,1,87.2,0,1,0.06329113924050632,0.0980952380952381,0.06896551724137931,0.1111111111111111,0.08045977011494253,0.07880910683012259,0.0,0.08592057761732852,0.08865248226950355,0.1085972850678733,0.075,0.0967741935483871,0.08364174685418209,0.04525862068965517,0.0,0.01904761904761905,0.07662835249042145,0.07962529274004684,0.06624605678233439,0.106353591160221,0.043824701195219126,0.125,0.03151862464183381,0.17391304347826086,0.10714285714285714,0.04975124378109453,0.05154639175257732,0.08,0.05,0.07894736842105263,0.021052631578947368
202508030903,2023107036,2025-10-26,3,123.1,2,0.0,56.0,0.47434052402793186,0,1,0,14.0,2000,1.0,4,466.0,4.0,0.17650357317936938,0,0,36.1,2.4033149171270716,3,4,3,2,4.0,4.0,4.0,3.4576806613039848,34.3,34.3,34.3,1.237571538153639,3.0,3.0,3.0,3.0983866769659336,3.0,3.0,3.0,2.9154759474226504,4.0,4.0,4.0,0.0,34.3,34.3,34.3,0.0,3.0,3.0,3.0,0.0,3.0,3.0,3.0,0.0,4.0,4.0,4.0,2.6457513110645943,34.3,34.3,34.3,0.960902353693287,3.0,3.0,3.0,2.5166114784235836,3.0,3.0,3.0,2.3094010767585025,4.0,4.0,4.0,3.209361307176242,34.3,34.3,34.3,1.1140017049131967,3.0,3.0,3.0,2.863564212655271,3.0,3.0,3.0,2.701851217221259,1.0,False,0,0,1,87.0,0,1,0.20833333333333334,0.10843373493975904,0.11518324607329843,0.05555555555555555,0.08229166666666667,0.095703125,0.0,0.0962278675904542,0.08933454876937101,0.08849557522123894,0.1083844580777096,0.0,0.10153640614562458,0.0757020757020757,0.0425531914893617,0.09259259259259259,0.08108108108108109,0.0968586387434555,0.10738255033557047,0.07333333333333333,0.07669616519174041,0.05555555555555555,0.06682027649769585,0.1111111111111111,0.11320754716981132,0.10256410256410256,0.10084033613445378,0.10774410774410774,0.016666666666666666,0.11849710982658959,0.05172413793103448
202508030903,2023106403,2025-10-26,8,123.9,2,0.0,56.0,0.47434052402793186,0,1,0,14.0,2000,3.0,5,438.0,4.0,-1.1240490713001907,1,0,36.6,2.3787465940054493,5,5,7,5,9.0,5.666666666666667,5.0,3.0550504633038935,36.0,35.666666666666664,35.6,0.3055050463303871,8.0,7.333333333333333,8.0,1.1547005383792517,6.0,6.0,6.0,2.9154759474226504,3.0,3.0,3.0,0.0,35.4,35.4,35.4,0.0,8.0,8.0,8.0,0.0,6.0,6.0,6.0,0.0,9.0,5.666666666666667,5.0,3.0550504633038935,36.0,35.666666666666664,35.6,0.3055050463303871,8.0,7.333333333333333,8.0,1.1547005383792517,6.0,6.0,6.0,2.3094010767585025,9.0,5.666666666666667,5.0,3.0550504633038935,36.0,35.666666666666664,35.6,0.3055050463303871,8.0,7.333333333333333,8.0,1.1547005383792517,6.0,6.0,6.0,2.701851217221259,0.0,False,0,0,1,87.3,0,1,0.07407407407407407,0.1643002028397566,0.1267123287671233,0.125,0.15247524752475247,0.15343915343915343,0.06666666666666667,0.15441176470588236,0.15803667745415317,0.1606456571867794,0.05333333333333334,0.06313131313131314,0.15255009107468123,0.05530546623794212,0.0784313725490196,0.033582089552238806,0.0779816513761468,0.11627906976744186,0.14641744548286603,0.11627906976744186,0.056179775280898875,0.05555555555555555,0.043037974683544304,0.2022792022792023,0.11594202898550725,0.17364016736401675,0.05084745762711865,0.15384615384615385,0.04918032786885246,0.023809523809523808,0.06944444444444445
202508030903,2023103367,2025-10-26,5,123.3,2,0.0,55.0,-1.8973620961116937,0,1,0,56.0,2000,0.0,6,474.0,4.0,0.5480900430306722,0,0,36.1,2.408839779005525,8,8,5,5,2.0,2.0,2.0,3.4576806613039848,33.6,33.6,33.6,1.237571538153639,7.0,7.0,7.0,3.0983866769659336,7.0,7.0,7.0,2.9154759474226504,2.0,2.0,2.0,0.0,33.6,33.6,33.6,0.0,7.0,7.0,7.0,0.0,7.0,7.0,7.0,0.0,2.0,2.0,2.0,2.6457513110645943,33.6,33.6,33.6,0.960902353693287,7.0,7.0,7.0,2.5166114784235836,7.0,7.0,7.0,2.3094010767585025,2.0,2.0,2.0,3.209361307176242,33.6,33.6,33.6,1.1140017049131967,7.0,7.0,7.0,2.863564212655271,7.0,7.0,7.0,2.701851217221259,0.0,False,0,1,0,87.2,0,1,0.30303030303030304,0.14599285349668198,0.10897435897435898,0.13333333333333333,0.13667820069204153,0.14118895966029724,0.09090909090909091,0.1393525035190026,0.15390879478827363,0.09174311926605505,0.14,0.17391304347826086,0.12529928172386273,0.06979958534899793,0.04878048780487805,0.052845528455284556,0.08333333333333333,0.15798764342453664,0.1062124248496994,0.13914780292942744,0.04797047970479705,0.0625,0.08056872037914692,0.3333333333333333,0.05263157894736842,0.08522727272727272,0.12345679012345678,0.057971014492753624,0.08620689655172414,0.06666666666666667,0.05555555555555555
202508030903,2023102317,2025-10-26,10,125.7,2,0.0,56.0,0.47434052402793186,0,0,1,8.0,2000,8.0,7,462.0,-2.0,-0.009289661746282044,1,0,38.8,2.2339331619537277,2,2,2,2,14.0,14.0,14.0,3.4576806613039848,34.3,34.3,34.3,1.237571538153639,16.0,16.0,16.0,3.0983866769659336,9.0,6.0,5.5,2.9154759474226504,14.0,14.0,14.0,0.0,34.3,34.3,34.3,0.0,16.0,16.0,16.0,0.0,6.0,6.0,6.0,0.0,14.0,14.0,14.0,2.6457513110645943,34.3,34.3,34.3,0.960902353693287,16.0,16.0,16.0,2.5166114784235836,8.0,6.0,6.0,2.3094010767585025,14.0,14.0,14.0,3.209361307176242,34.3,34.3,34.3,1.1140017049131967,16.0,16.0,16.0,2.863564212655271,9.0,6.0,6.0,2.701851217221259,0.0,False,0,0,1,86.9,0,1,0.004873294346978558,0.0472636815920398,0.010869565217391304,0.0,0.05343511450381679,0.0681265206812652,0.3333333333333333,0.05233739837398374,0.059082892416225746,0.0,0.04772475027746948,0.08018867924528301,0.0421179302045728,0.0890302066772655,0.2,0.07692307692307693,0.057692307692307696,0.05240174672489083,0.0,0.052336448598130844,0.08737864077669903,0.0,0.06299212598425197,0.047619047619047616,0.07692307692307693,0.04878048780487805,0.10526315789473684,0.057971014492753624,0.14814814814814814,0.04897959183673469,0.21621621621621623
202508030903,2023103986,2025-10-26,1,122.5,2,0.0,56.0,0.47434052402793186,0,0,1,22.0,2000,0.0,8,460.0,0.0,-0.10218627920910776,1,0,35.7,2.424581005586592,1,1,1,1,5.0,5.0,5.0,3.4576806613039848,35.2,35.2,35.2,1.237571538153639,2.0,2.0,2.0,3.0983866769659336,4.0,4.0,4.0,2.9154759474226504,5.0,5.0,5.0,0.0,35.2,35.2,35.2,0.0,2.0,2.0,2.0,0.0,4.0,4.0,4.0,0.0,5.0,5.0,5.0,2.6457513110645943,35.2,35.2,35.2,0.960902353693287,2.0,2.0,2.0,2.5166114784235836,4.0,4.0,4.0,2.3094010767585025,5.0,5.0,5.0,3.209361307176242,35.2,35.2,35.2,1.1140017049131967,2.0,2.0,2.0,2.863564212655271,4.0,4.0,4.0,2.701851217221259,0.0,False,0,0,1,86.8,0,1,0.12987012987012986,0.15449202350965574,0.14084507042253522,0.0,0.12363330529857022,0.1807044410413476,0.0,0.14657282741738067,0.1588921282798834,0.1317365269461078,0.172,0.17204301075268819,0.1379492600422833,0.07620941020543406,0.1,0.05314009661835749,0.09126984126984126,0.1331923890063425,0.12,0.1391812865497076,0.07380073800738007,0.08928571428571429,0.07142857142857142,0.07692307692307693,0.1111111111111111,0.0,0.07936507936507936,0.16298342541436464,0.08196721311475409,0.1619047619047619,0.05333333333333334
202508030903,2023106440,2025-10-26,2,123.0,2,0.0,56.0,0.47434052402793186,0,0,1,22.0,2000,-7.0,9,456.0,4.0,-0.2879795141347592,0,0,35.6,2.4481792717086837,9,9,8,9,4.0,4.0,4.0,3.4576806613039848,34.7,34.7,34.7,1.237571538153639,8.0,8.0,8.0,3.0983866769659336,9.0,9.0,9.0,2.9154759474226504,4.0,4.0,4.0,0.0,34.7,34.7,34.7,0.0,8.0,8.0,8.0,0.0,9.0,9.0,9.0,0.0,4.0,4.0,4.0,2.6457513110645943,34.7,34.7,34.7,0.960902353693287,8.0,8.0,8.0,2.5166114784235836,9.0,9.0,9.0,2.3094010767585025,4.0,4.0,4.0,3.209361307176242,34.7,34.7,34.7,1.1140017049131967,8.0,8.0,8.0,2.863564212655271,9.0,9.0,9.0,2.701851217221259,0.0,False,0,0,1,87.4,0,1,0.18867924528301888,0.06560088202866593,0.06722689075630252,0.10526315789473684,0.04736129905277402,0.05149700598802395,0.0,0.05690871841566128,0.055025996533795495,0.06382978723404255,0.06954436450839328,0.05934065934065934,0.059248554913294796,0.06169296987087518,0.047619047619047616,0.05,0.07777777777777778,0.04372842347525892,0.04265402843601896,0.056818181818181816,0.0398406374501992,0.04878048780487805,0.06933333333333333,0.1111111111111111,0.1,0.059602649006622516,0.08791208791208792,0.05405405405405406,0.09375,0.07692307692307693,0.014285714285714285
202508030903,2023101946,2025-10-26,6,123.3,2,0.0,55.0,-1.8973620961116937,0,0,1,22.0,2000,-3.0,10,446.0,0.0,-0.7524626014488878,0,0,35.8,2.437325905292479,7,7,10,9,8.0,5.666666666666667,6.0,2.5166114784235836,34.9,34.53333333333333,34.7,0.4725815626252615,10.0,7.0,8.0,3.605551275463989,4.0,4.0,4.0,2.9154759474226504,3.0,3.0,3.0,0.0,34.7,34.7,34.7,0.0,3.0,3.0,3.0,0.0,4.0,4.0,4.0,0.0,8.0,5.666666666666667,6.0,2.5166114784235836,34.9,34.53333333333333,34.7,0.4725815626252615,10.0,7.0,8.0,3.605551275463989,4.0,4.0,4.0,2.3094010767585025,8.0,5.666666666666667,6.0,2.5166114784235836,34.9,34.53333333333333,34.7,0.4725815626252615,10.0,7.0,8.0,3.605551275463989,4.0,4.0,4.0,2.701851217221259,0.0,False,0,1,0,87.5,0,1,0.020964360587002094,0.04011461318051576,0.03333333333333333,0.0,0.05817174515235457,0.03508771929824561,0.0,0.044444444444444446,0.0499219968798752,0.0,0.04790419161676647,0.05660377358490566,0.036458333333333336,0.052664576802507836,0.0,0.039301310043668124,0.08,0.052845528455284556,0.038461538461538464,0.032490974729241874,0.045454545454545456,0.037037037037037035,0.04449152542372881,0.07692307692307693,0.1724137931034483,0.018867924528301886,0.06611570247933884,0.057971014492753624,0.0784313725490196,0.14285714285714285,0.0425531914893617
202508030904,2023100475,2025-10-26,3,114.0,2,0.0,56.0,0.48412244952638106,1,0,0,48.0,1800,-4.0,1,430.0,0.0,-1.1784865779987344,0,0,37.6,2.026525198938992,9,7,6,7,11.0,6.0,5.5,3.4576806613039848,38.3,36.35,36.25,1.237571538153639,11.0,6.444444444444445,6.0,3.0983866769659336,9.0,6.0,5.5,2.9154759474226504,6.0,6.0,6.0,0.0,36.3,36.3,36.3,0.0,6.0,6.0,6.0,0.0,6.0,6.0,6.0,0.0,9.0,6.333333333333333,6.0,2.6457513110645943,37.2,36.26666666666667,36.2,0.960902353693287,9.0,6.666666666666667,6.0,2.5166114784235836,8.0,6.0,6.0,2.3094010767585025,10.0,6.1,6.0,3.209361307176242,37.8,36.3,36.2,1.1140017049131967,10.0,6.6,6.0,2.863564212655271,9.0,6.0,6.0,2.701851217221259,-2.0,False,0,0,1,76.4,1,0,0.00975609756097561,0.10843373493975904,0.11518324607329843,0.05555555555555555,0.08229166666666667,0.095703125,0.0,0.0962278675904542,0.08933454876937101,0.08849557522123894,0.1083844580777096,0.0,0.10153640614562458,0.06169296987087518,0.047619047619047616,0.05,0.07777777777777778,0.0968586387434555,0.10738255033557047,0.07333333333333333,0.0398406374501992,0.04878048780487805,0.06933333333333333,0.1111111111111111,0.1,0.10256410256410256,0.08791208791208792,0.10774410774410774,0.09375,0.11849710982658959,0.014285714285714285
202508030904,2023106750,2025-10-26,13,118.4,2,0.0,56.0,0.48412244952638106,1,0,0,48.0,1800,4.0,2,476.0,0.0,-0.0693227398822785,0,0,41.5,1.8485576923076923,13,11,12,9,11.0,6.0,5.5,3.4576806613039848,38.3,36.35,36.25,1.237571538153639,11.0,6.444444444444445,6.0,3.0983866769659336,9.0,6.0,5.5,2.9154759474226504,6.0,6.0,6.0,0.0,36.3,36.3,36.3,0.0,6.0,6.0,6.0,0.0,6.0,6.0,6.0,0.0,9.0,6.333333333333333,6.0,2.6457513110645943,37.2,36.26666666666667,36.2,0.960902353693287,9.0,6.666666666666667,6.0,2.5166114784235836,8.0,6.0,6.0,2.3094010767585025,10.0,6.1,6.0,3.209361307176242,37.8,36.3,36.2,1.1140017049131967,10.0,6.6,6.0,2.863564212655271,9.0,6.0,6.0,2.701851217221259,-2.0,False,0,0,1,76.9,1,0,0.011862396204033215,0.037111334002006016,0.02586206896551724,0.0625,0.039473684210526314,0.05546492659053834,0.0,0.04165103189493433,0.04251144538914323,0.024390243902439025,0.035523978685612786,0.03939393939393939,0.04088888888888889,0.06894287590282337,0.08851674641148326,0.0,0.07142857142857142,0.043859649122807015,0.06451612903225806,0.04162330905306972,0.056451612903225805,0.07086614173228346,0.0,0.08333333333333333,0.09302325581395349,0.04938271604938271,0.06310679611650485,0.0,0.0,0.0,0.01639344262295082
202508030904,2023101579,2025-10-26,7,115.0,2,0.0,56.0,0.48412244952638106,1,0,0,48.0,1800,2.0,3,446.0,0.0,-0.7926904603930105,0,0,38.8,1.9588688946015425,5,4,4,5,11.0,6.0,5.5,3.4576806613039848,38.3,36.35,36.25,1.237571538153639,11.0,6.444444444444445,6.0,3.0983866769659336,9.0,6.0,5.5,2.9154759474226504,6.0,6.0,6.0,0.0,36.3,36.3,36.3,0.0,6.0,6.0,6.0,0.0,6.0,6.0,6.0,0.0,9.0,6.333333333333333,6.0,2.6457513110645943,37.2,36.26666666666667,36.2,0.960902353693287,9.0,6.666666666666667,6.0,2.5166114784235836,8.0,6.0,6.0,2.3094010767585025,10.0,6.1,6.0,3.209361307176242,37.8,36.3,36.2,1.1140017049131967,10.0,6.6,6.0,2.863564212655271,9.0,6.0,6.0,2.701851217221259,-1.0,False,0,0,1,76.2,1,0,0.020964360587002094,0.03300970873786408,0.045454545454545456,0.0,0.03958333333333333,0.016129032258064516,0.0,0.03172314347512617,0.02956298200514139,0.045454545454545456,0.0049504950495049506,0.045454545454545456,0.03529411764705882,0.09951219512195122,0.2,0.0875,0.09523809523809523,0.03343465045592705,0.11904761904761904,0.017543859649122806,0.109375,0.08108108108108109,0.08602150537634409,0.06666666666666667,0.0,0.046296296296296294,0.05714285714285714,0.125,0.22413793103448276,0.0,0.13725490196078433
202508030904,2023103596,2025-10-26,2,113.6,2,0.0,56.0,0.48412244952638106,1,0,0,48.0,1800,-1.0,4,528.0,0.0,1.1845146423363238,0,0,37.3,2.0401069518716577,9,7,6,3,11.0,6.0,5.5,3.4576806613039848,38.3,36.35,36.25,1.237571538153639,11.0,6.444444444444445,6.0,3.0983866769659336,9.0,6.0,5.5,2.9154759474226504,6.0,6.0,6.0,0.0,36.3,36.3,36.3,0.0,6.0,6.0,6.0,0.0,6.0,6.0,6.0,0.0,9.0,6.333333333333333,6.0,2.6457513110645943,37.2,36.26666666666667,36.2,0.960902353693287,9.0,6.666666666666667,6.0,2.5166114784235836,8.0,6.0,6.0,2.3094010767585025,10.0,6.1,6.0,3.209361307176242,37.8,36.3,36.2,1.1140017049131967,10.0,6.6,6.0,2.863564212655271,9.0,6.0,6.0,2.701851217221259,-2.0,False,0,0,1,76.3,1,0,0.11904761904761904,0.05405405405405406,0.05747126436781609,0.0,0.05083260297984225,0.07703081232492998,0.0,0.05775627456909586,0.061529271206690564,0.0,0.05648854961832061,0.0763888888888889,0.054087277197295634,0.06493506493506493,0.16666666666666666,0.0625,0.0625,0.062409288824383166,0.0392156862745098,0.04863481228668942,0.1,0.0,0.09302325581395349,0.13043478260869565,0.0,0.05263157894736842,0.0,0.0,0.0,0.0,0.0
202508030904,2023103703,2025-10-26,14,118.8,2,0.0,56.0,0.48412244952638106,1,0,0,48.0,1800,1.0,5,500.0,0.0,0.5093714365263071,0,0,41.6,1.8513189448441247,11,13,13,13,11.0,6.0,5.5,3.4576806613039848,38.3,36.35,36.25,1.237571538153639,11.0,6.444444444444445,6.0,3.0983866769659336,9.0,6.0,5.5,2.9154759474226504,6.0,6.0,6.0,0.0,36.3,36.3,36.3,0.0,6.0,6.0,6.0,0.0,6.0,6.0,6.0,0.0,9.0,6.333333333333333,6.0,2.6457513110645943,37.2,36.26666666666667,36.2,0.960902353693287,9.0,6.666666666666667,6.0,2.5166114784235836,8.0,6.0,6.0,2.3094010767585025,10.0,6.1,6.0,3.209361307176242,37.8,36.3,36.2,1.1140017049131967,10.0,6.6,6.0,2.863564212655271,9.0,6.0,6.0,2.701851217221259,2.0,False,0,0,1,77.2,1,0,0.2040816326530612,0.08292682926829269,0.12837837837837837,0.0,0.08771929824561403,0.08974358974358974,0.10344827586206896,0.08935663224781573,0.08056478405315615,0.0737527114967462,0.08695652173913043,0.0945945945945946,0.09727626459143969,0.09427374301675978,0.07352941176470588,0.08181818181818182,0.08900523560209424,0.09375,0.051470588235294115,0.14285714285714285,0.07806691449814127,0.14285714285714285,0.10621761658031088,0.07916666666666666,0.09615384615384616,0.10084033613445378,0.07777777777777778,0.12427745664739884,0.21568627450980393,0.09269662921348315,0.05357142857142857
202508030904,2023101861,2025-10-26,9,115.5,2,0.0,55.0,-0.48412244952638106,1,0,0,48.0,1800,6.0,6,424.0,0.0,-1.3231601221008806,0,0,39.4,1.9265822784810125,5,4,3,3,11.0,6.0,5.5,3.4576806613039848,38.3,36.35,36.25,1.237571538153639,11.0,6.444444444444445,6.0,3.0983866769659336,9.0,6.0,5.5,2.9154759474226504,6.0,6.0,6.0,0.0,36.3,36.3,36.3,0.0,6.0,6.0,6.0,0.0,6.0,6.0,6.0,0.0,9.0,6.333333333333333,6.0,2.6457513110645943,37.2,36.26666666666667,36.2,0.960902353693287,9.0,6.666666666666667,6.0,2.5166114784235836,8.0,6.0,6.0,2.3094010767585025,10.0,6.1,6.0,3.209361307176242,37.8,36.3,36.2,1.1140017049131967,10.0,6.6,6.0,2.863564212655271,9.0,6.0,6.0,2.701851217221259,-1.0,False,0,1,0,76.1,1,0,0.03584229390681004,0.13232920925228617,0.08455882352941177,0.15,0.10037406483790523,0.12083847102342787,0.045454545454545456,0.11595466434176112,0.11734693877551021,0.10047846889952153,0.12018669778296383,0.0821256038647343,0.11517615176151762,0.08783783783783784,0.0,0.06666666666666667,0.15384615384615385,0.1325910931174089,0.07524271844660194,0.12367724867724868,0.03571428571428571,0.0,0.14285714285714285,0.13043478260869565,0.0,0.10422535211267606,0.09090909090909091,0.057971014492753624,0.0,0.08,0.14285714285714285
202508030904,2023106903,2025-10-26,15,118.8,2,0.0,55.0,-0.48412244952638106,0,1,0,48.0,1800,1.0,7,448.0,0.0,-0.7444659456922951,0,0,41.8,1.837708830548926,11,11,10,14,11.0,6.0,5.5,3.4576806613039848,38.3,36.35,36.25,1.237571538153639,11.0,6.444444444444445,6.0,3.0983866769659336,9.0,6.0,5.5,2.9154759474226504,6.0,6.0,6.0,0.0,36.3,36.3,36.3,0.0,6.0,6.0,6.0,0.0,6.0,6.0,6.0,0.0,9.0,6.333333333333333,6.0,2.6457513110645943,37.2,36.26666666666667,36.2,0.960902353693287,9.0,6.666666666666667,6.0,2.5166114784235836,8.0,6.0,6.0,2.3094010767585025,10.0,6.1,6.0,3.209361307176242,37.8,36.3,36.2,1.1140017049131967,10.0,6.6,6.0,2.863564212655271,9.0,6.0,6.0,2.701851217221259,0.0,False,0,1,0,77.0,1,0,0.07633587786259542,0.1643002028397566,0.1267123287671233,0.125,0.15247524752475247,0.15343915343915343,0.06666666666666667,0.15441176470588236,0.15803667745415317,0.1606456571867794,0.05333333333333334,0.06313131313131314,0.15255009107468123,0.07136404697380307,0.05555555555555555,0.050955414012738856,0.09352517985611511,0.11627906976744186,0.14641744548286603,0.11627906976744186,0.06896551724137931,0.06,0.04,0.2022792022792023,0.13559322033898305,0.17364016736401675,0.10714285714285714,0.15384615384615385,0.1951219512195122,0.023809523809523808,0.044444444444444446
202508030904,2023110038,2025-10-26,1,111.9,2,0.0,56.0,0.48412244952638106,0,1,0,48.0,1800,0.0,8,500.0,0.0,0.5093714365263071,0,0,36.1,2.0939226519337013,1,1,1,1,11.0,6.0,5.5,3.4576806613039848,38.3,36.35,36.25,1.237571538153639,11.0,6.444444444444445,6.0,3.0983866769659336,9.0,6.0,5.5,2.9154759474226504,6.0,6.0,6.0,0.0,36.3,36.3,36.3,0.0,6.0,6.0,6.0,0.0,6.0,6.0,6.0,0.0,9.0,6.333333333333333,6.0,2.6457513110645943,37.2,36.26666666666667,36.2,0.960902353693287,9.0,6.666666666666667,6.0,2.5166114784235836,8.0,6.0,6.0,2.3094010767585025,10.0,6.1,6.0,3.209361307176242,37.8,36.3,36.2,1.1140017049131967,10.0,6.6,6.0,2.863564212655271,9.0,6.0,6.0,2.701851217221259,0.0,False,0,0,1,75.8,1,0,0.15625,0.14599285349668198,0.10897435897435898,0.13333333333333333,0.13667820069204153,0.14118895966029724,0.09090909090909091,0.1393525035190026,0.15390879478827363,0.09174311926605505,0.14,0.17391304347826086,0.12529928172386273,0.1226790450928382,0.1111111111111111,0.1417004048582996,0.12980769230769232,0.15798764342453664,0.1062124248496994,0.13914780292942744,0.12015503875968993,0.07865168539325842,0.11778846153846154,0.3333333333333333,0.0625,0.08522727272727272,0.13924050632911392,0.057971014492753624,0.12857142857142856,0.06666666666666667,0.140625
202508030904,2023100404,2025-10-26,12,116.3,2,0.0,55.0,-0.48412244952638106,0,1,0,48.0,1800,3.0,9,472.0,0.0,-0.16577176928370943,0,0,39.4,1.9468354430379748,7,7,10,9,11.0,6.0,5.5,3.4576806613039848,38.3,36.35,36.25,1.237571538153639,11.0,6.444444444444445,6.0,3.0983866769659336,9.0,6.0,5.5,2.9154759474226504,6.0,6.0,6.0,0.0,36.3,36.3,36.3,0.0,6.0,6.0,6.0,0.0,6.0,6.0,6.0,0.0,9.0,6.333333333333333,6.0,2.6457513110645943,37.2,36.26666666666667,36.2,0.960902353693287,9.0,6.666666666666667,6.0,2.5166114784235836,8.0,6.0,6.0,2.3094010767585025,10.0,6.1,6.0,3.209361307176242,37.8,36.3,36.2,1.1140017049131967,10.0,6.6,6.0,2.863564212655271,9.0,6.0,6.0,2.701851217221259,0.0,False,0,0,1,76.9,1,0,0.05319148936170213,0.06060606060606061,0.04,0.0,0.06382978723404255,0.07692307692307693,0.0,0.06427990235964198,0.0659025787965616,0.0,0.056962025316455694,0.05511811023622047,0.062264150943396226,0.08555033907146584,0.08163265306122448,0.07317073170731707,0.09170305676855896,0.07142857142857142,0.0,0.07457627118644068,0.10837438423645321,0.10294117647058823,0.06852248394004283,0.07916666666666666,0.03636363636363636,0.06896551724137931,0.07633587786259542,0.057971014492753624,0.12087912087912088,0.04897959183673469,0.08955223880597014
202508030904,2023101586,2025-10-26,11,116.2,2,0.0,56.0,0.48412244952638106,0,1,0,48.0,1800,2.0,10,518.0,0.0,0.9433920688327464,0,0,39.4,1.9443037974683544,7,7,9,9,11.0,6.0,5.5,3.4576806613039848,38.3,36.35,36.25,1.237571538153639,11.0,6.444444444444445,6.0,3.0983866769659336,9.0,6.0,5.5,2.9154759474226504,6.0,6.0,6.0,0.0,36.3,36.3,36.3,0.0,6.0,6.0,6.0,0.0,6.0,6.0,6.0,0.0,9.0,6.333333333333333,6.0,2.6457513110645943,37.2,36.26666666666667,36.2,0.960902353693287,9.0,6.666666666666667,6.0,2.5166114784235836,8.0,6.0,6.0,2.3094010767585025,10.0,6.1,6.0,3.209361307176242,37.8,36.3,36.2,1.1140017049131967,10.0,6.6,6.0,2.863564212655271,9.0,6.0,6.0,2.701851217221259,0.0,False,0,0,1,76.8,1,0,0.01218026796589525,0.0472636815920398,0.010869565217391304,0.0,0.05343511450381679,0.0681265206812652,0.3333333333333333,0.05233739837398374,0.059082892416225746,0.0,0.04772475027746948,0.08018867924528301,0.0421179302045728,0.08294930875576037,0.25,0.08163265306122448,0.06060606060606061,0.05240174672489083,0.0,0.052336448598130844,0.08695652173913043,0.0,0.10256410256410256,0.047619047619047616,0.07142857142857142,0.04878048780487805,0.0,0.057971014492753624,0.1111111111111111,0.04897959183673469,0.0
202508030904,2023105122,2025-10-26,10,115.9,2,0.0,56.0,0.48412244952638106,0,1,0,48.0,1800,-5.0,11,506.0,0.0,0.6540449806284535,0,0,38.4,2.012987012987013,14,14,14,15,11.0,6.0,5.5,3.4576806613039848,38.3,36.35,36.25,1.237571538153639,11.0,6.444444444444445,6.0,3.0983866769659336,9.0,6.0,5.5,2.9154759474226504,6.0,6.0,6.0,0.0,36.3,36.3,36.3,0.0,6.0,6.0,6.0,0.0,6.0,6.0,6.0,0.0,9.0,6.333333333333333,6.0,2.6457513110645943,37.2,36.26666666666667,36.2,0.960902353693287,9.0,6.666666666666667,6.0,2.5166114784235836,8.0,6.0,6.0,2.3094010767585025,10.0,6.1,6.0,3.209361307176242,37.8,36.3,36.2,1.1140017049131967,10.0,6.6,6.0,2.863564212655271,9.0,6.0,6.0,2.701851217221259,0.0,False,0,0,1,77.5,1,0,0.01016260162601626,0.0682261208576998,0.0718232044198895,0.8,0.06666666666666667,0.0585480093676815,0.1,0.06675350048844025,0.07337526205450734,0.02702702702702703,0.05394190871369295,0.06557377049180328,0.06024844720496894,0.07404891304347826,0.0625,0.07207207207207207,0.06875,0.051470588235294115,0.057692307692307696,0.06557377049180328,0.05592105263157895,0.09375,0.06801007556675064,0.09876543209876543,0.09090909090909091,0.10354223433242507,0.2222222222222222,0.06116207951070336,0.027777777777777776,0.056910569105691054,0.06837606837606838
202508030904,2023102092,2025-10-26,5,114.2,2,0.0,56.0,0.48412244952638106,0,1,0,48.0,1800,3.0,12,542.0,0.0,1.522086245241332,0,0,38.2,1.9843342036553522,2,2,2,2,11.0,6.0,5.5,3.4576806613039848,38.3,36.35,36.25,1.237571538153639,11.0,6.444444444444445,6.0,3.0983866769659336,9.0,6.0,5.5,2.9154759474226504,6.0,6.0,6.0,0.0,36.3,36.3,36.3,0.0,6.0,6.0,6.0,0.0,6.0,6.0,6.0,0.0,9.0,6.333333333333333,6.0,2.6457513110645943,37.2,36.26666666666667,36.2,0.960902353693287,9.0,6.666666666666667,6.0,2.5166114784235836,8.0,6.0,6.0,2.3094010767585025,10.0,6.1,6.0,3.209361307176242,37.8,36.3,36.2,1.1140017049131967,10.0,6.6,6.0,2.863564212655271,9.0,6.0,6.0,2.701851217221259,0.0,False,0,0,1,76.0,1,0,0.2173913043478261,0.10672703751617077,0.09009009009009009,0.2,0.07729468599033816,0.0861504907306434,0.038461538461538464,0.09159727479182438,0.079002079002079,0.0784313725490196,0.08130081300813008,0.10249671484888305,0.10432190760059612,0.08294930875576037,0.25,0.08163265306122448,0.06060606060606061,0.1125158027812895,0.0390625,0.05898876404494382,0.08695652173913043,0.0,0.10256410256410256,0.1288135593220339,0.07142857142857142,0.0997624703087886,0.0,0.11904761904761904,0.1111111111111111,0.044444444444444446,0.0
202508030904,2023100456,2025-10-26,16,119.3,2,0.0,56.0,0.48412244952638106,0,0,1,48.0,1800,0.0,13,502.0,0.0,0.5575959512270227,0,0,41.0,1.9051094890510947,15,15,16,16,11.0,6.0,5.5,3.4576806613039848,38.3,36.35,36.25,1.237571538153639,11.0,6.444444444444445,6.0,3.0983866769659336,9.0,6.0,5.5,2.9154759474226504,6.0,6.0,6.0,0.0,36.3,36.3,36.3,0.0,6.0,6.0,6.0,0.0,6.0,6.0,6.0,0.0,9.0,6.333333333333333,6.0,2.6457513110645943,37.2,36.26666666666667,36.2,0.960902353693287,9.0,6.666666666666667,6.0,2.5166114784235836,8.0,6.0,6.0,2.3094010767585025,10.0,6.1,6.0,3.209361307176242,37.8,36.3,36.2,1.1140017049131967,10.0,6.6,6.0,2.863564212655271,9.0,6.0,6.0,2.701851217221259,0.0,False,0,0,1,78.3,1,0,0.003924646781789639,0.04011461318051576,0.03333333333333333,0.0,0.05817174515235457,0.03508771929824561,0.0,0.044444444444444446,0.0499219968798752,0.0,0.04790419161676647,0.05660377358490566,0.036458333333333336,0.04852459016393443,0.014925373134328358,0.05116279069767442,0.0622568093385214,0.052845528455284556,0.038461538461538464,0.032490974729241874,0.050359712230215826,0.0,0.04060913705583756,0.07692307692307693,0.07692307692307693,0.018867924528301886,0.06140350877192982,0.057971014492753624,0.0,0.14285714285714285,0.07894736842105263
202508030904,2023106555,2025-10-26,8,115.2,2,0.0,52.0,-3.3888571466846673,0,0,1,48.0,1800,0.0,14,390.0,0.0,-2.1429768720130435,0,0,38.6,1.9793281653746768,3,4,8,8,11.0,6.0,5.5,3.4576806613039848,38.3,36.35,36.25,1.237571538153639,11.0,6.444444444444445,6.0,3.0983866769659336,9.0,6.0,5.5,2.9154759474226504,6.0,6.0,6.0,0.0,36.3,36.3,36.3,0.0,6.0,6.0,6.0,0.0,6.0,6.0,6.0,0.0,9.0,6.333333333333333,6.0,2.6457513110645943,37.2,36.26666666666667,36.2,0.960902353693287,9.0,6.666666666666667,6.0,2.5166114784235836,8.0,6.0,6.0,2.3094010767585025,10.0,6.1,6.0,3.209361307176242,37.8,36.3,36.2,1.1140017049131967,10.0,6.6,6.0,2.863564212655271,9.0,6.0,6.0,2.701851217221259,1.0,False,0,1,0,76.6,1,0,0.019880715705765408,0.044444444444444446,0.07142857142857142,0.0,0.028169014084507043,0.06818181818181818,0.05263157894736842,0.045662100456621,0.056,0.05084745762711865,0.08333333333333333,0.07142857142857142,0.031914893617021274,0.043626448534423996,0.0,0.024691358024691357,0.04395604395604396,0.034482758620689655,0.04265402843601896,0.02197802197802198,0.035830618892508145,0.0,0.032171581769437,0.07916666666666666,0.10126582278481013,0.16666666666666666,0.08181818181818182,0.057971014492753624,0.14285714285714285,0.04897959183673469,0.022988505747126436
202508030904,2023103590,2025-10-26,6,114.7,2,0.0,55.0,-0.48412244952638106,0,0,1,48.0,1800,-6.0,15,496.0,0.0,0.4129224071248762,0,0,37.3,2.0695187165775404,16,16,15,12,11.0,6.0,5.5,3.4576806613039848,38.3,36.35,36.25,1.237571538153639,11.0,6.444444444444445,6.0,3.0983866769659336,9.0,6.0,5.5,2.9154759474226504,6.0,6.0,6.0,0.0,36.3,36.3,36.3,0.0,6.0,6.0,6.0,0.0,6.0,6.0,6.0,0.0,9.0,6.333333333333333,6.0,2.6457513110645943,37.2,36.26666666666667,36.2,0.960902353693287,9.0,6.666666666666667,6.0,2.5166114784235836,8.0,6.0,6.0,2.3094010767585025,10.0,6.1,6.0,3.209361307176242,37.8,36.3,36.2,1.1140017049131967,10.0,6.6,6.0,2.863564212655271,9.0,6.0,6.0,2.701851217221259,0.0,False,0,1,0,77.4,1,0,0.03194888178913738,0.06560088202866593,0.06722689075630252,0.10526315789473684,0.04736129905277402,0.05149700598802395,0.0,0.05690871841566128,0.055025996533795495,0.06382978723404255,0.06954436450839328,0.05934065934065934,0.059248554913294796,0.06862091938707528,0.022222222222222223,0.056451612903225805,0.016666666666666666,0.04372842347525892,0.04265402843601896,0.056818181818181816,0.1,0.11363636363636363,0.06426735218508997,0.1111111111111111,0.11392405063291139,0.059602649006622516,0.041666666666666664,0.05405405405405406,0.1111111111111111,0.07692307692307693,0.09090909090909091
202508030904,2023101756,2025-10-26,4,114.1,2,0.0,56.0,0.48412244952638106,0,0,1,48.0,1800,-1.0,16,484.0,0.0,0.12357531892058339,0,0,37.8,2.0131926121372032,3,2,4,5,11.0,6.0,5.5,3.4576806613039848,38.3,36.35,36.25,1.237571538153639,11.0,6.444444444444445,6.0,3.0983866769659336,9.0,6.0,5.5,2.9154759474226504,6.0,6.0,6.0,0.0,36.3,36.3,36.3,0.0,6.0,6.0,6.0,0.0,6.0,6.0,6.0,0.0,9.0,6.333333333333333,6.0,2.6457513110645943,37.2,36.26666666666667,36.2,0.960902353693287,9.0,6.666666666666667,6.0,2.5166114784235836,8.0,6.0,6.0,2.3094010767585025,10.0,6.1,6.0,3.209361307176242,37.8,36.3,36.2,1.1140017049131967,10.0,6.6,6.0,2.863564212655271,9.0,6.0,6.0,2.701851217221259,-1.0,False,0,0,1,76.3,1,0,0.09615384615384615,0.11458333333333333,0.1187214611872146,0.0,0.10309278350515463,0.09153005464480875,0.25,0.10548780487804878,0.10555902560899438,0.10059171597633136,0.0641025641025641,0.1566265060240964,0.10507462686567164,0.053828658074298714,0.16666666666666666,0.06467661691542288,0.020618556701030927,0.10606060606060606,0.0842358604091456,0.15503875968992248,0.038461538461538464,0.10526315789473684,0.04477611940298507,0.1320754716981132,0.08163265306122448,0.11538461538461539,0.07368421052631578,0.09156626506024096,0.10638297872340426,0.1391509433962264,0.12244897959183673
202508030905,2023107127,2025-10-26,2,110.9,2,0.0,56.0,0.7745951692443854,1,0,0,48.0,1800,0.0,1,504.0,0.0,0.5513458144078375,0,0,33.6,2.293768545994065,5,5,6,6,11.0,6.0,5.5,3.4576806613039848,38.3,36.35,36.25,1.237571538153639,11.0,6.444444444444445,6.0,3.0983866769659336,9.0,6.0,5.5,2.9154759474226504,6.0,6.0,6.0,0.0,36.3,36.3,36.3,0.0,6.0,6.0,6.0,0.0,6.0,6.0,6.0,0.0,9.0,6.333333333333333,6.0,2.6457513110645943,37.2,36.26666666666667,36.2,0.960902353693287,9.0,6.666666666666667,6.0,2.5166114784235836,8.0,6.0,6.0,2.3094010767585025,10.0,6.1,6.0,3.209361307176242,37.8,36.3,36.2,1.1140017049131967,10.0,6.6,6.0,2.863564212655271,9.0,6.0,6.0,2.701851217221259,0.0,False,0,0,1,77.3,0,1,0.4166666666666667,0.254957507082153,0.31343283582089554,0.45454545454545453,0.24242424242424243,0.20089285714285715,0.3333333333333333,0.24926920010629816,0.24265208475734792,0.254320987654321,0.24120603015075376,0.2,0.25326939843068874,0.15963855421686746,0.06666666666666667,0.19753086419753085,0.15894039735099338,0.19753086419753085,0.2830687830687831,0.16804407713498623,0.17525773195876287,0.17098445595854922,0.17136150234741784,0.14285714285714285,0.09259259259259259,0.3225806451612903,0.13008130081300814,0.18055555555555555,0.09090909090909091,0.21405750798722045,0.1111111111111111
202508030905,2023100938,2025-10-26,5,111.7,2,0.0,55.0,-1.161892753866585,1,0,0,48.0,1800,0.0,2,408.0,0.0,-1.5001734950166732,0,0,34.1,2.269005847953216,8,7,6,6,11.0,6.0,5.5,3.4576806613039848,38.3,36.35,36.25,1.237571538153639,11.0,6.444444444444445,6.0,3.0983866769659336,9.0,6.0,5.5,2.9154759474226504,6.0,6.0,6.0,0.0,36.3,36.3,36.3,0.0,6.0,6.0,6.0,0.0,6.0,6.0,6.0,0.0,9.0,6.333333333333333,6.0,2.6457513110645943,37.2,36.26666666666667,36.2,0.960902353693287,9.0,6.666666666666667,6.0,2.5166114784235836,8.0,6.0,6.0,2.3094010767585025,10.0,6.1,6.0,3.209361307176242,37.8,36.3,36.2,1.1140017049131967,10.0,6.6,6.0,2.863564212655271,9.0,6.0,6.0,2.701851217221259,-1.0,False,0,1,0,77.6,0,1,0.041666666666666664,0.10726256983240223,0.09036144578313253,0.0,0.08967082860385925,0.10421286031042129,0.36363636363636365,0.0998756734355574,0.09959349593495935,0.0963855421686747,0.09369024856596558,0.06498194945848375,0.09802538787023977,0.1151219512195122,0.05263157894736842,0.12121212121212122,0.1271186440677966,0.10152284263959391,0.075,0.11310592459605028,0.1,0.0,0.12260536398467432,0.043478260869565216,0.07142857142857142,0.125,0.06976744186046512,0.11464968152866242,0.1917808219178082,0.12578616352201258,0.14634146341463414
202508030905,2023102343,2025-10-26,8,113.0,2,0.0,55.0,-1.161892753866585,1,0,0,48.0,1800,0.0,3,434.0,0.0,-0.9445536820475349,0,0,35.8,2.15041782729805,4,3,6,6,11.0,6.0,5.5,3.4576806613039848,38.3,36.35,36.25,1.237571538153639,11.0,6.444444444444445,6.0,3.0983866769659336,9.0,6.0,5.5,2.9154759474226504,6.0,6.0,6.0,0.0,36.3,36.3,36.3,0.0,6.0,6.0,6.0,0.0,6.0,6.0,6.0,0.0,9.0,6.333333333333333,6.0,2.6457513110645943,37.2,36.26666666666667,36.2,0.960902353693287,9.0,6.666666666666667,6.0,2.5166114784235836,8.0,6.0,6.0,2.3094010767585025,10.0,6.1,6.0,3.209361307176242,37.8,36.3,36.2,1.1140017049131967,10.0,6.6,6.0,2.863564212655271,9.0,6.0,6.0,2.701851217221259,-1.0,False,0,1,0,77.2,0,1,0.0055493895671476145,0.04187192118226601,0.0,0.25,0.03814713896457766,0.026022304832713755,0.0,0.03577981651376147,0.03636363636363636,0.0,0.027777777777777776,0.020942408376963352,0.035211267605633804,0.04852459016393443,0.014925373134328358,0.05116279069767442,0.0622568093385214,0.03985507246376811,0.0625,0.03954802259887006,0.050359712230215826,0.0,0.04060913705583756,0.0,0.07692307692307693,0.11764705882352941,0.06140350877192982,0.0,0.0,0.0,0.07894736842105263
202508030905,2023101200,2025-10-26,3,111.5,2,0.0,56.0,0.7745951692443854,0,1,0,48.0,1800,0.0,4,518.0,0.0,0.850525713698912,0,0,33.7,2.3017751479289936,8,8,6,6,11.0,6.0,5.5,3.4576806613039848,38.3,36.35,36.25,1.237571538153639,11.0,6.444444444444445,6.0,3.0983866769659336,9.0,6.0,5.5,2.9154759474226504,6.0,6.0,6.0,0.0,36.3,36.3,36.3,0.0,6.0,6.0,6.0,0.0,6.0,6.0,6.0,0.0,9.0,6.333333333333333,6.0,2.6457513110645943,37.2,36.26666666666667,36.2,0.960902353693287,9.0,6.666666666666667,6.0,2.5166114784235836,8.0,6.0,6.0,2.3094010767585025,10.0,6.1,6.0,3.209361307176242,37.8,36.3,36.2,1.1140017049131967,10.0,6.6,6.0,2.863564212655271,9.0,6.0,6.0,2.701851217221259,0.0,False,0,0,1,77.8,0,1,0.031545741324921134,0.03300970873786408,0.045454545454545456,0.0,0.03958333333333333,0.016129032258064516,0.0,0.03172314347512617,0.02956298200514139,0.045454545454545456,0.0049504950495049506,0.045454545454545456,0.03529411764705882,0.11585365853658537,0.057692307692307696,0.12903225806451613,0.11695906432748537,0.03343465045592705,0.11904761904761904,0.017543859649122806,0.11618257261410789,0.12195121951219512,0.1388888888888889,0.06666666666666667,0.08620689655172414,0.046296296296296294,0.10714285714285714,0.125,0.07272727272727272,0.0,0.08955223880597014
202508030905,2023106855,2025-10-26,4,111.5,2,0.0,56.0,0.7745951692443854,0,1,0,48.0,1800,0.0,5,546.0,0.0,1.4488855122810609,0,0,34.2,2.2536443148688043,5,5,6,6,11.0,6.0,5.5,3.4576806613039848,38.3,36.35,36.25,1.237571538153639,11.0,6.444444444444445,6.0,3.0983866769659336,9.0,6.0,5.5,2.9154759474226504,6.0,6.0,6.0,0.0,36.3,36.3,36.3,0.0,6.0,6.0,6.0,0.0,6.0,6.0,6.0,0.0,9.0,6.333333333333333,6.0,2.6457513110645943,37.2,36.26666666666667,36.2,0.960902353693287,9.0,6.666666666666667,6.0,2.5166114784235836,8.0,6.0,6.0,2.3094010767585025,10.0,6.1,6.0,3.209361307176242,37.8,36.3,36.2,1.1140017049131967,10.0,6.6,6.0,2.863564212655271,9.0,6.0,6.0,2.701851217221259,0.0,False,0,0,1,77.3,0,1,0.1075268817204301,0.13232920925228617,0.08455882352941177,0.15,0.10037406483790523,0.12083847102342787,0.045454545454545456,0.11595466434176112,0.11734693877551021,0.10047846889952153,0.12018669778296383,0.0821256038647343,0.11517615176151762,0.08482142857142858,0.12315270935960591,0.06683804627249357,0.07339449541284404,0.1325910931174089,0.07524271844660194,0.12367724867724868,0.08558558558558559,0.07423580786026202,0.08229813664596274,0.13043478260869565,0.08641975308641975,0.10422535211267606,0.1,0.057971014492753624,0.11363636363636363,0.08,0.0963855421686747
202508030905,2023100627,2025-10-26,1,110.5,2,0.0,56.0,0.7745951692443854,0,1,0,48.0,1800,0.0,6,486.0,0.0,0.16668594389074173,0,0,33.7,2.2721893491124256,1,1,6,6,11.0,6.0,5.5,3.4576806613039848,38.3,36.35,36.25,1.237571538153639,11.0,6.444444444444445,6.0,3.0983866769659336,9.0,6.0,5.5,2.9154759474226504,6.0,6.0,6.0,0.0,36.3,36.3,36.3,0.0,6.0,6.0,6.0,0.0,6.0,6.0,6.0,0.0,9.0,6.333333333333333,6.0,2.6457513110645943,37.2,36.26666666666667,36.2,0.960902353693287,9.0,6.666666666666667,6.0,2.5166114784235836,8.0,6.0,6.0,2.3094010767585025,10.0,6.1,6.0,3.209361307176242,37.8,36.3,36.2,1.1140017049131967,10.0,6.6,6.0,2.863564212655271,9.0,6.0,6.0,2.701851217221259,0.0,False,0,0,1,76.8,0,1,0.125,0.139375,0.10424710424710425,0.0,0.11648351648351649,0.1322314049586777,0.0,0.12701207243460766,0.13465447154471544,0.07881773399014778,0.14285714285714285,0.15948275862068967,0.12024048096192384,0.1049552649690296,0.09714285714285714,0.11479591836734694,0.125,0.1375166889185581,0.09418282548476455,0.13137996219281664,0.10698689956331878,0.10702341137123746,0.07965860597439545,0.06060606060606061,0.12903225806451613,0.14215686274509803,0.12962962962962962,0.08771929824561403,0.11920529801324503,0.09375,0.1072961373390558
202508030905,2023106636,2025-10-26,6,111.8,2,0.0,56.0,0.7745951692443854,0,0,1,48.0,1800,0.0,7,494.0,0.0,0.3376458863427843,0,0,34.8,2.206303724928367,2,2,6,6,11.0,6.0,5.5,3.4576806613039848,38.3,36.35,36.25,1.237571538153639,11.0,6.444444444444445,6.0,3.0983866769659336,9.0,6.0,5.5,2.9154759474226504,6.0,6.0,6.0,0.0,36.3,36.3,36.3,0.0,6.0,6.0,6.0,0.0,6.0,6.0,6.0,0.0,9.0,6.333333333333333,6.0,2.6457513110645943,37.2,36.26666666666667,36.2,0.960902353693287,9.0,6.666666666666667,6.0,2.5166114784235836,8.0,6.0,6.0,2.3094010767585025,10.0,6.1,6.0,3.209361307176242,37.8,36.3,36.2,1.1140017049131967,10.0,6.6,6.0,2.863564212655271,9.0,6.0,6.0,2.701851217221259,0.0,False,0,0,1,77.0,0,1,0.02873563218390805,0.08292682926829269,0.12837837837837837,0.0,0.08771929824561403,0.08974358974358974,0.10344827586206896,0.08935663224781573,0.08056478405315615,0.0737527114967462,0.08695652173913043,0.0945945945945946,0.09727626459143969,0.12406417112299466,0.11764705882352941,0.09055118110236221,0.05649717514124294,0.09375,0.051470588235294115,0.14285714285714285,0.13761467889908258,0.08759124087591241,0.1342281879194631,0.07916666666666666,0.10204081632653061,0.10084033613445378,0.12871287128712872,0.12427745664739884,0.11904761904761904,0.09269662921348315,0.22282608695652173
202508030905,2023105370,2025-10-26,7,112.0,2,0.0,55.0,-1.161892753866585,0,0,1,48.0,1800,0.0,8,496.0,0.0,0.38038587195579493,0,0,34.9,2.202857142857143,3,3,6,6,11.0,6.0,5.5,3.4576806613039848,38.3,36.35,36.25,1.237571538153639,11.0,6.444444444444445,6.0,3.0983866769659336,9.0,6.0,5.5,2.9154759474226504,6.0,6.0,6.0,0.0,36.3,36.3,36.3,0.0,6.0,6.0,6.0,0.0,6.0,6.0,6.0,0.0,9.0,6.333333333333333,6.0,2.6457513110645943,37.2,36.26666666666667,36.2,0.960902353693287,9.0,6.666666666666667,6.0,2.5166114784235836,8.0,6.0,6.0,2.3094010767585025,10.0,6.1,6.0,3.209361307176242,37.8,36.3,36.2,1.1140017049131967,10.0,6.6,6.0,2.863564212655271,9.0,6.0,6.0,2.701851217221259,0.0,False,0,1,0,77.1,0,1,0.13513513513513511,0.14599285349668198,0.10897435897435898,0.13333333333333333,0.13667820069204153,0.14118895966029724,0.09090909090909091,0.1393525035190026,0.15390879478827363,0.09174311926605505,0.14,0.17391304347826086,0.12529928172386273,0.12877871825876663,0.08695652173913043,0.125,0.10218978102189781,0.15798764342453664,0.1062124248496994,0.13914780292942744,0.15718157181571815,0.09405940594059406,0.14054054054054055,0.3333333333333333,0.05555555555555555,0.08522727272727272,0.16363636363636364,0.057971014492753624,0.06896551724137931,0.06666666666666667,0.10112359550561797
202508030905,2023100141,2025-10-26,10,117.6,2,0.0,56.0,0.7745951692443854,0,0,1,48.0,1800,0.0,9,490.0,0.0,0.252165915116763,0,0,39.8,1.949874686716792,5,10,6,6,11.0,6.0,5.5,3.4576806613039848,38.3,36.35,36.25,1.237571538153639,11.0,6.444444444444445,6.0,3.0983866769659336,9.0,6.0,5.5,2.9154759474226504,6.0,6.0,6.0,0.0,36.3,36.3,36.3,0.0,6.0,6.0,6.0,0.0,6.0,6.0,6.0,0.0,9.0,6.333333333333333,6.0,2.6457513110645943,37.2,36.26666666666667,36.2,0.960902353693287,9.0,6.666666666666667,6.0,2.5166114784235836,8.0,6.0,6.0,2.3094010767585025,10.0,6.1,6.0,3.209361307176242,37.8,36.3,36.2,1.1140017049131967,10.0,6.6,6.0,2.863564212655271,9.0,6.0,6.0,2.701851217221259,5.0,False,0,0,1,77.8,0,1,0.008904719501335707,0.05861244019138756,0.06422018348623854,0.0,0.04190751445086705,0.0513950073421439,0.1,0.05197594501718213,0.061224489795918366,0.16666666666666666,0.021621621621621623,0.026442307692307692,0.040229885057471264,0.08141321044546851,0.056818181818181816,0.07042253521126761,0.10902255639097744,0.05081967213114754,0.125,0.05120481927710843,0.07397260273972603,0.0297029702970297,0.08333333333333333,0.07883817427385892,0.0975609756097561,0.05622489959839357,0.08666666666666667,0.08333333333333333,0.11267605633802817,0.07407407407407407,0.09090909090909091
202508030905,2023103060,2025-10-26,9,113.8,2,0.0,55.0,-1.161892753866585,0,0,1,48.0,1800,0.0,10,406.0,0.0,-1.5429134806296838,0,0,36.1,2.1464088397790055,8,8,6,6,11.0,6.0,5.5,3.4576806613039848,38.3,36.35,36.25,1.237571538153639,11.0,6.444444444444445,6.0,3.0983866769659336,9.0,6.0,5.5,2.9154759474226504,6.0,6.0,6.0,0.0,36.3,36.3,36.3,0.0,6.0,6.0,6.0,0.0,6.0,6.0,6.0,0.0,9.0,6.333333333333333,6.0,2.6457513110645943,37.2,36.26666666666667,36.2,0.960902353693287,9.0,6.666666666666667,6.0,2.5166114784235836,8.0,6.0,6.0,2.3094010767585025,10.0,6.1,6.0,3.209361307176242,37.8,36.3,36.2,1.1140017049131967,10.0,6.6,6.0,2.863564212655271,9.0,6.0,6.0,2.701851217221259,0.0,False,0,1,0,77.7,0,1,0.005878894767783657,0.03272727272727273,0.02,0.0,0.022950819672131147,0.0199501246882793,0.05405405405405406,0.026244343891402715,0.016701461377870562,0.017191977077363897,0.0,0.0,0.030797101449275364,0.020989505247376312,0.007957559681697613,0.058823529411764705,0.046875,0.0,0.02666666666666667,0.0,0.05,0.014970059880239521,0.0,0.03977272727272727,0.02531645569620253,0.03137254901960784,0.028985507246376812,0.1,0.0,0.0,0.045454545454545456
202508030906,2022102085,2025-10-26,8,84.5,3,-0.44946546386713,54.0,-0.75443301441555,1,0,0,105.0,1400,0.0,1,502.0,-7.0,0.6729475959095762,1,0,37.6,1.2440318302387268,3,4,6,6,11.0,4.8,3.0,3.8340579025361627,40.0,37.46,37.3,1.6349311912126439,16.0,9.6,8.0,4.722287581247038,6.0,6.0,6.0,2.9154759474226504,11.0,11.0,11.0,0.0,40.0,40.0,40.0,0.0,6.0,6.0,6.0,0.0,6.0,6.0,6.0,0.0,11.0,5.0,2.0,5.196152422706632,40.0,37.93333333333333,37.9,2.050203241957566,8.0,6.333333333333333,6.0,1.527525231651946,6.0,6.0,6.0,2.3094010767585025,11.0,4.8,3.0,3.8340579025361627,40.0,37.46,37.3,1.6349311912126439,16.0,9.6,8.0,4.722287581247038,6.0,6.0,6.0,2.701851217221259,1.0,False,0,1,0,46.9,1,0,0.10989010989010989,0.08292682926829269,0.12837837837837837,0.0,0.08771929824561403,0.08974358974358974,0.10344827586206896,0.08935663224781573,0.08056478405315615,0.0737527114967462,0.08695652173913043,0.0945945945945946,0.09727626459143969,0.04061470911086718,0.0,0.06369426751592357,0.06956521739130435,0.09375,0.051470588235294115,0.14285714285714285,0.018292682926829267,0.0,0.04310344827586207,0.07916666666666666,0.0625,0.10084033613445378,0.0410958904109589,0.12427745664739884,0.0,0.09269662921348315,0.02127659574468085
202508030906,2022102716,2025-10-26,2,83.7,3,-0.44946546386713,56.0,0.6286941786796217,1,0,0,15.0,1400,0.0,2,510.0,8.0,0.9661128852167182,0,0,36.9,1.2648648648648648,3,4,6,6,7.0,3.1666666666666665,2.5,2.136976056643281,39.0,38.06666666666667,38.05,0.8041558721209898,10.0,4.666666666666667,4.0,2.8047578623950176,9.0,6.0,5.5,2.9154759474226504,2.0,2.0,2.0,0.0,36.9,36.9,36.9,0.0,4.0,4.0,4.0,0.0,6.0,6.0,6.0,0.0,7.0,4.0,3.0,2.6457513110645907,38.8,37.800000000000004,37.7,0.95393920141695,4.0,3.6666666666666665,4.0,0.5773502691896303,8.0,6.0,6.0,2.3094010767585025,7.0,3.4,3.0,2.3021728866442674,38.8,37.88,37.7,0.7395944834840278,10.0,5.2,4.0,2.774887385102322,9.0,6.0,6.0,2.701851217221259,1.0,False,0,0,1,46.8,1,0,0.29411764705882354,0.0472636815920398,0.010869565217391304,0.0,0.05343511450381679,0.0681265206812652,0.3333333333333333,0.05233739837398374,0.059082892416225746,0.0,0.04772475027746948,0.08018867924528301,0.0421179302045728,0.06701940035273368,0.08695652173913043,0.04843304843304843,0.08021390374331551,0.05240174672489083,0.0,0.052336448598130844,0.05337078651685393,0.0,0.07001795332136446,0.047619047619047616,0.15384615384615385,0.04878048780487805,0.08,0.057971014492753624,0.1267605633802817,0.04897959183673469,0.08771929824561403
202508030906,2022101903,2025-10-26,1,83.4,3,-0.44946546386713,56.0,0.6286941786796217,1,0,0,99.0,1400,0.0,3,468.0,0.0,-0.5730048836457771,1,0,36.0,1.3130193905817173,10,10,6,6,5.0,3.6666666666666665,4.0,1.3662601021279464,35.2,34.81666666666667,34.849999999999994,0.30605010483034806,15.0,7.166666666666667,5.5,4.875106836436168,9.0,6.0,5.5,2.9154759474226504,4.0,4.0,4.0,0.0,34.7,34.7,34.7,0.0,5.0,5.0,5.0,0.0,6.0,6.0,6.0,0.0,5.0,4.333333333333333,4.0,0.5773502691896265,35.2,34.9,34.8,0.2645751311064579,6.0,4.333333333333333,5.0,2.0816659994661344,8.0,6.0,6.0,2.3094010767585025,5.0,3.4,4.0,1.3416407864998738,35.2,34.92,34.9,0.19235384061670974,11.0,5.6,5.0,3.3615472627943217,9.0,6.0,6.0,2.701851217221259,0.0,False,0,0,1,47.4,1,0,0.01076426264800861,0.05861244019138756,0.06422018348623854,0.0,0.04190751445086705,0.0513950073421439,0.1,0.05197594501718213,0.061224489795918366,0.16666666666666666,0.021621621621621623,0.026442307692307692,0.040229885057471264,0.06169296987087518,0.047619047619047616,0.05,0.07777777777777778,0.05081967213114754,0.125,0.05120481927710843,0.0398406374501992,0.04878048780487805,0.06933333333333333,0.07883817427385892,0.1,0.05622489959839357,0.08791208791208792,0.08333333333333333,0.09375,0.07407407407407407,0.014285714285714285
202508030906,2021101033,2025-10-26,10,85.3,4,2.022594587402087,56.0,0.6286941786796217,0,1,0,13.0,1400,0.0,4,442.0,0.0,-1.5257920738939885,1,0,37.9,1.2473684210526315,10,11,6,6,11.0,4.111111111111111,3.0,3.140240613569462,39.3,37.52222222222222,37.0,1.0721214690716914,10.0,5.222222222222222,4.0,2.5873624493766703,9.0,6.0,5.5,2.9154759474226504,6.0,6.0,6.0,0.0,36.8,36.8,36.8,0.0,7.0,7.0,7.0,0.0,6.0,6.0,6.0,0.0,11.0,7.666666666666667,6.0,2.886751345948128,39.3,37.4,36.8,1.682260384126066,8.0,6.333333333333333,7.0,2.081665999466133,8.0,6.0,6.0,2.3094010767585025,11.0,5.8,6.0,3.3466401061363023,39.3,37.44,36.8,1.3183322798141586,10.0,6.8,7.0,2.3874672772626644,9.0,6.0,6.0,2.701851217221259,1.0,False,0,1,0,47.4,1,0,0.014598540145985401,0.07517372078332281,0.0861244019138756,0.0,0.06831395348837209,0.08387799564270153,0.08333333333333333,0.07523739956172389,0.07988587731811697,0.021505376344086023,0.07516778523489932,0.07991803278688525,0.07028112449799197,0.07494795281054822,0.125,0.07909604519774012,0.07655502392344497,0.07506053268765134,0.04861111111111111,0.07271095152603231,0.10416666666666667,0.10679611650485436,0.04815864022662889,0.1,0.10144927536231885,0.11666666666666667,0.029850746268656716,0.1032258064516129,0.07792207792207792,0.05371900826446281,0.04081632653061224
202508030906,2022106631,2025-10-26,9,85.2,3,-0.44946546386713,54.0,-0.75443301441555,0,1,0,13.0,1400,0.0,5,458.0,-2.0,-0.9394614952797046,1,0,38.6,1.2041343669250646,1,1,6,6,14.0,5.777777777777778,4.0,4.918784854457902,42.2,38.766666666666666,37.9,1.5992185591719472,8.0,3.3333333333333335,2.0,2.8722813232690143,6.0,6.0,6.0,2.9154759474226504,5.0,5.0,5.0,0.0,37.9,37.9,37.9,0.0,8.0,8.0,8.0,0.0,6.0,6.0,6.0,0.0,14.0,9.666666666666666,10.0,4.5092497528228925,42.2,39.666666666666664,38.9,2.2501851775650232,8.0,7.0,7.0,0.9999999999999991,6.0,6.0,6.0,2.3094010767585025,14.0,6.8,5.0,5.167204273105525,42.2,38.92,37.9,1.8926172354704993,8.0,4.6,6.0,3.3615472627943226,6.0,6.0,6.0,2.701851217221259,0.0,False,0,1,0,46.6,1,0,0.037037037037037035,0.03300970873786408,0.045454545454545456,0.0,0.03958333333333333,0.016129032258064516,0.0,0.03172314347512617,0.02956298200514139,0.045454545454545456,0.0049504950495049506,0.045454545454545456,0.03529411764705882,0.08651911468812877,0.0641025641025641,0.09965635738831616,0.10077519379844961,0.03343465045592705,0.11904761904761904,0.017543859649122806,0.0696969696969697,0.11475409836065574,0.08880994671403197,0.06666666666666667,0.11320754716981132,0.046296296296296294,0.056962025316455694,0.125,0.09333333333333334,0.0,0.05
202508030906,2022106583,2025-10-26,7,84.5,3,-0.44946546386713,56.0,0.6286941786796217,0,1,0,134.0,1400,0.0,6,444.0,0.0,-1.452500751567203,0,0,37.9,1.2263157894736842,2,2,6,6,9.0,5.875,6.0,2.4748737341529163,41.8,38.45,38.8,2.291599566117206,12.0,4.5,2.5,4.105745103771404,1.0,1.0,1.0,2.9154759474226504,1.0,1.0,1.0,0.0,37.9,37.9,37.9,0.0,2.0,2.0,2.0,0.0,6.0,6.0,6.0,0.0,6.0,3.6666666666666665,4.0,2.5166114784235836,39.0,37.96666666666666,37.9,1.001665280087783,3.0,2.0,2.0,0.9999999999999929,8.0,6.0,6.0,2.3094010767585025,7.0,4.8,6.0,2.387467277262665,39.4,38.38,38.6,0.949736805646697,6.0,2.8,2.0,1.9235384061671337,9.0,6.0,6.0,2.701851217221259,0.0,False,0,0,1,46.6,1,0,0.03717472118959108,0.06560088202866593,0.06722689075630252,0.10526315789473684,0.04736129905277402,0.05149700598802395,0.0,0.05690871841566128,0.055025996533795495,0.06382978723404255,0.06954436450839328,0.05934065934065934,0.059248554913294796,0.06584093872229466,0.034482758620689655,0.05314009661835749,0.045,0.04372842347525892,0.04265402843601896,0.056818181818181816,0.045454545454545456,0.06944444444444445,0.0731070496083551,0.1111111111111111,0.05970149253731343,0.059602649006622516,0.11363636363636363,0.05405405405405406,0.12698412698412698,0.07692307692307693,0.07368421052631578
202508030906,2022100018,2025-10-26,4,83.8,3,-0.44946546386713,55.0,-0.06286941786796414,0,1,0,309.0,1400,0.0,7,476.0,6.0,-0.27983959433863514,0,0,36.7,1.279891304347826,7,7,6,6,5.0,2.6666666666666665,2.0,2.0816659994661326,38.3,36.5,37.1,2.1633307652783924,9.0,7.333333333333333,8.0,2.081665999466133,9.0,6.0,5.5,2.9154759474226504,5.0,5.0,5.0,0.0,34.1,34.1,34.1,0.0,9.0,9.0,9.0,0.0,6.0,6.0,6.0,0.0,5.0,2.6666666666666665,2.0,2.0816659994661326,38.3,36.5,37.1,2.1633307652783924,9.0,7.333333333333333,8.0,2.081665999466133,8.0,6.0,6.0,2.3094010767585025,5.0,2.6666666666666665,2.0,2.0816659994661326,38.3,36.5,37.1,2.1633307652783924,9.0,7.333333333333333,8.0,2.081665999466133,9.0,6.0,6.0,2.701851217221259,0.0,False,0,0,1,47.1,1,0,0.059880239520958084,0.06060606060606061,0.04,0.0,0.06382978723404255,0.07692307692307693,0.0,0.06427990235964198,0.0659025787965616,0.0,0.056962025316455694,0.05511811023622047,0.062264150943396226,0.11188118811881188,0.18421052631578946,0.09815950920245399,0.09565217391304348,0.07142857142857142,0.0,0.07457627118644068,0.10191082802547771,0.047619047619047616,0.13076923076923078,0.07916666666666666,0.20930232558139536,0.06896551724137931,0.12345679012345678,0.057971014492753624,0.02857142857142857,0.04897959183673469,0.10909090909090909
202508030906,2022106189,2025-10-26,11,85.5,3,-0.44946546386713,54.0,-0.75443301441555,0,0,1,13.0,1400,0.0,8,490.0,-4.0,0.2331996619488633,1,0,38.4,1.2233766233766235,7,7,6,6,13.0,6.666666666666667,6.5,4.412104562073146,39.0,37.85,38.400000000000006,1.3049904214207886,16.0,8.333333333333334,7.5,4.320493798938573,9.0,6.0,5.5,2.9154759474226504,13.0,13.0,13.0,0.0,39.0,39.0,39.0,0.0,10.0,10.0,10.0,0.0,6.0,6.0,6.0,0.0,13.0,7.666666666666667,9.0,6.110100926607787,39.0,38.6,38.6,0.40000000000000546,16.0,11.333333333333334,10.0,4.163331998932266,8.0,6.0,6.0,2.3094010767585025,13.0,6.2,4.0,4.764451699828638,39.0,38.3,38.6,0.7810249675906721,16.0,9.2,8.0,4.207136793592526,9.0,6.0,6.0,2.701851217221259,0.0,False,0,1,0,47.1,1,0,0.011547344110854504,0.10726256983240223,0.09036144578313253,0.0,0.08967082860385925,0.10421286031042129,0.36363636363636365,0.0998756734355574,0.09959349593495935,0.0963855421686747,0.09369024856596558,0.06498194945848375,0.09802538787023977,0.06,0.09090909090909091,0.06190476190476191,0.05714285714285714,0.10152284263959391,0.075,0.11310592459605028,0.05,0.0,0.06430868167202572,0.043478260869565216,0.1016949152542373,0.125,0.04411764705882353,0.11464968152866242,0.08333333333333333,0.12578616352201258,0.0625
202508030906,2022105985,2025-10-26,6,84.4,3,-0.44946546386713,54.0,-0.75443301441555,0,0,1,22.0,1400,0.0,9,512.0,2.0,1.0394042075435037,0,0,37.4,1.2533333333333334,6,6,6,6,4.0,2.75,3.0,1.5,35.5,34.875,35.0,0.6751543033509687,9.0,4.5,4.0,3.3166247903554,9.0,6.0,5.5,2.9154759474226504,4.0,4.0,4.0,0.0,34.0,34.0,34.0,0.0,9.0,9.0,9.0,0.0,6.0,6.0,6.0,0.0,4.0,3.3333333333333335,4.0,1.1547005383792515,35.5,34.733333333333334,34.7,0.750555349946509,9.0,4.666666666666667,4.0,4.041451884327381,8.0,6.0,6.0,2.3094010767585025,4.0,2.75,3.0,1.5,35.5,34.875,35.0,0.6751543033509687,9.0,4.5,4.0,3.3166247903554,9.0,6.0,6.0,2.701851217221259,0.0,False,0,1,0,47.0,1,0,0.2631578947368421,0.13232920925228617,0.08455882352941177,0.15,0.10037406483790523,0.12083847102342787,0.045454545454545456,0.11595466434176112,0.11734693877551021,0.10047846889952153,0.12018669778296383,0.0821256038647343,0.11517615176151762,0.10250737463126844,0.08064516129032258,0.057692307692307696,0.12807881773399016,0.1325910931174089,0.07524271844660194,0.12367724867724868,0.09292035398230089,0.17482517482517482,0.08841463414634146,0.13043478260869565,0.06818181818181818,0.10422535211267606,0.12359550561797752,0.057971014492753624,0.05454545454545454,0.08,0.14
202508030906,2021103320,2025-10-26,5,84.3,4,2.022594587402087,58.0,2.0118213717747935,0,0,1,470.0,1400,0.0,10,512.0,6.0,1.0394042075435037,0,0,37.0,1.274932614555256,7,7,6,6,11.0,4.444444444444445,3.0,3.5039660069381062,40.2,38.78888888888889,38.9,0.8838049055708557,9.0,2.888888888888889,2.0,2.4720661623652207,3.0,2.1666666666666665,2.0,0.752772652709081,1.0,1.0,1.0,0.0,37.5,37.5,37.5,0.0,1.0,1.0,1.0,0.0,1.0,1.0,1.0,0.0,2.0,1.6666666666666667,2.0,0.5773502691896176,38.5,38.03333333333333,38.1,0.503322295684706,2.0,1.6666666666666667,2.0,0.5773502691896258,2.0,1.6666666666666667,2.0,0.5773502691896258,4.0,2.2,2.0,1.0954451150103317,39.8,38.62,38.5,0.9038805230781272,3.0,2.0,2.0,0.7071067811865488,3.0,2.2,2.0,0.8366600265340756,0.0,False,0,0,1,47.3,1,0,0.1075268817204301,0.08357348703170028,0.05357142857142857,0.0,0.08142493638676845,0.14285714285714285,0.0,0.09559512652296158,0.10973451327433628,0.05084745762711865,0.07258064516129033,0.1375,0.08048289738430583,0.09427374301675978,0.07352941176470588,0.08181818181818182,0.08900523560209424,0.11392405063291139,0.06666666666666667,0.07239819004524888,0.07806691449814127,0.14285714285714285,0.10621761658031088,0.1282051282051282,0.09615384615384616,0.11428571428571428,0.07777777777777778,0.12857142857142856,0.21568627450980393,0.07228915662650602,0.05357142857142857
202508030906,2022103775,2025-10-26,3,83.7,3,-0.44946546386713,53.0,-1.445996610963136,0,0,1,22.0,1400,0.0,11,506.0,-6.0,0.8195302405631473,0,0,36.9,1.2648648648648648,3,2,6,6,15.0,8.3,10.5,4.4484703987875305,39.6,37.690000000000005,37.8,1.458652346060115,15.0,8.7,9.0,4.164666186436128,9.0,6.0,5.5,2.9154759474226504,4.0,4.0,4.0,0.0,37.6,37.6,37.6,0.0,2.0,2.0,2.0,0.0,6.0,6.0,6.0,0.0,11.0,8.666666666666666,11.0,4.041451884327381,37.6,36.199999999999996,36.6,1.6370705543744883,12.0,7.666666666666667,9.0,5.131601439446884,8.0,6.0,6.0,2.3094010767585025,11.0,7.6,11.0,4.774934554525329,38.2,36.84,37.4,1.4791889669680693,12.0,6.8,9.0,4.54972526643093,9.0,6.0,6.0,2.701851217221259,-1.0,False,0,0,1,46.8,1,0,0.07042253521126761,0.044444444444444446,0.07142857142857142,0.0,0.028169014084507043,0.06818181818181818,0.05263157894736842,0.045662100456621,0.056,0.05084745762711865,0.08333333333333333,0.07142857142857142,0.031914893617021274,0.04316546762589928,0.0,0.0,0.08333333333333333,0.034482758620689655,0.04265402843601896,0.02197802197802198,0.045454545454545456,0.16666666666666666,0.04,0.07916666666666666,0.0,0.16666666666666666,0.1111111111111111,0.057971014492753624,0.0,0.04897959183673469,0.0
202508030907,2022105053,2025-10-26,7,112.9,3,-0.46278934631663243,54.0,-0.11875413258374488,1,0,0,148.0,1800,1.0,1,494.0,8.0,0.7874721702777265,0,0,36.6,2.0790190735694822,5,6,5,6,13.0,4.75,4.0,3.845219666769935,39.1,38.225,38.6,1.0740444257903996,14.0,5.625,4.5,3.814914340921881,5.0,3.3333333333333335,3.5,1.2110601416389966,1.0,1.0,1.0,0.0,38.7,38.7,38.7,0.0,8.0,8.0,8.0,0.0,2.0,2.0,2.0,0.0,4.0,2.3333333333333335,2.0,1.5275252316519454,39.1,38.766666666666666,38.7,0.30550504633035813,8.0,4.333333333333333,3.0,3.2145502536643176,3.0,2.3333333333333335,2.0,0.5773502691896258,4.0,2.6,2.0,1.3416407864998745,39.1,38.48,38.5,0.5495452665613698,8.0,4.6,5.0,2.302172886644267,4.0,2.75,2.5,0.9574271077563378,1.0,False,0,1,0,76.3,1,0,0.0819672131147541,0.10726256983240223,0.09036144578313253,0.0,0.08967082860385925,0.10421286031042129,0.36363636363636365,0.0998756734355574,0.09959349593495935,0.0963855421686747,0.09369024856596558,0.06498194945848375,0.09802538787023977,0.08069620253164557,0.06060606060606061,0.02127659574468085,0.1,0.10152284263959391,0.075,0.11310592459605028,0.09615384615384616,0.16216216216216217,0.08620689655172414,0.043478260869565216,0.05128205128205128,0.125,0.09722222222222222,0.11464968152866242,0.06666666666666667,0.12578616352201258,0.07407407407407407
202508030907,2021103841,2025-10-26,12,115.6,4,0.6479050848432858,56.0,1.3062954584212139,1,0,0,155.0,1800,1.0,2,526.0,28.0,1.7150467512183607,1,0,38.8,1.974293059125964,9,8,10,11,13.0,8.5,9.5,4.196559437338057,41.9,36.42,38.55,7.779431570208427,10.0,3.1,1.5,3.6651512019742545,13.0,3.4444444444444446,2.0,4.065436972550156,13.0,13.0,13.0,0.0,40.7,40.7,40.7,0.0,2.0,2.0,2.0,0.0,2.0,2.0,2.0,0.0,13.0,11.0,13.0,3.464101615137757,40.7,31.233333333333334,38.1,14.204694059828713,10.0,4.333333333333333,2.0,4.932882862316247,13.0,5.333333333333333,2.0,6.658328118479392,13.0,11.0,12.0,2.5495097567963922,41.9,34.96,39.2,11.30654677609393,10.0,4.8,2.0,4.764451699828638,13.0,5.2,3.0,4.919349550499537,-1.0,False,0,1,0,76.8,1,0,0.008389261744966443,0.05405405405405406,0.05747126436781609,0.0,0.05083260297984225,0.07703081232492998,0.0,0.05775627456909586,0.061529271206690564,0.0,0.05648854961832061,0.0763888888888889,0.054087277197295634,0.0524126455906822,0.13333333333333333,0.051094890510948905,0.06015037593984962,0.062409288824383166,0.0392156862745098,0.04863481228668942,0.05084745762711865,0.0,0.03482587064676617,0.13043478260869565,0.15,0.05263157894736842,0.1,0.0,0.06382978723404255,0.0,0.12
202508030907,2022101399,2025-10-26,10,113.7,3,-0.46278934631663243,54.0,-0.11875413258374488,1,0,0,176.0,1800,0.0,3,434.0,10.0,-0.9517301689859627,0,0,36.9,2.075675675675676,11,11,10,10,11.0,6.0,6.0,7.0710678118654755,37.7,36.95,36.95,1.0606601717798212,16.0,14.0,14.0,2.8284271247461903,15.0,10.0,10.0,7.0710678118654755,1.0,1.0,1.0,0.0,37.7,37.7,37.7,0.0,12.0,12.0,12.0,0.0,5.0,5.0,5.0,0.0,11.0,6.0,6.0,7.0710678118654755,37.7,36.95,36.95,1.0606601717798212,16.0,14.0,14.0,2.8284271247461903,15.0,10.0,10.0,7.0710678118654755,11.0,6.0,6.0,7.0710678118654755,37.7,36.95,36.95,1.0606601717798212,16.0,14.0,14.0,2.8284271247461903,15.0,10.0,10.0,7.0710678118654755,0.0,False,0,1,0,76.8,1,0,0.07246376811594203,0.0682261208576998,0.0718232044198895,0.8,0.06666666666666667,0.0585480093676815,0.1,0.06675350048844025,0.07337526205450734,0.02702702702702703,0.05394190871369295,0.06557377049180328,0.06024844720496894,0.11188118811881188,0.18421052631578946,0.09815950920245399,0.09565217391304348,0.051470588235294115,0.057692307692307696,0.06557377049180328,0.10191082802547771,0.047619047619047616,0.13076923076923078,0.09876543209876543,0.20930232558139536,0.10354223433242507,0.12345679012345678,0.06116207951070336,0.02857142857142857,0.056910569105691054,0.10909090909090909
202508030907,2022102845,2025-10-26,9,113.3,3,-0.46278934631663243,54.0,-0.11875413258374488,0,1,0,13.0,1800,0.0,4,400.0,-4.0,-1.9372781612353867,1,0,36.7,2.0815217391304346,7,7,9,9,14.0,7.857142857142857,7.0,3.891382420536067,40.7,39.042857142857144,38.7,0.8462803768199274,15.0,10.428571428571429,12.0,3.5523298860110977,14.0,9.4,10.0,4.03732584763727,12.0,12.0,12.0,0.0,38.4,38.4,38.4,0.0,9.0,9.0,9.0,0.0,11.0,11.0,11.0,0.0,12.0,9.0,8.0,2.645751311064589,39.6,38.900000000000006,38.7,0.6244997998398439,13.0,11.333333333333334,12.0,2.081665999466132,14.0,11.666666666666666,11.0,2.0816659994661326,14.0,9.4,8.0,3.435112807463533,39.6,38.84,38.7,0.4827007354458892,15.0,12.2,12.0,2.1679483388678795,14.0,11.0,10.5,2.160246899469287,0.0,False,0,1,0,76.6,1,0,0.004297378599054577,0.05861244019138756,0.06422018348623854,0.0,0.04190751445086705,0.0513950073421439,0.1,0.05197594501718213,0.061224489795918366,0.16666666666666666,0.021621621621621623,0.026442307692307692,0.040229885057471264,0.053828658074298714,0.16666666666666666,0.06467661691542288,0.020618556701030927,0.05081967213114754,0.125,0.05120481927710843,0.038461538461538464,0.10526315789473684,0.04477611940298507,0.07883817427385892,0.08163265306122448,0.05622489959839357,0.07368421052631578,0.08333333333333333,0.10638297872340426,0.07407407407407407,0.12244897959183673
202508030907,2022105343,2025-10-26,4,112.5,3,-0.46278934631663243,53.0,-0.8312789280862243,0,1,0,70.0,1800,-2.0,5,474.0,0.0,0.2077380571898301,1,0,36.1,2.110497237569061,9,8,8,6,11.0,5.5,5.5,3.505098327538656,40.4,38.9375,38.75,0.9440603794249603,11.0,8.75,8.5,1.8322507626258087,11.0,6.875,7.0,3.3990544903798514,8.0,8.0,8.0,0.0,38.1,38.1,38.1,0.0,10.0,10.0,10.0,0.0,11.0,11.0,11.0,0.0,11.0,7.666666666666667,8.0,3.5118845842842465,39.2,38.73333333333333,38.9,0.5686240703077352,10.0,8.333333333333334,8.0,1.5275252316519472,11.0,6.333333333333333,7.0,5.033222956847167,11.0,6.4,8.0,3.9115214431215892,39.2,38.54,38.6,0.5412947441089829,11.0,8.8,8.0,1.643167672515498,11.0,7.0,7.0,3.7416573867739413,-1.0,False,0,1,0,76.4,1,0,0.014598540145985401,0.06060606060606061,0.04,0.0,0.06382978723404255,0.07692307692307693,0.0,0.06427990235964198,0.0659025787965616,0.0,0.056962025316455694,0.05511811023622047,0.062264150943396226,0.05503439649781113,0.08333333333333333,0.05,0.0502283105022831,0.07142857142857142,0.0,0.07457627118644068,0.07166123778501629,0.05970149253731343,0.04896907216494845,0.07916666666666666,0.015151515151515152,0.06896551724137931,0.0273972602739726,0.057971014492753624,0.07246376811594203,0.04897959183673469,0.0641025641025641
202508030907,2022104788,2025-10-26,5,112.6,3,-0.46278934631663243,54.0,-0.11875413258374488,0,1,0,141.0,1800,3.0,6,470.0,4.0,0.09179123457225082,0,0,37.0,2.0377358490566033,1,1,1,2,15.0,5.5,3.5,5.244044240850757,38.2,36.75,36.6,0.7918333157931674,16.0,6.166666666666667,2.5,6.911343333004567,4.0,2.0,1.5,1.4142135623730951,2.0,2.0,2.0,0.0,38.2,38.2,38.2,0.0,1.0,1.0,1.0,0.0,1.0,1.0,1.0,0.0,4.0,2.3333333333333335,2.0,1.5275252316519414,38.2,37.166666666666664,36.8,0.9073771725877339,3.0,2.0,2.0,0.9999999999999893,4.0,2.3333333333333335,2.0,1.5275252316519468,8.0,3.6,3.0,2.701851217221258,38.2,36.760000000000005,36.5,0.8848728722251596,14.0,4.2,2.0,5.540758070878027,4.0,2.0,1.5,1.4142135623730951,0.0,False,0,1,0,75.6,1,0,0.3333333333333333,0.14599285349668198,0.10897435897435898,0.13333333333333333,0.13667820069204153,0.14118895966029724,0.09090909090909091,0.1393525035190026,0.15390879478827363,0.09174311926605505,0.14,0.17391304347826086,0.12529928172386273,0.1226790450928382,0.1111111111111111,0.1417004048582996,0.12980769230769232,0.15798764342453664,0.1062124248496994,0.13914780292942744,0.12015503875968993,0.07865168539325842,0.11778846153846154,0.3333333333333333,0.0625,0.08522727272727272,0.13924050632911392,0.057971014492753624,0.12857142857142856,0.06666666666666667,0.140625
202508030907,2022105385,2025-10-26,1,111.8,3,-0.46278934631663243,51.0,-2.2563285190911833,0,1,0,13.0,1800,-2.0,7,468.0,-6.0,0.03381782326346117,0,0,35.9,2.1083333333333334,3,3,3,3,10.0,4.666666666666667,4.0,3.3862466931200785,40.1,37.56666666666667,37.4,1.4733182502998678,5.0,3.1666666666666665,3.0,1.1690451944500122,9.0,6.0,5.5,2.9154759474226504,3.0,3.0,3.0,0.0,38.0,38.0,38.0,0.0,3.0,3.0,3.0,0.0,6.0,6.0,6.0,0.0,7.0,3.6666666666666665,3.0,3.0550504633038935,40.1,38.13333333333333,38.0,1.9035055380359,3.0,2.3333333333333335,2.0,0.5773502691896258,8.0,6.0,6.0,2.3094010767585025,10.0,4.6,3.0,3.7815340802378077,40.1,37.839999999999996,38.0,1.4673104647619726,4.0,2.8,3.0,0.8366600265340757,9.0,6.0,6.0,2.701851217221259,0.0,False,0,1,0,75.9,1,0,0.2173913043478261,0.044444444444444446,0.07142857142857142,0.0,0.028169014084507043,0.06818181818181818,0.05263157894736842,0.045662100456621,0.056,0.05084745762711865,0.08333333333333333,0.07142857142857142,0.031914893617021274,0.07494795281054822,0.125,0.07909604519774012,0.07655502392344497,0.034482758620689655,0.04265402843601896,0.02197802197802198,0.10416666666666667,0.10679611650485436,0.04815864022662889,0.07916666666666666,0.10144927536231885,0.16666666666666666,0.029850746268656716,0.057971014492753624,0.07792207792207792,0.04897959183673469,0.04081632653061224
202508030907,2022100439,2025-10-26,3,112.5,3,-0.46278934631663243,54.0,-0.11875413258374488,0,1,0,13.0,1800,-1.0,8,474.0,-4.0,0.2077380571898301,1,0,36.3,2.0934065934065935,8,8,5,4,8.0,4.0,3.5,2.211083193570267,40.0,38.54,38.55,1.0574602698079136,12.0,6.9,7.0,2.9981475762358474,13.0,6.0,6.0,2.8674417556808756,6.0,6.0,6.0,0.0,38.9,38.9,38.9,0.0,4.0,4.0,4.0,0.0,6.0,6.0,6.0,0.0,6.0,4.666666666666667,6.0,2.3094010767585034,38.9,38.23333333333333,38.0,0.5859465277082573,4.0,3.6666666666666665,4.0,0.5773502691896258,6.0,5.0,6.0,1.7320508075688763,8.0,5.0,6.0,2.449489742783178,40.0,38.239999999999995,38.0,1.3049904214207904,11.0,5.8,4.0,3.271085446759225,13.0,6.6,6.0,3.7815340802378077,0.0,False,0,1,0,76.2,1,0,0.1075268817204301,0.13232920925228617,0.08455882352941177,0.15,0.10037406483790523,0.12083847102342787,0.045454545454545456,0.11595466434176112,0.11734693877551021,0.10047846889952153,0.12018669778296383,0.0821256038647343,0.11517615176151762,0.08651911468812877,0.0641025641025641,0.09965635738831616,0.10077519379844961,0.1325910931174089,0.07524271844660194,0.12367724867724868,0.0696969696969697,0.11475409836065574,0.08880994671403197,0.13043478260869565,0.11320754716981132,0.10422535211267606,0.056962025316455694,0.057971014492753624,0.09333333333333334,0.08,0.05
202508030907,2022107317,2025-10-26,6,112.8,3,-0.46278934631663243,54.0,-0.11875413258374488,0,0,1,13.0,1800,2.0,9,442.0,-4.0,-0.7198365237508042,1,0,36.8,2.059620596205962,3,3,3,4,13.0,5.4,4.5,4.2998707990925595,39.2,37.18,37.2,1.3878840809744217,13.0,6.0,6.0,3.366501646120693,3.0,2.6666666666666665,3.0,0.5773502691896258,5.0,5.0,5.0,0.0,38.9,38.9,38.9,0.0,2.0,2.0,2.0,0.0,3.0,3.0,3.0,0.0,5.0,2.6666666666666665,2.0,2.0816659994661295,39.2,38.6,38.9,0.7937253933193194,3.0,2.3333333333333335,2.0,0.5773502691896212,3.0,2.6666666666666665,3.0,0.5773502691896258,5.0,3.2,3.0,1.7888543819998306,39.2,38.1,38.0,0.9974968671629915,6.0,3.8,3.0,2.0493901531919163,3.0,2.6666666666666665,3.0,0.5773502691896258,0.0,False,0,1,0,76.0,1,0,0.07633587786259542,0.27786377708978327,0.3153846153846154,0.06666666666666667,0.265869365225391,0.2719298245614035,0.2857142857142857,0.27505827505827507,0.2768839966130398,0.24242424242424243,0.2759295499021526,0.31063829787234043,0.2738292011019284,0.11585365853658537,0.057692307692307696,0.12903225806451613,0.11695906432748537,0.28703703703703703,0.20833333333333334,0.28705882352941176,0.11618257261410789,0.12195121951219512,0.1388888888888889,0.07916666666666666,0.08620689655172414,0.2848101265822785,0.10714285714285714,0.0,0.07272727272727272,0.34,0.08955223880597014
202508030907,2022103610,2025-10-26,11,114.6,3,-0.46278934631663243,54.0,-0.11875413258374488,0,0,1,13.0,1800,5.0,10,474.0,2.0,0.2077380571898301,0,0,38.4,1.9792207792207792,5,5,5,6,15.0,5.571428571428571,3.0,5.094347941825426,38.6,37.114285714285714,37.3,1.0155927192672125,12.0,6.142857142857143,5.0,3.8483144114694956,9.0,6.0,5.5,2.9154759474226504,15.0,15.0,15.0,0.0,37.4,37.4,37.4,0.0,11.0,11.0,11.0,0.0,6.0,6.0,6.0,0.0,15.0,8.333333333333334,9.0,7.023769168568492,37.4,36.96666666666667,37.3,0.6658328118479339,11.0,6.333333333333333,5.0,4.163331998932265,8.0,6.0,6.0,2.3094010767585025,15.0,6.0,3.0,5.916079783099616,37.4,36.62,36.2,0.6685805860178737,11.0,5.6,5.0,3.286335345030997,9.0,6.0,6.0,2.701851217221259,0.0,False,0,1,0,76.2,1,0,0.0044365572315882874,0.044715447154471545,0.0,0.0,0.004901960784313725,0.03,0.0,0.026627218934911243,0.0170316301703163,0.5,0.01904761904761905,0.029850746268656716,0.04182509505703422,0.06979958534899793,0.04878048780487805,0.052845528455284556,0.08333333333333333,0.018072289156626505,0.0,0.014778325123152709,0.04797047970479705,0.0625,0.08056872037914692,0.05555555555555555,0.05263157894736842,0.058823529411764705,0.12345679012345678,0.027777777777777776,0.08620689655172414,0.02857142857142857,0.05555555555555555
202508030907,2019102986,2025-10-26,8,112.9,6,2.869293947163122,56.0,1.3062954584212139,0,0,1,13.0,1800,-3.0,11,438.0,-2.0,-0.8357833463683835,1,0,35.9,2.138888888888889,12,12,12,11,11.0,7.3,7.5,2.9078437983419185,38.6,37.7,37.8,0.6514940095230595,15.0,11.2,11.5,2.7808871486152262,12.0,10.1,10.5,2.0789954839350244,11.0,11.0,11.0,0.0,37.7,37.7,37.7,0.0,13.0,13.0,13.0,0.0,12.0,12.0,12.0,0.0,11.0,8.0,9.0,3.6055512754639896,37.9,37.733333333333334,37.7,0.15275252316517743,13.0,12.0,13.0,1.7320508075688794,12.0,11.0,11.0,0.9999999999999998,11.0,7.2,7.0,2.8635642126552705,37.9,37.339999999999996,37.6,0.716240183178822,13.0,10.4,10.0,2.8809720581775857,12.0,9.8,10.0,2.280350850198275,0.0,False,0,1,0,77.0,1,0,0.009606147934678195,0.037111334002006016,0.02586206896551724,0.0625,0.039473684210526314,0.05546492659053834,0.0,0.04165103189493433,0.04251144538914323,0.024390243902439025,0.035523978685612786,0.03939393939393939,0.04088888888888889,0.04525862068965517,0.0,0.01904761904761905,0.07662835249042145,0.043859649122807015,0.06451612903225806,0.04162330905306972,0.043824701195219126,0.125,0.03151862464183381,0.08333333333333333,0.10714285714285714,0.04938271604938271,0.05154639175257732,0.0,0.05,0.0,0.021052631578947368
202508030907,2021100604,2025-10-26,2,112.1,4,0.6479050848432858,56.0,1.3062954584212139,0,0,1,22.0,1800,1.0,12,508.0,-2.0,1.193286049439254,0,0,36.5,2.065573770491803,2,2,2,1,15.0,8.6,8.5,4.033195589934446,42.3,38.97,38.4,1.7416786283480805,9.0,5.6,5.5,2.4585451886114362,9.0,5.833333333333333,6.5,2.7868739954771304,3.0,3.0,3.0,0.0,37.6,37.6,37.6,0.0,2.0,2.0,2.0,0.0,2.0,2.0,2.0,0.0,15.0,8.0,6.0,6.244997998398398,41.5,39.36666666666667,39.0,1.9756855350316556,6.0,4.0,4.0,1.9999999999999998,7.0,5.0,6.0,2.6457513110645907,15.0,7.4,6.0,4.615192303685729,41.5,38.980000000000004,38.5,1.4956603892595446,9.0,5.2,5.0,2.588435821108957,8.0,5.2,6.0,2.588435821108957,0.0,False,0,1,0,75.6,1,0,0.06896551724137931,0.0472636815920398,0.010869565217391304,0.0,0.05343511450381679,0.0681265206812652,0.3333333333333333,0.05233739837398374,0.059082892416225746,0.0,0.04772475027746948,0.08018867924528301,0.0421179302045728,0.06701940035273368,0.08695652173913043,0.04843304843304843,0.08021390374331551,0.05240174672489083,0.0,0.052336448598130844,0.05337078651685393,0.0,0.07001795332136446,0.047619047619047616,0.15384615384615385,0.04878048780487805,0.08,0.057971014492753624,0.1267605633802817,0.04897959183673469,0.08771929824561403
202508030908,2020106821,2025-10-26,11,69.2,5,1.168564606598593,56.0,-0.28729691356851217,1,0,0,71.0,1200,0.0,1,420.0,6.0,-1.2688824171766508,1,1,33.9,1.038235294117647,9,9,6,6,12.0,5.2,4.5,3.425395354310702,36.8,34.89,34.849999999999994,1.0429125882194883,15.0,7.4,7.0,3.687817782917153,9.0,6.0,5.5,2.9154759474226504,10.0,10.0,10.0,0.0,33.4,33.4,33.4,0.0,7.0,7.0,7.0,0.0,6.0,6.0,6.0,0.0,10.0,5.666666666666667,6.0,4.509249752822895,35.3,34.199999999999996,33.9,0.9848857801796246,7.0,5.0,4.0,1.732050807568881,8.0,6.0,6.0,2.3094010767585025,10.0,5.4,5.0,3.2093613071762412,36.1,34.8,35.3,1.1135528725659922,7.0,5.4,5.0,1.5165750888103096,9.0,6.0,6.0,2.701851217221259,0.0,False,0,1,0,35.3,0,1,0.020202020202020204,0.1643002028397566,0.1267123287671233,0.125,0.15247524752475247,0.15343915343915343,0.06666666666666667,0.15441176470588236,0.15803667745415317,0.1606456571867794,0.05333333333333334,0.06313131313131314,0.15255009107468123,0.04061470911086718,0.0,0.06369426751592357,0.06956521739130435,0.11627906976744186,0.14641744548286603,0.11627906976744186,0.018292682926829267,0.0,0.04310344827586207,0.2022792022792023,0.0625,0.17364016736401675,0.0410958904109589,0.15384615384615385,0.0,0.023809523809523808,0.02127659574468085
202508030908,2020101229,2025-10-26,9,69.2,5,1.168564606598593,56.0,-0.28729691356851217,1,0,0,71.0,1200,0.0,2,420.0,18.0,-1.2688824171766508,1,0,34.1,1.026315789473684,5,6,6,6,12.0,5.8,5.5,3.293090409394258,38.6,35.470000000000006,34.95,1.4735067771212378,15.0,5.2,3.5,4.049691346263319,9.0,6.0,5.5,2.9154759474226504,6.0,6.0,6.0,0.0,33.5,33.5,33.5,0.0,5.0,5.0,5.0,0.0,6.0,6.0,6.0,0.0,9.0,5.333333333333333,6.0,4.041451884327383,35.1,34.53333333333333,35.0,0.8962886439832163,15.0,8.666666666666666,6.0,5.507570547286102,8.0,6.0,6.0,2.3094010767585025,12.0,7.2,8.0,4.086563348340511,37.0,35.42,35.1,1.380941707676315,15.0,7.6,6.0,4.669047011971501,9.0,6.0,6.0,2.701851217221259,1.0,False,0,1,0,35.1,0,1,0.011261261261261262,0.06560088202866593,0.06722689075630252,0.10526315789473684,0.04736129905277402,0.05149700598802395,0.0,0.05690871841566128,0.055025996533795495,0.06382978723404255,0.06954436450839328,0.05934065934065934,0.059248554913294796,0.05927230046948357,0.06818181818181818,0.07048458149779736,0.056338028169014086,0.04372842347525892,0.04265402843601896,0.056818181818181816,0.03536977491961415,0.10891089108910891,0.05084745762711865,0.1111111111111111,0.07017543859649122,0.059602649006622516,0.06289308176100629,0.05405405405405406,0.017543859649122806,0.07692307692307693,0.1568627450980392
202508030908,2022110056,2025-10-26,3,68.8,3,-1.0127559923854468,57.0,0.718242283921284,1,0,0,21.0,1200,0.0,3,482.0,-2.0,0.7120347376962497,0,0,33.6,1.0445103857566767,7,7,6,6,14.0,5.428571428571429,4.0,4.649628761422531,36.3,34.81428571428571,35.0,0.8254868693253528,5.0,2.7142857142857144,3.0,1.2535663410560176,9.0,6.0,5.5,2.9154759474226504,14.0,14.0,14.0,0.0,35.0,35.0,35.0,0.0,2.0,2.0,2.0,0.0,6.0,6.0,6.0,0.0,14.0,8.666666666666666,8.0,5.033222956847165,35.0,34.36666666666667,34.1,0.5507570547286225,5.0,3.3333333333333335,3.0,1.5275252316519468,8.0,6.0,6.0,2.3094010767585025,14.0,6.0,4.0,5.1478150704935,35.1,34.46,34.1,0.541294744108977,5.0,3.2,3.0,1.0954451150103324,9.0,6.0,6.0,2.701851217221259,0.0,False,0,0,1,35.2,0,1,0.13157894736842105,0.13232920925228617,0.08455882352941177,0.15,0.10037406483790523,0.12083847102342787,0.045454545454545456,0.11595466434176112,0.11734693877551021,0.10047846889952153,0.12018669778296383,0.0821256038647343,0.11517615176151762,0.0890302066772655,0.2,0.07692307692307693,0.057692307692307696,0.1325910931174089,0.07524271844660194,0.12367724867724868,0.08737864077669903,0.0,0.06299212598425197,0.13043478260869565,0.07692307692307693,0.10422535211267606,0.10526315789473684,0.057971014492753624,0.14814814814814814,0.08,0.21621621621621623
202508030908,2022104387,2025-10-26,14,69.6,3,-1.0127559923854468,55.0,-1.2928361110583082,1,0,0,77.0,1200,0.0,4,470.0,8.0,0.32863141739826895,1,0,34.7,1.0028735632183907,3,3,6,6,14.0,5.111111111111111,3.0,4.728753653037036,38.1,36.111111111111114,36.5,1.363308883236339,8.0,3.5555555555555554,3.0,2.650995620097811,7.0,4.666666666666667,5.0,2.5166114784235836,1.0,1.0,1.0,0.0,34.6,34.6,34.6,0.0,3.0,3.0,3.0,0.0,6.0,6.0,6.0,0.0,11.0,4.333333333333333,1.0,5.773502691896256,38.1,35.699999999999996,34.6,2.0808652046684797,3.0,1.6666666666666667,1.0,1.1547005383792517,2.0,2.0,2.0,2.3094010767585025,14.0,7.0,8.0,5.873670062235365,38.1,36.26,36.7,1.6831518053936771,8.0,2.8,1.0,3.03315017762062,7.0,4.5,4.5,3.5355339059327378,0.0,False,0,1,0,34.9,0,1,0.14285714285714285,0.10672703751617077,0.09009009009009009,0.2,0.07729468599033816,0.0861504907306434,0.038461538461538464,0.09159727479182438,0.079002079002079,0.0784313725490196,0.08130081300813008,0.10249671484888305,0.10432190760059612,0.08321678321678322,0.03571428571428571,0.0787037037037037,0.09865470852017937,0.1125158027812895,0.0390625,0.05898876404494382,0.072,0.02631578947368421,0.06666666666666667,0.1288135593220339,0.10606060606060606,0.0997624703087886,0.09,0.11904761904761904,0.13114754098360656,0.044444444444444446,0.1724137931034483
202508030908,2021100356,2025-10-26,10,69.2,4,0.07790430710657306,56.0,-0.28729691356851217,0,1,0,56.0,1200,0.0,5,468.0,4.0,0.2647308640152722,0,0,34.6,0.9971181556195965,1,1,6,6,17.0,7.2,4.0,6.178816859057871,41.3,34.519999999999996,33.8,2.6976533011736934,6.0,2.2,1.0,1.8737959096740262,9.0,6.0,5.5,2.9154759474226504,2.0,2.0,2.0,0.0,32.5,32.5,32.5,0.0,1.0,1.0,1.0,0.0,6.0,6.0,6.0,0.0,14.0,6.333333333333333,3.0,6.658328118479394,35.6,33.93333333333334,33.7,1.563116545025807,6.0,3.0,2.0,2.6457513110645907,8.0,6.0,6.0,2.3094010767585025,16.0,8.6,8.0,6.308724118235001,41.3,35.68,35.3,3.38260254833464,6.0,2.6,2.0,2.073644135332772,9.0,6.0,6.0,2.701851217221259,0.0,False,0,1,0,34.6,0,1,0.036231884057971016,0.06370192307692307,0.04964539007092199,0.3333333333333333,0.06619718309859154,0.0660377358490566,0.12121212121212122,0.06536238328145842,0.054945054945054944,0.09395973154362416,0.07272727272727272,0.04594594594594595,0.07242798353909465,0.05662983425414365,0.06921241050119331,0.0,0.0392156862745098,0.06753246753246753,0.028409090909090908,0.04590163934426229,0.034482758620689655,0.06221198156682028,0.0,0.08414239482200647,0.0625,0.08409090909090909,0.04854368932038835,0.0,0.03636363636363636,0.0,0.034482758620689655
202508030908,2020100956,2025-10-26,8,69.2,5,1.168564606598593,58.0,1.7237814814110801,0,1,0,36.0,1200,0.0,6,490.0,4.0,0.9676369512282369,1,0,33.5,1.0625,13,13,6,6,13.0,6.9,6.5,3.348299734359383,37.4,34.82,34.400000000000006,1.2452576707921341,10.0,7.6,8.0,1.837873166945362,9.0,6.0,5.5,2.9154759474226504,9.0,9.0,9.0,0.0,36.6,36.6,36.6,0.0,10.0,10.0,10.0,0.0,6.0,6.0,6.0,0.0,9.0,7.0,7.0,2.000000000000001,36.6,35.199999999999996,35.1,1.3527749258468764,10.0,7.666666666666667,8.0,2.516611478423583,8.0,6.0,6.0,2.3094010767585025,9.0,7.0,7.0,1.5811388300841913,36.6,34.64,33.9,1.2280065146406818,10.0,8.0,8.0,1.8708286933869709,9.0,6.0,6.0,2.701851217221259,0.0,False,0,0,1,35.7,0,1,0.011806375442739079,0.05405405405405406,0.05747126436781609,0.0,0.05083260297984225,0.07703081232492998,0.0,0.05775627456909586,0.061529271206690564,0.0,0.05648854961832061,0.0763888888888889,0.054087277197295634,0.06297229219143577,0.0744466800804829,0.16666666666666666,0.03076923076923077,0.062409288824383166,0.0392156862745098,0.04863481228668942,0.11904761904761904,0.05924170616113744,0.06060606060606061,0.13043478260869565,0.04878048780487805,0.05263157894736842,0.06132075471698113,0.0,0.05405405405405406,0.0,0.029850746268656716
202508030908,2020102140,2025-10-26,6,69.0,5,1.168564606598593,58.0,1.7237814814110801,0,1,0,21.0,1200,0.0,7,482.0,6.0,0.7120347376962497,0,0,33.4,1.0626865671641792,10,11,6,6,12.0,7.4,7.0,3.025814858109394,36.7,34.14,34.15,1.159693446083437,16.0,10.7,12.0,4.110960958218893,9.0,6.0,5.5,2.9154759474226504,11.0,11.0,11.0,0.0,33.9,33.9,33.9,0.0,13.0,13.0,13.0,0.0,6.0,6.0,6.0,0.0,12.0,10.333333333333334,11.0,2.081665999466134,34.7,33.76666666666667,33.9,1.0066445913695665,13.0,12.0,13.0,1.73205080756888,8.0,6.0,6.0,2.3094010767585025,12.0,7.8,8.0,4.024922359499621,34.7,33.8,33.9,0.8124038404636142,13.0,10.4,12.0,3.781534080237808,9.0,6.0,6.0,2.701851217221259,1.0,False,0,0,1,35.6,0,1,0.021929824561403508,0.0472636815920398,0.010869565217391304,0.0,0.05343511450381679,0.0681265206812652,0.3333333333333333,0.05233739837398374,0.059082892416225746,0.0,0.04772475027746948,0.08018867924528301,0.0421179302045728,0.043478260869565216,0.0,0.05,0.030303030303030304,0.05240174672489083,0.0,0.052336448598130844,0.03508771929824561,0.0,0.05454545454545454,0.047619047619047616,0.14285714285714285,0.04878048780487805,0.08333333333333333,0.057971014492753624,0.03125,0.04897959183673469,0.030303030303030304
202508030908,2022102939,2025-10-26,2,68.8,3,-1.0127559923854468,55.0,-1.2928361110583082,0,1,0,98.0,1200,0.0,8,498.0,6.0,1.223239164760224,1,0,33.5,1.050595238095238,7,7,6,6,16.0,6.0,4.0,6.0332412515993425,39.1,36.300000000000004,36.25,1.9089263998384018,10.0,3.6666666666666665,2.0,3.3862466931200785,9.0,6.0,5.5,2.9154759474226504,10.0,10.0,10.0,0.0,35.4,35.4,35.4,0.0,5.0,5.0,5.0,0.0,6.0,6.0,6.0,0.0,10.0,5.666666666666667,6.0,4.509249752822895,35.4,34.73333333333333,34.9,0.7637626158259726,10.0,5.666666666666667,5.0,4.041451884327381,8.0,6.0,6.0,2.3094010767585025,16.0,6.8,6.0,6.379655163094633,37.4,35.739999999999995,35.4,1.4842506526863968,10.0,4.2,2.0,3.492849839314596,9.0,6.0,6.0,2.701851217221259,0.0,False,0,1,0,35.3,0,1,0.08620689655172414,0.10843373493975904,0.11518324607329843,0.05555555555555555,0.08229166666666667,0.095703125,0.0,0.0962278675904542,0.08933454876937101,0.08849557522123894,0.1083844580777096,0.0,0.10153640614562458,0.08294930875576037,0.25,0.08163265306122448,0.06060606060606061,0.0968586387434555,0.10738255033557047,0.07333333333333333,0.08695652173913043,0.0,0.10256410256410256,0.1111111111111111,0.07142857142857142,0.10256410256410256,0.0,0.10774410774410774,0.1111111111111111,0.11849710982658959,0.0
202508030908,2022106603,2025-10-26,1,68.7,3,-1.0127559923854468,57.0,0.718242283921284,0,1,0,29.0,1200,0.0,9,462.0,4.0,0.0730292038662818,0,0,33.7,1.0355029585798816,3,3,6,6,9.0,3.9,3.5,2.282785822435191,37.0,34.42999999999999,34.15,1.0066997787048768,12.0,6.5,5.5,2.6352313834736494,9.0,6.0,5.5,2.9154759474226504,2.0,2.0,2.0,0.0,33.4,33.4,33.4,0.0,7.0,7.0,7.0,0.0,6.0,6.0,6.0,0.0,5.0,3.0,2.0,1.7320508075688772,34.7,34.166666666666664,34.4,0.6806859285554084,10.0,7.333333333333333,7.0,2.516611478423582,8.0,6.0,6.0,2.3094010767585025,5.0,3.2,3.0,1.3038404810405309,34.7,34.14,34.3,0.5029910535983819,10.0,6.6,7.0,2.3021728866442674,9.0,6.0,6.0,2.701851217221259,0.0,False,0,0,1,35.0,0,1,0.2127659574468085,0.11458333333333333,0.1187214611872146,0.0,0.10309278350515463,0.09153005464480875,0.25,0.10548780487804878,0.10555902560899438,0.10059171597633136,0.0641025641025641,0.1566265060240964,0.10507462686567164,0.09037238873751136,0.11072664359861592,0.10606060606060606,0.024390243902439025,0.10606060606060606,0.0842358604091456,0.15503875968992248,0.03125,0.0831889081455806,0.02857142857142857,0.1320754716981132,0.09405940594059406,0.11538461538461539,0.11764705882352941,0.09156626506024096,0.061855670103092786,0.1391509433962264,0.11504424778761062
202508030908,2020103509,2025-10-26,13,69.4,5,1.168564606598593,56.0,-0.28729691356851217,0,1,0,35.0,1200,0.0,10,456.0,-14.0,-0.11867245628270859,1,0,34.0,1.0381231671554252,10,9,6,6,12.0,7.1,7.0,3.5418137224372,42.9,35.3,34.3,3.0272833439313938,16.0,9.8,9.0,3.3266599866332407,5.0,5.0,5.0,2.9154759474226504,7.0,7.0,7.0,0.0,33.4,33.4,33.4,0.0,9.0,9.0,9.0,0.0,6.0,6.0,6.0,0.0,11.0,6.333333333333333,7.0,5.033222956847167,35.0,34.266666666666666,34.4,0.8082903768655033,14.0,10.333333333333334,9.0,3.214550253664319,8.0,6.0,6.0,2.3094010767585025,12.0,8.4,11.0,4.560701700396552,42.9,35.8,34.4,4.031749000123895,16.0,10.2,9.0,4.8166378315169185,5.0,5.0,5.0,2.701851217221259,-1.0,False,0,1,0,35.4,0,1,0.01145475372279496,0.07517372078332281,0.0861244019138756,0.0,0.06831395348837209,0.08387799564270153,0.08333333333333333,0.07523739956172389,0.07988587731811697,0.021505376344086023,0.07516778523489932,0.07991803278688525,0.07028112449799197,0.13636363636363635,0.12727272727272726,0.14186851211072665,0.1291866028708134,0.07506053268765134,0.04861111111111111,0.07271095152603231,0.14739884393063585,0.13592233009708737,0.14317673378076062,0.1,0.0784313725490196,0.11666666666666667,0.12195121951219512,0.1032258064516129,0.0,0.05371900826446281,0.0
202508030908,2022102421,2025-10-26,12,69.2,3,-1.0127559923854468,55.0,-1.2928361110583082,0,0,1,21.0,1200,0.0,11,402.0,-2.0,-1.843987397623622,1,0,33.6,1.056379821958457,10,11,6,6,7.0,3.4,3.0,2.6076809620810595,34.8,34.22,34.1,0.5932958789676556,15.0,10.6,9.0,4.159326868617084,9.0,6.0,5.5,2.9154759474226504,7.0,7.0,7.0,0.0,33.4,33.4,33.4,0.0,15.0,15.0,15.0,0.0,6.0,6.0,6.0,0.0,7.0,3.6666666666666665,3.0,3.055050463303893,34.8,34.06666666666667,34.0,0.7023769168568529,15.0,9.666666666666666,8.0,4.725815626252608,8.0,6.0,6.0,2.3094010767585025,7.0,3.4,3.0,2.6076809620810595,34.8,34.22,34.1,0.5932958789676556,15.0,10.6,9.0,4.159326868617084,9.0,6.0,6.0,2.701851217221259,1.0,False,0,1,0,35.6,0,1,0.09090909090909091,0.15449202350965574,0.14084507042253522,0.0,0.12363330529857022,0.1807044410413476,0.0,0.14657282741738067,0.1588921282798834,0.1317365269461078,0.172,0.17204301075268819,0.1379492600422833,0.07559055118110236,0.0764872521246459,0.08333333333333333,0.038461538461538464,0.1331923890063425,0.12,0.1391812865497076,0.06896551724137931,0.08146067415730338,0.09090909090909091,0.07692307692307693,0.0975609756097561,0.0,0.057803468208092484,0.16298342541436464,0.03571428571428571,0.1619047619047619,0.08695652173913043
202508030908,2021105863,2025-10-26,5,69.0,4,0.07790430710657306,56.0,-0.28729691356851217,0,0,1,71.0,1200,0.0,12,480.0,0.0,0.648134184313253,1,0,33.2,1.0750750750750748,13,13,6,6,11.0,5.0,5.0,2.98142396999972,35.5,34.07,33.900000000000006,0.8602971063017195,14.0,7.3,7.0,4.498147766951785,9.0,6.0,5.5,2.9154759474226504,3.0,3.0,3.0,0.0,33.3,33.3,33.3,0.0,7.0,7.0,7.0,0.0,6.0,6.0,6.0,0.0,8.0,5.666666666666667,6.0,2.5166114784235836,35.5,34.166666666666664,33.7,1.1718930554164604,11.0,7.333333333333333,7.0,3.511884584284246,8.0,6.0,6.0,2.3094010767585025,8.0,5.4,5.0,1.8165902124584943,35.5,34.2,34.1,0.8366600265340782,14.0,8.8,8.0,3.8340579025361623,9.0,6.0,6.0,2.701851217221259,0.0,False,0,1,0,35.8,0,1,0.06666666666666667,0.08292682926829269,0.12837837837837837,0.0,0.08771929824561403,0.08974358974358974,0.10344827586206896,0.08935663224781573,0.08056478405315615,0.0737527114967462,0.08695652173913043,0.0945945945945946,0.09727626459143969,0.1276595744680851,0.1368653421633554,0.02631578947368421,0.14285714285714285,0.09375,0.051470588235294115,0.14285714285714285,0.06557377049180328,0.15857605177993528,0.08695652173913043,0.07916666666666666,0.07857142857142857,0.10084033613445378,0.10810810810810811,0.12427745664739884,0.09803921568627451,0.09269662921348315,0.10476190476190476
202508030908,2021105873,2025-10-26,7,69.1,4,0.07790430710657306,56.0,-0.28729691356851217,0,0,1,21.0,1200,0.0,13,420.0,-2.0,-1.2688824171766508,1,0,34.0,1.029325513196481,5,3,6,6,14.0,8.0,7.5,3.944053188733078,39.6,35.17,35.1,1.7062304129929908,15.0,7.7,8.0,4.571651780264984,8.0,8.0,8.0,2.9154759474226504,4.0,4.0,4.0,0.0,33.4,33.4,33.4,0.0,15.0,15.0,15.0,0.0,6.0,6.0,6.0,0.0,7.0,4.0,4.0,3.0,35.3,34.1,33.6,1.0440306508911057,15.0,8.0,6.0,6.244997998398399,8.0,6.0,6.0,2.3094010767585025,14.0,7.0,7.0,4.949747468305831,35.3,34.34,34.3,0.8561541917201676,15.0,7.2,6.0,5.761944116355173,9.0,6.0,6.0,2.701851217221259,-2.0,False,0,1,0,35.1,0,1,0.02881844380403458,0.06060606060606061,0.04,0.0,0.06382978723404255,0.07692307692307693,0.0,0.06427990235964198,0.0659025787965616,0.0,0.056962025316455694,0.05511811023622047,0.062264150943396226,0.0651862464183381,0.056338028169014086,0.07582938388625593,0.06369426751592357,0.07142857142857142,0.0,0.07457627118644068,0.06870229007633588,0.08433734939759036,0.04746835443037975,0.07916666666666666,0.15555555555555556,0.06896551724137931,0.03571428571428571,0.057971014492753624,0.03225806451612903,0.04897959183673469,0.08571428571428572
202508030908,2022110026,2025-10-26,4,68.9,3,-1.0127559923854468,57.0,0.718242283921284,0,0,1,29.0,1200,0.0,14,486.0,0.0,0.8398358444622434,1,0,34.1,1.0175438596491226,2,2,6,6,4.0,2.3333333333333335,2.5,1.2110601416389966,35.7,34.68333333333333,34.75,0.9558591249063174,3.0,1.5,1.0,0.8366600265340756,9.0,6.0,5.5,2.9154759474226504,3.0,3.0,3.0,0.0,34.1,34.1,34.1,0.0,1.0,1.0,1.0,0.0,6.0,6.0,6.0,0.0,3.0,2.0,2.0,1.0,35.5,34.300000000000004,34.1,1.1135528725660029,1.0,1.0,1.0,0.0,8.0,6.0,6.0,2.3094010767585025,3.0,2.0,2.0,1.0,35.5,34.480000000000004,34.2,0.9121403400793133,2.0,1.2,1.0,0.4472135954999581,9.0,6.0,6.0,2.701851217221259,0.0,False,0,0,1,34.8,0,1,0.20833333333333334,0.254957507082153,0.31343283582089554,0.45454545454545453,0.24242424242424243,0.20089285714285715,0.3333333333333333,0.24926920010629816,0.24265208475734792,0.254320987654321,0.24120603015075376,0.2,0.25326939843068874,0.09508881922675026,0.08080808080808081,0.10931174089068826,0.09433962264150944,0.19753086419753085,0.2830687830687831,0.16804407713498623,0.11494252873563218,0.1015625,0.07933194154488518,0.14285714285714285,0.1346153846153846,0.3225806451612903,0.08,0.18055555555555555,0.046875,0.21405750798722045,0.07272727272727272
202508030909,2023100772,2025-10-26,3,107.4,2,0.0,56.0,0.0,1,0,0,64.0,1800,0.0,1,456.0,2.0,-0.8090683806282378,1,0,34.3,2.125,6,4,6,6,6.0,3.2,3.0,1.9235384061671346,36.0,35.38,35.7,0.5974947698515859,12.0,6.8,7.0,4.43846820423443,9.0,6.0,5.5,2.9154759474226504,1.0,1.0,1.0,0.0,36.0,36.0,36.0,0.0,7.0,7.0,7.0,0.0,6.0,6.0,6.0,0.0,6.0,3.3333333333333335,3.0,2.516611478423583,36.0,35.800000000000004,35.7,0.17320508075687818,10.0,7.0,7.0,3.0,8.0,6.0,6.0,2.3094010767585025,6.0,3.2,3.0,1.9235384061671346,36.0,35.38,35.7,0.5974947698515859,12.0,6.8,7.0,4.43846820423443,9.0,6.0,6.0,2.701851217221259,-2.0,False,0,0,1,73.1,0,1,0.03105590062111801,0.13232920925228617,0.08455882352941177,0.15,0.10037406483790523,0.12083847102342787,0.045454545454545456,0.11595466434176112,0.11734693877551021,0.10047846889952153,0.12018669778296383,0.0821256038647343,0.11517615176151762,0.0524126455906822,0.13333333333333333,0.051094890510948905,0.06015037593984962,0.1325910931174089,0.07524271844660194,0.12367724867724868,0.05084745762711865,0.0,0.03482587064676617,0.13043478260869565,0.15,0.10422535211267606,0.1,0.057971014492753624,0.06382978723404255,0.08,0.12
202508030909,2023104996,2025-10-26,2,107.2,2,0.0,56.0,0.0,1,0,0,49.0,1800,0.0,2,494.0,6.0,0.8306435374449908,0,0,34.1,2.137426900584795,6,7,6,6,1.0,1.0,1.0,3.4576806613039848,33.6,33.6,33.6,1.237571538153639,3.0,3.0,3.0,3.0983866769659336,9.0,6.0,5.5,2.9154759474226504,1.0,1.0,1.0,0.0,33.6,33.6,33.6,0.0,3.0,3.0,3.0,0.0,6.0,6.0,6.0,0.0,1.0,1.0,1.0,2.6457513110645943,33.6,33.6,33.6,0.960902353693287,3.0,3.0,3.0,2.5166114784235836,8.0,6.0,6.0,2.3094010767585025,1.0,1.0,1.0,3.209361307176242,33.6,33.6,33.6,1.1140017049131967,3.0,3.0,3.0,2.863564212655271,9.0,6.0,6.0,2.701851217221259,1.0,False,0,0,1,73.1,0,1,0.3448275862068966,0.27786377708978327,0.3153846153846154,0.06666666666666667,0.265869365225391,0.2719298245614035,0.2857142857142857,0.27505827505827507,0.2768839966130398,0.24242424242424243,0.2759295499021526,0.31063829787234043,0.2738292011019284,0.15963855421686746,0.06666666666666667,0.19753086419753085,0.15894039735099338,0.28703703703703703,0.20833333333333334,0.28705882352941176,0.17525773195876287,0.17098445595854922,0.17136150234741784,0.07916666666666666,0.09259259259259259,0.2848101265822785,0.13008130081300814,0.0,0.09090909090909091,0.34,0.1111111111111111
202508030909,2023106169,2025-10-26,8,110.6,2,0.0,56.0,0.0,1,0,0,15.0,1800,0.0,3,428.0,-2.0,-2.017277162366406,1,0,36.8,2.0,8,8,6,6,14.0,10.666666666666666,13.0,4.932882862316247,40.8,38.43333333333333,38.2,2.2590558499809896,13.0,9.333333333333334,8.0,3.2145502536643185,14.0,10.0,10.0,5.656854249492381,5.0,5.0,5.0,0.0,38.2,38.2,38.2,0.0,7.0,7.0,7.0,0.0,6.0,6.0,6.0,0.0,14.0,10.666666666666666,13.0,4.932882862316247,40.8,38.43333333333333,38.2,2.2590558499809896,13.0,9.333333333333334,8.0,3.2145502536643185,14.0,10.0,10.0,5.656854249492381,14.0,10.666666666666666,13.0,4.932882862316247,40.8,38.43333333333333,38.2,2.2590558499809896,13.0,9.333333333333334,8.0,3.2145502536643185,14.0,10.0,10.0,5.656854249492381,0.0,False,0,0,1,73.8,0,1,0.0061462814996926865,0.0472636815920398,0.010869565217391304,0.0,0.05343511450381679,0.0681265206812652,0.3333333333333333,0.05233739837398374,0.059082892416225746,0.0,0.04772475027746948,0.08018867924528301,0.0421179302045728,0.04991816693944354,0.0,0.05357142857142857,0.055793991416309016,0.05240174672489083,0.0,0.052336448598130844,0.044642857142857144,0.1,0.057534246575342465,0.047619047619047616,0.0,0.04878048780487805,0.02127659574468085,0.057971014492753624,0.03389830508474576,0.04897959183673469,0.047619047619047616
202508030909,2023100521,2025-10-26,7,108.2,2,0.0,56.0,0.0,0,1,0,99.0,1800,0.0,4,472.0,12.0,-0.11866336249214154,0,0,35.2,2.0679886685552407,4,4,6,6,5.0,3.0,3.0,2.8284271247461903,36.2,35.95,35.95,0.3535533905932738,4.0,4.0,4.0,0.0,4.0,4.0,4.0,2.9154759474226504,1.0,1.0,1.0,0.0,36.2,36.2,36.2,0.0,4.0,4.0,4.0,0.0,4.0,4.0,4.0,0.0,5.0,3.0,3.0,2.8284271247461903,36.2,35.95,35.95,0.3535533905932738,4.0,4.0,4.0,0.0,4.0,4.0,4.0,2.3094010767585025,5.0,3.0,3.0,2.8284271247461903,36.2,35.95,35.95,0.3535533905932738,4.0,4.0,4.0,0.0,4.0,4.0,4.0,2.701851217221259,0.0,False,0,0,1,73.0,0,1,0.027548209366391185,0.08357348703170028,0.05357142857142857,0.0,0.08142493638676845,0.14285714285714285,0.0,0.09559512652296158,0.10973451327433628,0.05084745762711865,0.07258064516129033,0.1375,0.08048289738430583,0.03826955074875208,0.045454545454545456,0.018867924528301886,0.07042253521126761,0.11392405063291139,0.06666666666666667,0.07239819004524888,0.021052631578947368,0.0,0.04716981132075472,0.1282051282051282,0.125,0.11428571428571428,0.03571428571428571,0.12857142857142856,0.03333333333333333,0.07228915662650602,0.03125
202508030909,2023107278,2025-10-26,1,107.1,2,0.0,56.0,0.0,0,1,0,50.0,1800,0.0,5,488.0,-2.0,0.5717416556439547,0,0,34.3,2.116279069767442,3,2,6,6,2.0,1.5,1.5,0.7071067811865476,35.1,34.25,34.25,1.2020815280171329,5.0,3.5,3.5,2.1213203435596424,2.0,2.0,2.0,2.9154759474226504,1.0,1.0,1.0,0.0,35.1,35.1,35.1,0.0,2.0,2.0,2.0,0.0,2.0,2.0,2.0,0.0,2.0,1.5,1.5,0.7071067811865476,35.1,34.25,34.25,1.2020815280171329,5.0,3.5,3.5,2.1213203435596424,2.0,2.0,2.0,2.3094010767585025,2.0,1.5,1.5,0.7071067811865476,35.1,34.25,34.25,1.2020815280171329,5.0,3.5,3.5,2.1213203435596424,2.0,2.0,2.0,2.701851217221259,-1.0,False,0,0,1,72.8,0,1,0.2,0.139375,0.10424710424710425,0.0,0.11648351648351649,0.1322314049586777,0.0,0.12701207243460766,0.13465447154471544,0.07881773399014778,0.14285714285714285,0.15948275862068967,0.12024048096192384,0.1024,0.07526881720430108,0.08366533864541832,0.07456140350877193,0.1375166889185581,0.09418282548476455,0.13137996219281664,0.12718204488778054,0.1016949152542373,0.09732360097323602,0.06060606060606061,0.14634146341463414,0.14215686274509803,0.14634146341463414,0.08771929824561403,0.07575757575757576,0.09375,0.08823529411764706
202508030909,2023107288,2025-10-26,5,107.6,2,0.0,56.0,0.0,0,1,0,77.0,1800,0.0,6,494.0,4.0,0.8306435374449908,0,0,34.7,2.0948275862068964,4,4,6,6,1.0,1.0,1.0,3.4576806613039848,33.4,33.4,33.4,1.237571538153639,1.0,1.0,1.0,3.0983866769659336,9.0,6.0,5.5,2.9154759474226504,1.0,1.0,1.0,0.0,33.4,33.4,33.4,0.0,1.0,1.0,1.0,0.0,6.0,6.0,6.0,0.0,1.0,1.0,1.0,2.6457513110645943,33.4,33.4,33.4,0.960902353693287,1.0,1.0,1.0,2.5166114784235836,8.0,6.0,6.0,2.3094010767585025,1.0,1.0,1.0,3.209361307176242,33.4,33.4,33.4,1.1140017049131967,1.0,1.0,1.0,2.863564212655271,9.0,6.0,6.0,2.701851217221259,0.0,False,0,0,1,72.9,0,1,0.2173913043478261,0.254957507082153,0.31343283582089554,0.45454545454545453,0.24242424242424243,0.20089285714285715,0.3333333333333333,0.24926920010629816,0.24265208475734792,0.254320987654321,0.24120603015075376,0.2,0.25326939843068874,0.13099630996309963,0.13157894736842105,0.11764705882352941,0.2,0.19753086419753085,0.2830687830687831,0.16804407713498623,0.1111111111111111,0.13123359580052493,0.08823529411764706,0.14285714285714285,0.10810810810810811,0.3225806451612903,0.140625,0.18055555555555555,0.18181818181818182,0.21405750798722045,0.10869565217391304
202508030909,2023100504,2025-10-26,6,107.8,2,0.0,56.0,0.0,0,0,1,63.0,1800,0.0,7,474.0,16.0,-0.03236273522512951,0,0,35.2,2.0566572237960337,2,2,6,6,4.0,2.5,2.5,2.1213203435596424,35.1,34.7,34.7,0.5656854249492436,4.0,3.0,3.0,1.4142135623730951,9.0,6.0,5.5,2.9154759474226504,1.0,1.0,1.0,0.0,34.3,34.3,34.3,0.0,4.0,4.0,4.0,0.0,6.0,6.0,6.0,0.0,4.0,2.5,2.5,2.1213203435596424,35.1,34.7,34.7,0.5656854249492436,4.0,3.0,3.0,1.4142135623730951,8.0,6.0,6.0,2.3094010767585025,4.0,2.5,2.5,2.1213203435596424,35.1,34.7,34.7,0.5656854249492436,4.0,3.0,3.0,1.4142135623730951,9.0,6.0,6.0,2.701851217221259,0.0,False,0,0,1,72.6,0,1,0.046296296296296294,0.06060606060606061,0.04,0.0,0.06382978723404255,0.07692307692307693,0.0,0.06427990235964198,0.0659025787965616,0.0,0.056962025316455694,0.05511811023622047,0.062264150943396226,0.08294930875576037,0.25,0.08163265306122448,0.06060606060606061,0.07142857142857142,0.0,0.07457627118644068,0.08695652173913043,0.0,0.10256410256410256,0.07916666666666666,0.07142857142857142,0.06896551724137931,0.0,0.057971014492753624,0.1111111111111111,0.04897959183673469,0.0
202508030909,2023100553,2025-10-26,4,107.5,2,0.0,56.0,0.0,0,0,1,22.0,1800,0.0,8,492.0,-2.0,0.7443429101779788,0,0,35.0,2.0655270655270654,1,1,6,6,1.0,1.0,1.0,3.4576806613039848,34.2,34.2,34.2,1.237571538153639,1.0,1.0,1.0,3.0983866769659336,9.0,6.0,5.5,2.9154759474226504,1.0,1.0,1.0,0.0,34.2,34.2,34.2,0.0,1.0,1.0,1.0,0.0,6.0,6.0,6.0,0.0,1.0,1.0,1.0,2.6457513110645943,34.2,34.2,34.2,0.960902353693287,1.0,1.0,1.0,2.5166114784235836,8.0,6.0,6.0,2.3094010767585025,1.0,1.0,1.0,3.209361307176242,34.2,34.2,34.2,1.1140017049131967,1.0,1.0,1.0,2.863564212655271,9.0,6.0,6.0,2.701851217221259,0.0,False,0,0,1,72.5,0,1,0.0900900900900901,0.14599285349668198,0.10897435897435898,0.13333333333333333,0.13667820069204153,0.14118895966029724,0.09090909090909091,0.1393525035190026,0.15390879478827363,0.09174311926605505,0.14,0.17391304347826086,0.12529928172386273,0.07981530343007916,0.03333333333333333,0.10526315789473684,0.0761904761904762,0.15798764342453664,0.1062124248496994,0.13914780292942744,0.07037037037037037,0.038461538461538464,0.09237875288683603,0.3333333333333333,0.01639344262295082,0.08522727272727272,0.08547008547008547,0.057971014492753624,0.06382978723404255,0.06666666666666667,0.061224489795918366
202508030910,2019100539,2025-10-26,11,109.9,6,1.2747532534002675,55.0,-0.25608221745476323,1,0,0,22.0,1800,3.0,1,506.0,10.0,0.08883238137666898,1,0,37.6,1.9177718832891244,6,6,5,8,16.0,6.3,4.5,4.877385456255112,38.8,36.87,37.400000000000006,1.5535264543754699,15.0,4.7,3.5,3.917198545446024,10.0,4.25,2.5,3.8622100754188224,16.0,16.0,16.0,0.0,37.9,37.9,37.9,0.0,6.0,6.0,6.0,0.0,6.0,6.0,6.0,0.0,16.0,12.333333333333334,13.0,4.04145188432738,38.8,38.300000000000004,38.2,0.4582575694956296,6.0,4.666666666666667,5.0,1.5275252316519452,2.0,2.0,2.0,2.3094010767585025,16.0,8.2,8.0,6.3796551630946325,38.8,37.2,37.9,1.5604486534327229,6.0,3.4,3.0,2.0736441353327724,2.0,2.0,2.0,2.701851217221259,0.0,False,0,0,1,72.3,1,0,0.015243902439024392,0.037111334002006016,0.02586206896551724,0.0625,0.039473684210526314,0.05546492659053834,0.0,0.04165103189493433,0.04251144538914323,0.024390243902439025,0.035523978685612786,0.03939393939393939,0.04088888888888889,0.07866273352999016,0.03571428571428571,0.06770833333333333,0.06060606060606061,0.043859649122807015,0.06451612903225806,0.04162330905306972,0.08080808080808081,0.06,0.07194244604316546,0.08333333333333333,0.09090909090909091,0.04938271604938271,0.10975609756097561,0.0,0.14814814814814814,0.0,0.16666666666666666
202508030910,2019102044,2025-10-26,10,109.8,6,1.2747532534002675,56.0,0.29547948167857174,1,0,0,22.0,1800,0.0,2,518.0,0.0,0.5552023836041827,1,0,37.2,1.9463806970509379,12,12,10,10,11.0,4.5,3.5,3.027650354097492,37.8,36.73,36.55,0.5078276172963553,13.0,7.6,8.0,2.5905812303633926,7.0,7.0,7.0,2.9154759474226504,7.0,7.0,7.0,0.0,37.0,37.0,37.0,0.0,8.0,8.0,8.0,0.0,6.0,6.0,6.0,0.0,7.0,5.333333333333333,6.0,2.0816659994661335,37.8,37.0,37.0,0.7999999999999993,8.0,8.0,8.0,0.0,7.0,7.0,7.0,2.3094010767585025,7.0,5.2,6.0,1.6431676725154984,37.8,36.82,36.8,0.6418722614352397,8.0,7.4,8.0,1.3416407864998754,7.0,7.0,7.0,2.701851217221259,0.0,False,0,0,1,72.6,1,0,0.034364261168384876,0.08357348703170028,0.05357142857142857,0.0,0.08142493638676845,0.14285714285714285,0.0,0.09559512652296158,0.10973451327433628,0.05084745762711865,0.07258064516129033,0.1375,0.08048289738430583,0.09427374301675978,0.07352941176470588,0.08181818181818182,0.08900523560209424,0.11392405063291139,0.06666666666666667,0.07239819004524888,0.07806691449814127,0.14285714285714285,0.10621761658031088,0.1282051282051282,0.09615384615384616,0.11428571428571428,0.07777777777777778,0.12857142857142856,0.21568627450980393,0.07228915662650602,0.05357142857142857
202508030910,2021103987,2025-10-26,3,109.1,4,-1.2747532534002675,56.0,0.29547948167857174,1,0,0,286.0,1800,-1.0,3,480.0,0.0,-0.9216359567829442,1,0,36.6,1.975476839237057,10,10,8,4,10.0,4.0,1.0,4.6475800154489,40.1,38.38333333333333,38.35,1.2655697004379765,4.0,2.3333333333333335,2.5,1.2110601416389968,6.0,2.6666666666666665,2.0,2.065591117977289,1.0,1.0,1.0,0.0,37.3,37.3,37.3,0.0,1.0,1.0,1.0,0.0,1.0,1.0,1.0,0.0,10.0,4.0,1.0,5.196152422706632,40.1,38.1,37.3,1.7435595774162644,3.0,1.6666666666666667,1.0,1.1547005383792517,6.0,2.6666666666666665,1.0,2.886751345948129,10.0,2.8,1.0,4.024922359499621,40.1,38.52,39.0,1.3645512082732572,4.0,2.2,2.0,1.3038404810405297,6.0,2.4,1.0,2.1908902300206643,0.0,False,1,0,0,72.5,1,0,0.09259259259259259,0.13232920925228617,0.08455882352941177,0.15,0.10037406483790523,0.12083847102342787,0.045454545454545456,0.11595466434176112,0.11734693877551021,0.10047846889952153,0.12018669778296383,0.0821256038647343,0.11517615176151762,0.10304449648711944,0.1590909090909091,0.11979166666666667,0.10588235294117647,0.1325910931174089,0.07524271844660194,0.12367724867724868,0.10714285714285714,0.058823529411764705,0.11178247734138973,0.13043478260869565,0.08620689655172414,0.10422535211267606,0.11764705882352941,0.057971014492753624,0.04,0.08,0.03076923076923077
202508030910,2020101694,2025-10-26,1,108.6,5,0.0,57.5,1.122822030378574,1,0,0,84.0,1800,-2.0,4,520.0,-2.0,0.6329307173087684,0,0,36.5,1.9699453551912567,3,4,2,3,16.0,4.9,4.0,4.532597979574677,42.8,38.05,37.599999999999994,1.9288741678905688,2.0,1.3,1.0,0.48304589153964794,3.0,1.5555555555555556,1.0,0.7264831572567788,3.0,3.0,3.0,0.0,37.8,37.8,37.8,0.0,1.0,1.0,1.0,0.0,1.0,1.0,1.0,0.0,16.0,6.666666666666667,3.0,8.144527815247077,42.8,39.3,37.8,3.0413812651491114,1.0,1.0,1.0,0.0,3.0,1.6666666666666667,1.0,1.1547005383792517,16.0,5.0,3.0,6.284902544988268,42.8,38.82000000000001,37.8,2.3370922104187533,1.0,1.0,1.0,0.0,3.0,1.4,1.0,0.8944271909999159,1.0,False,0,0,1,72.1,1,0,0.12048192771084336,0.0980952380952381,0.06896551724137931,0.1111111111111111,0.08045977011494253,0.07880910683012259,0.0,0.08592057761732852,0.08865248226950355,0.1085972850678733,0.075,0.0967741935483871,0.08364174685418209,0.06701940035273368,0.08695652173913043,0.04843304843304843,0.08021390374331551,0.07962529274004684,0.06624605678233439,0.106353591160221,0.05337078651685393,0.0,0.07001795332136446,0.17391304347826086,0.15384615384615385,0.04975124378109453,0.08,0.08,0.1267605633802817,0.07894736842105263,0.08771929824561403
202508030910,2020100912,2025-10-26,2,108.8,5,0.0,56.0,0.29547948167857174,0,1,0,29.0,1800,0.0,5,494.0,0.0,-0.3775376208508448,0,0,36.7,1.9592391304347823,3,2,2,2,12.0,6.4,5.5,3.8355066303046734,38.6,36.2,36.400000000000006,1.483988619303476,10.0,5.2,5.0,2.6997942308422114,7.0,3.625,3.5,2.0658792662827943,3.0,3.0,3.0,0.0,37.2,37.2,37.2,0.0,2.0,2.0,2.0,0.0,1.0,1.0,1.0,0.0,12.0,6.0,3.0,5.196152422706631,37.2,36.800000000000004,37.0,0.5291502622129545,9.0,5.333333333333333,5.0,3.511884584284245,5.0,3.0,3.0,2.8284271247461925,12.0,5.2,3.0,3.898717737923585,38.6,37.12,37.0,0.912140340079322,10.0,5.6,5.0,3.781534080237808,5.0,2.5,2.0,1.9148542155126753,-1.0,False,0,0,1,72.1,1,0,0.2,0.10672703751617077,0.09009009009009009,0.2,0.07729468599033816,0.0861504907306434,0.038461538461538464,0.09159727479182438,0.079002079002079,0.0784313725490196,0.08130081300813008,0.10249671484888305,0.10432190760059612,0.0757020757020757,0.0425531914893617,0.09259259259259259,0.08108108108108109,0.1125158027812895,0.0390625,0.05898876404494382,0.07669616519174041,0.05555555555555555,0.06682027649769585,0.1288135593220339,0.11320754716981132,0.0997624703087886,0.10084033613445378,0.11904761904761904,0.016666666666666666,0.044444444444444446,0.05172413793103448
202508030910,2019102437,2025-10-26,13,112.6,6,1.2747532534002675,58.0,1.3986028799452417,0,1,0,78.0,1800,9.0,6,500.0,-4.0,-0.1443526197370879,1,0,40.3,1.7896039603960396,6,6,5,4,16.0,6.7,6.5,4.691600058733812,39.2,37.3,37.15,1.3703203194063012,12.0,7.5,8.5,3.922867431979941,12.0,6.333333333333333,6.5,3.614784456460256,10.0,10.0,10.0,0.0,39.2,39.2,39.2,0.0,2.0,2.0,2.0,0.0,2.0,2.0,2.0,0.0,10.0,4.0,1.0,5.196152422706633,39.2,37.6,37.4,1.5099668870541234,11.0,6.666666666666667,7.0,4.509249752822892,7.0,5.0,6.0,2.6457513110645907,10.0,4.2,2.0,4.0865633483405075,39.2,37.22,36.9,1.2008330441822728,12.0,8.0,8.0,3.9370039370059065,8.0,5.75,6.5,2.6299556396765835,0.0,False,0,0,1,72.3,1,0,0.04716981132075472,0.06560088202866593,0.06722689075630252,0.10526315789473684,0.04736129905277402,0.05149700598802395,0.0,0.05690871841566128,0.055025996533795495,0.06382978723404255,0.06954436450839328,0.05934065934065934,0.059248554913294796,0.0922029702970297,0.09014675052410902,0.07894736842105263,0.1111111111111111,0.04372842347525892,0.04265402843601896,0.056818181818181816,0.044444444444444446,0.10548523206751055,0.07317073170731707,0.1111111111111111,0.12844036697247707,0.059602649006622516,0.08095238095238096,0.05405405405405406,0.046153846153846156,0.07692307692307693,0.10526315789473684
202508030910,2021100836,2025-10-26,5,109.4,4,-1.2747532534002675,54.0,-0.8076439165880982,0,1,0,98.0,1800,4.0,7,470.0,8.0,-1.3102776253058723,1,0,37.5,1.9122340425531916,1,1,1,1,15.0,7.8,9.0,5.672545969648706,40.5,38.73,38.45,1.4989255411052858,3.0,1.3,1.0,0.6749485577105528,4.0,1.5714285714285714,1.0,1.1338934190276817,1.0,1.0,1.0,0.0,38.1,38.1,38.1,0.0,1.0,1.0,1.0,0.0,1.0,1.0,1.0,0.0,10.0,5.0,4.0,4.582575694955838,38.8,38.099999999999994,38.1,0.7000000000000103,1.0,1.0,1.0,0.0,1.0,1.0,1.0,0.0,15.0,7.6,8.0,5.412947441089743,40.3,38.88,38.8,1.190378091196225,3.0,1.4,1.0,0.8944271909999159,4.0,2.0,1.0,1.7320508075688774,0.0,False,0,0,1,71.9,1,0,0.022271714922048998,0.0682261208576998,0.0718232044198895,0.8,0.06666666666666667,0.0585480093676815,0.1,0.06675350048844025,0.07337526205450734,0.02702702702702703,0.05394190871369295,0.06557377049180328,0.06024844720496894,0.04991816693944354,0.0,0.05357142857142857,0.055793991416309016,0.051470588235294115,0.057692307692307696,0.06557377049180328,0.044642857142857144,0.1,0.057534246575342465,0.09876543209876543,0.0,0.10354223433242507,0.02127659574468085,0.06116207951070336,0.03389830508474576,0.056910569105691054,0.047619047619047616
202508030910,2019100094,2025-10-26,9,109.7,6,1.2747532534002675,51.0,-2.462329013988103,0,1,0,14.0,1800,-5.0,8,466.0,-4.0,-1.4657342927150436,1,0,36.8,1.9756097560975612,13,13,13,14,15.0,9.3,8.5,3.8311588035185613,38.7,37.39,37.150000000000006,0.6773313648265186,15.0,10.9,11.0,2.806737924669449,16.0,12.0,12.0,2.70801280154532,8.0,8.0,8.0,0.0,36.8,36.8,36.8,0.0,7.0,7.0,7.0,0.0,7.0,7.0,7.0,0.0,9.0,7.666666666666667,8.0,1.52752523165195,37.5,37.1,37.0,0.36055512754642227,12.0,10.0,11.0,2.645751311064591,14.0,10.666666666666666,11.0,3.511884584284245,13.0,8.8,8.0,2.5884358211089564,38.7,37.58,37.5,0.7596051605933027,14.0,11.0,11.0,2.5495097567963922,16.0,12.0,12.0,3.391164991562634,0.0,False,0,1,0,72.9,1,0,0.011025358324145534,0.04187192118226601,0.0,0.25,0.03814713896457766,0.026022304832713755,0.0,0.03577981651376147,0.03636363636363636,0.0,0.027777777777777776,0.020942408376963352,0.035211267605633804,0.06169296987087518,0.047619047619047616,0.05,0.07777777777777778,0.03985507246376811,0.0625,0.03954802259887006,0.0398406374501992,0.04878048780487805,0.06933333333333333,0.0,0.1,0.11764705882352941,0.08791208791208792,0.0,0.09375,0.0,0.014285714285714285
202508030910,2021105630,2025-10-26,14,123.9,4,-1.2747532534002675,56.0,0.29547948167857174,0,1,0,126.0,1800,2.0,9,532.0,-4.0,1.099300719536282,0,0,51.1,1.4218749999999998,9,9,10,12,6.0,2.8,2.5,1.9888578520235067,39.5,37.22,37.3,1.134117375857641,10.0,7.6,8.5,2.0110804171997807,9.0,5.0,5.0,2.160246899469287,1.0,1.0,1.0,0.0,37.3,37.3,37.3,0.0,7.0,7.0,7.0,0.0,3.0,3.0,3.0,0.0,4.0,2.6666666666666665,3.0,1.5275252316519463,37.3,36.5,36.2,0.6999999999999633,10.0,8.666666666666666,9.0,1.5275252316519456,5.0,3.6666666666666665,3.0,1.1547005383792521,4.0,2.4,3.0,1.3416407864998738,37.3,36.54,36.2,0.7021395872616841,10.0,8.0,9.0,2.0,8.0,4.8,5.0,2.0493901531919194,0.0,False,0,0,1,72.8,1,0,0.15873015873015872,0.14599285349668198,0.10897435897435898,0.13333333333333333,0.13667820069204153,0.14118895966029724,0.09090909090909091,0.1393525035190026,0.15390879478827363,0.09174311926605505,0.14,0.17391304347826086,0.12529928172386273,0.1049552649690296,0.09714285714285714,0.11479591836734694,0.125,0.15798764342453664,0.1062124248496994,0.13914780292942744,0.10698689956331878,0.10702341137123746,0.07965860597439545,0.3333333333333333,0.12903225806451613,0.08522727272727272,0.12962962962962962,0.057971014492753624,0.11920529801324503,0.06666666666666667,0.1072961373390558
202508030910,2020102737,2025-10-26,4,109.2,5,0.0,55.0,-0.25608221745476323,0,1,0,99.0,1800,-4.0,10,478.0,6.0,-0.9993642904875298,1,0,36.8,1.9620596205962062,8,8,8,8,11.0,5.8,7.0,2.9739610697593957,38.7,37.42999999999999,37.25,0.8152027695951317,11.0,6.1,6.0,2.766867462592952,12.0,6.333333333333333,7.0,3.640054944640259,7.0,7.0,7.0,0.0,36.9,36.9,36.9,0.0,9.0,9.0,9.0,0.0,7.0,7.0,7.0,0.0,8.0,7.333333333333333,7.0,0.5773502691896348,38.3,37.36666666666667,36.9,0.8082903768654628,9.0,6.666666666666667,8.0,3.214550253664317,9.0,8.0,8.0,0.9999999999999996,8.0,5.2,7.0,3.0331501776206196,38.3,37.48,37.0,0.7496665925596586,9.0,6.6,7.0,2.302172886644268,9.0,6.4,7.0,2.701851217221259,0.0,False,0,0,1,72.4,1,0,0.013297872340425532,0.05405405405405406,0.05747126436781609,0.0,0.05083260297984225,0.07703081232492998,0.0,0.05775627456909586,0.061529271206690564,0.0,0.05648854961832061,0.0763888888888889,0.054087277197295634,0.06493506493506493,0.16666666666666666,0.0625,0.0625,0.062409288824383166,0.0392156862745098,0.04863481228668942,0.1,0.0,0.09302325581395349,0.13043478260869565,0.0,0.05263157894736842,0.0,0.0,0.0,0.0,0.0
202508030910,2021103306,2025-10-26,8,109.6,4,-1.2747532534002675,56.0,0.29547948167857174,0,0,1,57.0,1800,4.0,11,506.0,6.0,0.08883238137666898,0,0,37.3,1.9331550802139037,3,4,5,4,14.0,3.9,2.0,4.1486276177925525,41.2,38.269999999999996,38.1,1.2525973016097387,7.0,3.7,3.5,1.494434118097326,14.0,4.6,4.0,3.6270588023294517,8.0,8.0,8.0,0.0,38.2,38.2,38.2,0.0,4.0,4.0,4.0,0.0,5.0,5.0,5.0,0.0,14.0,7.666666666666667,8.0,6.506407098647712,41.2,39.03333333333334,38.2,1.8929694486000872,7.0,4.666666666666667,4.0,2.0816659994661335,14.0,7.0,5.0,6.244997998398398,14.0,5.2,2.0,5.718391382198319,41.2,38.36,38.0,1.6890825912311065,7.0,4.0,4.0,1.8708286933869707,14.0,5.2,4.0,5.167204273105526,1.0,False,0,0,1,72.3,1,0,0.07042253521126761,0.27786377708978327,0.3153846153846154,0.06666666666666667,0.265869365225391,0.2719298245614035,0.2857142857142857,0.27505827505827507,0.2768839966130398,0.24242424242424243,0.2759295499021526,0.31063829787234043,0.2738292011019284,0.08821788040260509,0.12643678160919541,0.07692307692307693,0.10232558139534884,0.28703703703703703,0.20833333333333334,0.28705882352941176,0.0944055944055944,0.047619047619047616,0.0746606334841629,0.07916666666666666,0.12121212121212122,0.2848101265822785,0.13392857142857142,0.0,0.06896551724137931,0.34,0.06329113924050633
202508030910,2020102750,2025-10-26,7,109.6,5,0.0,56.5,0.5712603312452392,0,0,1,29.0,1800,-3.0,12,560.0,6.0,2.187497391400481,0,0,36.9,1.964864864864865,11,11,10,10,10.0,3.7,2.0,3.1989581637360205,38.4,37.3,37.6,0.9741092797468346,14.0,7.4,7.5,3.1340424729448424,10.0,5.6,5.5,2.2705848487901874,8.0,8.0,8.0,0.0,37.6,37.6,37.6,0.0,4.0,4.0,4.0,0.0,3.0,3.0,3.0,0.0,8.0,5.0,5.0,3.0000000000000004,37.6,36.766666666666666,37.6,1.4433756729740648,8.0,6.666666666666667,8.0,2.309401076758502,7.0,5.333333333333333,6.0,2.081665999466134,10.0,5.2,5.0,3.8340579025361627,38.4,37.0,37.6,1.3019216566291545,8.0,5.8,5.0,2.04939015319192,7.0,5.0,6.0,1.870828693386971,0.0,False,0,0,1,72.7,1,0,0.2040816326530612,0.139375,0.10424710424710425,0.0,0.11648351648351649,0.1322314049586777,0.0,0.12701207243460766,0.13465447154471544,0.07881773399014778,0.14285714285714285,0.15948275862068967,0.12024048096192384,0.08218232044198895,0.11627906976744186,0.091324200913242,0.05701754385964912,0.1375166889185581,0.09418282548476455,0.13137996219281664,0.07220216606498195,0.06382978723404255,0.09792284866468842,0.06060606060606061,0.08860759493670886,0.14215686274509803,0.1276595744680851,0.08771929824561403,0.0392156862745098,0.09375,0.0547945205479452
202508030910,2020102688,2025-10-26,6,109.4,5,0.0,53.0,-1.3592056157214332,0,0,1,14.0,1800,-6.0,13,502.0,-4.0,-0.06662428603250228,0,0,36.4,2.0,13,13,13,12,14.0,5.0,3.5,4.570436400267363,39.7,37.730000000000004,37.55,1.1086027241532155,11.0,4.0,3.0,2.8674417556808756,6.0,2.5555555555555554,2.0,1.5898986690282426,5.0,5.0,5.0,0.0,37.1,37.1,37.1,0.0,1.0,1.0,1.0,0.0,1.0,1.0,1.0,0.0,10.0,8.0,9.0,2.6457513110645925,39.7,38.63333333333333,39.1,1.361371857110814,5.0,3.6666666666666665,5.0,2.309401076758501,6.0,3.6666666666666665,4.0,2.5166114784235836,10.0,6.2,5.0,3.2710854467592263,39.7,38.28,38.6,1.233693641063273,5.0,3.4,3.0,1.6733200530681502,6.0,3.0,2.0,2.0,0.0,False,0,1,0,73.0,1,0,0.042735042735042736,0.10726256983240223,0.09036144578313253,0.0,0.08967082860385925,0.10421286031042129,0.36363636363636365,0.0998756734355574,0.09959349593495935,0.0963855421686747,0.09369024856596558,0.06498194945848375,0.09802538787023977,0.12877871825876663,0.08695652173913043,0.125,0.10218978102189781,0.10152284263959391,0.075,0.11310592459605028,0.15718157181571815,0.09405940594059406,0.14054054054054055,0.043478260869565216,0.05555555555555555,0.125,0.16363636363636364,0.11464968152866242,0.06896551724137931,0.12578616352201258,0.10112359550561797
202508030910,2020100960,2025-10-26,12,110.7,5,0.0,56.5,0.5712603312452392,0,0,1,155.0,1800,8.0,14,520.0,4.0,0.6329307173087684,0,0,38.6,1.8630490956072348,2,2,2,4,11.0,4.8,3.5,3.8815804341359024,39.7,38.17,38.15,1.1537860383200291,2.0,1.2,1.0,0.4216370213557832,6.0,1.9,1.5,1.5238839267549946,8.0,8.0,8.0,0.0,36.3,36.3,36.3,0.0,2.0,2.0,2.0,0.0,2.0,2.0,2.0,0.0,10.0,6.333333333333333,8.0,4.725815626252609,39.7,37.93333333333333,37.8,1.703917055884273,2.0,1.3333333333333333,1.0,0.5773502691895946,2.0,1.6666666666666667,2.0,0.5773502691896251,10.0,4.4,2.0,4.277849927241487,39.7,37.8,37.8,1.3747727084867496,2.0,1.2,1.0,0.4472135954999571,2.0,1.4,1.0,0.5477225575051653,0.0,False,0,0,1,72.1,1,0,0.04950495049504951,0.15449202350965574,0.14084507042253522,0.0,0.12363330529857022,0.1807044410413476,0.0,0.14657282741738067,0.1588921282798834,0.1317365269461078,0.172,0.17204301075268819,0.1379492600422833,0.09508881922675026,0.08080808080808081,0.10931174089068826,0.09433962264150944,0.1331923890063425,0.12,0.1391812865497076,0.11494252873563218,0.1015625,0.07933194154488518,0.07692307692307693,0.1346153846153846,0.0,0.08,0.16298342541436464,0.046875,0.1619047619047619,0.07272727272727272
202508030911,2022104733,2025-10-26,7,184.6,3,0.0,57.0,0.0,1,0,0,43.0,3000,-7.0,1,438.0,-4.0,-1.9760364718336396,1,0,35.3,4.2175141242937855,15,16,12,14,7.0,3.4,3.0,2.6076809620810595,35.1,34.3,34.2,0.4949747468305863,12.0,8.2,9.0,3.1144823004794873,11.0,7.8,9.0,3.271085446759225,1.0,1.0,1.0,0.0,33.9,33.9,33.9,0.0,5.0,5.0,5.0,0.0,6.0,6.0,6.0,0.0,7.0,4.333333333333333,5.0,3.055050463303893,34.2,34.0,33.9,0.1732050807569114,12.0,9.0,10.0,3.605551275463989,11.0,8.666666666666666,9.0,2.5166114784235836,7.0,3.4,3.0,2.6076809620810595,35.1,34.3,34.2,0.4949747468305863,12.0,8.2,9.0,3.1144823004794873,11.0,7.8,9.0,3.271085446759225,1.0,False,0,0,1,149.3,0,1,0.009259259259259259,0.10672703751617077,0.09009009009009009,0.2,0.07729468599033816,0.0861504907306434,0.038461538461538464,0.09159727479182438,0.079002079002079,0.0784313725490196,0.08130081300813008,0.10249671484888305,0.10432190760059612,0.10250737463126844,0.08064516129032258,0.057692307692307696,0.12807881773399016,0.1125158027812895,0.0390625,0.05898876404494382,0.09292035398230089,0.17482517482517482,0.08841463414634146,0.1288135593220339,0.06818181818181818,0.0997624703087886,0.12359550561797752,0.11904761904761904,0.05454545454545454,0.044444444444444446,0.14
202508030911,2022104615,2025-10-26,11,185.4,3,0.0,57.0,0.0,1,0,0,70.0,3000,-7.0,2,492.0,0.0,0.5054977020969775,0,0,35.7,4.181564245810055,11,12,17,18,17.0,4.666666666666667,2.0,6.250333324444918,36.5,34.86666666666667,34.5,1.0948363652467274,10.0,6.0,7.0,3.7416573867739413,16.0,6.6,5.0,5.458937625582472,1.0,1.0,1.0,0.0,35.0,35.0,35.0,0.0,6.0,6.0,6.0,0.0,4.0,4.0,4.0,0.0,5.0,2.3333333333333335,1.0,2.3094010767585034,35.8,34.93333333333333,35.0,0.9018499505645787,10.0,8.0,8.0,1.9999999999999991,6.0,4.0,4.0,1.9999999999999982,17.0,5.4,3.0,6.6932802122726045,36.5,35.04,35.0,1.1282730166054669,10.0,7.0,8.0,3.1622776601683795,16.0,6.6,5.0,5.458937625582472,1.0,False,0,0,1,149.7,0,1,0.021321961620469083,0.1643002028397566,0.1267123287671233,0.125,0.15247524752475247,0.15343915343915343,0.06666666666666667,0.15441176470588236,0.15803667745415317,0.1606456571867794,0.05333333333333334,0.06313131313131314,0.15255009107468123,0.1276595744680851,0.1368653421633554,0.02631578947368421,0.14285714285714285,0.11627906976744186,0.14641744548286603,0.11627906976744186,0.06557377049180328,0.15857605177993528,0.08695652173913043,0.2022792022792023,0.07857142857142857,0.17364016736401675,0.10810810810810811,0.15384615384615385,0.09803921568627451,0.023809523809523808,0.10476190476190476
202508030911,2022105580,2025-10-26,12,185.5,3,0.0,57.0,0.0,1,0,0,35.0,3000,4.0,3,474.0,-4.0,-0.3216803558798948,0,0,36.3,4.0989010989010985,6,6,8,8,5.0,2.3333333333333335,1.0,2.3094010767585034,35.4,34.300000000000004,34.5,1.212435565298217,9.0,7.333333333333333,7.0,1.5275252316519465,6.0,6.0,6.0,2.9154759474226504,5.0,5.0,5.0,0.0,33.0,33.0,33.0,0.0,6.0,6.0,6.0,0.0,6.0,6.0,6.0,0.0,5.0,2.3333333333333335,1.0,2.3094010767585034,35.4,34.300000000000004,34.5,1.212435565298217,9.0,7.333333333333333,7.0,1.5275252316519465,6.0,6.0,6.0,2.3094010767585025,5.0,2.3333333333333335,1.0,2.3094010767585034,35.4,34.300000000000004,34.5,1.212435565298217,9.0,7.333333333333333,7.0,1.5275252316519465,6.0,6.0,6.0,2.701851217221259,0.0,False,0,0,1,149.2,0,1,0.023310023310023312,0.06560088202866593,0.06722689075630252,0.10526315789473684,0.04736129905277402,0.05149700598802395,0.0,0.05690871841566128,0.055025996533795495,0.06382978723404255,0.06954436450839328,0.05934065934065934,0.059248554913294796,0.15963855421686746,0.06666666666666667,0.19753086419753085,0.15894039735099338,0.04372842347525892,0.04265402843601896,0.056818181818181816,0.17525773195876287,0.17098445595854922,0.17136150234741784,0.1111111111111111,0.09259259259259259,0.059602649006622516,0.13008130081300814,0.05405405405405406,0.09090909090909091,0.07692307692307693,0.1111111111111111
202508030911,2022106611,2025-10-26,16,186.4,3,0.0,57.0,0.0,1,0,0,41.0,3000,8.0,4,516.0,0.0,1.608401779399474,0,0,37.3,3.986631016042781,2,2,6,8,14.0,4.25,2.0,4.5591352563522705,38.3,35.3375,34.8,1.3222680731012366,11.0,5.25,5.0,2.9640705601780613,13.0,6.571428571428571,6.0,4.117326918327103,2.0,2.0,2.0,0.0,34.4,34.4,34.4,0.0,5.0,5.0,5.0,0.0,6.0,6.0,6.0,0.0,8.0,3.6666666666666665,2.0,3.785938897200182,34.8,34.49999999999999,34.4,0.26457513110653197,5.0,4.333333333333333,5.0,1.1547005383792517,6.0,5.333333333333333,6.0,1.1547005383792517,8.0,3.4,2.0,2.7928480087537877,38.3,35.480000000000004,34.8,1.6574076143182177,7.0,4.8,5.0,1.4832396974191326,11.0,6.4,6.0,2.7018512172212588,0.0,False,0,0,1,149.1,0,1,0.06622516556291391,0.11621621621621622,0.11764705882352941,0.0,0.10554089709762533,0.10727969348659004,0.5,0.11058700209643606,0.12773722627737227,0.12698412698412698,0.07655502392344497,0.06153846153846154,0.09686346863468635,0.1024,0.07526881720430108,0.08366533864541832,0.07456140350877193,0.10714285714285714,0.12028301886792453,0.09343434343434344,0.12718204488778054,0.1016949152542373,0.09732360097323602,0.15,0.14634146341463414,0.18181818181818182,0.14634146341463414,0.057971014492753624,0.07575757575757576,0.13709677419354838,0.08823529411764706
202508030911,2022103995,2025-10-26,8,184.7,3,0.0,57.0,0.0,1,0,0,35.0,3000,-8.0,5,478.0,2.0,-0.13786300966281206,0,0,35.2,4.23512747875354,9,9,12,16,8.0,2.875,2.0,2.295181287579947,34.8,34.15,34.3,0.6187545093630771,8.0,5.25,5.0,2.2519832529192065,10.0,5.125,4.5,3.2705394924123103,3.0,3.0,3.0,0.0,33.1,33.1,33.1,0.0,4.0,4.0,4.0,0.0,3.0,3.0,3.0,0.0,8.0,5.0,4.0,2.6457513110645907,34.3,33.9,34.3,0.6928203230275535,8.0,6.0,6.0,1.9999999999999993,10.0,7.333333333333333,9.0,3.7859388972001833,8.0,3.6,3.0,2.701851217221259,34.8,34.18,34.3,0.6379655163094612,8.0,5.6,6.0,2.073644135332772,10.0,6.2,7.0,3.5637059362410923,0.0,False,0,0,1,149.5,0,1,0.07751937984496124,0.14599285349668198,0.10897435897435898,0.13333333333333333,0.13667820069204153,0.14118895966029724,0.09090909090909091,0.1393525035190026,0.15390879478827363,0.09174311926605505,0.14,0.17391304347826086,0.12529928172386273,0.12779850746268656,0.15384615384615385,0.1497005988023952,0.11960132890365449,0.15798764342453664,0.1062124248496994,0.13914780292942744,0.12928759894459102,0.12352941176470589,0.12375249500998003,0.3333333333333333,0.16923076923076924,0.08522727272727272,0.12101910828025478,0.057971014492753624,0.06779661016949153,0.06666666666666667,0.09195402298850575
202508030911,2022105109,2025-10-26,6,184.5,3,0.0,57.0,0.0,1,0,0,57.0,3000,-8.0,6,492.0,6.0,0.5054977020969775,1,0,35.1,4.244318181818182,18,18,17,14,4.0,2.0,2.0,1.1547005383792515,36.2,34.971428571428575,35.0,0.8056349167256979,9.0,4.857142857142857,4.0,3.4364987719368982,8.0,4.166666666666667,4.0,2.6394443859772205,1.0,1.0,1.0,0.0,36.2,36.2,36.2,0.0,9.0,9.0,9.0,0.0,3.0,3.0,3.0,0.0,2.0,1.3333333333333333,1.0,0.5773502691896253,36.2,35.1,35.0,1.0535653752852758,9.0,6.666666666666667,9.0,4.041451884327381,6.0,3.6666666666666665,3.0,2.0816659994661326,3.0,1.6,1.0,0.8944271909999161,36.2,35.06,35.0,0.7602631123499289,9.0,5.6,7.0,3.847076812334269,8.0,4.0,3.0,2.9154759474226504,0.0,False,0,0,1,149.4,0,1,0.0617283950617284,0.12130177514792899,0.1276595744680851,0.0,0.1013584117032393,0.11012433392539965,0.0,0.1118421052631579,0.11563367252543941,0.14084507042253522,0.10126582278481013,0.17346938775510204,0.10956416464891042,0.11188118811881188,0.18421052631578946,0.09815950920245399,0.09565217391304348,0.10574018126888217,0.08064516129032258,0.09285714285714286,0.10191082802547771,0.047619047619047616,0.13076923076923078,0.06666666666666667,0.20930232558139536,0.10526315789473684,0.12345679012345678,0.1352112676056338,0.02857142857142857,0.10198300283286119,0.10909090909090909
202508030911,2022104714,2025-10-26,14,185.6,3,0.0,57.0,0.0,0,1,0,35.0,3000,10.0,7,472.0,8.0,-0.4135890289884362,1,0,36.7,4.046195652173913,4,4,3,4,4.0,2.1666666666666665,2.0,1.1690451944500122,36.3,34.18333333333333,34.05,1.2188792666489412,5.0,3.0,3.0,1.0954451150103321,4.0,3.0,3.0,1.0,2.0,2.0,2.0,0.0,32.9,32.9,32.9,0.0,3.0,3.0,3.0,0.0,3.0,3.0,3.0,0.0,3.0,2.0,2.0,0.9999999999999998,34.3,33.666666666666664,33.8,0.7094598884597497,3.0,2.6666666666666665,3.0,0.5773502691896258,4.0,3.0,3.0,1.0,4.0,2.2,2.0,1.3038404810405297,36.3,34.38,34.3,1.251798705862887,5.0,3.2,3.0,1.0954451150103321,4.0,3.0,3.0,1.0,0.0,False,0,0,1,148.9,0,1,0.11235955056179775,0.13232920925228617,0.08455882352941177,0.15,0.10037406483790523,0.12083847102342787,0.045454545454545456,0.11595466434176112,0.11734693877551021,0.10047846889952153,0.12018669778296383,0.0821256038647343,0.11517615176151762,0.15963855421686746,0.06666666666666667,0.19753086419753085,0.15894039735099338,0.1325910931174089,0.07524271844660194,0.12367724867724868,0.17525773195876287,0.17098445595854922,0.17136150234741784,0.13043478260869565,0.09259259259259259,0.10422535211267606,0.13008130081300814,0.057971014492753624,0.09090909090909091,0.08,0.1111111111111111
202508030911,2022107282,2025-10-26,9,184.8,3,0.0,57.0,0.0,0,1,0,70.0,3000,7.0,8,484.0,-6.0,0.13786300966281206,0,0,36.0,4.121883656509695,2,3,3,2,3.0,1.6666666666666667,1.5,0.816496580927726,36.4,35.06666666666667,34.95,0.80663911798689,17.0,6.833333333333333,5.5,5.7067211835402185,13.0,5.166666666666667,4.0,4.020779360604939,1.0,1.0,1.0,0.0,36.4,36.4,36.4,0.0,2.0,2.0,2.0,0.0,3.0,3.0,3.0,0.0,2.0,1.3333333333333333,1.0,0.5773502691896257,36.4,35.166666666666664,35.0,1.1590225767142486,9.0,4.333333333333333,2.0,4.0414518843273814,5.0,3.3333333333333335,3.0,1.5275252316519468,2.0,1.4,1.0,0.5477225575051661,36.4,35.18,35.0,0.8467585252006615,9.0,4.8,4.0,3.1144823004794877,5.0,3.6,3.0,1.3416407864998738,1.0,False,0,0,1,148.8,0,1,0.04672897196261683,0.11458333333333333,0.1187214611872146,0.0,0.10309278350515463,0.09153005464480875,0.25,0.10548780487804878,0.10555902560899438,0.10059171597633136,0.0641025641025641,0.1566265060240964,0.10507462686567164,0.1443932411674347,0.21428571428571427,0.14112903225806453,0.07407407407407407,0.10606060606060606,0.0842358604091456,0.15503875968992248,0.13656387665198239,0.09259259259259259,0.16097560975609757,0.1320754716981132,0.16666666666666666,0.11538461538461539,0.08620689655172414,0.09156626506024096,0.2054794520547945,0.1391509433962264,0.171875
202508030911,2022104685,2025-10-26,1,184.0,3,0.0,57.0,0.0,0,1,0,56.0,3000,-3.0,9,456.0,-12.0,-1.1488584138567672,0,0,35.0,4.245014245014245,15,14,8,4,2.0,1.25,1.0,0.5,34.0,33.4,33.349999999999994,0.4546060565661953,11.0,8.75,9.5,2.6299556396765835,12.0,12.0,12.0,2.9154759474226504,2.0,2.0,2.0,0.0,32.9,32.9,32.9,0.0,5.0,5.0,5.0,0.0,6.0,6.0,6.0,0.0,2.0,1.3333333333333333,1.0,0.5773502691896258,34.0,33.43333333333333,33.4,0.5507570547286098,10.0,8.0,9.0,2.6457513110645907,12.0,12.0,12.0,2.3094010767585025,2.0,1.25,1.0,0.5,34.0,33.4,33.349999999999994,0.4546060565661953,11.0,8.75,9.5,2.6299556396765835,12.0,12.0,12.0,2.701851217221259,-1.0,False,0,0,1,149.0,0,1,0.20833333333333334,0.254957507082153,0.31343283582089554,0.45454545454545453,0.24242424242424243,0.20089285714285715,0.3333333333333333,0.24926920010629816,0.24265208475734792,0.254320987654321,0.24120603015075376,0.2,0.25326939843068874,0.07559055118110236,0.0764872521246459,0.08333333333333333,0.038461538461538464,0.19753086419753085,0.2830687830687831,0.16804407713498623,0.06896551724137931,0.08146067415730338,0.09090909090909091,0.14285714285714285,0.0975609756097561,0.3225806451612903,0.057803468208092484,0.18055555555555555,0.03571428571428571,0.21405750798722045,0.08695652173913043
202508030911,2022101193,2025-10-26,18,190.8,3,0.0,57.0,0.0,0,1,0,41.0,3000,14.0,10,492.0,0.0,0.5054977020969775,1,0,42.0,3.5344418052256534,1,1,1,4,14.0,6.75,6.0,6.751543033509699,36.2,35.625,35.6,0.4573474244670776,3.0,1.5,1.0,1.0,6.0,2.25,1.0,2.5,11.0,11.0,11.0,0.0,36.2,36.2,36.2,0.0,1.0,1.0,1.0,0.0,1.0,1.0,1.0,0.0,14.0,8.666666666666666,11.0,6.806859285554047,36.2,35.666666666666664,35.7,0.5507570547286154,3.0,1.6666666666666667,1.0,1.1547005383792517,6.0,2.6666666666666665,1.0,2.8867513459481287,14.0,6.75,6.0,6.751543033509699,36.2,35.625,35.6,0.4573474244670776,3.0,1.5,1.0,1.0,6.0,2.25,1.0,2.5,0.0,False,0,0,1,148.8,0,1,0.01160092807424594,0.10726256983240223,0.09036144578313253,0.0,0.08967082860385925,0.10421286031042129,0.36363636363636365,0.0998756734355574,0.09959349593495935,0.0963855421686747,0.09369024856596558,0.06498194945848375,0.09802538787023977,0.1443932411674347,0.21428571428571427,0.14112903225806453,0.07407407407407407,0.10152284263959391,0.075,0.11310592459605028,0.13656387665198239,0.09259259259259259,0.16097560975609757,0.043478260869565216,0.16666666666666666,0.125,0.08620689655172414,0.11464968152866242,0.2054794520547945,0.12578616352201258,0.171875
202508030911,2022104902,2025-10-26,13,185.5,3,0.0,57.0,0.0,0,1,0,36.0,3000,10.0,11,464.0,-2.0,-0.7812237214226017,1,0,36.7,4.043478260869565,11,11,3,3,12.0,3.4,2.0,3.373096170846271,42.2,36.22,35.1,2.5363140359365763,10.0,4.4,3.5,3.1692971530679235,9.0,4.666666666666667,5.0,2.8284271247461903,1.0,1.0,1.0,0.0,34.1,34.1,34.1,0.0,1.0,1.0,1.0,0.0,1.0,1.0,1.0,0.0,5.0,2.3333333333333335,1.0,2.309401076758502,35.1,34.733333333333334,35.0,0.5507570547285414,8.0,5.333333333333333,7.0,3.785938897200183,5.0,3.0,3.0,2.828427124746191,5.0,2.0,1.0,1.7320508075688774,35.1,34.720000000000006,35.0,0.4816637831516193,8.0,5.2,6.0,2.7748873851023217,8.0,5.0,5.5,2.9439202887759492,0.0,False,0,0,1,148.8,0,1,0.09900990099009901,0.15449202350965574,0.14084507042253522,0.0,0.12363330529857022,0.1807044410413476,0.0,0.14657282741738067,0.1588921282798834,0.1317365269461078,0.172,0.17204301075268819,0.1379492600422833,0.10714285714285714,0.11538461538461539,0.0898876404494382,0.10196078431372549,0.1331923890063425,0.12,0.1391812865497076,0.10526315789473684,0.0990990990990991,0.09550561797752809,0.07692307692307693,0.11428571428571428,0.0,0.14084507042253522,0.16298342541436464,0.1375,0.1619047619047619,0.13953488372093023
202508030911,2022104736,2025-10-26,4,184.4,3,0.0,57.0,0.0,0,1,0,57.0,3000,-4.0,12,524.0,8.0,1.9760364718336396,0,0,35.2,4.2266288951841355,9,9,12,8,10.0,2.7142857142857144,1.0,3.3022358947782497,37.9,35.028571428571425,34.7,1.3313079855469023,8.0,4.428571428571429,4.0,2.370453040886408,7.0,3.4285714285714284,2.0,2.5071326821120348,1.0,1.0,1.0,0.0,34.8,34.8,34.8,0.0,3.0,3.0,3.0,0.0,1.0,1.0,1.0,0.0,3.0,1.6666666666666667,1.0,1.1547005383792517,35.2,34.666666666666664,34.8,0.6110100926607973,5.0,3.3333333333333335,3.0,1.5275252316519454,5.0,2.3333333333333335,1.0,2.309401076758503,10.0,3.2,1.0,3.8987177379235853,37.9,35.32000000000001,34.8,1.505656003209232,7.0,4.2,4.0,1.9235384061671346,6.0,3.0,2.0,2.345207879911715,0.0,False,0,0,1,149.2,0,1,0.09803921568627452,0.139375,0.10424710424710425,0.0,0.11648351648351649,0.1322314049586777,0.0,0.12701207243460766,0.13465447154471544,0.07881773399014778,0.14285714285714285,0.15948275862068967,0.12024048096192384,0.12779850746268656,0.15384615384615385,0.1497005988023952,0.11960132890365449,0.1375166889185581,0.09418282548476455,0.13137996219281664,0.12928759894459102,0.12352941176470589,0.12375249500998003,0.06060606060606061,0.16923076923076924,0.14215686274509803,0.12101910828025478,0.08771929824561403,0.06779661016949153,0.09375,0.09195402298850575
202508030911,2022105827,2025-10-26,10,185.1,3,0.0,57.0,0.0,0,0,1,29.0,3000,2.0,13,452.0,0.0,-1.33267576007385,1,0,35.9,4.144444444444444,11,12,8,8,6.0,2.888888888888889,3.0,1.536590742882148,38.0,35.97777777777778,35.9,1.1399317718374402,10.0,6.222222222222222,6.0,2.438123139721299,10.0,5.444444444444445,5.0,3.0046260628866577,1.0,1.0,1.0,0.0,34.5,34.5,34.5,0.0,10.0,10.0,10.0,0.0,10.0,10.0,10.0,0.0,6.0,2.6666666666666665,1.0,2.886751345948129,36.5,35.166666666666664,34.5,1.154700538379261,10.0,8.666666666666666,10.0,2.3094010767585034,10.0,7.666666666666667,9.0,3.21455025366432,6.0,3.0,3.0,2.1213203435596424,36.5,35.339999999999996,35.3,0.8763560920082605,10.0,7.2,7.0,2.949576240750525,10.0,5.6,4.0,3.646916505762094,1.0,False,0,0,1,149.2,0,1,0.004642525533890436,0.07517372078332281,0.0861244019138756,0.0,0.06831395348837209,0.08387799564270153,0.08333333333333333,0.07523739956172389,0.07988587731811697,0.021505376344086023,0.07516778523489932,0.07991803278688525,0.07028112449799197,0.08555033907146584,0.08163265306122448,0.07317073170731707,0.09170305676855896,0.07506053268765134,0.04861111111111111,0.07271095152603231,0.10837438423645321,0.10294117647058823,0.06852248394004283,0.1,0.03636363636363636,0.11666666666666667,0.07633587786259542,0.1032258064516129,0.12087912087912088,0.05371900826446281,0.08955223880597014
202508030911,2022104614,2025-10-26,3,184.4,3,0.0,57.0,0.0,0,0,1,119.0,3000,2.0,14,480.0,8.0,-0.04595433655427068,0,0,35.7,4.153631284916201,4,5,2,1,8.0,3.2857142857142856,3.0,2.4299715851758235,35.7,35.114285714285714,35.3,0.45981362684089105,12.0,5.428571428571429,3.0,3.9520940802374147,11.0,4.857142857142857,5.0,3.338091841585121,1.0,1.0,1.0,0.0,34.8,34.8,34.8,0.0,7.0,7.0,7.0,0.0,7.0,7.0,7.0,0.0,2.0,1.3333333333333333,1.0,0.5773502691896258,35.5,35.03333333333333,34.8,0.4041451884327556,7.0,3.6666666666666665,2.0,2.8867513459481287,7.0,3.6666666666666665,2.0,2.8867513459481287,4.0,2.2,2.0,1.3038404810405297,35.7,35.22,35.3,0.40865633483405667,7.0,3.4,3.0,2.073644135332771,7.0,3.6,2.0,2.3021728866442674,1.0,False,0,0,1,148.7,0,1,0.011961722488038277,0.06370192307692307,0.04964539007092199,0.3333333333333333,0.06619718309859154,0.0660377358490566,0.12121212121212122,0.06536238328145842,0.054945054945054944,0.09395973154362416,0.07272727272727272,0.04594594594594595,0.07242798353909465,0.08218232044198895,0.11627906976744186,0.091324200913242,0.05701754385964912,0.06753246753246753,0.028409090909090908,0.04590163934426229,0.07220216606498195,0.06382978723404255,0.09792284866468842,0.08414239482200647,0.08860759493670886,0.08409090909090909,0.1276595744680851,0.0,0.0392156862745098,0.0,0.0547945205479452
202508030911,2022105099,2025-10-26,2,184.3,3,0.0,57.0,0.0,0,0,1,35.0,3000,-6.0,15,508.0,-2.0,1.2407670869653085,0,0,35.2,4.223796033994334,17,17,12,8,11.0,3.3333333333333335,1.0,4.0824829046386295,34.9,33.75,33.8,0.9137833441248546,14.0,7.0,6.0,4.049691346263317,14.0,7.4,7.0,4.722287581247038,1.0,1.0,1.0,0.0,32.3,32.3,32.3,0.0,7.0,7.0,7.0,0.0,7.0,7.0,7.0,0.0,11.0,5.666666666666667,5.0,5.033222956847165,34.9,33.53333333333333,33.4,1.3051181300301227,14.0,10.0,9.0,3.605551275463989,14.0,10.333333333333334,10.0,3.5118845842842457,11.0,3.8,1.0,4.381780460041329,34.9,33.64,33.4,0.9762171889492647,14.0,7.4,7.0,4.39317652729776,14.0,7.4,7.0,4.722287581247038,0.0,False,0,0,1,149.1,0,1,0.18867924528301888,0.27786377708978327,0.3153846153846154,0.06666666666666667,0.265869365225391,0.2719298245614035,0.2857142857142857,0.27505827505827507,0.2768839966130398,0.24242424242424243,0.2759295499021526,0.31063829787234043,0.2738292011019284,0.18688293370944992,0.13513513513513514,0.15458937198067632,0.19480519480519481,0.28703703703703703,0.20833333333333334,0.28705882352941176,0.22592592592592592,0.176056338028169,0.18888888888888888,0.07916666666666666,0.11538461538461539,0.2848101265822785,0.1827956989247312,0.0,0.26666666666666666,0.34,0.14893617021276595
202508030911,2022103406,2025-10-26,17,188.3,3,0.0,57.0,0.0,0,0,1,71.0,3000,4.0,16,470.0,-8.0,-0.5054977020969775,0,0,39.2,3.793893129770992,7,6,8,13,10.0,5.5,6.0,3.8340579025361627,37.5,36.2,35.900000000000006,0.9186947262284665,13.0,9.5,10.5,3.271085446759225,11.0,6.666666666666667,6.5,3.7237973450050514,1.0,1.0,1.0,0.0,35.1,35.1,35.1,0.0,5.0,5.0,5.0,0.0,3.0,3.0,3.0,0.0,6.0,2.6666666666666665,1.0,2.8867513459481304,36.1,35.63333333333333,35.7,0.5033222956846964,11.0,7.333333333333333,6.0,3.214550253664318,9.0,5.333333333333333,4.0,3.214550253664319,9.0,4.6,6.0,3.5071355833500366,37.5,36.02,35.7,0.9011104260855024,12.0,8.8,10.0,3.1144823004794877,10.0,5.8,4.0,3.420526275297414,-1.0,False,0,0,1,149.1,0,1,0.00555247084952804,0.0980952380952381,0.06896551724137931,0.1111111111111111,0.08045977011494253,0.07880910683012259,0.0,0.08592057761732852,0.08865248226950355,0.1085972850678733,0.075,0.0967741935483871,0.08364174685418209,0.09604957397366383,0.08967391304347826,0.06666666666666667,0.0784313725490196,0.07962529274004684,0.06624605678233439,0.106353591160221,0.07407407407407407,0.12672176308539945,0.0,0.17391304347826086,0.07194244604316546,0.04975124378109453,0.052941176470588235,0.08,0.13513513513513514,0.07894736842105263,0.16901408450704225
202508030911,2022103310,2025-10-26,15,186.3,3,0.0,57.0,0.0,0,0,1,36.0,3000,-1.0,17,484.0,8.0,0.13786300966281206,0,0,36.9,4.037837837837838,11,14,16,16,8.0,3.9,3.0,2.6853512081497106,38.4,35.78,35.65,1.2200182148002718,10.0,3.7,3.0,2.9832867780352594,9.0,2.888888888888889,2.0,2.5221243250702594,1.0,1.0,1.0,0.0,34.7,34.7,34.7,0.0,4.0,4.0,4.0,0.0,3.0,3.0,3.0,0.0,7.0,3.0,1.0,3.4641016151377544,35.0,34.63333333333333,34.7,0.4041451884327146,4.0,3.3333333333333335,3.0,0.5773502691896243,4.0,3.3333333333333335,3.0,0.5773502691896258,7.0,3.6,2.0,3.1304951684997055,38.4,35.739999999999995,35.0,1.69646691685986,4.0,2.6,3.0,1.1401754250991385,4.0,2.6,3.0,1.1401754250991387,3.0,False,0,0,1,149.4,0,1,0.003757985719654265,0.03272727272727273,0.02,0.0,0.022950819672131147,0.0199501246882793,0.05405405405405406,0.026244343891402715,0.016701461377870562,0.017191977077363897,0.0,0.0,0.030797101449275364,0.10653104925053533,0.09057971014492754,0.09375,0.06896551724137931,0.0,0.02666666666666667,0.0,0.024390243902439025,0.13277310924369748,0.01818181818181818,0.03977272727272727,0.13836477987421383,0.03137254901960784,0.08745247148288973,0.1,0.15384615384615385,0.0,0.1038961038961039
202508030911,2022105466,2025-10-26,5,184.5,3,0.0,57.0,0.0,0,0,1,41.0,3000,1.0,18,482.0,-4.0,0.04595433655427068,0,0,35.5,4.185393258426966,7,6,6,4,4.0,2.4,3.0,1.3416407864998738,34.7,34.12,34.0,0.46583258795408744,12.0,6.8,7.0,3.8987177379235853,9.0,4.25,3.0,3.2015621187164243,3.0,3.0,3.0,0.0,34.7,34.7,34.7,0.0,3.0,3.0,3.0,0.0,3.0,3.0,3.0,0.0,4.0,2.6666666666666665,3.0,1.5275252316519468,34.7,34.166666666666664,34.0,0.47258156262526635,12.0,6.0,3.0,5.196152422706632,9.0,5.0,3.0,3.4641016151377544,4.0,2.4,3.0,1.3416407864998738,34.7,34.12,34.0,0.46583258795408744,12.0,6.8,7.0,3.8987177379235853,9.0,4.25,3.0,3.2015621187164243,-1.0,False,0,0,1,149.0,0,1,0.05434782608695653,0.08292682926829269,0.12837837837837837,0.0,0.08771929824561403,0.08974358974358974,0.10344827586206896,0.08935663224781573,0.08056478405315615,0.0737527114967462,0.08695652173913043,0.0945945945945946,0.09727626459143969,0.09664153529814942,0.10913705583756345,0.0,0.125,0.09375,0.051470588235294115,0.14285714285714285,0.03125,0.08571428571428572,0.15384615384615385,0.07916666666666666,0.09774436090225563,0.10084033613445378,0.06790123456790123,0.12427745664739884,0.18032786885245902,0.09269662921348315,0.15853658536585366
202508030912,2020105156,2025-10-26,13,84.4,5,0.834363306470125,52.0,-1.4437021275998791,1,0,0,134.0,1400,0.0,1,480.0,18.0,-0.5930983392286959,1,0,37.1,1.2715053763440858,14,15,6,6,16.0,8.0,7.5,4.807401700618652,38.0,36.16,36.15,1.1027239001672218,15.0,11.3,10.5,2.750757471437035,9.0,6.0,5.5,2.9154759474226504,14.0,14.0,14.0,0.0,36.9,36.9,36.9,0.0,10.0,10.0,10.0,0.0,6.0,6.0,6.0,0.0,16.0,11.333333333333334,14.0,6.429100507328636,36.9,36.4,36.3,0.4582575694955961,15.0,11.0,10.0,3.6055512754639896,8.0,6.0,6.0,2.3094010767585025,16.0,9.4,8.0,5.366563145999495,36.9,35.86,36.0,1.0502380682493064,15.0,11.2,10.0,3.5637059362410923,9.0,6.0,6.0,2.701851217221259,1.0,False,0,1,0,47.3,1,0,0.006868131868131868,0.037111334002006016,0.02586206896551724,0.0625,0.039473684210526314,0.05546492659053834,0.0,0.04165103189493433,0.04251144538914323,0.024390243902439025,0.035523978685612786,0.03939393939393939,0.04088888888888889,0.09865470852017937,0.05555555555555555,0.057777777777777775,0.05405405405405406,0.043859649122807015,0.06451612903225806,0.04162330905306972,0.0967741935483871,0.078125,0.12680115273775217,0.08333333333333333,0.045454545454545456,0.04938271604938271,0.21,0.0,0.06382978723404255,0.0,0.14583333333333334
202508030912,2020102687,2025-10-26,8,83.7,5,0.834363306470125,55.0,0.5362322188228122,1,0,0,155.0,1400,0.0,2,526.0,2.0,1.3384077566665262,1,0,36.5,1.289617486338798,13,11,6,6,13.0,6.6,6.5,3.8064273129653867,42.4,37.980000000000004,37.5,1.8084984563628084,9.0,6.6,6.5,2.319003617456812,10.0,6.8,8.0,3.1144823004794877,13.0,13.0,13.0,0.0,36.0,36.0,36.0,0.0,4.0,4.0,4.0,0.0,6.0,6.0,6.0,0.0,13.0,8.0,7.0,4.58257569495584,37.7,36.699999999999996,36.4,0.8888194417315639,9.0,7.333333333333333,9.0,2.8867513459481287,8.0,6.0,6.0,2.3094010767585025,13.0,6.2,4.0,4.08656334834051,37.7,36.9,37.1,0.689202437604552,9.0,7.4,8.0,2.073644135332772,9.0,6.0,6.0,2.701851217221259,-2.0,False,0,0,1,47.2,1,0,0.007173601147776184,0.07517372078332281,0.0861244019138756,0.0,0.06831395348837209,0.08387799564270153,0.08333333333333333,0.07523739956172389,0.07988587731811697,0.021505376344086023,0.07516778523489932,0.07991803278688525,0.07028112449799197,0.11188118811881188,0.18421052631578946,0.09815950920245399,0.09565217391304348,0.07506053268765134,0.04861111111111111,0.07271095152603231,0.10191082802547771,0.047619047619047616,0.13076923076923078,0.1,0.20930232558139536,0.11666666666666667,0.12345679012345678,0.1032258064516129,0.02857142857142857,0.05371900826446281,0.10909090909090909
202508030912,2022106609,2025-10-26,6,83.4,3,-0.9456117473328083,53.0,-0.7837240121256487,1,0,0,85.0,1400,0.0,3,468.0,-4.0,-1.0969694946796233,0,0,36.5,1.2814207650273224,11,11,6,6,5.0,3.0,3.0,2.309401076758503,37.5,37.2,37.25,0.31622776601683816,10.0,6.0,5.5,3.1622776601683795,5.0,5.0,5.0,2.9154759474226504,5.0,5.0,5.0,0.0,37.5,37.5,37.5,0.0,7.0,7.0,7.0,0.0,5.0,5.0,5.0,0.0,5.0,3.6666666666666665,5.0,2.3094010767585034,37.5,37.13333333333333,37.1,0.3511884584284273,10.0,6.666666666666667,7.0,3.511884584284247,5.0,5.0,5.0,2.3094010767585025,5.0,3.0,3.0,2.309401076758503,37.5,37.2,37.25,0.31622776601683816,10.0,6.0,5.5,3.1622776601683795,5.0,5.0,5.0,2.701851217221259,0.0,False,0,1,0,46.9,1,0,0.09615384615384615,0.15449202350965574,0.14084507042253522,0.0,0.12363330529857022,0.1807044410413476,0.0,0.14657282741738067,0.1588921282798834,0.1317365269461078,0.172,0.17204301075268819,0.1379492600422833,0.06866666666666667,0.08928571428571429,0.08695652173913043,0.07804878048780488,0.1331923890063425,0.12,0.1391812865497076,0.048582995951417005,0.06666666666666667,0.059770114942528735,0.07692307692307693,0.0,0.0,0.08,0.16298342541436464,0.15217391304347827,0.1619047619047619,0.04081632653061224
202508030912,2022110106,2025-10-26,7,83.5,3,-0.9456117473328083,55.0,0.5362322188228122,1,0,0,91.0,1400,0.0,4,514.0,2.0,0.8345366012155987,0,0,37.0,1.2533692722371967,5,5,6,6,3.0,1.6666666666666667,1.0,1.1547005383792517,37.5,36.36666666666667,37.3,1.7925772879665007,5.0,2.6666666666666665,2.0,2.0816659994661326,9.0,6.0,5.5,2.9154759474226504,1.0,1.0,1.0,0.0,37.3,37.3,37.3,0.0,1.0,1.0,1.0,0.0,6.0,6.0,6.0,0.0,3.0,1.6666666666666667,1.0,1.1547005383792517,37.5,36.36666666666667,37.3,1.7925772879665007,5.0,2.6666666666666665,2.0,2.0816659994661326,8.0,6.0,6.0,2.3094010767585025,3.0,1.6666666666666667,1.0,1.1547005383792517,37.5,36.36666666666667,37.3,1.7925772879665007,5.0,2.6666666666666665,2.0,2.0816659994661326,9.0,6.0,6.0,2.701851217221259,0.0,False,0,0,1,46.5,1,0,0.17543859649122806,0.139375,0.10424710424710425,0.0,0.11648351648351649,0.1322314049586777,0.0,0.12701207243460766,0.13465447154471544,0.07881773399014778,0.14285714285714285,0.15948275862068967,0.12024048096192384,0.11342465753424658,0.1506849315068493,0.12556053811659193,0.08333333333333333,0.1375166889185581,0.09418282548476455,0.13137996219281664,0.16666666666666666,0.054187192118226604,0.10776942355889724,0.06060606060606061,0.13636363636363635,0.14215686274509803,0.11805555555555555,0.08771929824561403,0.0392156862745098,0.09375,0.07228915662650602
202508030912,2020102993,2025-10-26,10,83.9,5,0.834363306470125,53.0,-0.7837240121256487,1,0,0,21.0,1400,0.0,5,528.0,6.0,1.422386282575014,1,0,36.4,1.3013698630136987,16,16,6,6,15.0,7.9,5.5,5.6656861896861175,38.5,37.23,37.15,0.7439384681843312,12.0,8.6,8.0,2.4585451886114367,9.0,6.0,5.5,2.9154759474226504,14.0,14.0,14.0,0.0,37.4,37.4,37.4,0.0,11.0,11.0,11.0,0.0,6.0,6.0,6.0,0.0,15.0,14.0,14.0,1.000000000000004,38.5,37.199999999999996,37.4,1.4106735979665987,12.0,11.333333333333334,11.0,0.5773502691896362,8.0,6.0,6.0,2.3094010767585025,15.0,12.4,14.0,4.219004621945797,38.5,37.339999999999996,37.4,1.0310189135025638,12.0,9.6,11.0,2.4083189157584584,9.0,6.0,6.0,2.701851217221259,0.0,False,0,0,1,47.5,1,0,0.0030931023816888337,0.06560088202866593,0.06722689075630252,0.10526315789473684,0.04736129905277402,0.05149700598802395,0.0,0.05690871841566128,0.055025996533795495,0.06382978723404255,0.06954436450839328,0.05934065934065934,0.059248554913294796,0.047957371225577264,0.0,0.061488673139158574,0.03255813953488372,0.04372842347525892,0.04265402843601896,0.056818181818181816,0.049707602339181284,0.0,0.045454545454545456,0.1111111111111111,0.09836065573770492,0.059602649006622516,0.032,0.05405405405405406,0.06060606060606061,0.07692307692307693,0.034482758620689655
202508030912,2022104120,2025-10-26,4,83.3,3,-0.9456117473328083,56.0,1.1962103342970427,1,0,0,21.0,1400,0.0,6,514.0,6.0,0.8345366012155987,0,0,36.3,1.2912087912087913,11,11,6,6,11.0,4.625,3.5,3.662064211031025,38.7,36.8125,36.45,1.410610303581903,10.0,5.75,5.0,2.49284690951645,10.0,10.0,10.0,2.9154759474226504,4.0,4.0,4.0,0.0,36.0,36.0,36.0,0.0,9.0,9.0,9.0,0.0,6.0,6.0,6.0,0.0,4.0,3.0,3.0,1.0000000000000049,36.7,36.300000000000004,36.2,0.36055512754643465,10.0,8.333333333333334,9.0,2.081665999466132,8.0,6.0,6.0,2.3094010767585025,11.0,5.6,4.0,3.7815340802378077,38.5,36.44,36.2,1.3464768843169872,10.0,7.0,6.0,2.345207879911715,10.0,10.0,10.0,2.701851217221259,0.0,False,0,0,1,47.0,1,0,0.10526315789473684,0.03590425531914894,0.021739130434782608,0.0,0.03896103896103896,0.05328798185941043,0.07317073170731707,0.043089430894308944,0.05018450184501845,0.01529051987767584,0.023529411764705882,0.05,0.03289473684210526,0.05927230046948357,0.06818181818181818,0.07048458149779736,0.056338028169014086,0.029154518950437316,0.0,0.027777777777777776,0.03536977491961415,0.10891089108910891,0.05084745762711865,0.05818181818181818,0.07017543859649122,0.05733944954128441,0.06289308176100629,0.04060913705583756,0.017543859649122806,0.07723577235772358,0.1568627450980392
202508030912,2018104534,2025-10-26,11,84.0,7,2.614338360273058,53.0,-0.7837240121256487,0,1,0,21.0,1400,0.0,7,476.0,0.0,-0.7610553910456718,1,0,37.3,1.2486631016042782,9,8,6,6,14.0,8.8,8.5,3.2249030993194223,36.1,34.75,34.349999999999994,0.7961713941664115,12.0,8.1,9.0,3.178049716414141,9.0,6.0,5.5,2.9154759474226504,14.0,14.0,14.0,0.0,36.1,36.1,36.1,0.0,9.0,9.0,9.0,0.0,6.0,6.0,6.0,0.0,14.0,10.666666666666666,10.0,3.0550504633038957,36.1,35.800000000000004,35.8,0.3000000000000379,9.0,5.0,3.0,3.4641016151377553,8.0,6.0,6.0,2.3094010767585025,14.0,10.4,10.0,3.0495901363953815,36.1,35.099999999999994,35.5,0.997496867163007,12.0,7.2,9.0,4.024922359499621,9.0,6.0,6.0,2.701851217221259,-1.0,False,1,0,0,46.7,1,0,0.011223344556677891,0.1643002028397566,0.1267123287671233,0.125,0.15247524752475247,0.15343915343915343,0.06666666666666667,0.15441176470588236,0.15803667745415317,0.1606456571867794,0.05333333333333334,0.06313131313131314,0.15255009107468123,0.05530546623794212,0.0784313725490196,0.033582089552238806,0.0779816513761468,0.11627906976744186,0.14641744548286603,0.11627906976744186,0.056179775280898875,0.05555555555555555,0.043037974683544304,0.2022792022792023,0.11594202898550725,0.17364016736401675,0.05084745762711865,0.15384615384615385,0.04918032786885246,0.023809523809523808,0.06944444444444445
202508030912,2021106105,2025-10-26,15,86.1,4,-0.055624220431341666,55.0,0.5362322188228122,0,1,0,21.0,1400,0.0,8,486.0,-8.0,-0.34116276150323216,1,0,39.7,1.1658291457286432,5,8,6,6,13.0,5.2,3.5,4.237399621885522,41.5,38.45,38.0,1.5240661986205748,7.0,2.6,2.0,1.9550504398153574,9.0,4.0,2.0,4.358898943540674,5.0,5.0,5.0,0.0,37.7,37.7,37.7,0.0,2.0,2.0,2.0,0.0,6.0,6.0,6.0,0.0,5.0,2.6666666666666665,2.0,2.0816659994661335,37.9,37.199999999999996,37.7,1.0440306508910258,2.0,1.3333333333333333,1.0,0.5773502691896237,1.0,1.0,1.0,2.3094010767585025,11.0,4.2,2.0,4.086563348340509,39.5,37.82,37.9,1.2437845472588882,4.0,2.0,2.0,1.2247448713915892,1.0,1.0,1.0,2.701851217221259,3.0,False,0,0,1,46.4,1,0,0.0398406374501992,0.10726256983240223,0.09036144578313253,0.0,0.08967082860385925,0.10421286031042129,0.36363636363636365,0.0998756734355574,0.09959349593495935,0.0963855421686747,0.09369024856596558,0.06498194945848375,0.09802538787023977,0.0689419795221843,0.08571428571428572,0.09352517985611511,0.07017543859649122,0.10152284263959391,0.075,0.11310592459605028,0.051118210862619806,0.06521739130434782,0.057971014492753624,0.043478260869565216,0.0625,0.125,0.05747126436781609,0.11464968152866242,0.12903225806451613,0.12578616352201258,0.11904761904761904
202508030912,2021103287,2025-10-26,3,83.3,4,-0.055624220431341666,56.0,1.1962103342970427,0,1,0,35.0,1400,0.0,9,514.0,0.0,0.8345366012155987,0,0,36.4,1.284931506849315,10,10,6,6,11.0,3.75,1.5,4.856267428111155,38.4,37.35,37.25,0.9036961141150593,11.0,7.75,8.0,2.9860788111948193,9.0,6.0,5.5,2.9154759474226504,11.0,11.0,11.0,0.0,36.7,36.7,36.7,0.0,11.0,11.0,11.0,0.0,6.0,6.0,6.0,0.0,11.0,4.333333333333333,1.0,5.773502691896258,37.8,37.0,36.7,0.6999999999999893,11.0,9.0,9.0,1.9999999999999998,8.0,6.0,6.0,2.3094010767585025,11.0,3.75,1.5,4.856267428111155,38.4,37.35,37.25,0.9036961141150593,11.0,7.75,8.0,2.9860788111948193,9.0,6.0,6.0,2.701851217221259,0.0,False,0,0,1,46.9,1,0,0.03355704697986577,0.10672703751617077,0.09009009009009009,0.2,0.07729468599033816,0.0861504907306434,0.038461538461538464,0.09159727479182438,0.079002079002079,0.0784313725490196,0.08130081300813008,0.10249671484888305,0.10432190760059612,0.18688293370944992,0.13513513513513514,0.15458937198067632,0.19480519480519481,0.1125158027812895,0.0390625,0.05898876404494382,0.22592592592592592,0.176056338028169,0.18888888888888888,0.1288135593220339,0.11538461538461539,0.0997624703087886,0.1827956989247312,0.11904761904761904,0.26666666666666666,0.044444444444444446,0.14893617021276595
202508030912,2022102966,2025-10-26,12,84.0,3,-0.9456117473328083,54.0,-0.12374589665141822,0,1,0,22.0,1400,0.0,10,530.0,-8.0,1.506364808483502,0,0,37.7,1.2248677248677247,3,3,6,6,12.0,5.1,3.5,4.012480529547776,41.2,38.760000000000005,38.75,1.5123197780598898,4.0,2.6,2.5,0.9660917830792959,7.0,3.75,3.0,1.9820624179302297,1.0,1.0,1.0,0.0,37.2,37.2,37.2,0.0,2.0,2.0,2.0,0.0,6.0,6.0,6.0,0.0,12.0,6.333333333333333,6.0,5.507570547286102,41.2,39.1,38.9,2.0074859899884787,2.0,1.6666666666666667,2.0,0.5773502691896308,6.0,4.0,4.0,2.82842712474619,12.0,6.6,6.0,4.827007354458868,41.2,38.54,38.7,1.7615334229017665,4.0,2.2,2.0,1.0954451150103324,7.0,4.25,4.0,2.6299556396765835,0.0,False,0,0,1,46.3,1,0,0.06711409395973154,0.05405405405405406,0.05747126436781609,0.0,0.05083260297984225,0.07703081232492998,0.0,0.05775627456909586,0.061529271206690564,0.0,0.05648854961832061,0.0763888888888889,0.054087277197295634,0.12779850746268656,0.15384615384615385,0.1497005988023952,0.11960132890365449,0.062409288824383166,0.0392156862745098,0.04863481228668942,0.12928759894459102,0.12352941176470589,0.12375249500998003,0.13043478260869565,0.16923076923076924,0.05263157894736842,0.12101910828025478,0.0,0.06779661016949153,0.0,0.09195402298850575
202508030912,2021109027,2025-10-26,5,83.3,4,-0.055624220431341666,53.0,-0.7837240121256487,0,1,0,36.0,1400,0.0,11,462.0,-6.0,-1.348905072405087,1,0,37.1,1.2419354838709677,2,2,6,6,12.0,5.3,4.0,3.5605867181937554,40.5,38.92,38.55,0.9670114327716763,12.0,3.6,3.0,3.0983866769659336,6.0,3.2,3.0,1.619327706865482,12.0,12.0,12.0,0.0,39.9,39.9,39.9,0.0,3.0,3.0,3.0,0.0,5.0,5.0,5.0,0.0,12.0,9.0,11.0,4.358898943540674,40.0,39.766666666666666,39.9,0.3214550253665748,4.0,3.6666666666666665,4.0,0.5773502691896287,6.0,4.333333333333333,5.0,2.081665999466133,12.0,7.8,6.0,3.492849839314596,40.5,39.64,39.9,0.7956129712366621,12.0,5.2,4.0,3.8340579025361627,6.0,4.2,5.0,1.6431676725154987,0.0,False,0,1,0,46.2,1,0,0.01953125,0.04011461318051576,0.03333333333333333,0.0,0.05817174515235457,0.03508771929824561,0.0,0.044444444444444446,0.0499219968798752,0.0,0.04790419161676647,0.05660377358490566,0.036458333333333336,0.052664576802507836,0.0,0.039301310043668124,0.08,0.052845528455284556,0.038461538461538464,0.032490974729241874,0.045454545454545456,0.037037037037037035,0.04449152542372881,0.07692307692307693,0.1724137931034483,0.018867924528301886,0.06611570247933884,0.057971014492753624,0.0784313725490196,0.14285714285714285,0.0425531914893617
202508030912,2021110153,2025-10-26,14,84.6,4,-0.055624220431341666,55.0,0.5362322188228122,0,1,0,162.0,1400,0.0,12,488.0,-6.0,-0.25718423559474424,1,0,38.5,1.194300518134715,1,1,6,6,16.0,6.5,5.5,4.478342947514801,39.4,37.64,37.6,1.216735157889523,10.0,3.4,1.5,3.438345855527367,1.0,1.0,1.0,2.9154759474226504,5.0,5.0,5.0,0.0,39.2,39.2,39.2,0.0,1.0,1.0,1.0,0.0,1.0,1.0,1.0,0.0,5.0,3.6666666666666665,3.0,1.1547005383792548,39.2,37.96666666666667,38.1,1.3051181300301238,1.0,1.0,1.0,0.0,1.0,1.0,1.0,2.3094010767585025,5.0,3.2,3.0,1.4832396974191302,39.2,37.62,38.1,1.3405222862750097,1.0,1.0,1.0,0.0,1.0,1.0,1.0,2.701851217221259,0.0,False,0,0,1,46.1,1,0,0.04032258064516129,0.13232920925228617,0.08455882352941177,0.15,0.10037406483790523,0.12083847102342787,0.045454545454545456,0.11595466434176112,0.11734693877551021,0.10047846889952153,0.12018669778296383,0.0821256038647343,0.11517615176151762,0.10304449648711944,0.1590909090909091,0.11979166666666667,0.10588235294117647,0.1325910931174089,0.07524271844660194,0.12367724867724868,0.10714285714285714,0.058823529411764705,0.11178247734138973,0.13043478260869565,0.08620689655172414,0.10422535211267606,0.11764705882352941,0.057971014492753624,0.04,0.08,0.03076923076923077
202508030912,2022100204,2025-10-26,1,82.8,3,-0.9456117473328083,56.0,1.1962103342970427,0,0,1,21.0,1400,0.0,13,478.0,2.0,-0.6770768651371838,0,0,36.3,1.2774725274725276,5,5,6,6,4.0,2.0,2.0,1.224744871391589,38.4,36.660000000000004,36.6,1.0830512453249834,6.0,4.2,4.0,1.0954451150103321,9.0,6.0,5.5,2.9154759474226504,2.0,2.0,2.0,0.0,36.1,36.1,36.1,0.0,6.0,6.0,6.0,0.0,6.0,6.0,6.0,0.0,2.0,1.6666666666666667,2.0,0.5773502691896261,36.7,36.46666666666667,36.6,0.3214550253664263,6.0,4.666666666666667,4.0,1.1547005383792515,8.0,6.0,6.0,2.3094010767585025,4.0,2.0,2.0,1.224744871391589,38.4,36.660000000000004,36.6,1.0830512453249834,6.0,4.2,4.0,1.0954451150103321,9.0,6.0,6.0,2.701851217221259,0.0,False,0,0,1,46.5,1,0,0.2857142857142857,0.10843373493975904,0.11518324607329843,0.05555555555555555,0.08229166666666667,0.095703125,0.0,0.0962278675904542,0.08933454876937101,0.08849557522123894,0.1083844580777096,0.0,0.10153640614562458,0.06584093872229466,0.034482758620689655,0.05314009661835749,0.045,0.0968586387434555,0.10738255033557047,0.07333333333333333,0.045454545454545456,0.06944444444444445,0.0731070496083551,0.1111111111111111,0.05970149253731343,0.10256410256410256,0.11363636363636363,0.10774410774410774,0.12698412698412698,0.11849710982658959,0.07368421052631578
202508030912,2021100639,2025-10-26,9,83.9,4,-0.055624220431341666,55.0,0.5362322188228122,0,0,1,217.0,1400,0.0,14,500.0,18.0,0.24668691985618327,0,0,36.5,1.2950819672131146,14,11,6,6,8.0,4.1,4.5,2.514402955419481,38.9,37.760000000000005,37.8,0.8682037651253182,12.0,6.4,6.0,3.169297153067923,9.0,6.0,5.5,2.9154759474226504,7.0,7.0,7.0,0.0,37.4,37.4,37.4,0.0,12.0,12.0,12.0,0.0,6.0,6.0,6.0,0.0,8.0,7.0,7.0,1.0,37.9,37.1,37.4,0.9848857801796276,12.0,9.0,10.0,3.6055512754639896,8.0,6.0,6.0,2.3094010767585025,8.0,4.6,6.0,3.361547262794322,38.6,37.5,37.6,0.9539392014169475,12.0,6.8,5.0,3.96232255123179,9.0,6.0,6.0,2.701851217221259,-3.0,False,1,0,0,47.4,1,0,0.005455537370430987,0.06060606060606061,0.04,0.0,0.06382978723404255,0.07692307692307693,0.0,0.06427990235964198,0.0659025787965616,0.0,0.056962025316455694,0.05511811023622047,0.062264150943396226,0.1151219512195122,0.05263157894736842,0.12121212121212122,0.1271186440677966,0.07142857142857142,0.0,0.07457627118644068,0.1,0.0,0.12260536398467432,0.07916666666666666,0.07142857142857142,0.06896551724137931,0.06976744186046512,0.057971014492753624,0.1917808219178082,0.04897959183673469,0.14634146341463414
202508030912,2022103630,2025-10-26,2,83.0,3,-0.9456117473328083,55.0,0.5362322188228122,0,0,1,14.0,1400,0.0,15,480.0,-8.0,-0.5930983392286959,0,0,36.4,1.2767123287671234,8,5,6,6,9.0,3.75,3.0,2.7645717829090892,41.0,37.4875,36.75,2.276863444051302,8.0,6.0,6.5,2.203892660077359,7.0,4.5,4.5,3.5355339059327378,3.0,3.0,3.0,0.0,35.0,35.0,35.0,0.0,7.0,7.0,7.0,0.0,6.0,6.0,6.0,0.0,3.0,1.6666666666666667,1.0,1.1547005383792517,36.6,35.800000000000004,35.8,0.799999999999999,8.0,6.333333333333333,7.0,2.081665999466133,8.0,6.0,6.0,2.3094010767585025,6.0,2.8,3.0,2.04939015319192,37.3,36.32000000000001,36.6,0.9203260291874695,8.0,6.6,7.0,1.6733200530681511,9.0,6.0,6.0,2.701851217221259,-3.0,False,0,0,1,46.6,1,0,0.14705882352941177,0.08357348703170028,0.05357142857142857,0.0,0.08142493638676845,0.14285714285714285,0.0,0.09559512652296158,0.10973451327433628,0.05084745762711865,0.07258064516129033,0.1375,0.08048289738430583,0.06701940035273368,0.08695652173913043,0.04843304843304843,0.08021390374331551,0.11392405063291139,0.06666666666666667,0.07239819004524888,0.05337078651685393,0.0,0.07001795332136446,0.1282051282051282,0.15384615384615385,0.11428571428571428,0.08,0.12857142857142856,0.1267605633802817,0.07228915662650602,0.08771929824561403
202508030912,2020103701,2025-10-26,16,86.4,5,0.834363306470125,51.0,-2.1036802430741095,0,0,1,71.0,1400,0.0,16,462.0,2.0,-1.348905072405087,1,0,40.1,1.1517412935323381,3,3,6,6,16.0,9.8,11.0,5.028805910838962,38.9,36.14,35.75,1.8898559615895487,14.0,8.4,8.5,3.864367132317183,9.0,6.0,5.5,2.9154759474226504,12.0,12.0,12.0,0.0,33.7,33.7,33.7,0.0,10.0,10.0,10.0,0.0,6.0,6.0,6.0,0.0,14.0,10.666666666666666,12.0,4.163331998932265,38.9,36.03333333333334,35.5,2.6407069760451134,10.0,5.333333333333333,4.0,4.1633319989322635,8.0,6.0,6.0,2.3094010767585025,14.0,10.2,10.0,3.033150177620619,38.9,36.980000000000004,38.1,2.2829805080201706,10.0,6.4,8.0,3.2863353450309947,9.0,6.0,6.0,2.701851217221259,0.0,False,0,1,0,46.3,1,0,0.0036049026676279743,0.044444444444444446,0.07142857142857142,0.0,0.028169014084507043,0.06818181818181818,0.05263157894736842,0.045662100456621,0.056,0.05084745762711865,0.08333333333333333,0.07142857142857142,0.031914893617021274,0.027777777777777776,0.0625,0.06060606060606061,0.06369426751592357,0.034482758620689655,0.04265402843601896,0.02197802197802198,0.5,0.0,0.0625,0.07916666666666666,0.0,0.16666666666666666,0.0,0.057971014492753624,0.0,0.04897959183673469,0.0
